global_step,epoch,batch,samples_seen,batch_size,train_loss,state_loss,control_loss,lr,elapsed_sec
1,1,1,128,128,6.317112922668457,6.317112922668457,1.1637619733810425,0.001,0.01961350440979004
2,1,2,256,128,6.577177047729492,6.577177047729492,0.7793876528739929,0.001,0.0379335880279541
3,1,3,384,128,5.798608303070068,5.798608303070068,1.056496024131775,0.001,0.055863142013549805
4,1,4,512,128,5.965047359466553,5.965047359466553,1.0594372749328613,0.001,0.07364821434020996
5,1,5,640,128,6.360673904418945,6.360673904418945,1.127059817314148,0.001,0.09193754196166992
6,1,6,768,128,5.912147521972656,5.912147521972656,1.0404003858566284,0.001,0.10997939109802246
7,1,7,896,128,5.762401103973389,5.762401103973389,1.1686148643493652,0.001,0.1279900074005127
8,1,8,1024,128,5.884929656982422,5.884929656982422,1.3164033889770508,0.001,0.14582037925720215
9,1,9,1152,128,6.200349807739258,6.200349807739258,0.8584989905357361,0.001,0.16430997848510742
10,1,10,1280,128,5.6868577003479,5.6868577003479,1.0193270444869995,0.001,0.1824479103088379
11,1,11,1408,128,5.6185302734375,5.6185302734375,0.8533679246902466,0.001,0.200103759765625
12,1,12,1536,128,6.106237888336182,6.106237888336182,1.3025637865066528,0.001,0.21811914443969727
13,1,13,1664,128,5.421221733093262,5.421221733093262,0.9724416136741638,0.001,0.2364501953125
14,1,14,1792,128,6.191108226776123,6.191108226776123,0.7439395189285278,0.001,0.2544381618499756
15,1,15,1920,128,4.9870171546936035,4.9870171546936035,0.9984860420227051,0.001,0.2724001407623291
16,1,16,2048,128,5.474799156188965,5.474799156188965,0.9081568717956543,0.001,0.29071855545043945
17,1,17,2176,128,5.153907299041748,5.153907299041748,1.4622387886047363,0.001,0.3083460330963135
18,1,18,2304,128,5.747241497039795,5.747241497039795,1.347267746925354,0.001,0.32582712173461914
19,1,19,2432,128,5.424796104431152,5.424796104431152,1.4893821477890015,0.001,0.3435530662536621
20,1,20,2560,128,4.329924583435059,4.329924583435059,1.1646090745925903,0.001,0.36171984672546387
21,1,21,2688,128,5.683627605438232,5.683627605438232,1.1575016975402832,0.001,0.3796868324279785
22,1,22,2816,128,5.472789764404297,5.472789764404297,0.8807617425918579,0.001,0.39774608612060547
23,1,23,2944,128,4.660934925079346,4.660934925079346,1.0600429773330688,0.001,0.4154825210571289
24,1,24,3072,128,5.531153678894043,5.531153678894043,0.9527472257614136,0.001,0.4335770606994629
25,1,25,3200,128,4.277101516723633,4.277101516723633,0.9666972160339355,0.001,0.4516627788543701
26,1,26,3328,128,4.530715465545654,4.530715465545654,0.9012131094932556,0.001,0.4694828987121582
27,1,27,3456,128,4.056790351867676,4.056790351867676,0.7445683479309082,0.001,0.48716163635253906
28,1,28,3584,128,4.344909191131592,4.344909191131592,0.9424042701721191,0.001,0.5051558017730713
29,1,29,3712,128,4.092076301574707,4.092076301574707,0.94932621717453,0.001,0.523078441619873
30,1,30,3840,128,4.280799865722656,4.280799865722656,1.1384859085083008,0.001,0.541118860244751
31,1,31,3968,128,4.762842178344727,4.762842178344727,1.158413052558899,0.001,0.5595765113830566
32,1,32,4096,128,4.101300239562988,4.101300239562988,1.2053354978561401,0.001,0.5776684284210205
33,1,33,4224,128,4.392098903656006,4.392098903656006,1.1873126029968262,0.001,0.5951671600341797
34,1,34,4352,128,3.6878466606140137,3.6878466606140137,1.00520658493042,0.001,0.6129848957061768
35,1,35,4480,128,4.416987419128418,4.416987419128418,0.7090215086936951,0.001,0.6310670375823975
36,1,36,4608,128,4.360465049743652,4.360465049743652,0.9546021819114685,0.001,0.6488587856292725
37,1,37,4736,128,4.525301456451416,4.525301456451416,1.0833675861358643,0.001,0.6666965484619141
38,1,38,4864,128,4.481294631958008,4.481294631958008,0.7440572381019592,0.001,0.6849460601806641
39,1,39,4992,128,4.2350969314575195,4.2350969314575195,1.3055462837219238,0.001,0.7029221057891846
40,1,40,5120,128,4.095449447631836,4.095449447631836,1.3307379484176636,0.001,0.7208733558654785
41,1,41,5248,128,4.022963047027588,4.022963047027588,1.2369296550750732,0.001,0.7384419441223145
42,1,42,5376,128,4.115053176879883,4.115053176879883,0.9347742795944214,0.001,0.7565505504608154
43,1,43,5504,128,4.215451717376709,4.215451717376709,1.1427876949310303,0.001,0.7746217250823975
44,1,44,5632,128,3.520909070968628,3.520909070968628,1.2675774097442627,0.001,0.7926874160766602
45,1,45,5760,128,3.452501058578491,3.452501058578491,1.1244276762008667,0.001,0.8105885982513428
46,1,46,5888,128,3.578275680541992,3.578275680541992,0.9714599847793579,0.001,0.8289151191711426
47,1,47,6016,128,4.014214515686035,4.014214515686035,0.9586273431777954,0.001,0.8468635082244873
48,1,48,6144,128,3.881556272506714,3.881556272506714,1.319380283355713,0.001,0.8645884990692139
49,1,49,6272,128,4.528408527374268,4.528408527374268,1.296472430229187,0.001,0.8826758861541748
50,1,50,6400,128,3.8430333137512207,3.8430333137512207,0.7180666327476501,0.001,0.9008803367614746
51,1,51,6528,128,3.3235323429107666,3.3235323429107666,0.8202532529830933,0.001,0.9188752174377441
52,1,52,6656,128,4.081565856933594,4.081565856933594,1.3667552471160889,0.001,0.9367718696594238
53,1,53,6784,128,3.1080119609832764,3.1080119609832764,1.234476089477539,0.001,0.9552488327026367
54,1,54,6912,128,3.441765308380127,3.441765308380127,1.144635796546936,0.001,0.9735195636749268
55,1,55,7040,128,3.604290008544922,3.604290008544922,0.8234522342681885,0.001,0.9914579391479492
56,1,56,7168,128,3.3629679679870605,3.3629679679870605,1.1015658378601074,0.001,1.0092699527740479
57,1,57,7296,128,3.0675106048583984,3.0675106048583984,1.318970799446106,0.001,1.0274853706359863
58,1,58,7424,128,3.737779378890991,3.737779378890991,1.3096250295639038,0.001,1.0454554557800293
59,1,59,7552,128,3.5386886596679688,3.5386886596679688,1.0601096153259277,0.001,1.063075304031372
60,1,60,7680,128,4.001872539520264,4.001872539520264,1.002555012702942,0.001,1.080639362335205
61,1,61,7808,128,3.5038578510284424,3.5038578510284424,0.9251165986061096,0.001,1.0989062786102295
62,1,62,7936,128,3.7847445011138916,3.7847445011138916,1.1177310943603516,0.001,1.1165225505828857
63,1,63,8064,128,3.392819404602051,3.392819404602051,0.9559831023216248,0.001,1.1343016624450684
64,1,64,8192,128,4.074036598205566,4.074036598205566,1.143348217010498,0.001,1.1524369716644287
65,1,65,8320,128,3.708085298538208,3.708085298538208,1.2277151346206665,0.001,1.1699018478393555
66,1,66,8448,128,3.6932485103607178,3.6932485103607178,1.2996764183044434,0.001,1.1873459815979004
67,1,67,8576,128,4.000487804412842,4.000487804412842,0.9558370113372803,0.001,1.20485520362854
68,1,68,8704,128,3.384359359741211,3.384359359741211,1.4607305526733398,0.001,1.2226827144622803
69,1,69,8832,128,3.08975887298584,3.08975887298584,1.1507503986358643,0.001,1.2402632236480713
70,1,70,8960,128,3.5052080154418945,3.5052080154418945,1.2755002975463867,0.001,1.257744550704956
71,1,71,9088,128,2.734431505203247,2.734431505203247,0.7953830361366272,0.001,1.2751357555389404
72,1,72,9216,128,3.3276286125183105,3.3276286125183105,1.1930558681488037,0.001,1.292853593826294
73,1,73,9344,128,3.523142099380493,3.523142099380493,0.727654755115509,0.001,1.3103957176208496
74,1,74,9472,128,3.3618178367614746,3.3618178367614746,0.7036013007164001,0.001,1.327826976776123
75,1,75,9600,128,3.3159778118133545,3.3159778118133545,1.0834715366363525,0.001,1.345634937286377
76,1,76,9728,128,3.1109862327575684,3.1109862327575684,0.9383020401000977,0.001,1.3635575771331787
77,1,77,9856,128,3.0143797397613525,3.0143797397613525,1.2252895832061768,0.001,1.381256103515625
78,1,78,9984,128,3.2958805561065674,3.2958805561065674,1.3719432353973389,0.001,1.3989083766937256
79,1,79,10112,128,3.840453624725342,3.840453624725342,1.2426400184631348,0.001,1.4166548252105713
80,1,80,10240,128,3.271815299987793,3.271815299987793,1.2473158836364746,0.001,1.4346189498901367
81,1,81,10368,128,2.8433282375335693,2.8433282375335693,0.9658855199813843,0.001,1.452120304107666
82,1,82,10496,128,3.6020116806030273,3.6020116806030273,1.4965031147003174,0.001,1.4694597721099854
83,1,83,10624,128,3.208806037902832,3.208806037902832,0.8802739381790161,0.001,1.4875140190124512
84,1,84,10752,128,3.063127279281616,3.063127279281616,0.9568514227867126,0.001,1.5053906440734863
85,1,85,10880,128,2.9043145179748535,2.9043145179748535,1.2234508991241455,0.001,1.5232734680175781
86,1,86,11008,128,3.1660656929016113,3.1660656929016113,1.042341709136963,0.001,1.541088342666626
87,1,87,11136,128,2.6050071716308594,2.6050071716308594,1.242568016052246,0.001,1.5589275360107422
88,1,88,11264,128,2.9541213512420654,2.9541213512420654,0.9674711227416992,0.001,1.5766732692718506
89,1,89,11392,128,2.653259754180908,2.653259754180908,1.0470662117004395,0.001,1.5942730903625488
90,1,90,11520,128,2.8543615341186523,2.8543615341186523,1.2485028505325317,0.001,1.6117351055145264
91,1,91,11648,128,2.5069174766540527,2.5069174766540527,1.2127217054367065,0.001,1.6293718814849854
92,1,92,11776,128,2.6170997619628906,2.6170997619628906,1.0002422332763672,0.001,1.6469874382019043
93,1,93,11904,128,3.2646050453186035,3.2646050453186035,0.9228050708770752,0.001,1.6645395755767822
94,1,94,12032,128,2.719255208969116,2.719255208969116,1.0395898818969727,0.001,1.6823327541351318
95,1,95,12160,128,2.962470054626465,2.962470054626465,1.1652506589889526,0.001,1.7001526355743408
96,1,96,12288,128,2.4764511585235596,2.4764511585235596,1.0671786069869995,0.001,1.7176158428192139
97,1,97,12416,128,2.3068487644195557,2.3068487644195557,1.0915428400039673,0.001,1.735337734222412
98,1,98,12544,128,2.9856784343719482,2.9856784343719482,1.170336365699768,0.001,1.753281593322754
99,1,99,12672,128,2.6290783882141113,2.6290783882141113,1.1614859104156494,0.001,1.7713425159454346
100,1,100,12800,128,2.256768226623535,2.256768226623535,1.1807693243026733,0.001,1.789320707321167
101,1,101,12928,128,2.715024709701538,2.715024709701538,1.4057668447494507,0.001,1.8072168827056885
102,1,102,13056,128,2.3737382888793945,2.3737382888793945,0.8850510120391846,0.001,1.8251922130584717
103,1,103,13184,128,3.4358880519866943,3.4358880519866943,1.0314255952835083,0.001,1.8428254127502441
104,1,104,13312,128,2.947110891342163,2.947110891342163,0.7822543382644653,0.001,1.8606064319610596
105,1,105,13440,128,3.194786310195923,3.194786310195923,1.3481948375701904,0.001,1.8784122467041016
106,1,106,13568,128,2.8340818881988525,2.8340818881988525,1.1131483316421509,0.001,1.8963384628295898
107,1,107,13696,128,2.6395671367645264,2.6395671367645264,1.1109364032745361,0.001,1.9141647815704346
108,1,108,13824,128,3.1877996921539307,3.1877996921539307,1.0189738273620605,0.001,1.9318983554840088
109,1,109,13952,128,2.3473997116088867,2.3473997116088867,1.176901936531067,0.001,1.9498097896575928
110,1,110,14080,128,2.383075475692749,2.383075475692749,1.009605884552002,0.001,1.9677410125732422
111,1,111,14208,128,2.372976541519165,2.372976541519165,1.1807973384857178,0.001,1.9854631423950195
112,1,112,14336,128,3.0451080799102783,3.0451080799102783,1.173902153968811,0.001,2.0031163692474365
113,1,113,14464,128,2.728259325027466,2.728259325027466,1.2536972761154175,0.001,2.021138906478882
114,1,114,14592,128,2.7532615661621094,2.7532615661621094,1.031571626663208,0.001,2.038935422897339
115,1,115,14720,128,2.7002758979797363,2.7002758979797363,1.0663114786148071,0.001,2.0569121837615967
116,1,116,14848,128,2.42448353767395,2.42448353767395,1.2474520206451416,0.001,2.074596881866455
117,1,117,14976,128,2.3436055183410645,2.3436055183410645,1.1473103761672974,0.001,2.092421293258667
118,1,118,15104,128,2.7388315200805664,2.7388315200805664,0.7875922322273254,0.001,2.109900951385498
119,1,119,15232,128,2.6322643756866455,2.6322643756866455,1.2850593328475952,0.001,2.1274185180664062
120,1,120,15360,128,2.649334669113159,2.649334669113159,1.1576988697052002,0.001,2.1448285579681396
121,1,121,15488,128,2.5126638412475586,2.5126638412475586,0.8841347694396973,0.001,2.1628146171569824
122,1,122,15616,128,2.934333086013794,2.934333086013794,1.0589032173156738,0.001,2.180272340774536
123,1,123,15744,128,2.5824615955352783,2.5824615955352783,0.7363017201423645,0.001,2.1975269317626953
124,1,124,15872,128,2.087082862854004,2.087082862854004,1.0509965419769287,0.001,2.2148213386535645
125,1,125,16000,128,2.4966647624969482,2.4966647624969482,1.136616587638855,0.001,2.232743740081787
126,1,126,16128,128,2.0228002071380615,2.0228002071380615,0.9141747355461121,0.001,2.250427484512329
127,1,127,16256,128,2.5693821907043457,2.5693821907043457,1.2483323812484741,0.001,2.2680985927581787
128,1,128,16384,128,2.3974952697753906,2.3974952697753906,0.9838330149650574,0.001,2.285259485244751
129,1,129,16512,128,2.4215431213378906,2.4215431213378906,1.1334975957870483,0.001,2.303192377090454
130,1,130,16640,128,2.330188035964966,2.330188035964966,0.681411862373352,0.001,2.3208141326904297
131,1,131,16768,128,2.4914257526397705,2.4914257526397705,0.988215982913971,0.001,2.3380661010742188
132,1,132,16896,128,2.1478428840637207,2.1478428840637207,0.7907631397247314,0.001,2.356224536895752
133,1,133,17024,128,2.2620458602905273,2.2620458602905273,1.1147505044937134,0.001,2.373992919921875
134,1,134,17152,128,2.7556893825531006,2.7556893825531006,0.9231667518615723,0.001,2.3917601108551025
135,1,135,17280,128,2.632596492767334,2.632596492767334,1.2177278995513916,0.001,2.4093966484069824
136,1,136,17408,128,2.427316427230835,2.427316427230835,1.232733964920044,0.001,2.427534818649292
137,1,137,17536,128,2.539555072784424,2.539555072784424,0.9945515990257263,0.001,2.445573568344116
138,1,138,17664,128,2.3764801025390625,2.3764801025390625,1.0590413808822632,0.001,2.463487386703491
139,1,139,17792,128,2.129948616027832,2.129948616027832,0.9544261693954468,0.001,2.4812309741973877
140,1,140,17920,128,2.11337947845459,2.11337947845459,1.1761707067489624,0.001,2.4993326663970947
141,1,141,18048,128,2.225458860397339,2.225458860397339,1.2250794172286987,0.001,2.5173568725585938
142,1,142,18176,128,2.738901376724243,2.738901376724243,1.2660410404205322,0.001,2.535344123840332
143,1,143,18304,128,2.0026473999023438,2.0026473999023438,1.427139401435852,0.001,2.552842855453491
144,1,144,18432,128,2.598734140396118,2.598734140396118,1.2218153476715088,0.001,2.571122169494629
145,1,145,18560,128,2.1828956604003906,2.1828956604003906,1.0449241399765015,0.001,2.58907413482666
146,1,146,18688,128,2.0523788928985596,2.0523788928985596,0.9571535587310791,0.001,2.6067025661468506
147,1,147,18816,128,2.0866360664367676,2.0866360664367676,1.6048451662063599,0.001,2.6248700618743896
148,1,148,18944,128,2.0460166931152344,2.0460166931152344,1.24751877784729,0.001,2.642861843109131
149,1,149,19072,128,2.4011294841766357,2.4011294841766357,1.113629698753357,0.001,2.6607749462127686
150,1,150,19200,128,2.2909278869628906,2.2909278869628906,1.078331708908081,0.001,2.6785757541656494
151,1,151,19328,128,2.2595324516296387,2.2595324516296387,0.9593842029571533,0.001,2.6970927715301514
152,1,152,19456,128,2.4336516857147217,2.4336516857147217,0.9680270552635193,0.001,2.7151708602905273
153,1,153,19584,128,2.4608497619628906,2.4608497619628906,0.7774945497512817,0.001,2.733145236968994
154,1,154,19589,5,2.232807159423828,2.232807159423828,0.42782673239707947,0.001,2.735834836959839
155,2,1,19717,128,2.1264936923980713,2.1264936923980713,1.0370032787322998,0.001,3.410412073135376
156,2,2,19845,128,2.295245409011841,2.295245409011841,1.1361802816390991,0.001,3.4280567169189453
157,2,3,19973,128,2.4573216438293457,2.4573216438293457,1.0140628814697266,0.001,3.445712089538574
158,2,4,20101,128,2.1521267890930176,2.1521267890930176,1.433173418045044,0.001,3.4631404876708984
159,2,5,20229,128,2.3010642528533936,2.3010642528533936,0.9182865619659424,0.001,3.480717897415161
160,2,6,20357,128,2.426523447036743,2.426523447036743,0.9278994202613831,0.001,3.498615026473999
161,2,7,20485,128,2.255295991897583,2.255295991897583,1.0749009847640991,0.001,3.51650333404541
162,2,8,20613,128,2.8541738986968994,2.8541738986968994,0.9134469032287598,0.001,3.533998489379883
163,2,9,20741,128,2.2345001697540283,2.2345001697540283,1.1443276405334473,0.001,3.551633358001709
164,2,10,20869,128,1.8741384744644165,1.8741384744644165,1.294485330581665,0.001,3.5694878101348877
165,2,11,20997,128,2.0137417316436768,2.0137417316436768,1.1770687103271484,0.001,3.5871376991271973
166,2,12,21125,128,2.281151294708252,2.281151294708252,1.2097413539886475,0.001,3.6047301292419434
167,2,13,21253,128,2.236112356185913,2.236112356185913,1.5243629217147827,0.001,3.6224169731140137
168,2,14,21381,128,1.9509856700897217,1.9509856700897217,0.9530492424964905,0.001,3.640336513519287
169,2,15,21509,128,1.9468517303466797,1.9468517303466797,0.9229258298873901,0.001,3.657785654067993
170,2,16,21637,128,1.9283384084701538,1.9283384084701538,0.75867760181427,0.001,3.6753602027893066
171,2,17,21765,128,2.414813280105591,2.414813280105591,1.0855977535247803,0.001,3.693408250808716
172,2,18,21893,128,2.0619325637817383,2.0619325637817383,1.2004191875457764,0.001,3.7112233638763428
173,2,19,22021,128,2.0463006496429443,2.0463006496429443,1.0519158840179443,0.001,3.729210138320923
174,2,20,22149,128,2.547560691833496,2.547560691833496,0.9664601683616638,0.001,3.7469050884246826
175,2,21,22277,128,2.3996355533599854,2.3996355533599854,1.1243268251419067,0.001,3.764878273010254
176,2,22,22405,128,2.180422067642212,2.180422067642212,0.9501588344573975,0.001,3.7821691036224365
177,2,23,22533,128,2.1309561729431152,2.1309561729431152,1.2048174142837524,0.001,3.7995147705078125
178,2,24,22661,128,2.7492177486419678,2.7492177486419678,1.0118283033370972,0.001,3.81687593460083
179,2,25,22789,128,2.4864256381988525,2.4864256381988525,0.9451408386230469,0.001,3.834733009338379
180,2,26,22917,128,2.604511260986328,2.604511260986328,1.1122978925704956,0.001,3.852266788482666
181,2,27,23045,128,2.6000702381134033,2.6000702381134033,0.8272274732589722,0.001,3.8695931434631348
182,2,28,23173,128,2.4624316692352295,2.4624316692352295,1.71101975440979,0.001,3.8871569633483887
183,2,29,23301,128,2.168172597885132,2.168172597885132,0.64384925365448,0.001,3.9079155921936035
184,2,30,23429,128,2.1162376403808594,2.1162376403808594,0.8866284489631653,0.001,3.9266304969787598
185,2,31,23557,128,2.0580406188964844,2.0580406188964844,0.9782127141952515,0.001,3.9443984031677246
186,2,32,23685,128,2.301353693008423,2.301353693008423,1.2402931451797485,0.001,3.962477445602417
187,2,33,23813,128,2.616126298904419,2.616126298904419,1.2563632726669312,0.001,3.9800899028778076
188,2,34,23941,128,2.0826025009155273,2.0826025009155273,1.3430241346359253,0.001,3.997828245162964
189,2,35,24069,128,2.0765540599823,2.0765540599823,1.0231788158416748,0.001,4.017340898513794
190,2,36,24197,128,1.9655050039291382,1.9655050039291382,1.1496384143829346,0.001,4.034940242767334
191,2,37,24325,128,2.2925992012023926,2.2925992012023926,0.6845658421516418,0.001,4.053354978561401
192,2,38,24453,128,2.038513660430908,2.038513660430908,1.1710747480392456,0.001,4.0707848072052
193,2,39,24581,128,2.178964853286743,2.178964853286743,0.7138475179672241,0.001,4.087989091873169
194,2,40,24709,128,1.921006441116333,1.921006441116333,0.9146155118942261,0.001,4.106237411499023
195,2,41,24837,128,2.5179901123046875,2.5179901123046875,1.3321884870529175,0.001,4.124129295349121
196,2,42,24965,128,2.536609649658203,2.536609649658203,1.0895992517471313,0.001,4.141666889190674
197,2,43,25093,128,1.9547197818756104,1.9547197818756104,0.926642894744873,0.001,4.159454822540283
198,2,44,25221,128,2.396881103515625,2.396881103515625,0.920728862285614,0.001,4.17711615562439
199,2,45,25349,128,2.8146612644195557,2.8146612644195557,0.9294309616088867,0.001,4.194550275802612
200,2,46,25477,128,2.2729458808898926,2.2729458808898926,1.313165307044983,0.001,4.2118330001831055
201,2,47,25605,128,2.313678026199341,2.313678026199341,1.048721194267273,0.001,4.229593276977539
202,2,48,25733,128,2.5325100421905518,2.5325100421905518,1.0975770950317383,0.001,4.24688458442688
203,2,49,25861,128,1.977687954902649,1.977687954902649,1.107959270477295,0.001,4.264675617218018
204,2,50,25989,128,2.1670382022857666,2.1670382022857666,0.7483795285224915,0.001,4.282455205917358
205,2,51,26117,128,1.6669976711273193,1.6669976711273193,0.6955991983413696,0.001,4.300336122512817
206,2,52,26245,128,2.0329642295837402,2.0329642295837402,1.0952465534210205,0.001,4.31816840171814
207,2,53,26373,128,2.5704925060272217,2.5704925060272217,0.9838712811470032,0.001,4.335860252380371
208,2,54,26501,128,1.7773064374923706,1.7773064374923706,1.0551666021347046,0.001,4.353429794311523
209,2,55,26629,128,2.160756826400757,2.160756826400757,1.3457571268081665,0.001,4.371873617172241
210,2,56,26757,128,1.6332812309265137,1.6332812309265137,1.0622529983520508,0.001,4.390121698379517
211,2,57,26885,128,2.3537559509277344,2.3537559509277344,0.8429353833198547,0.001,4.407764434814453
212,2,58,27013,128,2.2186408042907715,2.2186408042907715,1.0648903846740723,0.001,4.4256532192230225
213,2,59,27141,128,1.9979206323623657,1.9979206323623657,0.9869781732559204,0.001,4.443683624267578
214,2,60,27269,128,2.018125534057617,2.018125534057617,1.1539915800094604,0.001,4.462157249450684
215,2,61,27397,128,2.058777093887329,2.058777093887329,1.1727443933486938,0.001,4.4805097579956055
216,2,62,27525,128,2.321866512298584,2.321866512298584,1.259307861328125,0.001,4.49871826171875
217,2,63,27653,128,2.035648822784424,2.035648822784424,1.0010615587234497,0.001,4.516433238983154
218,2,64,27781,128,1.6409655809402466,1.6409655809402466,1.1224563121795654,0.001,4.533886909484863
219,2,65,27909,128,2.3058934211730957,2.3058934211730957,1.05892014503479,0.001,4.551537275314331
220,2,66,28037,128,2.1350996494293213,2.1350996494293213,1.1328927278518677,0.001,4.569751024246216
221,2,67,28165,128,1.8213218450546265,1.8213218450546265,1.2718051671981812,0.001,4.58783745765686
222,2,68,28293,128,2.381697416305542,2.381697416305542,1.5211753845214844,0.001,4.6055285930633545
223,2,69,28421,128,2.2024309635162354,2.2024309635162354,1.0688934326171875,0.001,4.622938871383667
224,2,70,28549,128,1.9088168144226074,1.9088168144226074,1.2720190286636353,0.001,4.641338109970093
225,2,71,28677,128,1.855072021484375,1.855072021484375,0.9050559997558594,0.001,4.658916473388672
226,2,72,28805,128,1.7285295724868774,1.7285295724868774,1.2058124542236328,0.001,4.676607847213745
227,2,73,28933,128,2.218339681625366,2.218339681625366,1.0647997856140137,0.001,4.694638252258301
228,2,74,29061,128,1.9653652906417847,1.9653652906417847,1.046491265296936,0.001,4.712183952331543
229,2,75,29189,128,1.8994137048721313,1.8994137048721313,0.831080436706543,0.001,4.729601621627808
230,2,76,29317,128,1.7947900295257568,1.7947900295257568,1.0450810194015503,0.001,4.747344732284546
231,2,77,29445,128,2.450226068496704,2.450226068496704,0.8545801043510437,0.001,4.765335321426392
232,2,78,29573,128,2.0744073390960693,2.0744073390960693,0.8682620525360107,0.001,4.783280849456787
233,2,79,29701,128,1.9884710311889648,1.9884710311889648,0.8409549593925476,0.001,4.801128625869751
234,2,80,29829,128,2.0513124465942383,2.0513124465942383,1.2225923538208008,0.001,4.8187949657440186
235,2,81,29957,128,2.148686170578003,2.148686170578003,1.1155757904052734,0.001,4.837050676345825
236,2,82,30085,128,1.7020009756088257,1.7020009756088257,1.2394033670425415,0.001,4.854712724685669
237,2,83,30213,128,2.1506428718566895,2.1506428718566895,1.3468644618988037,0.001,4.872148513793945
238,2,84,30341,128,1.777525782585144,1.777525782585144,1.4520378112792969,0.001,4.889556169509888
239,2,85,30469,128,2.1186881065368652,2.1186881065368652,1.1008836030960083,0.001,4.9078474044799805
240,2,86,30597,128,2.764800548553467,2.764800548553467,1.1021398305892944,0.001,4.925468444824219
241,2,87,30725,128,1.821017861366272,1.821017861366272,0.9275622963905334,0.001,4.943092346191406
242,2,88,30853,128,2.1348674297332764,2.1348674297332764,0.7607394456863403,0.001,4.961122751235962
243,2,89,30981,128,1.7989623546600342,1.7989623546600342,0.8950421214103699,0.001,4.978531837463379
244,2,90,31109,128,1.89535391330719,1.89535391330719,1.1028718948364258,0.001,4.995748043060303
245,2,91,31237,128,2.2728893756866455,2.2728893756866455,1.030401587486267,0.001,5.01336669921875
246,2,92,31365,128,1.6625210046768188,1.6625210046768188,1.6253626346588135,0.001,5.031227111816406
247,2,93,31493,128,1.6420834064483643,1.6420834064483643,0.9815897941589355,0.001,5.048717498779297
248,2,94,31621,128,2.0503342151641846,2.0503342151641846,1.0945302248001099,0.001,5.066358327865601
249,2,95,31749,128,2.5384180545806885,2.5384180545806885,0.9992536902427673,0.001,5.083771705627441
250,2,96,31877,128,1.6581982374191284,1.6581982374191284,1.187904715538025,0.001,5.101664781570435
251,2,97,32005,128,1.819703221321106,1.819703221321106,1.170789122581482,0.001,5.119414329528809
252,2,98,32133,128,1.7157317399978638,1.7157317399978638,0.9824469089508057,0.001,5.137203216552734
253,2,99,32261,128,2.516786813735962,2.516786813735962,1.3788360357284546,0.001,5.15475606918335
254,2,100,32389,128,2.151909828186035,2.151909828186035,0.9092281460762024,0.001,5.172846078872681
255,2,101,32517,128,1.6936200857162476,1.6936200857162476,0.9988947510719299,0.001,5.190523624420166
256,2,102,32645,128,1.9225144386291504,1.9225144386291504,1.1636645793914795,0.001,5.207956790924072
257,2,103,32773,128,1.70001220703125,1.70001220703125,0.9470290541648865,0.001,5.225655794143677
258,2,104,32901,128,2.480177164077759,2.480177164077759,0.7874897718429565,0.001,5.243626832962036
259,2,105,33029,128,1.7116789817810059,1.7116789817810059,1.1351003646850586,0.001,5.261346340179443
260,2,106,33157,128,1.8689920902252197,1.8689920902252197,1.1381971836090088,0.001,5.278864622116089
261,2,107,33285,128,1.982358455657959,1.982358455657959,1.0058746337890625,0.001,5.297163486480713
262,2,108,33413,128,1.832529902458191,1.832529902458191,0.9152902364730835,0.001,5.314989805221558
263,2,109,33541,128,1.9874787330627441,1.9874787330627441,1.6940553188323975,0.001,5.332876682281494
264,2,110,33669,128,1.7925069332122803,1.7925069332122803,0.8538140058517456,0.001,5.350168704986572
265,2,111,33797,128,2.145005702972412,2.145005702972412,0.9065800309181213,0.001,5.3681886196136475
266,2,112,33925,128,2.135589361190796,2.135589361190796,1.1427134275436401,0.001,5.3857433795928955
267,2,113,34053,128,2.047670841217041,2.047670841217041,1.196858286857605,0.001,5.40316104888916
268,2,114,34181,128,2.4970881938934326,2.4970881938934326,0.9662924408912659,0.001,5.420565843582153
269,2,115,34309,128,1.859365463256836,1.859365463256836,1.188045859336853,0.001,5.438776969909668
270,2,116,34437,128,2.2541329860687256,2.2541329860687256,0.9296714663505554,0.001,5.456549167633057
271,2,117,34565,128,1.9914138317108154,1.9914138317108154,0.957850992679596,0.001,5.474125385284424
272,2,118,34693,128,1.6140689849853516,1.6140689849853516,1.1708751916885376,0.001,5.491542816162109
273,2,119,34821,128,2.485220193862915,2.485220193862915,0.9530619382858276,0.001,5.50915265083313
274,2,120,34949,128,2.21335506439209,2.21335506439209,1.222522258758545,0.001,5.526882171630859
275,2,121,35077,128,2.34857439994812,2.34857439994812,0.9489813446998596,0.001,5.5442094802856445
276,2,122,35205,128,2.0635340213775635,2.0635340213775635,1.0590955018997192,0.001,5.561882257461548
277,2,123,35333,128,1.9139293432235718,1.9139293432235718,1.1034703254699707,0.001,5.580004692077637
278,2,124,35461,128,2.0196993350982666,2.0196993350982666,1.0109467506408691,0.001,5.5977654457092285
279,2,125,35589,128,1.7462397813796997,1.7462397813796997,1.6421079635620117,0.001,5.615325689315796
280,2,126,35717,128,1.8078312873840332,1.8078312873840332,1.0902268886566162,0.001,5.6331846714019775
281,2,127,35845,128,1.5080106258392334,1.5080106258392334,0.9733209609985352,0.001,5.6509199142456055
282,2,128,35973,128,1.6767159700393677,1.6767159700393677,1.1588566303253174,0.001,5.668353080749512
283,2,129,36101,128,1.9114216566085815,1.9114216566085815,0.974479615688324,0.001,5.686078786849976
284,2,130,36229,128,2.227930784225464,2.227930784225464,0.9321710467338562,0.001,5.703922748565674
285,2,131,36357,128,2.262291193008423,2.262291193008423,1.3603098392486572,0.001,5.721745729446411
286,2,132,36485,128,2.2618160247802734,2.2618160247802734,0.9058334827423096,0.001,5.739342927932739
287,2,133,36613,128,1.9950079917907715,1.9950079917907715,1.1877278089523315,0.001,5.757281541824341
288,2,134,36741,128,1.7423303127288818,1.7423303127288818,0.889414370059967,0.001,5.775132894515991
289,2,135,36869,128,2.377917766571045,2.377917766571045,0.9729211926460266,0.001,5.792962312698364
290,2,136,36997,128,1.7190545797348022,1.7190545797348022,0.920833945274353,0.001,5.810398817062378
291,2,137,37125,128,1.8394089937210083,1.8394089937210083,1.0012601613998413,0.001,5.828226566314697
292,2,138,37253,128,1.6209511756896973,1.6209511756896973,1.366515874862671,0.001,5.846144914627075
293,2,139,37381,128,2.4594578742980957,2.4594578742980957,0.9806841015815735,0.001,5.863914489746094
294,2,140,37509,128,1.608594298362732,1.608594298362732,0.8797609806060791,0.001,5.8815858364105225
295,2,141,37637,128,2.294891357421875,2.294891357421875,1.4342080354690552,0.001,5.899765253067017
296,2,142,37765,128,1.730676531791687,1.730676531791687,1.1513700485229492,0.001,5.917608022689819
297,2,143,37893,128,2.6177566051483154,2.6177566051483154,1.2978888750076294,0.001,5.935179948806763
298,2,144,38021,128,1.7873564958572388,1.7873564958572388,1.076855182647705,0.001,5.952731132507324
299,2,145,38149,128,2.5338103771209717,2.5338103771209717,1.1462860107421875,0.001,5.9709062576293945
300,2,146,38277,128,2.155014991760254,2.155014991760254,0.9180745482444763,0.001,5.988480091094971
301,2,147,38405,128,1.9643007516860962,1.9643007516860962,1.4826818704605103,0.001,6.006032228469849
302,2,148,38533,128,1.9166183471679688,1.9166183471679688,0.9118430614471436,0.001,6.023835182189941
303,2,149,38661,128,2.2218708992004395,2.2218708992004395,1.404418706893921,0.001,6.042024612426758
304,2,150,38789,128,2.1713011264801025,2.1713011264801025,1.4181766510009766,0.001,6.059979200363159
305,2,151,38917,128,1.769403338432312,1.769403338432312,0.9845266938209534,0.001,6.077796936035156
306,2,152,39045,128,1.7071856260299683,1.7071856260299683,1.1335337162017822,0.001,6.095739126205444
307,2,153,39173,128,2.387333869934082,2.387333869934082,1.729861855506897,0.001,6.113521575927734
308,2,154,39178,5,2.349865198135376,2.349865198135376,0.7226560711860657,0.001,6.116309881210327
309,3,1,39306,128,2.3962204456329346,2.3962204456329346,1.2597376108169556,0.001,6.79328989982605
310,3,2,39434,128,1.5383788347244263,1.5383788347244263,1.4218841791152954,0.001,6.8107991218566895
311,3,3,39562,128,1.8989781141281128,1.8989781141281128,1.305576205253601,0.001,6.828325986862183
312,3,4,39690,128,2.059957504272461,2.059957504272461,0.8001881837844849,0.001,6.846113443374634
313,3,5,39818,128,1.8250385522842407,1.8250385522842407,1.111592173576355,0.001,6.8633928298950195
314,3,6,39946,128,2.1626269817352295,2.1626269817352295,0.904624879360199,0.001,6.880807638168335
315,3,7,40074,128,2.0209054946899414,2.0209054946899414,0.903825581073761,0.001,6.898704290390015
316,3,8,40202,128,2.373840808868408,2.373840808868408,1.0773710012435913,0.001,6.9165120124816895
317,3,9,40330,128,1.8135610818862915,1.8135610818862915,1.1639032363891602,0.001,6.934204816818237
318,3,10,40458,128,1.9779295921325684,1.9779295921325684,1.0920178890228271,0.001,6.951956748962402
319,3,11,40586,128,2.0571846961975098,2.0571846961975098,1.070481777191162,0.001,6.970039367675781
320,3,12,40714,128,1.732076644897461,1.732076644897461,1.0522624254226685,0.001,6.9877142906188965
321,3,13,40842,128,1.8774062395095825,1.8774062395095825,1.3341957330703735,0.001,7.005568981170654
322,3,14,40970,128,2.037099599838257,2.037099599838257,1.2395628690719604,0.001,7.023204326629639
323,3,15,41098,128,1.9985073804855347,1.9985073804855347,1.151847004890442,0.001,7.041222095489502
324,3,16,41226,128,2.141812324523926,2.141812324523926,1.0023273229599,0.001,7.059019088745117
325,3,17,41354,128,1.7625548839569092,1.7625548839569092,0.811996340751648,0.001,7.076750993728638
326,3,18,41482,128,2.1373350620269775,2.1373350620269775,0.9696915745735168,0.001,7.094622850418091
327,3,19,41610,128,2.027291774749756,2.027291774749756,1.3980064392089844,0.001,7.112330913543701
328,3,20,41738,128,2.5039010047912598,2.5039010047912598,0.9809653759002686,0.001,7.129882574081421
329,3,21,41866,128,2.3546924591064453,2.3546924591064453,1.2098698616027832,0.001,7.147618293762207
330,3,22,41994,128,1.7855712175369263,1.7855712175369263,0.7840625643730164,0.001,7.165630102157593
331,3,23,42122,128,1.9424196481704712,1.9424196481704712,1.0842117071151733,0.001,7.183311462402344
332,3,24,42250,128,1.9009475708007812,1.9009475708007812,1.0986403226852417,0.001,7.201040506362915
333,3,25,42378,128,1.8053306341171265,1.8053306341171265,0.9250850677490234,0.001,7.218591690063477
334,3,26,42506,128,1.9029219150543213,1.9029219150543213,1.0290409326553345,0.001,7.236705541610718
335,3,27,42634,128,1.9149447679519653,1.9149447679519653,0.8984639644622803,0.001,7.25439715385437
336,3,28,42762,128,2.2657809257507324,2.2657809257507324,1.4056289196014404,0.001,7.271798849105835
337,3,29,42890,128,1.9362059831619263,1.9362059831619263,1.2452715635299683,0.001,7.289167881011963
338,3,30,43018,128,2.0643250942230225,2.0643250942230225,1.1007381677627563,0.001,7.3069446086883545
339,3,31,43146,128,2.3060171604156494,2.3060171604156494,1.115797519683838,0.001,7.324976682662964
340,3,32,43274,128,1.8288516998291016,1.8288516998291016,1.1029112339019775,0.001,7.342581272125244
341,3,33,43402,128,1.773833155632019,1.773833155632019,1.2587213516235352,0.001,7.360253095626831
342,3,34,43530,128,1.4708715677261353,1.4708715677261353,0.9812227487564087,0.001,7.378554344177246
343,3,35,43658,128,1.7837083339691162,1.7837083339691162,0.8871045112609863,0.001,7.396368026733398
344,3,36,43786,128,2.0159661769866943,2.0159661769866943,1.3134791851043701,0.001,7.414181470870972
345,3,37,43914,128,1.8002233505249023,1.8002233505249023,1.3907302618026733,0.001,7.432277679443359
346,3,38,44042,128,1.861550211906433,1.861550211906433,1.2673488855361938,0.001,7.450139045715332
347,3,39,44170,128,1.8451086282730103,1.8451086282730103,1.0676690340042114,0.001,7.4680235385894775
348,3,40,44298,128,1.7990474700927734,1.7990474700927734,1.136459231376648,0.001,7.485759258270264
349,3,41,44426,128,2.1717946529388428,2.1717946529388428,1.2576069831848145,0.001,7.504018306732178
350,3,42,44554,128,1.731682538986206,1.731682538986206,1.1218218803405762,0.001,7.521807909011841
351,3,43,44682,128,1.5628505945205688,1.5628505945205688,1.3958572149276733,0.001,7.539620876312256
352,3,44,44810,128,1.7754454612731934,1.7754454612731934,0.893612802028656,0.001,7.557525634765625
353,3,45,44938,128,1.97119140625,1.97119140625,0.8120678663253784,0.001,7.575508117675781
354,3,46,45066,128,1.7043976783752441,1.7043976783752441,1.1431268453598022,0.001,7.59345555305481
355,3,47,45194,128,1.9293307065963745,1.9293307065963745,0.7649895548820496,0.001,7.611162900924683
356,3,48,45322,128,1.8580154180526733,1.8580154180526733,0.804287850856781,0.001,7.628879547119141
357,3,49,45450,128,1.8466851711273193,1.8466851711273193,1.2097749710083008,0.001,7.647151708602905
358,3,50,45578,128,1.8290765285491943,1.8290765285491943,1.0618270635604858,0.001,7.665155649185181
359,3,51,45706,128,2.012770652770996,2.012770652770996,1.2900317907333374,0.001,7.682758808135986
360,3,52,45834,128,1.6704611778259277,1.6704611778259277,1.0617733001708984,0.001,7.700885057449341
361,3,53,45962,128,1.815073847770691,1.815073847770691,1.0284734964370728,0.001,7.718633413314819
362,3,54,46090,128,2.3288159370422363,2.3288159370422363,1.2426353693008423,0.001,7.736095666885376
363,3,55,46218,128,2.232480764389038,2.232480764389038,0.9619743227958679,0.001,7.75368070602417
364,3,56,46346,128,1.5896590948104858,1.5896590948104858,1.1940065622329712,0.001,7.771929979324341
365,3,57,46474,128,2.0785114765167236,2.0785114765167236,1.0416100025177002,0.001,7.789847135543823
366,3,58,46602,128,2.2348172664642334,2.2348172664642334,0.8356665372848511,0.001,7.807619333267212
367,3,59,46730,128,2.054208278656006,2.054208278656006,1.4431647062301636,0.001,7.825296878814697
368,3,60,46858,128,1.8111381530761719,1.8111381530761719,1.3883076906204224,0.001,7.843064308166504
369,3,61,46986,128,2.139604330062866,2.139604330062866,1.0188084840774536,0.001,7.861184597015381
370,3,62,47114,128,2.023923873901367,2.023923873901367,1.5123870372772217,0.001,7.878939628601074
371,3,63,47242,128,1.8963435888290405,1.8963435888290405,0.8295716047286987,0.001,7.89677619934082
372,3,64,47370,128,2.021669626235962,2.021669626235962,1.1155935525894165,0.001,7.9148571491241455
373,3,65,47498,128,1.485272765159607,1.485272765159607,1.1294324398040771,0.001,7.932504415512085
374,3,66,47626,128,1.7168270349502563,1.7168270349502563,0.825525164604187,0.001,7.950109004974365
375,3,67,47754,128,1.6398125886917114,1.6398125886917114,0.8396000862121582,0.001,7.968177080154419
376,3,68,47882,128,2.1340653896331787,2.1340653896331787,0.8681768178939819,0.001,7.9860451221466064
377,3,69,48010,128,1.933929443359375,1.933929443359375,0.7509875893592834,0.001,8.003670692443848
378,3,70,48138,128,1.9465779066085815,1.9465779066085815,1.0920064449310303,0.001,8.02144718170166
379,3,71,48266,128,2.0775046348571777,2.0775046348571777,1.0359954833984375,0.001,8.039431095123291
380,3,72,48394,128,1.8385239839553833,1.8385239839553833,1.1218953132629395,0.001,8.057494163513184
381,3,73,48522,128,1.9188703298568726,1.9188703298568726,1.3834922313690186,0.001,8.07548975944519
382,3,74,48650,128,1.8551183938980103,1.8551183938980103,1.0196043252944946,0.001,8.093209505081177
383,3,75,48778,128,1.7226406335830688,1.7226406335830688,0.9231260418891907,0.001,8.11103367805481
384,3,76,48906,128,1.7564969062805176,1.7564969062805176,1.10731840133667,0.001,8.128902435302734
385,3,77,49034,128,2.3078181743621826,2.3078181743621826,0.9536922574043274,0.001,8.146419763565063
386,3,78,49162,128,1.8477818965911865,1.8477818965911865,1.0679997205734253,0.001,8.163978576660156
387,3,79,49290,128,2.4703550338745117,2.4703550338745117,1.3009448051452637,0.001,8.181822299957275
388,3,80,49418,128,2.2294347286224365,2.2294347286224365,1.1254684925079346,0.001,8.199598789215088
389,3,81,49546,128,1.9321684837341309,1.9321684837341309,1.0738457441329956,0.001,8.217123031616211
390,3,82,49674,128,1.985617995262146,1.985617995262146,1.7366878986358643,0.001,8.235262155532837
391,3,83,49802,128,1.5748310089111328,1.5748310089111328,1.0418776273727417,0.001,8.253189325332642
392,3,84,49930,128,2.180852174758911,2.180852174758911,0.9961459636688232,0.001,8.270612955093384
393,3,85,50058,128,1.9890224933624268,1.9890224933624268,1.43954598903656,0.001,8.288094520568848
394,3,86,50186,128,1.9574602842330933,1.9574602842330933,0.8712596893310547,0.001,8.305892944335938
395,3,87,50314,128,2.330833911895752,2.330833911895752,0.9131420850753784,0.001,8.323797464370728
396,3,88,50442,128,1.3509442806243896,1.3509442806243896,1.3327189683914185,0.001,8.341601848602295
397,3,89,50570,128,1.7164198160171509,1.7164198160171509,1.1224178075790405,0.001,8.359093189239502
398,3,90,50698,128,1.7344706058502197,1.7344706058502197,1.0136083364486694,0.001,8.377192497253418
399,3,91,50826,128,2.1306610107421875,2.1306610107421875,1.0812993049621582,0.001,8.394655227661133
400,3,92,50954,128,1.9590128660202026,1.9590128660202026,0.972846508026123,0.001,8.41246509552002
401,3,93,51082,128,1.4361153841018677,1.4361153841018677,0.897756040096283,0.001,8.43014407157898
402,3,94,51210,128,1.7474299669265747,1.7474299669265747,1.2118241786956787,0.001,8.448436260223389
403,3,95,51338,128,1.8381414413452148,1.8381414413452148,0.8151933550834656,0.001,8.466359853744507
404,3,96,51466,128,2.175185441970825,2.175185441970825,1.0923634767532349,0.001,8.48389744758606
405,3,97,51594,128,1.8488816022872925,1.8488816022872925,0.8736328482627869,0.001,8.502201795578003
406,3,98,51722,128,1.7424163818359375,1.7424163818359375,0.8527613282203674,0.001,8.520040035247803
407,3,99,51850,128,1.5740432739257812,1.5740432739257812,1.3814283609390259,0.001,8.537893772125244
408,3,100,51978,128,1.4547288417816162,1.4547288417816162,1.0714876651763916,0.001,8.555480003356934
409,3,101,52106,128,1.7636306285858154,1.7636306285858154,1.2114630937576294,0.001,8.573222637176514
410,3,102,52234,128,2.15158748626709,2.15158748626709,1.118906021118164,0.001,8.590962409973145
411,3,103,52362,128,1.6419792175292969,1.6419792175292969,1.249381184577942,0.001,8.608704566955566
412,3,104,52490,128,2.014247417449951,2.014247417449951,1.3989429473876953,0.001,8.62630009651184
413,3,105,52618,128,2.0268030166625977,2.0268030166625977,0.9320595264434814,0.001,8.644237041473389
414,3,106,52746,128,1.7033780813217163,1.7033780813217163,0.7590639591217041,0.001,8.661852359771729
415,3,107,52874,128,1.970583200454712,1.970583200454712,1.516176700592041,0.001,8.67969799041748
416,3,108,53002,128,1.6086711883544922,1.6086711883544922,1.03901207447052,0.001,8.697470426559448
417,3,109,53130,128,1.5000877380371094,1.5000877380371094,1.162505865097046,0.001,8.715626001358032
418,3,110,53258,128,1.840109944343567,1.840109944343567,0.9297102093696594,0.001,8.73354697227478
419,3,111,53386,128,1.6829196214675903,1.6829196214675903,0.961344838142395,0.001,8.751448154449463
420,3,112,53514,128,1.7772908210754395,1.7772908210754395,1.2512422800064087,0.001,8.76984977722168
421,3,113,53642,128,1.9411406517028809,1.9411406517028809,0.8627868890762329,0.001,8.787885189056396
422,3,114,53770,128,1.8138201236724854,1.8138201236724854,0.8951658606529236,0.001,8.805501222610474
423,3,115,53898,128,1.936362624168396,1.936362624168396,0.7423225045204163,0.001,8.823272943496704
424,3,116,54026,128,1.6923470497131348,1.6923470497131348,1.4284722805023193,0.001,8.841541767120361
425,3,117,54154,128,1.4345245361328125,1.4345245361328125,1.1923673152923584,0.001,8.85935926437378
426,3,118,54282,128,1.6839758157730103,1.6839758157730103,1.044047474861145,0.001,8.876979351043701
427,3,119,54410,128,1.9769725799560547,1.9769725799560547,0.9382181763648987,0.001,8.894737720489502
428,3,120,54538,128,1.5446816682815552,1.5446816682815552,0.9248839616775513,0.001,8.913061380386353
429,3,121,54666,128,1.5166414976119995,1.5166414976119995,1.015333652496338,0.001,8.93110990524292
430,3,122,54794,128,1.7380585670471191,1.7380585670471191,0.9792295694351196,0.001,8.9489164352417
431,3,123,54922,128,1.9120162725448608,1.9120162725448608,1.0449962615966797,0.001,8.966807842254639
432,3,124,55050,128,1.570639729499817,1.570639729499817,0.76006019115448,0.001,8.984373807907104
433,3,125,55178,128,1.8976104259490967,1.8976104259490967,0.9878178238868713,0.001,9.002050638198853
434,3,126,55306,128,1.610129714012146,1.610129714012146,0.7940309047698975,0.001,9.019861936569214
435,3,127,55434,128,1.718556523323059,1.718556523323059,1.1583482027053833,0.001,9.03809642791748
436,3,128,55562,128,1.429813027381897,1.429813027381897,0.9437099695205688,0.001,9.055769443511963
437,3,129,55690,128,1.6556284427642822,1.6556284427642822,0.9157922863960266,0.001,9.073416709899902
438,3,130,55818,128,1.8488082885742188,1.8488082885742188,0.9947088956832886,0.001,9.09093427658081
439,3,131,55946,128,1.907914400100708,1.907914400100708,1.495123028755188,0.001,9.10901689529419
440,3,132,56074,128,1.8790357112884521,1.8790357112884521,1.2440593242645264,0.001,9.126748085021973
441,3,133,56202,128,1.9344658851623535,1.9344658851623535,1.0822497606277466,0.001,9.14442253112793
442,3,134,56330,128,1.5879355669021606,1.5879355669021606,1.1192142963409424,0.001,9.162071704864502
443,3,135,56458,128,1.4771935939788818,1.4771935939788818,0.8933254480361938,0.001,9.180215120315552
444,3,136,56586,128,1.653213620185852,1.653213620185852,1.067691445350647,0.001,9.197818279266357
445,3,137,56714,128,1.7849665880203247,1.7849665880203247,1.0340605974197388,0.001,9.215115308761597
446,3,138,56842,128,1.8713343143463135,1.8713343143463135,1.1443264484405518,0.001,9.232592105865479
447,3,139,56970,128,1.8255637884140015,1.8255637884140015,1.3682972192764282,0.001,9.250525951385498
448,3,140,57098,128,1.8655085563659668,1.8655085563659668,1.8827505111694336,0.001,9.26806092262268
449,3,141,57226,128,1.9582167863845825,1.9582167863845825,0.8844018578529358,0.001,9.285751104354858
450,3,142,57354,128,1.5738027095794678,1.5738027095794678,1.0921918153762817,0.001,9.304028511047363
451,3,143,57482,128,1.700766921043396,1.700766921043396,0.7986702919006348,0.001,9.321922540664673
452,3,144,57610,128,1.7513591051101685,1.7513591051101685,1.1904023885726929,0.001,9.33946180343628
453,3,145,57738,128,1.4960463047027588,1.4960463047027588,1.3241286277770996,0.001,9.357154369354248
454,3,146,57866,128,1.9345018863677979,1.9345018863677979,1.2281244993209839,0.001,9.375311613082886
455,3,147,57994,128,1.53584623336792,1.53584623336792,1.2503806352615356,0.001,9.392831802368164
456,3,148,58122,128,1.7065633535385132,1.7065633535385132,1.1257942914962769,0.001,9.4104163646698
457,3,149,58250,128,1.620729923248291,1.620729923248291,0.9377309679985046,0.001,9.4279625415802
458,3,150,58378,128,1.4974064826965332,1.4974064826965332,0.8808214664459229,0.001,9.445960998535156
459,3,151,58506,128,1.5457273721694946,1.5457273721694946,1.1199305057525635,0.001,9.464047908782959
460,3,152,58634,128,1.7445703744888306,1.7445703744888306,1.2676784992218018,0.001,9.481750726699829
461,3,153,58762,128,2.0105397701263428,2.0105397701263428,0.6688230633735657,0.001,9.499475240707397
462,3,154,58767,5,1.3457443714141846,1.3457443714141846,1.3513579368591309,0.001,9.502433776855469
463,4,1,58895,128,1.8059959411621094,1.8059959411621094,1.3109773397445679,0.001,10.185109853744507
464,4,2,59023,128,1.6851509809494019,1.6851509809494019,1.3531763553619385,0.001,10.202892541885376
465,4,3,59151,128,2.1824450492858887,2.1824450492858887,1.281921625137329,0.001,10.220625400543213
466,4,4,59279,128,2.0041987895965576,2.0041987895965576,1.019127368927002,0.001,10.238731861114502
467,4,5,59407,128,1.7380917072296143,1.7380917072296143,1.1695520877838135,0.001,10.256289958953857
468,4,6,59535,128,1.8190909624099731,1.8190909624099731,0.9626261591911316,0.001,10.273926019668579
469,4,7,59663,128,1.9479912519454956,1.9479912519454956,1.3455864191055298,0.001,10.291781902313232
470,4,8,59791,128,2.032501220703125,2.032501220703125,1.297006607055664,0.001,10.310240983963013
471,4,9,59919,128,1.8025951385498047,1.8025951385498047,0.8477799296379089,0.001,10.327841997146606
472,4,10,60047,128,1.8722213506698608,1.8722213506698608,1.1182969808578491,0.001,10.34526538848877
473,4,11,60175,128,1.5700719356536865,1.5700719356536865,0.941840410232544,0.001,10.362935304641724
474,4,12,60303,128,2.04357647895813,2.04357647895813,0.9306952953338623,0.001,10.380992412567139
475,4,13,60431,128,2.173548460006714,2.173548460006714,1.156016230583191,0.001,10.398552656173706
476,4,14,60559,128,1.7298147678375244,1.7298147678375244,0.8031578660011292,0.001,10.41591215133667
477,4,15,60687,128,1.8971890211105347,1.8971890211105347,0.9474971890449524,0.001,10.433643341064453
478,4,16,60815,128,2.0025365352630615,2.0025365352630615,1.6597930192947388,0.001,10.451794147491455
479,4,17,60943,128,1.5602810382843018,1.5602810382843018,0.9104824066162109,0.001,10.469507932662964
480,4,18,61071,128,1.4353392124176025,1.4353392124176025,1.3170143365859985,0.001,10.487432479858398
481,4,19,61199,128,1.4757386445999146,1.4757386445999146,1.0763802528381348,0.001,10.505575895309448
482,4,20,61327,128,1.8424099683761597,1.8424099683761597,0.860530436038971,0.001,10.522889375686646
483,4,21,61455,128,1.6375865936279297,1.6375865936279297,0.8299922347068787,0.001,10.540780782699585
484,4,22,61583,128,1.6709465980529785,1.6709465980529785,0.9501772522926331,0.001,10.558575868606567
485,4,23,61711,128,1.7053496837615967,1.7053496837615967,0.848750650882721,0.001,10.57667064666748
486,4,24,61839,128,1.3745064735412598,1.3745064735412598,0.8712260127067566,0.001,10.594264507293701
487,4,25,61967,128,1.6450332403182983,1.6450332403182983,1.1743217706680298,0.001,10.611715316772461
488,4,26,62095,128,1.7031060457229614,1.7031060457229614,1.049606442451477,0.001,10.62915325164795
489,4,27,62223,128,1.62688410282135,1.62688410282135,0.9788345694541931,0.001,10.64694356918335
490,4,28,62351,128,1.5238702297210693,1.5238702297210693,1.5056631565093994,0.001,10.664644241333008
491,4,29,62479,128,1.3684478998184204,1.3684478998184204,1.0971678495407104,0.001,10.682290315628052
492,4,30,62607,128,1.3583600521087646,1.3583600521087646,1.3688993453979492,0.001,10.699875593185425
493,4,31,62735,128,1.3205331563949585,1.3205331563949585,0.8297020792961121,0.001,10.71778678894043
494,4,32,62863,128,1.3309056758880615,1.3309056758880615,1.038434624671936,0.001,10.735329866409302
495,4,33,62991,128,1.6213234663009644,1.6213234663009644,0.7801432609558105,0.001,10.753188610076904
496,4,34,63119,128,1.6794047355651855,1.6794047355651855,1.0736851692199707,0.001,10.770896196365356
497,4,35,63247,128,1.7570163011550903,1.7570163011550903,1.1582525968551636,0.001,10.78865361213684
498,4,36,63375,128,1.5247149467468262,1.5247149467468262,1.174048900604248,0.001,10.806514263153076
499,4,37,63503,128,1.4292048215866089,1.4292048215866089,1.366374135017395,0.001,10.824117660522461
500,4,38,63631,128,1.9639419317245483,1.9639419317245483,0.8011944890022278,0.001,10.842160940170288
501,4,39,63759,128,1.7381384372711182,1.7381384372711182,0.9924660325050354,0.001,10.859680414199829
502,4,40,63887,128,1.7642836570739746,1.7642836570739746,1.0015391111373901,0.001,10.877621173858643
503,4,41,64015,128,1.8511892557144165,1.8511892557144165,1.248481273651123,0.001,10.894814491271973
504,4,42,64143,128,1.543878197669983,1.543878197669983,1.4467668533325195,0.001,10.91277813911438
505,4,43,64271,128,1.7830617427825928,1.7830617427825928,1.2521133422851562,0.001,10.930236577987671
506,4,44,64399,128,1.664534091949463,1.664534091949463,0.7931859493255615,0.001,10.947811126708984
507,4,45,64527,128,1.8537722826004028,1.8537722826004028,1.3108123540878296,0.001,10.965474367141724
508,4,46,64655,128,1.6258115768432617,1.6258115768432617,1.0289323329925537,0.001,10.98444414138794
509,4,47,64783,128,1.417604684829712,1.417604684829712,1.0356723070144653,0.001,11.006025314331055
510,4,48,64911,128,1.599382758140564,1.599382758140564,1.1276172399520874,0.001,11.023609638214111
511,4,49,65039,128,1.661674976348877,1.661674976348877,1.267831802368164,0.001,11.041723489761353
512,4,50,65167,128,1.4028282165527344,1.4028282165527344,0.8814578652381897,0.001,11.059837341308594
513,4,51,65295,128,1.5968377590179443,1.5968377590179443,0.8464322090148926,0.001,11.07773232460022
514,4,52,65423,128,1.5527750253677368,1.5527750253677368,1.1942743062973022,0.001,11.095323324203491
515,4,53,65551,128,1.6701650619506836,1.6701650619506836,1.03708016872406,0.001,11.113418579101562
516,4,54,65679,128,1.7799330949783325,1.7799330949783325,1.2554830312728882,0.001,11.130945682525635
517,4,55,65807,128,1.7417638301849365,1.7417638301849365,1.0300735235214233,0.001,11.148509979248047
518,4,56,65935,128,2.2098758220672607,2.2098758220672607,1.0187921524047852,0.001,11.16599726676941
519,4,57,66063,128,2.4175267219543457,2.4175267219543457,1.3309861421585083,0.001,11.184025526046753
520,4,58,66191,128,1.7734167575836182,1.7734167575836182,0.9037980437278748,0.001,11.201761960983276
521,4,59,66319,128,2.0781681537628174,2.0781681537628174,1.1400036811828613,0.001,11.219429731369019
522,4,60,66447,128,1.4277074337005615,1.4277074337005615,1.1623350381851196,0.001,11.23725938796997
523,4,61,66575,128,2.0457048416137695,2.0457048416137695,1.4268208742141724,0.001,11.2548828125
524,4,62,66703,128,2.1741228103637695,2.1741228103637695,1.1951576471328735,0.001,11.272693634033203
525,4,63,66831,128,2.0324301719665527,2.0324301719665527,1.2235679626464844,0.001,11.290442943572998
526,4,64,66959,128,1.794853925704956,1.794853925704956,1.037166714668274,0.001,11.308332204818726
527,4,65,67087,128,2.0422427654266357,2.0422427654266357,1.210184097290039,0.001,11.32621693611145
528,4,66,67215,128,1.9204599857330322,1.9204599857330322,0.9018794894218445,0.001,11.344021558761597
529,4,67,67343,128,1.9230482578277588,1.9230482578277588,1.3403218984603882,0.001,11.361790418624878
530,4,68,67471,128,1.5230658054351807,1.5230658054351807,1.3186607360839844,0.001,11.379858255386353
531,4,69,67599,128,1.5822094678878784,1.5822094678878784,0.9360522627830505,0.001,11.39771294593811
532,4,70,67727,128,2.030108690261841,2.030108690261841,1.138364553451538,0.001,11.415550947189331
533,4,71,67855,128,1.8542273044586182,1.8542273044586182,1.2459592819213867,0.001,11.433349609375
534,4,72,67983,128,1.8271507024765015,1.8271507024765015,0.7804726958274841,0.001,11.451393365859985
535,4,73,68111,128,1.3759634494781494,1.3759634494781494,0.950685441493988,0.001,11.469047546386719
536,4,74,68239,128,2.08937406539917,2.08937406539917,1.1916180849075317,0.001,11.486563682556152
537,4,75,68367,128,1.6427148580551147,1.6427148580551147,0.9405962228775024,0.001,11.50391149520874
538,4,76,68495,128,1.970692753791809,1.970692753791809,1.1393026113510132,0.001,11.521732568740845
539,4,77,68623,128,1.462992548942566,1.462992548942566,1.372179388999939,0.001,11.539331674575806
540,4,78,68751,128,2.1305899620056152,2.1305899620056152,1.171664834022522,0.001,11.556846141815186
541,4,79,68879,128,1.880267858505249,1.880267858505249,1.0564215183258057,0.001,11.574866771697998
542,4,80,69007,128,1.8549474477767944,1.8549474477767944,1.149359107017517,0.001,11.592578172683716
543,4,81,69135,128,1.7915629148483276,1.7915629148483276,1.0097085237503052,0.001,11.609876871109009
544,4,82,69263,128,1.6100965738296509,1.6100965738296509,0.8716604709625244,0.001,11.627528190612793
545,4,83,69391,128,1.7461037635803223,1.7461037635803223,0.9327020645141602,0.001,11.645477056503296
546,4,84,69519,128,1.4520647525787354,1.4520647525787354,0.8721320033073425,0.001,11.662850379943848
547,4,85,69647,128,1.4405676126480103,1.4405676126480103,1.1571130752563477,0.001,11.680432319641113
548,4,86,69775,128,1.188789963722229,1.188789963722229,1.1969540119171143,0.001,11.697868585586548
549,4,87,69903,128,1.7202520370483398,1.7202520370483398,1.2517656087875366,0.001,11.71583342552185
550,4,88,70031,128,1.870626449584961,1.870626449584961,1.3726024627685547,0.001,11.733611583709717
551,4,89,70159,128,1.3911269903182983,1.3911269903182983,1.0914294719696045,0.001,11.751147270202637
552,4,90,70287,128,1.3802642822265625,1.3802642822265625,1.0509752035140991,0.001,11.768709659576416
553,4,91,70415,128,1.3985750675201416,1.3985750675201416,1.2131940126419067,0.001,11.786872148513794
554,4,92,70543,128,1.657612919807434,1.657612919807434,1.3156917095184326,0.001,11.804232597351074
555,4,93,70671,128,1.674617886543274,1.674617886543274,1.3464093208312988,0.001,11.8215012550354
556,4,94,70799,128,1.8888278007507324,1.8888278007507324,1.1755845546722412,0.001,11.838918209075928
557,4,95,70927,128,1.3978010416030884,1.3978010416030884,1.0678694248199463,0.001,11.856575727462769
558,4,96,71055,128,1.6740676164627075,1.6740676164627075,0.9728227257728577,0.001,11.874082326889038
559,4,97,71183,128,2.0186421871185303,2.0186421871185303,0.9811801314353943,0.001,11.891504049301147
560,4,98,71311,128,1.7957171201705933,1.7957171201705933,1.1105232238769531,0.001,11.909389972686768
561,4,99,71439,128,2.114485502243042,2.114485502243042,1.0474380254745483,0.001,11.926847457885742
562,4,100,71567,128,1.7152477502822876,1.7152477502822876,1.5024656057357788,0.001,11.94442868232727
563,4,101,71695,128,1.7113986015319824,1.7113986015319824,0.952840268611908,0.001,11.964214324951172
564,4,102,71823,128,1.547831654548645,1.547831654548645,1.0634181499481201,0.001,11.982140064239502
565,4,103,71951,128,1.701452612876892,1.701452612876892,1.3494415283203125,0.001,12.000089883804321
566,4,104,72079,128,1.816011667251587,1.816011667251587,0.8974807858467102,0.001,12.017554759979248
567,4,105,72207,128,1.4106783866882324,1.4106783866882324,0.8947210907936096,0.001,12.035244941711426
568,4,106,72335,128,1.349379539489746,1.349379539489746,1.3905818462371826,0.001,12.053590536117554
569,4,107,72463,128,1.5664016008377075,1.5664016008377075,1.1568337678909302,0.001,12.07130765914917
570,4,108,72591,128,1.9771697521209717,1.9771697521209717,0.7711426615715027,0.001,12.089184999465942
571,4,109,72719,128,1.3482728004455566,1.3482728004455566,0.7639668583869934,0.001,12.107404947280884
572,4,110,72847,128,1.5406548976898193,1.5406548976898193,1.159181833267212,0.001,12.1248300075531
573,4,111,72975,128,1.2410616874694824,1.2410616874694824,1.0718097686767578,0.001,12.14233922958374
574,4,112,73103,128,1.6716521978378296,1.6716521978378296,0.9012662768363953,0.001,12.159747123718262
575,4,113,73231,128,1.782092809677124,1.782092809677124,0.7879077196121216,0.001,12.177282094955444
576,4,114,73359,128,2.1552655696868896,2.1552655696868896,1.0367013216018677,0.001,12.19483995437622
577,4,115,73487,128,1.7081336975097656,1.7081336975097656,1.0840855836868286,0.001,12.212319374084473
578,4,116,73615,128,1.473915934562683,1.473915934562683,1.0066338777542114,0.001,12.229850769042969
579,4,117,73743,128,1.4778759479522705,1.4778759479522705,0.706789493560791,0.001,12.247705698013306
580,4,118,73871,128,1.9751213788986206,1.9751213788986206,1.1648986339569092,0.001,12.265559673309326
581,4,119,73999,128,1.4644213914871216,1.4644213914871216,1.4673136472702026,0.001,12.282922267913818
582,4,120,74127,128,1.9846051931381226,1.9846051931381226,1.077236533164978,0.001,12.300557136535645
583,4,121,74255,128,1.6057595014572144,1.6057595014572144,1.1755114793777466,0.001,12.318756103515625
584,4,122,74383,128,1.4066625833511353,1.4066625833511353,1.2850470542907715,0.001,12.336101770401001
585,4,123,74511,128,1.7877053022384644,1.7877053022384644,1.0002294778823853,0.001,12.353581190109253
586,4,124,74639,128,1.8508620262145996,1.8508620262145996,1.1777783632278442,0.001,12.370927095413208
587,4,125,74767,128,1.7112231254577637,1.7112231254577637,1.3832573890686035,0.001,12.38887643814087
588,4,126,74895,128,1.5342299938201904,1.5342299938201904,1.4607566595077515,0.001,12.406402587890625
589,4,127,75023,128,2.2217814922332764,2.2217814922332764,1.2369626760482788,0.001,12.423754930496216
590,4,128,75151,128,1.8686540126800537,1.8686540126800537,0.8482593894004822,0.001,12.441617965698242
591,4,129,75279,128,1.8436243534088135,1.8436243534088135,1.334122896194458,0.001,12.458995580673218
592,4,130,75407,128,1.6208765506744385,1.6208765506744385,1.0925471782684326,0.001,12.476382732391357
593,4,131,75535,128,1.5329633951187134,1.5329633951187134,1.2411749362945557,0.001,12.493783473968506
594,4,132,75663,128,1.5125151872634888,1.5125151872634888,0.7033231854438782,0.001,12.511915922164917
595,4,133,75791,128,1.2833572626113892,1.2833572626113892,1.0194019079208374,0.001,12.529754877090454
596,4,134,75919,128,1.8741698265075684,1.8741698265075684,0.9350667595863342,0.001,12.547357320785522
597,4,135,76047,128,1.7451446056365967,1.7451446056365967,0.7989801168441772,0.001,12.564940690994263
598,4,136,76175,128,1.596936583518982,1.596936583518982,0.9807751774787903,0.001,12.582992553710938
599,4,137,76303,128,1.1787177324295044,1.1787177324295044,1.0267974138259888,0.001,12.6003999710083
600,4,138,76431,128,1.211714744567871,1.211714744567871,0.8828482031822205,0.001,12.617916345596313
601,4,139,76559,128,1.6403999328613281,1.6403999328613281,0.8336159586906433,0.001,12.635582208633423
602,4,140,76687,128,2.9673211574554443,2.9673211574554443,1.1534600257873535,0.001,12.653491020202637
603,4,141,76815,128,2.5314383506774902,2.5314383506774902,1.2871620655059814,0.001,12.670977354049683
604,4,142,76943,128,1.3017266988754272,1.3017266988754272,1.0922257900238037,0.001,12.688677549362183
605,4,143,77071,128,1.5154836177825928,1.5154836177825928,0.9663564562797546,0.001,12.706231355667114
606,4,144,77199,128,1.2378159761428833,1.2378159761428833,1.198019027709961,0.001,12.724363803863525
607,4,145,77327,128,1.4036784172058105,1.4036784172058105,0.9211843013763428,0.001,12.741971731185913
608,4,146,77455,128,1.506457805633545,1.506457805633545,0.9837716817855835,0.001,12.759665966033936
609,4,147,77583,128,1.2137401103973389,1.2137401103973389,1.1499319076538086,0.001,12.777396202087402
610,4,148,77711,128,1.2630125284194946,1.2630125284194946,0.7818718552589417,0.001,12.795026302337646
611,4,149,77839,128,1.4586563110351562,1.4586563110351562,1.0762650966644287,0.001,12.812549591064453
612,4,150,77967,128,1.5493056774139404,1.5493056774139404,0.807504415512085,0.001,12.830108404159546
613,4,151,78095,128,1.5658936500549316,1.5658936500549316,1.4046448469161987,0.001,12.848313570022583
614,4,152,78223,128,1.3664987087249756,1.3664987087249756,0.9178017377853394,0.001,12.865962505340576
615,4,153,78351,128,1.1907203197479248,1.1907203197479248,0.7737672924995422,0.001,12.883608102798462
616,4,154,78356,5,1.8089858293533325,1.8089858293533325,0.3663676679134369,0.001,12.886377573013306
617,5,1,78484,128,1.545733094215393,1.545733094215393,1.059109091758728,0.001,13.571610689163208
618,5,2,78612,128,1.3423337936401367,1.3423337936401367,1.1253739595413208,0.001,13.589226245880127
619,5,3,78740,128,1.560497760772705,1.560497760772705,1.017411708831787,0.001,13.606541872024536
620,5,4,78868,128,1.4148327112197876,1.4148327112197876,1.0910859107971191,0.001,13.623759508132935
621,5,5,78996,128,1.5498806238174438,1.5498806238174438,0.9298468232154846,0.001,13.640950202941895
622,5,6,79124,128,1.3574820756912231,1.3574820756912231,0.7354521155357361,0.001,13.658735036849976
623,5,7,79252,128,1.544738531112671,1.544738531112671,1.1411739587783813,0.001,13.676204204559326
624,5,8,79380,128,1.3159340620040894,1.3159340620040894,0.8156415224075317,0.001,13.693612575531006
625,5,9,79508,128,1.804174780845642,1.804174780845642,1.0882868766784668,0.001,13.710862636566162
626,5,10,79636,128,1.2027736902236938,1.2027736902236938,1.2225173711776733,0.001,13.728399515151978
627,5,11,79764,128,1.7515325546264648,1.7515325546264648,1.48701012134552,0.001,13.74575686454773
628,5,12,79892,128,1.6075369119644165,1.6075369119644165,0.8738775849342346,0.001,13.762866497039795
629,5,13,80020,128,1.9333224296569824,1.9333224296569824,0.9785401821136475,0.001,13.781261444091797
630,5,14,80148,128,1.572539210319519,1.572539210319519,1.3246902227401733,0.001,13.798748254776001
631,5,15,80276,128,1.1803460121154785,1.1803460121154785,1.0653725862503052,0.001,13.816347599029541
632,5,16,80404,128,1.6745171546936035,1.6745171546936035,0.948907196521759,0.001,13.833918333053589
633,5,17,80532,128,1.2436093091964722,1.2436093091964722,0.9465651512145996,0.001,13.852189540863037
634,5,18,80660,128,1.0039281845092773,1.0039281845092773,0.8212716579437256,0.001,13.869973421096802
635,5,19,80788,128,1.6205697059631348,1.6205697059631348,1.119826316833496,0.001,13.88749384880066
636,5,20,80916,128,1.530968427658081,1.530968427658081,1.075705647468567,0.001,13.904695987701416
637,5,21,81044,128,1.5044033527374268,1.5044033527374268,0.9889956116676331,0.001,13.922857522964478
638,5,22,81172,128,1.8112874031066895,1.8112874031066895,0.9517415761947632,0.001,13.940728902816772
639,5,23,81300,128,1.2943971157073975,1.2943971157073975,0.939051628112793,0.001,13.958249568939209
640,5,24,81428,128,1.8314037322998047,1.8314037322998047,1.126929759979248,0.001,13.975695133209229
641,5,25,81556,128,1.6112117767333984,1.6112117767333984,1.0017269849777222,0.001,13.993204355239868
642,5,26,81684,128,1.333813190460205,1.333813190460205,0.8851089477539062,0.001,14.010553359985352
643,5,27,81812,128,1.4797232151031494,1.4797232151031494,1.5712896585464478,0.001,14.02804708480835
644,5,28,81940,128,1.7628589868545532,1.7628589868545532,1.348684549331665,0.001,14.045995473861694
645,5,29,82068,128,1.5568935871124268,1.5568935871124268,0.9778475165367126,0.001,14.064290285110474
646,5,30,82196,128,1.549347162246704,1.549347162246704,0.9621317982673645,0.001,14.081952810287476
647,5,31,82324,128,1.755458950996399,1.755458950996399,0.8828425407409668,0.001,14.099736452102661
648,5,32,82452,128,1.5732239484786987,1.5732239484786987,1.142279863357544,0.001,14.117850065231323
649,5,33,82580,128,1.0586379766464233,1.0586379766464233,1.1644941568374634,0.001,14.135749578475952
650,5,34,82708,128,1.4110431671142578,1.4110431671142578,0.8670905828475952,0.001,14.153554916381836
651,5,35,82836,128,1.508685827255249,1.508685827255249,1.2398200035095215,0.001,14.171256303787231
652,5,36,82964,128,1.3790156841278076,1.3790156841278076,0.9437455534934998,0.001,14.189415454864502
653,5,37,83092,128,1.334887981414795,1.334887981414795,1.1143033504486084,0.001,14.207159519195557
654,5,38,83220,128,1.280690312385559,1.280690312385559,1.0466992855072021,0.001,14.225048065185547
655,5,39,83348,128,1.2841546535491943,1.2841546535491943,1.1069647073745728,0.001,14.242846727371216
656,5,40,83476,128,1.6235332489013672,1.6235332489013672,0.9958738684654236,0.001,14.260382652282715
657,5,41,83604,128,1.9746731519699097,1.9746731519699097,1.142864465713501,0.001,14.278096914291382
658,5,42,83732,128,2.0970141887664795,2.0970141887664795,1.2066991329193115,0.001,14.296135663986206
659,5,43,83860,128,1.2169162034988403,1.2169162034988403,0.9435977339744568,0.001,14.314291715621948
660,5,44,83988,128,1.4413176774978638,1.4413176774978638,1.1611673831939697,0.001,14.331934452056885
661,5,45,84116,128,1.865023136138916,1.865023136138916,1.228411316871643,0.001,14.349406719207764
662,5,46,84244,128,2.1660711765289307,2.1660711765289307,0.9500146508216858,0.001,14.366996049880981
663,5,47,84372,128,2.0206711292266846,2.0206711292266846,0.7468549013137817,0.001,14.385180234909058
664,5,48,84500,128,1.7749547958374023,1.7749547958374023,0.952684223651886,0.001,14.402602672576904
665,5,49,84628,128,1.7365773916244507,1.7365773916244507,0.9782239198684692,0.001,14.42025899887085
666,5,50,84756,128,1.820365309715271,1.820365309715271,1.4315738677978516,0.001,14.437713861465454
667,5,51,84884,128,1.8116697072982788,1.8116697072982788,1.2215304374694824,0.001,14.455716371536255
668,5,52,85012,128,1.4849750995635986,1.4849750995635986,1.1862390041351318,0.001,14.473359107971191
669,5,53,85140,128,1.8251430988311768,1.8251430988311768,1.16011643409729,0.001,14.490572690963745
670,5,54,85268,128,1.9592646360397339,1.9592646360397339,0.8020140528678894,0.001,14.507896661758423
671,5,55,85396,128,1.8257653713226318,1.8257653713226318,1.231015920639038,0.001,14.526048183441162
672,5,56,85524,128,2.4718310832977295,2.4718310832977295,0.9962732195854187,0.001,14.54376745223999
673,5,57,85652,128,1.7610775232315063,1.7610775232315063,0.9513578414916992,0.001,14.561452865600586
674,5,58,85780,128,2.1919891834259033,2.1919891834259033,1.2762359380722046,0.001,14.579607725143433
675,5,59,85908,128,1.9351187944412231,1.9351187944412231,1.1240448951721191,0.001,14.597477674484253
676,5,60,86036,128,1.8297160863876343,1.8297160863876343,1.3528639078140259,0.001,14.614935398101807
677,5,61,86164,128,1.634497046470642,1.634497046470642,1.2567925453186035,0.001,14.632648229598999
678,5,62,86292,128,1.43291175365448,1.43291175365448,1.2024195194244385,0.001,14.650570154190063
679,5,63,86420,128,1.347837209701538,1.347837209701538,1.1371437311172485,0.001,14.668349504470825
680,5,64,86548,128,1.8718926906585693,1.8718926906585693,0.838862419128418,0.001,14.685861349105835
681,5,65,86676,128,1.4432400465011597,1.4432400465011597,0.8262172937393188,0.001,14.703681707382202
682,5,66,86804,128,1.4254226684570312,1.4254226684570312,0.6576668620109558,0.001,14.721624612808228
683,5,67,86932,128,1.428334355354309,1.428334355354309,0.9847760200500488,0.001,14.739418268203735
684,5,68,87060,128,1.4815155267715454,1.4815155267715454,1.2091211080551147,0.001,14.757015228271484
685,5,69,87188,128,1.4920176267623901,1.4920176267623901,1.2905470132827759,0.001,14.774581670761108
686,5,70,87316,128,1.3585277795791626,1.3585277795791626,1.2320823669433594,0.001,14.793018102645874
687,5,71,87444,128,1.645959734916687,1.645959734916687,1.0463215112686157,0.001,14.810670137405396
688,5,72,87572,128,1.4289153814315796,1.4289153814315796,1.113884687423706,0.001,14.828097581863403
689,5,73,87700,128,1.1192173957824707,1.1192173957824707,1.5507673025131226,0.001,14.845923662185669
690,5,74,87828,128,1.6619564294815063,1.6619564294815063,1.2312031984329224,0.001,14.86372423171997
691,5,75,87956,128,1.207215666770935,1.207215666770935,0.9791330099105835,0.001,14.881590843200684
692,5,76,88084,128,1.1704895496368408,1.1704895496368408,0.8708469867706299,0.001,14.899312019348145
693,5,77,88212,128,1.3122973442077637,1.3122973442077637,1.012753963470459,0.001,14.917319774627686
694,5,78,88340,128,1.6345412731170654,1.6345412731170654,1.2316811084747314,0.001,14.935300350189209
695,5,79,88468,128,1.0768502950668335,1.0768502950668335,1.1308588981628418,0.001,14.95301628112793
696,5,80,88596,128,1.631233811378479,1.631233811378479,0.9960404634475708,0.001,14.97066330909729
697,5,81,88724,128,1.398992896080017,1.398992896080017,1.2658295631408691,0.001,14.988547086715698
698,5,82,88852,128,1.590914011001587,1.590914011001587,0.8345783948898315,0.001,15.006145000457764
699,5,83,88980,128,1.9300315380096436,1.9300315380096436,1.1720932722091675,0.001,15.02379322052002
700,5,84,89108,128,1.4362248182296753,1.4362248182296753,1.217483639717102,0.001,15.041510820388794
701,5,85,89236,128,1.5971330404281616,1.5971330404281616,1.0030966997146606,0.001,15.059800386428833
702,5,86,89364,128,1.2272443771362305,1.2272443771362305,0.92750084400177,0.001,15.077782154083252
703,5,87,89492,128,1.2814043760299683,1.2814043760299683,0.695620596408844,0.001,15.095771789550781
704,5,88,89620,128,1.5687512159347534,1.5687512159347534,0.7501084804534912,0.001,15.113840103149414
705,5,89,89748,128,1.6133382320404053,1.6133382320404053,1.1753734350204468,0.001,15.131810426712036
706,5,90,89876,128,1.6574015617370605,1.6574015617370605,1.0450001955032349,0.001,15.149580240249634
707,5,91,90004,128,1.4359533786773682,1.4359533786773682,0.9904661178588867,0.001,15.167413473129272
708,5,92,90132,128,1.7187910079956055,1.7187910079956055,1.080631136894226,0.001,15.185482025146484
709,5,93,90260,128,1.4498672485351562,1.4498672485351562,1.0524686574935913,0.001,15.20305323600769
710,5,94,90388,128,1.5601634979248047,1.5601634979248047,1.039286732673645,0.001,15.220770835876465
711,5,95,90516,128,1.2822329998016357,1.2822329998016357,1.1400465965270996,0.001,15.238435745239258
712,5,96,90644,128,1.3209244012832642,1.3209244012832642,0.9000557661056519,0.001,15.256473064422607
713,5,97,90772,128,1.1981114149093628,1.1981114149093628,1.1010539531707764,0.001,15.274388551712036
714,5,98,90900,128,1.5737004280090332,1.5737004280090332,1.1116169691085815,0.001,15.291987895965576
715,5,99,91028,128,1.715995192527771,1.715995192527771,1.4432909488677979,0.001,15.309899806976318
716,5,100,91156,128,1.1618372201919556,1.1618372201919556,0.924830973148346,0.001,15.328190088272095
717,5,101,91284,128,1.547581434249878,1.547581434249878,1.0970219373703003,0.001,15.346043109893799
718,5,102,91412,128,1.499235987663269,1.499235987663269,1.070937991142273,0.001,15.363935232162476
719,5,103,91540,128,1.2049345970153809,1.2049345970153809,0.8587028980255127,0.001,15.382238149642944
720,5,104,91668,128,1.2820467948913574,1.2820467948913574,1.1630600690841675,0.001,15.400001764297485
721,5,105,91796,128,1.1789042949676514,1.1789042949676514,1.1824638843536377,0.001,15.417537927627563
722,5,106,91924,128,1.1894108057022095,1.1894108057022095,1.1545404195785522,0.001,15.434942245483398
723,5,107,92052,128,1.5556073188781738,1.5556073188781738,1.2872291803359985,0.001,15.452878475189209
724,5,108,92180,128,1.059505581855774,1.059505581855774,1.2607178688049316,0.001,15.470719575881958
725,5,109,92308,128,1.648608684539795,1.648608684539795,1.2186923027038574,0.001,15.488523960113525
726,5,110,92436,128,0.9869584441184998,0.9869584441184998,1.0143131017684937,0.001,15.505879163742065
727,5,111,92564,128,1.4033193588256836,1.4033193588256836,1.2607682943344116,0.001,15.523950815200806
728,5,112,92692,128,1.5852183103561401,1.5852183103561401,0.9557930827140808,0.001,15.541770935058594
729,5,113,92820,128,1.3056988716125488,1.3056988716125488,1.1209555864334106,0.001,15.55961561203003
730,5,114,92948,128,0.9646353721618652,0.9646353721618652,1.1996124982833862,0.001,15.577326774597168
731,5,115,93076,128,1.59238862991333,1.59238862991333,1.13895583152771,0.001,15.59539532661438
732,5,116,93204,128,1.3164490461349487,1.3164490461349487,1.1281956434249878,0.001,15.612997055053711
733,5,117,93332,128,1.2474106550216675,1.2474106550216675,0.9058483839035034,0.001,15.63063383102417
734,5,118,93460,128,1.4095584154129028,1.4095584154129028,1.005873203277588,0.001,15.648289203643799
735,5,119,93588,128,1.769906997680664,1.769906997680664,1.0430291891098022,0.001,15.665844917297363
736,5,120,93716,128,0.991104781627655,0.991104781627655,1.4860824346542358,0.001,15.683387994766235
737,5,121,93844,128,1.2510607242584229,1.2510607242584229,1.4318442344665527,0.001,15.701348781585693
738,5,122,93972,128,1.4349637031555176,1.4349637031555176,1.2234846353530884,0.001,15.719212532043457
739,5,123,94100,128,1.0692979097366333,1.0692979097366333,0.9324670433998108,0.001,15.736885786056519
740,5,124,94228,128,1.271924614906311,1.271924614906311,1.206392765045166,0.001,15.754588842391968
741,5,125,94356,128,1.0880030393600464,1.0880030393600464,1.1135233640670776,0.001,15.772132873535156
742,5,126,94484,128,1.1019761562347412,1.1019761562347412,1.468906283378601,0.001,15.790307760238647
743,5,127,94612,128,1.433374047279358,1.433374047279358,1.463475227355957,0.001,15.808123588562012
744,5,128,94740,128,1.5741806030273438,1.5741806030273438,1.113953948020935,0.001,15.825523614883423
745,5,129,94868,128,1.2096461057662964,1.2096461057662964,0.8539879322052002,0.001,15.842988967895508
746,5,130,94996,128,1.201967716217041,1.201967716217041,0.9901960492134094,0.001,15.860916376113892
747,5,131,95124,128,1.2471648454666138,1.2471648454666138,0.9437904953956604,0.001,15.878516674041748
748,5,132,95252,128,1.55454421043396,1.55454421043396,1.429726243019104,0.001,15.896185398101807
749,5,133,95380,128,1.2224515676498413,1.2224515676498413,0.9797003269195557,0.001,15.91398310661316
750,5,134,95508,128,1.1434962749481201,1.1434962749481201,1.0601513385772705,0.001,15.931841850280762
751,5,135,95636,128,1.1331337690353394,1.1331337690353394,0.9888975024223328,0.001,15.94948673248291
752,5,136,95764,128,1.3208051919937134,1.3208051919937134,0.7520241737365723,0.001,15.967200517654419
753,5,137,95892,128,1.3094637393951416,1.3094637393951416,0.8754903078079224,0.001,15.985177993774414
754,5,138,96020,128,1.4069807529449463,1.4069807529449463,1.0419942140579224,0.001,16.00273084640503
755,5,139,96148,128,1.2541838884353638,1.2541838884353638,0.8009768128395081,0.001,16.02027201652527
756,5,140,96276,128,1.31475031375885,1.31475031375885,1.317650318145752,0.001,16.03776741027832
757,5,141,96404,128,1.295279622077942,1.295279622077942,1.0358589887619019,0.001,16.056182861328125
758,5,142,96532,128,1.6908740997314453,1.6908740997314453,1.442864179611206,0.001,16.074932098388672
759,5,143,96660,128,1.3303459882736206,1.3303459882736206,1.0443174839019775,0.001,16.093031406402588
760,5,144,96788,128,1.3274250030517578,1.3274250030517578,0.837022602558136,0.001,16.110639333724976
761,5,145,96916,128,0.9742504954338074,0.9742504954338074,1.266763687133789,0.001,16.12875270843506
762,5,146,97044,128,1.6694509983062744,1.6694509983062744,1.4666060209274292,0.001,16.14643692970276
763,5,147,97172,128,1.5246336460113525,1.5246336460113525,1.2967840433120728,0.001,16.164064168930054
764,5,148,97300,128,1.2492669820785522,1.2492669820785522,1.1109166145324707,0.001,16.182058811187744
765,5,149,97428,128,1.5024334192276,1.5024334192276,0.9552885293960571,0.001,16.199886083602905
766,5,150,97556,128,1.2521603107452393,1.2521603107452393,1.0669865608215332,0.001,16.217706203460693
767,5,151,97684,128,1.460405707359314,1.460405707359314,0.9208155274391174,0.001,16.23569917678833
768,5,152,97812,128,1.2545307874679565,1.2545307874679565,0.9845839738845825,0.001,16.253960371017456
769,5,153,97940,128,1.59629487991333,1.59629487991333,1.6002134084701538,0.001,16.271820306777954
770,5,154,97945,5,1.4280287027359009,1.4280287027359009,0.47749292850494385,0.001,16.274651288986206
771,6,1,98073,128,1.561218500137329,1.561218500137329,0.8363022804260254,0.001,16.959879636764526
772,6,2,98201,128,1.547252893447876,1.547252893447876,1.0602093935012817,0.001,16.977585554122925
773,6,3,98329,128,1.2859902381896973,1.2859902381896973,1.1267155408859253,0.001,16.9957058429718
774,6,4,98457,128,1.4395718574523926,1.4395718574523926,1.064185619354248,0.001,17.01359248161316
775,6,5,98585,128,1.2579193115234375,1.2579193115234375,0.9146215915679932,0.001,17.03131937980652
776,6,6,98713,128,1.72810697555542,1.72810697555542,0.9931074976921082,0.001,17.049297332763672
777,6,7,98841,128,1.0306888818740845,1.0306888818740845,0.7991158366203308,0.001,17.067171812057495
778,6,8,98969,128,1.2836697101593018,1.2836697101593018,0.8976499438285828,0.001,17.084606885910034
779,6,9,99097,128,1.71212899684906,1.71212899684906,1.0533266067504883,0.001,17.102200984954834
780,6,10,99225,128,1.0555998086929321,1.0555998086929321,1.4037710428237915,0.001,17.119958877563477
781,6,11,99353,128,1.4756770133972168,1.4756770133972168,1.2610527276992798,0.001,17.137611150741577
782,6,12,99481,128,1.4407415390014648,1.4407415390014648,1.2524796724319458,0.001,17.15517568588257
783,6,13,99609,128,1.298328161239624,1.298328161239624,0.8630703091621399,0.001,17.173194408416748
784,6,14,99737,128,1.3944123983383179,1.3944123983383179,0.8244268894195557,0.001,17.190898895263672
785,6,15,99865,128,1.2062793970108032,1.2062793970108032,0.9882204532623291,0.001,17.208576917648315
786,6,16,99993,128,1.3369473218917847,1.3369473218917847,1.0523900985717773,0.001,17.226313829421997
787,6,17,100121,128,1.2230184078216553,1.2230184078216553,1.3221492767333984,0.001,17.243929386138916
788,6,18,100249,128,1.1338272094726562,1.1338272094726562,1.0151649713516235,0.001,17.261821269989014
789,6,19,100377,128,1.0310389995574951,1.0310389995574951,0.9645094871520996,0.001,17.27953815460205
790,6,20,100505,128,1.1687403917312622,1.1687403917312622,0.9760406613349915,0.001,17.296753406524658
791,6,21,100633,128,1.0123933553695679,1.0123933553695679,1.1681618690490723,0.001,17.31429672241211
792,6,22,100761,128,1.181032419204712,1.181032419204712,1.0120066404342651,0.001,17.332343816757202
793,6,23,100889,128,1.1940165758132935,1.1940165758132935,0.9916787147521973,0.001,17.349834203720093
794,6,24,101017,128,1.4324613809585571,1.4324613809585571,1.0548365116119385,0.001,17.367452383041382
795,6,25,101145,128,1.788116455078125,1.788116455078125,1.1755423545837402,0.001,17.385490894317627
796,6,26,101273,128,1.901418685913086,1.901418685913086,1.0625507831573486,0.001,17.403000116348267
797,6,27,101401,128,1.4129291772842407,1.4129291772842407,0.731062114238739,0.001,17.420624017715454
798,6,28,101529,128,1.422932744026184,1.422932744026184,1.0602928400039673,0.001,17.4381365776062
799,6,29,101657,128,1.0560582876205444,1.0560582876205444,0.957884669303894,0.001,17.456074476242065
800,6,30,101785,128,1.2565629482269287,1.2565629482269287,1.1393853425979614,0.001,17.473580837249756
801,6,31,101913,128,1.2354501485824585,1.2354501485824585,0.9209639430046082,0.001,17.49140739440918
802,6,32,102041,128,1.4437164068222046,1.4437164068222046,1.280274748802185,0.001,17.509040117263794
803,6,33,102169,128,1.6737803220748901,1.6737803220748901,1.1381124258041382,0.001,17.52680492401123
804,6,34,102297,128,1.3628127574920654,1.3628127574920654,1.0209827423095703,0.001,17.544184923171997
805,6,35,102425,128,1.22806978225708,1.22806978225708,1.5547147989273071,0.001,17.56153678894043
806,6,36,102553,128,1.3613853454589844,1.3613853454589844,0.9033437371253967,0.001,17.578995943069458
807,6,37,102681,128,1.2419103384017944,1.2419103384017944,1.073146939277649,0.001,17.596978425979614
808,6,38,102809,128,1.4243746995925903,1.4243746995925903,1.3212870359420776,0.001,17.61443567276001
809,6,39,102937,128,1.4797123670578003,1.4797123670578003,1.083095908164978,0.001,17.6321063041687
810,6,40,103065,128,1.518118143081665,1.518118143081665,1.300451636314392,0.001,17.649669647216797
811,6,41,103193,128,1.5365972518920898,1.5365972518920898,1.209762692451477,0.001,17.66749930381775
812,6,42,103321,128,1.6097475290298462,1.6097475290298462,0.9411333203315735,0.001,17.68558692932129
813,6,43,103449,128,1.3565852642059326,1.3565852642059326,1.159224033355713,0.001,17.703583240509033
814,6,44,103577,128,1.7787798643112183,1.7787798643112183,1.2557568550109863,0.001,17.72217106819153
815,6,45,103705,128,1.1648753881454468,1.1648753881454468,0.8330450057983398,0.001,17.740177869796753
816,6,46,103833,128,1.4524450302124023,1.4524450302124023,1.351464867591858,0.001,17.757967710494995
817,6,47,103961,128,0.992996335029602,0.992996335029602,1.1770172119140625,0.001,17.775651931762695
818,6,48,104089,128,1.1361280679702759,1.1361280679702759,1.0159779787063599,0.001,17.793615579605103
819,6,49,104217,128,1.090362548828125,1.090362548828125,1.0491358041763306,0.001,17.81136202812195
820,6,50,104345,128,1.1944552659988403,1.1944552659988403,1.113377571105957,0.001,17.82876443862915
821,6,51,104473,128,1.0616892576217651,1.0616892576217651,1.2402862310409546,0.001,17.846555948257446
822,6,52,104601,128,1.2568055391311646,1.2568055391311646,1.1860111951828003,0.001,17.865253925323486
823,6,53,104729,128,0.8429909944534302,0.8429909944534302,1.0559495687484741,0.001,17.88336992263794
824,6,54,104857,128,1.2623683214187622,1.2623683214187622,0.9623637199401855,0.001,17.90131115913391
825,6,55,104985,128,0.9946140646934509,0.9946140646934509,1.1226953268051147,0.001,17.91928482055664
826,6,56,105113,128,1.1204804182052612,1.1204804182052612,0.930818498134613,0.001,17.93736219406128
827,6,57,105241,128,1.1296875476837158,1.1296875476837158,1.1584395170211792,0.001,17.955293655395508
828,6,58,105369,128,1.3132797479629517,1.3132797479629517,1.1091811656951904,0.001,17.97319746017456
829,6,59,105497,128,1.6452840566635132,1.6452840566635132,0.8251632452011108,0.001,17.991227388381958
830,6,60,105625,128,1.460201382637024,1.460201382637024,0.9701428413391113,0.001,18.00942087173462
831,6,61,105753,128,1.2880676984786987,1.2880676984786987,1.1077356338500977,0.001,18.027400970458984
832,6,62,105881,128,1.144175410270691,1.144175410270691,1.2438740730285645,0.001,18.045032739639282
833,6,63,106009,128,1.5254476070404053,1.5254476070404053,1.0409464836120605,0.001,18.06333875656128
834,6,64,106137,128,1.3920366764068604,1.3920366764068604,1.3667830228805542,0.001,18.081329822540283
835,6,65,106265,128,1.2379953861236572,1.2379953861236572,1.1733331680297852,0.001,18.09867525100708
836,6,66,106393,128,1.2502045631408691,1.2502045631408691,0.9040049314498901,0.001,18.11661696434021
837,6,67,106521,128,1.2043184041976929,1.2043184041976929,1.0084149837493896,0.001,18.134374141693115
838,6,68,106649,128,1.2883052825927734,1.2883052825927734,0.8015844821929932,0.001,18.1519615650177
839,6,69,106777,128,1.1554174423217773,1.1554174423217773,1.125652551651001,0.001,18.16971254348755
840,6,70,106905,128,1.3049172163009644,1.3049172163009644,0.9076441526412964,0.001,18.18800640106201
841,6,71,107033,128,1.1703569889068604,1.1703569889068604,0.9576454162597656,0.001,18.205811262130737
842,6,72,107161,128,1.7437711954116821,1.7437711954116821,1.023444414138794,0.001,18.223515272140503
843,6,73,107289,128,1.5360074043273926,1.5360074043273926,1.3199458122253418,0.001,18.241325855255127
844,6,74,107417,128,1.0796905755996704,1.0796905755996704,1.0616860389709473,0.001,18.259544134140015
845,6,75,107545,128,1.0368342399597168,1.0368342399597168,0.8797711133956909,0.001,18.277072191238403
846,6,76,107673,128,1.4911861419677734,1.4911861419677734,1.2933095693588257,0.001,18.294580459594727
847,6,77,107801,128,1.2094485759735107,1.2094485759735107,0.890047013759613,0.001,18.312225818634033
848,6,78,107929,128,1.4296199083328247,1.4296199083328247,1.0250486135482788,0.001,18.330135822296143
849,6,79,108057,128,1.0992074012756348,1.0992074012756348,1.1018469333648682,0.001,18.348053693771362
850,6,80,108185,128,0.9212530255317688,0.9212530255317688,1.0291026830673218,0.001,18.365740537643433
851,6,81,108313,128,1.4529906511306763,1.4529906511306763,1.0101302862167358,0.001,18.38322114944458
852,6,82,108441,128,1.309059739112854,1.309059739112854,1.0261527299880981,0.001,18.4016056060791
853,6,83,108569,128,1.485231637954712,1.485231637954712,0.9363287687301636,0.001,18.418898820877075
854,6,84,108697,128,1.6540372371673584,1.6540372371673584,0.8272098898887634,0.001,18.436476707458496
855,6,85,108825,128,1.2547860145568848,1.2547860145568848,0.8445523977279663,0.001,18.454582691192627
856,6,86,108953,128,1.3153798580169678,1.3153798580169678,1.0347568988800049,0.001,18.47313666343689
857,6,87,109081,128,1.2760777473449707,1.2760777473449707,1.31828773021698,0.001,18.490861654281616
858,6,88,109209,128,1.8294919729232788,1.8294919729232788,1.148123025894165,0.001,18.508668899536133
859,6,89,109337,128,0.9087174534797668,0.9087174534797668,0.8926381468772888,0.001,18.52685236930847
860,6,90,109465,128,1.283198356628418,1.283198356628418,1.3336973190307617,0.001,18.544615983963013
861,6,91,109593,128,1.2384495735168457,1.2384495735168457,0.8664737939834595,0.001,18.562233924865723
862,6,92,109721,128,1.5957163572311401,1.5957163572311401,1.5573798418045044,0.001,18.579638481140137
863,6,93,109849,128,1.3769681453704834,1.3769681453704834,1.3955637216567993,0.001,18.597495794296265
864,6,94,109977,128,1.3481467962265015,1.3481467962265015,1.0496269464492798,0.001,18.61501932144165
865,6,95,110105,128,1.2432079315185547,1.2432079315185547,1.5741944313049316,0.001,18.632561922073364
866,6,96,110233,128,1.4159531593322754,1.4159531593322754,0.9720300436019897,0.001,18.650322914123535
867,6,97,110361,128,1.3407212495803833,1.3407212495803833,0.8259033560752869,0.001,18.668790578842163
868,6,98,110489,128,1.1845500469207764,1.1845500469207764,1.4696842432022095,0.001,18.690297603607178
869,6,99,110617,128,1.481866717338562,1.481866717338562,0.9348230361938477,0.001,18.707791805267334
870,6,100,110745,128,1.7235897779464722,1.7235897779464722,1.031749963760376,0.001,18.725991010665894
871,6,101,110873,128,1.4476025104522705,1.4476025104522705,1.093041181564331,0.001,18.743655920028687
872,6,102,111001,128,1.4171394109725952,1.4171394109725952,1.427104115486145,0.001,18.761295557022095
873,6,103,111129,128,1.3133248090744019,1.3133248090744019,0.8349229097366333,0.001,18.7789146900177
874,6,104,111257,128,1.4929801225662231,1.4929801225662231,1.0881259441375732,0.001,18.79720973968506
875,6,105,111385,128,1.567322015762329,1.567322015762329,0.9980332851409912,0.001,18.814756155014038
876,6,106,111513,128,1.1984971761703491,1.1984971761703491,1.1239521503448486,0.001,18.832642078399658
877,6,107,111641,128,1.1612985134124756,1.1612985134124756,1.5369653701782227,0.001,18.850534915924072
878,6,108,111769,128,1.208375334739685,1.208375334739685,1.92896568775177,0.001,18.86840319633484
879,6,109,111897,128,1.215160846710205,1.215160846710205,0.9764366149902344,0.001,18.887353897094727
880,6,110,112025,128,1.037498950958252,1.037498950958252,1.030408501625061,0.001,18.90562653541565
881,6,111,112153,128,1.4010365009307861,1.4010365009307861,1.0045322179794312,0.001,18.923653841018677
882,6,112,112281,128,1.4636204242706299,1.4636204242706299,1.2305850982666016,0.001,18.94129490852356
883,6,113,112409,128,1.1615869998931885,1.1615869998931885,1.0712363719940186,0.001,18.95883798599243
884,6,114,112537,128,1.3825231790542603,1.3825231790542603,1.0938167572021484,0.001,18.976634979248047
885,6,115,112665,128,1.28998863697052,1.28998863697052,0.9785205125808716,0.001,18.994706630706787
886,6,116,112793,128,1.1598789691925049,1.1598789691925049,0.9117850065231323,0.001,19.012500524520874
887,6,117,112921,128,0.8084020614624023,0.8084020614624023,0.9920069575309753,0.001,19.030083417892456
888,6,118,113049,128,1.1629616022109985,1.1629616022109985,1.0963736772537231,0.001,19.047751903533936
889,6,119,113177,128,1.159150242805481,1.159150242805481,1.0333082675933838,0.001,19.066032648086548
890,6,120,113305,128,1.6586415767669678,1.6586415767669678,1.1626676321029663,0.001,19.08370089530945
891,6,121,113433,128,1.3345208168029785,1.3345208168029785,1.3037878274917603,0.001,19.101459980010986
892,6,122,113561,128,1.5038433074951172,1.5038433074951172,0.9170699119567871,0.001,19.119725227355957
893,6,123,113689,128,1.1025010347366333,1.1025010347366333,1.2308034896850586,0.001,19.13760995864868
894,6,124,113817,128,1.516115665435791,1.516115665435791,1.508148431777954,0.001,19.15517520904541
895,6,125,113945,128,1.1554410457611084,1.1554410457611084,1.0682047605514526,0.001,19.172785997390747
896,6,126,114073,128,1.1285594701766968,1.1285594701766968,1.2485610246658325,0.001,19.19062900543213
897,6,127,114201,128,0.867119550704956,0.867119550704956,1.2101982831954956,0.001,19.20858073234558
898,6,128,114329,128,1.0683369636535645,1.0683369636535645,1.1830008029937744,0.001,19.226227521896362
899,6,129,114457,128,1.288857102394104,1.288857102394104,1.0173226594924927,0.001,19.24402618408203
900,6,130,114585,128,1.1768242120742798,1.1768242120742798,0.9942047595977783,0.001,19.262048482894897
901,6,131,114713,128,1.1455193758010864,1.1455193758010864,1.4153926372528076,0.001,19.279873847961426
902,6,132,114841,128,1.3604695796966553,1.3604695796966553,1.0192582607269287,0.001,19.297654151916504
903,6,133,114969,128,1.272668480873108,1.272668480873108,0.8700551390647888,0.001,19.315545082092285
904,6,134,115097,128,1.274398922920227,1.274398922920227,1.1581192016601562,0.001,19.33375310897827
905,6,135,115225,128,1.111092209815979,1.111092209815979,1.003445029258728,0.001,19.351344347000122
906,6,136,115353,128,1.1648125648498535,1.1648125648498535,1.0904695987701416,0.001,19.369242191314697
907,6,137,115481,128,0.924792468547821,0.924792468547821,0.9827309250831604,0.001,19.387540102005005
908,6,138,115609,128,1.1550331115722656,1.1550331115722656,1.3064402341842651,0.001,19.40536093711853
909,6,139,115737,128,1.5718581676483154,1.5718581676483154,0.9789681434631348,0.001,19.423293828964233
910,6,140,115865,128,1.346811294555664,1.346811294555664,0.7978752851486206,0.001,19.440961837768555
911,6,141,115993,128,1.0626111030578613,1.0626111030578613,1.1398019790649414,0.001,19.459052085876465
912,6,142,116121,128,1.0974141359329224,1.0974141359329224,0.9094768762588501,0.001,19.476764678955078
913,6,143,116249,128,1.2239243984222412,1.2239243984222412,0.9771669507026672,0.001,19.494646072387695
914,6,144,116377,128,1.1950253248214722,1.1950253248214722,1.4262144565582275,0.001,19.51226830482483
915,6,145,116505,128,1.2224175930023193,1.2224175930023193,0.9010238647460938,0.001,19.53030514717102
916,6,146,116633,128,1.1620527505874634,1.1620527505874634,1.2335484027862549,0.001,19.54778552055359
917,6,147,116761,128,1.4508962631225586,1.4508962631225586,0.9272839426994324,0.001,19.565284252166748
918,6,148,116889,128,1.4710036516189575,1.4710036516189575,0.9520079493522644,0.001,19.582785606384277
919,6,149,117017,128,1.5862375497817993,1.5862375497817993,0.9139650464057922,0.001,19.600960731506348
920,6,150,117145,128,1.73843514919281,1.73843514919281,1.4357308149337769,0.001,19.61876392364502
921,6,151,117273,128,1.6183276176452637,1.6183276176452637,1.1503369808197021,0.001,19.636533975601196
922,6,152,117401,128,1.2843115329742432,1.2843115329742432,0.8792761564254761,0.001,19.654301166534424
923,6,153,117529,128,1.2663267850875854,1.2663267850875854,1.020420789718628,0.001,19.672276735305786
924,6,154,117534,5,1.6439540386199951,1.6439540386199951,1.2356404066085815,0.001,19.675012826919556
925,7,1,117662,128,1.1073229312896729,1.1073229312896729,1.0401113033294678,0.001,20.362447023391724
926,7,2,117790,128,1.2447141408920288,1.2447141408920288,0.7748188376426697,0.001,20.379990577697754
927,7,3,117918,128,1.2969341278076172,1.2969341278076172,0.8212243318557739,0.001,20.397980451583862
928,7,4,118046,128,1.2253153324127197,1.2253153324127197,0.8937645554542542,0.001,20.415727376937866
929,7,5,118174,128,1.974172830581665,1.974172830581665,1.269058108329773,0.001,20.433089017868042
930,7,6,118302,128,1.1329330205917358,1.1329330205917358,1.261688232421875,0.001,20.45075488090515
931,7,7,118430,128,1.55579674243927,1.55579674243927,0.9506038427352905,0.001,20.468739986419678
932,7,8,118558,128,1.5683642625808716,1.5683642625808716,0.9168398380279541,0.001,20.486193418502808
933,7,9,118686,128,1.6752469539642334,1.6752469539642334,0.7654041647911072,0.001,20.503841161727905
934,7,10,118814,128,1.535412311553955,1.535412311553955,0.8313109874725342,0.001,20.5218825340271
935,7,11,118942,128,1.0530130863189697,1.0530130863189697,1.1898045539855957,0.001,20.539668560028076
936,7,12,119070,128,1.2610690593719482,1.2610690593719482,0.9836232662200928,0.001,20.557207822799683
937,7,13,119198,128,1.2441329956054688,1.2441329956054688,0.9230998158454895,0.001,20.574679374694824
938,7,14,119326,128,1.5841082334518433,1.5841082334518433,1.0153064727783203,0.001,20.592329740524292
939,7,15,119454,128,1.4369258880615234,1.4369258880615234,0.8626282811164856,0.001,20.609920263290405
940,7,16,119582,128,1.497673511505127,1.497673511505127,0.6787005662918091,0.001,20.627490282058716
941,7,17,119710,128,1.1786861419677734,1.1786861419677734,1.5023255348205566,0.001,20.645233392715454
942,7,18,119838,128,1.226443886756897,1.226443886756897,1.4869529008865356,0.001,20.662949562072754
943,7,19,119966,128,1.163443922996521,1.163443922996521,0.9406414031982422,0.001,20.6807918548584
944,7,20,120094,128,1.2605617046356201,1.2605617046356201,1.2367956638336182,0.001,20.698172569274902
945,7,21,120222,128,1.584033727645874,1.584033727645874,1.2998424768447876,0.001,20.715777158737183
946,7,22,120350,128,1.6320266723632812,1.6320266723632812,0.7109836339950562,0.001,20.73377823829651
947,7,23,120478,128,1.4010579586029053,1.4010579586029053,1.2552878856658936,0.001,20.751224279403687
948,7,24,120606,128,1.4698089361190796,1.4698089361190796,1.1819745302200317,0.001,20.76876211166382
949,7,25,120734,128,1.5502920150756836,1.5502920150756836,1.054677963256836,0.001,20.786334991455078
950,7,26,120862,128,1.3402411937713623,1.3402411937713623,1.3026165962219238,0.001,20.803820371627808
951,7,27,120990,128,1.6662075519561768,1.6662075519561768,1.042249321937561,0.001,20.821338176727295
952,7,28,121118,128,1.4800890684127808,1.4800890684127808,1.0515648126602173,0.001,20.838579416275024
953,7,29,121246,128,1.1293859481811523,1.1293859481811523,0.8128333687782288,0.001,20.856138944625854
954,7,30,121374,128,1.1828382015228271,1.1828382015228271,1.3380130529403687,0.001,20.87338399887085
955,7,31,121502,128,1.1922929286956787,1.1922929286956787,1.159680724143982,0.001,20.890998601913452
956,7,32,121630,128,1.1729905605316162,1.1729905605316162,1.1343327760696411,0.001,20.908305883407593
957,7,33,121758,128,1.6322892904281616,1.6322892904281616,1.1502567529678345,0.001,20.926029920578003
958,7,34,121886,128,0.9803240895271301,0.9803240895271301,1.1500145196914673,0.001,20.943326234817505
959,7,35,122014,128,1.1661521196365356,1.1661521196365356,1.5680195093154907,0.001,20.960832357406616
960,7,36,122142,128,1.5075323581695557,1.5075323581695557,1.0957900285720825,0.001,20.97788381576538
961,7,37,122270,128,1.349642276763916,1.349642276763916,1.2259494066238403,0.001,20.995574951171875
962,7,38,122398,128,1.1483526229858398,1.1483526229858398,0.7655364871025085,0.001,21.012827396392822
963,7,39,122526,128,1.0344570875167847,1.0344570875167847,0.8662251830101013,0.001,21.029923915863037
964,7,40,122654,128,1.0414564609527588,1.0414564609527588,1.1649460792541504,0.001,21.047091722488403
965,7,41,122782,128,1.25751531124115,1.25751531124115,1.0807914733886719,0.001,21.064841747283936
966,7,42,122910,128,1.0544275045394897,1.0544275045394897,0.7854511141777039,0.001,21.082135438919067
967,7,43,123038,128,1.4635241031646729,1.4635241031646729,1.0271919965744019,0.001,21.099363088607788
968,7,44,123166,128,1.1941174268722534,1.1941174268722534,0.92054283618927,0.001,21.1165452003479
969,7,45,123294,128,1.4342795610427856,1.4342795610427856,1.2939622402191162,0.001,21.134055376052856
970,7,46,123422,128,1.0904501676559448,1.0904501676559448,0.8444589376449585,0.001,21.151514053344727
971,7,47,123550,128,1.8136875629425049,1.8136875629425049,1.2527873516082764,0.001,21.16876769065857
972,7,48,123678,128,1.080247402191162,1.080247402191162,1.2015701532363892,0.001,21.186509132385254
973,7,49,123806,128,1.137999415397644,1.137999415397644,1.149699330329895,0.001,21.20443344116211
974,7,50,123934,128,1.1737301349639893,1.1737301349639893,1.6188578605651855,0.001,21.221538066864014
975,7,51,124062,128,1.4338200092315674,1.4338200092315674,1.3797765970230103,0.001,21.239070415496826
976,7,52,124190,128,1.4671341180801392,1.4671341180801392,0.7527822256088257,0.001,21.256640672683716
977,7,53,124318,128,1.1264809370040894,1.1264809370040894,0.9149007201194763,0.001,21.274455785751343
978,7,54,124446,128,1.0527318716049194,1.0527318716049194,1.0738426446914673,0.001,21.291927576065063
979,7,55,124574,128,1.1678943634033203,1.1678943634033203,1.0176184177398682,0.001,21.30960726737976
980,7,56,124702,128,1.2634541988372803,1.2634541988372803,1.1623653173446655,0.001,21.327256679534912
981,7,57,124830,128,1.1236119270324707,1.1236119270324707,1.484965443611145,0.001,21.344751358032227
982,7,58,124958,128,0.9651989340782166,0.9651989340782166,1.1455411911010742,0.001,21.362162828445435
983,7,59,125086,128,1.0523104667663574,1.0523104667663574,0.9453935027122498,0.001,21.379545211791992
984,7,60,125214,128,1.1090595722198486,1.1090595722198486,0.9931991696357727,0.001,21.39742636680603
985,7,61,125342,128,1.5523327589035034,1.5523327589035034,1.3215155601501465,0.001,21.414775609970093
986,7,62,125470,128,1.4654723405838013,1.4654723405838013,1.0651788711547852,0.001,21.432208776474
987,7,63,125598,128,1.015136480331421,1.015136480331421,0.8707277774810791,0.001,21.449785470962524
988,7,64,125726,128,1.2899672985076904,1.2899672985076904,1.6512871980667114,0.001,21.4675133228302
989,7,65,125854,128,1.452547311782837,1.452547311782837,0.8895078897476196,0.001,21.48486304283142
990,7,66,125982,128,1.233284592628479,1.233284592628479,1.069002628326416,0.001,21.5022394657135
991,7,67,126110,128,1.4070844650268555,1.4070844650268555,1.3034430742263794,0.001,21.519824028015137
992,7,68,126238,128,1.1362379789352417,1.1362379789352417,1.2562594413757324,0.001,21.537511110305786
993,7,69,126366,128,1.0240797996520996,1.0240797996520996,0.8945567011833191,0.001,21.55497670173645
994,7,70,126494,128,1.0433471202850342,1.0433471202850342,1.8863251209259033,0.001,21.572497367858887
995,7,71,126622,128,1.0753108263015747,1.0753108263015747,0.9956390857696533,0.001,21.59026551246643
996,7,72,126750,128,0.812183141708374,0.812183141708374,1.1574070453643799,0.001,21.607597827911377
997,7,73,126878,128,0.9197356700897217,0.9197356700897217,0.9449757933616638,0.001,21.624901056289673
998,7,74,127006,128,1.0659137964248657,1.0659137964248657,1.080315351486206,0.001,21.642200469970703
999,7,75,127134,128,1.086069941520691,1.086069941520691,1.139115571975708,0.001,21.65992760658264
1000,7,76,127262,128,1.0002877712249756,1.0002877712249756,0.9112334251403809,0.001,21.677497148513794
1001,7,77,127390,128,1.146741509437561,1.146741509437561,0.9399403929710388,0.001,21.69515109062195
1002,7,78,127518,128,1.1932646036148071,1.1932646036148071,0.653017520904541,0.001,21.71289896965027
1003,7,79,127646,128,1.3256382942199707,1.3256382942199707,1.1509528160095215,0.001,21.730957508087158
1004,7,80,127774,128,1.49399995803833,1.49399995803833,0.7313511371612549,0.001,21.74863862991333
1005,7,81,127902,128,1.2647984027862549,1.2647984027862549,1.4710135459899902,0.001,21.766005277633667
1006,7,82,128030,128,1.2832891941070557,1.2832891941070557,1.038940191268921,0.001,21.78347110748291
1007,7,83,128158,128,1.6390109062194824,1.6390109062194824,0.8191378116607666,0.001,21.801239490509033
1008,7,84,128286,128,1.0613858699798584,1.0613858699798584,0.8995961546897888,0.001,21.818894147872925
1009,7,85,128414,128,1.3165194988250732,1.3165194988250732,1.2566665410995483,0.001,21.836554527282715
1010,7,86,128542,128,1.5118974447250366,1.5118974447250366,0.8908483982086182,0.001,21.853927850723267
1011,7,87,128670,128,1.4105770587921143,1.4105770587921143,1.0834147930145264,0.001,21.871947288513184
1012,7,88,128798,128,1.5873348712921143,1.5873348712921143,1.203624963760376,0.001,21.88959574699402
1013,7,89,128926,128,1.3109866380691528,1.3109866380691528,1.4305620193481445,0.001,21.907211542129517
1014,7,90,129054,128,1.4156509637832642,1.4156509637832642,1.2282160520553589,0.001,21.924842834472656
1015,7,91,129182,128,1.2009271383285522,1.2009271383285522,1.362532615661621,0.001,21.94237470626831
1016,7,92,129310,128,1.1962999105453491,1.1962999105453491,1.1569180488586426,0.001,21.95981526374817
1017,7,93,129438,128,1.2236500978469849,1.2236500978469849,1.0796177387237549,0.001,21.977115631103516
1018,7,94,129566,128,1.0763797760009766,1.0763797760009766,1.0382529497146606,0.001,21.994688034057617
1019,7,95,129694,128,1.5846811532974243,1.5846811532974243,1.1101230382919312,0.001,22.01169228553772
1020,7,96,129822,128,1.5608060359954834,1.5608060359954834,1.2436004877090454,0.001,22.0286865234375
1021,7,97,129950,128,1.5669759511947632,1.5669759511947632,0.9086397290229797,0.001,22.046175003051758
1022,7,98,130078,128,1.3250226974487305,1.3250226974487305,1.3594138622283936,0.001,22.064090490341187
1023,7,99,130206,128,1.0926952362060547,1.0926952362060547,1.1122528314590454,0.001,22.081263780593872
1024,7,100,130334,128,1.3323372602462769,1.3323372602462769,1.3026094436645508,0.001,22.098496913909912
1025,7,101,130462,128,1.2231616973876953,1.2231616973876953,1.1358366012573242,0.001,22.115840911865234
1026,7,102,130590,128,1.6052427291870117,1.6052427291870117,0.9246035218238831,0.001,22.133588552474976
1027,7,103,130718,128,1.2915970087051392,1.2915970087051392,0.8823545575141907,0.001,22.151134490966797
1028,7,104,130846,128,1.4580025672912598,1.4580025672912598,1.2326769828796387,0.001,22.168608903884888
1029,7,105,130974,128,1.031260371208191,1.031260371208191,1.4171757698059082,0.001,22.185981273651123
1030,7,106,131102,128,1.5116198062896729,1.5116198062896729,0.9480364322662354,0.001,22.203982830047607
1031,7,107,131230,128,1.147459864616394,1.147459864616394,0.9588462710380554,0.001,22.22123622894287
1032,7,108,131358,128,1.2991328239440918,1.2991328239440918,1.365968942642212,0.001,22.238451957702637
1033,7,109,131486,128,1.0934809446334839,1.0934809446334839,1.059252142906189,0.001,22.25603437423706
1034,7,110,131614,128,1.2284610271453857,1.2284610271453857,0.987023115158081,0.001,22.27357053756714
1035,7,111,131742,128,1.4425021409988403,1.4425021409988403,1.0421606302261353,0.001,22.29098677635193
1036,7,112,131870,128,1.2344239950180054,1.2344239950180054,0.8528009057044983,0.001,22.308712244033813
1037,7,113,131998,128,1.1186567544937134,1.1186567544937134,1.2135223150253296,0.001,22.326641082763672
1038,7,114,132126,128,1.3356176614761353,1.3356176614761353,0.8323620557785034,0.001,22.34419059753418
1039,7,115,132254,128,1.0819592475891113,1.0819592475891113,0.9047379493713379,0.001,22.362070560455322
1040,7,116,132382,128,1.1365892887115479,1.1365892887115479,0.8743795156478882,0.001,22.379619598388672
1041,7,117,132510,128,1.0082931518554688,1.0082931518554688,1.1967799663543701,0.001,22.39744734764099
1042,7,118,132638,128,1.104343295097351,1.104343295097351,1.3345030546188354,0.001,22.414945363998413
1043,7,119,132766,128,1.034541368484497,1.034541368484497,0.8484928607940674,0.001,22.432525873184204
1044,7,120,132894,128,0.9455730319023132,0.9455730319023132,1.0298466682434082,0.001,22.45004153251648
1045,7,121,133022,128,1.079802393913269,1.079802393913269,1.102314829826355,0.001,22.468207836151123
1046,7,122,133150,128,1.2298320531845093,1.2298320531845093,0.9877552390098572,0.001,22.485663890838623
1047,7,123,133278,128,1.2023600339889526,1.2023600339889526,1.0616183280944824,0.001,22.502902269363403
1048,7,124,133406,128,1.4546337127685547,1.4546337127685547,1.1328892707824707,0.001,22.520561456680298
1049,7,125,133534,128,0.914199948310852,0.914199948310852,1.0042484998703003,0.001,22.538528203964233
1050,7,126,133662,128,1.2455849647521973,1.2455849647521973,0.6786056756973267,0.001,22.5562162399292
1051,7,127,133790,128,1.186169981956482,1.186169981956482,0.9274378418922424,0.001,22.573689699172974
1052,7,128,133918,128,1.12161386013031,1.12161386013031,0.9576615691184998,0.001,22.591407775878906
1053,7,129,134046,128,1.2272576093673706,1.2272576093673706,1.3026920557022095,0.001,22.609237670898438
1054,7,130,134174,128,1.1443030834197998,1.1443030834197998,0.9388895630836487,0.001,22.626875162124634
1055,7,131,134302,128,1.349612832069397,1.349612832069397,1.1992098093032837,0.001,22.644325733184814
1056,7,132,134430,128,1.031369924545288,1.031369924545288,1.0336116552352905,0.001,22.66226029396057
1057,7,133,134558,128,1.2454986572265625,1.2454986572265625,1.5501941442489624,0.001,22.680089473724365
1058,7,134,134686,128,1.061483383178711,1.061483383178711,1.1186989545822144,0.001,22.697964668273926
1059,7,135,134814,128,1.0879298448562622,1.0879298448562622,0.9860121607780457,0.001,22.715736150741577
1060,7,136,134942,128,1.1969621181488037,1.1969621181488037,1.6241662502288818,0.001,22.733630180358887
1061,7,137,135070,128,1.2913628816604614,1.2913628816604614,0.8721596598625183,0.001,22.751535177230835
1062,7,138,135198,128,1.263472318649292,1.263472318649292,0.9378398656845093,0.001,22.769036054611206
1063,7,139,135326,128,1.3632770776748657,1.3632770776748657,1.019222617149353,0.001,22.786652326583862
1064,7,140,135454,128,1.240847110748291,1.240847110748291,1.162933349609375,0.001,22.804194688796997
1065,7,141,135582,128,1.1552512645721436,1.1552512645721436,1.1061787605285645,0.001,22.821783542633057
1066,7,142,135710,128,1.5518090724945068,1.5518090724945068,0.9799196720123291,0.001,22.839381217956543
1067,7,143,135838,128,1.7168813943862915,1.7168813943862915,0.9575497508049011,0.001,22.85672879219055
1068,7,144,135966,128,1.275880217552185,1.275880217552185,1.3420910835266113,0.001,22.874610662460327
1069,7,145,136094,128,1.2658374309539795,1.2658374309539795,1.376260757446289,0.001,22.89204692840576
1070,7,146,136222,128,1.154919981956482,1.154919981956482,0.9672492742538452,0.001,22.90947198867798
1071,7,147,136350,128,1.37507164478302,1.37507164478302,1.105539083480835,0.001,22.927372932434082
1072,7,148,136478,128,0.9930097460746765,0.9930097460746765,0.9390144348144531,0.001,22.945069313049316
1073,7,149,136606,128,1.0554572343826294,1.0554572343826294,1.1549745798110962,0.001,22.962470054626465
1074,7,150,136734,128,1.0315760374069214,1.0315760374069214,0.9108235836029053,0.001,22.98002815246582
1075,7,151,136862,128,0.9203264117240906,0.9203264117240906,1.1418505907058716,0.001,22.998067378997803
1076,7,152,136990,128,1.0337603092193604,1.0337603092193604,0.9079688787460327,0.001,23.015823125839233
1077,7,153,137118,128,1.185835599899292,1.185835599899292,1.2520939111709595,0.001,23.033331155776978
1078,7,154,137123,5,0.33208900690078735,0.33208900690078735,0.4546332061290741,0.001,23.036053895950317
1079,8,1,137251,128,0.9321829080581665,0.9321829080581665,1.0839245319366455,0.001,23.714484214782715
1080,8,2,137379,128,1.0146396160125732,1.0146396160125732,1.5984140634536743,0.001,23.732120513916016
1081,8,3,137507,128,1.093567132949829,1.093567132949829,1.3283605575561523,0.001,23.749748706817627
1082,8,4,137635,128,1.1579062938690186,1.1579062938690186,1.6102603673934937,0.001,23.767048120498657
1083,8,5,137763,128,1.2676104307174683,1.2676104307174683,0.7707262635231018,0.001,23.784504652023315
1084,8,6,137891,128,1.466363787651062,1.466363787651062,1.2091034650802612,0.001,23.80210041999817
1085,8,7,138019,128,0.9837501049041748,0.9837501049041748,1.0581227540969849,0.001,23.819348096847534
1086,8,8,138147,128,0.9624610543251038,0.9624610543251038,1.0018454790115356,0.001,23.83636450767517
1087,8,9,138275,128,1.0827330350875854,1.0827330350875854,0.6980822682380676,0.001,23.853733777999878
1088,8,10,138403,128,1.0818301439285278,1.0818301439285278,1.1440156698226929,0.001,23.87113308906555
1089,8,11,138531,128,0.8100364208221436,0.8100364208221436,0.8267355561256409,0.001,23.888102293014526
1090,8,12,138659,128,0.9872887134552002,0.9872887134552002,1.0211119651794434,0.001,23.905445337295532
1091,8,13,138787,128,1.145098090171814,1.145098090171814,0.6867139339447021,0.001,23.922770738601685
1092,8,14,138915,128,1.1406358480453491,1.1406358480453491,0.800442099571228,0.001,23.940455436706543
1093,8,15,139043,128,1.316532850265503,1.316532850265503,0.9363763928413391,0.001,23.957948684692383
1094,8,16,139171,128,1.2672439813613892,1.2672439813613892,1.1194374561309814,0.001,23.97517991065979
1095,8,17,139299,128,1.26496422290802,1.26496422290802,0.9781362414360046,0.001,23.992496252059937
1096,8,18,139427,128,1.48799729347229,1.48799729347229,0.8847798109054565,0.001,24.009852647781372
1097,8,19,139555,128,0.9380175471305847,0.9380175471305847,1.3811091184616089,0.001,24.02760910987854
1098,8,20,139683,128,1.5722495317459106,1.5722495317459106,1.0376065969467163,0.001,24.044722318649292
1099,8,21,139811,128,1.4503237009048462,1.4503237009048462,1.0107245445251465,0.001,24.062885284423828
1100,8,22,139939,128,1.1874607801437378,1.1874607801437378,1.1487258672714233,0.001,24.080544233322144
1101,8,23,140067,128,1.2174910306930542,1.2174910306930542,1.2681820392608643,0.001,24.098039388656616
1102,8,24,140195,128,1.1627827882766724,1.1627827882766724,1.029701590538025,0.001,24.115359783172607
1103,8,25,140323,128,0.8466097712516785,0.8466097712516785,1.2311757802963257,0.001,24.1330406665802
1104,8,26,140451,128,1.9953798055648804,1.9953798055648804,1.128564715385437,0.001,24.150415182113647
1105,8,27,140579,128,1.3595424890518188,1.3595424890518188,1.1805881261825562,0.001,24.167672872543335
1106,8,28,140707,128,1.103529453277588,1.103529453277588,1.0637667179107666,0.001,24.18494200706482
1107,8,29,140835,128,1.6137123107910156,1.6137123107910156,1.0572259426116943,0.001,24.20284867286682
1108,8,30,140963,128,1.1891449689865112,1.1891449689865112,1.1545075178146362,0.001,24.220391511917114
1109,8,31,141091,128,1.0495643615722656,1.0495643615722656,1.2213066816329956,0.001,24.238060474395752
1110,8,32,141219,128,1.1946632862091064,1.1946632862091064,1.5520856380462646,0.001,24.255643844604492
1111,8,33,141347,128,1.1119059324264526,1.1119059324264526,0.9516185522079468,0.001,24.27365231513977
1112,8,34,141475,128,1.017203450202942,1.017203450202942,1.0733040571212769,0.001,24.291101455688477
1113,8,35,141603,128,0.9954915642738342,0.9954915642738342,1.2860077619552612,0.001,24.308297872543335
1114,8,36,141731,128,1.0824668407440186,1.0824668407440186,1.2496898174285889,0.001,24.325428009033203
1115,8,37,141859,128,0.7504401206970215,0.7504401206970215,1.1391258239746094,0.001,24.343015670776367
1116,8,38,141987,128,0.914047360420227,0.914047360420227,1.3448936939239502,0.001,24.36026358604431
1117,8,39,142115,128,1.191373586654663,1.191373586654663,1.2025904655456543,0.001,24.37754535675049
1118,8,40,142243,128,1.323298454284668,1.323298454284668,1.0155906677246094,0.001,24.394914627075195
1119,8,41,142371,128,1.18582284450531,1.18582284450531,1.1742184162139893,0.001,24.41230058670044
1120,8,42,142499,128,1.1340150833129883,1.1340150833129883,1.3038287162780762,0.001,24.429566860198975
1121,8,43,142627,128,0.9420373439788818,0.9420373439788818,1.0978095531463623,0.001,24.44662833213806
1122,8,44,142755,128,1.3326165676116943,1.3326165676116943,1.2530189752578735,0.001,24.464197635650635
1123,8,45,142883,128,1.115952730178833,1.115952730178833,1.3972212076187134,0.001,24.481969594955444
1124,8,46,143011,128,1.4444302320480347,1.4444302320480347,0.8349154591560364,0.001,24.499462127685547
1125,8,47,143139,128,1.2786346673965454,1.2786346673965454,0.9759827852249146,0.001,24.51713800430298
1126,8,48,143267,128,1.2388601303100586,1.2388601303100586,1.2309558391571045,0.001,24.534713983535767
1127,8,49,143395,128,1.1918587684631348,1.1918587684631348,0.8956557512283325,0.001,24.552085399627686
1128,8,50,143523,128,1.3703147172927856,1.3703147172927856,0.9479225873947144,0.001,24.569268226623535
1129,8,51,143651,128,1.0889300107955933,1.0889300107955933,1.0970910787582397,0.001,24.586563110351562
1130,8,52,143779,128,1.323258638381958,1.323258638381958,1.0152459144592285,0.001,24.604236364364624
1131,8,53,143907,128,1.5965654850006104,1.5965654850006104,1.2868818044662476,0.001,24.621304273605347
1132,8,54,144035,128,1.3674670457839966,1.3674670457839966,0.9793084859848022,0.001,24.638580322265625
1133,8,55,144163,128,1.1438603401184082,1.1438603401184082,1.1380513906478882,0.001,24.65572237968445
1134,8,56,144291,128,1.1747019290924072,1.1747019290924072,1.1628435850143433,0.001,24.673704862594604
1135,8,57,144419,128,1.1453840732574463,1.1453840732574463,0.6506630778312683,0.001,24.690916061401367
1136,8,58,144547,128,1.028229832649231,1.028229832649231,1.1587964296340942,0.001,24.70855402946472
1137,8,59,144675,128,0.9137991070747375,0.9137991070747375,0.8987103700637817,0.001,24.726309537887573
1138,8,60,144803,128,1.1562788486480713,1.1562788486480713,1.010406255722046,0.001,24.74440574645996
1139,8,61,144931,128,0.9153954982757568,0.9153954982757568,0.915824294090271,0.001,24.76173734664917
1140,8,62,145059,128,1.0717698335647583,1.0717698335647583,1.2423228025436401,0.001,24.779101133346558
1141,8,63,145187,128,0.9942770004272461,0.9942770004272461,0.8422811031341553,0.001,24.79706335067749
1142,8,64,145315,128,1.0476564168930054,1.0476564168930054,1.0863215923309326,0.001,24.814783573150635
1143,8,65,145443,128,1.180634617805481,1.180634617805481,1.1103143692016602,0.001,24.8322114944458
1144,8,66,145571,128,0.915401816368103,0.915401816368103,0.719689667224884,0.001,24.84971022605896
1145,8,67,145699,128,0.8124520778656006,0.8124520778656006,1.0849727392196655,0.001,24.8679678440094
1146,8,68,145827,128,0.8488810062408447,0.8488810062408447,0.6664585471153259,0.001,24.88546586036682
1147,8,69,145955,128,1.1319290399551392,1.1319290399551392,1.438558578491211,0.001,24.90270972251892
1148,8,70,146083,128,1.0911126136779785,1.0911126136779785,1.4630376100540161,0.001,24.920125722885132
1149,8,71,146211,128,0.8470795750617981,0.8470795750617981,1.1919902563095093,0.001,24.93790340423584
1150,8,72,146339,128,1.4824367761611938,1.4824367761611938,1.0800703763961792,0.001,24.955310344696045
1151,8,73,146467,128,0.9115928411483765,0.9115928411483765,0.8222195506095886,0.001,24.972713232040405
1152,8,74,146595,128,1.2089649438858032,1.2089649438858032,0.6769717931747437,0.001,24.99003267288208
1153,8,75,146723,128,1.4740407466888428,1.4740407466888428,1.1404874324798584,0.001,25.007764101028442
1154,8,76,146851,128,1.0899409055709839,1.0899409055709839,1.0981237888336182,0.001,25.02529263496399
1155,8,77,146979,128,1.3095659017562866,1.3095659017562866,0.870927631855011,0.001,25.042574405670166
1156,8,78,147107,128,0.9689762592315674,0.9689762592315674,1.2055456638336182,0.001,25.06016206741333
1157,8,79,147235,128,1.1424617767333984,1.1424617767333984,0.768989086151123,0.001,25.07867169380188
1158,8,80,147363,128,1.0829344987869263,1.0829344987869263,1.0103205442428589,0.001,25.096251726150513
1159,8,81,147491,128,0.7680836319923401,0.7680836319923401,0.6401099562644958,0.001,25.11366295814514
1160,8,82,147619,128,1.1459745168685913,1.1459745168685913,0.9844538569450378,0.001,25.13143253326416
1161,8,83,147747,128,1.1490228176116943,1.1490228176116943,1.2346901893615723,0.001,25.14903688430786
1162,8,84,147875,128,1.211686611175537,1.211686611175537,1.326027512550354,0.001,25.166609287261963
1163,8,85,148003,128,1.1222790479660034,1.1222790479660034,1.243775486946106,0.001,25.18435835838318
1164,8,86,148131,128,1.024997591972351,1.024997591972351,1.1281142234802246,0.001,25.20227837562561
1165,8,87,148259,128,1.1977787017822266,1.1977787017822266,0.9981518983840942,0.001,25.21990966796875
1166,8,88,148387,128,1.257223129272461,1.257223129272461,1.1804181337356567,0.001,25.237499713897705
1167,8,89,148515,128,1.2159152030944824,1.2159152030944824,1.0331089496612549,0.001,25.254813194274902
1168,8,90,148643,128,1.448832631111145,1.448832631111145,1.1964632272720337,0.001,25.272810459136963
1169,8,91,148771,128,1.0541647672653198,1.0541647672653198,0.8999491333961487,0.001,25.290401935577393
1170,8,92,148899,128,1.2276710271835327,1.2276710271835327,1.0017883777618408,0.001,25.307980060577393
1171,8,93,149027,128,1.464691162109375,1.464691162109375,1.4013582468032837,0.001,25.32540774345398
1172,8,94,149155,128,1.2686114311218262,1.2686114311218262,1.0955482721328735,0.001,25.34326934814453
1173,8,95,149283,128,1.0058032274246216,1.0058032274246216,1.1891911029815674,0.001,25.360741138458252
1174,8,96,149411,128,1.0525596141815186,1.0525596141815186,1.050581932067871,0.001,25.37830400466919
1175,8,97,149539,128,1.1003512144088745,1.1003512144088745,0.9968084692955017,0.001,25.395622491836548
1176,8,98,149667,128,1.0543197393417358,1.0543197393417358,1.0705771446228027,0.001,25.413482904434204
1177,8,99,149795,128,1.1869593858718872,1.1869593858718872,1.0370146036148071,0.001,25.430914640426636
1178,8,100,149923,128,1.6459887027740479,1.6459887027740479,1.1560497283935547,0.001,25.448550939559937
1179,8,101,150051,128,1.1228595972061157,1.1228595972061157,0.9739296436309814,0.001,25.466487646102905
1180,8,102,150179,128,1.121666431427002,1.121666431427002,0.8697599768638611,0.001,25.48405385017395
1181,8,103,150307,128,0.9639697670936584,0.9639697670936584,1.2507703304290771,0.001,25.5017192363739
1182,8,104,150435,128,1.5960335731506348,1.5960335731506348,1.1347205638885498,0.001,25.519171237945557
1183,8,105,150563,128,1.0457863807678223,1.0457863807678223,1.013404130935669,0.001,25.537033319473267
1184,8,106,150691,128,1.0379151105880737,1.0379151105880737,1.0456161499023438,0.001,25.554585695266724
1185,8,107,150819,128,1.0617644786834717,1.0617644786834717,0.8917096257209778,0.001,25.572049856185913
1186,8,108,150947,128,0.9646880626678467,0.9646880626678467,1.0221529006958008,0.001,25.589553833007812
1187,8,109,151075,128,1.2588056325912476,1.2588056325912476,1.2495098114013672,0.001,25.60753893852234
1188,8,110,151203,128,0.8457908630371094,0.8457908630371094,1.1831296682357788,0.001,25.624924182891846
1189,8,111,151331,128,1.460341453552246,1.460341453552246,1.0542997121810913,0.001,25.642220973968506
1190,8,112,151459,128,1.0879652500152588,1.0879652500152588,1.0418297052383423,0.001,25.65950036048889
1191,8,113,151587,128,1.4081215858459473,1.4081215858459473,1.4894115924835205,0.001,25.677047729492188
1192,8,114,151715,128,1.1361595392227173,1.1361595392227173,1.569637417793274,0.001,25.69436025619507
1193,8,115,151843,128,1.8605246543884277,1.8605246543884277,1.1664528846740723,0.001,25.711700439453125
1194,8,116,151971,128,0.9398992657661438,0.9398992657661438,1.1851176023483276,0.001,25.728757858276367
1195,8,117,152099,128,0.8498352766036987,0.8498352766036987,0.8623301386833191,0.001,25.74609088897705
1196,8,118,152227,128,1.016125202178955,1.016125202178955,1.3214664459228516,0.001,25.763284921646118
1197,8,119,152355,128,0.8785383701324463,0.8785383701324463,1.114769458770752,0.001,25.78042769432068
1198,8,120,152483,128,0.8852177262306213,0.8852177262306213,1.1177085638046265,0.001,25.798118352890015
1199,8,121,152611,128,1.3064683675765991,1.3064683675765991,1.021132469177246,0.001,25.815490245819092
1200,8,122,152739,128,0.9688422083854675,0.9688422083854675,0.8963394165039062,0.001,25.832738876342773
1201,8,123,152867,128,1.1008065938949585,1.1008065938949585,0.9024180173873901,0.001,25.85022497177124
1202,8,124,152995,128,1.2674520015716553,1.2674520015716553,0.815165638923645,0.001,25.867769956588745
1203,8,125,153123,128,1.1226770877838135,1.1226770877838135,0.8761390447616577,0.001,25.885175466537476
1204,8,126,153251,128,0.9902336001396179,0.9902336001396179,0.9959494471549988,0.001,25.902359008789062
1205,8,127,153379,128,0.8738545179367065,0.8738545179367065,1.3617011308670044,0.001,25.919668674468994
1206,8,128,153507,128,0.9190516471862793,0.9190516471862793,0.9612103700637817,0.001,25.937844276428223
1207,8,129,153635,128,0.8343967795372009,0.8343967795372009,1.1486403942108154,0.001,25.95534896850586
1208,8,130,153763,128,0.9860438108444214,0.9860438108444214,1.4611231088638306,0.001,25.97261071205139
1209,8,131,153891,128,0.8646228313446045,0.8646228313446045,1.0423082113265991,0.001,25.99009394645691
1210,8,132,154019,128,1.0632668733596802,1.0632668733596802,0.949302613735199,0.001,26.008077383041382
1211,8,133,154147,128,1.2254137992858887,1.2254137992858887,1.1765170097351074,0.001,26.02575922012329
1212,8,134,154275,128,1.3613784313201904,1.3613784313201904,0.8116726279258728,0.001,26.043227434158325
1213,8,135,154403,128,1.5989049673080444,1.5989049673080444,0.8351847529411316,0.001,26.060962915420532
1214,8,136,154531,128,1.4910720586776733,1.4910720586776733,1.4893970489501953,0.001,26.07905888557434
1215,8,137,154659,128,1.7007344961166382,1.7007344961166382,1.2740861177444458,0.001,26.09649348258972
1216,8,138,154787,128,1.3412079811096191,1.3412079811096191,0.9323109984397888,0.001,26.113932132720947
1217,8,139,154915,128,1.0359312295913696,1.0359312295913696,1.5253723859786987,0.001,26.13194966316223
1218,8,140,155043,128,1.1981784105300903,1.1981784105300903,1.1418699026107788,0.001,26.14965295791626
1219,8,141,155171,128,1.2671699523925781,1.2671699523925781,1.508874535560608,0.001,26.167251586914062
1220,8,142,155299,128,0.9598222970962524,0.9598222970962524,0.9084759950637817,0.001,26.184722900390625
1221,8,143,155427,128,1.0069315433502197,1.0069315433502197,1.2179614305496216,0.001,26.20251989364624
1222,8,144,155555,128,1.255059838294983,1.255059838294983,0.8894045352935791,0.001,26.220054864883423
1223,8,145,155683,128,1.223632574081421,1.223632574081421,1.2503235340118408,0.001,26.23754620552063
1224,8,146,155811,128,0.8952634930610657,0.8952634930610657,0.8323696851730347,0.001,26.25504422187805
1225,8,147,155939,128,1.0805550813674927,1.0805550813674927,1.035935640335083,0.001,26.27292537689209
1226,8,148,156067,128,1.1211506128311157,1.1211506128311157,0.8574724793434143,0.001,26.290566205978394
1227,8,149,156195,128,1.0392646789550781,1.0392646789550781,0.8745574355125427,0.001,26.308085680007935
1228,8,150,156323,128,1.0087463855743408,1.0087463855743408,0.9381840229034424,0.001,26.3251690864563
1229,8,151,156451,128,1.0447396039962769,1.0447396039962769,1.3701196908950806,0.001,26.342772960662842
1230,8,152,156579,128,1.3228704929351807,1.3228704929351807,1.2020223140716553,0.001,26.36026906967163
1231,8,153,156707,128,1.5096557140350342,1.5096557140350342,1.0539697408676147,0.001,26.377767324447632
1232,8,154,156712,5,1.3861607313156128,1.3861607313156128,0.4780047833919525,0.001,26.380532026290894
1233,9,1,156840,128,1.0883835554122925,1.0883835554122925,1.226443886756897,0.001,27.058049201965332
1234,9,2,156968,128,0.9493638873100281,0.9493638873100281,1.097415804862976,0.001,27.076295137405396
1235,9,3,157096,128,1.049564003944397,1.049564003944397,1.0595113039016724,0.001,27.094180822372437
1236,9,4,157224,128,1.6521209478378296,1.6521209478378296,0.9944653511047363,0.001,27.111846685409546
1237,9,5,157352,128,1.4071640968322754,1.4071640968322754,0.8546256422996521,0.001,27.129441499710083
1238,9,6,157480,128,1.360429048538208,1.360429048538208,1.0332139730453491,0.001,27.14739155769348
1239,9,7,157608,128,1.345298171043396,1.345298171043396,0.9135311245918274,0.001,27.16520094871521
1240,9,8,157736,128,1.2430299520492554,1.2430299520492554,0.963969349861145,0.001,27.182591676712036
1241,9,9,157864,128,1.6792128086090088,1.6792128086090088,1.3713067770004272,0.001,27.200468063354492
1242,9,10,157992,128,1.30662202835083,1.30662202835083,0.9626503586769104,0.001,27.218318462371826
1243,9,11,158120,128,1.5686233043670654,1.5686233043670654,0.8595237135887146,0.001,27.23568892478943
1244,9,12,158248,128,0.7433850169181824,0.7433850169181824,1.0868146419525146,0.001,27.25286889076233
1245,9,13,158376,128,1.0669509172439575,1.0669509172439575,0.9295609593391418,0.001,27.27059555053711
1246,9,14,158504,128,1.154847502708435,1.154847502708435,1.033912181854248,0.001,27.288103818893433
1247,9,15,158632,128,1.3406875133514404,1.3406875133514404,1.0303629636764526,0.001,27.305258750915527
1248,9,16,158760,128,1.3361679315567017,1.3361679315567017,1.5557612180709839,0.001,27.32282304763794
1249,9,17,158888,128,1.2916479110717773,1.2916479110717773,0.8400285840034485,0.001,27.34068536758423
1250,9,18,159016,128,1.2993983030319214,1.2993983030319214,0.9566837549209595,0.001,27.35825490951538
1251,9,19,159144,128,1.1177741289138794,1.1177741289138794,0.9136205315589905,0.001,27.37584948539734
1252,9,20,159272,128,0.953770101070404,0.953770101070404,1.3598270416259766,0.001,27.393264532089233
1253,9,21,159400,128,1.2096091508865356,1.2096091508865356,1.418662190437317,0.001,27.411181926727295
1254,9,22,159528,128,1.3591703176498413,1.3591703176498413,1.2977968454360962,0.001,27.428975582122803
1255,9,23,159656,128,1.5061473846435547,1.5061473846435547,0.9834820628166199,0.001,27.44653058052063
1256,9,24,159784,128,1.0316319465637207,1.0316319465637207,0.8893601894378662,0.001,27.463860750198364
1257,9,25,159912,128,1.1712017059326172,1.1712017059326172,0.8277915716171265,0.001,27.481889247894287
1258,9,26,160040,128,0.9188626408576965,0.9188626408576965,0.9520971179008484,0.001,27.499613285064697
1259,9,27,160168,128,1.1048872470855713,1.1048872470855713,1.1687190532684326,0.001,27.51730513572693
1260,9,28,160296,128,1.5278980731964111,1.5278980731964111,0.9997819066047668,0.001,27.534799098968506
1261,9,29,160424,128,1.5436444282531738,1.5436444282531738,0.9424155950546265,0.001,27.55259919166565
1262,9,30,160552,128,1.2113159894943237,1.2113159894943237,0.9063645601272583,0.001,27.570236921310425
1263,9,31,160680,128,0.9339991807937622,0.9339991807937622,0.9720911979675293,0.001,27.587706565856934
1264,9,32,160808,128,1.3007959127426147,1.3007959127426147,1.4646683931350708,0.001,27.605528354644775
1265,9,33,160936,128,1.0965099334716797,1.0965099334716797,1.079735517501831,0.001,27.623275995254517
1266,9,34,161064,128,1.0307996273040771,1.0307996273040771,1.1614148616790771,0.001,27.640891551971436
1267,9,35,161192,128,1.3025622367858887,1.3025622367858887,0.8513873219490051,0.001,27.65837049484253
1268,9,36,161320,128,1.198009967803955,1.198009967803955,0.7596369981765747,0.001,27.676373958587646
1269,9,37,161448,128,1.140785813331604,1.140785813331604,1.0037062168121338,0.001,27.694045305252075
1270,9,38,161576,128,1.1120866537094116,1.1120866537094116,0.9680522084236145,0.001,27.711580991744995
1271,9,39,161704,128,1.4970169067382812,1.4970169067382812,1.5110915899276733,0.001,27.72914457321167
1272,9,40,161832,128,1.4056237936019897,1.4056237936019897,1.282831072807312,0.001,27.747034788131714
1273,9,41,161960,128,1.2053797245025635,1.2053797245025635,1.1201473474502563,0.001,27.764842748641968
1274,9,42,162088,128,1.6811535358428955,1.6811535358428955,1.009395956993103,0.001,27.78224277496338
1275,9,43,162216,128,1.0615122318267822,1.0615122318267822,0.9879415035247803,0.001,27.800041913986206
1276,9,44,162344,128,1.4205306768417358,1.4205306768417358,1.0286308526992798,0.001,27.818145990371704
1277,9,45,162472,128,1.110840916633606,1.110840916633606,0.8912962079048157,0.001,27.83576989173889
1278,9,46,162600,128,1.0928983688354492,1.0928983688354492,1.2435715198516846,0.001,27.853108882904053
1279,9,47,162728,128,1.0678517818450928,1.0678517818450928,0.9740413427352905,0.001,27.871109008789062
1280,9,48,162856,128,1.198644757270813,1.198644757270813,1.177706003189087,0.001,27.888660430908203
1281,9,49,162984,128,1.310293197631836,1.310293197631836,1.0178872346878052,0.001,27.90642023086548
1282,9,50,163112,128,1.179185390472412,1.179185390472412,1.4204429388046265,0.001,27.92394185066223
1283,9,51,163240,128,0.8771205544471741,0.8771205544471741,1.1987532377243042,0.001,27.94186544418335
1284,9,52,163368,128,1.2469974756240845,1.2469974756240845,1.2293217182159424,0.001,27.95932698249817
1285,9,53,163496,128,1.5010828971862793,1.5010828971862793,1.065183162689209,0.001,27.976921558380127
1286,9,54,163624,128,0.9222473502159119,0.9222473502159119,1.4072721004486084,0.001,27.994435787200928
1287,9,55,163752,128,1.053955078125,1.053955078125,1.0141750574111938,0.001,28.01253366470337
1288,9,56,163880,128,1.2725399732589722,1.2725399732589722,1.218766689300537,0.001,28.030129194259644
1289,9,57,164008,128,0.7912104725837708,0.7912104725837708,0.9936727285385132,0.001,28.047866582870483
1290,9,58,164136,128,0.8023057579994202,0.8023057579994202,1.22602117061615,0.001,28.065760135650635
1291,9,59,164264,128,1.105202317237854,1.105202317237854,0.7194936871528625,0.001,28.084075689315796
1292,9,60,164392,128,0.9433411955833435,0.9433411955833435,1.2836024761199951,0.001,28.101868629455566
1293,9,61,164520,128,1.3007978200912476,1.3007978200912476,1.1148680448532104,0.001,28.119479417800903
1294,9,62,164648,128,0.892201840877533,0.892201840877533,1.2474427223205566,0.001,28.13748836517334
1295,9,63,164776,128,1.1564445495605469,1.1564445495605469,1.0019196271896362,0.001,28.155306577682495
1296,9,64,164904,128,0.964160144329071,0.964160144329071,1.3428372144699097,0.001,28.17293882369995
1297,9,65,165032,128,0.799529492855072,0.799529492855072,0.8748598694801331,0.001,28.190449237823486
1298,9,66,165160,128,0.9420193433761597,0.9420193433761597,1.2891961336135864,0.001,28.20833730697632
1299,9,67,165288,128,0.928390622138977,0.928390622138977,0.6529678702354431,0.001,28.225929975509644
1300,9,68,165416,128,0.9726517796516418,0.9726517796516418,1.316780686378479,0.001,28.243503093719482
1301,9,69,165544,128,0.9135920405387878,0.9135920405387878,1.1675769090652466,0.001,28.261085748672485
1302,9,70,165672,128,1.244485855102539,1.244485855102539,1.1100813150405884,0.001,28.278961896896362
1303,9,71,165800,128,0.9025498628616333,0.9025498628616333,1.0402674674987793,0.001,28.296815395355225
1304,9,72,165928,128,1.3455761671066284,1.3455761671066284,0.7852112054824829,0.001,28.314457893371582
1305,9,73,166056,128,1.1317466497421265,1.1317466497421265,1.1877268552780151,0.001,28.332253217697144
1306,9,74,166184,128,0.9170345664024353,0.9170345664024353,1.2183232307434082,0.001,28.35037350654602
1307,9,75,166312,128,1.0746020078659058,1.0746020078659058,1.0121122598648071,0.001,28.36810064315796
1308,9,76,166440,128,0.936939537525177,0.936939537525177,1.5003260374069214,0.001,28.385945320129395
1309,9,77,166568,128,1.3752312660217285,1.3752312660217285,1.226847767829895,0.001,28.403627395629883
1310,9,78,166696,128,1.1530777215957642,1.1530777215957642,1.0992295742034912,0.001,28.42102813720703
1311,9,79,166824,128,0.8428227305412292,0.8428227305412292,0.7855338454246521,0.001,28.43844485282898
1312,9,80,166952,128,1.094903588294983,1.094903588294983,1.0654921531677246,0.001,28.456283807754517
1313,9,81,167080,128,0.986618161201477,0.986618161201477,1.0278983116149902,0.001,28.474458694458008
1314,9,82,167208,128,1.1378778219223022,1.1378778219223022,1.3539260625839233,0.001,28.492270469665527
1315,9,83,167336,128,0.9329487681388855,0.9329487681388855,1.201865792274475,0.001,28.509910345077515
1316,9,84,167464,128,0.7160906195640564,0.7160906195640564,0.918062686920166,0.001,28.527508974075317
1317,9,85,167592,128,0.9198666214942932,0.9198666214942932,0.9523590207099915,0.001,28.54575228691101
1318,9,86,167720,128,1.0644581317901611,1.0644581317901611,0.8015587329864502,0.001,28.563206911087036
1319,9,87,167848,128,0.9872145056724548,0.9872145056724548,1.213154911994934,0.001,28.580891847610474
1320,9,88,167976,128,0.9548029899597168,0.9548029899597168,0.9052459001541138,0.001,28.59849190711975
1321,9,89,168104,128,0.9575942158699036,0.9575942158699036,0.9894665479660034,0.001,28.616443872451782
1322,9,90,168232,128,0.8972755074501038,0.8972755074501038,1.0195657014846802,0.001,28.634202241897583
1323,9,91,168360,128,1.1243085861206055,1.1243085861206055,0.805107057094574,0.001,28.651909589767456
1324,9,92,168488,128,0.8464089632034302,0.8464089632034302,1.090221643447876,0.001,28.669591903686523
1325,9,93,168616,128,0.7651538848876953,0.7651538848876953,1.1231271028518677,0.001,28.687386751174927
1326,9,94,168744,128,1.1719989776611328,1.1719989776611328,1.2673370838165283,0.001,28.704879760742188
1327,9,95,168872,128,1.002047061920166,1.002047061920166,0.98792564868927,0.001,28.722292184829712
1328,9,96,169000,128,0.9834325313568115,0.9834325313568115,1.162558674812317,0.001,28.74011778831482
1329,9,97,169128,128,1.0299029350280762,1.0299029350280762,1.1873055696487427,0.001,28.757781744003296
1330,9,98,169256,128,0.8773903250694275,0.8773903250694275,1.150331735610962,0.001,28.775376081466675
1331,9,99,169384,128,1.2175184488296509,1.2175184488296509,0.8141277432441711,0.001,28.79289674758911
1332,9,100,169512,128,0.7915438413619995,0.7915438413619995,1.0573042631149292,0.001,28.810834169387817
1333,9,101,169640,128,1.2017987966537476,1.2017987966537476,1.6395577192306519,0.001,28.828397512435913
1334,9,102,169768,128,0.9434075951576233,0.9434075951576233,1.0763845443725586,0.001,28.845904111862183
1335,9,103,169896,128,0.9822959899902344,0.9822959899902344,1.4577195644378662,0.001,28.863441944122314
1336,9,104,170024,128,1.1427592039108276,1.1427592039108276,1.4978452920913696,0.001,28.881446361541748
1337,9,105,170152,128,1.1196414232254028,1.1196414232254028,1.0667710304260254,0.001,28.89909338951111
1338,9,106,170280,128,1.1107823848724365,1.1107823848724365,0.8151141405105591,0.001,28.916613817214966
1339,9,107,170408,128,1.266075849533081,1.266075849533081,0.957827091217041,0.001,28.93405556678772
1340,9,108,170536,128,0.9256916642189026,0.9256916642189026,1.0116740465164185,0.001,28.95183300971985
1341,9,109,170664,128,0.9847869873046875,0.9847869873046875,1.3767460584640503,0.001,28.96939444541931
1342,9,110,170792,128,1.0385959148406982,1.0385959148406982,0.868182897567749,0.001,28.986669301986694
1343,9,111,170920,128,0.8935895562171936,0.8935895562171936,1.0049493312835693,0.001,29.00428318977356
1344,9,112,171048,128,1.1034449338912964,1.1034449338912964,1.010787010192871,0.001,29.021708726882935
1345,9,113,171176,128,1.0246771574020386,1.0246771574020386,1.331884741783142,0.001,29.0391902923584
1346,9,114,171304,128,1.0494049787521362,1.0494049787521362,0.9361753463745117,0.001,29.05679750442505
1347,9,115,171432,128,1.2437189817428589,1.2437189817428589,1.171020269393921,0.001,29.07463312149048
1348,9,116,171560,128,1.2323659658432007,1.2323659658432007,1.081567406654358,0.001,29.092246294021606
1349,9,117,171688,128,1.3938943147659302,1.3938943147659302,1.1946673393249512,0.001,29.109641313552856
1350,9,118,171816,128,1.3326984643936157,1.3326984643936157,0.9109971523284912,0.001,29.126920223236084
1351,9,119,171944,128,1.2433838844299316,1.2433838844299316,0.8930866718292236,0.001,29.144746780395508
1352,9,120,172072,128,1.1314430236816406,1.1314430236816406,0.9258832931518555,0.001,29.162294626235962
1353,9,121,172200,128,0.9434295296669006,0.9434295296669006,0.9145603775978088,0.001,29.179803133010864
1354,9,122,172328,128,1.2413983345031738,1.2413983345031738,1.1429040431976318,0.001,29.19731378555298
1355,9,123,172456,128,1.1303263902664185,1.1303263902664185,1.744320273399353,0.001,29.214888334274292
1356,9,124,172584,128,0.9838513135910034,0.9838513135910034,1.3276088237762451,0.001,29.232635974884033
1357,9,125,172712,128,1.2284109592437744,1.2284109592437744,1.1959857940673828,0.001,29.25015950202942
1358,9,126,172840,128,1.025804877281189,1.025804877281189,0.879723310470581,0.001,29.267842054367065
1359,9,127,172968,128,1.200965404510498,1.200965404510498,1.1288871765136719,0.001,29.286413192749023
1360,9,128,173096,128,1.0436396598815918,1.0436396598815918,1.043691635131836,0.001,29.30407977104187
1361,9,129,173224,128,1.0671125650405884,1.0671125650405884,1.154352068901062,0.001,29.321856260299683
1362,9,130,173352,128,0.9521777629852295,0.9521777629852295,0.767288327217102,0.001,29.339649438858032
1363,9,131,173480,128,0.8407946825027466,0.8407946825027466,1.044440507888794,0.001,29.357272624969482
1364,9,132,173608,128,1.040223479270935,1.040223479270935,0.9751992225646973,0.001,29.374895095825195
1365,9,133,173736,128,1.1871962547302246,1.1871962547302246,1.2492802143096924,0.001,29.392484188079834
1366,9,134,173864,128,1.1686897277832031,1.1686897277832031,1.1184412240982056,0.001,29.410463333129883
1367,9,135,173992,128,1.192073941230774,1.192073941230774,0.9580733180046082,0.001,29.42816424369812
1368,9,136,174120,128,1.1591176986694336,1.1591176986694336,0.7583521008491516,0.001,29.445632934570312
1369,9,137,174248,128,1.2256572246551514,1.2256572246551514,1.1566953659057617,0.001,29.463244199752808
1370,9,138,174376,128,1.4653698205947876,1.4653698205947876,1.2642289400100708,0.001,29.48103094100952
1371,9,139,174504,128,1.2049810886383057,1.2049810886383057,0.9390084147453308,0.001,29.498615980148315
1372,9,140,174632,128,1.1826893091201782,1.1826893091201782,1.0769095420837402,0.001,29.51631736755371
1373,9,141,174760,128,0.904647171497345,0.904647171497345,1.3501981496810913,0.001,29.533512592315674
1374,9,142,174888,128,1.1539437770843506,1.1539437770843506,1.4108474254608154,0.001,29.551401138305664
1375,9,143,175016,128,1.1109801530838013,1.1109801530838013,1.0154964923858643,0.001,29.569018840789795
1376,9,144,175144,128,1.4442306756973267,1.4442306756973267,1.103537917137146,0.001,29.58652973175049
1377,9,145,175272,128,1.0574500560760498,1.0574500560760498,0.8551005125045776,0.001,29.60419750213623
1378,9,146,175400,128,1.070661187171936,1.070661187171936,0.6756120324134827,0.001,29.621878147125244
1379,9,147,175528,128,1.4441529512405396,1.4441529512405396,1.1286067962646484,0.001,29.639581203460693
1380,9,148,175656,128,1.132698893547058,1.132698893547058,1.3496123552322388,0.001,29.657325506210327
1381,9,149,175784,128,0.8664776682853699,0.8664776682853699,1.2594575881958008,0.001,29.674912452697754
1382,9,150,175912,128,1.1220285892486572,1.1220285892486572,1.1140652894973755,0.001,29.692344903945923
1383,9,151,176040,128,1.5962483882904053,1.5962483882904053,1.2039817571640015,0.001,29.71015453338623
1384,9,152,176168,128,1.3623276948928833,1.3623276948928833,0.9627166986465454,0.001,29.727753400802612
1385,9,153,176296,128,1.0437376499176025,1.0437376499176025,1.1254463195800781,0.001,29.745556831359863
1386,9,154,176301,5,0.9394902586936951,0.9394902586936951,0.6288738250732422,0.001,29.748353004455566
1387,10,1,176429,128,0.9773081541061401,0.9773081541061401,0.8881210684776306,0.001,30.429177284240723
1388,10,2,176557,128,1.2492202520370483,1.2492202520370483,0.688018798828125,0.001,30.44647741317749
1389,10,3,176685,128,1.466176152229309,1.466176152229309,1.2326173782348633,0.001,30.463508129119873
1390,10,4,176813,128,0.9328900575637817,0.9328900575637817,1.0028115510940552,0.001,30.481080770492554
1391,10,5,176941,128,1.3277056217193604,1.3277056217193604,1.0020339488983154,0.001,30.49881100654602
1392,10,6,177069,128,1.4242215156555176,1.4242215156555176,0.9544480443000793,0.001,30.51604175567627
1393,10,7,177197,128,0.8077223300933838,0.8077223300933838,1.2563064098358154,0.001,30.534878253936768
1394,10,8,177325,128,1.4742828607559204,1.4742828607559204,0.9652663469314575,0.001,30.560726404190063
1395,10,9,177453,128,1.3334792852401733,1.3334792852401733,1.0706133842468262,0.001,30.57843565940857
1396,10,10,177581,128,1.633827805519104,1.633827805519104,0.8795885443687439,0.001,30.595853328704834
1397,10,11,177709,128,0.9777044653892517,0.9777044653892517,1.2506506443023682,0.001,30.61327838897705
1398,10,12,177837,128,1.0767676830291748,1.0767676830291748,0.9378538131713867,0.001,30.63057017326355
1399,10,13,177965,128,1.36610746383667,1.36610746383667,0.9334906339645386,0.001,30.647873401641846
1400,10,14,178093,128,1.0022497177124023,1.0022497177124023,1.212357759475708,0.001,30.665181398391724
1401,10,15,178221,128,1.0168436765670776,1.0168436765670776,0.8271161317825317,0.001,30.682702779769897
1402,10,16,178349,128,1.4868606328964233,1.4868606328964233,1.5198432207107544,0.001,30.699906587600708
1403,10,17,178477,128,1.4441829919815063,1.4441829919815063,1.4555984735488892,0.001,30.717458248138428
1404,10,18,178605,128,0.9414371252059937,0.9414371252059937,1.2827723026275635,0.001,30.734750986099243
1405,10,19,178733,128,1.2378175258636475,1.2378175258636475,1.3071833848953247,0.001,30.752799034118652
1406,10,20,178861,128,1.2087597846984863,1.2087597846984863,1.0899231433868408,0.001,30.770205974578857
1407,10,21,178989,128,1.00984787940979,1.00984787940979,1.0342944860458374,0.001,30.787757635116577
1408,10,22,179117,128,1.0105055570602417,1.0105055570602417,1.0807042121887207,0.001,30.805355072021484
1409,10,23,179245,128,0.7352827191352844,0.7352827191352844,0.8437398076057434,0.001,30.82298731803894
1410,10,24,179373,128,0.921506404876709,0.921506404876709,0.9045845866203308,0.001,30.840142250061035
1411,10,25,179501,128,1.0248360633850098,1.0248360633850098,1.0521674156188965,0.001,30.858883380889893
1412,10,26,179629,128,0.8998902440071106,0.8998902440071106,1.2440497875213623,0.001,30.884039163589478
1413,10,27,179757,128,1.110536813735962,1.110536813735962,1.4729772806167603,0.001,30.90295124053955
1414,10,28,179885,128,1.0580668449401855,1.0580668449401855,1.1736046075820923,0.001,30.92089557647705
1415,10,29,180013,128,1.2536602020263672,1.2536602020263672,1.0668189525604248,0.001,30.938458681106567
1416,10,30,180141,128,1.1154013872146606,1.1154013872146606,1.2581449747085571,0.001,30.95613121986389
1417,10,31,180269,128,0.9529686570167542,0.9529686570167542,1.1664097309112549,0.001,30.973716974258423
1418,10,32,180397,128,1.09763503074646,1.09763503074646,1.0349074602127075,0.001,30.991346836090088
1419,10,33,180525,128,1.179466962814331,1.179466962814331,0.9637380242347717,0.001,31.009151697158813
1420,10,34,180653,128,1.0675350427627563,1.0675350427627563,1.2102272510528564,0.001,31.02660608291626
1421,10,35,180781,128,1.1962467432022095,1.1962467432022095,1.1630810499191284,0.001,31.04376220703125
1422,10,36,180909,128,1.0340794324874878,1.0340794324874878,1.2456762790679932,0.001,31.060859203338623
1423,10,37,181037,128,0.9239769577980042,0.9239769577980042,1.0432912111282349,0.001,31.078491926193237
1424,10,38,181165,128,0.9476051926612854,0.9476051926612854,0.9910140037536621,0.001,31.09584379196167
1425,10,39,181293,128,1.083265781402588,1.083265781402588,0.9670155048370361,0.001,31.113512992858887
1426,10,40,181421,128,1.1565431356430054,1.1565431356430054,0.8296165466308594,0.001,31.130582809448242
1427,10,41,181549,128,1.0156383514404297,1.0156383514404297,0.9139015674591064,0.001,31.148032188415527
1428,10,42,181677,128,0.9090784192085266,0.9090784192085266,1.019791603088379,0.001,31.165395975112915
1429,10,43,181805,128,1.0329513549804688,1.0329513549804688,0.901406466960907,0.001,31.182576417922974
1430,10,44,181933,128,1.1967741250991821,1.1967741250991821,1.1056160926818848,0.001,31.19959259033203
1431,10,45,182061,128,1.3336527347564697,1.3336527347564697,0.8227539658546448,0.001,31.217097759246826
1432,10,46,182189,128,1.2384473085403442,1.2384473085403442,1.0934741497039795,0.001,31.234352827072144
1433,10,47,182317,128,0.9099453687667847,0.9099453687667847,1.2254549264907837,0.001,31.251550436019897
1434,10,48,182445,128,0.8153700232505798,0.8153700232505798,0.6686789393424988,0.001,31.26889419555664
1435,10,49,182573,128,0.9943951368331909,0.9943951368331909,1.2110906839370728,0.001,31.286643028259277
1436,10,50,182701,128,1.0122087001800537,1.0122087001800537,0.7840420007705688,0.001,31.30384922027588
1437,10,51,182829,128,0.9911613464355469,0.9911613464355469,1.132095456123352,0.001,31.320981979370117
1438,10,52,182957,128,1.184225082397461,1.184225082397461,1.7275211811065674,0.001,31.338240146636963
1439,10,53,183085,128,0.9104034304618835,0.9104034304618835,0.9859799146652222,0.001,31.355661869049072
1440,10,54,183213,128,0.8376712799072266,0.8376712799072266,1.0130977630615234,0.001,31.372838735580444
1441,10,55,183341,128,0.7424148321151733,0.7424148321151733,0.8577526807785034,0.001,31.390140056610107
1442,10,56,183469,128,1.0243946313858032,1.0243946313858032,1.1572264432907104,0.001,31.407127618789673
1443,10,57,183597,128,1.09929358959198,1.09929358959198,1.0618568658828735,0.001,31.42467427253723
1444,10,58,183725,128,1.0337913036346436,1.0337913036346436,1.1970778703689575,0.001,31.44186019897461
1445,10,59,183853,128,1.1724250316619873,1.1724250316619873,1.2295933961868286,0.001,31.459092378616333
1446,10,60,183981,128,1.054526686668396,1.054526686668396,1.3775924444198608,0.001,31.476231575012207
1447,10,61,184109,128,1.0596519708633423,1.0596519708633423,1.0820162296295166,0.001,31.493573665618896
1448,10,62,184237,128,1.0927046537399292,1.0927046537399292,0.9809427857398987,0.001,31.510910272598267
1449,10,63,184365,128,1.1493827104568481,1.1493827104568481,1.1406692266464233,0.001,31.528401136398315
1450,10,64,184493,128,1.0339844226837158,1.0339844226837158,0.8987674117088318,0.001,31.545976400375366
1451,10,65,184621,128,1.1560232639312744,1.1560232639312744,0.9814209342002869,0.001,31.56343674659729
1452,10,66,184749,128,0.8284083604812622,0.8284083604812622,1.0922139883041382,0.001,31.58078145980835
1453,10,67,184877,128,1.3037961721420288,1.3037961721420288,1.1120818853378296,0.001,31.598350763320923
1454,10,68,185005,128,1.2361103296279907,1.2361103296279907,1.0536178350448608,0.001,31.616122007369995
1455,10,69,185133,128,0.9136050343513489,0.9136050343513489,1.1819199323654175,0.001,31.63356304168701
1456,10,70,185261,128,1.0560919046401978,1.0560919046401978,0.6784808039665222,0.001,31.650757789611816
1457,10,71,185389,128,1.0351334810256958,1.0351334810256958,1.088402509689331,0.001,31.668083429336548
1458,10,72,185517,128,0.813666820526123,0.813666820526123,0.9205071330070496,0.001,31.68593692779541
1459,10,73,185645,128,1.282987356185913,1.282987356185913,1.1502280235290527,0.001,31.703277587890625
1460,10,74,185773,128,1.07000732421875,1.07000732421875,1.1210016012191772,0.001,31.72041082382202
1461,10,75,185901,128,1.0577558279037476,1.0577558279037476,1.1193950176239014,0.001,31.73780608177185
1462,10,76,186029,128,0.9300363063812256,0.9300363063812256,1.1026833057403564,0.001,31.75537657737732
1463,10,77,186157,128,1.066833734512329,1.066833734512329,1.1288083791732788,0.001,31.772579431533813
1464,10,78,186285,128,1.1414241790771484,1.1414241790771484,0.9107310175895691,0.001,31.78969669342041
1465,10,79,186413,128,0.8072704672813416,0.8072704672813416,1.6668636798858643,0.001,31.807022094726562
1466,10,80,186541,128,0.8255239129066467,0.8255239129066467,1.2467654943466187,0.001,31.824356079101562
1467,10,81,186669,128,1.0561132431030273,1.0561132431030273,0.9799732565879822,0.001,31.841700315475464
1468,10,82,186797,128,1.0289618968963623,1.0289618968963623,0.9591362476348877,0.001,31.858927488327026
1469,10,83,186925,128,0.9255648851394653,0.9255648851394653,1.1146408319473267,0.001,31.877024173736572
1470,10,84,187053,128,1.0624877214431763,1.0624877214431763,0.8527536392211914,0.001,31.894678831100464
1471,10,85,187181,128,1.1805808544158936,1.1805808544158936,1.2527360916137695,0.001,31.9122257232666
1472,10,86,187309,128,0.9383962154388428,0.9383962154388428,1.152226209640503,0.001,31.929322957992554
1473,10,87,187437,128,0.8641077876091003,0.8641077876091003,1.076717495918274,0.001,31.946682453155518
1474,10,88,187565,128,0.8388733267784119,0.8388733267784119,0.8316311836242676,0.001,31.964255809783936
1475,10,89,187693,128,1.0489896535873413,1.0489896535873413,1.2309925556182861,0.001,31.981868982315063
1476,10,90,187821,128,0.9874298572540283,0.9874298572540283,1.5785542726516724,0.001,31.998878479003906
1477,10,91,187949,128,1.3043972253799438,1.3043972253799438,0.9828715324401855,0.001,32.016587018966675
1478,10,92,188077,128,1.3702926635742188,1.3702926635742188,0.9380478858947754,0.001,32.033581018447876
1479,10,93,188205,128,0.8614717125892639,0.8614717125892639,1.2291311025619507,0.001,32.05070447921753
1480,10,94,188333,128,0.8412520885467529,0.8412520885467529,1.5262283086776733,0.001,32.067872285842896
1481,10,95,188461,128,1.0098084211349487,1.0098084211349487,1.334797739982605,0.001,32.08542037010193
1482,10,96,188589,128,0.94630366563797,0.94630366563797,1.1005303859710693,0.001,32.10283613204956
1483,10,97,188717,128,0.7381640672683716,0.7381640672683716,0.8777327537536621,0.001,32.12007713317871
1484,10,98,188845,128,1.2797454595565796,1.2797454595565796,1.1232550144195557,0.001,32.137303829193115
1485,10,99,188973,128,0.8754714131355286,0.8754714131355286,0.9738704562187195,0.001,32.15467810630798
1486,10,100,189101,128,1.1796051263809204,1.1796051263809204,1.005253553390503,0.001,32.172322034835815
1487,10,101,189229,128,1.0663433074951172,1.0663433074951172,1.0702835321426392,0.001,32.18977904319763
1488,10,102,189357,128,1.1786086559295654,1.1786086559295654,1.067803978919983,0.001,32.20687198638916
1489,10,103,189485,128,0.9932807087898254,0.9932807087898254,0.9266575574874878,0.001,32.22465896606445
1490,10,104,189613,128,0.9349960088729858,0.9349960088729858,1.0715539455413818,0.001,32.24217081069946
1491,10,105,189741,128,0.6711096167564392,0.6711096167564392,1.7577301263809204,0.001,32.259522914886475
1492,10,106,189869,128,0.9561503529548645,0.9561503529548645,1.2128461599349976,0.001,32.276853799819946
1493,10,107,189997,128,0.8494428992271423,0.8494428992271423,0.8295007348060608,0.001,32.294551372528076
1494,10,108,190125,128,1.045691967010498,1.045691967010498,1.1946097612380981,0.001,32.31176233291626
1495,10,109,190253,128,1.1064743995666504,1.1064743995666504,1.0868395566940308,0.001,32.329084157943726
1496,10,110,190381,128,0.9034990668296814,0.9034990668296814,0.9209041595458984,0.001,32.34662127494812
1497,10,111,190509,128,1.1646206378936768,1.1646206378936768,1.1152422428131104,0.001,32.36386704444885
1498,10,112,190637,128,0.9286538362503052,0.9286538362503052,0.973334550857544,0.001,32.381166219711304
1499,10,113,190765,128,1.0892698764801025,1.0892698764801025,0.7887898087501526,0.001,32.39820957183838
1500,10,114,190893,128,0.9650672674179077,0.9650672674179077,0.8060855269432068,0.001,32.41553282737732
1501,10,115,191021,128,1.0195355415344238,1.0195355415344238,1.0654377937316895,0.001,32.43293046951294
1502,10,116,191149,128,0.9768816828727722,0.9768816828727722,1.350865125656128,0.001,32.45010733604431
1503,10,117,191277,128,0.7037097811698914,0.7037097811698914,1.1182963848114014,0.001,32.46756601333618
1504,10,118,191405,128,1.2142150402069092,1.2142150402069092,1.122902512550354,0.001,32.48562669754028
1505,10,119,191533,128,0.5628252029418945,0.5628252029418945,0.9247869253158569,0.001,32.50298810005188
1506,10,120,191661,128,1.2021781206130981,1.2021781206130981,1.1616052389144897,0.001,32.520490646362305
1507,10,121,191789,128,1.187658667564392,1.187658667564392,0.97796630859375,0.001,32.53816366195679
1508,10,122,191917,128,0.8205777406692505,0.8205777406692505,1.1157819032669067,0.001,32.55622696876526
1509,10,123,192045,128,0.9566361904144287,0.9566361904144287,0.9727560877799988,0.001,32.57414722442627
1510,10,124,192173,128,0.7532593607902527,0.7532593607902527,0.9803019165992737,0.001,32.591808795928955
1511,10,125,192301,128,0.7653550505638123,0.7653550505638123,1.1694214344024658,0.001,32.60937166213989
1512,10,126,192429,128,0.8891324996948242,0.8891324996948242,1.391941785812378,0.001,32.62710428237915
1513,10,127,192557,128,1.1374703645706177,1.1374703645706177,0.7284278273582458,0.001,32.64504384994507
1514,10,128,192685,128,0.8375159502029419,0.8375159502029419,1.1934757232666016,0.001,32.66260361671448
1515,10,129,192813,128,0.8818327188491821,0.8818327188491821,1.2742706537246704,0.001,32.680121183395386
1516,10,130,192941,128,1.2066195011138916,1.2066195011138916,1.1052541732788086,0.001,32.69753694534302
1517,10,131,193069,128,1.2484610080718994,1.2484610080718994,1.36504328250885,0.001,32.71500778198242
1518,10,132,193197,128,1.0825281143188477,1.0825281143188477,0.9518406391143799,0.001,32.732656955718994
1519,10,133,193325,128,1.2126320600509644,1.2126320600509644,0.947991669178009,0.001,32.750754833221436
1520,10,134,193453,128,1.2814359664916992,1.2814359664916992,1.5119023323059082,0.001,32.768369913101196
1521,10,135,193581,128,1.1540472507476807,1.1540472507476807,1.4041014909744263,0.001,32.78590273857117
1522,10,136,193709,128,1.1144752502441406,1.1144752502441406,1.4135147333145142,0.001,32.803850173950195
1523,10,137,193837,128,1.0952558517456055,1.0952558517456055,1.190931797027588,0.001,32.821784257888794
1524,10,138,193965,128,1.538871169090271,1.538871169090271,1.2288157939910889,0.001,32.83930826187134
1525,10,139,194093,128,1.0146464109420776,1.0146464109420776,0.7602712512016296,0.001,32.85707640647888
1526,10,140,194221,128,1.0238882303237915,1.0238882303237915,0.8385617733001709,0.001,32.87451124191284
1527,10,141,194349,128,1.0319737195968628,1.0319737195968628,0.9139637351036072,0.001,32.89255475997925
1528,10,142,194477,128,1.1889002323150635,1.1889002323150635,0.8687613010406494,0.001,32.910012006759644
1529,10,143,194605,128,1.4171782732009888,1.4171782732009888,1.5126476287841797,0.001,32.92778515815735
1530,10,144,194733,128,1.1273703575134277,1.1273703575134277,1.2607864141464233,0.001,32.945709228515625
1531,10,145,194861,128,1.110719084739685,1.110719084739685,0.9856175184249878,0.001,32.963666915893555
1532,10,146,194989,128,1.4403188228607178,1.4403188228607178,1.0894248485565186,0.001,32.98158645629883
1533,10,147,195117,128,1.3072009086608887,1.3072009086608887,0.9428736567497253,0.001,32.99895668029785
1534,10,148,195245,128,0.934141993522644,0.934141993522644,1.286329984664917,0.001,33.017154693603516
1535,10,149,195373,128,1.0812439918518066,1.0812439918518066,1.2771590948104858,0.001,33.03499126434326
1536,10,150,195501,128,0.8702008128166199,0.8702008128166199,0.8887020349502563,0.001,33.05369186401367
1537,10,151,195629,128,1.1051883697509766,1.1051883697509766,0.8857254981994629,0.001,33.07153820991516
1538,10,152,195757,128,1.4595171213150024,1.4595171213150024,0.811826229095459,0.001,33.089452266693115
1539,10,153,195885,128,1.1002118587493896,1.1002118587493896,0.7609295845031738,0.001,33.10690689086914
1540,10,154,195890,5,0.8538272976875305,0.8538272976875305,2.2284700870513916,0.001,33.10945987701416
1541,11,1,196018,128,1.1274394989013672,1.1274394989013672,0.7917137145996094,0.001,33.79756546020508
1542,11,2,196146,128,1.3868465423583984,1.3868465423583984,0.903316855430603,0.001,33.81565999984741
1543,11,3,196274,128,1.3568291664123535,1.3568291664123535,0.9466809034347534,0.001,33.83356308937073
1544,11,4,196402,128,1.167948603630066,1.167948603630066,0.9983412623405457,0.001,33.85274791717529
1545,11,5,196530,128,1.0958411693572998,1.0958411693572998,1.0005977153778076,0.001,33.87008357048035
1546,11,6,196658,128,0.8586381077766418,0.8586381077766418,1.0316015481948853,0.001,33.8879189491272
1547,11,7,196786,128,1.2033518552780151,1.2033518552780151,0.9738916158676147,0.001,33.905771017074585
1548,11,8,196914,128,0.9933505654335022,0.9933505654335022,0.7537961006164551,0.001,33.92353963851929
1549,11,9,197042,128,0.8294717073440552,0.8294717073440552,1.4307047128677368,0.001,33.94086050987244
1550,11,10,197170,128,0.7990241646766663,0.7990241646766663,1.0965423583984375,0.001,33.95879673957825
1551,11,11,197298,128,0.97690749168396,0.97690749168396,0.9313876628875732,0.001,33.976460695266724
1552,11,12,197426,128,1.1635653972625732,1.1635653972625732,1.291366696357727,0.001,33.993892669677734
1553,11,13,197554,128,0.7881661653518677,0.7881661653518677,0.973772406578064,0.001,34.01136589050293
1554,11,14,197682,128,1.1719549894332886,1.1719549894332886,1.4909499883651733,0.001,34.02913022041321
1555,11,15,197810,128,1.118143081665039,1.118143081665039,1.0349034070968628,0.001,34.046783447265625
1556,11,16,197938,128,0.9800712466239929,0.9800712466239929,0.8976997137069702,0.001,34.06497025489807
1557,11,17,198066,128,0.7952848672866821,0.7952848672866821,1.1796287298202515,0.001,34.082998752593994
1558,11,18,198194,128,1.013585090637207,1.013585090637207,1.2569864988327026,0.001,34.10065841674805
1559,11,19,198322,128,1.01824951171875,1.01824951171875,0.8366692066192627,0.001,34.118252992630005
1560,11,20,198450,128,0.8073982000350952,0.8073982000350952,1.1438515186309814,0.001,34.13551425933838
1561,11,21,198578,128,0.9428617358207703,0.9428617358207703,0.7167380452156067,0.001,34.153544425964355
1562,11,22,198706,128,1.0937589406967163,1.0937589406967163,1.0483899116516113,0.001,34.1709840297699
1563,11,23,198834,128,1.0502766370773315,1.0502766370773315,1.039415955543518,0.001,34.188448905944824
1564,11,24,198962,128,1.1328628063201904,1.1328628063201904,1.0565954446792603,0.001,34.2060182094574
1565,11,25,199090,128,1.0850368738174438,1.0850368738174438,0.889369010925293,0.001,34.2242317199707
1566,11,26,199218,128,0.8692542910575867,0.8692542910575867,1.1367864608764648,0.001,34.24176049232483
1567,11,27,199346,128,0.9976440072059631,0.9976440072059631,1.1323902606964111,0.001,34.25941872596741
1568,11,28,199474,128,0.8301599621772766,0.8301599621772766,0.8607556223869324,0.001,34.27699375152588
1569,11,29,199602,128,1.0096244812011719,1.0096244812011719,0.8035272359848022,0.001,34.29516005516052
1570,11,30,199730,128,0.9178573489189148,0.9178573489189148,1.1438071727752686,0.001,34.31288123130798
1571,11,31,199858,128,1.1268422603607178,1.1268422603607178,1.3354142904281616,0.001,34.330432176589966
1572,11,32,199986,128,1.3656082153320312,1.3656082153320312,0.9942888617515564,0.001,34.348150968551636
1573,11,33,200114,128,1.275875210762024,1.275875210762024,0.8873539566993713,0.001,34.365814447402954
1574,11,34,200242,128,1.156049132347107,1.156049132347107,1.3486031293869019,0.001,34.383460998535156
1575,11,35,200370,128,0.9684737920761108,0.9684737920761108,0.8441187143325806,0.001,34.401119232177734
1576,11,36,200498,128,0.8582914471626282,0.8582914471626282,0.8444997668266296,0.001,34.419193267822266
1577,11,37,200626,128,1.160778284072876,1.160778284072876,1.2642910480499268,0.001,34.437050104141235
1578,11,38,200754,128,1.444917917251587,1.444917917251587,1.1491544246673584,0.001,34.454720973968506
1579,11,39,200882,128,1.4871200323104858,1.4871200323104858,1.4425290822982788,0.001,34.47241234779358
1580,11,40,201010,128,0.8435310125350952,0.8435310125350952,1.0679103136062622,0.001,34.490416526794434
1581,11,41,201138,128,0.8536379933357239,0.8536379933357239,1.0025405883789062,0.001,34.50815510749817
1582,11,42,201266,128,0.9677184820175171,0.9677184820175171,1.0595488548278809,0.001,34.52586078643799
1583,11,43,201394,128,0.8360918760299683,0.8360918760299683,0.9914268255233765,0.001,34.54355502128601
1584,11,44,201522,128,0.9118947982788086,0.9118947982788086,0.6832256317138672,0.001,34.561872720718384
1585,11,45,201650,128,1.0955085754394531,1.0955085754394531,1.2119139432907104,0.001,34.580098390579224
1586,11,46,201778,128,1.5539613962173462,1.5539613962173462,1.176484227180481,0.001,34.59798574447632
1587,11,47,201906,128,1.6795943975448608,1.6795943975448608,0.8865423798561096,0.001,34.61597204208374
1588,11,48,202034,128,0.9637596607208252,0.9637596607208252,0.8254274725914001,0.001,34.63388156890869
1589,11,49,202162,128,0.7922379374504089,0.7922379374504089,1.3706966638565063,0.001,34.65174388885498
1590,11,50,202290,128,0.9836922883987427,0.9836922883987427,0.9782183170318604,0.001,34.66940784454346
1591,11,51,202418,128,0.9969722628593445,0.9969722628593445,1.4477208852767944,0.001,34.687044620513916
1592,11,52,202546,128,1.3693629503250122,1.3693629503250122,1.5853521823883057,0.001,34.704877614974976
1593,11,53,202674,128,1.076689600944519,1.076689600944519,0.9315887689590454,0.001,34.7226505279541
1594,11,54,202802,128,1.2833346128463745,1.2833346128463745,1.2290053367614746,0.001,34.740418910980225
1595,11,55,202930,128,0.9467774033546448,0.9467774033546448,0.8006445169448853,0.001,34.758333683013916
1596,11,56,203058,128,1.0175132751464844,1.0175132751464844,0.9324353337287903,0.001,34.77608633041382
1597,11,57,203186,128,0.9532836079597473,0.9532836079597473,1.1849035024642944,0.001,34.79359006881714
1598,11,58,203314,128,1.141646385192871,1.141646385192871,1.0205507278442383,0.001,34.811086654663086
1599,11,59,203442,128,0.9591277837753296,0.9591277837753296,0.9733172059059143,0.001,34.82895874977112
1600,11,60,203570,128,0.9319871068000793,0.9319871068000793,1.7548795938491821,0.001,34.846683979034424
1601,11,61,203698,128,1.0291709899902344,1.0291709899902344,1.1540470123291016,0.001,34.86433506011963
1602,11,62,203826,128,1.1863086223602295,1.1863086223602295,1.45609450340271,0.001,34.88209390640259
1603,11,63,203954,128,0.8945594429969788,0.8945594429969788,0.8707641959190369,0.001,34.900280475616455
1604,11,64,204082,128,0.9832676649093628,0.9832676649093628,0.9710517525672913,0.001,34.918214321136475
1605,11,65,204210,128,0.7184476256370544,0.7184476256370544,1.1728721857070923,0.001,34.9358651638031
1606,11,66,204338,128,1.1241865158081055,1.1241865158081055,1.2224788665771484,0.001,34.95381426811218
1607,11,67,204466,128,0.8551068902015686,0.8551068902015686,0.9031610488891602,0.001,34.971357345581055
1608,11,68,204594,128,0.8172294497489929,0.8172294497489929,1.1812551021575928,0.001,34.98914957046509
1609,11,69,204722,128,1.1056864261627197,1.1056864261627197,1.1060985326766968,0.001,35.006898164749146
1610,11,70,204850,128,1.0954341888427734,1.0954341888427734,0.8130664229393005,0.001,35.025235414505005
1611,11,71,204978,128,0.8356691002845764,0.8356691002845764,0.8967829346656799,0.001,35.042847871780396
1612,11,72,205106,128,1.3842278718948364,1.3842278718948364,0.9097439050674438,0.001,35.06043291091919
1613,11,73,205234,128,0.9735247492790222,0.9735247492790222,1.1668932437896729,0.001,35.07813000679016
1614,11,74,205362,128,0.8232203722000122,0.8232203722000122,1.3799368143081665,0.001,35.09620380401611
1615,11,75,205490,128,1.2035980224609375,1.2035980224609375,0.9712915420532227,0.001,35.11391568183899
1616,11,76,205618,128,0.8648096919059753,0.8648096919059753,0.7120687365531921,0.001,35.131399393081665
1617,11,77,205746,128,1.0945299863815308,1.0945299863815308,0.7575828433036804,0.001,35.14939904212952
1618,11,78,205874,128,1.2177801132202148,1.2177801132202148,1.2057007551193237,0.001,35.16792559623718
1619,11,79,206002,128,0.8782708048820496,0.8782708048820496,1.0266376733779907,0.001,35.1929292678833
1620,11,80,206130,128,0.8556643724441528,0.8556643724441528,1.103135347366333,0.001,35.2101263999939
1621,11,81,206258,128,0.6818230152130127,0.6818230152130127,1.2093205451965332,0.001,35.22797751426697
1622,11,82,206386,128,0.9202731847763062,0.9202731847763062,1.5189738273620605,0.001,35.24576997756958
1623,11,83,206514,128,0.7718777060508728,0.7718777060508728,1.1347278356552124,0.001,35.263145208358765
1624,11,84,206642,128,0.7090580463409424,0.7090580463409424,1.0650490522384644,0.001,35.28061485290527
1625,11,85,206770,128,0.9131579995155334,0.9131579995155334,1.0795021057128906,0.001,35.298892974853516
1626,11,86,206898,128,1.0300142765045166,1.0300142765045166,1.252264380455017,0.001,35.31661915779114
1627,11,87,207026,128,1.2308197021484375,1.2308197021484375,1.0619984865188599,0.001,35.333988189697266
1628,11,88,207154,128,1.5302305221557617,1.5302305221557617,1.3308886289596558,0.001,35.35215973854065
1629,11,89,207282,128,1.031465768814087,1.031465768814087,1.178780198097229,0.001,35.36991310119629
1630,11,90,207410,128,1.1240551471710205,1.1240551471710205,1.3893100023269653,0.001,35.38761496543884
1631,11,91,207538,128,0.8762104511260986,0.8762104511260986,1.294610619544983,0.001,35.40543842315674
1632,11,92,207666,128,1.4970269203186035,1.4970269203186035,1.012927532196045,0.001,35.423617124557495
1633,11,93,207794,128,1.7648491859436035,1.7648491859436035,1.1870185136795044,0.001,35.44146156311035
1634,11,94,207922,128,1.1392618417739868,1.1392618417739868,1.2337291240692139,0.001,35.45918798446655
1635,11,95,208050,128,1.2859089374542236,1.2859089374542236,1.4229393005371094,0.001,35.47703170776367
1636,11,96,208178,128,0.8895949125289917,0.8895949125289917,1.1273295879364014,0.001,35.495173931121826
1637,11,97,208306,128,1.2542288303375244,1.2542288303375244,0.9462647438049316,0.001,35.513309478759766
1638,11,98,208434,128,1.0853052139282227,1.0853052139282227,1.138407588005066,0.001,35.53106188774109
1639,11,99,208562,128,1.2893210649490356,1.2893210649490356,1.2117335796356201,0.001,35.54907417297363
1640,11,100,208690,128,1.1101468801498413,1.1101468801498413,1.2167366743087769,0.001,35.566930532455444
1641,11,101,208818,128,1.1576836109161377,1.1576836109161377,0.7000121474266052,0.001,35.584681034088135
1642,11,102,208946,128,0.7359810471534729,0.7359810471534729,1.3755830526351929,0.001,35.60248398780823
1643,11,103,209074,128,1.121022343635559,1.121022343635559,1.088549256324768,0.001,35.620638608932495
1644,11,104,209202,128,0.8844702243804932,0.8844702243804932,0.9905948042869568,0.001,35.638346672058105
1645,11,105,209330,128,0.9247605204582214,0.9247605204582214,1.8441756963729858,0.001,35.656219720840454
1646,11,106,209458,128,1.100828766822815,1.100828766822815,0.9356674551963806,0.001,35.674079179763794
1647,11,107,209586,128,1.0015201568603516,1.0015201568603516,0.8595530390739441,0.001,35.692591190338135
1648,11,108,209714,128,0.9129266142845154,0.9129266142845154,0.8665004968643188,0.001,35.71043562889099
1649,11,109,209842,128,1.1541374921798706,1.1541374921798706,1.2562974691390991,0.001,35.72808575630188
1650,11,110,209970,128,1.105035424232483,1.105035424232483,1.0187146663665771,0.001,35.745842695236206
1651,11,111,210098,128,1.267738938331604,1.267738938331604,1.0326753854751587,0.001,35.763957262039185
1652,11,112,210226,128,1.005935549736023,1.005935549736023,1.06813383102417,0.001,35.781797647476196
1653,11,113,210354,128,0.7750985622406006,0.7750985622406006,1.2425590753555298,0.001,35.79931664466858
1654,11,114,210482,128,1.2172116041183472,1.2172116041183472,1.3253672122955322,0.001,35.81680393218994
1655,11,115,210610,128,1.1040294170379639,1.1040294170379639,0.9052745699882507,0.001,35.834800720214844
1656,11,116,210738,128,0.8616540431976318,0.8616540431976318,0.7927245497703552,0.001,35.85675644874573
1657,11,117,210866,128,1.0193957090377808,1.0193957090377808,1.0410799980163574,0.001,35.87439584732056
1658,11,118,210994,128,0.7831908464431763,0.7831908464431763,1.0673493146896362,0.001,35.892569065093994
1659,11,119,211122,128,1.131550908088684,1.131550908088684,1.2225149869918823,0.001,35.91035032272339
1660,11,120,211250,128,1.0425163507461548,1.0425163507461548,1.0107089281082153,0.001,35.928162574768066
1661,11,121,211378,128,1.2055814266204834,1.2055814266204834,1.1702516078948975,0.001,35.946105003356934
1662,11,122,211506,128,1.02676522731781,1.02676522731781,0.8468708992004395,0.001,35.96425747871399
1663,11,123,211634,128,1.43221914768219,1.43221914768219,0.9124558568000793,0.001,35.98207950592041
1664,11,124,211762,128,1.106581449508667,1.106581449508667,1.4075121879577637,0.001,35.99970507621765
1665,11,125,211890,128,1.0777380466461182,1.0777380466461182,1.0026576519012451,0.001,36.01749324798584
1666,11,126,212018,128,1.2027041912078857,1.2027041912078857,1.0489546060562134,0.001,36.03503370285034
1667,11,127,212146,128,1.317312479019165,1.317312479019165,0.976154625415802,0.001,36.05336022377014
1668,11,128,212274,128,1.6221271753311157,1.6221271753311157,0.905031144618988,0.001,36.070746660232544
1669,11,129,212402,128,1.5577752590179443,1.5577752590179443,1.278921127319336,0.001,36.08899474143982
1670,11,130,212530,128,1.291084885597229,1.291084885597229,0.9029352068901062,0.001,36.10660481452942
1671,11,131,212658,128,1.0761511325836182,1.0761511325836182,1.2598505020141602,0.001,36.12410926818848
1672,11,132,212786,128,0.833450973033905,0.833450973033905,1.0619584321975708,0.001,36.14161276817322
1673,11,133,212914,128,0.7118898630142212,0.7118898630142212,1.0329387187957764,0.001,36.15974020957947
1674,11,134,213042,128,1.059348702430725,1.059348702430725,1.5038288831710815,0.001,36.177351236343384
1675,11,135,213170,128,0.9710333943367004,0.9710333943367004,0.9299296140670776,0.001,36.194594860076904
1676,11,136,213298,128,0.7774838805198669,0.7774838805198669,1.3789047002792358,0.001,36.21200942993164
1677,11,137,213426,128,0.7731260657310486,0.7731260657310486,1.1779464483261108,0.001,36.2299542427063
1678,11,138,213554,128,0.9316941499710083,0.9316941499710083,1.112515926361084,0.001,36.247623443603516
1679,11,139,213682,128,1.2507790327072144,1.2507790327072144,1.3521509170532227,0.001,36.26541876792908
1680,11,140,213810,128,0.8494091629981995,0.8494091629981995,1.22362220287323,0.001,36.2826714515686
1681,11,141,213938,128,0.9276641607284546,0.9276641607284546,0.8224661350250244,0.001,36.30070781707764
1682,11,142,214066,128,0.9211492538452148,0.9211492538452148,0.9341312646865845,0.001,36.318193674087524
1683,11,143,214194,128,0.9197684526443481,0.9197684526443481,1.2937973737716675,0.001,36.33586049079895
1684,11,144,214322,128,0.9103047251701355,0.9103047251701355,0.7604414224624634,0.001,36.35368537902832
1685,11,145,214450,128,0.7718332409858704,0.7718332409858704,1.1134191751480103,0.001,36.37109041213989
1686,11,146,214578,128,0.7611579895019531,0.7611579895019531,0.7533488869667053,0.001,36.38869595527649
1687,11,147,214706,128,0.8865463137626648,0.8865463137626648,1.0367984771728516,0.001,36.406147480010986
1688,11,148,214834,128,1.155259370803833,1.155259370803833,1.050360083580017,0.001,36.424232721328735
1689,11,149,214962,128,1.0778906345367432,1.0778906345367432,0.890262246131897,0.001,36.44206786155701
1690,11,150,215090,128,1.0573128461837769,1.0573128461837769,1.0472955703735352,0.001,36.459815979003906
1691,11,151,215218,128,1.141867756843567,1.141867756843567,1.0157005786895752,0.001,36.477555990219116
1692,11,152,215346,128,1.2510204315185547,1.2510204315185547,1.0615004301071167,0.001,36.49567365646362
1693,11,153,215474,128,1.23667573928833,1.23667573928833,1.3972349166870117,0.001,36.51312565803528
1694,11,154,215479,5,0.5778104662895203,0.5778104662895203,2.8570077419281006,0.001,36.51594662666321
1695,12,1,215607,128,1.012629508972168,1.012629508972168,1.0239735841751099,0.001,37.19856595993042
1696,12,2,215735,128,1.1856086254119873,1.1856086254119873,0.8564140200614929,0.001,37.21603012084961
1697,12,3,215863,128,1.2532519102096558,1.2532519102096558,0.8854042887687683,0.001,37.233776807785034
1698,12,4,215991,128,1.0412951707839966,1.0412951707839966,1.0174145698547363,0.001,37.251152992248535
1699,12,5,216119,128,0.993101179599762,0.993101179599762,0.9845475554466248,0.001,37.26863646507263
1700,12,6,216247,128,0.9369320273399353,0.9369320273399353,1.1709604263305664,0.001,37.28667187690735
1701,12,7,216375,128,1.3682116270065308,1.3682116270065308,1.5882757902145386,0.001,37.30405116081238
1702,12,8,216503,128,0.8278607130050659,0.8278607130050659,1.1752738952636719,0.001,37.32166504859924
1703,12,9,216631,128,0.913828432559967,0.913828432559967,1.1127002239227295,0.001,37.338496923446655
1704,12,10,216759,128,1.294555902481079,1.294555902481079,1.0799914598464966,0.001,37.356058835983276
1705,12,11,216887,128,1.201088547706604,1.201088547706604,1.0795795917510986,0.001,37.37331771850586
1706,12,12,217015,128,0.9327744841575623,0.9327744841575623,1.2377915382385254,0.001,37.39054250717163
1707,12,13,217143,128,0.7878576517105103,0.7878576517105103,1.4036388397216797,0.001,37.407893896102905
1708,12,14,217271,128,1.2963106632232666,1.2963106632232666,1.1538118124008179,0.001,37.426002740859985
1709,12,15,217399,128,1.0119277238845825,1.0119277238845825,0.9008799195289612,0.001,37.44375705718994
1710,12,16,217527,128,0.8430750370025635,0.8430750370025635,1.2588428258895874,0.001,37.461034536361694
1711,12,17,217655,128,0.8735774159431458,0.8735774159431458,0.7869899868965149,0.001,37.47841954231262
1712,12,18,217783,128,0.8589507341384888,0.8589507341384888,0.8909698724746704,0.001,37.4961199760437
1713,12,19,217911,128,1.0113555192947388,1.0113555192947388,1.3035027980804443,0.001,37.513691663742065
1714,12,20,218039,128,1.1489232778549194,1.1489232778549194,1.0791409015655518,0.001,37.5315899848938
1715,12,21,218167,128,1.230293869972229,1.230293869972229,0.9342392086982727,0.001,37.54923939704895
1716,12,22,218295,128,0.8212645053863525,0.8212645053863525,0.8239095211029053,0.001,37.567275524139404
1717,12,23,218423,128,0.8067603707313538,0.8067603707313538,0.8728719353675842,0.001,37.584802865982056
1718,12,24,218551,128,1.137513279914856,1.137513279914856,1.5510048866271973,0.001,37.602314710617065
1719,12,25,218679,128,1.1263973712921143,1.1263973712921143,0.8885509371757507,0.001,37.619619607925415
1720,12,26,218807,128,1.2413558959960938,1.2413558959960938,1.115110158920288,0.001,37.63741993904114
1721,12,27,218935,128,0.9658868312835693,0.9658868312835693,1.0803302526474,0.001,37.65497660636902
1722,12,28,219063,128,0.9310316443443298,0.9310316443443298,0.9149152040481567,0.001,37.67247986793518
1723,12,29,219191,128,1.0447384119033813,1.0447384119033813,0.9461444616317749,0.001,37.69034218788147
1724,12,30,219319,128,0.8020606637001038,0.8020606637001038,0.9213994741439819,0.001,37.70794987678528
1725,12,31,219447,128,1.0466535091400146,1.0466535091400146,0.9506301283836365,0.001,37.725462436676025
1726,12,32,219575,128,1.0083688497543335,1.0083688497543335,0.8510249257087708,0.001,37.74307823181152
1727,12,33,219703,128,1.4974647760391235,1.4974647760391235,1.2254382371902466,0.001,37.76059341430664
1728,12,34,219831,128,1.206558108329773,1.206558108329773,1.2923935651779175,0.001,37.77804660797119
1729,12,35,219959,128,1.6217169761657715,1.6217169761657715,1.060068964958191,0.001,37.7956018447876
1730,12,36,220087,128,1.3320558071136475,1.3320558071136475,1.654032826423645,0.001,37.81336498260498
1731,12,37,220215,128,1.1980249881744385,1.1980249881744385,0.9272717237472534,0.001,37.83128905296326
1732,12,38,220343,128,0.8518273830413818,0.8518273830413818,1.7140084505081177,0.001,37.84899640083313
1733,12,39,220471,128,0.7911232113838196,0.7911232113838196,0.9409247040748596,0.001,37.86662578582764
1734,12,40,220599,128,0.8732152581214905,0.8732152581214905,0.9601828455924988,0.001,37.884063720703125
1735,12,41,220727,128,0.9417392611503601,0.9417392611503601,1.0579200983047485,0.001,37.90228033065796
1736,12,42,220855,128,0.9430986046791077,0.9430986046791077,1.2771583795547485,0.001,37.91961932182312
1737,12,43,220983,128,1.1117209196090698,1.1117209196090698,0.9073665738105774,0.001,37.937384843826294
1738,12,44,221111,128,0.9489126205444336,0.9489126205444336,1.2865911722183228,0.001,37.955037117004395
1739,12,45,221239,128,1.1136295795440674,1.1136295795440674,1.194568157196045,0.001,37.97251272201538
1740,12,46,221367,128,1.1878341436386108,1.1878341436386108,1.993937373161316,0.001,37.99003219604492
1741,12,47,221495,128,0.8131322860717773,0.8131322860717773,0.9909936785697937,0.001,38.00770425796509
1742,12,48,221623,128,0.8530190587043762,0.8530190587043762,1.151810884475708,0.001,38.02533173561096
1743,12,49,221751,128,1.1423120498657227,1.1423120498657227,0.8561867475509644,0.001,38.04277729988098
1744,12,50,221879,128,0.9772648215293884,0.9772648215293884,1.2365505695343018,0.001,38.060524702072144
1745,12,51,222007,128,0.7022191286087036,0.7022191286087036,0.8979644775390625,0.001,38.07791233062744
1746,12,52,222135,128,0.6837025284767151,0.6837025284767151,1.1267564296722412,0.001,38.09594750404358
1747,12,53,222263,128,0.9253613352775574,0.9253613352775574,1.0683479309082031,0.001,38.11354207992554
1748,12,54,222391,128,1.2790570259094238,1.2790570259094238,0.7731171250343323,0.001,38.13099265098572
1749,12,55,222519,128,0.9420066475868225,0.9420066475868225,1.1432182788848877,0.001,38.148557901382446
1750,12,56,222647,128,1.0136927366256714,1.0136927366256714,1.1079816818237305,0.001,38.16642236709595
1751,12,57,222775,128,1.0639828443527222,1.0639828443527222,1.484627604484558,0.001,38.18400979042053
1752,12,58,222903,128,1.126529335975647,1.126529335975647,1.1294633150100708,0.001,38.20150399208069
1753,12,59,223031,128,0.9325643181800842,0.9325643181800842,1.1887261867523193,0.001,38.219146728515625
1754,12,60,223159,128,0.9775824546813965,0.9775824546813965,1.0997501611709595,0.001,38.237231969833374
1755,12,61,223287,128,0.6136478781700134,0.6136478781700134,0.8989421725273132,0.001,38.25511884689331
1756,12,62,223415,128,0.678190290927887,0.678190290927887,1.0981982946395874,0.001,38.272762298583984
1757,12,63,223543,128,0.9818369746208191,0.9818369746208191,1.310167670249939,0.001,38.29051756858826
1758,12,64,223671,128,0.8723158836364746,0.8723158836364746,1.372902512550354,0.001,38.30816602706909
1759,12,65,223799,128,0.8514329195022583,0.8514329195022583,0.8004390597343445,0.001,38.32540202140808
1760,12,66,223927,128,1.1655964851379395,1.1655964851379395,1.0088145732879639,0.001,38.3428099155426
1761,12,67,224055,128,1.0838884115219116,1.0838884115219116,1.1601084470748901,0.001,38.3609414100647
1762,12,68,224183,128,1.4327623844146729,1.4327623844146729,1.1054421663284302,0.001,38.37869119644165
1763,12,69,224311,128,1.2012971639633179,1.2012971639633179,0.9953119158744812,0.001,38.39651584625244
1764,12,70,224439,128,0.9218311905860901,0.9218311905860901,0.8310827016830444,0.001,38.414007902145386
1765,12,71,224567,128,1.175117015838623,1.175117015838623,1.1834434270858765,0.001,38.43209433555603
1766,12,72,224695,128,0.9972831010818481,0.9972831010818481,0.7478280663490295,0.001,38.449918031692505
1767,12,73,224823,128,0.9224759340286255,0.9224759340286255,0.8091715574264526,0.001,38.46780061721802
1768,12,74,224951,128,0.7558057904243469,0.7558057904243469,0.9919580221176147,0.001,38.48527002334595
1769,12,75,225079,128,0.9791623950004578,0.9791623950004578,0.9799267649650574,0.001,38.5032160282135
1770,12,76,225207,128,0.9654733538627625,0.9654733538627625,1.0759738683700562,0.001,38.521233558654785
1771,12,77,225335,128,0.9121729135513306,0.9121729135513306,0.9696669578552246,0.001,38.538585901260376
1772,12,78,225463,128,0.8172684907913208,0.8172684907913208,1.2730168104171753,0.001,38.55604958534241
1773,12,79,225591,128,0.5901029109954834,0.5901029109954834,0.8684847354888916,0.001,38.57394337654114
1774,12,80,225719,128,0.967070460319519,0.967070460319519,1.0744190216064453,0.001,38.59161305427551
1775,12,81,225847,128,1.221521258354187,1.221521258354187,1.5107121467590332,0.001,38.60924768447876
1776,12,82,225975,128,1.2909280061721802,1.2909280061721802,1.2415518760681152,0.001,38.62730050086975
1777,12,83,226103,128,0.990156888961792,0.990156888961792,1.2715824842453003,0.001,38.64525485038757
1778,12,84,226231,128,1.0144257545471191,1.0144257545471191,0.7961232662200928,0.001,38.663182497024536
1779,12,85,226359,128,1.2238147258758545,1.2238147258758545,1.16371488571167,0.001,38.681209087371826
1780,12,86,226487,128,1.1714335680007935,1.1714335680007935,1.0803585052490234,0.001,38.69941973686218
1781,12,87,226615,128,0.9592309594154358,0.9592309594154358,0.885542631149292,0.001,38.71758985519409
1782,12,88,226743,128,0.8070704340934753,0.8070704340934753,0.984370231628418,0.001,38.7352774143219
1783,12,89,226871,128,1.1314473152160645,1.1314473152160645,1.0769187211990356,0.001,38.753185987472534
1784,12,90,226999,128,0.9780158996582031,0.9780158996582031,0.9776837229728699,0.001,38.77126693725586
1785,12,91,227127,128,0.9541003704071045,0.9541003704071045,1.2244725227355957,0.001,38.789289474487305
1786,12,92,227255,128,1.1124863624572754,1.1124863624572754,1.1472069025039673,0.001,38.8071608543396
1787,12,93,227383,128,0.8570444583892822,0.8570444583892822,1.08468759059906,0.001,38.82522940635681
1788,12,94,227511,128,0.9320184588432312,0.9320184588432312,0.8316125273704529,0.001,38.843175172805786
1789,12,95,227639,128,1.1868940591812134,1.1868940591812134,1.463809847831726,0.001,38.861050605773926
1790,12,96,227767,128,0.9708268642425537,0.9708268642425537,1.1289703845977783,0.001,38.878676891326904
1791,12,97,227895,128,0.9819329380989075,0.9819329380989075,1.1576699018478394,0.001,38.897013902664185
1792,12,98,228023,128,1.2071290016174316,1.2071290016174316,0.958942711353302,0.001,38.914674043655396
1793,12,99,228151,128,1.0000629425048828,1.0000629425048828,0.7758526802062988,0.001,38.932318925857544
1794,12,100,228279,128,1.1869704723358154,1.1869704723358154,1.2145109176635742,0.001,38.94954299926758
1795,12,101,228407,128,1.1667429208755493,1.1667429208755493,1.1863094568252563,0.001,38.96792197227478
1796,12,102,228535,128,1.1502165794372559,1.1502165794372559,1.332871675491333,0.001,38.985944509506226
1797,12,103,228663,128,1.2054939270019531,1.2054939270019531,0.8836495280265808,0.001,39.00393795967102
1798,12,104,228791,128,1.012951135635376,1.012951135635376,0.7792695760726929,0.001,39.02206611633301
1799,12,105,228919,128,1.0572160482406616,1.0572160482406616,1.0202196836471558,0.001,39.040080308914185
1800,12,106,229047,128,0.9785014390945435,0.9785014390945435,0.8833216428756714,0.001,39.05904150009155
1801,12,107,229175,128,0.77522212266922,0.77522212266922,1.2873265743255615,0.001,39.07667827606201
1802,12,108,229303,128,0.9927666187286377,0.9927666187286377,1.0826873779296875,0.001,39.094743490219116
1803,12,109,229431,128,0.9303504228591919,0.9303504228591919,1.0659663677215576,0.001,39.112931966781616
1804,12,110,229559,128,1.016139268875122,1.016139268875122,1.2778739929199219,0.001,39.13078570365906
1805,12,111,229687,128,0.9739442467689514,0.9739442467689514,1.7333989143371582,0.001,39.148690938949585
1806,12,112,229815,128,0.8892262578010559,0.8892262578010559,0.9938362836837769,0.001,39.16685080528259
1807,12,113,229943,128,0.9952088594436646,0.9952088594436646,0.9741121530532837,0.001,39.18452715873718
1808,12,114,230071,128,0.9222999215126038,0.9222999215126038,1.061179280281067,0.001,39.20227813720703
1809,12,115,230199,128,0.7938278317451477,0.7938278317451477,1.3827457427978516,0.001,39.22055530548096
1810,12,116,230327,128,1.3871465921401978,1.3871465921401978,1.1244345903396606,0.001,39.23870635032654
1811,12,117,230455,128,0.9655725359916687,0.9655725359916687,0.7527448534965515,0.001,39.25666832923889
1812,12,118,230583,128,1.0067806243896484,1.0067806243896484,0.825641393661499,0.001,39.27453088760376
1813,12,119,230711,128,1.2501320838928223,1.2501320838928223,0.7849623560905457,0.001,39.29319381713867
1814,12,120,230839,128,0.8482131958007812,0.8482131958007812,0.8593471646308899,0.001,39.31109356880188
1815,12,121,230967,128,1.066522479057312,1.066522479057312,1.0660085678100586,0.001,39.329163551330566
1816,12,122,231095,128,0.8405495882034302,0.8405495882034302,0.9242256879806519,0.001,39.34732413291931
1817,12,123,231223,128,0.852814793586731,0.852814793586731,1.2390987873077393,0.001,39.36569547653198
1818,12,124,231351,128,0.6893197298049927,0.6893197298049927,1.0797903537750244,0.001,39.38353180885315
1819,12,125,231479,128,1.2073310613632202,1.2073310613632202,1.0648115873336792,0.001,39.40107560157776
1820,12,126,231607,128,0.7584954500198364,0.7584954500198364,1.2024718523025513,0.001,39.41866898536682
1821,12,127,231735,128,1.1196081638336182,1.1196081638336182,1.093177080154419,0.001,39.43696618080139
1822,12,128,231863,128,1.0102781057357788,1.0102781057357788,0.9951092600822449,0.001,39.45490097999573
1823,12,129,231991,128,1.213332176208496,1.213332176208496,0.9828269481658936,0.001,39.472564458847046
1824,12,130,232119,128,0.8279029726982117,0.8279029726982117,0.7918515801429749,0.001,39.49027943611145
1825,12,131,232247,128,0.8102439641952515,0.8102439641952515,1.5526931285858154,0.001,39.50841450691223
1826,12,132,232375,128,0.7668492197990417,0.7668492197990417,1.2741199731826782,0.001,39.526209115982056
1827,12,133,232503,128,0.9059569835662842,0.9059569835662842,0.7509134411811829,0.001,39.544002294540405
1828,12,134,232631,128,0.9483667612075806,0.9483667612075806,1.3285750150680542,0.001,39.56205129623413
1829,12,135,232759,128,0.7938753962516785,0.7938753962516785,1.1098346710205078,0.001,39.57987332344055
1830,12,136,232887,128,0.9741263389587402,0.9741263389587402,1.0245084762573242,0.001,39.597596883773804
1831,12,137,233015,128,0.9722859263420105,0.9722859263420105,1.2653523683547974,0.001,39.6150643825531
1832,12,138,233143,128,0.9993413090705872,0.9993413090705872,1.5314782857894897,0.001,39.633299112319946
1833,12,139,233271,128,0.8942977786064148,0.8942977786064148,1.0993196964263916,0.001,39.65090298652649
1834,12,140,233399,128,1.0244439840316772,1.0244439840316772,0.94730544090271,0.001,39.66843032836914
1835,12,141,233527,128,1.2920665740966797,1.2920665740966797,0.9976168870925903,0.001,39.685734272003174
1836,12,142,233655,128,1.193252682685852,1.193252682685852,0.9625797867774963,0.001,39.70383381843567
1837,12,143,233783,128,0.8323103189468384,0.8323103189468384,1.0292184352874756,0.001,39.72155523300171
1838,12,144,233911,128,1.277597427368164,1.277597427368164,0.8045317530632019,0.001,39.73897361755371
1839,12,145,234039,128,0.9321843981742859,0.9321843981742859,1.054639458656311,0.001,39.75675821304321
1840,12,146,234167,128,0.8986898064613342,0.8986898064613342,1.0608279705047607,0.001,39.774755239486694
1841,12,147,234295,128,0.6506834030151367,0.6506834030151367,0.8039107322692871,0.001,39.79221820831299
1842,12,148,234423,128,0.962152361869812,0.962152361869812,1.2331069707870483,0.001,39.80997371673584
1843,12,149,234551,128,0.7866274118423462,0.7866274118423462,0.9501662254333496,0.001,39.827861309051514
1844,12,150,234679,128,1.2490776777267456,1.2490776777267456,1.0955424308776855,0.001,39.845619201660156
1845,12,151,234807,128,1.054912805557251,1.054912805557251,0.9315505027770996,0.001,39.863309144973755
1846,12,152,234935,128,1.3797590732574463,1.3797590732574463,1.209617257118225,0.001,39.88094687461853
1847,12,153,235063,128,1.0672131776809692,1.0672131776809692,1.5395543575286865,0.001,39.898998975753784
1848,12,154,235068,5,0.358082115650177,0.358082115650177,0.5198419690132141,0.001,39.901854038238525
1849,13,1,235196,128,0.8021235466003418,0.8021235466003418,0.959343671798706,0.001,40.586443185806274
1850,13,2,235324,128,1.0885202884674072,1.0885202884674072,1.0279244184494019,0.001,40.603811740875244
1851,13,3,235452,128,1.2199453115463257,1.2199453115463257,1.2977019548416138,0.001,40.621482133865356
1852,13,4,235580,128,1.1365517377853394,1.1365517377853394,1.0748881101608276,0.001,40.63918495178223
1853,13,5,235708,128,0.9764987826347351,0.9764987826347351,1.05872642993927,0.001,40.65661978721619
1854,13,6,235836,128,0.8557232618331909,0.8557232618331909,1.0822194814682007,0.001,40.6740505695343
1855,13,7,235964,128,1.0344973802566528,1.0344973802566528,0.8788812756538391,0.001,40.69167995452881
1856,13,8,236092,128,0.9156782031059265,0.9156782031059265,1.108390212059021,0.001,40.70968008041382
1857,13,9,236220,128,0.7452881336212158,0.7452881336212158,1.1634694337844849,0.001,40.726924896240234
1858,13,10,236348,128,0.8134734630584717,0.8134734630584717,1.0245661735534668,0.001,40.74423956871033
1859,13,11,236476,128,0.6483490467071533,0.6483490467071533,1.2351562976837158,0.001,40.76243710517883
1860,13,12,236604,128,0.7082726955413818,0.7082726955413818,1.1978424787521362,0.001,40.780378103256226
1861,13,13,236732,128,1.0300378799438477,1.0300378799438477,1.0213621854782104,0.001,40.79814171791077
1862,13,14,236860,128,0.9205651879310608,0.9205651879310608,1.1049864292144775,0.001,40.815542697906494
1863,13,15,236988,128,0.8727731704711914,0.8727731704711914,1.3124380111694336,0.001,40.8335599899292
1864,13,16,237116,128,0.8232567310333252,0.8232567310333252,0.7953019738197327,0.001,40.85071611404419
1865,13,17,237244,128,0.8576052188873291,0.8576052188873291,1.4374793767929077,0.001,40.86827850341797
1866,13,18,237372,128,1.0039188861846924,1.0039188861846924,1.081584095954895,0.001,40.88568639755249
1867,13,19,237500,128,0.576383650302887,0.576383650302887,0.8999713063240051,0.001,40.90401482582092
1868,13,20,237628,128,0.8874120116233826,0.8874120116233826,0.8987768888473511,0.001,40.92146444320679
1869,13,21,237756,128,0.9015615582466125,0.9015615582466125,1.1624068021774292,0.001,40.93921184539795
1870,13,22,237884,128,0.9678579568862915,0.9678579568862915,1.172563076019287,0.001,40.95683789253235
1871,13,23,238012,128,0.7000752091407776,0.7000752091407776,1.3416738510131836,0.001,40.974775075912476
1872,13,24,238140,128,1.0047909021377563,1.0047909021377563,1.0819388628005981,0.001,40.99228763580322
1873,13,25,238268,128,0.8615860342979431,0.8615860342979431,1.0750441551208496,0.001,41.009748697280884
1874,13,26,238396,128,1.2044832706451416,1.2044832706451416,1.105178713798523,0.001,41.027793884277344
1875,13,27,238524,128,0.7527305483818054,0.7527305483818054,1.229743480682373,0.001,41.04581427574158
1876,13,28,238652,128,0.95072340965271,0.95072340965271,0.9245524406433105,0.001,41.06397557258606
1877,13,29,238780,128,0.7087638974189758,0.7087638974189758,0.8721005320549011,0.001,41.081451416015625
1878,13,30,238908,128,0.9970565438270569,0.9970565438270569,0.9510054588317871,0.001,41.099169969558716
1879,13,31,239036,128,0.9334315061569214,0.9334315061569214,1.026212453842163,0.001,41.1170654296875
1880,13,32,239164,128,0.830897331237793,0.830897331237793,1.0237642526626587,0.001,41.134342670440674
1881,13,33,239292,128,0.7139408588409424,0.7139408588409424,0.9096824526786804,0.001,41.15180039405823
1882,13,34,239420,128,0.8975100517272949,0.8975100517272949,0.8803693056106567,0.001,41.169875621795654
1883,13,35,239548,128,1.217207670211792,1.217207670211792,1.2205381393432617,0.001,41.187344789505005
1884,13,36,239676,128,0.7198269367218018,0.7198269367218018,1.42253577709198,0.001,41.20477080345154
1885,13,37,239804,128,0.6455584764480591,0.6455584764480591,0.8863057494163513,0.001,41.221983432769775
1886,13,38,239932,128,0.9341771602630615,0.9341771602630615,0.9426048994064331,0.001,41.23972702026367
1887,13,39,240060,128,0.8490930795669556,0.8490930795669556,0.9629130363464355,0.001,41.257158279418945
1888,13,40,240188,128,1.2553516626358032,1.2553516626358032,0.8530585169792175,0.001,41.27443861961365
1889,13,41,240316,128,0.9661274552345276,0.9661274552345276,1.307712197303772,0.001,41.29148530960083
1890,13,42,240444,128,0.9593304395675659,0.9593304395675659,1.1264914274215698,0.001,41.3092246055603
1891,13,43,240572,128,0.8302092552185059,0.8302092552185059,1.1263808012008667,0.001,41.32685089111328
1892,13,44,240700,128,0.8069955110549927,0.8069955110549927,1.3046826124191284,0.001,41.344401359558105
1893,13,45,240828,128,1.0448877811431885,1.0448877811431885,0.9992810487747192,0.001,41.362223625183105
1894,13,46,240956,128,1.2396961450576782,1.2396961450576782,1.0896360874176025,0.001,41.38001012802124
1895,13,47,241084,128,0.8623107671737671,0.8623107671737671,0.9106642603874207,0.001,41.3975932598114
1896,13,48,241212,128,1.0140751600265503,1.0140751600265503,1.1206024885177612,0.001,41.41481351852417
1897,13,49,241340,128,1.015375018119812,1.015375018119812,0.8293256759643555,0.001,41.43332767486572
1898,13,50,241468,128,0.9671838879585266,0.9671838879585266,1.3519026041030884,0.001,41.45094537734985
1899,13,51,241596,128,0.8020856380462646,0.8020856380462646,0.9728216528892517,0.001,41.46842288970947
1900,13,52,241724,128,1.0066105127334595,1.0066105127334595,0.8594367504119873,0.001,41.485915422439575
1901,13,53,241852,128,1.0592215061187744,1.0592215061187744,1.214303970336914,0.001,41.503631591796875
1902,13,54,241980,128,0.8087548613548279,0.8087548613548279,1.155182123184204,0.001,41.52139902114868
1903,13,55,242108,128,0.9888964891433716,0.9888964891433716,0.8919694423675537,0.001,41.538978815078735
1904,13,56,242236,128,0.61086106300354,0.61086106300354,1.0869220495224,0.001,41.55642247200012
1905,13,57,242364,128,0.9124388098716736,0.9124388098716736,1.121018648147583,0.001,41.5742712020874
1906,13,58,242492,128,0.8479800224304199,0.8479800224304199,1.0161651372909546,0.001,41.59183049201965
1907,13,59,242620,128,0.949051022529602,0.949051022529602,1.1764177083969116,0.001,41.609028577804565
1908,13,60,242748,128,0.7876952886581421,0.7876952886581421,0.7979359030723572,0.001,41.62610912322998
1909,13,61,242876,128,1.4009575843811035,1.4009575843811035,0.7657676339149475,0.001,41.6439049243927
1910,13,62,243004,128,0.947808027267456,0.947808027267456,1.1059844493865967,0.001,41.66114020347595
1911,13,63,243132,128,1.0261985063552856,1.0261985063552856,1.044819951057434,0.001,41.678269386291504
1912,13,64,243260,128,1.174692153930664,1.174692153930664,0.8117741346359253,0.001,41.69559931755066
1913,13,65,243388,128,1.1405816078186035,1.1405816078186035,1.0394799709320068,0.001,41.71315622329712
1914,13,66,243516,128,0.7794880270957947,0.7794880270957947,0.860243558883667,0.001,41.73041343688965
1915,13,67,243644,128,1.09306001663208,1.09306001663208,1.076297640800476,0.001,41.74766707420349
1916,13,68,243772,128,0.9596928358078003,0.9596928358078003,1.079547643661499,0.001,41.76527285575867
1917,13,69,243900,128,1.0099456310272217,1.0099456310272217,1.1977348327636719,0.001,41.78256368637085
1918,13,70,244028,128,1.0868053436279297,1.0868053436279297,1.0654395818710327,0.001,41.7999267578125
1919,13,71,244156,128,0.6908552646636963,0.6908552646636963,1.3235799074172974,0.001,41.81743621826172
1920,13,72,244284,128,1.245147466659546,1.245147466659546,1.029122233390808,0.001,41.835045337677
1921,13,73,244412,128,0.7467182278633118,0.7467182278633118,0.9306502342224121,0.001,41.852498054504395
1922,13,74,244540,128,1.1539117097854614,1.1539117097854614,1.0900551080703735,0.001,41.871424198150635
1923,13,75,244668,128,0.9086917042732239,0.9086917042732239,0.9960087537765503,0.001,41.88901400566101
1924,13,76,244796,128,0.9159822463989258,0.9159822463989258,1.262827754020691,0.001,41.907044887542725
1925,13,77,244924,128,1.090563178062439,1.090563178062439,0.7173473238945007,0.001,41.92490863800049
1926,13,78,245052,128,0.7739103436470032,0.7739103436470032,0.881300687789917,0.001,41.94246029853821
1927,13,79,245180,128,0.6610960364341736,0.6610960364341736,1.055646538734436,0.001,41.96015667915344
1928,13,80,245308,128,0.7348307371139526,0.7348307371139526,1.1395896673202515,0.001,41.97792673110962
1929,13,81,245436,128,1.2881962060928345,1.2881962060928345,1.7748051881790161,0.001,41.995365142822266
1930,13,82,245564,128,1.1060528755187988,1.1060528755187988,0.9680150747299194,0.001,42.01296925544739
1931,13,83,245692,128,1.1469085216522217,1.1469085216522217,1.0207916498184204,0.001,42.03082728385925
1932,13,84,245820,128,0.7885792851448059,0.7885792851448059,1.327810287475586,0.001,42.04838275909424
1933,13,85,245948,128,0.9029117226600647,0.9029117226600647,0.8464730978012085,0.001,42.06647849082947
1934,13,86,246076,128,1.083611011505127,1.083611011505127,1.3747825622558594,0.001,42.083935499191284
1935,13,87,246204,128,0.955306351184845,0.955306351184845,0.9964011907577515,0.001,42.101970911026
1936,13,88,246332,128,0.7862638831138611,0.7862638831138611,1.1115704774856567,0.001,42.11972427368164
1937,13,89,246460,128,0.9057287573814392,0.9057287573814392,0.9819221496582031,0.001,42.137314319610596
1938,13,90,246588,128,0.9753015637397766,0.9753015637397766,1.3879750967025757,0.001,42.15466022491455
1939,13,91,246716,128,0.7925909161567688,0.7925909161567688,1.1199071407318115,0.001,42.17278265953064
1940,13,92,246844,128,1.1852141618728638,1.1852141618728638,1.5948421955108643,0.001,42.19037866592407
1941,13,93,246972,128,1.0497572422027588,1.0497572422027588,0.9640535712242126,0.001,42.20775628089905
1942,13,94,247100,128,0.8037440180778503,0.8037440180778503,1.1329799890518188,0.001,42.22505235671997
1943,13,95,247228,128,1.1813803911209106,1.1813803911209106,1.4154040813446045,0.001,42.24279284477234
1944,13,96,247356,128,0.8464568853378296,0.8464568853378296,1.0255264043807983,0.001,42.259997606277466
1945,13,97,247484,128,0.9041932225227356,0.9041932225227356,1.0429991483688354,0.001,42.277403593063354
1946,13,98,247612,128,0.8391754031181335,0.8391754031181335,1.1251368522644043,0.001,42.29466271400452
1947,13,99,247740,128,0.9103204011917114,0.9103204011917114,0.954793393611908,0.001,42.31248474121094
1948,13,100,247868,128,1.877303123474121,1.877303123474121,0.8949497938156128,0.001,42.3299777507782
1949,13,101,247996,128,1.2487632036209106,1.2487632036209106,1.1641993522644043,0.001,42.347434759140015
1950,13,102,248124,128,1.1076393127441406,1.1076393127441406,1.0993876457214355,0.001,42.36507749557495
1951,13,103,248252,128,1.0002912282943726,1.0002912282943726,1.300192952156067,0.001,42.38310122489929
1952,13,104,248380,128,0.8140038847923279,0.8140038847923279,1.0218883752822876,0.001,42.400662422180176
1953,13,105,248508,128,0.8267080783843994,0.8267080783843994,1.2327790260314941,0.001,42.41824507713318
1954,13,106,248636,128,1.1443136930465698,1.1443136930465698,1.166711688041687,0.001,42.43580770492554
1955,13,107,248764,128,0.8705337047576904,0.8705337047576904,1.1221503019332886,0.001,42.453181982040405
1956,13,108,248892,128,1.0172942876815796,1.0172942876815796,1.1485968828201294,0.001,42.47038435935974
1957,13,109,249020,128,1.1246696710586548,1.1246696710586548,1.347114086151123,0.001,42.48774838447571
1958,13,110,249148,128,0.8810825347900391,0.8810825347900391,1.2829670906066895,0.001,42.50585126876831
1959,13,111,249276,128,0.98844313621521,0.98844313621521,0.8427731394767761,0.001,42.523420333862305
1960,13,112,249404,128,0.9903290867805481,0.9903290867805481,1.1576941013336182,0.001,42.54088473320007
1961,13,113,249532,128,1.0194545984268188,1.0194545984268188,0.8072234392166138,0.001,42.55835032463074
1962,13,114,249660,128,0.927730917930603,0.927730917930603,0.9838345646858215,0.001,42.57618045806885
1963,13,115,249788,128,0.9886396527290344,0.9886396527290344,1.1230047941207886,0.001,42.59392786026001
1964,13,116,249916,128,1.0341660976409912,1.0341660976409912,1.339254379272461,0.001,42.611623764038086
1965,13,117,250044,128,0.8718348741531372,0.8718348741531372,1.5600228309631348,0.001,42.62901544570923
1966,13,118,250172,128,1.1062463521957397,1.1062463521957397,1.4101567268371582,0.001,42.646682024002075
1967,13,119,250300,128,1.0348997116088867,1.0348997116088867,0.8746563792228699,0.001,42.6645827293396
1968,13,120,250428,128,1.0167756080627441,1.0167756080627441,1.124790906906128,0.001,42.68201971054077
1969,13,121,250556,128,1.0989683866500854,1.0989683866500854,1.006772518157959,0.001,42.699965476989746
1970,13,122,250684,128,0.8601658344268799,0.8601658344268799,1.1204771995544434,0.001,42.71781778335571
1971,13,123,250812,128,0.9839620590209961,0.9839620590209961,1.145145297050476,0.001,42.73548483848572
1972,13,124,250940,128,0.8422855734825134,0.8422855734825134,1.0191802978515625,0.001,42.75314116477966
1973,13,125,251068,128,0.8055564761161804,0.8055564761161804,1.2904338836669922,0.001,42.77076554298401
1974,13,126,251196,128,0.7854137420654297,0.7854137420654297,0.7080290913581848,0.001,42.78854942321777
1975,13,127,251324,128,0.9884234666824341,0.9884234666824341,1.0556899309158325,0.001,42.80633807182312
1976,13,128,251452,128,0.8571310043334961,0.8571310043334961,1.547845482826233,0.001,42.82363724708557
1977,13,129,251580,128,1.0968115329742432,1.0968115329742432,1.1520357131958008,0.001,42.84138107299805
1978,13,130,251708,128,0.7855509519577026,0.7855509519577026,1.353027582168579,0.001,42.859046936035156
1979,13,131,251836,128,1.1804194450378418,1.1804194450378418,1.0496283769607544,0.001,42.87678241729736
1980,13,132,251964,128,0.7866180539131165,0.7866180539131165,0.9652848243713379,0.001,42.894397020339966
1981,13,133,252092,128,0.6939359307289124,0.6939359307289124,0.9760620594024658,0.001,42.91270852088928
1982,13,134,252220,128,1.2319554090499878,1.2319554090499878,1.2672268152236938,0.001,42.930479764938354
1983,13,135,252348,128,0.9894377589225769,0.9894377589225769,1.1047455072402954,0.001,42.947972536087036
1984,13,136,252476,128,0.8766772747039795,0.8766772747039795,0.9073293209075928,0.001,42.96561145782471
1985,13,137,252604,128,0.9774006605148315,0.9774006605148315,1.2176648378372192,0.001,42.982972621917725
1986,13,138,252732,128,0.8813385367393494,0.8813385367393494,0.9387533068656921,0.001,43.00072360038757
1987,13,139,252860,128,1.1473482847213745,1.1473482847213745,1.0169576406478882,0.001,43.01842737197876
1988,13,140,252988,128,0.8226526975631714,0.8226526975631714,0.8967781662940979,0.001,43.03630566596985
1989,13,141,253116,128,0.8563216924667358,0.8563216924667358,0.7826542258262634,0.001,43.0540030002594
1990,13,142,253244,128,0.7037801742553711,0.7037801742553711,1.2469297647476196,0.001,43.071659564971924
1991,13,143,253372,128,0.9315564632415771,0.9315564632415771,0.7536596059799194,0.001,43.089327812194824
1992,13,144,253500,128,0.8279405236244202,0.8279405236244202,1.0329186916351318,0.001,43.10715174674988
1993,13,145,253628,128,0.998978316783905,0.998978316783905,1.755300521850586,0.001,43.12465524673462
1994,13,146,253756,128,0.7887601852416992,0.7887601852416992,0.9216329455375671,0.001,43.142364501953125
1995,13,147,253884,128,0.9024953246116638,0.9024953246116638,0.8968361616134644,0.001,43.15981841087341
1996,13,148,254012,128,1.0042418241500854,1.0042418241500854,1.160754680633545,0.001,43.17758893966675
1997,13,149,254140,128,0.8017887473106384,0.8017887473106384,1.2273610830307007,0.001,43.19510817527771
1998,13,150,254268,128,1.2086063623428345,1.2086063623428345,1.2436153888702393,0.001,43.21278524398804
1999,13,151,254396,128,0.841307520866394,0.841307520866394,0.9006602168083191,0.001,43.23053336143494
2000,13,152,254524,128,1.298379898071289,1.298379898071289,1.0625669956207275,0.001,43.24811625480652
2001,13,153,254652,128,1.1532835960388184,1.1532835960388184,0.8677641153335571,0.001,43.265687704086304
2002,13,154,254657,5,0.23864048719406128,0.23864048719406128,0.7217413783073425,0.001,43.26831865310669
2003,14,1,254785,128,0.8806379437446594,0.8806379437446594,0.8142409324645996,0.001,43.95315480232239
2004,14,2,254913,128,0.8300144672393799,0.8300144672393799,1.3251839876174927,0.001,43.97119736671448
2005,14,3,255041,128,1.111185908317566,1.111185908317566,0.8954740762710571,0.001,43.98899292945862
2006,14,4,255169,128,0.9408742785453796,0.9408742785453796,1.0246424674987793,0.001,44.006359338760376
2007,14,5,255297,128,1.222579002380371,1.222579002380371,0.943878173828125,0.001,44.023699045181274
2008,14,6,255425,128,0.8445701599121094,0.8445701599121094,0.7020679712295532,0.001,44.0414297580719
2009,14,7,255553,128,0.7915976643562317,0.7915976643562317,1.1165317296981812,0.001,44.06127047538757
2010,14,8,255681,128,0.7660856246948242,0.7660856246948242,0.8410173654556274,0.001,44.0801727771759
2011,14,9,255809,128,1.0150715112686157,1.0150715112686157,0.6659308075904846,0.001,44.09895730018616
2012,14,10,255937,128,1.015552043914795,1.015552043914795,0.8180528879165649,0.001,44.117660999298096
2013,14,11,256065,128,0.8350210189819336,0.8350210189819336,1.0344313383102417,0.001,44.135602951049805
2014,14,12,256193,128,0.9079820513725281,0.9079820513725281,1.0783149003982544,0.001,44.15319085121155
2015,14,13,256321,128,0.7318534851074219,0.7318534851074219,1.4749743938446045,0.001,44.17116713523865
2016,14,14,256449,128,0.8286891579627991,0.8286891579627991,1.0963188409805298,0.001,44.18891739845276
2017,14,15,256577,128,0.8113275170326233,0.8113275170326233,0.8808321356773376,0.001,44.20650005340576
2018,14,16,256705,128,0.6954392194747925,0.6954392194747925,1.1686880588531494,0.001,44.224297285079956
2019,14,17,256833,128,1.1749026775360107,1.1749026775360107,1.1532517671585083,0.001,44.242562770843506
2020,14,18,256961,128,0.8712310791015625,0.8712310791015625,1.098564624786377,0.001,44.26018047332764
2021,14,19,257089,128,1.0771936178207397,1.0771936178207397,1.4223653078079224,0.001,44.2781035900116
2022,14,20,257217,128,1.3321982622146606,1.3321982622146606,0.8743361830711365,0.001,44.29601168632507
2023,14,21,257345,128,0.9075057506561279,0.9075057506561279,0.8833822011947632,0.001,44.31408143043518
2024,14,22,257473,128,1.0967018604278564,1.0967018604278564,0.9525903463363647,0.001,44.33198428153992
2025,14,23,257601,128,1.1208536624908447,1.1208536624908447,1.0715422630310059,0.001,44.34977078437805
2026,14,24,257729,128,1.1880443096160889,1.1880443096160889,1.054280161857605,0.001,44.3675799369812
2027,14,25,257857,128,0.9835007190704346,0.9835007190704346,0.8165212273597717,0.001,44.38534760475159
2028,14,26,257985,128,0.8980481028556824,0.8980481028556824,1.0264612436294556,0.001,44.40290713310242
2029,14,27,258113,128,0.9586588740348816,0.9586588740348816,0.9196425676345825,0.001,44.420374393463135
2030,14,28,258241,128,0.8867144584655762,0.8867144584655762,0.9240633249282837,0.001,44.43855404853821
2031,14,29,258369,128,0.643213152885437,0.643213152885437,1.079904556274414,0.001,44.456321716308594
2032,14,30,258497,128,0.7525501847267151,0.7525501847267151,1.0807607173919678,0.001,44.473859548568726
2033,14,31,258625,128,1.0347765684127808,1.0347765684127808,1.310475468635559,0.001,44.491615533828735
2034,14,32,258753,128,1.03569495677948,1.03569495677948,1.0043271780014038,0.001,44.50950765609741
2035,14,33,258881,128,1.0620728731155396,1.0620728731155396,1.1240170001983643,0.001,44.52723741531372
2036,14,34,259009,128,1.1285085678100586,1.1285085678100586,0.8730194568634033,0.001,44.54470229148865
2037,14,35,259137,128,1.0207079648971558,1.0207079648971558,1.3333067893981934,0.001,44.56205987930298
2038,14,36,259265,128,0.8712711930274963,0.8712711930274963,1.2735906839370728,0.001,44.579750061035156
2039,14,37,259393,128,1.1289750337600708,1.1289750337600708,1.2362226247787476,0.001,44.59721231460571
2040,14,38,259521,128,1.0687878131866455,1.0687878131866455,0.9814091324806213,0.001,44.6143434047699
2041,14,39,259649,128,1.099570393562317,1.099570393562317,1.2017608880996704,0.001,44.63149404525757
2042,14,40,259777,128,1.013561725616455,1.013561725616455,0.8908548951148987,0.001,44.64884424209595
2043,14,41,259905,128,0.7727746367454529,0.7727746367454529,1.0788112878799438,0.001,44.66619396209717
2044,14,42,260033,128,1.38881516456604,1.38881516456604,0.8675519227981567,0.001,44.68344759941101
2045,14,43,260161,128,0.7448275089263916,0.7448275089263916,1.0100470781326294,0.001,44.70106029510498
2046,14,44,260289,128,0.8356480002403259,0.8356480002403259,1.2488956451416016,0.001,44.71850371360779
2047,14,45,260417,128,0.8964189887046814,0.8964189887046814,0.6683571934700012,0.001,44.73632454872131
2048,14,46,260545,128,0.9749889969825745,0.9749889969825745,1.2531325817108154,0.001,44.75388169288635
2049,14,47,260673,128,1.0379682779312134,1.0379682779312134,0.8343234658241272,0.001,44.77175760269165
2050,14,48,260801,128,0.7260732650756836,0.7260732650756836,1.2464015483856201,0.001,44.78954792022705
2051,14,49,260929,128,0.8015975952148438,0.8015975952148438,1.110952377319336,0.001,44.80750298500061
2052,14,50,261057,128,0.731380045413971,0.731380045413971,1.2518011331558228,0.001,44.8252854347229
2053,14,51,261185,128,0.7581527829170227,0.7581527829170227,0.9653322696685791,0.001,44.843137979507446
2054,14,52,261313,128,0.9082357287406921,0.9082357287406921,1.1844619512557983,0.001,44.86108899116516
2055,14,53,261441,128,0.9068171381950378,0.9068171381950378,0.8693703413009644,0.001,44.87865424156189
2056,14,54,261569,128,0.6848373413085938,0.6848373413085938,1.0162172317504883,0.001,44.896411418914795
2057,14,55,261697,128,1.2323729991912842,1.2323729991912842,1.1167515516281128,0.001,44.91465997695923
2058,14,56,261825,128,1.05734121799469,1.05734121799469,1.0373750925064087,0.001,44.93240475654602
2059,14,57,261953,128,0.9913098216056824,0.9913098216056824,0.996321439743042,0.001,44.950244665145874
2060,14,58,262081,128,1.0315474271774292,1.0315474271774292,0.9999977946281433,0.001,44.96799039840698
2061,14,59,262209,128,0.8059328198432922,0.8059328198432922,1.450674295425415,0.001,44.985851526260376
2062,14,60,262337,128,0.845544695854187,0.845544695854187,1.3824315071105957,0.001,45.00355839729309
2063,14,61,262465,128,1.0191949605941772,1.0191949605941772,1.5404033660888672,0.001,45.02131628990173
2064,14,62,262593,128,0.9726719260215759,0.9726719260215759,1.167644739151001,0.001,45.03911280632019
2065,14,63,262721,128,0.9001746773719788,0.9001746773719788,1.3123223781585693,0.001,45.05693793296814
2066,14,64,262849,128,0.8368168473243713,0.8368168473243713,1.2727254629135132,0.001,45.07460117340088
2067,14,65,262977,128,0.9824797511100769,0.9824797511100769,1.113057017326355,0.001,45.09248399734497
2068,14,66,263105,128,0.7650539875030518,0.7650539875030518,1.2299598455429077,0.001,45.110522747039795
2069,14,67,263233,128,0.9094476103782654,0.9094476103782654,0.876151978969574,0.001,45.12835764884949
2070,14,68,263361,128,1.0523203611373901,1.0523203611373901,0.924782931804657,0.001,45.14573693275452
2071,14,69,263489,128,0.8353379368782043,0.8353379368782043,0.7239811420440674,0.001,45.16339063644409
2072,14,70,263617,128,0.8409064412117004,0.8409064412117004,1.769819974899292,0.001,45.181400299072266
2073,14,71,263745,128,0.8936108350753784,0.8936108350753784,1.0449292659759521,0.001,45.199095726013184
2074,14,72,263873,128,1.0963389873504639,1.0963389873504639,1.1764343976974487,0.001,45.216469287872314
2075,14,73,264001,128,0.8674545288085938,0.8674545288085938,0.8638318181037903,0.001,45.23447775840759
2076,14,74,264129,128,0.825701117515564,0.825701117515564,1.3195064067840576,0.001,45.252066135406494
2077,14,75,264257,128,1.0720601081848145,1.0720601081848145,1.0565985441207886,0.001,45.269837379455566
2078,14,76,264385,128,1.0200514793395996,1.0200514793395996,1.0105198621749878,0.001,45.287667751312256
2079,14,77,264513,128,1.1331032514572144,1.1331032514572144,1.3231778144836426,0.001,45.305866718292236
2080,14,78,264641,128,0.8083011507987976,0.8083011507987976,1.3867892026901245,0.001,45.32352924346924
2081,14,79,264769,128,1.2284046411514282,1.2284046411514282,1.5603338479995728,0.001,45.34139323234558
2082,14,80,264897,128,1.2748230695724487,1.2748230695724487,0.8866956830024719,0.001,45.35915994644165
2083,14,81,265025,128,0.9380956292152405,0.9380956292152405,0.976237416267395,0.001,45.377599477767944
2084,14,82,265153,128,0.8215786814689636,0.8215786814689636,1.1088173389434814,0.001,45.395572662353516
2085,14,83,265281,128,0.7214227318763733,0.7214227318763733,1.357070803642273,0.001,45.413448333740234
2086,14,84,265409,128,0.9836376905441284,0.9836376905441284,1.0005055665969849,0.001,45.43088173866272
2087,14,85,265537,128,0.8089810013771057,0.8089810013771057,1.0741292238235474,0.001,45.44920086860657
2088,14,86,265665,128,1.110569715499878,1.110569715499878,1.0881160497665405,0.001,45.46707820892334
2089,14,87,265793,128,0.8189387917518616,0.8189387917518616,0.9090006947517395,0.001,45.48489570617676
2090,14,88,265921,128,1.1258125305175781,1.1258125305175781,0.9160504341125488,0.001,45.502686500549316
2091,14,89,266049,128,0.8239076137542725,0.8239076137542725,1.357645034790039,0.001,45.520448207855225
2092,14,90,266177,128,0.7868020534515381,0.7868020534515381,0.8086045980453491,0.001,45.538092374801636
2093,14,91,266305,128,0.5740841031074524,0.5740841031074524,1.0807225704193115,0.001,45.55591607093811
2094,14,92,266433,128,0.8345599174499512,0.8345599174499512,1.2336573600769043,0.001,45.57411003112793
2095,14,93,266561,128,0.9063348174095154,0.9063348174095154,1.049851655960083,0.001,45.592034578323364
2096,14,94,266689,128,0.7845803499221802,0.7845803499221802,1.01873779296875,0.001,45.609899282455444
2097,14,95,266817,128,0.6745051145553589,0.6745051145553589,0.8857517838478088,0.001,45.62769603729248
2098,14,96,266945,128,0.7597813010215759,0.7597813010215759,1.1115446090698242,0.001,45.64620566368103
2099,14,97,267073,128,0.9110493063926697,0.9110493063926697,0.9905951023101807,0.001,45.6643431186676
2100,14,98,267201,128,0.7739509344100952,0.7739509344100952,1.0179822444915771,0.001,45.682270526885986
2101,14,99,267329,128,0.9380459189414978,0.9380459189414978,1.6067566871643066,0.001,45.69987869262695
2102,14,100,267457,128,1.0905616283416748,1.0905616283416748,1.3749290704727173,0.001,45.7177894115448
2103,14,101,267585,128,1.005806803703308,1.005806803703308,1.1922886371612549,0.001,45.735682249069214
2104,14,102,267713,128,1.0724331140518188,1.0724331140518188,1.4659308195114136,0.001,45.75340700149536
2105,14,103,267841,128,0.823268711566925,0.823268711566925,1.4994443655014038,0.001,45.771716594696045
2106,14,104,267969,128,0.5249220132827759,0.5249220132827759,0.6339108943939209,0.001,45.789700746536255
2107,14,105,268097,128,1.103919267654419,1.103919267654419,1.391093373298645,0.001,45.80759644508362
2108,14,106,268225,128,0.9561322331428528,0.9561322331428528,0.8106477856636047,0.001,45.82562804222107
2109,14,107,268353,128,0.7938346862792969,0.7938346862792969,1.3022031784057617,0.001,45.843867778778076
2110,14,108,268481,128,0.7380627393722534,0.7380627393722534,0.9625462293624878,0.001,45.86167597770691
2111,14,109,268609,128,1.0109752416610718,1.0109752416610718,1.0619523525238037,0.001,45.8796124458313
2112,14,110,268737,128,0.6972576975822449,0.6972576975822449,1.2433849573135376,0.001,45.89731526374817
2113,14,111,268865,128,0.9706670641899109,0.9706670641899109,1.0797401666641235,0.001,45.91516065597534
2114,14,112,268993,128,1.1662485599517822,1.1662485599517822,1.2490789890289307,0.001,45.933088064193726
2115,14,113,269121,128,0.5250312089920044,0.5250312089920044,0.8437970280647278,0.001,45.9508912563324
2116,14,114,269249,128,1.0416961908340454,1.0416961908340454,0.9616334438323975,0.001,45.96911811828613
2117,14,115,269377,128,0.9753729701042175,0.9753729701042175,0.8209589719772339,0.001,45.98708891868591
2118,14,116,269505,128,1.1697863340377808,1.1697863340377808,0.9567362666130066,0.001,46.00459313392639
2119,14,117,269633,128,1.5178701877593994,1.5178701877593994,0.8209674954414368,0.001,46.02223181724548
2120,14,118,269761,128,0.8158904910087585,0.8158904910087585,0.9692310094833374,0.001,46.0403254032135
2121,14,119,269889,128,0.7980729341506958,0.7980729341506958,1.0625157356262207,0.001,46.05830407142639
2122,14,120,270017,128,0.9548913240432739,0.9548913240432739,1.0938551425933838,0.001,46.075875997543335
2123,14,121,270145,128,0.8589296340942383,0.8589296340942383,0.9311432838439941,0.001,46.09331488609314
2124,14,122,270273,128,1.1215336322784424,1.1215336322784424,0.90488201379776,0.001,46.11097860336304
2125,14,123,270401,128,0.8499658107757568,0.8499658107757568,0.8699265718460083,0.001,46.128710985183716
2126,14,124,270529,128,0.89014732837677,0.89014732837677,1.255198359489441,0.001,46.14637207984924
2127,14,125,270657,128,1.1134687662124634,1.1134687662124634,1.3588166236877441,0.001,46.16379237174988
2128,14,126,270785,128,1.1019649505615234,1.1019649505615234,0.8668714761734009,0.001,46.181888818740845
2129,14,127,270913,128,0.9803568124771118,0.9803568124771118,1.1577942371368408,0.001,46.19952368736267
2130,14,128,271041,128,0.8546574711799622,0.8546574711799622,1.164480447769165,0.001,46.21704387664795
2131,14,129,271169,128,1.014713168144226,1.014713168144226,1.1075458526611328,0.001,46.23460650444031
2132,14,130,271297,128,1.1091454029083252,1.1091454029083252,1.2909709215164185,0.001,46.25253391265869
2133,14,131,271425,128,0.7278366088867188,0.7278366088867188,1.2430834770202637,0.001,46.27025890350342
2134,14,132,271553,128,0.9232568740844727,0.9232568740844727,1.1314713954925537,0.001,46.288060665130615
2135,14,133,271681,128,1.035768747329712,1.035768747329712,0.9939237833023071,0.001,46.306074142456055
2136,14,134,271809,128,1.0140535831451416,1.0140535831451416,0.8489160537719727,0.001,46.32402729988098
2137,14,135,271937,128,0.5841591358184814,0.5841591358184814,0.9612895846366882,0.001,46.34187459945679
2138,14,136,272065,128,1.1242246627807617,1.1242246627807617,1.13949453830719,0.001,46.35969948768616
2139,14,137,272193,128,0.868701696395874,0.868701696395874,1.1882208585739136,0.001,46.37779140472412
2140,14,138,272321,128,0.8928393125534058,0.8928393125534058,1.0513380765914917,0.001,46.395291566848755
2141,14,139,272449,128,0.7278289794921875,0.7278289794921875,0.743176281452179,0.001,46.412880659103394
2142,14,140,272577,128,1.1041518449783325,1.1041518449783325,1.1053500175476074,0.001,46.43050289154053
2143,14,141,272705,128,1.1031678915023804,1.1031678915023804,1.4122084379196167,0.001,46.44857430458069
2144,14,142,272833,128,1.0149476528167725,1.0149476528167725,1.07467520236969,0.001,46.466208934783936
2145,14,143,272961,128,0.8787594437599182,0.8787594437599182,1.321763277053833,0.001,46.484002113342285
2146,14,144,273089,128,1.0426504611968994,1.0426504611968994,0.9490644335746765,0.001,46.50194191932678
2147,14,145,273217,128,0.983372151851654,0.983372151851654,1.2082594633102417,0.001,46.520155906677246
2148,14,146,273345,128,1.024570107460022,1.024570107460022,1.8985934257507324,0.001,46.53822135925293
2149,14,147,273473,128,1.0486719608306885,1.0486719608306885,1.4778732061386108,0.001,46.55587911605835
2150,14,148,273601,128,0.777198314666748,0.777198314666748,0.9981480240821838,0.001,46.5737419128418
2151,14,149,273729,128,1.0006953477859497,1.0006953477859497,1.0052316188812256,0.001,46.59198331832886
2152,14,150,273857,128,1.0305062532424927,1.0305062532424927,0.9076277613639832,0.001,46.60978579521179
2153,14,151,273985,128,1.0089585781097412,1.0089585781097412,1.03126859664917,0.001,46.62769556045532
2154,14,152,274113,128,0.8797308206558228,0.8797308206558228,0.757186770439148,0.001,46.64569854736328
2155,14,153,274241,128,1.02106773853302,1.02106773853302,1.03887140750885,0.001,46.663477659225464
2156,14,154,274246,5,1.2902302742004395,1.2902302742004395,0.7253159284591675,0.001,46.6662437915802
2157,15,1,274374,128,1.1319770812988281,1.1319770812988281,1.3021053075790405,0.001,47.360918045043945
2158,15,2,274502,128,1.108779788017273,1.108779788017273,0.9098427295684814,0.001,47.37902784347534
2159,15,3,274630,128,1.4179019927978516,1.4179019927978516,0.9935021996498108,0.001,47.39672780036926
2160,15,4,274758,128,0.7100754380226135,0.7100754380226135,1.0332064628601074,0.001,47.41420388221741
2161,15,5,274886,128,0.8841529488563538,0.8841529488563538,0.930010199546814,0.001,47.43166375160217
2162,15,6,275014,128,1.0119162797927856,1.0119162797927856,0.9032467007637024,0.001,47.44952726364136
2163,15,7,275142,128,0.9809078574180603,0.9809078574180603,1.3468735218048096,0.001,47.4672749042511
2164,15,8,275270,128,0.6261516213417053,0.6261516213417053,1.0544605255126953,0.001,47.48482704162598
2165,15,9,275398,128,0.8381518125534058,0.8381518125534058,1.065826416015625,0.001,47.50251626968384
2166,15,10,275526,128,1.158708930015564,1.158708930015564,1.0250229835510254,0.001,47.52054977416992
2167,15,11,275654,128,0.8791859149932861,0.8791859149932861,0.8789318799972534,0.001,47.53819131851196
2168,15,12,275782,128,0.6879540085792542,0.6879540085792542,1.256216049194336,0.001,47.55574917793274
2169,15,13,275910,128,0.8874256610870361,0.8874256610870361,1.084770679473877,0.001,47.57384371757507
2170,15,14,276038,128,0.9453789591789246,0.9453789591789246,1.6379753351211548,0.001,47.59168338775635
2171,15,15,276166,128,0.8013177514076233,0.8013177514076233,0.7574800252914429,0.001,47.60937142372131
2172,15,16,276294,128,0.8181090950965881,0.8181090950965881,0.9952455163002014,0.001,47.62686109542847
2173,15,17,276422,128,0.7575663328170776,0.7575663328170776,0.9640492796897888,0.001,47.64486050605774
2174,15,18,276550,128,0.7493840456008911,0.7493840456008911,1.4203863143920898,0.001,47.66265058517456
2175,15,19,276678,128,1.014482855796814,1.014482855796814,1.1662825345993042,0.001,47.68033981323242
2176,15,20,276806,128,0.9287542700767517,0.9287542700767517,1.083798885345459,0.001,47.69786810874939
2177,15,21,276934,128,1.0054324865341187,1.0054324865341187,0.9482394456863403,0.001,47.71607422828674
2178,15,22,277062,128,1.1952741146087646,1.1952741146087646,1.0692534446716309,0.001,47.733885049819946
2179,15,23,277190,128,0.9713471531867981,0.9713471531867981,1.3340389728546143,0.001,47.75184750556946
2180,15,24,277318,128,0.7896437048912048,0.7896437048912048,1.109354853630066,0.001,47.769423484802246
2181,15,25,277446,128,0.6914263963699341,0.6914263963699341,1.192732810974121,0.001,47.787909507751465
2182,15,26,277574,128,0.7899085879325867,0.7899085879325867,1.0856482982635498,0.001,47.8058123588562
2183,15,27,277702,128,1.0534381866455078,1.0534381866455078,1.0155670642852783,0.001,47.82349443435669
2184,15,28,277830,128,1.1425144672393799,1.1425144672393799,0.9692458510398865,0.001,47.841206550598145
2185,15,29,277958,128,0.9915426969528198,0.9915426969528198,1.9117493629455566,0.001,47.8585786819458
2186,15,30,278086,128,1.1391574144363403,1.1391574144363403,1.2845858335494995,0.001,47.876096963882446
2187,15,31,278214,128,0.7888982892036438,0.7888982892036438,1.1041513681411743,0.001,47.89385724067688
2188,15,32,278342,128,0.8145484924316406,0.8145484924316406,1.2049596309661865,0.001,47.91178798675537
2189,15,33,278470,128,0.9376093149185181,0.9376093149185181,0.8365887403488159,0.001,47.92958617210388
2190,15,34,278598,128,1.0762280225753784,1.0762280225753784,1.2371675968170166,0.001,47.94697642326355
2191,15,35,278726,128,0.7820647954940796,0.7820647954940796,1.1016969680786133,0.001,47.96484637260437
2192,15,36,278854,128,0.6198341846466064,0.6198341846466064,1.1056435108184814,0.001,47.983017444610596
2193,15,37,278982,128,0.9205066561698914,0.9205066561698914,1.2705082893371582,0.001,48.00071382522583
2194,15,38,279110,128,0.932824969291687,0.932824969291687,1.244428277015686,0.001,48.01819062232971
2195,15,39,279238,128,0.6913561820983887,0.6913561820983887,1.5841978788375854,0.001,48.03589344024658
2196,15,40,279366,128,1.0338877439498901,1.0338877439498901,0.9956785440444946,0.001,48.054168462753296
2197,15,41,279494,128,1.084482192993164,1.084482192993164,1.0808260440826416,0.001,48.07218408584595
2198,15,42,279622,128,0.8009306192398071,0.8009306192398071,0.950463593006134,0.001,48.089584827423096
2199,15,43,279750,128,1.031274676322937,1.031274676322937,0.7068085670471191,0.001,48.107850074768066
2200,15,44,279878,128,1.1993858814239502,1.1993858814239502,1.1069294214248657,0.001,48.125789403915405
2201,15,45,280006,128,0.9886960983276367,0.9886960983276367,1.1151102781295776,0.001,48.143521785736084
2202,15,46,280134,128,1.1520576477050781,1.1520576477050781,0.9884162545204163,0.001,48.16122245788574
2203,15,47,280262,128,1.0949286222457886,1.0949286222457886,0.6822173595428467,0.001,48.179150104522705
2204,15,48,280390,128,0.6665633916854858,0.6665633916854858,1.1812078952789307,0.001,48.19700884819031
2205,15,49,280518,128,0.967253565788269,0.967253565788269,1.1300712823867798,0.001,48.214662075042725
2206,15,50,280646,128,0.7585511803627014,0.7585511803627014,0.8856795430183411,0.001,48.23276090621948
2207,15,51,280774,128,0.7760617136955261,0.7760617136955261,1.2023855447769165,0.001,48.25069069862366
2208,15,52,280902,128,0.9186363816261292,0.9186363816261292,0.7784963846206665,0.001,48.268659353256226
2209,15,53,281030,128,1.0604355335235596,1.0604355335235596,1.097090482711792,0.001,48.28619980812073
2210,15,54,281158,128,0.8458275198936462,0.8458275198936462,1.2500131130218506,0.001,48.30360221862793
2211,15,55,281286,128,0.9673767685890198,0.9673767685890198,0.9487161636352539,0.001,48.32169198989868
2212,15,56,281414,128,0.47953376173973083,0.47953376173973083,0.8010143637657166,0.001,48.339232206344604
2213,15,57,281542,128,0.8917097449302673,0.8917097449302673,0.8557259440422058,0.001,48.35647463798523
2214,15,58,281670,128,0.8321707844734192,0.8321707844734192,1.3617233037948608,0.001,48.37399649620056
2215,15,59,281798,128,0.9336912035942078,0.9336912035942078,0.9909274578094482,0.001,48.391950607299805
2216,15,60,281926,128,0.6977636814117432,0.6977636814117432,1.2603603601455688,0.001,48.40956473350525
2217,15,61,282054,128,0.8443370461463928,0.8443370461463928,1.1401565074920654,0.001,48.427255392074585
2218,15,62,282182,128,0.6723914742469788,0.6723914742469788,0.850616991519928,0.001,48.44532060623169
2219,15,63,282310,128,0.6391614675521851,0.6391614675521851,0.8373821377754211,0.001,48.46300649642944
2220,15,64,282438,128,0.7454996109008789,0.7454996109008789,1.2074320316314697,0.001,48.48065209388733
2221,15,65,282566,128,0.967315673828125,0.967315673828125,1.4065494537353516,0.001,48.498337507247925
2222,15,66,282694,128,0.9498817324638367,0.9498817324638367,0.9442731142044067,0.001,48.5167510509491
2223,15,67,282822,128,0.9317300319671631,0.9317300319671631,0.8780328631401062,0.001,48.53763794898987
2224,15,68,282950,128,1.0056965351104736,1.0056965351104736,1.3211064338684082,0.001,48.56524610519409
2225,15,69,283078,128,0.8828603029251099,0.8828603029251099,0.9091891646385193,0.001,48.58596420288086
2226,15,70,283206,128,1.0739139318466187,1.0739139318466187,0.9824782609939575,0.001,48.60457372665405
2227,15,71,283334,128,0.7063950896263123,0.7063950896263123,1.478049397468567,0.001,48.62260413169861
2228,15,72,283462,128,0.9344094395637512,0.9344094395637512,1.0963411331176758,0.001,48.644084453582764
2229,15,73,283590,128,0.9618821740150452,0.9618821740150452,0.9528607130050659,0.001,48.66183257102966
2230,15,74,283718,128,0.9987496733665466,0.9987496733665466,1.316512107849121,0.001,48.679736375808716
2231,15,75,283846,128,0.8041160106658936,0.8041160106658936,0.9773634076118469,0.001,48.697447299957275
2232,15,76,283974,128,0.6761809587478638,0.6761809587478638,1.083747148513794,0.001,48.71543765068054
2233,15,77,284102,128,0.7686394453048706,0.7686394453048706,0.8502928614616394,0.001,48.733073234558105
2234,15,78,284230,128,1.133809208869934,1.133809208869934,1.2687815427780151,0.001,48.7506206035614
2235,15,79,284358,128,0.9896535873413086,0.9896535873413086,1.2829633951187134,0.001,48.76836395263672
2236,15,80,284486,128,1.1208511590957642,1.1208511590957642,1.341040849685669,0.001,48.786213874816895
2237,15,81,284614,128,0.7988017797470093,0.7988017797470093,1.3832868337631226,0.001,48.80406928062439
2238,15,82,284742,128,0.8280878067016602,0.8280878067016602,1.3897502422332764,0.001,48.82170295715332
2239,15,83,284870,128,0.5918622612953186,0.5918622612953186,0.8349533081054688,0.001,48.839680433273315
2240,15,84,284998,128,0.9172592759132385,0.9172592759132385,1.0757815837860107,0.001,48.8578405380249
2241,15,85,285126,128,0.8151956796646118,0.8151956796646118,1.1137999296188354,0.001,48.875778913497925
2242,15,86,285254,128,1.0117924213409424,1.0117924213409424,1.199393391609192,0.001,48.89352869987488
2243,15,87,285382,128,0.7091070413589478,0.7091070413589478,1.0852389335632324,0.001,48.9115104675293
2244,15,88,285510,128,0.8880932331085205,0.8880932331085205,1.1755903959274292,0.001,48.9290816783905
2245,15,89,285638,128,0.8074264526367188,0.8074264526367188,0.8782885074615479,0.001,48.94662165641785
2246,15,90,285766,128,0.9172665476799011,0.9172665476799011,1.000474214553833,0.001,48.96425461769104
2247,15,91,285894,128,1.459136962890625,1.459136962890625,1.1162976026535034,0.001,48.982306718826294
2248,15,92,286022,128,1.2678502798080444,1.2678502798080444,0.6470513343811035,0.001,48.99998950958252
2249,15,93,286150,128,1.0939205884933472,1.0939205884933472,1.5736066102981567,0.001,49.01770496368408
2250,15,94,286278,128,0.7248181104660034,0.7248181104660034,1.3461824655532837,0.001,49.035207986831665
2251,15,95,286406,128,0.6319173574447632,0.6319173574447632,0.8821352124214172,0.001,49.053539752960205
2252,15,96,286534,128,0.7479374408721924,0.7479374408721924,0.7206622362136841,0.001,49.071056604385376
2253,15,97,286662,128,1.2566969394683838,1.2566969394683838,1.112966775894165,0.001,49.08869528770447
2254,15,98,286790,128,0.82036954164505,0.82036954164505,0.9121114611625671,0.001,49.106281042099
2255,15,99,286918,128,0.7834175229072571,0.7834175229072571,0.9087984561920166,0.001,49.124051332473755
2256,15,100,287046,128,0.758753776550293,0.758753776550293,1.0566974878311157,0.001,49.1415901184082
2257,15,101,287174,128,0.6864402890205383,0.6864402890205383,0.9953664541244507,0.001,49.15926170349121
2258,15,102,287302,128,0.8509865999221802,0.8509865999221802,0.9471529126167297,0.001,49.17721343040466
2259,15,103,287430,128,1.0479525327682495,1.0479525327682495,1.1494762897491455,0.001,49.19510531425476
2260,15,104,287558,128,0.846781849861145,0.846781849861145,1.4100582599639893,0.001,49.21297025680542
2261,15,105,287686,128,0.7643086314201355,0.7643086314201355,1.028195858001709,0.001,49.230462074279785
2262,15,106,287814,128,0.7559837102890015,0.7559837102890015,0.8547366261482239,0.001,49.248157024383545
2263,15,107,287942,128,0.9113982319831848,0.9113982319831848,0.7570810914039612,0.001,49.26553463935852
2264,15,108,288070,128,0.874497652053833,0.874497652053833,0.9463154077529907,0.001,49.28316807746887
2265,15,109,288198,128,1.0588984489440918,1.0588984489440918,1.3273940086364746,0.001,49.30092692375183
2266,15,110,288326,128,0.8990859985351562,0.8990859985351562,1.4414217472076416,0.001,49.31868648529053
2267,15,111,288454,128,0.8411109447479248,0.8411109447479248,1.1136785745620728,0.001,49.336235761642456
2268,15,112,288582,128,0.7863756418228149,0.7863756418228149,1.1257821321487427,0.001,49.35348200798035
2269,15,113,288710,128,0.6829837560653687,0.6829837560653687,1.4367012977600098,0.001,49.37099313735962
2270,15,114,288838,128,0.8125739693641663,0.8125739693641663,0.8772889375686646,0.001,49.388853311538696
2271,15,115,288966,128,1.0183979272842407,1.0183979272842407,1.3818591833114624,0.001,49.40659427642822
2272,15,116,289094,128,1.0665889978408813,1.0665889978408813,0.9202907681465149,0.001,49.4241783618927
2273,15,117,289222,128,0.6979076862335205,0.6979076862335205,1.0072300434112549,0.001,49.441500663757324
2274,15,118,289350,128,0.616797924041748,0.616797924041748,1.2522956132888794,0.001,49.45944833755493
2275,15,119,289478,128,0.715153694152832,0.715153694152832,1.049754023551941,0.001,49.47674345970154
2276,15,120,289606,128,0.6914474368095398,0.6914474368095398,1.1173769235610962,0.001,49.49414563179016
2277,15,121,289734,128,0.6587743163108826,0.6587743163108826,0.8055118322372437,0.001,49.51171374320984
2278,15,122,289862,128,0.7070448398590088,0.7070448398590088,0.9075527191162109,0.001,49.52909064292908
2279,15,123,289990,128,0.8420127630233765,0.8420127630233765,1.3123199939727783,0.001,49.54646396636963
2280,15,124,290118,128,1.0207507610321045,1.0207507610321045,0.7660618424415588,0.001,49.563867807388306
2281,15,125,290246,128,0.6638026833534241,0.6638026833534241,1.428672432899475,0.001,49.58197546005249
2282,15,126,290374,128,0.6746739149093628,0.6746739149093628,1.1595394611358643,0.001,49.59948182106018
2283,15,127,290502,128,1.0664455890655518,1.0664455890655518,0.7566936016082764,0.001,49.617098569869995
2284,15,128,290630,128,0.8471745252609253,0.8471745252609253,1.0311908721923828,0.001,49.63475036621094
2285,15,129,290758,128,0.7705563306808472,0.7705563306808472,1.3131448030471802,0.001,49.652620792388916
2286,15,130,290886,128,0.5910623669624329,0.5910623669624329,1.0995862483978271,0.001,49.670286417007446
2287,15,131,291014,128,0.9615994095802307,0.9615994095802307,0.8092703223228455,0.001,49.687769412994385
2288,15,132,291142,128,1.0453946590423584,1.0453946590423584,1.1545361280441284,0.001,49.705254793167114
2289,15,133,291270,128,1.0223807096481323,1.0223807096481323,1.058538794517517,0.001,49.72341299057007
2290,15,134,291398,128,0.7647109031677246,0.7647109031677246,1.2457212209701538,0.001,49.74112057685852
2291,15,135,291526,128,0.9573208689689636,0.9573208689689636,0.8620308637619019,0.001,49.758530139923096
2292,15,136,291654,128,1.1145217418670654,1.1145217418670654,1.2661410570144653,0.001,49.77592420578003
2293,15,137,291782,128,0.7683261036872864,0.7683261036872864,1.2021944522857666,0.001,49.79379153251648
2294,15,138,291910,128,0.7930391430854797,0.7930391430854797,0.7467190027236938,0.001,49.81152367591858
2295,15,139,292038,128,0.9494616985321045,0.9494616985321045,0.9402565956115723,0.001,49.829171895980835
2296,15,140,292166,128,0.7795379757881165,0.7795379757881165,0.7577157020568848,0.001,49.84686636924744
2297,15,141,292294,128,0.8999158143997192,0.8999158143997192,0.8833763599395752,0.001,49.86433410644531
2298,15,142,292422,128,0.9476675391197205,0.9476675391197205,0.8434798717498779,0.001,49.881356954574585
2299,15,143,292550,128,1.0494139194488525,1.0494139194488525,0.9877153635025024,0.001,49.898751974105835
2300,15,144,292678,128,0.882836639881134,0.882836639881134,0.9355570673942566,0.001,49.916648626327515
2301,15,145,292806,128,0.5930941104888916,0.5930941104888916,1.1327834129333496,0.001,49.93439030647278
2302,15,146,292934,128,1.2748913764953613,1.2748913764953613,1.304937720298767,0.001,49.951937675476074
2303,15,147,293062,128,0.6131630539894104,0.6131630539894104,1.1463555097579956,0.001,49.969462394714355
2304,15,148,293190,128,0.8850967288017273,0.8850967288017273,1.4410130977630615,0.001,49.98725628852844
2305,15,149,293318,128,0.6112911105155945,0.6112911105155945,1.4149669408798218,0.001,50.0048131942749
2306,15,150,293446,128,0.90093594789505,0.90093594789505,1.0895785093307495,0.001,50.022231340408325
2307,15,151,293574,128,0.9428800940513611,0.9428800940513611,1.2493846416473389,0.001,50.0394983291626
2308,15,152,293702,128,0.808529794216156,0.808529794216156,0.7644397020339966,0.001,50.057475566864014
2309,15,153,293830,128,0.81390380859375,0.81390380859375,1.1214895248413086,0.001,50.074788331985474
2310,15,154,293835,5,2.948512315750122,2.948512315750122,0.5812234878540039,0.001,50.077595472335815
2311,16,1,293963,128,1.1817219257354736,1.1817219257354736,0.9780293107032776,0.001,50.83294129371643
2312,16,2,294091,128,1.184180498123169,1.184180498123169,1.154406189918518,0.001,50.85076141357422
2313,16,3,294219,128,1.5169851779937744,1.5169851779937744,1.016767144203186,0.001,50.86823892593384
2314,16,4,294347,128,0.8252226710319519,0.8252226710319519,0.7345163226127625,0.001,50.88550090789795
2315,16,5,294475,128,1.0711041688919067,1.0711041688919067,0.8604448437690735,0.001,50.902974367141724
2316,16,6,294603,128,0.8852282762527466,0.8852282762527466,1.1832627058029175,0.001,50.9208242893219
2317,16,7,294731,128,1.0454297065734863,1.0454297065734863,1.1493107080459595,0.001,50.93862009048462
2318,16,8,294859,128,1.0725939273834229,1.0725939273834229,1.4433990716934204,0.001,50.95582437515259
2319,16,9,294987,128,0.7322317361831665,0.7322317361831665,1.1998231410980225,0.001,50.972875356674194
2320,16,10,295115,128,1.0726990699768066,1.0726990699768066,1.1471350193023682,0.001,50.9906542301178
2321,16,11,295243,128,0.7263927459716797,0.7263927459716797,0.8276034593582153,0.001,51.00828957557678
2322,16,12,295371,128,0.7048458456993103,0.7048458456993103,1.1586968898773193,0.001,51.02552556991577
2323,16,13,295499,128,0.48080167174339294,0.48080167174339294,1.167558193206787,0.001,51.04283618927002
2324,16,14,295627,128,0.8042303323745728,0.8042303323745728,0.8175503611564636,0.001,51.061402559280396
2325,16,15,295755,128,0.7638340592384338,0.7638340592384338,1.1048243045806885,0.001,51.07877039909363
2326,16,16,295883,128,0.928413450717926,0.928413450717926,0.9098049402236938,0.001,51.09617471694946
2327,16,17,296011,128,0.9995110630989075,0.9995110630989075,0.6720675230026245,0.001,51.113680601119995
2328,16,18,296139,128,1.2381021976470947,1.2381021976470947,1.1554691791534424,0.001,51.131129026412964
2329,16,19,296267,128,1.0779881477355957,1.0779881477355957,0.9674502015113831,0.001,51.14845824241638
2330,16,20,296395,128,0.9680574536323547,0.9680574536323547,0.7180843949317932,0.001,51.1652410030365
2331,16,21,296523,128,1.0895620584487915,1.0895620584487915,0.9517543911933899,0.001,51.182554721832275
2332,16,22,296651,128,0.9771560430526733,0.9771560430526733,0.8110745549201965,0.001,51.199583292007446
2333,16,23,296779,128,0.8290755152702332,0.8290755152702332,1.513293981552124,0.001,51.21672773361206
2334,16,24,296907,128,0.9055625796318054,0.9055625796318054,0.9291794896125793,0.001,51.23375153541565
2335,16,25,297035,128,0.6685641407966614,0.6685641407966614,1.1435658931732178,0.001,51.251426458358765
2336,16,26,297163,128,1.007836103439331,1.007836103439331,0.9018281102180481,0.001,51.26869225502014
2337,16,27,297291,128,0.9132925868034363,0.9132925868034363,0.9947395920753479,0.001,51.2860062122345
2338,16,28,297419,128,1.0729179382324219,1.0729179382324219,1.0723097324371338,0.001,51.30302429199219
2339,16,29,297547,128,0.8563807606697083,0.8563807606697083,1.2103497982025146,0.001,51.32067012786865
2340,16,30,297675,128,0.9225331544876099,0.9225331544876099,1.1139039993286133,0.001,51.33778262138367
2341,16,31,297803,128,1.1537319421768188,1.1537319421768188,0.9610097408294678,0.001,51.35491228103638
2342,16,32,297931,128,1.0070017576217651,1.0070017576217651,1.3538949489593506,0.001,51.3720428943634
2343,16,33,298059,128,1.0370794534683228,1.0370794534683228,1.0322275161743164,0.001,51.38965892791748
2344,16,34,298187,128,0.8170610070228577,0.8170610070228577,1.002331256866455,0.001,51.40673208236694
2345,16,35,298315,128,0.6297820806503296,0.6297820806503296,1.1980454921722412,0.001,51.42393207550049
2346,16,36,298443,128,0.7645742893218994,0.7645742893218994,1.212467074394226,0.001,51.440937757492065
2347,16,37,298571,128,1.129036545753479,1.129036545753479,0.7600624561309814,0.001,51.45880150794983
2348,16,38,298699,128,0.8668835759162903,0.8668835759162903,0.9986450672149658,0.001,51.476176261901855
2349,16,39,298827,128,0.8238757252693176,0.8238757252693176,1.4796366691589355,0.001,51.493446350097656
2350,16,40,298955,128,0.7750614881515503,0.7750614881515503,1.029352068901062,0.001,51.51069402694702
2351,16,41,299083,128,0.7599183320999146,0.7599183320999146,1.1646223068237305,0.001,51.52849292755127
2352,16,42,299211,128,1.1175804138183594,1.1175804138183594,0.918391764163971,0.001,51.54593539237976
2353,16,43,299339,128,0.7318832874298096,0.7318832874298096,1.1050881147384644,0.001,51.56326723098755
2354,16,44,299467,128,1.113294243812561,1.113294243812561,0.9082483053207397,0.001,51.58036422729492
2355,16,45,299595,128,0.8238767981529236,0.8238767981529236,1.1043883562088013,0.001,51.59797692298889
2356,16,46,299723,128,0.9310238361358643,0.9310238361358643,1.2289177179336548,0.001,51.61557650566101
2357,16,47,299851,128,0.7913916110992432,0.7913916110992432,1.1476552486419678,0.001,51.63301968574524
2358,16,48,299979,128,0.8286152482032776,0.8286152482032776,1.0077581405639648,0.001,51.65088510513306
2359,16,49,300107,128,0.90777587890625,0.90777587890625,0.7495647072792053,0.001,51.668582916259766
2360,16,50,300235,128,0.8652530312538147,0.8652530312538147,0.8343222737312317,0.001,51.686031103134155
2361,16,51,300363,128,1.0785287618637085,1.0785287618637085,1.0367443561553955,0.001,51.703383684158325
2362,16,52,300491,128,0.9622203707695007,0.9622203707695007,1.160033106803894,0.001,51.72146940231323
2363,16,53,300619,128,0.9592031836509705,0.9592031836509705,0.8421097993850708,0.001,51.73941206932068
2364,16,54,300747,128,1.169594168663025,1.169594168663025,0.9651564955711365,0.001,51.75720286369324
2365,16,55,300875,128,0.7093441486358643,0.7093441486358643,0.826231837272644,0.001,51.77495622634888
2366,16,56,301003,128,0.7892887592315674,0.7892887592315674,1.021086573600769,0.001,51.79305386543274
2367,16,57,301131,128,1.0855128765106201,1.0855128765106201,0.9986759424209595,0.001,51.81062865257263
2368,16,58,301259,128,0.8667995929718018,0.8667995929718018,1.4832643270492554,0.001,51.82837247848511
2369,16,59,301387,128,0.8763245940208435,0.8763245940208435,0.9909371137619019,0.001,51.84608721733093
2370,16,60,301515,128,0.8875490427017212,0.8875490427017212,1.5000540018081665,0.001,51.864150285720825
2371,16,61,301643,128,0.7876616716384888,0.7876616716384888,1.3209823369979858,0.001,51.8818085193634
2372,16,62,301771,128,0.9281808137893677,0.9281808137893677,0.9809088110923767,0.001,51.89971685409546
2373,16,63,301899,128,0.8749674558639526,0.8749674558639526,0.832023024559021,0.001,51.91769289970398
2374,16,64,302027,128,0.6179909110069275,0.6179909110069275,1.0685244798660278,0.001,51.935428619384766
2375,16,65,302155,128,0.7478811740875244,0.7478811740875244,1.4841772317886353,0.001,51.95312309265137
2376,16,66,302283,128,1.0180037021636963,1.0180037021636963,0.9946406483650208,0.001,51.97062706947327
2377,16,67,302411,128,1.064884066581726,1.064884066581726,1.193230390548706,0.001,51.988765716552734
2378,16,68,302539,128,0.9761397838592529,0.9761397838592529,1.0198081731796265,0.001,52.00623440742493
2379,16,69,302667,128,1.0555304288864136,1.0555304288864136,1.1543900966644287,0.001,52.02378726005554
2380,16,70,302795,128,1.0674668550491333,1.0674668550491333,0.7763730883598328,0.001,52.04111194610596
2381,16,71,302923,128,0.5583029985427856,0.5583029985427856,1.071001410484314,0.001,52.05946111679077
2382,16,72,303051,128,0.8435989022254944,0.8435989022254944,0.7031159400939941,0.001,52.07730293273926
2383,16,73,303179,128,0.8002421259880066,0.8002421259880066,1.2870891094207764,0.001,52.09489583969116
2384,16,74,303307,128,1.0487302541732788,1.0487302541732788,1.360254168510437,0.001,52.112624645233154
2385,16,75,303435,128,1.0315730571746826,1.0315730571746826,0.8451659083366394,0.001,52.130547523498535
2386,16,76,303563,128,0.6565418839454651,0.6565418839454651,1.0349223613739014,0.001,52.148165702819824
2387,16,77,303691,128,0.6969021558761597,0.6969021558761597,1.425149917602539,0.001,52.16561985015869
2388,16,78,303819,128,0.9457524418830872,0.9457524418830872,1.3130375146865845,0.001,52.18337440490723
2389,16,79,303947,128,0.6981420516967773,0.6981420516967773,0.8145952820777893,0.001,52.20112895965576
2390,16,80,304075,128,0.9691118597984314,0.9691118597984314,0.9285734295845032,0.001,52.218504190444946
2391,16,81,304203,128,0.8389370441436768,0.8389370441436768,1.2354485988616943,0.001,52.23597836494446
2392,16,82,304331,128,0.7568013668060303,0.7568013668060303,1.1031479835510254,0.001,52.25368618965149
2393,16,83,304459,128,0.7782244682312012,0.7782244682312012,1.0381648540496826,0.001,52.27130055427551
2394,16,84,304587,128,0.750988781452179,0.750988781452179,1.1254810094833374,0.001,52.288962841033936
2395,16,85,304715,128,0.7719035148620605,0.7719035148620605,0.9634290933609009,0.001,52.30674076080322
2396,16,86,304843,128,1.0450562238693237,1.0450562238693237,0.9391096234321594,0.001,52.3247766494751
2397,16,87,304971,128,0.7846867442131042,0.7846867442131042,1.1598528623580933,0.001,52.342355489730835
2398,16,88,305099,128,1.1129026412963867,1.1129026412963867,1.0195422172546387,0.001,52.35994577407837
2399,16,89,305227,128,0.7597907185554504,0.7597907185554504,1.2391681671142578,0.001,52.377527713775635
2400,16,90,305355,128,0.6588423252105713,0.6588423252105713,1.6013240814208984,0.001,52.39560079574585
2401,16,91,305483,128,0.8875161409378052,0.8875161409378052,1.3462814092636108,0.001,52.41345167160034
2402,16,92,305611,128,0.853830099105835,0.853830099105835,1.032306432723999,0.001,52.43097734451294
2403,16,93,305739,128,1.2413136959075928,1.2413136959075928,0.9463712573051453,0.001,52.44856381416321
2404,16,94,305867,128,0.848514974117279,0.848514974117279,1.3214691877365112,0.001,52.466867208480835
2405,16,95,305995,128,0.7549458146095276,0.7549458146095276,0.9091314673423767,0.001,52.48446846008301
2406,16,96,306123,128,0.9228571057319641,0.9228571057319641,1.1617664098739624,0.001,52.50181865692139
2407,16,97,306251,128,0.6995130777359009,0.6995130777359009,0.7967314720153809,0.001,52.519827365875244
2408,16,98,306379,128,0.6192166805267334,0.6192166805267334,1.0688849687576294,0.001,52.53750276565552
2409,16,99,306507,128,0.9472002387046814,0.9472002387046814,1.2108023166656494,0.001,52.55503296852112
2410,16,100,306635,128,1.046326756477356,1.046326756477356,0.7794662714004517,0.001,52.57269501686096
2411,16,101,306763,128,0.6983368992805481,0.6983368992805481,1.261017918586731,0.001,52.59079623222351
2412,16,102,306891,128,0.9193798899650574,0.9193798899650574,1.076147198677063,0.001,52.608235359191895
2413,16,103,307019,128,0.760651707649231,0.760651707649231,0.9723089933395386,0.001,52.62572622299194
2414,16,104,307147,128,0.6892611384391785,0.6892611384391785,0.81304532289505,0.001,52.643306732177734
2415,16,105,307275,128,0.6081425547599792,0.6081425547599792,0.8973414301872253,0.001,52.66123032569885
2416,16,106,307403,128,0.9329568147659302,0.9329568147659302,0.825462281703949,0.001,52.67901945114136
2417,16,107,307531,128,0.8605905771255493,0.8605905771255493,1.0597727298736572,0.001,52.69676995277405
2418,16,108,307659,128,0.8310869336128235,0.8310869336128235,1.0153684616088867,0.001,52.71443271636963
2419,16,109,307787,128,0.8639090061187744,0.8639090061187744,0.9871136546134949,0.001,52.73244333267212
2420,16,110,307915,128,1.0755305290222168,1.0755305290222168,1.1379708051681519,0.001,52.74994254112244
2421,16,111,308043,128,0.6788915991783142,0.6788915991783142,1.0573816299438477,0.001,52.76753902435303
2422,16,112,308171,128,0.9630602598190308,0.9630602598190308,1.245774507522583,0.001,52.785226821899414
2423,16,113,308299,128,0.5191898941993713,0.5191898941993713,1.0140730142593384,0.001,52.80261516571045
2424,16,114,308427,128,0.6429440379142761,0.6429440379142761,1.1477335691452026,0.001,52.81998562812805
2425,16,115,308555,128,0.9978208541870117,0.9978208541870117,1.1245825290679932,0.001,52.83741998672485
2426,16,116,308683,128,0.6329995393753052,0.6329995393753052,1.1609771251678467,0.001,52.854955434799194
2427,16,117,308811,128,0.9007933139801025,0.9007933139801025,0.9949057102203369,0.001,52.872252225875854
2428,16,118,308939,128,0.6429829001426697,0.6429829001426697,1.3060412406921387,0.001,52.889416456222534
2429,16,119,309067,128,0.5201869606971741,0.5201869606971741,1.3027691841125488,0.001,52.90660881996155
2430,16,120,309195,128,0.6911851167678833,0.6911851167678833,0.8699584007263184,0.001,52.92398977279663
2431,16,121,309323,128,0.9308406710624695,0.9308406710624695,1.3172656297683716,0.001,52.941362142562866
2432,16,122,309451,128,0.6345354914665222,0.6345354914665222,0.7526581883430481,0.001,52.95868992805481
2433,16,123,309579,128,0.9861748814582825,0.9861748814582825,1.3135632276535034,0.001,52.97590517997742
2434,16,124,309707,128,0.8788856267929077,0.8788856267929077,1.2752685546875,0.001,52.99350881576538
2435,16,125,309835,128,0.6494733095169067,0.6494733095169067,1.1842397451400757,0.001,53.01082730293274
2436,16,126,309963,128,0.6447640657424927,0.6447640657424927,1.0899019241333008,0.001,53.028125286102295
2437,16,127,310091,128,0.8852441906929016,0.8852441906929016,1.2151403427124023,0.001,53.045438051223755
2438,16,128,310219,128,0.826452910900116,0.826452910900116,1.1715408563613892,0.001,53.06335926055908
2439,16,129,310347,128,0.5957018136978149,0.5957018136978149,1.057817816734314,0.001,53.080610275268555
2440,16,130,310475,128,0.7172903418540955,0.7172903418540955,1.069137454032898,0.001,53.097795248031616
2441,16,131,310603,128,0.7246821522712708,0.7246821522712708,1.3567578792572021,0.001,53.114882946014404
2442,16,132,310731,128,0.876110315322876,0.876110315322876,1.4729310274124146,0.001,53.13226342201233
2443,16,133,310859,128,0.5811887383460999,0.5811887383460999,1.3644155263900757,0.001,53.14945840835571
2444,16,134,310987,128,0.722147524356842,0.722147524356842,1.5341625213623047,0.001,53.166666746139526
2445,16,135,311115,128,0.6977370977401733,0.6977370977401733,1.0896588563919067,0.001,53.18407893180847
2446,16,136,311243,128,0.6329623460769653,0.6329623460769653,1.2364712953567505,0.001,53.201263189315796
2447,16,137,311371,128,0.7322911620140076,0.7322911620140076,1.4121111631393433,0.001,53.21840143203735
2448,16,138,311499,128,0.5807043313980103,0.5807043313980103,1.0042389631271362,0.001,53.235528230667114
2449,16,139,311627,128,0.7401353120803833,0.7401353120803833,1.0766373872756958,0.001,53.25325012207031
2450,16,140,311755,128,0.9482544660568237,0.9482544660568237,1.023618459701538,0.001,53.270583391189575
2451,16,141,311883,128,1.088461995124817,1.088461995124817,1.0230835676193237,0.001,53.287734031677246
2452,16,142,312011,128,0.7854518890380859,0.7854518890380859,0.8837505578994751,0.001,53.30487132072449
2453,16,143,312139,128,0.6452653408050537,0.6452653408050537,1.3233107328414917,0.001,53.32232999801636
2454,16,144,312267,128,0.7155321836471558,0.7155321836471558,1.3045111894607544,0.001,53.339524030685425
2455,16,145,312395,128,0.819112241268158,0.819112241268158,1.2654012441635132,0.001,53.35657596588135
2456,16,146,312523,128,0.5237621068954468,0.5237621068954468,1.164128065109253,0.001,53.37374496459961
2457,16,147,312651,128,0.8720790147781372,0.8720790147781372,1.1304235458374023,0.001,53.39134478569031
2458,16,148,312779,128,1.1631296873092651,1.1631296873092651,1.2547072172164917,0.001,53.4085373878479
2459,16,149,312907,128,0.9703614711761475,0.9703614711761475,1.2766225337982178,0.001,53.42554497718811
2460,16,150,313035,128,0.5793972015380859,0.5793972015380859,1.0680263042449951,0.001,53.442636489868164
2461,16,151,313163,128,0.7831892371177673,0.7831892371177673,0.806708574295044,0.001,53.46088480949402
2462,16,152,313291,128,1.0548666715621948,1.0548666715621948,0.9851282238960266,0.001,53.47852635383606
2463,16,153,313419,128,0.6698028445243835,0.6698028445243835,0.9803938865661621,0.001,53.49624800682068
2464,16,154,313424,5,0.5499592423439026,0.5499592423439026,1.0055218935012817,0.001,53.49882912635803
2465,17,1,313552,128,0.9234940409660339,0.9234940409660339,0.878474235534668,0.001,54.18630528450012
2466,17,2,313680,128,0.6831930875778198,0.6831930875778198,1.079453706741333,0.001,54.204418897628784
2467,17,3,313808,128,0.8775553703308105,0.8775553703308105,0.8130553960800171,0.001,54.22308945655823
2468,17,4,313936,128,0.899322509765625,0.899322509765625,1.0566877126693726,0.001,54.24115180969238
2469,17,5,314064,128,1.0653338432312012,1.0653338432312012,1.367328405380249,0.001,54.25894331932068
2470,17,6,314192,128,0.5619968771934509,0.5619968771934509,0.7116160988807678,0.001,54.27667689323425
2471,17,7,314320,128,0.9217570424079895,0.9217570424079895,0.812061607837677,0.001,54.29494571685791
2472,17,8,314448,128,0.8324751257896423,0.8324751257896423,1.1426167488098145,0.001,54.3127236366272
2473,17,9,314576,128,1.0706757307052612,1.0706757307052612,1.0927406549453735,0.001,54.33092927932739
2474,17,10,314704,128,0.7250039577484131,0.7250039577484131,1.3572864532470703,0.001,54.34847545623779
2475,17,11,314832,128,0.7921609282493591,0.7921609282493591,0.885036826133728,0.001,54.36611819267273
2476,17,12,314960,128,1.072911262512207,1.072911262512207,1.1751368045806885,0.001,54.383742809295654
2477,17,13,315088,128,0.9952564835548401,0.9952564835548401,0.9249197840690613,0.001,54.40215039253235
2478,17,14,315216,128,0.8565061092376709,0.8565061092376709,1.3163483142852783,0.001,54.42001485824585
2479,17,15,315344,128,0.8394911885261536,0.8394911885261536,1.2225919961929321,0.001,54.43781495094299
2480,17,16,315472,128,0.6133428812026978,0.6133428812026978,0.8702598214149475,0.001,54.45579671859741
2481,17,17,315600,128,0.7289431691169739,0.7289431691169739,1.0152761936187744,0.001,54.47344923019409
2482,17,18,315728,128,0.6881301999092102,0.6881301999092102,1.2750414609909058,0.001,54.49127268791199
2483,17,19,315856,128,0.8009884357452393,0.8009884357452393,1.0839177370071411,0.001,54.50885987281799
2484,17,20,315984,128,0.748052179813385,0.748052179813385,1.0718268156051636,0.001,54.526970624923706
2485,17,21,316112,128,0.9914045333862305,0.9914045333862305,0.9897846579551697,0.001,54.54450845718384
2486,17,22,316240,128,0.9185958504676819,0.9185958504676819,0.9334049820899963,0.001,54.5619421005249
2487,17,23,316368,128,0.7407188415527344,0.7407188415527344,0.9862263202667236,0.001,54.57934021949768
2488,17,24,316496,128,0.78541499376297,0.78541499376297,0.8865748047828674,0.001,54.59749460220337
2489,17,25,316624,128,1.064307689666748,1.064307689666748,0.8969807028770447,0.001,54.615089654922485
2490,17,26,316752,128,0.7386020421981812,0.7386020421981812,1.802420735359192,0.001,54.63277244567871
2491,17,27,316880,128,0.819403886795044,0.819403886795044,1.1697461605072021,0.001,54.65048098564148
2492,17,28,317008,128,1.4540756940841675,1.4540756940841675,1.1252142190933228,0.001,54.66856622695923
2493,17,29,317136,128,0.6829306483268738,0.6829306483268738,0.9243115186691284,0.001,54.68610668182373
2494,17,30,317264,128,0.6261271238327026,0.6261271238327026,0.9094213843345642,0.001,54.70385789871216
2495,17,31,317392,128,1.112221121788025,1.112221121788025,0.7012359499931335,0.001,54.72197103500366
2496,17,32,317520,128,0.7740159630775452,0.7740159630775452,0.9386410713195801,0.001,54.73981332778931
2497,17,33,317648,128,0.4897973835468292,0.4897973835468292,1.126482605934143,0.001,54.75757694244385
2498,17,34,317776,128,1.0043641328811646,1.0043641328811646,1.0978562831878662,0.001,54.77520203590393
2499,17,35,317904,128,0.8677170276641846,0.8677170276641846,0.8996620774269104,0.001,54.793070554733276
2500,17,36,318032,128,0.593542218208313,0.593542218208313,1.099992275238037,0.001,54.81069850921631
2501,17,37,318160,128,0.8091338872909546,0.8091338872909546,1.353971242904663,0.001,54.828139305114746
2502,17,38,318288,128,0.6953384876251221,0.6953384876251221,1.387229561805725,0.001,54.845564126968384
2503,17,39,318416,128,0.615434467792511,0.615434467792511,1.00553560256958,0.001,54.86347937583923
2504,17,40,318544,128,0.7919804453849792,0.7919804453849792,1.0925146341323853,0.001,54.88107419013977
2505,17,41,318672,128,0.8556063771247864,0.8556063771247864,1.0745657682418823,0.001,54.8985059261322
2506,17,42,318800,128,0.8226978778839111,0.8226978778839111,1.2244940996170044,0.001,54.91617274284363
2507,17,43,318928,128,0.820339024066925,0.820339024066925,1.9092493057250977,0.001,54.934287786483765
2508,17,44,319056,128,0.8278758525848389,0.8278758525848389,0.8584023118019104,0.001,54.95205569267273
2509,17,45,319184,128,1.0385338068008423,1.0385338068008423,1.530987024307251,0.001,54.96969962120056
2510,17,46,319312,128,0.9628708362579346,0.9628708362579346,0.9358429312705994,0.001,54.9872567653656
2511,17,47,319440,128,0.6947011351585388,0.6947011351585388,0.8221994042396545,0.001,55.00501370429993
2512,17,48,319568,128,0.7672934532165527,0.7672934532165527,0.6716201901435852,0.001,55.02270007133484
2513,17,49,319696,128,0.964547872543335,0.964547872543335,0.9071484804153442,0.001,55.040255546569824
2514,17,50,319824,128,0.7917585372924805,0.7917585372924805,1.0000056028366089,0.001,55.05844855308533
2515,17,51,319952,128,0.7450153827667236,0.7450153827667236,0.8844510912895203,0.001,55.076929330825806
2516,17,52,320080,128,0.8123607635498047,0.8123607635498047,1.051867127418518,0.001,55.09431576728821
2517,17,53,320208,128,0.7271007895469666,0.7271007895469666,1.0025293827056885,0.001,55.11176776885986
2518,17,54,320336,128,0.8309376239776611,0.8309376239776611,1.152699589729309,0.001,55.12967872619629
2519,17,55,320464,128,0.8594633340835571,0.8594633340835571,1.1905111074447632,0.001,55.147451639175415
2520,17,56,320592,128,0.765458345413208,0.765458345413208,0.9553171992301941,0.001,55.16497874259949
2521,17,57,320720,128,0.6917782425880432,0.6917782425880432,1.2279640436172485,0.001,55.182448863983154
2522,17,58,320848,128,0.9235143661499023,0.9235143661499023,0.9629589915275574,0.001,55.200462102890015
2523,17,59,320976,128,0.6500934958457947,0.6500934958457947,0.7538579106330872,0.001,55.21809792518616
2524,17,60,321104,128,0.8247363567352295,0.8247363567352295,0.993933916091919,0.001,55.23575305938721
2525,17,61,321232,128,0.7973262667655945,0.7973262667655945,1.073416829109192,0.001,55.25350785255432
2526,17,62,321360,128,0.8067411780357361,0.8067411780357361,0.7164859175682068,0.001,55.27163481712341
2527,17,63,321488,128,0.6897710561752319,0.6897710561752319,0.9400455951690674,0.001,55.28940963745117
2528,17,64,321616,128,0.8730229139328003,0.8730229139328003,1.1678125858306885,0.001,55.306758880615234
2529,17,65,321744,128,0.8019036650657654,0.8019036650657654,1.0532565116882324,0.001,55.32485866546631
2530,17,66,321872,128,0.896774172782898,0.896774172782898,1.2579545974731445,0.001,55.342777252197266
2531,17,67,322000,128,0.759428083896637,0.759428083896637,0.9846258759498596,0.001,55.360284090042114
2532,17,68,322128,128,0.7928028702735901,0.7928028702735901,0.9413405656814575,0.001,55.37774348258972
2533,17,69,322256,128,0.7786328196525574,0.7786328196525574,0.9967020750045776,0.001,55.395519733428955
2534,17,70,322384,128,0.7789047956466675,0.7789047956466675,1.0813568830490112,0.001,55.412943840026855
2535,17,71,322512,128,0.7741761803627014,0.7741761803627014,1.25471031665802,0.001,55.430174112319946
2536,17,72,322640,128,0.7795448899269104,0.7795448899269104,1.0307801961898804,0.001,55.44761824607849
2537,17,73,322768,128,0.7539472579956055,0.7539472579956055,1.362242341041565,0.001,55.4653856754303
2538,17,74,322896,128,0.8816099166870117,0.8816099166870117,1.1722064018249512,0.001,55.482919454574585
2539,17,75,323024,128,0.9051231145858765,0.9051231145858765,1.4273899793624878,0.001,55.50068640708923
2540,17,76,323152,128,0.8275602459907532,0.8275602459907532,1.2160338163375854,0.001,55.518378257751465
2541,17,77,323280,128,0.5571501851081848,0.5571501851081848,0.9396970868110657,0.001,55.53624749183655
2542,17,78,323408,128,0.9671460390090942,0.9671460390090942,0.8885130286216736,0.001,55.553927183151245
2543,17,79,323536,128,0.7017142176628113,0.7017142176628113,1.1315882205963135,0.001,55.57137894630432
2544,17,80,323664,128,1.1998976469039917,1.1998976469039917,1.174153208732605,0.001,55.589051485061646
2545,17,81,323792,128,1.1366223096847534,1.1366223096847534,1.364495038986206,0.001,55.607155323028564
2546,17,82,323920,128,1.0583943128585815,1.0583943128585815,0.7951101064682007,0.001,55.62477421760559
2547,17,83,324048,128,0.7379153370857239,0.7379153370857239,1.2186849117279053,0.001,55.64247703552246
2548,17,84,324176,128,0.6726496815681458,0.6726496815681458,1.3064759969711304,0.001,55.659990549087524
2549,17,85,324304,128,0.8716448545455933,0.8716448545455933,1.0331809520721436,0.001,55.677478313446045
2550,17,86,324432,128,0.5674331188201904,0.5674331188201904,1.3542590141296387,0.001,55.69488191604614
2551,17,87,324560,128,0.7184596657752991,0.7184596657752991,1.2130659818649292,0.001,55.712523221969604
2552,17,88,324688,128,0.7077606916427612,0.7077606916427612,1.416578769683838,0.001,55.730446338653564
2553,17,89,324816,128,0.7505178451538086,0.7505178451538086,0.8894429802894592,0.001,55.74784970283508
2554,17,90,324944,128,0.6209825277328491,0.6209825277328491,1.089179515838623,0.001,55.765066146850586
2555,17,91,325072,128,0.8450009822845459,0.8450009822845459,1.1165138483047485,0.001,55.78251099586487
2556,17,92,325200,128,0.8469062447547913,0.8469062447547913,1.3060946464538574,0.001,55.80053687095642
2557,17,93,325328,128,0.7482858300209045,0.7482858300209045,0.8585255146026611,0.001,55.818026065826416
2558,17,94,325456,128,0.7405835390090942,0.7405835390090942,1.240612506866455,0.001,55.83537244796753
2559,17,95,325584,128,0.8027652502059937,0.8027652502059937,1.1456623077392578,0.001,55.85276532173157
2560,17,96,325712,128,0.8186448216438293,0.8186448216438293,1.6454862356185913,0.001,55.87098670005798
2561,17,97,325840,128,0.7241573929786682,0.7241573929786682,0.8342280983924866,0.001,55.88878536224365
2562,17,98,325968,128,0.8479821085929871,0.8479821085929871,1.0098167657852173,0.001,55.90644598007202
2563,17,99,326096,128,0.9526635408401489,0.9526635408401489,1.125445008277893,0.001,55.92383551597595
2564,17,100,326224,128,0.7661071419715881,0.7661071419715881,0.7746214866638184,0.001,55.941279888153076
2565,17,101,326352,128,0.7348430752754211,0.7348430752754211,1.2654350996017456,0.001,55.958558559417725
2566,17,102,326480,128,0.60089111328125,0.60089111328125,1.0375161170959473,0.001,55.97570276260376
2567,17,103,326608,128,0.6972901821136475,0.6972901821136475,1.0392757654190063,0.001,55.993557929992676
2568,17,104,326736,128,0.9023069739341736,0.9023069739341736,1.089365839958191,0.001,56.0111346244812
2569,17,105,326864,128,0.9646542072296143,0.9646542072296143,1.3855762481689453,0.001,56.028517961502075
2570,17,106,326992,128,0.9622160196304321,0.9622160196304321,1.1109768152236938,0.001,56.0458710193634
2571,17,107,327120,128,1.031536340713501,1.031536340713501,0.7625396251678467,0.001,56.06405448913574
2572,17,108,327248,128,0.7000515460968018,0.7000515460968018,1.290839433670044,0.001,56.081748723983765
2573,17,109,327376,128,0.6803122758865356,0.6803122758865356,1.3322298526763916,0.001,56.09950828552246
2574,17,110,327504,128,0.5070365071296692,0.5070365071296692,1.218993067741394,0.001,56.116955280303955
2575,17,111,327632,128,0.6763333082199097,0.6763333082199097,1.0140149593353271,0.001,56.13477110862732
2576,17,112,327760,128,1.013214349746704,1.013214349746704,1.354777455329895,0.001,56.15227007865906
2577,17,113,327888,128,0.8304773569107056,0.8304773569107056,0.8296226263046265,0.001,56.16968774795532
2578,17,114,328016,128,0.8615986704826355,0.8615986704826355,1.040967583656311,0.001,56.18726825714111
2579,17,115,328144,128,0.5574893951416016,0.5574893951416016,1.1007848978042603,0.001,56.20536398887634
2580,17,116,328272,128,0.7321867346763611,0.7321867346763611,0.9104147553443909,0.001,56.22281193733215
2581,17,117,328400,128,0.8756393194198608,0.8756393194198608,1.316710352897644,0.001,56.240328788757324
2582,17,118,328528,128,0.679559588432312,0.679559588432312,1.3018931150436401,0.001,56.257972717285156
2583,17,119,328656,128,0.8613302707672119,0.8613302707672119,1.0971405506134033,0.001,56.275940895080566
2584,17,120,328784,128,0.9411389231681824,0.9411389231681824,1.2465745210647583,0.001,56.29346942901611
2585,17,121,328912,128,0.7936407327651978,0.7936407327651978,1.1048122644424438,0.001,56.31122088432312
2586,17,122,329040,128,0.7339105010032654,0.7339105010032654,0.834863543510437,0.001,56.329265832901
2587,17,123,329168,128,0.9921221137046814,0.9921221137046814,0.9558715224266052,0.001,56.34676766395569
2588,17,124,329296,128,1.1325807571411133,1.1325807571411133,0.8734416961669922,0.001,56.36419892311096
2589,17,125,329424,128,0.6689455509185791,0.6689455509185791,1.1841388940811157,0.001,56.38194537162781
2590,17,126,329552,128,0.9161995649337769,0.9161995649337769,1.3379265069961548,0.001,56.399879932403564
2591,17,127,329680,128,0.7767839431762695,0.7767839431762695,1.0109007358551025,0.001,56.41738295555115
2592,17,128,329808,128,0.7159672975540161,0.7159672975540161,0.7238681316375732,0.001,56.43453407287598
2593,17,129,329936,128,0.8707535862922668,0.8707535862922668,0.9070005416870117,0.001,56.45175218582153
2594,17,130,330064,128,0.8124329447746277,0.8124329447746277,0.9134981632232666,0.001,56.46956539154053
2595,17,131,330192,128,0.7777601480484009,0.7777601480484009,1.550869345664978,0.001,56.48680329322815
2596,17,132,330320,128,0.7645724415779114,0.7645724415779114,0.8867086172103882,0.001,56.50415563583374
2597,17,133,330448,128,0.8247506618499756,0.8247506618499756,1.0795016288757324,0.001,56.521568775177
2598,17,134,330576,128,0.9343389868736267,0.9343389868736267,1.5233700275421143,0.001,56.53926730155945
2599,17,135,330704,128,0.8692145943641663,0.8692145943641663,1.1593197584152222,0.001,56.5567626953125
2600,17,136,330832,128,1.0172641277313232,1.0172641277313232,0.888989269733429,0.001,56.57416224479675
2601,17,137,330960,128,0.7107207179069519,0.7107207179069519,1.5351659059524536,0.001,56.59145975112915
2602,17,138,331088,128,0.771939754486084,0.771939754486084,1.134610652923584,0.001,56.60904574394226
2603,17,139,331216,128,0.6008784174919128,0.6008784174919128,0.7267871499061584,0.001,56.62659478187561
2604,17,140,331344,128,0.5678541660308838,0.5678541660308838,1.3243932723999023,0.001,56.644137144088745
2605,17,141,331472,128,1.1704679727554321,1.1704679727554321,1.1172629594802856,0.001,56.66215538978577
2606,17,142,331600,128,0.870799720287323,0.870799720287323,1.008324384689331,0.001,56.67967128753662
2607,17,143,331728,128,0.8571279644966125,0.8571279644966125,0.9688352942466736,0.001,56.69717884063721
2608,17,144,331856,128,0.9160996079444885,0.9160996079444885,1.1509761810302734,0.001,56.71446776390076
2609,17,145,331984,128,0.718358039855957,0.718358039855957,0.9666919112205505,0.001,56.73275923728943
2610,17,146,332112,128,0.6973281502723694,0.6973281502723694,1.0623871088027954,0.001,56.75043606758118
2611,17,147,332240,128,0.7353249788284302,0.7353249788284302,1.0621604919433594,0.001,56.76821446418762
2612,17,148,332368,128,0.881175696849823,0.881175696849823,1.2200363874435425,0.001,56.78564143180847
2613,17,149,332496,128,0.6337050199508667,0.6337050199508667,1.4174723625183105,0.001,56.80346965789795
2614,17,150,332624,128,0.6105780601501465,0.6105780601501465,1.2877614498138428,0.001,56.821173429489136
2615,17,151,332752,128,0.5370149612426758,0.5370149612426758,1.0191969871520996,0.001,56.8387668132782
2616,17,152,332880,128,0.6518555879592896,0.6518555879592896,0.7708122730255127,0.001,56.856433629989624
2617,17,153,333008,128,0.7145059108734131,0.7145059108734131,0.8037614226341248,0.001,56.8742356300354
2618,17,154,333013,5,0.3251154124736786,0.3251154124736786,0.8468121886253357,0.001,56.877086877822876
2619,18,1,333141,128,0.8707351684570312,0.8707351684570312,0.8041964769363403,0.001,57.567277908325195
2620,18,2,333269,128,0.7389993071556091,0.7389993071556091,1.0268609523773193,0.001,57.585179805755615
2621,18,3,333397,128,0.6034180521965027,0.6034180521965027,0.7666837573051453,0.001,57.60368585586548
2622,18,4,333525,128,0.6009458899497986,0.6009458899497986,1.1926947832107544,0.001,57.62194275856018
2623,18,5,333653,128,1.0065823793411255,1.0065823793411255,0.6912515163421631,0.001,57.6397020816803
2624,18,6,333781,128,0.8128570318222046,0.8128570318222046,0.9454658031463623,0.001,57.6574866771698
2625,18,7,333909,128,0.6091421842575073,0.6091421842575073,1.3646869659423828,0.001,57.67712712287903
2626,18,8,334037,128,0.6944283246994019,0.6944283246994019,1.0204474925994873,0.001,57.6948676109314
2627,18,9,334165,128,0.814972460269928,0.814972460269928,0.8372700214385986,0.001,57.712515354156494
2628,18,10,334293,128,0.5273865461349487,0.5273865461349487,1.0537745952606201,0.001,57.730489015579224
2629,18,11,334421,128,0.6703453063964844,0.6703453063964844,1.3341646194458008,0.001,57.748127698898315
2630,18,12,334549,128,0.7672351598739624,0.7672351598739624,1.1034597158432007,0.001,57.766032218933105
2631,18,13,334677,128,0.6949844360351562,0.6949844360351562,0.7800807952880859,0.001,57.78435254096985
2632,18,14,334805,128,0.6942151188850403,0.6942151188850403,0.9669045209884644,0.001,57.80230140686035
2633,18,15,334933,128,1.0349467992782593,1.0349467992782593,1.2376397848129272,0.001,57.819557666778564
2634,18,16,335061,128,0.8043920993804932,0.8043920993804932,1.129807472229004,0.001,57.83671164512634
2635,18,17,335189,128,0.8381238579750061,0.8381238579750061,1.1021616458892822,0.001,57.854127645492554
2636,18,18,335317,128,0.8963857889175415,0.8963857889175415,0.8427861928939819,0.001,57.871864795684814
2637,18,19,335445,128,0.8011541366577148,0.8011541366577148,1.218082308769226,0.001,57.889755964279175
2638,18,20,335573,128,0.5070487260818481,0.5070487260818481,0.9965317845344543,0.001,57.90724563598633
2639,18,21,335701,128,0.6901460289955139,0.6901460289955139,1.0431499481201172,0.001,57.92473101615906
2640,18,22,335829,128,0.8082771897315979,0.8082771897315979,0.8712990283966064,0.001,57.94244074821472
2641,18,23,335957,128,0.7924039363861084,0.7924039363861084,0.83085697889328,0.001,57.95973587036133
2642,18,24,336085,128,0.7695249915122986,0.7695249915122986,1.2162690162658691,0.001,57.976982831954956
2643,18,25,336213,128,0.7509119510650635,0.7509119510650635,0.9788930416107178,0.001,57.99477958679199
2644,18,26,336341,128,0.6406247019767761,0.6406247019767761,0.883258581161499,0.001,58.0124568939209
2645,18,27,336469,128,1.1294300556182861,1.1294300556182861,1.231816291809082,0.001,58.03002166748047
2646,18,28,336597,128,0.914246141910553,0.914246141910553,0.9234611392021179,0.001,58.05641484260559
2647,18,29,336725,128,0.9417213201522827,0.9417213201522827,1.2283506393432617,0.001,58.07681107521057
2648,18,30,336853,128,1.0757055282592773,1.0757055282592773,1.0311282873153687,0.001,58.09459114074707
2649,18,31,336981,128,0.8474435806274414,0.8474435806274414,0.8637245893478394,0.001,58.112451791763306
2650,18,32,337109,128,0.6683427095413208,0.6683427095413208,1.3955296277999878,0.001,58.13021183013916
2651,18,33,337237,128,1.4327282905578613,1.4327282905578613,0.9746094942092896,0.001,58.14771056175232
2652,18,34,337365,128,0.650869607925415,0.650869607925415,1.1922035217285156,0.001,58.16518211364746
2653,18,35,337493,128,0.7691072821617126,0.7691072821617126,1.2465472221374512,0.001,58.18247723579407
2654,18,36,337621,128,0.7690892815589905,0.7690892815589905,1.3330891132354736,0.001,58.20022773742676
2655,18,37,337749,128,0.8825333118438721,0.8825333118438721,0.8598131537437439,0.001,58.2180290222168
2656,18,38,337877,128,0.8995205760002136,0.8995205760002136,0.9115774035453796,0.001,58.23586821556091
2657,18,39,338005,128,0.818776547908783,0.818776547908783,1.1404895782470703,0.001,58.25351595878601
2658,18,40,338133,128,1.0461958646774292,1.0461958646774292,1.0681794881820679,0.001,58.271597385406494
2659,18,41,338261,128,0.6853002905845642,0.6853002905845642,0.8688293695449829,0.001,58.289095878601074
2660,18,42,338389,128,0.7393237352371216,0.7393237352371216,1.1805496215820312,0.001,58.306389808654785
2661,18,43,338517,128,1.1051782369613647,1.1051782369613647,1.067167043685913,0.001,58.323904037475586
2662,18,44,338645,128,0.8299070596694946,0.8299070596694946,1.0124330520629883,0.001,58.34168815612793
2663,18,45,338773,128,0.782719612121582,0.782719612121582,1.0732795000076294,0.001,58.359901428222656
2664,18,46,338901,128,0.6670684814453125,0.6670684814453125,1.0034741163253784,0.001,58.38572096824646
2665,18,47,339029,128,0.690007746219635,0.690007746219635,0.9011486768722534,0.001,58.40859317779541
2666,18,48,339157,128,0.7695228457450867,0.7695228457450867,1.0077457427978516,0.001,58.42609691619873
2667,18,49,339285,128,0.9838929772377014,0.9838929772377014,1.0239866971969604,0.001,58.443756341934204
2668,18,50,339413,128,0.7007413506507874,0.7007413506507874,1.0777970552444458,0.001,58.461358308792114
2669,18,51,339541,128,0.7199867963790894,0.7199867963790894,1.7047638893127441,0.001,58.47889494895935
2670,18,52,339669,128,0.9676075577735901,0.9676075577735901,1.0531895160675049,0.001,58.49642825126648
2671,18,53,339797,128,0.7558337450027466,0.7558337450027466,1.210947871208191,0.001,58.514028549194336
2672,18,54,339925,128,0.7670876979827881,0.7670876979827881,1.1265063285827637,0.001,58.53197979927063
2673,18,55,340053,128,0.7320452928543091,0.7320452928543091,0.6413299441337585,0.001,58.54962635040283
2674,18,56,340181,128,0.8297659158706665,0.8297659158706665,1.5369871854782104,0.001,58.566781997680664
2675,18,57,340309,128,0.7223341464996338,0.7223341464996338,1.1278504133224487,0.001,58.583844900131226
2676,18,58,340437,128,0.8497838377952576,0.8497838377952576,1.330651879310608,0.001,58.601683616638184
2677,18,59,340565,128,0.6389421224594116,0.6389421224594116,1.009212851524353,0.001,58.618884325027466
2678,18,60,340693,128,0.8488326072692871,0.8488326072692871,1.0763568878173828,0.001,58.636168241500854
2679,18,61,340821,128,0.7197739481925964,0.7197739481925964,1.4752548933029175,0.001,58.65394568443298
2680,18,62,340949,128,0.7211777567863464,0.7211777567863464,0.693794846534729,0.001,58.67219924926758
2681,18,63,341077,128,0.8518781661987305,0.8518781661987305,1.0447986125946045,0.001,58.689882040023804
2682,18,64,341205,128,0.707172155380249,0.707172155380249,1.1153687238693237,0.001,58.707513093948364
2683,18,65,341333,128,0.8493191599845886,0.8493191599845886,0.830314576625824,0.001,58.72518968582153
2684,18,66,341461,128,0.6653540730476379,0.6653540730476379,1.0251027345657349,0.001,58.74321484565735
2685,18,67,341589,128,0.8935554027557373,0.8935554027557373,0.7316317558288574,0.001,58.76100301742554
2686,18,68,341717,128,0.8113965392112732,0.8113965392112732,0.9580660462379456,0.001,58.77857232093811
2687,18,69,341845,128,0.808502197265625,0.808502197265625,1.1409822702407837,0.001,58.79618763923645
2688,18,70,341973,128,0.6748335361480713,0.6748335361480713,1.2289707660675049,0.001,58.81397485733032
2689,18,71,342101,128,0.9097764492034912,0.9097764492034912,1.054209589958191,0.001,58.83170437812805
2690,18,72,342229,128,0.7055435180664062,0.7055435180664062,0.964372456073761,0.001,58.84950280189514
2691,18,73,342357,128,0.7853312492370605,0.7853312492370605,1.0274616479873657,0.001,58.86755585670471
2692,18,74,342485,128,0.7402195334434509,0.7402195334434509,0.9739038348197937,0.001,58.88524532318115
2693,18,75,342613,128,1.0459225177764893,1.0459225177764893,0.8961033225059509,0.001,58.902661085128784
2694,18,76,342741,128,0.8754635453224182,0.8754635453224182,1.1472915410995483,0.001,58.92006850242615
2695,18,77,342869,128,0.9965633153915405,0.9965633153915405,1.5119184255599976,0.001,58.93796181678772
2696,18,78,342997,128,0.7485055327415466,0.7485055327415466,0.9513673186302185,0.001,58.95574688911438
2697,18,79,343125,128,1.0655823945999146,1.0655823945999146,1.2087390422821045,0.001,58.97338819503784
2698,18,80,343253,128,0.6426669955253601,0.6426669955253601,1.1545509099960327,0.001,58.99080729484558
2699,18,81,343381,128,1.1229513883590698,1.1229513883590698,0.8742672204971313,0.001,59.00830030441284
2700,18,82,343509,128,0.6295722723007202,0.6295722723007202,0.9685544967651367,0.001,59.02583432197571
2701,18,83,343637,128,0.6605944633483887,0.6605944633483887,0.9367303848266602,0.001,59.04308533668518
2702,18,84,343765,128,0.8741611838340759,0.8741611838340759,0.9280582070350647,0.001,59.06043338775635
2703,18,85,343893,128,0.6757298111915588,0.6757298111915588,1.2477341890335083,0.001,59.078274965286255
2704,18,86,344021,128,1.0715820789337158,1.0715820789337158,1.067646861076355,0.001,59.095675468444824
2705,18,87,344149,128,0.813263475894928,0.813263475894928,0.7601870894432068,0.001,59.11307144165039
2706,18,88,344277,128,0.737272322177887,0.737272322177887,0.9469503164291382,0.001,59.13055372238159
2707,18,89,344405,128,0.8985413908958435,0.8985413908958435,0.9767864942550659,0.001,59.14827299118042
2708,18,90,344533,128,0.9250281453132629,0.9250281453132629,1.8685635328292847,0.001,59.16569495201111
2709,18,91,344661,128,0.7395585179328918,0.7395585179328918,0.8366100192070007,0.001,59.18289566040039
2710,18,92,344789,128,0.8212106227874756,0.8212106227874756,1.1016933917999268,0.001,59.20086431503296
2711,18,93,344917,128,0.6848756074905396,0.6848756074905396,1.4838554859161377,0.001,59.218541383743286
2712,18,94,345045,128,0.5439162254333496,0.5439162254333496,1.027614712715149,0.001,59.235981464385986
2713,18,95,345173,128,0.9282240867614746,0.9282240867614746,1.0074890851974487,0.001,59.25334405899048
2714,18,96,345301,128,1.1046923398971558,1.1046923398971558,1.0090806484222412,0.001,59.27123308181763
2715,18,97,345429,128,1.1070458889007568,1.1070458889007568,1.5114699602127075,0.001,59.289228439331055
2716,18,98,345557,128,0.9733127355575562,0.9733127355575562,1.2202260494232178,0.001,59.30669903755188
2717,18,99,345685,128,0.563116192817688,0.563116192817688,0.901408314704895,0.001,59.323965072631836
2718,18,100,345813,128,0.9205977916717529,0.9205977916717529,1.0771801471710205,0.001,59.34195017814636
2719,18,101,345941,128,0.8648254871368408,0.8648254871368408,1.2129151821136475,0.001,59.35934829711914
2720,18,102,346069,128,0.6328905820846558,0.6328905820846558,1.521936297416687,0.001,59.37657570838928
2721,18,103,346197,128,0.7768699526786804,0.7768699526786804,1.104902744293213,0.001,59.394022941589355
2722,18,104,346325,128,0.749357283115387,0.749357283115387,1.0059434175491333,0.001,59.41167449951172
2723,18,105,346453,128,0.944646954536438,0.944646954536438,1.4679598808288574,0.001,59.42909026145935
2724,18,106,346581,128,0.9044827818870544,0.9044827818870544,0.9305621385574341,0.001,59.44630265235901
2725,18,107,346709,128,0.8537220358848572,0.8537220358848572,1.1457672119140625,0.001,59.4635169506073
2726,18,108,346837,128,0.6549596190452576,0.6549596190452576,1.0461446046829224,0.001,59.48117685317993
2727,18,109,346965,128,0.8491834998130798,0.8491834998130798,0.8202394843101501,0.001,59.49848985671997
2728,18,110,347093,128,0.9052122235298157,0.9052122235298157,1.1850535869598389,0.001,59.51545834541321
2729,18,111,347221,128,0.832668125629425,0.832668125629425,0.9411813616752625,0.001,59.53251814842224
2730,18,112,347349,128,0.5311993360519409,0.5311993360519409,0.9201949238777161,0.001,59.549986600875854
2731,18,113,347477,128,0.7348237633705139,0.7348237633705139,0.9461086988449097,0.001,59.56720781326294
2732,18,114,347605,128,0.6703394055366516,0.6703394055366516,1.29573392868042,0.001,59.584449768066406
2733,18,115,347733,128,0.7680844664573669,0.7680844664573669,0.9330345988273621,0.001,59.60220646858215
2734,18,116,347861,128,0.9275707602500916,0.9275707602500916,0.8730617761611938,0.001,59.61958408355713
2735,18,117,347989,128,0.6666799783706665,0.6666799783706665,1.0177961587905884,0.001,59.63680720329285
2736,18,118,348117,128,0.7725639939308167,0.7725639939308167,0.9236056804656982,0.001,59.65404033660889
2737,18,119,348245,128,0.8304910063743591,0.8304910063743591,1.091446042060852,0.001,59.67152690887451
2738,18,120,348373,128,0.7214587926864624,0.7214587926864624,1.353562593460083,0.001,59.688764572143555
2739,18,121,348501,128,0.59800124168396,0.59800124168396,1.0784847736358643,0.001,59.70600652694702
2740,18,122,348629,128,0.8606404662132263,0.8606404662132263,1.2169179916381836,0.001,59.723405599594116
2741,18,123,348757,128,0.778276264667511,0.778276264667511,1.3964080810546875,0.001,59.741113901138306
2742,18,124,348885,128,0.8755013346672058,0.8755013346672058,1.2325667142868042,0.001,59.75848412513733
2743,18,125,349013,128,0.6360508799552917,0.6360508799552917,1.2066497802734375,0.001,59.77576661109924
2744,18,126,349141,128,0.752631664276123,0.752631664276123,1.0945830345153809,0.001,59.79282760620117
2745,18,127,349269,128,0.7398906350135803,0.7398906350135803,1.071038007736206,0.001,59.81064820289612
2746,18,128,349397,128,0.6200185418128967,0.6200185418128967,1.0668158531188965,0.001,59.82793974876404
2747,18,129,349525,128,0.5151270627975464,0.5151270627975464,1.0956248044967651,0.001,59.845123291015625
2748,18,130,349653,128,0.7536356449127197,0.7536356449127197,1.1888389587402344,0.001,59.86223745346069
2749,18,131,349781,128,0.9511171579360962,0.9511171579360962,0.9666082859039307,0.001,59.87965941429138
2750,18,132,349909,128,0.8571591973304749,0.8571591973304749,1.1560343503952026,0.001,59.897087812423706
2751,18,133,350037,128,0.8602932691574097,0.8602932691574097,1.5104613304138184,0.001,59.91423058509827
2752,18,134,350165,128,0.7061800360679626,0.7061800360679626,0.7466104030609131,0.001,59.93119406700134
2753,18,135,350293,128,0.6941099166870117,0.6941099166870117,1.0705567598342896,0.001,59.948753356933594
2754,18,136,350421,128,0.7608413696289062,0.7608413696289062,0.9556416869163513,0.001,59.965808629989624
2755,18,137,350549,128,0.977290689945221,0.977290689945221,1.3820397853851318,0.001,59.98302865028381
2756,18,138,350677,128,1.05287504196167,1.05287504196167,1.383966088294983,0.001,60.000561237335205
2757,18,139,350805,128,0.787079930305481,0.787079930305481,1.2087050676345825,0.001,60.017781496047974
2758,18,140,350933,128,0.8898043632507324,0.8898043632507324,1.3641477823257446,0.001,60.03506946563721
2759,18,141,351061,128,0.7904072403907776,0.7904072403907776,1.6903913021087646,0.001,60.05304169654846
2760,18,142,351189,128,0.9188219904899597,0.9188219904899597,1.158914566040039,0.001,60.070992946624756
2761,18,143,351317,128,0.6085633039474487,0.6085633039474487,0.9664533734321594,0.001,60.08874702453613
2762,18,144,351445,128,0.757838249206543,0.757838249206543,1.0514357089996338,0.001,60.10610914230347
2763,18,145,351573,128,0.9673762321472168,0.9673762321472168,0.8678662180900574,0.001,60.12355637550354
2764,18,146,351701,128,1.1652885675430298,1.1652885675430298,0.8833585977554321,0.001,60.141321420669556
2765,18,147,351829,128,0.9525984525680542,0.9525984525680542,1.2298930883407593,0.001,60.15879678726196
2766,18,148,351957,128,1.1402870416641235,1.1402870416641235,1.379947543144226,0.001,60.17623782157898
2767,18,149,352085,128,0.8464782238006592,0.8464782238006592,1.0318413972854614,0.001,60.19364833831787
2768,18,150,352213,128,0.7646195888519287,0.7646195888519287,1.0624785423278809,0.001,60.21145844459534
2769,18,151,352341,128,0.7394480109214783,0.7394480109214783,1.2581251859664917,0.001,60.22892880439758
2770,18,152,352469,128,0.8170790076255798,0.8170790076255798,1.3485431671142578,0.001,60.246320486068726
2771,18,153,352597,128,0.9300459027290344,0.9300459027290344,0.7925915718078613,0.001,60.26393723487854
2772,18,154,352602,5,1.0152865648269653,1.0152865648269653,0.41779133677482605,0.001,60.26666593551636
2773,19,1,352730,128,1.0062485933303833,1.0062485933303833,0.9883816838264465,0.001,60.94854927062988
2774,19,2,352858,128,1.0214813947677612,1.0214813947677612,0.8391559720039368,0.001,60.96628475189209
2775,19,3,352986,128,0.8276586532592773,0.8276586532592773,1.203946828842163,0.001,60.983832359313965
2776,19,4,353114,128,0.49736297130584717,0.49736297130584717,1.3754583597183228,0.001,61.00166916847229
2777,19,5,353242,128,0.8636930584907532,0.8636930584907532,1.1302895545959473,0.001,61.0191752910614
2778,19,6,353370,128,0.8473716378211975,0.8473716378211975,1.3630157709121704,0.001,61.036785364151
2779,19,7,353498,128,0.7987687587738037,0.7987687587738037,0.793272852897644,0.001,61.05486488342285
2780,19,8,353626,128,0.9767886400222778,0.9767886400222778,1.0993812084197998,0.001,61.07285809516907
2781,19,9,353754,128,0.7274658679962158,0.7274658679962158,1.3177262544631958,0.001,61.090529441833496
2782,19,10,353882,128,0.8554633855819702,0.8554633855819702,1.3670849800109863,0.001,61.10806941986084
2783,19,11,354010,128,0.8277754783630371,0.8277754783630371,1.373343586921692,0.001,61.125832319259644
2784,19,12,354138,128,0.6745927333831787,0.6745927333831787,1.2666164636611938,0.001,61.14417576789856
2785,19,13,354266,128,0.9426819682121277,0.9426819682121277,1.2140308618545532,0.001,61.16196656227112
2786,19,14,354394,128,0.7597063779830933,0.7597063779830933,1.3020774126052856,0.001,61.179478883743286
2787,19,15,354522,128,0.8916600346565247,0.8916600346565247,0.9832471013069153,0.001,61.19719576835632
2788,19,16,354650,128,0.5737643241882324,0.5737643241882324,1.055101990699768,0.001,61.215275287628174
2789,19,17,354778,128,0.6974512338638306,0.6974512338638306,1.3369964361190796,0.001,61.233092308044434
2790,19,18,354906,128,0.7272650003433228,0.7272650003433228,1.182248830795288,0.001,61.2506742477417
2791,19,19,355034,128,0.8115077018737793,0.8115077018737793,1.1652005910873413,0.001,61.26928949356079
2792,19,20,355162,128,0.5858597755432129,0.5858597755432129,1.0029805898666382,0.001,61.28732371330261
2793,19,21,355290,128,0.9261475801467896,0.9261475801467896,0.7640360593795776,0.001,61.305195808410645
2794,19,22,355418,128,0.7326323390007019,0.7326323390007019,0.9370266199111938,0.001,61.32309675216675
2795,19,23,355546,128,0.8284463286399841,0.8284463286399841,0.8907070159912109,0.001,61.34097075462341
2796,19,24,355674,128,1.1505799293518066,1.1505799293518066,1.189785122871399,0.001,61.358630657196045
2797,19,25,355802,128,1.037276029586792,1.037276029586792,0.919687032699585,0.001,61.376227617263794
2798,19,26,355930,128,1.0298415422439575,1.0298415422439575,1.2125340700149536,0.001,61.393757820129395
2799,19,27,356058,128,0.7841153740882874,0.7841153740882874,1.2668664455413818,0.001,61.411715030670166
2800,19,28,356186,128,0.45388802886009216,0.45388802886009216,0.9450188279151917,0.001,61.42954206466675
2801,19,29,356314,128,0.7144734263420105,0.7144734263420105,1.4440046548843384,0.001,61.44687104225159
2802,19,30,356442,128,0.6596288681030273,0.6596288681030273,0.8239964842796326,0.001,61.4643018245697
2803,19,31,356570,128,0.683524489402771,0.683524489402771,1.086169719696045,0.001,61.482447147369385
2804,19,32,356698,128,0.7657484412193298,0.7657484412193298,0.8388689160346985,0.001,61.500075578689575
2805,19,33,356826,128,0.7386204600334167,0.7386204600334167,0.8835391402244568,0.001,61.51766300201416
2806,19,34,356954,128,0.5457538962364197,0.5457538962364197,1.061441421508789,0.001,61.53490734100342
2807,19,35,357082,128,1.0472465753555298,1.0472465753555298,0.8151042461395264,0.001,61.553149938583374
2808,19,36,357210,128,0.6263079643249512,0.6263079643249512,1.0171680450439453,0.001,61.570515871047974
2809,19,37,357338,128,0.8665117621421814,0.8665117621421814,0.8990809321403503,0.001,61.587767124176025
2810,19,38,357466,128,0.6294291019439697,0.6294291019439697,0.9590756297111511,0.001,61.605562925338745
2811,19,39,357594,128,0.7629055380821228,0.7629055380821228,1.2297768592834473,0.001,61.62302851676941
2812,19,40,357722,128,0.7925865650177002,0.7925865650177002,1.0226417779922485,0.001,61.64063811302185
2813,19,41,357850,128,0.9133198261260986,0.9133198261260986,0.9279441833496094,0.001,61.65801668167114
2814,19,42,357978,128,0.8235616683959961,0.8235616683959961,1.0867412090301514,0.001,61.67593050003052
2815,19,43,358106,128,0.6396200656890869,0.6396200656890869,1.2225420475006104,0.001,61.69355273246765
2816,19,44,358234,128,0.8761804103851318,0.8761804103851318,1.4872949123382568,0.001,61.71095132827759
2817,19,45,358362,128,0.6859020590782166,0.6859020590782166,0.9325664639472961,0.001,61.72827339172363
2818,19,46,358490,128,0.9842610955238342,0.9842610955238342,1.6439270973205566,0.001,61.746180295944214
2819,19,47,358618,128,0.585297167301178,0.585297167301178,0.9429872632026672,0.001,61.76372742652893
2820,19,48,358746,128,0.8802359104156494,0.8802359104156494,1.0104669332504272,0.001,61.78114199638367
2821,19,49,358874,128,0.7927120327949524,0.7927120327949524,0.8619460463523865,0.001,61.798534870147705
2822,19,50,359002,128,0.7505922317504883,0.7505922317504883,0.8800029754638672,0.001,61.81641864776611
2823,19,51,359130,128,0.7590919137001038,0.7590919137001038,0.8153273463249207,0.001,61.83395528793335
2824,19,52,359258,128,0.6665630340576172,0.6665630340576172,1.0814189910888672,0.001,61.85151553153992
2825,19,53,359386,128,0.7587476968765259,0.7587476968765259,0.9310201406478882,0.001,61.868921756744385
2826,19,54,359514,128,0.7436790466308594,0.7436790466308594,1.0856494903564453,0.001,61.88644766807556
2827,19,55,359642,128,0.6927356719970703,0.6927356719970703,1.1196460723876953,0.001,61.90441060066223
2828,19,56,359770,128,0.8636402487754822,0.8636402487754822,1.4453322887420654,0.001,61.92215132713318
2829,19,57,359898,128,0.7164124846458435,0.7164124846458435,1.152290940284729,0.001,61.93993377685547
2830,19,58,360026,128,0.6354568004608154,0.6354568004608154,1.087318778038025,0.001,61.95769643783569
2831,19,59,360154,128,0.8169368505477905,0.8169368505477905,0.7339421510696411,0.001,61.97529602050781
2832,19,60,360282,128,0.7998856902122498,0.7998856902122498,1.0832531452178955,0.001,61.99321699142456
2833,19,61,360410,128,1.1065186262130737,1.1065186262130737,1.3111002445220947,0.001,62.0118305683136
2834,19,62,360538,128,0.5513762831687927,0.5513762831687927,0.9263765811920166,0.001,62.02974319458008
2835,19,63,360666,128,0.6596100330352783,0.6596100330352783,0.8170372843742371,0.001,62.04756307601929
2836,19,64,360794,128,0.87535560131073,0.87535560131073,0.737395167350769,0.001,62.06526851654053
2837,19,65,360922,128,0.8908008933067322,0.8908008933067322,1.2029715776443481,0.001,62.08331823348999
2838,19,66,361050,128,0.739468514919281,0.739468514919281,1.5766329765319824,0.001,62.100953340530396
2839,19,67,361178,128,1.1060997247695923,1.1060997247695923,1.038725733757019,0.001,62.11841440200806
2840,19,68,361306,128,0.933520495891571,0.933520495891571,1.3583269119262695,0.001,62.135865688323975
2841,19,69,361434,128,0.9780473709106445,0.9780473709106445,1.0484265089035034,0.001,62.153555154800415
2842,19,70,361562,128,0.8841957449913025,0.8841957449913025,0.8390738368034363,0.001,62.1709258556366
2843,19,71,361690,128,0.7235134243965149,0.7235134243965149,0.9930246472358704,0.001,62.188002586364746
2844,19,72,361818,128,0.8949825167655945,0.8949825167655945,1.3792577981948853,0.001,62.2056999206543
2845,19,73,361946,128,0.824065625667572,0.824065625667572,0.6459961533546448,0.001,62.223252058029175
2846,19,74,362074,128,0.6109792590141296,0.6109792590141296,1.1946775913238525,0.001,62.24088001251221
2847,19,75,362202,128,0.6088800430297852,0.6088800430297852,1.1134662628173828,0.001,62.2584593296051
2848,19,76,362330,128,0.8993441462516785,0.8993441462516785,1.0415891408920288,0.001,62.27664637565613
2849,19,77,362458,128,0.9017754793167114,0.9017754793167114,1.2953001260757446,0.001,62.294533014297485
2850,19,78,362586,128,0.6814612150192261,0.6814612150192261,1.0894230604171753,0.001,62.31204390525818
2851,19,79,362714,128,0.8659672141075134,0.8659672141075134,0.9495364427566528,0.001,62.329986810684204
2852,19,80,362842,128,0.7978265285491943,0.7978265285491943,1.077499270439148,0.001,62.34838318824768
2853,19,81,362970,128,0.7567936778068542,0.7567936778068542,1.3981080055236816,0.001,62.36641478538513
2854,19,82,363098,128,1.204548954963684,1.204548954963684,1.0199249982833862,0.001,62.384302854537964
2855,19,83,363226,128,0.8735740184783936,0.8735740184783936,1.003668189048767,0.001,62.401957988739014
2856,19,84,363354,128,0.7629809379577637,0.7629809379577637,1.1779367923736572,0.001,62.420183181762695
2857,19,85,363482,128,0.8167719841003418,0.8167719841003418,1.0423747301101685,0.001,62.43800497055054
2858,19,86,363610,128,0.8842681050300598,0.8842681050300598,0.9810624718666077,0.001,62.455623149871826
2859,19,87,363738,128,0.6910322904586792,0.6910322904586792,0.920036256313324,0.001,62.473740577697754
2860,19,88,363866,128,1.0108091831207275,1.0108091831207275,0.8672934174537659,0.001,62.491743326187134
2861,19,89,363994,128,0.8870527744293213,0.8870527744293213,1.368227243423462,0.001,62.50888013839722
2862,19,90,364122,128,0.8063320517539978,0.8063320517539978,0.897405207157135,0.001,62.526164293289185
2863,19,91,364250,128,0.6972364783287048,0.6972364783287048,1.1289129257202148,0.001,62.54435443878174
2864,19,92,364378,128,0.9123156666755676,0.9123156666755676,1.0273181200027466,0.001,62.56179881095886
2865,19,93,364506,128,0.9667870998382568,0.9667870998382568,0.9414103627204895,0.001,62.579368352890015
2866,19,94,364634,128,0.9589722752571106,0.9589722752571106,1.205098271369934,0.001,62.596779346466064
2867,19,95,364762,128,0.7878592014312744,0.7878592014312744,1.2330487966537476,0.001,62.614566802978516
2868,19,96,364890,128,0.8317983746528625,0.8317983746528625,0.8246567249298096,0.001,62.632200717926025
2869,19,97,365018,128,0.8982815146446228,0.8982815146446228,1.1105804443359375,0.001,62.64990973472595
2870,19,98,365146,128,0.8803019523620605,0.8803019523620605,0.987298309803009,0.001,62.66752767562866
2871,19,99,365274,128,0.8622951507568359,0.8622951507568359,1.0107625722885132,0.001,62.6852502822876
2872,19,100,365402,128,0.6512754559516907,0.6512754559516907,0.8834589123725891,0.001,62.70272421836853
2873,19,101,365530,128,0.5085729956626892,0.5085729956626892,0.9425551295280457,0.001,62.72034168243408
2874,19,102,365658,128,1.0753568410873413,1.0753568410873413,1.1035751104354858,0.001,62.73790454864502
2875,19,103,365786,128,0.6008397340774536,0.6008397340774536,0.978765070438385,0.001,62.755727767944336
2876,19,104,365914,128,0.9407691955566406,0.9407691955566406,0.9187559485435486,0.001,62.773539304733276
2877,19,105,366042,128,0.7743645906448364,0.7743645906448364,0.8747825622558594,0.001,62.79105520248413
2878,19,106,366170,128,0.9458472728729248,0.9458472728729248,0.8817571997642517,0.001,62.80934023857117
2879,19,107,366298,128,0.6098346710205078,0.6098346710205078,1.1676560640335083,0.001,62.82714080810547
2880,19,108,366426,128,0.8570810556411743,0.8570810556411743,1.1716022491455078,0.001,62.84479737281799
2881,19,109,366554,128,0.949981153011322,0.949981153011322,1.1061686277389526,0.001,62.86256170272827
2882,19,110,366682,128,0.7977854609489441,0.7977854609489441,0.9259011149406433,0.001,62.880621910095215
2883,19,111,366810,128,0.5184282660484314,0.5184282660484314,1.0861124992370605,0.001,62.89826321601868
2884,19,112,366938,128,0.8652875423431396,0.8652875423431396,0.9206724166870117,0.001,62.915757179260254
2885,19,113,367066,128,1.1067551374435425,1.1067551374435425,0.9412779808044434,0.001,62.93310809135437
2886,19,114,367194,128,0.6701843738555908,0.6701843738555908,1.1368995904922485,0.001,62.95074009895325
2887,19,115,367322,128,0.8455568552017212,0.8455568552017212,1.4108169078826904,0.001,62.968210220336914
2888,19,116,367450,128,0.7303941249847412,0.7303941249847412,1.07440185546875,0.001,62.98559331893921
2889,19,117,367578,128,0.6518446207046509,0.6518446207046509,1.251412272453308,0.001,63.00323414802551
2890,19,118,367706,128,0.9223698377609253,0.9223698377609253,1.0928683280944824,0.001,63.02115845680237
2891,19,119,367834,128,1.1492431163787842,1.1492431163787842,0.9475281834602356,0.001,63.038832902908325
2892,19,120,367962,128,1.00050950050354,1.00050950050354,1.4581763744354248,0.001,63.05663824081421
2893,19,121,368090,128,0.5728549957275391,0.5728549957275391,0.9100419282913208,0.001,63.07482051849365
2894,19,122,368218,128,0.6257711052894592,0.6257711052894592,1.404526948928833,0.001,63.09257984161377
2895,19,123,368346,128,0.8427795171737671,0.8427795171737671,1.1289135217666626,0.001,63.11043429374695
2896,19,124,368474,128,0.593345046043396,0.593345046043396,0.6890208125114441,0.001,63.1281955242157
2897,19,125,368602,128,0.6413397192955017,0.6413397192955017,1.0172783136367798,0.001,63.14623689651489
2898,19,126,368730,128,0.7294843196868896,0.7294843196868896,1.2544529438018799,0.001,63.16412687301636
2899,19,127,368858,128,0.8034369945526123,0.8034369945526123,1.3760995864868164,0.001,63.18205642700195
2900,19,128,368986,128,0.8566769957542419,0.8566769957542419,1.2613393068313599,0.001,63.19983720779419
2901,19,129,369114,128,1.046357274055481,1.046357274055481,1.3459932804107666,0.001,63.21805739402771
2902,19,130,369242,128,0.5701303482055664,0.5701303482055664,1.0573464632034302,0.001,63.235923767089844
2903,19,131,369370,128,0.8929026126861572,0.8929026126861572,0.9203711152076721,0.001,63.25361180305481
2904,19,132,369498,128,0.6458260416984558,0.6458260416984558,1.1425648927688599,0.001,63.2713520526886
2905,19,133,369626,128,0.8796303868293762,0.8796303868293762,1.3372445106506348,0.001,63.28972387313843
2906,19,134,369754,128,0.838693380355835,0.838693380355835,0.940757691860199,0.001,63.30731272697449
2907,19,135,369882,128,0.7233836054801941,0.7233836054801941,0.9824408292770386,0.001,63.325035572052
2908,19,136,370010,128,0.8430830240249634,0.8430830240249634,1.0397156476974487,0.001,63.343154430389404
2909,19,137,370138,128,0.624492347240448,0.624492347240448,1.0886335372924805,0.001,63.36110496520996
2910,19,138,370266,128,0.5755210518836975,0.5755210518836975,0.9965202212333679,0.001,63.379037857055664
2911,19,139,370394,128,1.0104206800460815,1.0104206800460815,1.079228162765503,0.001,63.39692831039429
2912,19,140,370522,128,1.006644368171692,1.006644368171692,1.074501872062683,0.001,63.41492319107056
2913,19,141,370650,128,0.6896948218345642,0.6896948218345642,1.3353748321533203,0.001,63.432796478271484
2914,19,142,370778,128,0.5963329076766968,0.5963329076766968,1.4585741758346558,0.001,63.45026707649231
2915,19,143,370906,128,0.6083747148513794,0.6083747148513794,1.2354916334152222,0.001,63.4678008556366
2916,19,144,371034,128,0.6502447128295898,0.6502447128295898,0.7732546925544739,0.001,63.48567223548889
2917,19,145,371162,128,0.8796038627624512,0.8796038627624512,0.7269420623779297,0.001,63.503724336624146
2918,19,146,371290,128,0.6793351769447327,0.6793351769447327,0.8366109728813171,0.001,63.52135109901428
2919,19,147,371418,128,0.7582699656486511,0.7582699656486511,1.0502749681472778,0.001,63.538986682891846
2920,19,148,371546,128,0.8546088933944702,0.8546088933944702,1.2830740213394165,0.001,63.55717396736145
2921,19,149,371674,128,0.6121406555175781,0.6121406555175781,1.3324627876281738,0.001,63.574989557266235
2922,19,150,371802,128,0.7640568614006042,0.7640568614006042,1.3556736707687378,0.001,63.59247183799744
2923,19,151,371930,128,0.5912517309188843,0.5912517309188843,1.1882187128067017,0.001,63.61073350906372
2924,19,152,372058,128,0.7255509495735168,0.7255509495735168,1.3176430463790894,0.001,63.62838697433472
2925,19,153,372186,128,0.9051123857498169,0.9051123857498169,1.2606507539749146,0.001,63.64600896835327
2926,19,154,372191,5,0.5044777989387512,0.5044777989387512,1.8605329990386963,0.001,63.64879512786865
2927,20,1,372319,128,0.681962251663208,0.681962251663208,0.9403309226036072,0.001,64.33722233772278
2928,20,2,372447,128,0.45667368173599243,0.45667368173599243,1.0414834022521973,0.001,64.35490727424622
2929,20,3,372575,128,0.9331233501434326,0.9331233501434326,0.9275317788124084,0.001,64.37240648269653
2930,20,4,372703,128,0.7105772495269775,0.7105772495269775,1.1991748809814453,0.001,64.38976883888245
2931,20,5,372831,128,0.8960103392601013,0.8960103392601013,1.141943335533142,0.001,64.40729117393494
2932,20,6,372959,128,0.8954339623451233,0.8954339623451233,1.1261664628982544,0.001,64.42520141601562
2933,20,7,373087,128,0.8773568272590637,0.8773568272590637,0.9775099158287048,0.001,64.44305348396301
2934,20,8,373215,128,1.0346674919128418,1.0346674919128418,1.082751989364624,0.001,64.46064710617065
2935,20,9,373343,128,0.9308107495307922,0.9308107495307922,0.8641864061355591,0.001,64.47846150398254
2936,20,10,373471,128,0.8276368379592896,0.8276368379592896,0.9328758120536804,0.001,64.49692511558533
2937,20,11,373599,128,0.7530158758163452,0.7530158758163452,1.1144824028015137,0.001,64.51468825340271
2938,20,12,373727,128,0.7252289652824402,0.7252289652824402,0.9556028246879578,0.001,64.532151222229
2939,20,13,373855,128,0.7561224102973938,0.7561224102973938,1.051418662071228,0.001,64.5501778125763
2940,20,14,373983,128,0.6438441276550293,0.6438441276550293,1.1082422733306885,0.001,64.56785321235657
2941,20,15,374111,128,0.7869402766227722,0.7869402766227722,1.029578685760498,0.001,64.58532929420471
2942,20,16,374239,128,0.7403243184089661,0.7403243184089661,0.7766310572624207,0.001,64.60296607017517
2943,20,17,374367,128,0.6686469912528992,0.6686469912528992,1.3939915895462036,0.001,64.620854139328
2944,20,18,374495,128,0.6337026357650757,0.6337026357650757,1.084872841835022,0.001,64.63863253593445
2945,20,19,374623,128,0.8254339694976807,0.8254339694976807,1.0693233013153076,0.001,64.65651369094849
2946,20,20,374751,128,0.7727222442626953,0.7727222442626953,1.3375672101974487,0.001,64.67440557479858
2947,20,21,374879,128,0.791228175163269,0.791228175163269,0.9797699451446533,0.001,64.69232225418091
2948,20,22,375007,128,0.675879955291748,0.675879955291748,1.176593542098999,0.001,64.71014475822449
2949,20,23,375135,128,0.994541585445404,0.994541585445404,1.2406727075576782,0.001,64.72796702384949
2950,20,24,375263,128,0.777625322341919,0.777625322341919,1.2159053087234497,0.001,64.74595832824707
2951,20,25,375391,128,1.068210244178772,1.068210244178772,0.9036922454833984,0.001,64.76379799842834
2952,20,26,375519,128,0.6923864483833313,0.6923864483833313,1.487067699432373,0.001,64.78125429153442
2953,20,27,375647,128,1.0930248498916626,1.0930248498916626,0.8740900754928589,0.001,64.798743724823
2954,20,28,375775,128,0.8581892848014832,0.8581892848014832,1.0888859033584595,0.001,64.81703090667725
2955,20,29,375903,128,0.6459119915962219,0.6459119915962219,1.2295856475830078,0.001,64.83474016189575
2956,20,30,376031,128,0.8294916152954102,0.8294916152954102,1.1563869714736938,0.001,64.85215830802917
2957,20,31,376159,128,0.5963631272315979,0.5963631272315979,0.724748432636261,0.001,64.86981129646301
2958,20,32,376287,128,0.7929540872573853,0.7929540872573853,1.1590551137924194,0.001,64.88757944107056
2959,20,33,376415,128,0.7476772665977478,0.7476772665977478,1.019008994102478,0.001,64.90496611595154
2960,20,34,376543,128,0.831512451171875,0.831512451171875,1.1958421468734741,0.001,64.92215919494629
2961,20,35,376671,128,0.7978424429893494,0.7978424429893494,0.7839192748069763,0.001,64.93947386741638
2962,20,36,376799,128,0.4811360836029053,0.4811360836029053,1.2082605361938477,0.001,64.95706868171692
2963,20,37,376927,128,0.5119624137878418,0.5119624137878418,1.091228723526001,0.001,64.97456407546997
2964,20,38,377055,128,0.7560656666755676,0.7560656666755676,1.1829220056533813,0.001,64.99171257019043
2965,20,39,377183,128,0.7724266648292542,0.7724266648292542,1.5591776371002197,0.001,65.00945997238159
2966,20,40,377311,128,0.7460646629333496,0.7460646629333496,1.1433372497558594,0.001,65.02707409858704
2967,20,41,377439,128,0.736285388469696,0.736285388469696,1.429278016090393,0.001,65.04484152793884
2968,20,42,377567,128,0.9700982570648193,0.9700982570648193,1.2090097665786743,0.001,65.06249737739563
2969,20,43,377695,128,0.9205100536346436,0.9205100536346436,1.1174509525299072,0.001,65.08063817024231
2970,20,44,377823,128,0.8094349503517151,0.8094349503517151,1.3544005155563354,0.001,65.09814143180847
2971,20,45,377951,128,0.42758750915527344,0.42758750915527344,1.018319010734558,0.001,65.11544871330261
2972,20,46,378079,128,0.9007429480552673,0.9007429480552673,1.2392897605895996,0.001,65.13303112983704
2973,20,47,378207,128,0.8155927658081055,0.8155927658081055,1.3045709133148193,0.001,65.15081191062927
2974,20,48,378335,128,0.688183605670929,0.688183605670929,1.110297441482544,0.001,65.1683840751648
2975,20,49,378463,128,0.7101193070411682,0.7101193070411682,1.220202922821045,0.001,65.18602228164673
2976,20,50,378591,128,0.7455564737319946,0.7455564737319946,1.0549396276474,0.001,65.20362734794617
2977,20,51,378719,128,0.6929259896278381,0.6929259896278381,1.2402355670928955,0.001,65.22164845466614
2978,20,52,378847,128,0.700852632522583,0.700852632522583,1.0389760732650757,0.001,65.23938632011414
2979,20,53,378975,128,0.9436649680137634,0.9436649680137634,0.8719309568405151,0.001,65.25702714920044
2980,20,54,379103,128,0.7410489320755005,0.7410489320755005,0.7818259596824646,0.001,65.27466773986816
2981,20,55,379231,128,0.6789180040359497,0.6789180040359497,0.9495028853416443,0.001,65.29284572601318
2982,20,56,379359,128,0.7859841585159302,0.7859841585159302,1.1302260160446167,0.001,65.31062722206116
2983,20,57,379487,128,0.7890022993087769,0.7890022993087769,0.8459467887878418,0.001,65.32786154747009
2984,20,58,379615,128,0.6662417650222778,0.6662417650222778,1.304092288017273,0.001,65.34542489051819
2985,20,59,379743,128,0.8477239608764648,0.8477239608764648,1.0887629985809326,0.001,65.36334919929504
2986,20,60,379871,128,0.6453268527984619,0.6453268527984619,0.8261077404022217,0.001,65.38121843338013
2987,20,61,379999,128,0.6380419135093689,0.6380419135093689,0.8316603899002075,0.001,65.39861559867859
2988,20,62,380127,128,0.7375210523605347,0.7375210523605347,1.1188141107559204,0.001,65.41677260398865
2989,20,63,380255,128,1.530154824256897,1.530154824256897,1.2840311527252197,0.001,65.43456101417542
2990,20,64,380383,128,0.4263676404953003,0.4263676404953003,0.9974947571754456,0.001,65.45230054855347
2991,20,65,380511,128,0.7007511854171753,0.7007511854171753,1.2622779607772827,0.001,65.4698474407196
2992,20,66,380639,128,0.9719716906547546,0.9719716906547546,1.2811145782470703,0.001,65.48769807815552
2993,20,67,380767,128,0.9634504318237305,0.9634504318237305,0.9307137131690979,0.001,65.50554466247559
2994,20,68,380895,128,0.897409975528717,0.897409975528717,1.3627333641052246,0.001,65.5229070186615
2995,20,69,381023,128,0.7058032155036926,0.7058032155036926,1.0403205156326294,0.001,65.54044771194458
2996,20,70,381151,128,0.7321608662605286,0.7321608662605286,1.1753283739089966,0.001,65.55796313285828
2997,20,71,381279,128,0.8406729698181152,0.8406729698181152,0.9623407125473022,0.001,65.5755889415741
2998,20,72,381407,128,0.8120743632316589,0.8120743632316589,1.0633703470230103,0.001,65.59312748908997
2999,20,73,381535,128,0.5870484113693237,0.5870484113693237,0.8297256231307983,0.001,65.61069774627686
3000,20,74,381663,128,0.4624650776386261,0.4624650776386261,1.3322216272354126,0.001,65.62857747077942
3001,20,75,381791,128,0.5210493206977844,0.5210493206977844,1.3316752910614014,0.001,65.64613914489746
3002,20,76,381919,128,0.5334749221801758,0.5334749221801758,1.1707862615585327,0.001,65.66347599029541
3003,20,77,382047,128,0.7100399732589722,0.7100399732589722,1.0817161798477173,0.001,65.68126940727234
3004,20,78,382175,128,0.5353738069534302,0.5353738069534302,1.2210726737976074,0.001,65.69864463806152
3005,20,79,382303,128,0.6915838718414307,0.6915838718414307,0.8789868354797363,0.001,65.715975522995
3006,20,80,382431,128,0.8780247569084167,0.8780247569084167,1.370314359664917,0.001,65.7332136631012
3007,20,81,382559,128,0.9395673871040344,0.9395673871040344,1.0414233207702637,0.001,65.75070571899414
3008,20,82,382687,128,0.8659387826919556,0.8659387826919556,0.8359811305999756,0.001,65.76796698570251
3009,20,83,382815,128,0.962238073348999,0.962238073348999,0.894213080406189,0.001,65.78513360023499
3010,20,84,382943,128,0.5706264972686768,0.5706264972686768,0.9161226749420166,0.001,65.80235433578491
3011,20,85,383071,128,0.7267389297485352,0.7267389297485352,1.0028139352798462,0.001,65.82024097442627
3012,20,86,383199,128,0.5074790716171265,0.5074790716171265,0.9609183073043823,0.001,65.83764123916626
3013,20,87,383327,128,0.7057305574417114,0.7057305574417114,1.1595538854599,0.001,65.85483574867249
3014,20,88,383455,128,0.7171574831008911,0.7171574831008911,1.1842248439788818,0.001,65.87246918678284
3015,20,89,383583,128,0.8199071288108826,0.8199071288108826,0.9129763245582581,0.001,65.89035844802856
3016,20,90,383711,128,0.9547075629234314,0.9547075629234314,1.259813666343689,0.001,65.90818524360657
3017,20,91,383839,128,1.0144864320755005,1.0144864320755005,0.9089628458023071,0.001,65.92549872398376
3018,20,92,383967,128,0.8224806189537048,0.8224806189537048,1.0663037300109863,0.001,65.94295287132263
3019,20,93,384095,128,0.8460622429847717,0.8460622429847717,0.9947571158409119,0.001,65.96067309379578
3020,20,94,384223,128,0.7435333132743835,0.7435333132743835,1.162287712097168,0.001,65.9781813621521
3021,20,95,384351,128,0.6277188062667847,0.6277188062667847,0.8679632544517517,0.001,65.99546265602112
3022,20,96,384479,128,0.7237516641616821,0.7237516641616821,0.9505944848060608,0.001,66.01344633102417
3023,20,97,384607,128,0.7557711005210876,0.7557711005210876,1.697018027305603,0.001,66.03116178512573
3024,20,98,384735,128,0.5125634074211121,0.5125634074211121,1.1467005014419556,0.001,66.04885005950928
3025,20,99,384863,128,0.7511791586875916,0.7511791586875916,1.307997465133667,0.001,66.06729102134705
3026,20,100,384991,128,0.8969043493270874,0.8969043493270874,1.061028003692627,0.001,66.08540105819702
3027,20,101,385119,128,0.7323609590530396,0.7323609590530396,1.1693378686904907,0.001,66.10272526741028
3028,20,102,385247,128,0.7500139474868774,0.7500139474868774,1.2633033990859985,0.001,66.12026596069336
3029,20,103,385375,128,0.8495268821716309,0.8495268821716309,1.398701548576355,0.001,66.13788199424744
3030,20,104,385503,128,0.7441904544830322,0.7441904544830322,1.0218015909194946,0.001,66.15581965446472
3031,20,105,385631,128,0.9411324262619019,0.9411324262619019,0.9598008394241333,0.001,66.17330193519592
3032,20,106,385759,128,0.8631918430328369,0.8631918430328369,0.9828709363937378,0.001,66.19057059288025
3033,20,107,385887,128,0.7801797389984131,0.7801797389984131,1.0136950016021729,0.001,66.20788264274597
3034,20,108,386015,128,0.7124764323234558,0.7124764323234558,1.0863873958587646,0.001,66.22593712806702
3035,20,109,386143,128,0.8364977836608887,0.8364977836608887,1.1779346466064453,0.001,66.24358320236206
3036,20,110,386271,128,0.39731383323669434,0.39731383323669434,1.069375991821289,0.001,66.26124286651611
3037,20,111,386399,128,0.6579516530036926,0.6579516530036926,1.0860445499420166,0.001,66.27924990653992
3038,20,112,386527,128,0.6578425168991089,0.6578425168991089,0.8988584876060486,0.001,66.29694509506226
3039,20,113,386655,128,0.6903097629547119,0.6903097629547119,1.0244024991989136,0.001,66.31447124481201
3040,20,114,386783,128,0.7486777305603027,0.7486777305603027,1.1849433183670044,0.001,66.33197259902954
3041,20,115,386911,128,0.65495365858078,0.65495365858078,0.686221718788147,0.001,66.35022926330566
3042,20,116,387039,128,0.7027937769889832,0.7027937769889832,0.9159283638000488,0.001,66.36797833442688
3043,20,117,387167,128,0.771134614944458,0.771134614944458,0.8725411295890808,0.001,66.38532185554504
3044,20,118,387295,128,0.8838959336280823,0.8838959336280823,0.9623254537582397,0.001,66.40247464179993
3045,20,119,387423,128,0.9883924722671509,0.9883924722671509,1.1284942626953125,0.001,66.42045879364014
3046,20,120,387551,128,0.8101435899734497,0.8101435899734497,1.0524033308029175,0.001,66.43834567070007
3047,20,121,387679,128,0.6679769158363342,0.6679769158363342,1.1679787635803223,0.001,66.45616483688354
3048,20,122,387807,128,0.897570013999939,0.897570013999939,1.075683832168579,0.001,66.4738917350769
3049,20,123,387935,128,0.6379638910293579,0.6379638910293579,0.9252396821975708,0.001,66.49196338653564
3050,20,124,388063,128,0.6199800968170166,0.6199800968170166,1.1348986625671387,0.001,66.5094256401062
3051,20,125,388191,128,1.1205097436904907,1.1205097436904907,1.0089219808578491,0.001,66.52706265449524
3052,20,126,388319,128,1.0323859453201294,1.0323859453201294,1.0033396482467651,0.001,66.54446077346802
3053,20,127,388447,128,1.0393896102905273,1.0393896102905273,0.8340703845024109,0.001,66.562659740448
3054,20,128,388575,128,0.641961932182312,0.641961932182312,1.305360198020935,0.001,66.57998180389404
3055,20,129,388703,128,0.8027035593986511,0.8027035593986511,1.2497498989105225,0.001,66.59710574150085
3056,20,130,388831,128,0.672149658203125,0.672149658203125,0.8683485388755798,0.001,66.61455059051514
3057,20,131,388959,128,0.8574808835983276,0.8574808835983276,1.4630682468414307,0.001,66.63178157806396
3058,20,132,389087,128,0.7222568988800049,0.7222568988800049,0.8569373488426208,0.001,66.64904475212097
3059,20,133,389215,128,0.7435429692268372,0.7435429692268372,1.4151263236999512,0.001,66.66650342941284
3060,20,134,389343,128,0.6659808158874512,0.6659808158874512,1.0022623538970947,0.001,66.68449354171753
3061,20,135,389471,128,0.7051008343696594,0.7051008343696594,1.2041881084442139,0.001,66.70208358764648
3062,20,136,389599,128,0.5292073488235474,0.5292073488235474,1.2002180814743042,0.001,66.71970272064209
3063,20,137,389727,128,0.35403767228126526,0.35403767228126526,0.8438974022865295,0.001,66.73723101615906
3064,20,138,389855,128,0.663512647151947,0.663512647151947,1.3796018362045288,0.001,66.75514578819275
3065,20,139,389983,128,0.8230526447296143,0.8230526447296143,1.0973565578460693,0.001,66.77277994155884
3066,20,140,390111,128,0.7337737679481506,0.7337737679481506,1.0032209157943726,0.001,66.79040431976318
3067,20,141,390239,128,0.9347766041755676,0.9347766041755676,1.0250680446624756,0.001,66.80803489685059
3068,20,142,390367,128,0.8313782215118408,0.8313782215118408,1.1156162023544312,0.001,66.82590556144714
3069,20,143,390495,128,0.9389219284057617,0.9389219284057617,1.237108826637268,0.001,66.84358930587769
3070,20,144,390623,128,0.702065646648407,0.702065646648407,1.3335297107696533,0.001,66.86132454872131
3071,20,145,390751,128,1.0025646686553955,1.0025646686553955,1.5126436948776245,0.001,66.87915134429932
3072,20,146,390879,128,0.9119486808776855,0.9119486808776855,0.8314523696899414,0.001,66.89667463302612
3073,20,147,391007,128,0.6930725574493408,0.6930725574493408,0.8324772715568542,0.001,66.91439437866211
3074,20,148,391135,128,0.9232780933380127,0.9232780933380127,0.7582114338874817,0.001,66.93203067779541
3075,20,149,391263,128,0.755500316619873,0.755500316619873,0.9702993035316467,0.001,66.9499306678772
3076,20,150,391391,128,0.72625732421875,0.72625732421875,1.1128642559051514,0.001,66.96772623062134
3077,20,151,391519,128,0.730263352394104,0.730263352394104,0.7006303071975708,0.001,66.98545908927917
3078,20,152,391647,128,0.6458026170730591,0.6458026170730591,1.0927296876907349,0.001,67.00269269943237
3079,20,153,391775,128,0.8848687410354614,0.8848687410354614,1.298782229423523,0.001,67.02000069618225
3080,20,154,391780,5,0.4953734576702118,0.4953734576702118,1.0735430717468262,0.001,67.02270531654358
3081,21,1,391908,128,0.91072016954422,0.91072016954422,0.9607740640640259,0.001,67.69935941696167
3082,21,2,392036,128,0.795428454875946,0.795428454875946,1.0583494901657104,0.001,67.71709084510803
3083,21,3,392164,128,0.8483797311782837,0.8483797311782837,1.386398196220398,0.001,67.73481822013855
3084,21,4,392292,128,1.0263739824295044,1.0263739824295044,1.1335724592208862,0.001,67.75291180610657
3085,21,5,392420,128,0.7669064402580261,0.7669064402580261,0.7705969214439392,0.001,67.77064156532288
3086,21,6,392548,128,0.8219943046569824,0.8219943046569824,1.085903286933899,0.001,67.78811764717102
3087,21,7,392676,128,0.6426296830177307,0.6426296830177307,1.0501437187194824,0.001,67.80571246147156
3088,21,8,392804,128,0.974627673625946,0.974627673625946,0.9115285277366638,0.001,67.82376432418823
3089,21,9,392932,128,0.799977719783783,0.799977719783783,1.0511257648468018,0.001,67.8417546749115
3090,21,10,393060,128,0.8041079640388489,0.8041079640388489,1.3460443019866943,0.001,67.85973787307739
3091,21,11,393188,128,0.7177290320396423,0.7177290320396423,1.2316935062408447,0.001,67.87747049331665
3092,21,12,393316,128,1.0476795434951782,1.0476795434951782,0.9925770163536072,0.001,67.89562892913818
3093,21,13,393444,128,1.0959017276763916,1.0959017276763916,0.7689929008483887,0.001,67.91336846351624
3094,21,14,393572,128,0.8647994995117188,0.8647994995117188,0.915858805179596,0.001,67.93073439598083
3095,21,15,393700,128,0.7769657969474792,0.7769657969474792,1.0370503664016724,0.001,67.94898414611816
3096,21,16,393828,128,0.5555855631828308,0.5555855631828308,0.9208843111991882,0.001,67.96669316291809
3097,21,17,393956,128,0.5903355479240417,0.5903355479240417,1.1016621589660645,0.001,67.98451375961304
3098,21,18,394084,128,0.6315171122550964,0.6315171122550964,0.7454128265380859,0.001,68.00192713737488
3099,21,19,394212,128,0.626201868057251,0.626201868057251,0.7886450290679932,0.001,68.02036929130554
3100,21,20,394340,128,0.727179765701294,0.727179765701294,1.035983920097351,0.001,68.03825283050537
3101,21,21,394468,128,0.6842556595802307,0.6842556595802307,0.9562608003616333,0.001,68.05738973617554
3102,21,22,394596,128,0.8766341805458069,0.8766341805458069,0.7252194881439209,0.001,68.07475137710571
3103,21,23,394724,128,0.4880145490169525,0.4880145490169525,1.05665922164917,0.001,68.09303379058838
3104,21,24,394852,128,0.6519386768341064,0.6519386768341064,0.7736406922340393,0.001,68.11058306694031
3105,21,25,394980,128,0.668565034866333,0.668565034866333,1.1921316385269165,0.001,68.12806725502014
3106,21,26,395108,128,0.8435919284820557,0.8435919284820557,1.0201054811477661,0.001,68.145836353302
3107,21,27,395236,128,0.5971453189849854,0.5971453189849854,1.184193730354309,0.001,68.16411423683167
3108,21,28,395364,128,0.7279687523841858,0.7279687523841858,1.5539418458938599,0.001,68.18183708190918
3109,21,29,395492,128,0.7707173228263855,0.7707173228263855,1.2883703708648682,0.001,68.19957542419434
3110,21,30,395620,128,0.9357663989067078,0.9357663989067078,1.2667235136032104,0.001,68.21761298179626
3111,21,31,395748,128,0.7140626907348633,0.7140626907348633,1.0961092710494995,0.001,68.23549103736877
3112,21,32,395876,128,0.6601986289024353,0.6601986289024353,1.2861442565917969,0.001,68.2534430027008
3113,21,33,396004,128,0.5099995732307434,0.5099995732307434,0.9650537371635437,0.001,68.27085947990417
3114,21,34,396132,128,0.7261764407157898,0.7261764407157898,1.3685457706451416,0.001,68.288889169693
3115,21,35,396260,128,0.7145664691925049,0.7145664691925049,0.7854990363121033,0.001,68.30646991729736
3116,21,36,396388,128,0.8318510055541992,0.8318510055541992,1.2530479431152344,0.001,68.32379913330078
3117,21,37,396516,128,0.8555593490600586,0.8555593490600586,1.1615272760391235,0.001,68.34131360054016
3118,21,38,396644,128,0.7270498275756836,0.7270498275756836,0.9578819274902344,0.001,68.3595027923584
3119,21,39,396772,128,0.6475403308868408,0.6475403308868408,0.9365255236625671,0.001,68.37744569778442
3120,21,40,396900,128,0.3998366892337799,0.3998366892337799,0.7420374751091003,0.001,68.3950879573822
3121,21,41,397028,128,0.7547809481620789,0.7547809481620789,1.4069573879241943,0.001,68.41272974014282
3122,21,42,397156,128,0.6214687824249268,0.6214687824249268,0.9927603602409363,0.001,68.43072724342346
3123,21,43,397284,128,0.639546275138855,0.639546275138855,0.8635148406028748,0.001,68.44869661331177
3124,21,44,397412,128,0.5755218863487244,0.5755218863487244,0.8396658301353455,0.001,68.46657156944275
3125,21,45,397540,128,0.6415571570396423,0.6415571570396423,1.1812976598739624,0.001,68.48467755317688
3126,21,46,397668,128,0.8384122848510742,0.8384122848510742,1.1128891706466675,0.001,68.50224041938782
3127,21,47,397796,128,1.2859411239624023,1.2859411239624023,1.0348821878433228,0.001,68.51956367492676
3128,21,48,397924,128,0.8147028684616089,0.8147028684616089,0.8945341110229492,0.001,68.53676056861877
3129,21,49,398052,128,0.6250076293945312,0.6250076293945312,1.2454397678375244,0.001,68.5544650554657
3130,21,50,398180,128,0.8185006380081177,0.8185006380081177,1.414318561553955,0.001,68.57201671600342
3131,21,51,398308,128,0.9169265031814575,0.9169265031814575,1.03215491771698,0.001,68.58950805664062
3132,21,52,398436,128,0.7323763370513916,0.7323763370513916,1.0958396196365356,0.001,68.60678911209106
3133,21,53,398564,128,0.773570716381073,0.773570716381073,1.221877932548523,0.001,68.6245129108429
3134,21,54,398692,128,0.7903640866279602,0.7903640866279602,1.199537992477417,0.001,68.64184808731079
3135,21,55,398820,128,0.4725069999694824,0.4725069999694824,1.2806907892227173,0.001,68.65937280654907
3136,21,56,398948,128,0.8760777115821838,0.8760777115821838,1.4318021535873413,0.001,68.67671275138855
3137,21,57,399076,128,0.5637977719306946,0.5637977719306946,0.733790397644043,0.001,68.69448232650757
3138,21,58,399204,128,0.6547018885612488,0.6547018885612488,1.042228102684021,0.001,68.71177840232849
3139,21,59,399332,128,0.5848316550254822,0.5848316550254822,0.9322288036346436,0.001,68.728994846344
3140,21,60,399460,128,0.7681083679199219,0.7681083679199219,1.0571362972259521,0.001,68.74639821052551
3141,21,61,399588,128,0.6903073787689209,0.6903073787689209,0.9952423572540283,0.001,68.76406073570251
3142,21,62,399716,128,0.7048218846321106,0.7048218846321106,1.2095201015472412,0.001,68.78146362304688
3143,21,63,399844,128,0.7374297976493835,0.7374297976493835,1.892880916595459,0.001,68.79878830909729
3144,21,64,399972,128,0.9322265386581421,0.9322265386581421,0.844444990158081,0.001,68.81616377830505
3145,21,65,400100,128,0.7736135721206665,0.7736135721206665,1.1947158575057983,0.001,68.83355331420898
3146,21,66,400228,128,0.8729925155639648,0.8729925155639648,0.8115512132644653,0.001,68.85076928138733
3147,21,67,400356,128,0.5731521844863892,0.5731521844863892,1.2443249225616455,0.001,68.86807370185852
3148,21,68,400484,128,0.5552943348884583,0.5552943348884583,1.1257286071777344,0.001,68.88562202453613
3149,21,69,400612,128,0.9615452885627747,0.9615452885627747,1.2066383361816406,0.001,68.90297555923462
3150,21,70,400740,128,0.9413427710533142,0.9413427710533142,1.2213472127914429,0.001,68.92032098770142
3151,21,71,400868,128,1.0971391201019287,1.0971391201019287,1.1601355075836182,0.001,68.9374349117279
3152,21,72,400996,128,1.0189404487609863,1.0189404487609863,1.003023624420166,0.001,68.95488357543945
3153,21,73,401124,128,0.6278041005134583,0.6278041005134583,1.0394779443740845,0.001,68.97237038612366
3154,21,74,401252,128,0.7683507204055786,0.7683507204055786,1.169670820236206,0.001,68.98958444595337
3155,21,75,401380,128,0.7570540308952332,0.7570540308952332,1.072771430015564,0.001,69.00694465637207
3156,21,76,401508,128,0.6208001375198364,0.6208001375198364,1.0476418733596802,0.001,69.02458667755127
3157,21,77,401636,128,0.7767341732978821,0.7767341732978821,0.9259876608848572,0.001,69.04215502738953
3158,21,78,401764,128,0.5583060383796692,0.5583060383796692,1.1060421466827393,0.001,69.05964231491089
3159,21,79,401892,128,0.881449282169342,0.881449282169342,0.9853267669677734,0.001,69.07719373703003
3160,21,80,402020,128,0.6871446967124939,0.6871446967124939,1.4022526741027832,0.001,69.09498357772827
3161,21,81,402148,128,0.6602732539176941,0.6602732539176941,1.3192241191864014,0.001,69.11235642433167
3162,21,82,402276,128,0.5632368326187134,0.5632368326187134,1.0971078872680664,0.001,69.12960696220398
3163,21,83,402404,128,0.8488394618034363,0.8488394618034363,0.8334763050079346,0.001,69.1469259262085
3164,21,84,402532,128,0.6009899973869324,0.6009899973869324,1.4494208097457886,0.001,69.16455864906311
3165,21,85,402660,128,0.6765690445899963,0.6765690445899963,0.6919580698013306,0.001,69.18214011192322
3166,21,86,402788,128,0.8739438652992249,0.8739438652992249,1.1236047744750977,0.001,69.19948935508728
3167,21,87,402916,128,0.9169292449951172,0.9169292449951172,1.219947338104248,0.001,69.2166850566864
3168,21,88,403044,128,0.9460499882698059,0.9460499882698059,1.0113412141799927,0.001,69.2341103553772
3169,21,89,403172,128,0.7068386673927307,0.7068386673927307,1.5625289678573608,0.001,69.25172019004822
3170,21,90,403300,128,0.7218769788742065,0.7218769788742065,1.3241252899169922,0.001,69.26884078979492
3171,21,91,403428,128,0.8522958159446716,0.8522958159446716,1.3046875,0.001,69.28710770606995
3172,21,92,403556,128,0.7479919791221619,0.7479919791221619,1.1542037725448608,0.001,69.3051290512085
3173,21,93,403684,128,0.6442899703979492,0.6442899703979492,0.936298131942749,0.001,69.32250356674194
3174,21,94,403812,128,0.7352725267410278,0.7352725267410278,1.057360291481018,0.001,69.33999395370483
3175,21,95,403940,128,0.9841970801353455,0.9841970801353455,1.0416468381881714,0.001,69.35793614387512
3176,21,96,404068,128,0.7018883228302002,0.7018883228302002,1.0506523847579956,0.001,69.37600040435791
3177,21,97,404196,128,0.7224256992340088,0.7224256992340088,1.1458388566970825,0.001,69.39364123344421
3178,21,98,404324,128,1.1012325286865234,1.1012325286865234,1.072384238243103,0.001,69.41090393066406
3179,21,99,404452,128,0.6122417449951172,0.6122417449951172,1.3556030988693237,0.001,69.42901539802551
3180,21,100,404580,128,0.8357639908790588,0.8357639908790588,0.9441437125205994,0.001,69.44677352905273
3181,21,101,404708,128,0.7044875025749207,0.7044875025749207,1.327307105064392,0.001,69.46419334411621
3182,21,102,404836,128,0.9237000942230225,0.9237000942230225,1.2251635789871216,0.001,69.48146343231201
3183,21,103,404964,128,0.8192790150642395,0.8192790150642395,1.1095314025878906,0.001,69.49947500228882
3184,21,104,405092,128,0.7258704900741577,0.7258704900741577,0.7168816328048706,0.001,69.51721692085266
3185,21,105,405220,128,0.7462547421455383,0.7462547421455383,0.7270854711532593,0.001,69.53464579582214
3186,21,106,405348,128,0.7826554775238037,0.7826554775238037,0.8826206922531128,0.001,69.55252814292908
3187,21,107,405476,128,0.6650280356407166,0.6650280356407166,0.9030746817588806,0.001,69.5700843334198
3188,21,108,405604,128,0.6867362856864929,0.6867362856864929,0.8354015350341797,0.001,69.58763813972473
3189,21,109,405732,128,0.6000351309776306,0.6000351309776306,0.8839982151985168,0.001,69.60487723350525
3190,21,110,405860,128,0.5387698411941528,0.5387698411941528,1.0273232460021973,0.001,69.62274813652039
3191,21,111,405988,128,0.8744637370109558,0.8744637370109558,0.892265260219574,0.001,69.64020562171936
3192,21,112,406116,128,0.7229171395301819,0.7229171395301819,1.2934155464172363,0.001,69.65787267684937
3193,21,113,406244,128,0.7469596862792969,0.7469596862792969,0.6985811591148376,0.001,69.6751036643982
3194,21,114,406372,128,0.7961431741714478,0.7961431741714478,1.3369206190109253,0.001,69.69305443763733
3195,21,115,406500,128,0.9039250016212463,0.9039250016212463,0.9010104537010193,0.001,69.7107503414154
3196,21,116,406628,128,0.7526481747627258,0.7526481747627258,0.9717116355895996,0.001,69.72825169563293
3197,21,117,406756,128,0.8001443147659302,0.8001443147659302,1.3969511985778809,0.001,69.74565577507019
3198,21,118,406884,128,0.8326328992843628,0.8326328992843628,1.1837559938430786,0.001,69.76359343528748
3199,21,119,407012,128,0.6124190092086792,0.6124190092086792,0.8635066747665405,0.001,69.78106570243835
3200,21,120,407140,128,0.7683781981468201,0.7683781981468201,1.152794599533081,0.001,69.79853868484497
3201,21,121,407268,128,0.7515905499458313,0.7515905499458313,1.2347723245620728,0.001,69.81585311889648
3202,21,122,407396,128,0.8681313395500183,0.8681313395500183,1.1262609958648682,0.001,69.83362579345703
3203,21,123,407524,128,0.6369538903236389,0.6369538903236389,0.9979473948478699,0.001,69.85140800476074
3204,21,124,407652,128,0.9641400575637817,0.9641400575637817,1.220004916191101,0.001,69.8689820766449
3205,21,125,407780,128,0.954761803150177,0.954761803150177,0.7072978615760803,0.001,69.88660669326782
3206,21,126,407908,128,0.9163253307342529,0.9163253307342529,1.1929041147232056,0.001,69.90395641326904
3207,21,127,408036,128,0.6961356997489929,0.6961356997489929,0.864902138710022,0.001,69.92121410369873
3208,21,128,408164,128,0.9749993085861206,0.9749993085861206,1.52574622631073,0.001,69.93835687637329
3209,21,129,408292,128,0.8894861936569214,0.8894861936569214,1.071669101715088,0.001,69.95585680007935
3210,21,130,408420,128,0.4967828392982483,0.4967828392982483,1.1707593202590942,0.001,69.97335004806519
3211,21,131,408548,128,0.9001550078392029,0.9001550078392029,0.7520429491996765,0.001,69.99048089981079
3212,21,132,408676,128,0.6023696064949036,0.6023696064949036,1.01738703250885,0.001,70.00753283500671
3213,21,133,408804,128,0.6924970149993896,0.6924970149993896,1.2559763193130493,0.001,70.02551436424255
3214,21,134,408932,128,0.8884143829345703,0.8884143829345703,1.1233851909637451,0.001,70.04267883300781
3215,21,135,409060,128,0.6051827073097229,0.6051827073097229,0.9739062786102295,0.001,70.0599775314331
3216,21,136,409188,128,0.7924191951751709,0.7924191951751709,1.5992258787155151,0.001,70.07715511322021
3217,21,137,409316,128,0.7889318466186523,0.7889318466186523,1.146591067314148,0.001,70.09454393386841
3218,21,138,409444,128,0.7722340226173401,0.7722340226173401,0.9475576281547546,0.001,70.11176633834839
3219,21,139,409572,128,0.6765170097351074,0.6765170097351074,1.8424080610275269,0.001,70.12897372245789
3220,21,140,409700,128,0.8484976291656494,0.8484976291656494,0.7914428114891052,0.001,70.14619421958923
3221,21,141,409828,128,0.5823451280593872,0.5823451280593872,1.0552376508712769,0.001,70.16406655311584
3222,21,142,409956,128,0.6399242281913757,0.6399242281913757,1.311319351196289,0.001,70.18194937705994
3223,21,143,410084,128,0.7297312617301941,0.7297312617301941,1.1368752717971802,0.001,70.19952201843262
3224,21,144,410212,128,0.8343884348869324,0.8343884348869324,1.131523847579956,0.001,70.21697974205017
3225,21,145,410340,128,0.760719895362854,0.760719895362854,1.5882254838943481,0.001,70.23490858078003
3226,21,146,410468,128,0.6144089102745056,0.6144089102745056,1.203391194343567,0.001,70.25231671333313
3227,21,147,410596,128,0.6551254391670227,0.6551254391670227,0.9207697510719299,0.001,70.26967215538025
3228,21,148,410724,128,0.3891651928424835,0.3891651928424835,1.00599205493927,0.001,70.28760933876038
3229,21,149,410852,128,0.8374228477478027,0.8374228477478027,1.046773076057434,0.001,70.30546116828918
3230,21,150,410980,128,0.7740762233734131,0.7740762233734131,0.9731493592262268,0.001,70.32291793823242
3231,21,151,411108,128,0.5960931181907654,0.5960931181907654,1.0211619138717651,0.001,70.34217643737793
3232,21,152,411236,128,0.9927376508712769,0.9927376508712769,0.7431063055992126,0.001,70.3608467578888
3233,21,153,411364,128,0.666541576385498,0.666541576385498,1.1449438333511353,0.001,70.37856006622314
3234,21,154,411369,5,0.7142593264579773,0.7142593264579773,0.592059314250946,0.001,70.38138246536255
3235,22,1,411497,128,0.8114477396011353,0.8114477396011353,1.0447566509246826,0.001,71.07638573646545
3236,22,2,411625,128,0.6808875799179077,0.6808875799179077,0.8552703857421875,0.001,71.09416103363037
3237,22,3,411753,128,0.6595205664634705,0.6595205664634705,1.4632693529129028,0.001,71.11181592941284
3238,22,4,411881,128,0.8492816090583801,0.8492816090583801,0.9932629466056824,0.001,71.12945079803467
3239,22,5,412009,128,0.6875628232955933,0.6875628232955933,1.3952234983444214,0.001,71.14670133590698
3240,22,6,412137,128,0.742447018623352,0.742447018623352,1.5489898920059204,0.001,71.16478943824768
3241,22,7,412265,128,1.1031646728515625,1.1031646728515625,1.1438777446746826,0.001,71.18254733085632
3242,22,8,412393,128,0.7699170708656311,0.7699170708656311,1.3499727249145508,0.001,71.20019435882568
3243,22,9,412521,128,0.7102264165878296,0.7102264165878296,1.016615629196167,0.001,71.21777749061584
3244,22,10,412649,128,0.9330813884735107,0.9330813884735107,1.2607580423355103,0.001,71.23586678504944
3245,22,11,412777,128,0.6057117581367493,0.6057117581367493,0.6904935836791992,0.001,71.25345134735107
3246,22,12,412905,128,0.713537871837616,0.713537871837616,1.064704179763794,0.001,71.27093124389648
3247,22,13,413033,128,0.618041455745697,0.618041455745697,1.255020022392273,0.001,71.28908920288086
3248,22,14,413161,128,0.5810204744338989,0.5810204744338989,0.840203583240509,0.001,71.30679440498352
3249,22,15,413289,128,0.4994891583919525,0.4994891583919525,1.0665932893753052,0.001,71.32440972328186
3250,22,16,413417,128,0.6155303716659546,0.6155303716659546,1.0514215230941772,0.001,71.34207892417908
3251,22,17,413545,128,0.48862937092781067,0.48862937092781067,1.3200384378433228,0.001,71.36022877693176
3252,22,18,413673,128,0.5427442789077759,0.5427442789077759,1.4052422046661377,0.001,71.37790155410767
3253,22,19,413801,128,0.5919626355171204,0.5919626355171204,1.335333228111267,0.001,71.39548921585083
3254,22,20,413929,128,0.5968701839447021,0.5968701839447021,0.9737374186515808,0.001,71.41295504570007
3255,22,21,414057,128,0.7071003317832947,0.7071003317832947,0.8591452240943909,0.001,71.43092370033264
3256,22,22,414185,128,0.5880688428878784,0.5880688428878784,1.1546958684921265,0.001,71.44838738441467
3257,22,23,414313,128,0.7807220220565796,0.7807220220565796,1.2551372051239014,0.001,71.46595025062561
3258,22,24,414441,128,0.5947127938270569,0.5947127938270569,1.268295168876648,0.001,71.48348307609558
3259,22,25,414569,128,0.7036996483802795,0.7036996483802795,1.2048794031143188,0.001,71.50198554992676
3260,22,26,414697,128,0.915454089641571,0.915454089641571,1.1387633085250854,0.001,71.519615650177
3261,22,27,414825,128,0.6700485348701477,0.6700485348701477,0.8576053977012634,0.001,71.53724408149719
3262,22,28,414953,128,0.7495792508125305,0.7495792508125305,1.3238775730133057,0.001,71.55490374565125
3263,22,29,415081,128,0.6576443314552307,0.6576443314552307,0.9511977434158325,0.001,71.5726547241211
3264,22,30,415209,128,0.7222126126289368,0.7222126126289368,1.2872768640518188,0.001,71.59016442298889
3265,22,31,415337,128,0.6441830396652222,0.6441830396652222,0.8912394642829895,0.001,71.607741355896
3266,22,32,415465,128,0.5674083828926086,0.5674083828926086,1.3231525421142578,0.001,71.62558221817017
3267,22,33,415593,128,0.790827751159668,0.790827751159668,1.4625025987625122,0.001,71.64305210113525
3268,22,34,415721,128,0.822089433670044,0.822089433670044,1.2952998876571655,0.001,71.66063976287842
3269,22,35,415849,128,0.7220239639282227,0.7220239639282227,1.2097474336624146,0.001,71.67804956436157
3270,22,36,415977,128,0.6654323935508728,0.6654323935508728,0.7886694669723511,0.001,71.6959536075592
3271,22,37,416105,128,0.912136971950531,0.912136971950531,1.1985024213790894,0.001,71.71393465995789
3272,22,38,416233,128,0.7556996941566467,0.7556996941566467,1.050581932067871,0.001,71.7315981388092
3273,22,39,416361,128,0.8005368709564209,0.8005368709564209,1.4413390159606934,0.001,71.74909782409668
3274,22,40,416489,128,0.9860734343528748,0.9860734343528748,1.1812328100204468,0.001,71.76717567443848
3275,22,41,416617,128,0.44279569387435913,0.44279569387435913,0.7673256397247314,0.001,71.7847671508789
3276,22,42,416745,128,0.613939106464386,0.613939106464386,1.4788144826889038,0.001,71.80229687690735
3277,22,43,416873,128,0.9584980607032776,0.9584980607032776,1.2881746292114258,0.001,71.81973099708557
3278,22,44,417001,128,0.9116266965866089,0.9116266965866089,1.2027170658111572,0.001,71.83777475357056
3279,22,45,417129,128,0.8555505275726318,0.8555505275726318,1.2588316202163696,0.001,71.8554151058197
3280,22,46,417257,128,0.6574040055274963,0.6574040055274963,0.9209910035133362,0.001,71.87304592132568
3281,22,47,417385,128,0.46413272619247437,0.46413272619247437,1.1565918922424316,0.001,71.8908326625824
3282,22,48,417513,128,0.7843078970909119,0.7843078970909119,1.092218279838562,0.001,71.90839838981628
3283,22,49,417641,128,0.6333003044128418,0.6333003044128418,1.3894942998886108,0.001,71.92601752281189
3284,22,50,417769,128,0.6391943693161011,0.6391943693161011,0.9801491498947144,0.001,71.94381904602051
3285,22,51,417897,128,0.7306526899337769,0.7306526899337769,1.2853819131851196,0.001,71.96169090270996
3286,22,52,418025,128,0.9837565422058105,0.9837565422058105,0.7837294936180115,0.001,71.97937083244324
3287,22,53,418153,128,0.8196027874946594,0.8196027874946594,0.9089215397834778,0.001,71.9969973564148
3288,22,54,418281,128,0.7770696878433228,0.7770696878433228,0.8878123164176941,0.001,72.01434779167175
3289,22,55,418409,128,0.7438185214996338,0.7438185214996338,1.1134891510009766,0.001,72.0323007106781
3290,22,56,418537,128,0.9201797246932983,0.9201797246932983,1.219093680381775,0.001,72.05014634132385
3291,22,57,418665,128,0.8127057552337646,0.8127057552337646,1.011650562286377,0.001,72.06802320480347
3292,22,58,418793,128,0.7416138052940369,0.7416138052940369,0.9625352025032043,0.001,72.08581304550171
3293,22,59,418921,128,0.9170210957527161,0.9170210957527161,1.0637377500534058,0.001,72.10371661186218
3294,22,60,419049,128,0.721379816532135,0.721379816532135,0.7464916706085205,0.001,72.12129092216492
3295,22,61,419177,128,0.6547824144363403,0.6547824144363403,1.3473674058914185,0.001,72.13898921012878
3296,22,62,419305,128,0.736512303352356,0.736512303352356,0.9476682543754578,0.001,72.15699696540833
3297,22,63,419433,128,0.718902051448822,0.718902051448822,1.0857272148132324,0.001,72.17473530769348
3298,22,64,419561,128,0.6299371719360352,0.6299371719360352,0.8154497742652893,0.001,72.19201469421387
3299,22,65,419689,128,0.9235389232635498,0.9235389232635498,1.4257662296295166,0.001,72.2093768119812
3300,22,66,419817,128,0.6168021559715271,0.6168021559715271,1.0244816541671753,0.001,72.22717046737671
3301,22,67,419945,128,0.9182799458503723,0.9182799458503723,1.3270353078842163,0.001,72.24486660957336
3302,22,68,420073,128,0.6314924359321594,0.6314924359321594,1.4640438556671143,0.001,72.2622447013855
3303,22,69,420201,128,0.5708405375480652,0.5708405375480652,0.8693892359733582,0.001,72.27964210510254
3304,22,70,420329,128,0.528548002243042,0.528548002243042,1.0910128355026245,0.001,72.29757165908813
3305,22,71,420457,128,0.6085318326950073,0.6085318326950073,0.9937699437141418,0.001,72.31502032279968
3306,22,72,420585,128,1.1548892259597778,1.1548892259597778,1.2467306852340698,0.001,72.33237671852112
3307,22,73,420713,128,0.6253477334976196,0.6253477334976196,1.0186513662338257,0.001,72.35020232200623
3308,22,74,420841,128,0.5818847417831421,0.5818847417831421,1.0557230710983276,0.001,72.36809921264648
3309,22,75,420969,128,0.510272204875946,0.510272204875946,1.0579222440719604,0.001,72.38587546348572
3310,22,76,421097,128,0.8665156364440918,0.8665156364440918,1.2951608896255493,0.001,72.40358853340149
3311,22,77,421225,128,0.7785778641700745,0.7785778641700745,1.1062419414520264,0.001,72.42148089408875
3312,22,78,421353,128,0.6039857864379883,0.6039857864379883,0.958519697189331,0.001,72.43937063217163
3313,22,79,421481,128,0.6256979703903198,0.6256979703903198,1.2779680490493774,0.001,72.4571533203125
3314,22,80,421609,128,0.607800304889679,0.607800304889679,0.7469885945320129,0.001,72.47465896606445
3315,22,81,421737,128,0.6256625652313232,0.6256625652313232,1.4911748170852661,0.001,72.49244165420532
3316,22,82,421865,128,1.0613526105880737,1.0613526105880737,1.4378979206085205,0.001,72.50978589057922
3317,22,83,421993,128,0.5430839657783508,0.5430839657783508,0.9940958023071289,0.001,72.52744936943054
3318,22,84,422121,128,0.6082843542098999,0.6082843542098999,0.95993572473526,0.001,72.54507255554199
3319,22,85,422249,128,0.878301739692688,0.878301739692688,1.029996395111084,0.001,72.56333780288696
3320,22,86,422377,128,0.5426583886146545,0.5426583886146545,1.0720354318618774,0.001,72.58135533332825
3321,22,87,422505,128,0.5880909562110901,0.5880909562110901,1.1612508296966553,0.001,72.59899926185608
3322,22,88,422633,128,0.5512271523475647,0.5512271523475647,0.943869948387146,0.001,72.61666107177734
3323,22,89,422761,128,0.7029893398284912,0.7029893398284912,0.8511130809783936,0.001,72.63481116294861
3324,22,90,422889,128,0.7726081609725952,0.7726081609725952,1.4143840074539185,0.001,72.65248346328735
3325,22,91,423017,128,0.7317068576812744,0.7317068576812744,0.8098379969596863,0.001,72.67012405395508
3326,22,92,423145,128,0.5863234400749207,0.5863234400749207,1.010042667388916,0.001,72.6877224445343
3327,22,93,423273,128,0.42923539876937866,0.42923539876937866,0.9180310368537903,0.001,72.70584440231323
3328,22,94,423401,128,0.7031996846199036,0.7031996846199036,0.9658284783363342,0.001,72.72356510162354
3329,22,95,423529,128,0.548954427242279,0.548954427242279,0.9470282196998596,0.001,72.74139857292175
3330,22,96,423657,128,0.8292906284332275,0.8292906284332275,0.7899741530418396,0.001,72.75924944877625
3331,22,97,423785,128,0.6240121126174927,0.6240121126174927,1.1400489807128906,0.001,72.7771646976471
3332,22,98,423913,128,0.7178571820259094,0.7178571820259094,0.9359241724014282,0.001,72.79488492012024
3333,22,99,424041,128,1.0038319826126099,1.0038319826126099,1.212721347808838,0.001,72.8126311302185
3334,22,100,424169,128,0.8481503129005432,0.8481503129005432,0.6950811743736267,0.001,72.83075308799744
3335,22,101,424297,128,0.9728209972381592,0.9728209972381592,1.0032092332839966,0.001,72.84826374053955
3336,22,102,424425,128,0.60624098777771,0.60624098777771,0.9507021307945251,0.001,72.86588144302368
3337,22,103,424553,128,0.728827178478241,0.728827178478241,1.5474587678909302,0.001,72.88374471664429
3338,22,104,424681,128,1.017419695854187,1.017419695854187,1.4304652214050293,0.001,72.90182375907898
3339,22,105,424809,128,0.6460389494895935,0.6460389494895935,1.0796911716461182,0.001,72.91971755027771
3340,22,106,424937,128,0.7496260404586792,0.7496260404586792,0.9877225160598755,0.001,72.9373848438263
3341,22,107,425065,128,0.6347469687461853,0.6347469687461853,1.0267330408096313,0.001,72.95503211021423
3342,22,108,425193,128,0.7923763990402222,0.7923763990402222,1.302777886390686,0.001,72.97306108474731
3343,22,109,425321,128,0.8456205725669861,0.8456205725669861,1.0527832508087158,0.001,72.99071002006531
3344,22,110,425449,128,0.6166319251060486,0.6166319251060486,1.0480926036834717,0.001,73.00844073295593
3345,22,111,425577,128,0.5451078414916992,0.5451078414916992,0.9365622997283936,0.001,73.02657318115234
3346,22,112,425705,128,0.7464801073074341,0.7464801073074341,1.3798402547836304,0.001,73.04433465003967
3347,22,113,425833,128,0.40111297369003296,0.40111297369003296,0.8332984447479248,0.001,73.06230521202087
3348,22,114,425961,128,0.7195727229118347,0.7195727229118347,0.966731607913971,0.001,73.08004689216614
3349,22,115,426089,128,0.49769195914268494,0.49769195914268494,1.013899564743042,0.001,73.09838366508484
3350,22,116,426217,128,0.8708231449127197,0.8708231449127197,0.9532157778739929,0.001,73.11619257926941
3351,22,117,426345,128,0.6938002109527588,0.6938002109527588,0.818708598613739,0.001,73.13393688201904
3352,22,118,426473,128,0.5967697501182556,0.5967697501182556,1.217180609703064,0.001,73.15184020996094
3353,22,119,426601,128,0.6013274192810059,0.6013274192810059,1.0844236612319946,0.001,73.16996145248413
3354,22,120,426729,128,0.6119595170021057,0.6119595170021057,1.0971676111221313,0.001,73.1878616809845
3355,22,121,426857,128,0.5819566249847412,0.5819566249847412,0.9193371534347534,0.001,73.20559334754944
3356,22,122,426985,128,0.7552351355552673,0.7552351355552673,0.8297597765922546,0.001,73.22349691390991
3357,22,123,427113,128,0.9248602986335754,0.9248602986335754,0.9272734522819519,0.001,73.2412383556366
3358,22,124,427241,128,0.7282087802886963,0.7282087802886963,0.9150624871253967,0.001,73.25875473022461
3359,22,125,427369,128,0.5107264518737793,0.5107264518737793,1.2337979078292847,0.001,73.276442527771
3360,22,126,427497,128,0.8161404132843018,0.8161404132843018,1.0262179374694824,0.001,73.29454922676086
3361,22,127,427625,128,0.6641189455986023,0.6641189455986023,1.1763416528701782,0.001,73.31240701675415
3362,22,128,427753,128,0.7148281931877136,0.7148281931877136,0.7080764770507812,0.001,73.3302206993103
3363,22,129,427881,128,0.6696895360946655,0.6696895360946655,0.8053407073020935,0.001,73.34807348251343
3364,22,130,428009,128,0.5510725378990173,0.5510725378990173,1.1685004234313965,0.001,73.36631226539612
3365,22,131,428137,128,0.8345816731452942,0.8345816731452942,1.2843858003616333,0.001,73.38420510292053
3366,22,132,428265,128,0.6089462041854858,0.6089462041854858,0.8710665106773376,0.001,73.40186333656311
3367,22,133,428393,128,0.5535562038421631,0.5535562038421631,0.939426064491272,0.001,73.41954374313354
3368,22,134,428521,128,0.6305989027023315,0.6305989027023315,1.104070782661438,0.001,73.43760323524475
3369,22,135,428649,128,0.7590551376342773,0.7590551376342773,1.027306318283081,0.001,73.45534539222717
3370,22,136,428777,128,0.773585855960846,0.773585855960846,1.3250781297683716,0.001,73.47317504882812
3371,22,137,428905,128,0.6390177011489868,0.6390177011489868,1.0276362895965576,0.001,73.4909508228302
3372,22,138,429033,128,0.7094436287879944,0.7094436287879944,1.1918171644210815,0.001,73.50885605812073
3373,22,139,429161,128,0.6900447010993958,0.6900447010993958,1.0840685367584229,0.001,73.52663254737854
3374,22,140,429289,128,0.43117013573646545,0.43117013573646545,1.1255395412445068,0.001,73.544109582901
3375,22,141,429417,128,0.8075605630874634,0.8075605630874634,1.272757649421692,0.001,73.5618212223053
3376,22,142,429545,128,0.5600461363792419,0.5600461363792419,0.9397440552711487,0.001,73.5794734954834
3377,22,143,429673,128,0.5319617390632629,0.5319617390632629,0.8556323647499084,0.001,73.59720921516418
3378,22,144,429801,128,0.7913914322853088,0.7913914322853088,0.8613595962524414,0.001,73.61458969116211
3379,22,145,429929,128,0.7922533750534058,0.7922533750534058,1.0037561655044556,0.001,73.63244342803955
3380,22,146,430057,128,0.6980265378952026,0.6980265378952026,0.850334644317627,0.001,73.64981293678284
3381,22,147,430185,128,0.7833927869796753,0.7833927869796753,1.562864899635315,0.001,73.66733002662659
3382,22,148,430313,128,0.7747617959976196,0.7747617959976196,0.7382187843322754,0.001,73.68494129180908
3383,22,149,430441,128,0.6870648264884949,0.6870648264884949,1.027347207069397,0.001,73.70263290405273
3384,22,150,430569,128,0.7294178605079651,0.7294178605079651,1.2200545072555542,0.001,73.71997213363647
3385,22,151,430697,128,0.8265247344970703,0.8265247344970703,0.9758991599082947,0.001,73.73755526542664
3386,22,152,430825,128,0.4837028384208679,0.4837028384208679,0.8463124632835388,0.001,73.7549180984497
3387,22,153,430953,128,0.973870038986206,0.973870038986206,1.1609385013580322,0.001,73.77308249473572
3388,22,154,430958,5,0.35158589482307434,0.35158589482307434,0.5061240196228027,0.001,73.77587556838989
3389,23,1,431086,128,0.8644154071807861,0.8644154071807861,1.197500467300415,0.001,74.46186137199402
3390,23,2,431214,128,0.4309195578098297,0.4309195578098297,1.1099861860275269,0.001,74.47930240631104
3391,23,3,431342,128,0.5392554998397827,0.5392554998397827,1.1431775093078613,0.001,74.49702548980713
3392,23,4,431470,128,0.5314479470252991,0.5314479470252991,1.0441930294036865,0.001,74.51455974578857
3393,23,5,431598,128,0.8701659440994263,0.8701659440994263,1.0526623725891113,0.001,74.5318992137909
3394,23,6,431726,128,0.5948775410652161,0.5948775410652161,0.9618662595748901,0.001,74.54939818382263
3395,23,7,431854,128,0.8761562705039978,0.8761562705039978,0.9214959144592285,0.001,74.56745076179504
3396,23,8,431982,128,0.6151946783065796,0.6151946783065796,1.2991037368774414,0.001,74.58500289916992
3397,23,9,432110,128,0.7936862111091614,0.7936862111091614,0.7966574430465698,0.001,74.6027204990387
3398,23,10,432238,128,0.5782924294471741,0.5782924294471741,1.0898600816726685,0.001,74.62051486968994
3399,23,11,432366,128,0.6999123692512512,0.6999123692512512,1.2158982753753662,0.001,74.6384027004242
3400,23,12,432494,128,1.1593214273452759,1.1593214273452759,1.307063102722168,0.001,74.655916929245
3401,23,13,432622,128,0.5445813536643982,0.5445813536643982,0.9619893431663513,0.001,74.67368078231812
3402,23,14,432750,128,0.5779663920402527,0.5779663920402527,1.1436690092086792,0.001,74.69142198562622
3403,23,15,432878,128,0.5398393273353577,0.5398393273353577,0.976852536201477,0.001,74.70954418182373
3404,23,16,433006,128,0.7119258046150208,0.7119258046150208,1.2780838012695312,0.001,74.72712182998657
3405,23,17,433134,128,0.6678764224052429,0.6678764224052429,0.9044008851051331,0.001,74.74480772018433
3406,23,18,433262,128,0.7745896577835083,0.7745896577835083,1.189947485923767,0.001,74.76261782646179
3407,23,19,433390,128,0.612937331199646,0.612937331199646,1.2446883916854858,0.001,74.78046607971191
3408,23,20,433518,128,0.5597665309906006,0.5597665309906006,1.219260334968567,0.001,74.79805183410645
3409,23,21,433646,128,0.8883309960365295,0.8883309960365295,1.132822036743164,0.001,74.8157696723938
3410,23,22,433774,128,0.863132894039154,0.863132894039154,1.3209636211395264,0.001,74.83393836021423
3411,23,23,433902,128,1.1733983755111694,1.1733983755111694,0.7774809002876282,0.001,74.8516013622284
3412,23,24,434030,128,0.6981504559516907,0.6981504559516907,1.027941346168518,0.001,74.86925935745239
3413,23,25,434158,128,0.6545800566673279,0.6545800566673279,1.2485977411270142,0.001,74.88690066337585
3414,23,26,434286,128,0.6702006459236145,0.6702006459236145,0.9674476385116577,0.001,74.90490818023682
3415,23,27,434414,128,0.7000913023948669,0.7000913023948669,1.213643193244934,0.001,74.9227864742279
3416,23,28,434542,128,0.8436501026153564,0.8436501026153564,1.2956523895263672,0.001,74.94038224220276
3417,23,29,434670,128,0.7814570665359497,0.7814570665359497,0.9520367383956909,0.001,74.95792198181152
3418,23,30,434798,128,0.5750798583030701,0.5750798583030701,1.5399061441421509,0.001,74.97591853141785
3419,23,31,434926,128,0.7299465537071228,0.7299465537071228,1.34114408493042,0.001,74.99377298355103
3420,23,32,435054,128,0.7576119899749756,0.7576119899749756,1.4446194171905518,0.001,75.01113724708557
3421,23,33,435182,128,0.7818247079849243,0.7818247079849243,1.0115877389907837,0.001,75.02915143966675
3422,23,34,435310,128,0.5975193381309509,0.5975193381309509,1.132168173789978,0.001,75.04670524597168
3423,23,35,435438,128,0.7905822396278381,0.7905822396278381,1.0645074844360352,0.001,75.0643036365509
3424,23,36,435566,128,0.5079334378242493,0.5079334378242493,1.1817729473114014,0.001,75.0818943977356
3425,23,37,435694,128,0.8066625595092773,0.8066625595092773,0.8451870679855347,0.001,75.10014533996582
3426,23,38,435822,128,0.6702204942703247,0.6702204942703247,0.7099401354789734,0.001,75.11789608001709
3427,23,39,435950,128,0.8704612255096436,0.8704612255096436,1.1471874713897705,0.001,75.13560628890991
3428,23,40,436078,128,0.6562361121177673,0.6562361121177673,0.9996935129165649,0.001,75.15324902534485
3429,23,41,436206,128,0.8329331278800964,0.8329331278800964,0.648718535900116,0.001,75.17117214202881
3430,23,42,436334,128,0.5342105627059937,0.5342105627059937,1.151298999786377,0.001,75.18892550468445
3431,23,43,436462,128,0.6763401627540588,0.6763401627540588,0.7984859347343445,0.001,75.20654129981995
3432,23,44,436590,128,0.9368893504142761,0.9368893504142761,1.4542186260223389,0.001,75.22426843643188
3433,23,45,436718,128,0.7160160541534424,0.7160160541534424,1.1409980058670044,0.001,75.24221277236938
3434,23,46,436846,128,0.5258092284202576,0.5258092284202576,1.7842705249786377,0.001,75.2598922252655
3435,23,47,436974,128,0.8646577000617981,0.8646577000617981,0.9430432319641113,0.001,75.27756690979004
3436,23,48,437102,128,0.7277036905288696,0.7277036905288696,0.9825794696807861,0.001,75.29579043388367
3437,23,49,437230,128,0.6535291075706482,0.6535291075706482,0.983102023601532,0.001,75.3138678073883
3438,23,50,437358,128,0.6776760220527649,0.6776760220527649,1.0126298666000366,0.001,75.33154487609863
3439,23,51,437486,128,0.6481321454048157,0.6481321454048157,0.9764261245727539,0.001,75.34922623634338
3440,23,52,437614,128,1.0873991250991821,1.0873991250991821,0.9391912221908569,0.001,75.36721014976501
3441,23,53,437742,128,0.7402523756027222,0.7402523756027222,1.035488247871399,0.001,75.38516473770142
3442,23,54,437870,128,0.8506280183792114,0.8506280183792114,1.0455151796340942,0.001,75.40273833274841
3443,23,55,437998,128,0.7586019039154053,0.7586019039154053,1.086995244026184,0.001,75.42040777206421
3444,23,56,438126,128,0.7291167974472046,0.7291167974472046,1.0751826763153076,0.001,75.43840265274048
3445,23,57,438254,128,0.5925074219703674,0.5925074219703674,0.7991280555725098,0.001,75.45622038841248
3446,23,58,438382,128,0.6469829678535461,0.6469829678535461,0.7575898170471191,0.001,75.47397232055664
3447,23,59,438510,128,0.6713592410087585,0.6713592410087585,1.3134493827819824,0.001,75.49169993400574
3448,23,60,438638,128,0.6423952579498291,0.6423952579498291,0.9115159511566162,0.001,75.50949168205261
3449,23,61,438766,128,0.5542124509811401,0.5542124509811401,0.9374954700469971,0.001,75.52732491493225
3450,23,62,438894,128,0.8561758399009705,0.8561758399009705,1.1860346794128418,0.001,75.54496145248413
3451,23,63,439022,128,0.785323441028595,0.785323441028595,0.8747748136520386,0.001,75.56278729438782
3452,23,64,439150,128,0.7631646394729614,0.7631646394729614,1.133782982826233,0.001,75.58033204078674
3453,23,65,439278,128,0.6044386029243469,0.6044386029243469,1.2938079833984375,0.001,75.59813165664673
3454,23,66,439406,128,0.854936957359314,0.854936957359314,0.8128335475921631,0.001,75.61583638191223
3455,23,67,439534,128,0.5091327428817749,0.5091327428817749,1.301041603088379,0.001,75.63421511650085
3456,23,68,439662,128,0.5803359746932983,0.5803359746932983,1.0368372201919556,0.001,75.65202784538269
3457,23,69,439790,128,0.6893056631088257,0.6893056631088257,1.0529614686965942,0.001,75.6699047088623
3458,23,70,439918,128,0.7710719108581543,0.7710719108581543,1.2255809307098389,0.001,75.68758010864258
3459,23,71,440046,128,0.748652458190918,0.748652458190918,1.068207025527954,0.001,75.70571875572205
3460,23,72,440174,128,0.7181986570358276,0.7181986570358276,0.9695866107940674,0.001,75.72343158721924
3461,23,73,440302,128,0.5884641408920288,0.5884641408920288,0.78361576795578,0.001,75.74118161201477
3462,23,74,440430,128,0.7712469100952148,0.7712469100952148,0.9875525236129761,0.001,75.75882339477539
3463,23,75,440558,128,0.6769332885742188,0.6769332885742188,0.7562475800514221,0.001,75.77689385414124
3464,23,76,440686,128,0.7282775640487671,0.7282775640487671,1.3711470365524292,0.001,75.7947165966034
3465,23,77,440814,128,0.6859883069992065,0.6859883069992065,0.9744688272476196,0.001,75.812344789505
3466,23,78,440942,128,0.8367698192596436,0.8367698192596436,1.8027844429016113,0.001,75.8302845954895
3467,23,79,441070,128,0.6083089113235474,0.6083089113235474,0.8849833607673645,0.001,75.84821939468384
3468,23,80,441198,128,0.5883808732032776,0.5883808732032776,1.0945203304290771,0.001,75.86589050292969
3469,23,81,441326,128,0.8653652667999268,0.8653652667999268,0.9678339958190918,0.001,75.88347387313843
3470,23,82,441454,128,0.7570507526397705,0.7570507526397705,1.3284571170806885,0.001,75.90171265602112
3471,23,83,441582,128,0.7574566602706909,0.7574566602706909,1.3650270700454712,0.001,75.91956639289856
3472,23,84,441710,128,0.6260033845901489,0.6260033845901489,0.9119706153869629,0.001,75.93728756904602
3473,23,85,441838,128,0.6947314143180847,0.6947314143180847,1.0548726320266724,0.001,75.95466804504395
3474,23,86,441966,128,0.5926119685173035,0.5926119685173035,1.2739187479019165,0.001,75.97259950637817
3475,23,87,442094,128,0.7669059634208679,0.7669059634208679,1.1648023128509521,0.001,75.99014663696289
3476,23,88,442222,128,0.5622522830963135,0.5622522830963135,0.9551056027412415,0.001,76.00779390335083
3477,23,89,442350,128,0.6390067338943481,0.6390067338943481,0.9948946237564087,0.001,76.02520942687988
3478,23,90,442478,128,0.6499549746513367,0.6499549746513367,0.8448895215988159,0.001,76.04291987419128
3479,23,91,442606,128,0.5681724548339844,0.5681724548339844,1.4092012643814087,0.001,76.06043219566345
3480,23,92,442734,128,0.5728926658630371,0.5728926658630371,1.0020426511764526,0.001,76.07786536216736
3481,23,93,442862,128,0.7558788657188416,0.7558788657188416,1.173499584197998,0.001,76.09597182273865
3482,23,94,442990,128,0.4393067955970764,0.4393067955970764,1.086493968963623,0.001,76.11401152610779
3483,23,95,443118,128,0.6646995544433594,0.6646995544433594,0.8904765248298645,0.001,76.13179612159729
3484,23,96,443246,128,0.7502152919769287,0.7502152919769287,1.4867509603500366,0.001,76.14963936805725
3485,23,97,443374,128,0.5267504453659058,0.5267504453659058,0.9452039003372192,0.001,76.16829371452332
3486,23,98,443502,128,0.7694665193557739,0.7694665193557739,1.0186501741409302,0.001,76.18626761436462
3487,23,99,443630,128,0.868078351020813,0.868078351020813,1.2973922491073608,0.001,76.20396447181702
3488,23,100,443758,128,0.4548266530036926,0.4548266530036926,0.675739586353302,0.001,76.22167611122131
3489,23,101,443886,128,0.5963526368141174,0.5963526368141174,1.1881344318389893,0.001,76.23987412452698
3490,23,102,444014,128,0.504758358001709,0.504758358001709,1.1629012823104858,0.001,76.2576687335968
3491,23,103,444142,128,0.787391722202301,0.787391722202301,1.1847822666168213,0.001,76.27524828910828
3492,23,104,444270,128,0.6702154278755188,0.6702154278755188,1.011260747909546,0.001,76.29304313659668
3493,23,105,444398,128,0.5815162658691406,0.5815162658691406,1.0268498659133911,0.001,76.31134057044983
3494,23,106,444526,128,0.598074734210968,0.598074734210968,1.3370232582092285,0.001,76.32913446426392
3495,23,107,444654,128,0.6347583532333374,0.6347583532333374,1.1493996381759644,0.001,76.34650540351868
3496,23,108,444782,128,0.8010320663452148,0.8010320663452148,0.9936086535453796,0.001,76.36437392234802
3497,23,109,444910,128,0.6187949776649475,0.6187949776649475,0.7209841012954712,0.001,76.38210201263428
3498,23,110,445038,128,0.5795542001724243,0.5795542001724243,0.8972041010856628,0.001,76.39974737167358
3499,23,111,445166,128,0.9167966842651367,0.9167966842651367,1.3975791931152344,0.001,76.41724729537964
3500,23,112,445294,128,0.7737994194030762,0.7737994194030762,1.2428977489471436,0.001,76.43493366241455
3501,23,113,445422,128,0.6189236044883728,0.6189236044883728,1.1004040241241455,0.001,76.45264482498169
3502,23,114,445550,128,0.9635047912597656,0.9635047912597656,0.9660117030143738,0.001,76.47016334533691
3503,23,115,445678,128,0.6940248012542725,0.6940248012542725,1.02778959274292,0.001,76.48783659934998
3504,23,116,445806,128,0.6183692216873169,0.6183692216873169,0.788579523563385,0.001,76.50549602508545
3505,23,117,445934,128,0.4146237373352051,0.4146237373352051,1.1872687339782715,0.001,76.52295017242432
3506,23,118,446062,128,0.739750325679779,0.739750325679779,0.8483301997184753,0.001,76.54049611091614
3507,23,119,446190,128,0.5224846601486206,0.5224846601486206,0.8125891089439392,0.001,76.55800294876099
3508,23,120,446318,128,0.553331732749939,0.553331732749939,1.1622987985610962,0.001,76.57619428634644
3509,23,121,446446,128,0.4725230932235718,0.4725230932235718,0.7967730164527893,0.001,76.59389209747314
3510,23,122,446574,128,0.6836062669754028,0.6836062669754028,1.6152948141098022,0.001,76.6112494468689
3511,23,123,446702,128,0.6563363671302795,0.6563363671302795,0.9296690225601196,0.001,76.62863564491272
3512,23,124,446830,128,0.5779919028282166,0.5779919028282166,0.9564988613128662,0.001,76.64673376083374
3513,23,125,446958,128,0.7268767952919006,0.7268767952919006,1.5618585348129272,0.001,76.66432285308838
3514,23,126,447086,128,0.619213879108429,0.619213879108429,1.5711239576339722,0.001,76.68159794807434
3515,23,127,447214,128,0.7919691801071167,0.7919691801071167,0.8769919276237488,0.001,76.69948410987854
3516,23,128,447342,128,0.534207284450531,0.534207284450531,0.9997110366821289,0.001,76.71706938743591
3517,23,129,447470,128,0.9532819986343384,0.9532819986343384,1.469612717628479,0.001,76.73464703559875
3518,23,130,447598,128,0.5568913221359253,0.5568913221359253,0.8533498048782349,0.001,76.7521231174469
3519,23,131,447726,128,0.6055144667625427,0.6055144667625427,0.8742679953575134,0.001,76.76981568336487
3520,23,132,447854,128,0.83570396900177,0.83570396900177,0.817805826663971,0.001,76.78731203079224
3521,23,133,447982,128,0.5502935647964478,0.5502935647964478,1.4007000923156738,0.001,76.8049144744873
3522,23,134,448110,128,0.7879239320755005,0.7879239320755005,1.1176939010620117,0.001,76.82250666618347
3523,23,135,448238,128,0.7052653431892395,0.7052653431892395,0.8620678782463074,0.001,76.84066247940063
3524,23,136,448366,128,0.9094623923301697,0.9094623923301697,1.1641185283660889,0.001,76.85818719863892
3525,23,137,448494,128,0.7009885907173157,0.7009885907173157,1.2547781467437744,0.001,76.87554502487183
3526,23,138,448622,128,0.6355743408203125,0.6355743408203125,1.1001776456832886,0.001,76.89287567138672
3527,23,139,448750,128,0.6859329342842102,0.6859329342842102,1.3153129816055298,0.001,76.91096687316895
3528,23,140,448878,128,0.4752061665058136,0.4752061665058136,0.9908660054206848,0.001,76.92871904373169
3529,23,141,449006,128,0.7021858096122742,0.7021858096122742,0.9892698526382446,0.001,76.94635725021362
3530,23,142,449134,128,0.7056394815444946,0.7056394815444946,0.8596580028533936,0.001,76.9638602733612
3531,23,143,449262,128,0.8794534206390381,0.8794534206390381,1.0243037939071655,0.001,76.98114705085754
3532,23,144,449390,128,0.8398262858390808,0.8398262858390808,1.1011700630187988,0.001,76.99842143058777
3533,23,145,449518,128,0.6851881742477417,0.6851881742477417,0.8839071989059448,0.001,77.01574611663818
3534,23,146,449646,128,0.7513152360916138,0.7513152360916138,0.9384748339653015,0.001,77.03357601165771
3535,23,147,449774,128,0.40435126423835754,0.40435126423835754,1.2530176639556885,0.001,77.05188298225403
3536,23,148,449902,128,0.5799144506454468,0.5799144506454468,1.1636067628860474,0.001,77.07122898101807
3537,23,149,450030,128,1.020844578742981,1.020844578742981,1.4810839891433716,0.001,77.08886480331421
3538,23,150,450158,128,0.7372524738311768,0.7372524738311768,0.6797657608985901,0.001,77.10690450668335
3539,23,151,450286,128,0.6055024266242981,0.6055024266242981,1.2211531400680542,0.001,77.12468481063843
3540,23,152,450414,128,0.6826488971710205,0.6826488971710205,1.1376445293426514,0.001,77.14224314689636
3541,23,153,450542,128,0.6003063321113586,0.6003063321113586,1.302807092666626,0.001,77.15996599197388
3542,23,154,450547,5,1.777087688446045,1.777087688446045,0.2386847883462906,0.001,77.16284584999084
3543,24,1,450675,128,0.5186299681663513,0.5186299681663513,0.9860345721244812,0.001,77.85276699066162
3544,24,2,450803,128,0.6743679046630859,0.6743679046630859,1.4987359046936035,0.001,77.87060379981995
3545,24,3,450931,128,0.6281288266181946,0.6281288266181946,1.1167445182800293,0.001,77.88840103149414
3546,24,4,451059,128,0.7127601504325867,0.7127601504325867,0.9629248380661011,0.001,77.90654706954956
3547,24,5,451187,128,0.6074823141098022,0.6074823141098022,0.8789259195327759,0.001,77.92458033561707
3548,24,6,451315,128,0.6261833310127258,0.6261833310127258,1.0586429834365845,0.001,77.9421637058258
3549,24,7,451443,128,0.661719024181366,0.661719024181366,1.2550245523452759,0.001,77.95984148979187
3550,24,8,451571,128,0.677241861820221,0.677241861820221,1.6218947172164917,0.001,77.97783017158508
3551,24,9,451699,128,0.6141411662101746,0.6141411662101746,0.8714079260826111,0.001,77.99560451507568
3552,24,10,451827,128,0.5357372164726257,0.5357372164726257,1.1183888912200928,0.001,78.01345229148865
3553,24,11,451955,128,0.6335200667381287,0.6335200667381287,1.4061177968978882,0.001,78.0309271812439
3554,24,12,452083,128,0.8358555436134338,0.8358555436134338,1.2580281496047974,0.001,78.04884219169617
3555,24,13,452211,128,0.957832932472229,0.957832932472229,1.7252205610275269,0.001,78.06701898574829
3556,24,14,452339,128,0.7109802961349487,0.7109802961349487,1.0900031328201294,0.001,78.08460521697998
3557,24,15,452467,128,0.8220272660255432,0.8220272660255432,1.1610764265060425,0.001,78.10266447067261
3558,24,16,452595,128,0.7126189470291138,0.7126189470291138,1.1817376613616943,0.001,78.12065887451172
3559,24,17,452723,128,0.45615026354789734,0.45615026354789734,1.2804913520812988,0.001,78.13845014572144
3560,24,18,452851,128,0.8114895224571228,0.8114895224571228,0.9633980393409729,0.001,78.15583181381226
3561,24,19,452979,128,0.5774821639060974,0.5774821639060974,1.1222220659255981,0.001,78.17398571968079
3562,24,20,453107,128,0.689750075340271,0.689750075340271,0.9128373265266418,0.001,78.19142270088196
3563,24,21,453235,128,0.9075210094451904,0.9075210094451904,1.2295528650283813,0.001,78.2091543674469
3564,24,22,453363,128,0.77658611536026,0.77658611536026,1.1942362785339355,0.001,78.22693228721619
3565,24,23,453491,128,0.7092074155807495,0.7092074155807495,1.3091036081314087,0.001,78.24509978294373
3566,24,24,453619,128,0.5618861317634583,0.5618861317634583,0.7529011368751526,0.001,78.2627820968628
3567,24,25,453747,128,0.671630322933197,0.671630322933197,1.1103397607803345,0.001,78.28039646148682
3568,24,26,453875,128,0.7595222592353821,0.7595222592353821,1.0910985469818115,0.001,78.29790759086609
3569,24,27,454003,128,0.7297428846359253,0.7297428846359253,0.9000738859176636,0.001,78.31588339805603
3570,24,28,454131,128,0.7973473072052002,0.7973473072052002,0.7974071502685547,0.001,78.33390164375305
3571,24,29,454259,128,0.6650305986404419,0.6650305986404419,1.3498848676681519,0.001,78.352046251297
3572,24,30,454387,128,0.6206080317497253,0.6206080317497253,1.0452128648757935,0.001,78.37014389038086
3573,24,31,454515,128,0.9097002744674683,0.9097002744674683,1.3554774522781372,0.001,78.38805913925171
3574,24,32,454643,128,0.7067577242851257,0.7067577242851257,1.042008876800537,0.001,78.40577745437622
3575,24,33,454771,128,0.647599458694458,0.647599458694458,1.3017653226852417,0.001,78.42346096038818
3576,24,34,454899,128,0.565414547920227,0.565414547920227,1.344751238822937,0.001,78.4414370059967
3577,24,35,455027,128,0.4947619140148163,0.4947619140148163,1.0790342092514038,0.001,78.4590196609497
3578,24,36,455155,128,0.5143691301345825,0.5143691301345825,0.8171254992485046,0.001,78.47678685188293
3579,24,37,455283,128,0.7559071183204651,0.7559071183204651,0.95371413230896,0.001,78.49462914466858
3580,24,38,455411,128,0.6932157278060913,0.6932157278060913,0.9951171278953552,0.001,78.51237988471985
3581,24,39,455539,128,0.8202904462814331,0.8202904462814331,1.0228005647659302,0.001,78.52987861633301
3582,24,40,455667,128,0.9195472598075867,0.9195472598075867,0.9794315695762634,0.001,78.54745674133301
3583,24,41,455795,128,0.9124028086662292,0.9124028086662292,1.104102611541748,0.001,78.56514930725098
3584,24,42,455923,128,0.8621731400489807,0.8621731400489807,0.8386745452880859,0.001,78.58268189430237
3585,24,43,456051,128,0.8199039101600647,0.8199039101600647,0.9363395571708679,0.001,78.60048031806946
3586,24,44,456179,128,0.6536232829093933,0.6536232829093933,1.2046750783920288,0.001,78.61830544471741
3587,24,45,456307,128,0.44852936267852783,0.44852936267852783,1.0452220439910889,0.001,78.63601398468018
3588,24,46,456435,128,1.1103733777999878,1.1103733777999878,0.9658207297325134,0.001,78.65368342399597
3589,24,47,456563,128,0.6552561521530151,0.6552561521530151,0.8240883946418762,0.001,78.67145919799805
3590,24,48,456691,128,0.84673672914505,0.84673672914505,1.0938278436660767,0.001,78.68909811973572
3591,24,49,456819,128,0.7722525596618652,0.7722525596618652,0.830568253993988,0.001,78.70714092254639
3592,24,50,456947,128,0.5929517149925232,0.5929517149925232,0.8659615516662598,0.001,78.72499012947083
3593,24,51,457075,128,0.5777769088745117,0.5777769088745117,0.965022087097168,0.001,78.74276566505432
3594,24,52,457203,128,0.554976761341095,0.554976761341095,1.098487377166748,0.001,78.76039671897888
3595,24,53,457331,128,0.5948819518089294,0.5948819518089294,1.2417763471603394,0.001,78.7783727645874
3596,24,54,457459,128,0.4839481711387634,0.4839481711387634,1.0121617317199707,0.001,78.7959418296814
3597,24,55,457587,128,0.5169824957847595,0.5169824957847595,1.0321098566055298,0.001,78.81395721435547
3598,24,56,457715,128,0.6875020265579224,0.6875020265579224,1.0744651556015015,0.001,78.83180260658264
3599,24,57,457843,128,0.7344765067100525,0.7344765067100525,0.8909144401550293,0.001,78.84967970848083
3600,24,58,457971,128,0.5513269901275635,0.5513269901275635,1.0664784908294678,0.001,78.86707139015198
3601,24,59,458099,128,0.8077223896980286,0.8077223896980286,0.8536972403526306,0.001,78.88473343849182
3602,24,60,458227,128,0.5628371238708496,0.5628371238708496,1.2827473878860474,0.001,78.90248942375183
3603,24,61,458355,128,0.6946280002593994,0.6946280002593994,1.2068061828613281,0.001,78.92015767097473
3604,24,62,458483,128,0.9471752643585205,0.9471752643585205,1.0597007274627686,0.001,78.93807339668274
3605,24,63,458611,128,0.6443402171134949,0.6443402171134949,0.902165949344635,0.001,78.95574498176575
3606,24,64,458739,128,0.575989305973053,0.575989305973053,1.0940598249435425,0.001,78.97392559051514
3607,24,65,458867,128,0.5832377672195435,0.5832377672195435,1.383318305015564,0.001,78.99183320999146
3608,24,66,458995,128,0.5422527194023132,0.5422527194023132,0.796866774559021,0.001,79.0095944404602
3609,24,67,459123,128,0.6096948981285095,0.6096948981285095,0.995106041431427,0.001,79.02729177474976
3610,24,68,459251,128,0.7947723269462585,0.7947723269462585,1.4386818408966064,0.001,79.04544115066528
3611,24,69,459379,128,0.754453718662262,0.754453718662262,1.1262961626052856,0.001,79.06340503692627
3612,24,70,459507,128,0.8022505044937134,0.8022505044937134,1.5411741733551025,0.001,79.08108711242676
3613,24,71,459635,128,0.5797797441482544,0.5797797441482544,1.3597270250320435,0.001,79.09870195388794
3614,24,72,459763,128,0.5067452788352966,0.5067452788352966,1.0895781517028809,0.001,79.11668348312378
3615,24,73,459891,128,0.7009347081184387,0.7009347081184387,1.4955804347991943,0.001,79.13458943367004
3616,24,74,460019,128,0.8404498100280762,0.8404498100280762,1.0670509338378906,0.001,79.1523084640503
3617,24,75,460147,128,0.7210854887962341,0.7210854887962341,0.7511212825775146,0.001,79.1699206829071
3618,24,76,460275,128,0.6787794232368469,0.6787794232368469,0.9957424998283386,0.001,79.1877384185791
3619,24,77,460403,128,0.8361988663673401,0.8361988663673401,1.3377209901809692,0.001,79.2055516242981
3620,24,78,460531,128,0.6255224943161011,0.6255224943161011,1.04390287399292,0.001,79.22318482398987
3621,24,79,460659,128,0.6180950999259949,0.6180950999259949,1.0350085496902466,0.001,79.2416787147522
3622,24,80,460787,128,0.582348108291626,0.582348108291626,0.9424247741699219,0.001,79.25960159301758
3623,24,81,460915,128,0.7643517851829529,0.7643517851829529,1.0426952838897705,0.001,79.27740097045898
3624,24,82,461043,128,0.8122659921646118,0.8122659921646118,0.9202592968940735,0.001,79.29501843452454
3625,24,83,461171,128,0.7536270022392273,0.7536270022392273,1.1722848415374756,0.001,79.31303238868713
3626,24,84,461299,128,0.5942223072052002,0.5942223072052002,0.8849509954452515,0.001,79.33073449134827
3627,24,85,461427,128,0.6509084105491638,0.6509084105491638,0.9281450510025024,0.001,79.34864163398743
3628,24,86,461555,128,0.5897284746170044,0.5897284746170044,0.9806528687477112,0.001,79.36636710166931
3629,24,87,461683,128,0.669847846031189,0.669847846031189,1.0165637731552124,0.001,79.3843207359314
3630,24,88,461811,128,0.6476154923439026,0.6476154923439026,1.0772515535354614,0.001,79.40221166610718
3631,24,89,461939,128,0.661097526550293,0.661097526550293,0.925227165222168,0.001,79.41996955871582
3632,24,90,462067,128,0.5016213059425354,0.5016213059425354,1.0068358182907104,0.001,79.43805980682373
3633,24,91,462195,128,0.6186754703521729,0.6186754703521729,1.0765621662139893,0.001,79.45591282844543
3634,24,92,462323,128,0.6649020314216614,0.6649020314216614,1.478983998298645,0.001,79.4735643863678
3635,24,93,462451,128,0.6340036392211914,0.6340036392211914,1.2619571685791016,0.001,79.49100136756897
3636,24,94,462579,128,0.45268821716308594,0.45268821716308594,1.0612473487854004,0.001,79.50924777984619
3637,24,95,462707,128,0.5715236067771912,0.5715236067771912,0.9219179749488831,0.001,79.5270266532898
3638,24,96,462835,128,0.878224790096283,0.878224790096283,1.094774842262268,0.001,79.54478621482849
3639,24,97,462963,128,0.552990198135376,0.552990198135376,0.8421000242233276,0.001,79.56260514259338
3640,24,98,463091,128,0.576069712638855,0.576069712638855,1.0216631889343262,0.001,79.58055663108826
3641,24,99,463219,128,0.6696895956993103,0.6696895956993103,0.9642533659934998,0.001,79.59825563430786
3642,24,100,463347,128,0.9397450089454651,0.9397450089454651,0.9050556421279907,0.001,79.61579465866089
3643,24,101,463475,128,0.802236020565033,0.802236020565033,0.8903683423995972,0.001,79.63356447219849
3644,24,102,463603,128,0.7523319721221924,0.7523319721221924,0.8413277268409729,0.001,79.65158867835999
3645,24,103,463731,128,0.9520658850669861,0.9520658850669861,1.0941746234893799,0.001,79.66985774040222
3646,24,104,463859,128,0.5340564250946045,0.5340564250946045,0.906265377998352,0.001,79.68778991699219
3647,24,105,463987,128,0.6246041655540466,0.6246041655540466,0.9037036299705505,0.001,79.70577383041382
3648,24,106,464115,128,0.9038334488868713,0.9038334488868713,1.3755271434783936,0.001,79.72361850738525
3649,24,107,464243,128,0.9544705152511597,0.9544705152511597,1.016594409942627,0.001,79.74144387245178
3650,24,108,464371,128,0.786016047000885,0.786016047000885,0.9520655274391174,0.001,79.75913214683533
3651,24,109,464499,128,0.7654394507408142,0.7654394507408142,0.9568524360656738,0.001,79.77751159667969
3652,24,110,464627,128,0.5470468997955322,0.5470468997955322,1.0567803382873535,0.001,79.79536581039429
3653,24,111,464755,128,0.7201359868049622,0.7201359868049622,1.2147178649902344,0.001,79.81305027008057
3654,24,112,464883,128,0.6641649007797241,0.6641649007797241,0.8760088086128235,0.001,79.83049964904785
3655,24,113,465011,128,0.7399386167526245,0.7399386167526245,1.2480989694595337,0.001,79.84835815429688
3656,24,114,465139,128,0.752387523651123,0.752387523651123,1.3357797861099243,0.001,79.86593747138977
3657,24,115,465267,128,0.7212746739387512,0.7212746739387512,0.9042341113090515,0.001,79.88371968269348
3658,24,116,465395,128,0.6886945962905884,0.6886945962905884,0.9449473023414612,0.001,79.90147066116333
3659,24,117,465523,128,0.7237144112586975,0.7237144112586975,1.5300509929656982,0.001,79.91935205459595
3660,24,118,465651,128,0.8760051727294922,0.8760051727294922,1.156907320022583,0.001,79.93711113929749
3661,24,119,465779,128,0.9620780944824219,0.9620780944824219,0.9182013273239136,0.001,79.95459842681885
3662,24,120,465907,128,0.9132196307182312,0.9132196307182312,1.2139971256256104,0.001,79.97248435020447
3663,24,121,466035,128,0.8635658025741577,0.8635658025741577,1.1424641609191895,0.001,79.9901475906372
3664,24,122,466163,128,0.8289825916290283,0.8289825916290283,1.2103112936019897,0.001,80.00810599327087
3665,24,123,466291,128,0.4950501024723053,0.4950501024723053,1.1668202877044678,0.001,80.02596378326416
3666,24,124,466419,128,0.46959689259529114,0.46959689259529114,1.0076180696487427,0.001,80.04385638237
3667,24,125,466547,128,1.1346625089645386,1.1346625089645386,1.0955888032913208,0.001,80.06189584732056
3668,24,126,466675,128,0.858739972114563,0.858739972114563,1.0642659664154053,0.001,80.07947397232056
3669,24,127,466803,128,0.7549161314964294,0.7549161314964294,0.7347455024719238,0.001,80.09730386734009
3670,24,128,466931,128,0.5721465945243835,0.5721465945243835,1.1545113325119019,0.001,80.11545181274414
3671,24,129,467059,128,0.6408032774925232,0.6408032774925232,0.9452852606773376,0.001,80.13313460350037
3672,24,130,467187,128,0.9386073350906372,0.9386073350906372,1.1644059419631958,0.001,80.15054988861084
3673,24,131,467315,128,0.6215818524360657,0.6215818524360657,1.1975898742675781,0.001,80.16815137863159
3674,24,132,467443,128,0.7544217705726624,0.7544217705726624,0.964800238609314,0.001,80.18576240539551
3675,24,133,467571,128,0.42243146896362305,0.42243146896362305,0.9138222336769104,0.001,80.20343112945557
3676,24,134,467699,128,0.6945624947547913,0.6945624947547913,1.2734041213989258,0.001,80.22105097770691
3677,24,135,467827,128,0.7579428553581238,0.7579428553581238,0.9340745210647583,0.001,80.2387490272522
3678,24,136,467955,128,0.46485090255737305,0.46485090255737305,1.2547039985656738,0.001,80.25637125968933
3679,24,137,468083,128,0.6126865744590759,0.6126865744590759,1.1719812154769897,0.001,80.27378511428833
3680,24,138,468211,128,0.6617273092269897,0.6617273092269897,1.0076079368591309,0.001,80.29134035110474
3681,24,139,468339,128,0.5522741079330444,0.5522741079330444,1.1538995504379272,0.001,80.3097939491272
3682,24,140,468467,128,0.7177671790122986,0.7177671790122986,0.9789906144142151,0.001,80.32761549949646
3683,24,141,468595,128,0.7536506652832031,0.7536506652832031,1.0230096578598022,0.001,80.34544038772583
3684,24,142,468723,128,0.7027403712272644,0.7027403712272644,1.2527426481246948,0.001,80.36291408538818
3685,24,143,468851,128,0.7143768072128296,0.7143768072128296,1.3511601686477661,0.001,80.38098311424255
3686,24,144,468979,128,0.6883699893951416,0.6883699893951416,0.9906574487686157,0.001,80.39893579483032
3687,24,145,469107,128,0.4859755337238312,0.4859755337238312,0.806759238243103,0.001,80.41680836677551
3688,24,146,469235,128,0.7211937308311462,0.7211937308311462,1.2354850769042969,0.001,80.43478560447693
3689,24,147,469363,128,0.6444509029388428,0.6444509029388428,0.9592928290367126,0.001,80.45299553871155
3690,24,148,469491,128,0.7589744329452515,0.7589744329452515,1.1873341798782349,0.001,80.47065901756287
3691,24,149,469619,128,0.7643476128578186,0.7643476128578186,1.1587008237838745,0.001,80.48834919929504
3692,24,150,469747,128,0.722784161567688,0.722784161567688,1.374132752418518,0.001,80.50647115707397
3693,24,151,469875,128,0.8831586241722107,0.8831586241722107,1.1918286085128784,0.001,80.52425837516785
3694,24,152,470003,128,0.7807266116142273,0.7807266116142273,1.2106685638427734,0.001,80.54185366630554
3695,24,153,470131,128,0.4756081998348236,0.4756081998348236,1.1696405410766602,0.001,80.55943036079407
3696,24,154,470136,5,2.962451934814453,2.962451934814453,0.7517914175987244,0.001,80.56206917762756
3697,25,1,470264,128,0.6414636373519897,0.6414636373519897,0.8552507758140564,0.001,81.25859761238098
3698,25,2,470392,128,0.7175024151802063,0.7175024151802063,0.8220606446266174,0.001,81.27631735801697
3699,25,3,470520,128,0.801155686378479,0.801155686378479,1.1357053518295288,0.001,81.2939965724945
3700,25,4,470648,128,0.6216681003570557,0.6216681003570557,1.074930191040039,0.001,81.31216931343079
3701,25,5,470776,128,0.7143163084983826,0.7143163084983826,1.08408784866333,0.001,81.32999515533447
3702,25,6,470904,128,1.0013749599456787,1.0013749599456787,1.1321824789047241,0.001,81.34773707389832
3703,25,7,471032,128,0.8372419476509094,0.8372419476509094,1.2470964193344116,0.001,81.36535286903381
3704,25,8,471160,128,0.562863290309906,0.562863290309906,1.067880630493164,0.001,81.3830418586731
3705,25,9,471288,128,0.6068833470344543,0.6068833470344543,1.198499321937561,0.001,81.40074062347412
3706,25,10,471416,128,1.0363316535949707,1.0363316535949707,1.4760888814926147,0.001,81.41837644577026
3707,25,11,471544,128,0.737967312335968,0.737967312335968,1.0446140766143799,0.001,81.43590068817139
3708,25,12,471672,128,0.5272030234336853,0.5272030234336853,0.9627370238304138,0.001,81.4535641670227
3709,25,13,471800,128,0.5791642069816589,0.5791642069816589,0.7643694281578064,0.001,81.47118043899536
3710,25,14,471928,128,0.6600291132926941,0.6600291132926941,0.8089964985847473,0.001,81.48844623565674
3711,25,15,472056,128,0.6162855625152588,0.6162855625152588,0.7196512818336487,0.001,81.50612759590149
3712,25,16,472184,128,0.6578989028930664,0.6578989028930664,0.9322430491447449,0.001,81.52389287948608
3713,25,17,472312,128,0.8698071837425232,0.8698071837425232,1.111735463142395,0.001,81.54156470298767
3714,25,18,472440,128,0.7481324076652527,0.7481324076652527,1.10448157787323,0.001,81.55960130691528
3715,25,19,472568,128,0.8000172972679138,0.8000172972679138,1.039824366569519,0.001,81.57792496681213
3716,25,20,472696,128,0.6591354012489319,0.6591354012489319,1.113623857498169,0.001,81.59583258628845
3717,25,21,472824,128,0.6972389221191406,0.6972389221191406,1.2566524744033813,0.001,81.61363124847412
3718,25,22,472952,128,0.8944465517997742,0.8944465517997742,1.1699509620666504,0.001,81.63129830360413
3719,25,23,473080,128,0.5528907775878906,0.5528907775878906,1.0771287679672241,0.001,81.6494607925415
3720,25,24,473208,128,0.6133426427841187,0.6133426427841187,1.197561264038086,0.001,81.66737842559814
3721,25,25,473336,128,0.557035505771637,0.557035505771637,1.5071135759353638,0.001,81.68530464172363
3722,25,26,473464,128,0.6575608849525452,0.6575608849525452,0.8832098841667175,0.001,81.70302271842957
3723,25,27,473592,128,0.7846652269363403,0.7846652269363403,0.7048693895339966,0.001,81.72137212753296
3724,25,28,473720,128,0.5434330105781555,0.5434330105781555,1.2583140134811401,0.001,81.73909449577332
3725,25,29,473848,128,0.8069602847099304,0.8069602847099304,1.2188516855239868,0.001,81.75693583488464
3726,25,30,473976,128,0.6521516442298889,0.6521516442298889,0.6756691336631775,0.001,81.7751727104187
3727,25,31,474104,128,0.6641054153442383,0.6641054153442383,0.7974162101745605,0.001,81.79330348968506
3728,25,32,474232,128,0.5413039326667786,0.5413039326667786,0.9337324500083923,0.001,81.81092524528503
3729,25,33,474360,128,0.738632082939148,0.738632082939148,0.9465578198432922,0.001,81.82880783081055
3730,25,34,474488,128,0.795267641544342,0.795267641544342,1.203621506690979,0.001,81.8472409248352
3731,25,35,474616,128,0.6294388175010681,0.6294388175010681,0.8565014600753784,0.001,81.8651008605957
3732,25,36,474744,128,0.5221433639526367,0.5221433639526367,1.2170078754425049,0.001,81.88262701034546
3733,25,37,474872,128,0.6402524709701538,0.6402524709701538,0.7306910157203674,0.001,81.90014481544495
3734,25,38,475000,128,0.5335137248039246,0.5335137248039246,0.9598134756088257,0.001,81.91806292533875
3735,25,39,475128,128,0.7083726525306702,0.7083726525306702,0.8657737374305725,0.001,81.93599033355713
3736,25,40,475256,128,0.6931853890419006,0.6931853890419006,0.8025619983673096,0.001,81.95365357398987
3737,25,41,475384,128,0.8370522856712341,0.8370522856712341,1.0540096759796143,0.001,81.97095680236816
3738,25,42,475512,128,0.7015596032142639,0.7015596032142639,1.0859450101852417,0.001,81.98894619941711
3739,25,43,475640,128,0.8608254194259644,0.8608254194259644,1.1729412078857422,0.001,82.00678277015686
3740,25,44,475768,128,0.539718747138977,0.539718747138977,1.3190804719924927,0.001,82.02452540397644
3741,25,45,475896,128,0.4768463373184204,0.4768463373184204,1.0764018297195435,0.001,82.04254627227783
3742,25,46,476024,128,0.5321976542472839,0.5321976542472839,1.390877366065979,0.001,82.06037712097168
3743,25,47,476152,128,0.7366148233413696,0.7366148233413696,1.1382367610931396,0.001,82.07828974723816
3744,25,48,476280,128,0.7684812545776367,0.7684812545776367,1.019771695137024,0.001,82.09586191177368
3745,25,49,476408,128,0.8832228183746338,0.8832228183746338,1.414646863937378,0.001,82.11428594589233
3746,25,50,476536,128,0.6395947337150574,0.6395947337150574,1.1960132122039795,0.001,82.13218450546265
3747,25,51,476664,128,0.7914883494377136,0.7914883494377136,1.2613004446029663,0.001,82.1499388217926
3748,25,52,476792,128,0.7910052537918091,0.7910052537918091,0.8672381043434143,0.001,82.16771507263184
3749,25,53,476920,128,0.5520836710929871,0.5520836710929871,1.0263885259628296,0.001,82.18582344055176
3750,25,54,477048,128,0.9229535460472107,0.9229535460472107,1.2745473384857178,0.001,82.20353174209595
3751,25,55,477176,128,0.696846604347229,0.696846604347229,0.6291155219078064,0.001,82.22132515907288
3752,25,56,477304,128,0.5869863629341125,0.5869863629341125,1.5492987632751465,0.001,82.23894810676575
3753,25,57,477432,128,0.6277419328689575,0.6277419328689575,1.0345300436019897,0.001,82.25722122192383
3754,25,58,477560,128,0.5797176957130432,0.5797176957130432,1.057516098022461,0.001,82.27486753463745
3755,25,59,477688,128,0.6433176398277283,0.6433176398277283,0.9392001628875732,0.001,82.29236507415771
3756,25,60,477816,128,0.6287837624549866,0.6287837624549866,0.9988977313041687,0.001,82.31043553352356
3757,25,61,477944,128,0.6956834197044373,0.6956834197044373,1.130080223083496,0.001,82.32820105552673
3758,25,62,478072,128,0.6166509985923767,0.6166509985923767,1.2756097316741943,0.001,82.34564113616943
3759,25,63,478200,128,0.5757352709770203,0.5757352709770203,1.5599027872085571,0.001,82.36338472366333
3760,25,64,478328,128,0.5088030099868774,0.5088030099868774,0.7065219283103943,0.001,82.38146805763245
3761,25,65,478456,128,0.5312483906745911,0.5312483906745911,0.8734519481658936,0.001,82.39921951293945
3762,25,66,478584,128,0.5931828022003174,0.5931828022003174,0.968233048915863,0.001,82.41693782806396
3763,25,67,478712,128,0.7109912037849426,0.7109912037849426,0.9549031853675842,0.001,82.43465232849121
3764,25,68,478840,128,0.6103970408439636,0.6103970408439636,0.8614221215248108,0.001,82.45259499549866
3765,25,69,478968,128,0.7313549518585205,0.7313549518585205,0.8507784008979797,0.001,82.47017240524292
3766,25,70,479096,128,0.6003168225288391,0.6003168225288391,1.1691005229949951,0.001,82.48778414726257
3767,25,71,479224,128,0.7047800421714783,0.7047800421714783,1.2005161046981812,0.001,82.50536465644836
3768,25,72,479352,128,0.6130056977272034,0.6130056977272034,1.0467175245285034,0.001,82.52342295646667
3769,25,73,479480,128,0.6356773376464844,0.6356773376464844,1.254738211631775,0.001,82.54129076004028
3770,25,74,479608,128,0.6453273892402649,0.6453273892402649,1.0970048904418945,0.001,82.55864357948303
3771,25,75,479736,128,0.5986589789390564,0.5986589789390564,1.1848883628845215,0.001,82.57648658752441
3772,25,76,479864,128,0.6234021782875061,0.6234021782875061,0.7785974144935608,0.001,82.59420800209045
3773,25,77,479992,128,0.7218897342681885,0.7218897342681885,0.8379390835762024,0.001,82.61149740219116
3774,25,78,480120,128,0.8630390763282776,0.8630390763282776,1.342429757118225,0.001,82.62861132621765
3775,25,79,480248,128,0.9590424299240112,0.9590424299240112,0.9081406593322754,0.001,82.64633059501648
3776,25,80,480376,128,0.7974789142608643,0.7974789142608643,1.3510264158248901,0.001,82.66368174552917
3777,25,81,480504,128,0.6359133124351501,0.6359133124351501,1.0391041040420532,0.001,82.68090796470642
3778,25,82,480632,128,0.5975344181060791,0.5975344181060791,1.5642861127853394,0.001,82.69830131530762
3779,25,83,480760,128,0.7999235391616821,0.7999235391616821,0.8206459879875183,0.001,82.71586322784424
3780,25,84,480888,128,0.5027720332145691,0.5027720332145691,0.9496504664421082,0.001,82.73309230804443
3781,25,85,481016,128,0.6273178458213806,0.6273178458213806,1.263983130455017,0.001,82.75037264823914
3782,25,86,481144,128,0.6481800079345703,0.6481800079345703,1.1573702096939087,0.001,82.76740264892578
3783,25,87,481272,128,0.5481172800064087,0.5481172800064087,1.0507110357284546,0.001,82.78491353988647
3784,25,88,481400,128,0.6107998490333557,0.6107998490333557,0.9190146327018738,0.001,82.80217337608337
3785,25,89,481528,128,0.6303678750991821,0.6303678750991821,1.3627578020095825,0.001,82.81953120231628
3786,25,90,481656,128,0.5813290476799011,0.5813290476799011,1.149237871170044,0.001,82.83678674697876
3787,25,91,481784,128,0.7193596959114075,0.7193596959114075,1.1135854721069336,0.001,82.85466527938843
3788,25,92,481912,128,0.6372324824333191,0.6372324824333191,1.1554784774780273,0.001,82.87207055091858
3789,25,93,482040,128,0.8787903189659119,0.8787903189659119,0.9262850284576416,0.001,82.88954257965088
3790,25,94,482168,128,0.566402018070221,0.566402018070221,0.9371618628501892,0.001,82.90704035758972
3791,25,95,482296,128,0.7308229804039001,0.7308229804039001,1.4268144369125366,0.001,82.92512488365173
3792,25,96,482424,128,0.5185198783874512,0.5185198783874512,1.2447843551635742,0.001,82.94327211380005
3793,25,97,482552,128,0.609606921672821,0.609606921672821,1.3678858280181885,0.001,82.96081614494324
3794,25,98,482680,128,0.5254464745521545,0.5254464745521545,1.022918462753296,0.001,82.978848695755
3795,25,99,482808,128,0.6902288198471069,0.6902288198471069,1.2772783041000366,0.001,82.9962329864502
3796,25,100,482936,128,0.4767959415912628,0.4767959415912628,1.0567952394485474,0.001,83.01360726356506
3797,25,101,483064,128,0.6361335515975952,0.6361335515975952,1.158103585243225,0.001,83.03078198432922
3798,25,102,483192,128,0.6458143591880798,0.6458143591880798,0.9236737489700317,0.001,83.04868006706238
3799,25,103,483320,128,0.5639724135398865,0.5639724135398865,1.0763952732086182,0.001,83.06647253036499
3800,25,104,483448,128,0.9302152991294861,0.9302152991294861,1.1284070014953613,0.001,83.083824634552
3801,25,105,483576,128,0.6265237927436829,0.6265237927436829,1.1360020637512207,0.001,83.10104274749756
3802,25,106,483704,128,0.6610905528068542,0.6610905528068542,1.0918843746185303,0.001,83.11880803108215
3803,25,107,483832,128,0.6735050678253174,0.6735050678253174,1.364612340927124,0.001,83.13651442527771
3804,25,108,483960,128,0.7725847959518433,0.7725847959518433,0.9804106950759888,0.001,83.15373158454895
3805,25,109,484088,128,0.41830015182495117,0.41830015182495117,0.8055760860443115,0.001,83.1714608669281
3806,25,110,484216,128,0.6498031616210938,0.6498031616210938,1.7277486324310303,0.001,83.18959951400757
3807,25,111,484344,128,0.5127702355384827,0.5127702355384827,1.2173274755477905,0.001,83.2076530456543
3808,25,112,484472,128,0.5451521873474121,0.5451521873474121,0.9682202339172363,0.001,83.22543168067932
3809,25,113,484600,128,0.650218665599823,0.650218665599823,1.302159309387207,0.001,83.24358201026917
3810,25,114,484728,128,0.793893575668335,0.793893575668335,1.3499658107757568,0.001,83.2613594532013
3811,25,115,484856,128,0.49897319078445435,0.49897319078445435,1.3870612382888794,0.001,83.27879214286804
3812,25,116,484984,128,0.6966953277587891,0.6966953277587891,0.930923581123352,0.001,83.29658317565918
3813,25,117,485112,128,0.519612729549408,0.519612729549408,0.9435025453567505,0.001,83.31454753875732
3814,25,118,485240,128,0.6753210425376892,0.6753210425376892,1.2062100172042847,0.001,83.33239316940308
3815,25,119,485368,128,0.6559579968452454,0.6559579968452454,1.539508581161499,0.001,83.34982752799988
3816,25,120,485496,128,0.683009922504425,0.683009922504425,0.9384890794754028,0.001,83.367600440979
3817,25,121,485624,128,0.5413187146186829,0.5413187146186829,1.2969971895217896,0.001,83.38591814041138
3818,25,122,485752,128,0.794177770614624,0.794177770614624,0.9943170547485352,0.001,83.40386533737183
3819,25,123,485880,128,0.6353964805603027,0.6353964805603027,0.9398112297058105,0.001,83.42144560813904
3820,25,124,486008,128,0.7470634579658508,0.7470634579658508,1.2753076553344727,0.001,83.43926787376404
3821,25,125,486136,128,0.8107490539550781,0.8107490539550781,0.9680696725845337,0.001,83.45731663703918
3822,25,126,486264,128,0.5843034386634827,0.5843034386634827,0.9826284050941467,0.001,83.47504448890686
3823,25,127,486392,128,0.6340401768684387,0.6340401768684387,1.289993405342102,0.001,83.49278378486633
3824,25,128,486520,128,0.8197796940803528,0.8197796940803528,0.8430624008178711,0.001,83.51051163673401
3825,25,129,486648,128,0.5821200013160706,0.5821200013160706,1.3177930116653442,0.001,83.52804732322693
3826,25,130,486776,128,0.7686362862586975,0.7686362862586975,1.4450132846832275,0.001,83.54583835601807
3827,25,131,486904,128,0.7213066220283508,0.7213066220283508,1.042995572090149,0.001,83.56357216835022
3828,25,132,487032,128,0.5378175377845764,0.5378175377845764,0.7579262256622314,0.001,83.58157515525818
3829,25,133,487160,128,0.6590670347213745,0.6590670347213745,0.9548107385635376,0.001,83.59937834739685
3830,25,134,487288,128,0.6904017329216003,0.6904017329216003,1.1211549043655396,0.001,83.61713004112244
3831,25,135,487416,128,0.7835000157356262,0.7835000157356262,0.8332067131996155,0.001,83.6347496509552
3832,25,136,487544,128,0.821755051612854,0.821755051612854,1.1192388534545898,0.001,83.6525309085846
3833,25,137,487672,128,0.7502691745758057,0.7502691745758057,0.8891343474388123,0.001,83.66989493370056
3834,25,138,487800,128,0.9186862111091614,0.9186862111091614,1.352454423904419,0.001,83.68764114379883
3835,25,139,487928,128,0.791305661201477,0.791305661201477,1.4371371269226074,0.001,83.70525097846985
3836,25,140,488056,128,0.5126849412918091,0.5126849412918091,1.0198910236358643,0.001,83.72315311431885
3837,25,141,488184,128,0.7185285091400146,0.7185285091400146,1.1228783130645752,0.001,83.74094128608704
3838,25,142,488312,128,0.5487375259399414,0.5487375259399414,0.9430557489395142,0.001,83.75872325897217
3839,25,143,488440,128,0.7294883728027344,0.7294883728027344,0.9014754295349121,0.001,83.77631521224976
3840,25,144,488568,128,0.4139539301395416,0.4139539301395416,1.1829516887664795,0.001,83.7941505908966
3841,25,145,488696,128,0.6617340445518494,0.6617340445518494,1.4108030796051025,0.001,83.8119695186615
3842,25,146,488824,128,0.3726474642753601,0.3726474642753601,1.17433500289917,0.001,83.82952451705933
3843,25,147,488952,128,0.695522129535675,0.695522129535675,1.2053258419036865,0.001,83.84764742851257
3844,25,148,489080,128,0.5360857248306274,0.5360857248306274,1.0928856134414673,0.001,83.86530089378357
3845,25,149,489208,128,0.8024760484695435,0.8024760484695435,0.9860538244247437,0.001,83.88275480270386
3846,25,150,489336,128,0.5003129243850708,0.5003129243850708,0.9055647850036621,0.001,83.90022778511047
3847,25,151,489464,128,0.9001469016075134,0.9001469016075134,1.1246615648269653,0.001,83.91851282119751
3848,25,152,489592,128,0.7753541469573975,0.7753541469573975,0.8286110758781433,0.001,83.93597888946533
3849,25,153,489720,128,0.6798047423362732,0.6798047423362732,0.8527588248252869,0.001,83.9537763595581
3850,25,154,489725,5,0.15477024018764496,0.15477024018764496,0.4217297434806824,0.001,83.9565486907959
3851,26,1,489853,128,0.8471590280532837,0.8471590280532837,1.104925274848938,0.001,84.64960861206055
3852,26,2,489981,128,0.777795135974884,0.777795135974884,1.214139461517334,0.001,84.66690278053284
3853,26,3,490109,128,0.7613348364830017,0.7613348364830017,1.2350566387176514,0.001,84.68426179885864
3854,26,4,490237,128,0.7295258045196533,0.7295258045196533,1.3481651544570923,0.001,84.701416015625
3855,26,5,490365,128,0.5279534459114075,0.5279534459114075,1.0453416109085083,0.001,84.71908664703369
3856,26,6,490493,128,0.43905341625213623,0.43905341625213623,0.8438785076141357,0.001,84.73688387870789
3857,26,7,490621,128,0.6960052251815796,0.6960052251815796,0.9368225336074829,0.001,84.75455069541931
3858,26,8,490749,128,0.9050636291503906,0.9050636291503906,1.0473848581314087,0.001,84.7720594406128
3859,26,9,490877,128,0.88966965675354,0.88966965675354,1.1852997541427612,0.001,84.79002547264099
3860,26,10,491005,128,0.6495451927185059,0.6495451927185059,1.0718936920166016,0.001,84.80789279937744
3861,26,11,491133,128,0.39070701599121094,0.39070701599121094,0.8974728584289551,0.001,84.8252580165863
3862,26,12,491261,128,0.5004622340202332,0.5004622340202332,1.1418280601501465,0.001,84.84257054328918
3863,26,13,491389,128,0.4772738516330719,0.4772738516330719,1.0189779996871948,0.001,84.86070275306702
3864,26,14,491517,128,0.5699763894081116,0.5699763894081116,1.013573408126831,0.001,84.87826299667358
3865,26,15,491645,128,0.6876046061515808,0.6876046061515808,1.3840947151184082,0.001,84.89557909965515
3866,26,16,491773,128,0.6002126336097717,0.6002126336097717,1.3233460187911987,0.001,84.91283893585205
3867,26,17,491901,128,0.42706620693206787,0.42706620693206787,1.1698135137557983,0.001,84.93053984642029
3868,26,18,492029,128,0.579014241695404,0.579014241695404,1.1375341415405273,0.001,84.94816851615906
3869,26,19,492157,128,0.33866435289382935,0.33866435289382935,0.930435836315155,0.001,84.9654860496521
3870,26,20,492285,128,0.7375210523605347,0.7375210523605347,1.2469420433044434,0.001,84.98280096054077
3871,26,21,492413,128,0.6238298416137695,0.6238298416137695,1.2782554626464844,0.001,85.00010800361633
3872,26,22,492541,128,0.6625033617019653,0.6625033617019653,0.901121973991394,0.001,85.01709461212158
3873,26,23,492669,128,0.8732112050056458,0.8732112050056458,1.114316463470459,0.001,85.03428888320923
3874,26,24,492797,128,0.9154843688011169,0.9154843688011169,0.8403469324111938,0.001,85.0523271560669
3875,26,25,492925,128,0.5955944061279297,0.5955944061279297,0.8198255896568298,0.001,85.06989765167236
3876,26,26,493053,128,0.8066961765289307,0.8066961765289307,1.4033139944076538,0.001,85.0875632762909
3877,26,27,493181,128,0.5660463571548462,0.5660463571548462,1.104962944984436,0.001,85.10471630096436
3878,26,28,493309,128,0.3640168309211731,0.3640168309211731,0.9579460620880127,0.001,85.12247061729431
3879,26,29,493437,128,0.7243515849113464,0.7243515849113464,0.8079721927642822,0.001,85.1398561000824
3880,26,30,493565,128,0.7268606424331665,0.7268606424331665,0.9290070533752441,0.001,85.15702438354492
3881,26,31,493693,128,0.6696772575378418,0.6696772575378418,1.0828272104263306,0.001,85.17422413825989
3882,26,32,493821,128,0.6077238917350769,0.6077238917350769,1.1739104986190796,0.001,85.1918272972107
3883,26,33,493949,128,0.5439355373382568,0.5439355373382568,1.098020315170288,0.001,85.20912337303162
3884,26,34,494077,128,0.6628141403198242,0.6628141403198242,1.035317063331604,0.001,85.22641468048096
3885,26,35,494205,128,0.9826565980911255,0.9826565980911255,1.3236998319625854,0.001,85.24364161491394
3886,26,36,494333,128,0.45854711532592773,0.45854711532592773,0.9683568477630615,0.001,85.26153826713562
3887,26,37,494461,128,0.7183321118354797,0.7183321118354797,1.5029081106185913,0.001,85.27899551391602
3888,26,38,494589,128,0.5245574116706848,0.5245574116706848,1.5812848806381226,0.001,85.29601716995239
3889,26,39,494717,128,0.7387397885322571,0.7387397885322571,1.2107830047607422,0.001,85.31368088722229
3890,26,40,494845,128,0.6972517371177673,0.6972517371177673,0.9901573061943054,0.001,85.33094763755798
3891,26,41,494973,128,0.5231612324714661,0.5231612324714661,1.3177958726882935,0.001,85.3480978012085
3892,26,42,495101,128,0.49454525113105774,0.49454525113105774,1.4661318063735962,0.001,85.36567544937134
3893,26,43,495229,128,0.5183089971542358,0.5183089971542358,1.073568344116211,0.001,85.383859872818
3894,26,44,495357,128,0.5205662250518799,0.5205662250518799,0.8826782703399658,0.001,85.40145683288574
3895,26,45,495485,128,0.5694786906242371,0.5694786906242371,1.2203580141067505,0.001,85.41907167434692
3896,26,46,495613,128,0.622487485408783,0.622487485408783,0.9595866203308105,0.001,85.4367184638977
3897,26,47,495741,128,0.6748181581497192,0.6748181581497192,1.1366714239120483,0.001,85.4547827243805
3898,26,48,495869,128,0.7733953595161438,0.7733953595161438,1.2636432647705078,0.001,85.47215604782104
3899,26,49,495997,128,0.42763552069664,0.42763552069664,1.0945091247558594,0.001,85.48913431167603
3900,26,50,496125,128,0.7581503391265869,0.7581503391265869,0.9771727919578552,0.001,85.50604104995728
3901,26,51,496253,128,0.6062137484550476,0.6062137484550476,0.9294270873069763,0.001,85.5239405632019
3902,26,52,496381,128,0.5814335346221924,0.5814335346221924,0.8638470768928528,0.001,85.5415711402893
3903,26,53,496509,128,0.44138506054878235,0.44138506054878235,0.7637248635292053,0.001,85.55913710594177
3904,26,54,496637,128,0.8328506946563721,0.8328506946563721,1.0557209253311157,0.001,85.57694411277771
3905,26,55,496765,128,0.6413427591323853,0.6413427591323853,0.8424860835075378,0.001,85.5951521396637
3906,26,56,496893,128,0.645263135433197,0.645263135433197,1.2739229202270508,0.001,85.61288547515869
3907,26,57,497021,128,0.727243185043335,0.727243185043335,1.0543690919876099,0.001,85.6306586265564
3908,26,58,497149,128,0.40942490100860596,0.40942490100860596,0.7745204567909241,0.001,85.64846634864807
3909,26,59,497277,128,0.7375478148460388,0.7375478148460388,1.0361500978469849,0.001,85.66604518890381
3910,26,60,497405,128,1.1291871070861816,1.1291871070861816,1.16012442111969,0.001,85.6836564540863
3911,26,61,497533,128,0.6487767100334167,0.6487767100334167,1.0425726175308228,0.001,85.70176553726196
3912,26,62,497661,128,0.7473644614219666,0.7473644614219666,1.7975854873657227,0.001,85.71981382369995
3913,26,63,497789,128,0.5090539455413818,0.5090539455413818,1.0177605152130127,0.001,85.7377359867096
3914,26,64,497917,128,0.7602198123931885,0.7602198123931885,1.4328404664993286,0.001,85.75549674034119
3915,26,65,498045,128,0.6520863175392151,0.6520863175392151,1.1430174112319946,0.001,85.77319765090942
3916,26,66,498173,128,0.4842437207698822,0.4842437207698822,0.9401365518569946,0.001,85.7912540435791
3917,26,67,498301,128,0.6200328469276428,0.6200328469276428,1.0476664304733276,0.001,85.80905652046204
3918,26,68,498429,128,0.5687281489372253,0.5687281489372253,0.9695326685905457,0.001,85.82656240463257
3919,26,69,498557,128,0.5143078565597534,0.5143078565597534,1.268307089805603,0.001,85.84406471252441
3920,26,70,498685,128,0.4379539489746094,0.4379539489746094,0.8733638525009155,0.001,85.86183714866638
3921,26,71,498813,128,0.7844107151031494,0.7844107151031494,1.2690753936767578,0.001,85.87960076332092
3922,26,72,498941,128,0.5998160243034363,0.5998160243034363,0.9591823816299438,0.001,85.89725756645203
3923,26,73,499069,128,0.6475573778152466,0.6475573778152466,1.0279797315597534,0.001,85.91479086875916
3924,26,74,499197,128,0.6508322954177856,0.6508322954177856,1.1380966901779175,0.001,85.9327974319458
3925,26,75,499325,128,0.5313382744789124,0.5313382744789124,0.909490168094635,0.001,85.95062899589539
3926,26,76,499453,128,0.6707980036735535,0.6707980036735535,0.8779575824737549,0.001,85.96854329109192
3927,26,77,499581,128,0.3909049928188324,0.3909049928188324,1.223278522491455,0.001,85.98649382591248
3928,26,78,499709,128,0.5993919968605042,0.5993919968605042,1.2610348463058472,0.001,86.00418972969055
3929,26,79,499837,128,0.5783925652503967,0.5783925652503967,1.2419908046722412,0.001,86.02206540107727
3930,26,80,499965,128,0.5590572953224182,0.5590572953224182,1.0177081823349,0.001,86.03969645500183
3931,26,81,500093,128,0.7540343999862671,0.7540343999862671,1.023152232170105,0.001,86.05826997756958
3932,26,82,500221,128,0.5059030055999756,0.5059030055999756,0.8745786547660828,0.001,86.07598757743835
3933,26,83,500349,128,0.540469229221344,0.540469229221344,1.069287896156311,0.001,86.09320425987244
3934,26,84,500477,128,0.7713080644607544,0.7713080644607544,1.0990509986877441,0.001,86.11045670509338
3935,26,85,500605,128,0.6968321204185486,0.6968321204185486,1.1766465902328491,0.001,86.12829422950745
3936,26,86,500733,128,0.7345731854438782,0.7345731854438782,0.8462573289871216,0.001,86.14563274383545
3937,26,87,500861,128,0.6229356527328491,0.6229356527328491,1.0500597953796387,0.001,86.16286969184875
3938,26,88,500989,128,0.9874074459075928,0.9874074459075928,1.115128755569458,0.001,86.18047833442688
3939,26,89,501117,128,0.5865491032600403,0.5865491032600403,1.219213843345642,0.001,86.19847583770752
3940,26,90,501245,128,0.708242654800415,0.708242654800415,0.9582495093345642,0.001,86.21599698066711
3941,26,91,501373,128,0.509194016456604,0.509194016456604,1.2077032327651978,0.001,86.23360657691956
3942,26,92,501501,128,0.7555485963821411,0.7555485963821411,1.1586281061172485,0.001,86.25152635574341
3943,26,93,501629,128,0.6067025065422058,0.6067025065422058,0.9114714860916138,0.001,86.26902890205383
3944,26,94,501757,128,0.6075887084007263,0.6075887084007263,0.9122348427772522,0.001,86.28652477264404
3945,26,95,501885,128,0.5420703291893005,0.5420703291893005,1.0081137418746948,0.001,86.30400228500366
3946,26,96,502013,128,0.4110054671764374,0.4110054671764374,0.8229314088821411,0.001,86.32145357131958
3947,26,97,502141,128,0.379362553358078,0.379362553358078,0.8499571681022644,0.001,86.33882260322571
3948,26,98,502269,128,0.6084170937538147,0.6084170937538147,1.1650960445404053,0.001,86.35645580291748
3949,26,99,502397,128,0.7272151708602905,0.7272151708602905,1.1886454820632935,0.001,86.3739116191864
3950,26,100,502525,128,0.7199862599372864,0.7199862599372864,1.4539581537246704,0.001,86.3914475440979
3951,26,101,502653,128,0.5176885724067688,0.5176885724067688,1.3007487058639526,0.001,86.40859842300415
3952,26,102,502781,128,0.6915023922920227,0.6915023922920227,1.1484777927398682,0.001,86.42598962783813
3953,26,103,502909,128,0.6491577625274658,0.6491577625274658,1.5751396417617798,0.001,86.44316864013672
3954,26,104,503037,128,1.1316441297531128,1.1316441297531128,1.2777348756790161,0.001,86.4608793258667
3955,26,105,503165,128,0.8627960085868835,0.8627960085868835,1.0432733297348022,0.001,86.47794556617737
3956,26,106,503293,128,0.7491975426673889,0.7491975426673889,1.3442673683166504,0.001,86.49527406692505
3957,26,107,503421,128,0.49849218130111694,0.49849218130111694,0.9566069841384888,0.001,86.51236891746521
3958,26,108,503549,128,0.5708515644073486,0.5708515644073486,1.2156950235366821,0.001,86.52992367744446
3959,26,109,503677,128,0.9604430794715881,0.9604430794715881,1.0751556158065796,0.001,86.54716420173645
3960,26,110,503805,128,0.5584796667098999,0.5584796667098999,1.1066811084747314,0.001,86.56456255912781
3961,26,111,503933,128,0.451734721660614,0.451734721660614,1.0693398714065552,0.001,86.58197522163391
3962,26,112,504061,128,0.7689195871353149,0.7689195871353149,0.986690878868103,0.001,86.59981775283813
3963,26,113,504189,128,0.7015639543533325,0.7015639543533325,0.9191890954971313,0.001,86.6172525882721
3964,26,114,504317,128,0.7371421456336975,0.7371421456336975,1.0019562244415283,0.001,86.63481760025024
3965,26,115,504445,128,0.6390896439552307,0.6390896439552307,1.5059844255447388,0.001,86.65264987945557
3966,26,116,504573,128,0.6273950338363647,0.6273950338363647,1.1801904439926147,0.001,86.67043328285217
3967,26,117,504701,128,0.45587146282196045,0.45587146282196045,1.0607906579971313,0.001,86.68801712989807
3968,26,118,504829,128,0.507366418838501,0.507366418838501,0.7413212060928345,0.001,86.70559096336365
3969,26,119,504957,128,0.5660437941551208,0.5660437941551208,1.0768986940383911,0.001,86.72353839874268
3970,26,120,505085,128,0.5744067430496216,0.5744067430496216,0.9365521669387817,0.001,86.74131798744202
3971,26,121,505213,128,0.5189008116722107,0.5189008116722107,0.7980103492736816,0.001,86.75894856452942
3972,26,122,505341,128,0.7041439414024353,0.7041439414024353,0.8422846794128418,0.001,86.77658939361572
3973,26,123,505469,128,0.6029616594314575,0.6029616594314575,0.6959084868431091,0.001,86.79419136047363
3974,26,124,505597,128,0.6873338222503662,0.6873338222503662,1.0069761276245117,0.001,86.81157422065735
3975,26,125,505725,128,0.6099684238433838,0.6099684238433838,1.015153169631958,0.001,86.82872438430786
3976,26,126,505853,128,0.6561939716339111,0.6561939716339111,0.927914023399353,0.001,86.84624719619751
3977,26,127,505981,128,0.7610512375831604,0.7610512375831604,1.1219738721847534,0.001,86.86394119262695
3978,26,128,506109,128,0.7720438241958618,0.7720438241958618,0.7197970747947693,0.001,86.88120102882385
3979,26,129,506237,128,0.7090324759483337,0.7090324759483337,1.272963047027588,0.001,86.89845180511475
3980,26,130,506365,128,0.5707840323448181,0.5707840323448181,0.9771427512168884,0.001,86.91567802429199
3981,26,131,506493,128,0.6056120991706848,0.6056120991706848,0.8670982122421265,0.001,86.93309283256531
3982,26,132,506621,128,0.5451022982597351,0.5451022982597351,1.0933157205581665,0.001,86.95076537132263
3983,26,133,506749,128,0.7009466290473938,0.7009466290473938,1.2494431734085083,0.001,86.96858620643616
3984,26,134,506877,128,0.46954482793807983,0.46954482793807983,0.8989371061325073,0.001,86.98609781265259
3985,26,135,507005,128,0.6986261606216431,0.6986261606216431,1.2256213426589966,0.001,87.0039930343628
3986,26,136,507133,128,0.8348007798194885,0.8348007798194885,0.8220951557159424,0.001,87.02183032035828
3987,26,137,507261,128,0.48923617601394653,0.48923617601394653,1.1573463678359985,0.001,87.03952169418335
3988,26,138,507389,128,0.3987826108932495,0.3987826108932495,1.080224871635437,0.001,87.05826020240784
3989,26,139,507517,128,0.4562632739543915,0.4562632739543915,1.0564563274383545,0.001,87.07632684707642
3990,26,140,507645,128,0.5937539339065552,0.5937539339065552,0.8758013248443604,0.001,87.09382176399231
3991,26,141,507773,128,0.6099238991737366,0.6099238991737366,0.7994436621665955,0.001,87.11142039299011
3992,26,142,507901,128,0.4514709413051605,0.4514709413051605,1.1629042625427246,0.001,87.12949228286743
3993,26,143,508029,128,0.7061338424682617,0.7061338424682617,1.166264533996582,0.001,87.14697766304016
3994,26,144,508157,128,0.7636798024177551,0.7636798024177551,1.6132891178131104,0.001,87.16435885429382
3995,26,145,508285,128,0.7816690802574158,0.7816690802574158,1.217759370803833,0.001,87.18186354637146
3996,26,146,508413,128,0.6265093684196472,0.6265093684196472,1.2109497785568237,0.001,87.19984936714172
3997,26,147,508541,128,0.51246178150177,0.51246178150177,0.9819977879524231,0.001,87.21762013435364
3998,26,148,508669,128,0.531012237071991,0.531012237071991,1.0941259860992432,0.001,87.23531174659729
3999,26,149,508797,128,0.6643162369728088,0.6643162369728088,1.0755674839019775,0.001,87.25316095352173
4000,26,150,508925,128,0.7361395955085754,0.7361395955085754,0.9896448254585266,0.001,87.27069449424744
4001,26,151,509053,128,0.6723794937133789,0.6723794937133789,1.6217337846755981,0.001,87.28849029541016
4002,26,152,509181,128,0.6093459725379944,0.6093459725379944,1.05085289478302,0.001,87.30570650100708
4003,26,153,509309,128,0.4558458924293518,0.4558458924293518,1.0038832426071167,0.001,87.3232831954956
4004,26,154,509314,5,0.2251172959804535,0.2251172959804535,1.9338020086288452,0.001,87.3259847164154
4005,27,1,509442,128,0.7934761643409729,0.7934761643409729,1.2160587310791016,0.001,88.00679087638855
4006,27,2,509570,128,0.8985289335250854,0.8985289335250854,0.8762537837028503,0.001,88.0240867137909
4007,27,3,509698,128,1.0845414400100708,1.0845414400100708,1.2864694595336914,0.001,88.04110264778137
4008,27,4,509826,128,0.8114089965820312,0.8114089965820312,1.152529239654541,0.001,88.05920076370239
4009,27,5,509954,128,0.7239331603050232,0.7239331603050232,0.8253692388534546,0.001,88.07666659355164
4010,27,6,510082,128,0.570576012134552,0.570576012134552,1.2579330205917358,0.001,88.09390497207642
4011,27,7,510210,128,0.6468128561973572,0.6468128561973572,0.9645103216171265,0.001,88.11121821403503
4012,27,8,510338,128,0.4546932578086853,0.4546932578086853,0.9128086566925049,0.001,88.12869429588318
4013,27,9,510466,128,0.7627540230751038,0.7627540230751038,1.0952140092849731,0.001,88.14595174789429
4014,27,10,510594,128,0.6273067593574524,0.6273067593574524,1.009573221206665,0.001,88.16315340995789
4015,27,11,510722,128,0.5529479384422302,0.5529479384422302,1.0431323051452637,0.001,88.18028330802917
4016,27,12,510850,128,0.3545008897781372,0.3545008897781372,0.9425034523010254,0.001,88.19797253608704
4017,27,13,510978,128,0.8873564600944519,0.8873564600944519,0.9680516719818115,0.001,88.21529126167297
4018,27,14,511106,128,0.8347586393356323,0.8347586393356323,0.9013960957527161,0.001,88.23221445083618
4019,27,15,511234,128,0.8359498381614685,0.8359498381614685,1.124322772026062,0.001,88.2493782043457
4020,27,16,511362,128,0.8781077265739441,0.8781077265739441,1.271682620048523,0.001,88.26661443710327
4021,27,17,511490,128,0.5840365290641785,0.5840365290641785,1.255717396736145,0.001,88.2838487625122
4022,27,18,511618,128,0.6312496066093445,0.6312496066093445,1.1694759130477905,0.001,88.30097222328186
4023,27,19,511746,128,0.766589343547821,0.766589343547821,1.1196273565292358,0.001,88.31877326965332
4024,27,20,511874,128,0.7461420893669128,0.7461420893669128,1.2447991371154785,0.001,88.3361439704895
4025,27,21,512002,128,0.43351665139198303,0.43351665139198303,0.9539056420326233,0.001,88.35376381874084
4026,27,22,512130,128,0.5701033473014832,0.5701033473014832,0.9992682337760925,0.001,88.37128281593323
4027,27,23,512258,128,0.9464415311813354,0.9464415311813354,1.4263417720794678,0.001,88.38901495933533
4028,27,24,512386,128,0.6240423321723938,0.6240423321723938,1.3857899904251099,0.001,88.40646934509277
4029,27,25,512514,128,0.6493410468101501,0.6493410468101501,1.0691279172897339,0.001,88.42390537261963
4030,27,26,512642,128,0.6441619992256165,0.6441619992256165,1.041129231452942,0.001,88.44109201431274
4031,27,27,512770,128,0.4597296118736267,0.4597296118736267,1.3621039390563965,0.001,88.45923924446106
4032,27,28,512898,128,0.7727173566818237,0.7727173566818237,1.0244165658950806,0.001,88.47672772407532
4033,27,29,513026,128,0.7071101069450378,0.7071101069450378,0.9632953405380249,0.001,88.49415802955627
4034,27,30,513154,128,0.6318204998970032,0.6318204998970032,1.007246732711792,0.001,88.51145076751709
4035,27,31,513282,128,0.6740409731864929,0.6740409731864929,1.135966420173645,0.001,88.52928352355957
4036,27,32,513410,128,0.658972442150116,0.658972442150116,1.2565243244171143,0.001,88.54675841331482
4037,27,33,513538,128,0.48593050241470337,0.48593050241470337,0.957878828048706,0.001,88.56428647041321
4038,27,34,513666,128,0.5247516632080078,0.5247516632080078,1.0075923204421997,0.001,88.58155465126038
4039,27,35,513794,128,0.5301458835601807,0.5301458835601807,1.1482393741607666,0.001,88.5999071598053
4040,27,36,513922,128,0.6945232152938843,0.6945232152938843,0.9981448650360107,0.001,88.6177031993866
4041,27,37,514050,128,0.6602051258087158,0.6602051258087158,0.9382926821708679,0.001,88.63565683364868
4042,27,38,514178,128,0.7568960189819336,0.7568960189819336,0.9748010635375977,0.001,88.65363216400146
4043,27,39,514306,128,0.6231166124343872,0.6231166124343872,1.258331298828125,0.001,88.67151379585266
4044,27,40,514434,128,0.560714840888977,0.560714840888977,1.0729870796203613,0.001,88.68902826309204
4045,27,41,514562,128,0.7022822499275208,0.7022822499275208,0.9537180662155151,0.001,88.70625424385071
4046,27,42,514690,128,0.8839626908302307,0.8839626908302307,1.2652106285095215,0.001,88.72390055656433
4047,27,43,514818,128,0.9053596258163452,0.9053596258163452,1.6730159521102905,0.001,88.74120831489563
4048,27,44,514946,128,0.8463277816772461,0.8463277816772461,1.133650779724121,0.001,88.75827407836914
4049,27,45,515074,128,0.39476248621940613,0.39476248621940613,1.1329654455184937,0.001,88.77565026283264
4050,27,46,515202,128,0.6047222018241882,0.6047222018241882,1.0761370658874512,0.001,88.79371476173401
4051,27,47,515330,128,1.0006351470947266,1.0006351470947266,0.9737898707389832,0.001,88.81121063232422
4052,27,48,515458,128,0.5478534698486328,0.5478534698486328,0.8833205103874207,0.001,88.82880091667175
4053,27,49,515586,128,0.5566360950469971,0.5566360950469971,1.3922103643417358,0.001,88.84605932235718
4054,27,50,515714,128,0.39241960644721985,0.39241960644721985,0.7555876970291138,0.001,88.86382150650024
4055,27,51,515842,128,0.5801962614059448,0.5801962614059448,1.2644494771957397,0.001,88.88097715377808
4056,27,52,515970,128,0.5546973943710327,0.5546973943710327,0.9077348113059998,0.001,88.89806580543518
4057,27,53,516098,128,0.38575419783592224,0.38575419783592224,1.016033411026001,0.001,88.91548871994019
4058,27,54,516226,128,0.5167020559310913,0.5167020559310913,0.9250196814537048,0.001,88.93359994888306
4059,27,55,516354,128,0.5537875890731812,0.5537875890731812,0.8933355808258057,0.001,88.951336145401
4060,27,56,516482,128,0.4490964114665985,0.4490964114665985,0.9700636863708496,0.001,88.96896171569824
4061,27,57,516610,128,0.5650293827056885,0.5650293827056885,0.7546856999397278,0.001,88.98677825927734
4062,27,58,516738,128,0.741948664188385,0.741948664188385,1.1200076341629028,0.001,89.00449562072754
4063,27,59,516866,128,0.5171480178833008,0.5171480178833008,0.8807336688041687,0.001,89.02201056480408
4064,27,60,516994,128,0.6473789215087891,0.6473789215087891,1.3045375347137451,0.001,89.03934860229492
4065,27,61,517122,128,0.6538122892379761,0.6538122892379761,1.1373413801193237,0.001,89.05789566040039
4066,27,62,517250,128,0.5896494388580322,0.5896494388580322,0.9935640692710876,0.001,89.07581496238708
4067,27,63,517378,128,0.5201621651649475,0.5201621651649475,1.0094634294509888,0.001,89.09329795837402
4068,27,64,517506,128,0.48300090432167053,0.48300090432167053,1.082284927368164,0.001,89.11073589324951
4069,27,65,517634,128,0.548539936542511,0.548539936542511,1.191132664680481,0.001,89.12829566001892
4070,27,66,517762,128,0.6082332730293274,0.6082332730293274,0.9775370359420776,0.001,89.14583539962769
4071,27,67,517890,128,0.49200841784477234,0.49200841784477234,1.0114009380340576,0.001,89.16341376304626
4072,27,68,518018,128,0.4824710786342621,0.4824710786342621,1.0374035835266113,0.001,89.18089199066162
4073,27,69,518146,128,0.4764268100261688,0.4764268100261688,1.1516999006271362,0.001,89.19865131378174
4074,27,70,518274,128,0.7320000529289246,0.7320000529289246,1.4058340787887573,0.001,89.2160279750824
4075,27,71,518402,128,0.5608587265014648,0.5608587265014648,1.2405296564102173,0.001,89.23335480690002
4076,27,72,518530,128,0.40974318981170654,0.40974318981170654,1.2685555219650269,0.001,89.25062036514282
4077,27,73,518658,128,0.626140296459198,0.626140296459198,1.148466944694519,0.001,89.26824164390564
4078,27,74,518786,128,0.5280004143714905,0.5280004143714905,1.5694161653518677,0.001,89.28565835952759
4079,27,75,518914,128,0.6422387361526489,0.6422387361526489,0.8962805271148682,0.001,89.30293440818787
4080,27,76,519042,128,0.54308021068573,0.54308021068573,1.079817771911621,0.001,89.32098722457886
4081,27,77,519170,128,0.5904593467712402,0.5904593467712402,1.127851963043213,0.001,89.33860349655151
4082,27,78,519298,128,0.49320143461227417,0.49320143461227417,1.009495496749878,0.001,89.3561704158783
4083,27,79,519426,128,0.638129472732544,0.638129472732544,1.1013840436935425,0.001,89.37370252609253
4084,27,80,519554,128,0.4619706869125366,0.4619706869125366,1.068349838256836,0.001,89.39173936843872
4085,27,81,519682,128,0.36535319685935974,0.36535319685935974,0.7665911316871643,0.001,89.40905332565308
4086,27,82,519810,128,0.7348649501800537,0.7348649501800537,1.2957866191864014,0.001,89.42616319656372
4087,27,83,519938,128,0.6657745242118835,0.6657745242118835,1.1381279230117798,0.001,89.44320893287659
4088,27,84,520066,128,0.516907811164856,0.516907811164856,0.8786165714263916,0.001,89.46074557304382
4089,27,85,520194,128,0.6819284558296204,0.6819284558296204,1.3046411275863647,0.001,89.47829556465149
4090,27,86,520322,128,0.8049477338790894,0.8049477338790894,1.2095550298690796,0.001,89.49563527107239
4091,27,87,520450,128,0.4718339443206787,0.4718339443206787,1.0470048189163208,0.001,89.51296806335449
4092,27,88,520578,128,0.6917999386787415,0.6917999386787415,1.0339018106460571,0.001,89.53056931495667
4093,27,89,520706,128,0.5592630505561829,0.5592630505561829,0.976752758026123,0.001,89.54795360565186
4094,27,90,520834,128,0.6033470034599304,0.6033470034599304,0.8210042715072632,0.001,89.56531739234924
4095,27,91,520962,128,0.6365483403205872,0.6365483403205872,1.1376047134399414,0.001,89.58257842063904
4096,27,92,521090,128,0.6709012389183044,0.6709012389183044,1.219268798828125,0.001,89.60018944740295
4097,27,93,521218,128,0.4869191646575928,0.4869191646575928,1.2104216814041138,0.001,89.61762642860413
4098,27,94,521346,128,0.6019046902656555,0.6019046902656555,0.9956026673316956,0.001,89.63519215583801
4099,27,95,521474,128,0.6758535504341125,0.6758535504341125,2.026041269302368,0.001,89.65251302719116
4100,27,96,521602,128,0.6934570074081421,0.6934570074081421,1.0849393606185913,0.001,89.67028069496155
4101,27,97,521730,128,0.5104243159294128,0.5104243159294128,0.7212201952934265,0.001,89.68793869018555
4102,27,98,521858,128,0.8809387683868408,0.8809387683868408,1.1921603679656982,0.001,89.70527267456055
4103,27,99,521986,128,0.6259600520133972,0.6259600520133972,0.7085592746734619,0.001,89.72289872169495
4104,27,100,522114,128,0.5866269469261169,0.5866269469261169,1.1310148239135742,0.001,89.74069929122925
4105,27,101,522242,128,0.5480360388755798,0.5480360388755798,1.1602598428726196,0.001,89.75795221328735
4106,27,102,522370,128,0.5024974346160889,0.5024974346160889,0.9927720427513123,0.001,89.77537608146667
4107,27,103,522498,128,0.6691087484359741,0.6691087484359741,0.8736004829406738,0.001,89.79366397857666
4108,27,104,522626,128,0.5309435725212097,0.5309435725212097,0.8645163178443909,0.001,89.81171679496765
4109,27,105,522754,128,0.7872992753982544,0.7872992753982544,1.122690200805664,0.001,89.82942175865173
4110,27,106,522882,128,0.5238823890686035,0.5238823890686035,1.2180503606796265,0.001,89.846843957901
4111,27,107,523010,128,0.44495928287506104,0.44495928287506104,1.1263248920440674,0.001,89.86475324630737
4112,27,108,523138,128,0.7831702828407288,0.7831702828407288,0.914817214012146,0.001,89.88242197036743
4113,27,109,523266,128,0.7318887114524841,0.7318887114524841,0.8514421582221985,0.001,89.90005826950073
4114,27,110,523394,128,0.6087260246276855,0.6087260246276855,1.2218595743179321,0.001,89.9175078868866
4115,27,111,523522,128,0.7088700532913208,0.7088700532913208,1.2821474075317383,0.001,89.93554353713989
4116,27,112,523650,128,0.7946500778198242,0.7946500778198242,0.817954421043396,0.001,89.95303392410278
4117,27,113,523778,128,0.9354104399681091,0.9354104399681091,1.2726414203643799,0.001,89.97044682502747
4118,27,114,523906,128,0.6959368586540222,0.6959368586540222,1.240688681602478,0.001,89.98836922645569
4119,27,115,524034,128,0.5520941019058228,0.5520941019058228,1.1386432647705078,0.001,90.00603532791138
4120,27,116,524162,128,0.3953874111175537,0.3953874111175537,0.8757641911506653,0.001,90.02383232116699
4121,27,117,524290,128,0.8394350409507751,0.8394350409507751,0.9667667746543884,0.001,90.04150819778442
4122,27,118,524418,128,0.8721120953559875,0.8721120953559875,1.2275038957595825,0.001,90.05999708175659
4123,27,119,524546,128,0.649359405040741,0.649359405040741,0.9802576899528503,0.001,90.07779049873352
4124,27,120,524674,128,0.6612933278083801,0.6612933278083801,1.048896074295044,0.001,90.09544253349304
4125,27,121,524802,128,0.8532352447509766,0.8532352447509766,1.0115407705307007,0.001,90.11330342292786
4126,27,122,524930,128,0.6707935333251953,0.6707935333251953,0.8566333055496216,0.001,90.13131189346313
4127,27,123,525058,128,0.5094059109687805,0.5094059109687805,1.1547943353652954,0.001,90.14920806884766
4128,27,124,525186,128,0.5268542170524597,0.5268542170524597,0.8560705780982971,0.001,90.16695857048035
4129,27,125,525314,128,0.6417883634567261,0.6417883634567261,1.1525049209594727,0.001,90.18481016159058
4130,27,126,525442,128,0.4663522243499756,0.4663522243499756,1.4298229217529297,0.001,90.2029983997345
4131,27,127,525570,128,0.8016471862792969,0.8016471862792969,0.8391584753990173,0.001,90.22114181518555
4132,27,128,525698,128,0.5657910704612732,0.5657910704612732,1.05221426486969,0.001,90.23892998695374
4133,27,129,525826,128,0.7281586527824402,0.7281586527824402,1.1405748128890991,0.001,90.25710582733154
4134,27,130,525954,128,0.4476180970668793,0.4476180970668793,1.0058097839355469,0.001,90.27489280700684
4135,27,131,526082,128,0.41820624470710754,0.41820624470710754,1.095293641090393,0.001,90.29270482063293
4136,27,132,526210,128,0.8227280974388123,0.8227280974388123,0.951760470867157,0.001,90.31054186820984
4137,27,133,526338,128,0.556972324848175,0.556972324848175,0.7786871790885925,0.001,90.32856011390686
4138,27,134,526466,128,0.6011660099029541,0.6011660099029541,0.8284547924995422,0.001,90.34625554084778
4139,27,135,526594,128,0.7076804041862488,0.7076804041862488,0.859009325504303,0.001,90.3637318611145
4140,27,136,526722,128,0.7281257510185242,0.7281257510185242,1.4927207231521606,0.001,90.38116526603699
4141,27,137,526850,128,0.523590087890625,0.523590087890625,1.049394130706787,0.001,90.39906907081604
4142,27,138,526978,128,0.7255917191505432,0.7255917191505432,1.1389577388763428,0.001,90.4169819355011
4143,27,139,527106,128,0.7126430869102478,0.7126430869102478,1.2959879636764526,0.001,90.4348635673523
4144,27,140,527234,128,0.5128694176673889,0.5128694176673889,0.7980988025665283,0.001,90.45275664329529
4145,27,141,527362,128,0.49409055709838867,0.49409055709838867,0.8868275880813599,0.001,90.47074723243713
4146,27,142,527490,128,0.7060582041740417,0.7060582041740417,0.8674406409263611,0.001,90.48845434188843
4147,27,143,527618,128,0.600079357624054,0.600079357624054,1.214996337890625,0.001,90.50592708587646
4148,27,144,527746,128,0.7296792268753052,0.7296792268753052,1.19200599193573,0.001,90.52373957633972
4149,27,145,527874,128,0.6107658743858337,0.6107658743858337,1.3393514156341553,0.001,90.54129934310913
4150,27,146,528002,128,0.5872183442115784,0.5872183442115784,0.9523477554321289,0.001,90.55879855155945
4151,27,147,528130,128,0.4943099021911621,0.4943099021911621,1.207560420036316,0.001,90.57621908187866
4152,27,148,528258,128,0.4164468050003052,0.4164468050003052,1.0882538557052612,0.001,90.59388327598572
4153,27,149,528386,128,0.6493725180625916,0.6493725180625916,1.4613966941833496,0.001,90.61154079437256
4154,27,150,528514,128,0.3861866593360901,0.3861866593360901,1.382558822631836,0.001,90.62901997566223
4155,27,151,528642,128,0.44682127237319946,0.44682127237319946,1.0094950199127197,0.001,90.64653301239014
4156,27,152,528770,128,0.5176628828048706,0.5176628828048706,1.4813361167907715,0.001,90.66455221176147
4157,27,153,528898,128,0.5806345343589783,0.5806345343589783,1.024444818496704,0.001,90.68214893341064
4158,27,154,528903,5,0.6775533556938171,0.6775533556938171,0.8442569971084595,0.001,90.68495512008667
4159,28,1,529031,128,0.7043811082839966,0.7043811082839966,0.8512348532676697,0.001,91.37811040878296
4160,28,2,529159,128,0.6273288726806641,0.6273288726806641,0.8919044137001038,0.001,91.39586234092712
4161,28,3,529287,128,0.7911356687545776,0.7911356687545776,0.7600229382514954,0.001,91.41395330429077
4162,28,4,529415,128,0.7259568572044373,0.7259568572044373,1.1393197774887085,0.001,91.43190860748291
4163,28,5,529543,128,0.6236145496368408,0.6236145496368408,1.6715055704116821,0.001,91.44977116584778
4164,28,6,529671,128,0.732346773147583,0.732346773147583,1.2856831550598145,0.001,91.46808242797852
4165,28,7,529799,128,0.5525351762771606,0.5525351762771606,0.7934487462043762,0.001,91.48612403869629
4166,28,8,529927,128,0.4161751866340637,0.4161751866340637,1.2453019618988037,0.001,91.5039234161377
4167,28,9,530055,128,0.3898766338825226,0.3898766338825226,0.9941813349723816,0.001,91.52183961868286
4168,28,10,530183,128,0.501613974571228,0.501613974571228,1.1192760467529297,0.001,91.54008841514587
4169,28,11,530311,128,0.457600474357605,0.457600474357605,0.8703641891479492,0.001,91.55773711204529
4170,28,12,530439,128,0.45200586318969727,0.45200586318969727,0.9775145649909973,0.001,91.57557535171509
4171,28,13,530567,128,0.32004445791244507,0.32004445791244507,0.758567214012146,0.001,91.59373545646667
4172,28,14,530695,128,0.6879662871360779,0.6879662871360779,0.8766157031059265,0.001,91.6117844581604
4173,28,15,530823,128,0.6286461353302002,0.6286461353302002,1.1899620294570923,0.001,91.62949562072754
4174,28,16,530951,128,0.707427442073822,0.707427442073822,1.4006614685058594,0.001,91.64723563194275
4175,28,17,531079,128,0.5056937336921692,0.5056937336921692,1.1276434659957886,0.001,91.66519498825073
4176,28,18,531207,128,0.953027069568634,0.953027069568634,1.2175242900848389,0.001,91.68281817436218
4177,28,19,531335,128,0.5085269212722778,0.5085269212722778,1.5018603801727295,0.001,91.70059394836426
4178,28,20,531463,128,0.5589392185211182,0.5589392185211182,1.0652743577957153,0.001,91.71829390525818
4179,28,21,531591,128,0.5736335515975952,0.5736335515975952,1.183045506477356,0.001,91.73618817329407
4180,28,22,531719,128,0.48817285895347595,0.48817285895347595,0.8883024454116821,0.001,91.75394296646118
4181,28,23,531847,128,0.49105527997016907,0.49105527997016907,1.010257601737976,0.001,91.7715003490448
4182,28,24,531975,128,0.5287238359451294,0.5287238359451294,0.9595365524291992,0.001,91.78915739059448
4183,28,25,532103,128,0.5814098715782166,0.5814098715782166,0.8388122320175171,0.001,91.8074996471405
4184,28,26,532231,128,0.5671666860580444,0.5671666860580444,1.2455928325653076,0.001,91.82533693313599
4185,28,27,532359,128,0.3940693438053131,0.3940693438053131,1.2448714971542358,0.001,91.8429319858551
4186,28,28,532487,128,0.5076643228530884,0.5076643228530884,1.420492172241211,0.001,91.86110830307007
4187,28,29,532615,128,0.555584728717804,0.555584728717804,0.8758999109268188,0.001,91.87879753112793
4188,28,30,532743,128,0.5519151091575623,0.5519151091575623,0.8624424338340759,0.001,91.89624381065369
4189,28,31,532871,128,0.4862644076347351,0.4862644076347351,0.8992244601249695,0.001,91.91398119926453
4190,28,32,532999,128,0.5992192625999451,0.5992192625999451,0.8898870944976807,0.001,91.93176913261414
4191,28,33,533127,128,0.5830975770950317,0.5830975770950317,0.7750808000564575,0.001,91.94955277442932
4192,28,34,533255,128,0.6013811826705933,0.6013811826705933,1.0927433967590332,0.001,91.967120885849
4193,28,35,533383,128,0.7751555442810059,0.7751555442810059,1.4298042058944702,0.001,91.98486161231995
4194,28,36,533511,128,0.6273016929626465,0.6273016929626465,0.9709076285362244,0.001,92.00280833244324
4195,28,37,533639,128,0.936826765537262,0.936826765537262,1.154236912727356,0.001,92.02064156532288
4196,28,38,533767,128,0.673195481300354,0.673195481300354,1.4684165716171265,0.001,92.03825092315674
4197,28,39,533895,128,0.5434078574180603,0.5434078574180603,1.2561607360839844,0.001,92.05612111091614
4198,28,40,534023,128,0.5995878577232361,0.5995878577232361,1.614079475402832,0.001,92.07431602478027
4199,28,41,534151,128,0.6795835494995117,0.6795835494995117,1.140368938446045,0.001,92.09209275245667
4200,28,42,534279,128,0.610045313835144,0.610045313835144,0.7628918886184692,0.001,92.10978722572327
4201,28,43,534407,128,0.6093377470970154,0.6093377470970154,1.2627692222595215,0.001,92.12815308570862
4202,28,44,534535,128,0.5092483162879944,0.5092483162879944,0.9248354434967041,0.001,92.14596843719482
4203,28,45,534663,128,0.8992753624916077,0.8992753624916077,1.0853160619735718,0.001,92.16377139091492
4204,28,46,534791,128,0.5531290173530579,0.5531290173530579,1.1260398626327515,0.001,92.1814022064209
4205,28,47,534919,128,0.49328485131263733,0.49328485131263733,1.2920982837677002,0.001,92.19981122016907
4206,28,48,535047,128,0.5989207625389099,0.5989207625389099,1.0192580223083496,0.001,92.21767473220825
4207,28,49,535175,128,0.7153772711753845,0.7153772711753845,1.3700733184814453,0.001,92.23545551300049
4208,28,50,535303,128,0.4858546257019043,0.4858546257019043,1.2955431938171387,0.001,92.25310969352722
4209,28,51,535431,128,0.528705894947052,0.528705894947052,0.9120628833770752,0.001,92.27111506462097
4210,28,52,535559,128,0.647117018699646,0.647117018699646,1.0085399150848389,0.001,92.28891038894653
4211,28,53,535687,128,0.42986056208610535,0.42986056208610535,0.7680672407150269,0.001,92.30661511421204
4212,28,54,535815,128,0.7036570310592651,0.7036570310592651,0.9684786200523376,0.001,92.32426142692566
4213,28,55,535943,128,0.6103309392929077,0.6103309392929077,0.734900951385498,0.001,92.34275674819946
4214,28,56,536071,128,0.5132014751434326,0.5132014751434326,0.9433484077453613,0.001,92.3602659702301
4215,28,57,536199,128,0.8267676830291748,0.8267676830291748,1.1325229406356812,0.001,92.37769532203674
4216,28,58,536327,128,0.711507260799408,0.711507260799408,1.0110013484954834,0.001,92.39576363563538
4217,28,59,536455,128,0.6116230487823486,0.6116230487823486,1.2041274309158325,0.001,92.4136860370636
4218,28,60,536583,128,0.5984606742858887,0.5984606742858887,1.2591259479522705,0.001,92.43143820762634
4219,28,61,536711,128,0.6433210372924805,0.6433210372924805,0.9264946579933167,0.001,92.44921135902405
4220,28,62,536839,128,0.6435500383377075,0.6435500383377075,1.2081166505813599,0.001,92.46735572814941
4221,28,63,536967,128,0.6612903475761414,0.6612903475761414,1.2102196216583252,0.001,92.48532009124756
4222,28,64,537095,128,0.46402883529663086,0.46402883529663086,0.8504869937896729,0.001,92.50315856933594
4223,28,65,537223,128,0.5486059188842773,0.5486059188842773,1.168323040008545,0.001,92.52088809013367
4224,28,66,537351,128,0.7156634330749512,0.7156634330749512,1.4443761110305786,0.001,92.53922700881958
4225,28,67,537479,128,0.5822396278381348,0.5822396278381348,0.9021214246749878,0.001,92.55709338188171
4226,28,68,537607,128,0.5321705341339111,0.5321705341339111,1.0415836572647095,0.001,92.57486724853516
4227,28,69,537735,128,0.5830134749412537,0.5830134749412537,0.799099326133728,0.001,92.59277558326721
4228,28,70,537863,128,0.44574224948883057,0.44574224948883057,1.442407488822937,0.001,92.6111090183258
4229,28,71,537991,128,0.6050099730491638,0.6050099730491638,1.2741976976394653,0.001,92.62880110740662
4230,28,72,538119,128,0.7735522389411926,0.7735522389411926,0.9009000658988953,0.001,92.64638590812683
4231,28,73,538247,128,0.3543303906917572,0.3543303906917572,1.024114727973938,0.001,92.66466879844666
4232,28,74,538375,128,0.729633629322052,0.729633629322052,0.9645739793777466,0.001,92.68262505531311
4233,28,75,538503,128,0.7089248299598694,0.7089248299598694,0.8432058095932007,0.001,92.70020508766174
4234,28,76,538631,128,0.4600948691368103,0.4600948691368103,0.8080412149429321,0.001,92.71756386756897
4235,28,77,538759,128,0.41482973098754883,0.41482973098754883,1.1359153985977173,0.001,92.7358410358429
4236,28,78,538887,128,0.5250570178031921,0.5250570178031921,1.7132879495620728,0.001,92.7536735534668
4237,28,79,539015,128,0.7114385962486267,0.7114385962486267,1.3374196290969849,0.001,92.77159452438354
4238,28,80,539143,128,0.8651270270347595,0.8651270270347595,0.982886791229248,0.001,92.78933262825012
4239,28,81,539271,128,0.6767314672470093,0.6767314672470093,1.106558918952942,0.001,92.80782580375671
4240,28,82,539399,128,0.6870847940444946,0.6870847940444946,0.9042978882789612,0.001,92.825608253479
4241,28,83,539527,128,0.5111111998558044,0.5111111998558044,0.8645436763763428,0.001,92.84338355064392
4242,28,84,539655,128,0.36503851413726807,0.36503851413726807,0.8489095568656921,0.001,92.86121845245361
4243,28,85,539783,128,0.4762062728404999,0.4762062728404999,1.0296846628189087,0.001,92.87898564338684
4244,28,86,539911,128,0.5666996836662292,0.5666996836662292,1.009469747543335,0.001,92.89680695533752
4245,28,87,540039,128,0.5598906874656677,0.5598906874656677,1.050005555152893,0.001,92.91445350646973
4246,28,88,540167,128,0.6015270352363586,0.6015270352363586,1.0137490034103394,0.001,92.93247747421265
4247,28,89,540295,128,0.3917349576950073,0.3917349576950073,0.7139326333999634,0.001,92.95035004615784
4248,28,90,540423,128,0.44635269045829773,0.44635269045829773,1.0879535675048828,0.001,92.96796917915344
4249,28,91,540551,128,0.5815700888633728,0.5815700888633728,0.8932560682296753,0.001,92.9857931137085
4250,28,92,540679,128,0.7081783413887024,0.7081783413887024,1.140952229499817,0.001,93.00397896766663
4251,28,93,540807,128,0.7164978384971619,0.7164978384971619,0.8070498108863831,0.001,93.0218288898468
4252,28,94,540935,128,0.56519615650177,0.56519615650177,1.176047682762146,0.001,93.03945755958557
4253,28,95,541063,128,0.5841671824455261,0.5841671824455261,1.250842571258545,0.001,93.05745935440063
4254,28,96,541191,128,0.4466310441493988,0.4466310441493988,1.188761591911316,0.001,93.07556509971619
4255,28,97,541319,128,0.520828366279602,0.520828366279602,1.022780418395996,0.001,93.09360194206238
4256,28,98,541447,128,0.6337221264839172,0.6337221264839172,0.8426028490066528,0.001,93.11154842376709
4257,28,99,541575,128,0.5029972791671753,0.5029972791671753,0.6174643635749817,0.001,93.12985324859619
4258,28,100,541703,128,0.6306638121604919,0.6306638121604919,0.955799400806427,0.001,93.14778995513916
4259,28,101,541831,128,0.5972557067871094,0.5972557067871094,0.833306610584259,0.001,93.16547989845276
4260,28,102,541959,128,0.2792116701602936,0.2792116701602936,1.0645751953125,0.001,93.18314290046692
4261,28,103,542087,128,0.5115214586257935,0.5115214586257935,1.0293452739715576,0.001,93.2016224861145
4262,28,104,542215,128,0.7390871047973633,0.7390871047973633,1.252246379852295,0.001,93.21927857398987
4263,28,105,542343,128,0.6268128752708435,0.6268128752708435,1.4923903942108154,0.001,93.23693132400513
4264,28,106,542471,128,0.7340623140335083,0.7340623140335083,0.9967040419578552,0.001,93.25449085235596
4265,28,107,542599,128,0.7580456137657166,0.7580456137657166,1.2510384321212769,0.001,93.27256226539612
4266,28,108,542727,128,0.5537347197532654,0.5537347197532654,1.37935471534729,0.001,93.29012489318848
4267,28,109,542855,128,0.7007918357849121,0.7007918357849121,1.307813286781311,0.001,93.30806756019592
4268,28,110,542983,128,0.6904298067092896,0.6904298067092896,1.3618011474609375,0.001,93.32581210136414
4269,28,111,543111,128,0.5739277005195618,0.5739277005195618,0.9146929979324341,0.001,93.34381365776062
4270,28,112,543239,128,0.8698036074638367,0.8698036074638367,1.4084991216659546,0.001,93.36146068572998
4271,28,113,543367,128,0.8578050136566162,0.8578050136566162,0.8806782960891724,0.001,93.37937641143799
4272,28,114,543495,128,0.5725253224372864,0.5725253224372864,1.1434630155563354,0.001,93.39719891548157
4273,28,115,543623,128,0.5326852202415466,0.5326852202415466,1.2880860567092896,0.001,93.41518712043762
4274,28,116,543751,128,0.7879693508148193,0.7879693508148193,1.0531926155090332,0.001,93.43295407295227
4275,28,117,543879,128,0.4353539049625397,0.4353539049625397,1.6149181127548218,0.001,93.45067596435547
4276,28,118,544007,128,0.544780433177948,0.544780433177948,0.9680302143096924,0.001,93.46884870529175
4277,28,119,544135,128,0.5572220087051392,0.5572220087051392,1.1355843544006348,0.001,93.48637843132019
4278,28,120,544263,128,0.6584690809249878,0.6584690809249878,1.409474492073059,0.001,93.50400972366333
4279,28,121,544391,128,0.4849288761615753,0.4849288761615753,1.0417293310165405,0.001,93.52181315422058
4280,28,122,544519,128,0.5310960412025452,0.5310960412025452,0.972212016582489,0.001,93.54019141197205
4281,28,123,544647,128,0.6053804159164429,0.6053804159164429,1.4368535280227661,0.001,93.55812215805054
4282,28,124,544775,128,0.5747637748718262,0.5747637748718262,1.0005775690078735,0.001,93.57612109184265
4283,28,125,544903,128,0.44279205799102783,0.44279205799102783,0.8678761124610901,0.001,93.59402537345886
4284,28,126,545031,128,0.5184649229049683,0.5184649229049683,0.7898748517036438,0.001,93.61213254928589
4285,28,127,545159,128,0.4352363049983978,0.4352363049983978,1.137880802154541,0.001,93.6303436756134
4286,28,128,545287,128,0.34587451815605164,0.34587451815605164,0.8422384262084961,0.001,93.64826846122742
4287,28,129,545415,128,0.6804032921791077,0.6804032921791077,1.320457100868225,0.001,93.6665346622467
4288,28,130,545543,128,0.5907486081123352,0.5907486081123352,1.032626748085022,0.001,93.68448543548584
4289,28,131,545671,128,0.5817674994468689,0.5817674994468689,1.1433582305908203,0.001,93.70247173309326
4290,28,132,545799,128,0.8737128973007202,0.8737128973007202,1.4360893964767456,0.001,93.72028422355652
4291,28,133,545927,128,0.44969454407691956,0.44969454407691956,1.1952478885650635,0.001,93.73845887184143
4292,28,134,546055,128,0.6816975474357605,0.6816975474357605,1.2724261283874512,0.001,93.75597524642944
4293,28,135,546183,128,0.514092743396759,0.514092743396759,1.0194698572158813,0.001,93.7735207080841
4294,28,136,546311,128,0.37551790475845337,0.37551790475845337,1.406257152557373,0.001,93.791086435318
4295,28,137,546439,128,0.7781453728675842,0.7781453728675842,0.890143632888794,0.001,93.80959439277649
4296,28,138,546567,128,0.5751783847808838,0.5751783847808838,1.5549275875091553,0.001,93.82763314247131
4297,28,139,546695,128,0.48774009943008423,0.48774009943008423,1.0383594036102295,0.001,93.84571719169617
4298,28,140,546823,128,0.6257755756378174,0.6257755756378174,0.896419107913971,0.001,93.86365580558777
4299,28,141,546951,128,0.7060768008232117,0.7060768008232117,1.0615118741989136,0.001,93.881520986557
4300,28,142,547079,128,0.54694002866745,0.54694002866745,1.0507913827896118,0.001,93.89912486076355
4301,28,143,547207,128,0.7613381147384644,0.7613381147384644,0.9597725868225098,0.001,93.91734433174133
4302,28,144,547335,128,0.688768208026886,0.688768208026886,0.8856565356254578,0.001,93.93569421768188
4303,28,145,547463,128,0.9319856762886047,0.9319856762886047,1.2396128177642822,0.001,93.95427894592285
4304,28,146,547591,128,0.373227596282959,0.373227596282959,1.0381183624267578,0.001,93.97206950187683
4305,28,147,547719,128,0.4964912235736847,0.4964912235736847,1.1614458560943604,0.001,93.98977422714233
4306,28,148,547847,128,0.7688220143318176,0.7688220143318176,1.1502587795257568,0.001,94.00787019729614
4307,28,149,547975,128,0.6458010673522949,0.6458010673522949,1.3058995008468628,0.001,94.02545762062073
4308,28,150,548103,128,0.9672964811325073,0.9672964811325073,0.9732804894447327,0.001,94.0431957244873
4309,28,151,548231,128,0.7464698553085327,0.7464698553085327,0.9182519912719727,0.001,94.06131887435913
4310,28,152,548359,128,0.7397534251213074,0.7397534251213074,0.9227502942085266,0.001,94.07951259613037
4311,28,153,548487,128,0.6856687664985657,0.6856687664985657,1.1172157526016235,0.001,94.09700870513916
4312,28,154,548492,5,0.26121968030929565,0.26121968030929565,0.5497450232505798,0.001,94.09957551956177
4313,29,1,548620,128,0.7739748358726501,0.7739748358726501,1.089637279510498,0.001,94.7973415851593
4314,29,2,548748,128,0.6405994296073914,0.6405994296073914,1.0852818489074707,0.001,94.815345287323
4315,29,3,548876,128,0.7139207124710083,0.7139207124710083,1.1284247636795044,0.001,94.83305430412292
4316,29,4,549004,128,0.641101062297821,0.641101062297821,0.9776954650878906,0.001,94.85052275657654
4317,29,5,549132,128,0.5282106399536133,0.5282106399536133,1.363133430480957,0.001,94.86858701705933
4318,29,6,549260,128,0.7627286911010742,0.7627286911010742,0.9118463397026062,0.001,94.88607859611511
4319,29,7,549388,128,0.7350167036056519,0.7350167036056519,1.0785672664642334,0.001,94.9035906791687
4320,29,8,549516,128,0.606658399105072,0.606658399105072,1.0802358388900757,0.001,94.92104125022888
4321,29,9,549644,128,0.492868036031723,0.492868036031723,1.0813517570495605,0.001,94.9388816356659
4322,29,10,549772,128,0.795722246170044,0.795722246170044,0.7710508108139038,0.001,94.9569182395935
4323,29,11,549900,128,0.4826710820198059,0.4826710820198059,0.8013649582862854,0.001,94.97442197799683
4324,29,12,550028,128,0.498203307390213,0.498203307390213,1.0647850036621094,0.001,94.99180722236633
4325,29,13,550156,128,0.4714523255825043,0.4714523255825043,0.9211631417274475,0.001,95.00993609428406
4326,29,14,550284,128,0.4743117392063141,0.4743117392063141,0.9106618762016296,0.001,95.02763175964355
4327,29,15,550412,128,0.496112197637558,0.496112197637558,1.1010773181915283,0.001,95.04519319534302
4328,29,16,550540,128,0.4139077961444855,0.4139077961444855,0.9664368033409119,0.001,95.06313800811768
4329,29,17,550668,128,0.5171405673027039,0.5171405673027039,0.968864381313324,0.001,95.0816478729248
4330,29,18,550796,128,0.6134617924690247,0.6134617924690247,1.2086615562438965,0.001,95.09930491447449
4331,29,19,550924,128,0.6075885891914368,0.6075885891914368,1.0312278270721436,0.001,95.1171944141388
4332,29,20,551052,128,0.46528154611587524,0.46528154611587524,1.0092664957046509,0.001,95.13528633117676
4333,29,21,551180,128,0.8955059051513672,0.8955059051513672,1.2632805109024048,0.001,95.15312623977661
4334,29,22,551308,128,0.6318719983100891,0.6318719983100891,1.2543625831604004,0.001,95.17056608200073
4335,29,23,551436,128,0.4931577146053314,0.4931577146053314,1.4025222063064575,0.001,95.18832325935364
4336,29,24,551564,128,0.5607543587684631,0.5607543587684631,1.3698490858078003,0.001,95.20655632019043
4337,29,25,551692,128,0.46671098470687866,0.46671098470687866,0.9971968531608582,0.001,95.22456622123718
4338,29,26,551820,128,0.6088953018188477,0.6088953018188477,0.7457001209259033,0.001,95.24246406555176
4339,29,27,551948,128,0.6140616536140442,0.6140616536140442,1.261663794517517,0.001,95.26036953926086
4340,29,28,552076,128,0.5748834609985352,0.5748834609985352,1.2496281862258911,0.001,95.27839684486389
4341,29,29,552204,128,0.42234915494918823,0.42234915494918823,1.1383472681045532,0.001,95.29608154296875
4342,29,30,552332,128,0.5735114216804504,0.5735114216804504,1.2473478317260742,0.001,95.31383466720581
4343,29,31,552460,128,0.5282078385353088,0.5282078385353088,1.4430292844772339,0.001,95.3319194316864
4344,29,32,552588,128,0.36483538150787354,0.36483538150787354,0.8521035313606262,0.001,95.34985017776489
4345,29,33,552716,128,0.7335818409919739,0.7335818409919739,0.985578715801239,0.001,95.36752843856812
4346,29,34,552844,128,0.6548901200294495,0.6548901200294495,1.4321482181549072,0.001,95.38531064987183
4347,29,35,552972,128,0.5350658297538757,0.5350658297538757,1.1858693361282349,0.001,95.40361738204956
4348,29,36,553100,128,0.5415400266647339,0.5415400266647339,0.9815834760665894,0.001,95.42120599746704
4349,29,37,553228,128,0.4846571981906891,0.4846571981906891,1.3082692623138428,0.001,95.43918919563293
4350,29,38,553356,128,0.7371374368667603,0.7371374368667603,1.0131850242614746,0.001,95.45686602592468
4351,29,39,553484,128,0.46375274658203125,0.46375274658203125,0.9352320432662964,0.001,95.47511315345764
4352,29,40,553612,128,0.6039167642593384,0.6039167642593384,0.9089894890785217,0.001,95.4928457736969
4353,29,41,553740,128,0.658191442489624,0.658191442489624,1.062219262123108,0.001,95.51039719581604
4354,29,42,553868,128,0.51943439245224,0.51943439245224,0.9936167597770691,0.001,95.52798509597778
4355,29,43,553996,128,0.3397403657436371,0.3397403657436371,0.864787220954895,0.001,95.54605150222778
4356,29,44,554124,128,0.6060895919799805,0.6060895919799805,1.1251039505004883,0.001,95.56394529342651
4357,29,45,554252,128,0.7003254294395447,0.7003254294395447,1.1929824352264404,0.001,95.58181190490723
4358,29,46,554380,128,0.6277893781661987,0.6277893781661987,1.0763241052627563,0.001,95.59971070289612
4359,29,47,554508,128,0.6110851168632507,0.6110851168632507,0.9743034839630127,0.001,95.61755180358887
4360,29,48,554636,128,0.5460248589515686,0.5460248589515686,1.0060927867889404,0.001,95.63523721694946
4361,29,49,554764,128,0.5860556364059448,0.5860556364059448,0.7530075907707214,0.001,95.65308833122253
4362,29,50,554892,128,0.580575704574585,0.580575704574585,1.0389835834503174,0.001,95.67131280899048
4363,29,51,555020,128,0.5330854058265686,0.5330854058265686,1.184704065322876,0.001,95.68925619125366
4364,29,52,555148,128,0.6325640082359314,0.6325640082359314,0.8695345520973206,0.001,95.70698952674866
4365,29,53,555276,128,0.5565432906150818,0.5565432906150818,1.1842743158340454,0.001,95.72508382797241
4366,29,54,555404,128,0.5244633555412292,0.5244633555412292,0.9028416275978088,0.001,95.74341988563538
4367,29,55,555532,128,0.4568716287612915,0.4568716287612915,0.97032231092453,0.001,95.76173496246338
4368,29,56,555660,128,0.6874681115150452,0.6874681115150452,0.8125916123390198,0.001,95.78002691268921
4369,29,57,555788,128,0.6556064486503601,0.6556064486503601,1.0004572868347168,0.001,95.79801750183105
4370,29,58,555916,128,0.6686603426933289,0.6686603426933289,1.0706651210784912,0.001,95.81627535820007
4371,29,59,556044,128,0.625817060470581,0.625817060470581,1.0558607578277588,0.001,95.83406734466553
4372,29,60,556172,128,0.8604221940040588,0.8604221940040588,0.9770635366439819,0.001,95.85154032707214
4373,29,61,556300,128,0.3411872684955597,0.3411872684955597,1.2428771257400513,0.001,95.86972999572754
4374,29,62,556428,128,0.5234894156455994,0.5234894156455994,1.1829954385757446,0.001,95.88753175735474
4375,29,63,556556,128,0.6062066555023193,0.6062066555023193,0.9972306489944458,0.001,95.90508675575256
4376,29,64,556684,128,0.7583357095718384,0.7583357095718384,1.2729971408843994,0.001,95.9228515625
4377,29,65,556812,128,0.6027044653892517,0.6027044653892517,1.0498428344726562,0.001,95.94087600708008
4378,29,66,556940,128,0.5368605256080627,0.5368605256080627,0.7134106159210205,0.001,95.95856428146362
4379,29,67,557068,128,0.5194764733314514,0.5194764733314514,1.0769643783569336,0.001,95.97628474235535
4380,29,68,557196,128,0.6950796842575073,0.6950796842575073,1.1856542825698853,0.001,95.99391341209412
4381,29,69,557324,128,0.7027119398117065,0.7027119398117065,1.2810860872268677,0.001,96.01173710823059
4382,29,70,557452,128,0.6424105763435364,0.6424105763435364,1.0020320415496826,0.001,96.02961921691895
4383,29,71,557580,128,0.4593617022037506,0.4593617022037506,0.7839091420173645,0.001,96.04740643501282
4384,29,72,557708,128,0.45018112659454346,0.45018112659454346,1.3388559818267822,0.001,96.06532168388367
4385,29,73,557836,128,0.846592366695404,0.846592366695404,0.9229728579521179,0.001,96.08395743370056
4386,29,74,557964,128,0.5490526556968689,0.5490526556968689,0.8955711126327515,0.001,96.1020359992981
4387,29,75,558092,128,0.48140981793403625,0.48140981793403625,1.2209062576293945,0.001,96.11962080001831
4388,29,76,558220,128,0.5405229926109314,0.5405229926109314,1.09278404712677,0.001,96.13776731491089
4389,29,77,558348,128,0.5386123657226562,0.5386123657226562,1.1435428857803345,0.001,96.15580701828003
4390,29,78,558476,128,0.4968280792236328,0.4968280792236328,1.1708344221115112,0.001,96.17385029792786
4391,29,79,558604,128,0.7218566536903381,0.7218566536903381,1.4809679985046387,0.001,96.19166922569275
4392,29,80,558732,128,0.7697615623474121,0.7697615623474121,0.7929423451423645,0.001,96.20981860160828
4393,29,81,558860,128,0.47830915451049805,0.47830915451049805,1.0864026546478271,0.001,96.22774195671082
4394,29,82,558988,128,0.47473201155662537,0.47473201155662537,1.327078938484192,0.001,96.24559259414673
4395,29,83,559116,128,0.5494498014450073,0.5494498014450073,1.4157359600067139,0.001,96.26322531700134
4396,29,84,559244,128,0.7297983169555664,0.7297983169555664,1.1429393291473389,0.001,96.28141188621521
4397,29,85,559372,128,0.5238442420959473,0.5238442420959473,1.215531587600708,0.001,96.29936194419861
4398,29,86,559500,128,0.4693288207054138,0.4693288207054138,1.2417136430740356,0.001,96.31716752052307
4399,29,87,559628,128,0.6109454035758972,0.6109454035758972,1.3075069189071655,0.001,96.33534550666809
4400,29,88,559756,128,0.44571220874786377,0.44571220874786377,1.1589455604553223,0.001,96.35352039337158
4401,29,89,559884,128,0.5053281188011169,0.5053281188011169,1.5258073806762695,0.001,96.37141227722168
4402,29,90,560012,128,0.46255579590797424,0.46255579590797424,0.6367146968841553,0.001,96.38926315307617
4403,29,91,560140,128,0.48158103227615356,0.48158103227615356,0.8856347799301147,0.001,96.40777254104614
4404,29,92,560268,128,0.3740695118904114,0.3740695118904114,1.2049256563186646,0.001,96.42561054229736
4405,29,93,560396,128,0.48924243450164795,0.48924243450164795,0.831961452960968,0.001,96.44346714019775
4406,29,94,560524,128,0.4929417371749878,0.4929417371749878,0.8846912980079651,0.001,96.46154141426086
4407,29,95,560652,128,0.44181331992149353,0.44181331992149353,0.8651501536369324,0.001,96.47979164123535
4408,29,96,560780,128,0.49300146102905273,0.49300146102905273,1.2386863231658936,0.001,96.49759936332703
4409,29,97,560908,128,0.6137932538986206,0.6137932538986206,1.0101025104522705,0.001,96.51563763618469
4410,29,98,561036,128,0.40506798028945923,0.40506798028945923,0.8662965893745422,0.001,96.53354501724243
4411,29,99,561164,128,0.6742207407951355,0.6742207407951355,0.8832303881645203,0.001,96.55164051055908
4412,29,100,561292,128,0.4877574145793915,0.4877574145793915,1.3739691972732544,0.001,96.56945180892944
4413,29,101,561420,128,0.47644445300102234,0.47644445300102234,1.0361480712890625,0.001,96.58738398551941
4414,29,102,561548,128,0.5593569874763489,0.5593569874763489,0.745036244392395,0.001,96.605637550354
4415,29,103,561676,128,0.5493537187576294,0.5493537187576294,1.1559473276138306,0.001,96.62356424331665
4416,29,104,561804,128,0.6719104051589966,0.6719104051589966,1.0308847427368164,0.001,96.6410882472992
4417,29,105,561932,128,0.5953915119171143,0.5953915119171143,1.136748194694519,0.001,96.65895247459412
4418,29,106,562060,128,0.5838364362716675,0.5838364362716675,1.1866966485977173,0.001,96.6770887374878
4419,29,107,562188,128,0.4512692093849182,0.4512692093849182,1.0076837539672852,0.001,96.69500136375427
4420,29,108,562316,128,0.48128625750541687,0.48128625750541687,1.2457338571548462,0.001,96.7127799987793
4421,29,109,562444,128,0.7220383882522583,0.7220383882522583,1.1266400814056396,0.001,96.73066782951355
4422,29,110,562572,128,0.5233665108680725,0.5233665108680725,1.1660709381103516,0.001,96.74867916107178
4423,29,111,562700,128,0.45913955569267273,0.45913955569267273,1.4288330078125,0.001,96.76621055603027
4424,29,112,562828,128,0.5246429443359375,0.5246429443359375,1.3914084434509277,0.001,96.78379797935486
4425,29,113,562956,128,0.594331681728363,0.594331681728363,1.23072350025177,0.001,96.80163073539734
4426,29,114,563084,128,0.49362292885780334,0.49362292885780334,1.1890125274658203,0.001,96.820485830307
4427,29,115,563212,128,0.4690820872783661,0.4690820872783661,0.876217246055603,0.001,96.8388524055481
4428,29,116,563340,128,0.6111698150634766,0.6111698150634766,1.0033670663833618,0.001,96.85666990280151
4429,29,117,563468,128,0.46841108798980713,0.46841108798980713,1.2323596477508545,0.001,96.8747444152832
4430,29,118,563596,128,0.4913308918476105,0.4913308918476105,1.5235567092895508,0.001,96.89243149757385
4431,29,119,563724,128,0.5272167325019836,0.5272167325019836,1.1204270124435425,0.001,96.90983152389526
4432,29,120,563852,128,0.475104421377182,0.475104421377182,1.1141196489334106,0.001,96.92769837379456
4433,29,121,563980,128,0.6832085847854614,0.6832085847854614,0.8352150917053223,0.001,96.94596219062805
4434,29,122,564108,128,0.4673370122909546,0.4673370122909546,1.3388150930404663,0.001,96.96378135681152
4435,29,123,564236,128,0.6874128580093384,0.6874128580093384,1.1637567281723022,0.001,96.98150181770325
4436,29,124,564364,128,0.5154299736022949,0.5154299736022949,0.8952577114105225,0.001,96.99913692474365
4437,29,125,564492,128,0.41505730152130127,0.41505730152130127,1.2514528036117554,0.001,97.01728200912476
4438,29,126,564620,128,0.638170063495636,0.638170063495636,1.0287693738937378,0.001,97.03525638580322
4439,29,127,564748,128,0.4011726677417755,0.4011726677417755,1.2114280462265015,0.001,97.05348515510559
4440,29,128,564876,128,0.40216749906539917,0.40216749906539917,0.9566197991371155,0.001,97.07139039039612
4441,29,129,565004,128,0.5213299989700317,0.5213299989700317,0.851342499256134,0.001,97.08936786651611
4442,29,130,565132,128,0.5006422996520996,0.5006422996520996,1.1209943294525146,0.001,97.10699248313904
4443,29,131,565260,128,0.45532020926475525,0.45532020926475525,1.24957275390625,0.001,97.12452578544617
4444,29,132,565388,128,0.654084324836731,0.654084324836731,1.233975887298584,0.001,97.14268565177917
4445,29,133,565516,128,0.4303199052810669,0.4303199052810669,1.402551531791687,0.001,97.16289234161377
4446,29,134,565644,128,0.4137829542160034,0.4137829542160034,0.8247706294059753,0.001,97.18498063087463
4447,29,135,565772,128,0.5683286786079407,0.5683286786079407,1.036760687828064,0.001,97.20296788215637
4448,29,136,565900,128,0.6884629726409912,0.6884629726409912,0.9637479782104492,0.001,97.22076296806335
4449,29,137,566028,128,0.5767037272453308,0.5767037272453308,1.1371175050735474,0.001,97.23851799964905
4450,29,138,566156,128,0.6282138824462891,0.6282138824462891,0.9394140839576721,0.001,97.25623750686646
4451,29,139,566284,128,0.40852779150009155,0.40852779150009155,0.814470648765564,0.001,97.27445316314697
4452,29,140,566412,128,0.6777876615524292,0.6777876615524292,1.1160221099853516,0.001,97.29214262962341
4453,29,141,566540,128,0.6618050932884216,0.6618050932884216,1.1192623376846313,0.001,97.30965781211853
4454,29,142,566668,128,0.5076902508735657,0.5076902508735657,1.3490655422210693,0.001,97.32763051986694
4455,29,143,566796,128,0.6305474042892456,0.6305474042892456,1.0015634298324585,0.001,97.34592175483704
4456,29,144,566924,128,0.5329576730728149,0.5329576730728149,0.9807278513908386,0.001,97.36399984359741
4457,29,145,567052,128,0.3953581154346466,0.3953581154346466,0.9913715124130249,0.001,97.38188338279724
4458,29,146,567180,128,0.5830131769180298,0.5830131769180298,1.0107018947601318,0.001,97.39986157417297
4459,29,147,567308,128,0.3193660378456116,0.3193660378456116,1.3406944274902344,0.001,97.41826438903809
4460,29,148,567436,128,0.7816754579544067,0.7816754579544067,0.8097044229507446,0.001,97.43617033958435
4461,29,149,567564,128,0.5224229097366333,0.5224229097366333,1.58143150806427,0.001,97.45414066314697
4462,29,150,567692,128,0.5403397083282471,0.5403397083282471,1.1586053371429443,0.001,97.47227716445923
4463,29,151,567820,128,0.4136042594909668,0.4136042594909668,0.8224730491638184,0.001,97.49015831947327
4464,29,152,567948,128,0.3950974941253662,0.3950974941253662,0.9843786954879761,0.001,97.50808525085449
4465,29,153,568076,128,0.40405353903770447,0.40405353903770447,1.318539023399353,0.001,97.52590823173523
4466,29,154,568081,5,0.1578882932662964,0.1578882932662964,1.1718590259552002,0.001,97.52862572669983
4467,30,1,568209,128,0.3536226153373718,0.3536226153373718,1.1660621166229248,0.001,98.22519111633301
4468,30,2,568337,128,0.47319892048835754,0.47319892048835754,0.9131967425346375,0.001,98.24270272254944
4469,30,3,568465,128,0.37162697315216064,0.37162697315216064,0.8893253803253174,0.001,98.26037216186523
4470,30,4,568593,128,0.7974932789802551,0.7974932789802551,1.1371097564697266,0.001,98.27814936637878
4471,30,5,568721,128,0.47164401412010193,0.47164401412010193,1.2349907159805298,0.001,98.29587507247925
4472,30,6,568849,128,0.6546740531921387,0.6546740531921387,1.05975341796875,0.001,98.31360340118408
4473,30,7,568977,128,0.49780920147895813,0.49780920147895813,1.150861382484436,0.001,98.33116126060486
4474,30,8,569105,128,0.5943596363067627,0.5943596363067627,1.0335735082626343,0.001,98.34889245033264
4475,30,9,569233,128,0.45716407895088196,0.45716407895088196,1.4555007219314575,0.001,98.36669993400574
4476,30,10,569361,128,0.7566209435462952,0.7566209435462952,1.329814076423645,0.001,98.38438105583191
4477,30,11,569489,128,0.5005325675010681,0.5005325675010681,1.0720436573028564,0.001,98.40177798271179
4478,30,12,569617,128,0.5152248740196228,0.5152248740196228,1.07708740234375,0.001,98.41994166374207
4479,30,13,569745,128,0.46664655208587646,0.46664655208587646,1.1216410398483276,0.001,98.43783283233643
4480,30,14,569873,128,0.5628179311752319,0.5628179311752319,1.1574311256408691,0.001,98.45530533790588
4481,30,15,570001,128,0.5379436612129211,0.5379436612129211,1.3520228862762451,0.001,98.47336554527283
4482,30,16,570129,128,0.6420189738273621,0.6420189738273621,0.9211214184761047,0.001,98.49092507362366
4483,30,17,570257,128,0.5046938061714172,0.5046938061714172,1.1850959062576294,0.001,98.50872421264648
4484,30,18,570385,128,0.46824416518211365,0.46824416518211365,0.7577117681503296,0.001,98.52611660957336
4485,30,19,570513,128,0.6726980209350586,0.6726980209350586,1.2436435222625732,0.001,98.54450368881226
4486,30,20,570641,128,0.44316571950912476,0.44316571950912476,1.1938433647155762,0.001,98.5624315738678
4487,30,21,570769,128,0.48343196511268616,0.48343196511268616,1.0286606550216675,0.001,98.58002257347107
4488,30,22,570897,128,0.6764185428619385,0.6764185428619385,0.8975891470909119,0.001,98.59743022918701
4489,30,23,571025,128,0.436350554227829,0.436350554227829,1.4701502323150635,0.001,98.61513113975525
4490,30,24,571153,128,0.45061933994293213,0.45061933994293213,1.3168619871139526,0.001,98.63306403160095
4491,30,25,571281,128,0.617240846157074,0.617240846157074,1.3311458826065063,0.001,98.65056252479553
4492,30,26,571409,128,0.6683447360992432,0.6683447360992432,1.1272099018096924,0.001,98.66860294342041
4493,30,27,571537,128,0.5833210349082947,0.5833210349082947,1.1062952280044556,0.001,98.68629670143127
4494,30,28,571665,128,0.5545020699501038,0.5545020699501038,1.0742788314819336,0.001,98.70380210876465
4495,30,29,571793,128,0.5041401386260986,0.5041401386260986,1.018397331237793,0.001,98.72130846977234
4496,30,30,571921,128,0.5014359354972839,0.5014359354972839,1.025387167930603,0.001,98.73937559127808
4497,30,31,572049,128,0.6014124155044556,0.6014124155044556,1.2310266494750977,0.001,98.75723671913147
4498,30,32,572177,128,0.6899515986442566,0.6899515986442566,1.0922822952270508,0.001,98.77460479736328
4499,30,33,572305,128,0.5328925251960754,0.5328925251960754,0.9627671241760254,0.001,98.79195189476013
4500,30,34,572433,128,0.5273450613021851,0.5273450613021851,1.1157292127609253,0.001,98.81012916564941
4501,30,35,572561,128,0.7434263229370117,0.7434263229370117,1.220461130142212,0.001,98.82797336578369
4502,30,36,572689,128,0.5517372488975525,0.5517372488975525,1.00963294506073,0.001,98.84581303596497
4503,30,37,572817,128,0.5780153274536133,0.5780153274536133,0.9422683119773865,0.001,98.86382532119751
4504,30,38,572945,128,0.3431066572666168,0.3431066572666168,1.267154574394226,0.001,98.88203620910645
4505,30,39,573073,128,0.4782402217388153,0.4782402217388153,1.3013873100280762,0.001,98.8997573852539
4506,30,40,573201,128,0.5720512866973877,0.5720512866973877,1.1752901077270508,0.001,98.91721558570862
4507,30,41,573329,128,0.6542730331420898,0.6542730331420898,1.0906049013137817,0.001,98.93497133255005
4508,30,42,573457,128,0.4778572618961334,0.4778572618961334,0.9451876282691956,0.001,98.95315361022949
4509,30,43,573585,128,0.4290273189544678,0.4290273189544678,1.2397619485855103,0.001,98.9707419872284
4510,30,44,573713,128,0.39903122186660767,0.39903122186660767,0.7636628150939941,0.001,98.98819923400879
4511,30,45,573841,128,0.4870770573616028,0.4870770573616028,1.3760130405426025,0.001,99.00581645965576
4512,30,46,573969,128,0.43686649203300476,0.43686649203300476,0.9323675632476807,0.001,99.02311849594116
4513,30,47,574097,128,0.4291655719280243,0.4291655719280243,1.2048366069793701,0.001,99.04035639762878
4514,30,48,574225,128,0.6321500539779663,0.6321500539779663,1.2626670598983765,0.001,99.05807948112488
4515,30,49,574353,128,0.5587630867958069,0.5587630867958069,1.1179715394973755,0.001,99.07649183273315
4516,30,50,574481,128,0.6068412065505981,0.6068412065505981,0.8978763818740845,0.001,99.0945417881012
4517,30,51,574609,128,0.39787158370018005,0.39787158370018005,0.9929476380348206,0.001,99.11205816268921
4518,30,52,574737,128,0.6373929977416992,0.6373929977416992,0.8573235273361206,0.001,99.12962126731873
4519,30,53,574865,128,0.5235699415206909,0.5235699415206909,0.7891272902488708,0.001,99.14729356765747
4520,30,54,574993,128,0.5182796120643616,0.5182796120643616,0.8633744716644287,0.001,99.16503810882568
4521,30,55,575121,128,0.9246467351913452,0.9246467351913452,0.992335855960846,0.001,99.18236899375916
4522,30,56,575249,128,0.5637452006340027,0.5637452006340027,0.7406083941459656,0.001,99.199711561203
4523,30,57,575377,128,0.5778449773788452,0.5778449773788452,0.9820541739463806,0.001,99.21770143508911
4524,30,58,575505,128,0.49873897433280945,0.49873897433280945,0.8904605507850647,0.001,99.23544096946716
4525,30,59,575633,128,0.5761546492576599,0.5761546492576599,1.5055058002471924,0.001,99.25308060646057
4526,30,60,575761,128,0.4604939818382263,0.4604939818382263,0.8477379679679871,0.001,99.27072310447693
4527,30,61,575889,128,0.6634246110916138,0.6634246110916138,1.041799545288086,0.001,99.28877806663513
4528,30,62,576017,128,0.40297970175743103,0.40297970175743103,1.0236878395080566,0.001,99.30652618408203
4529,30,63,576145,128,0.38513845205307007,0.38513845205307007,1.3891035318374634,0.001,99.3240442276001
4530,30,64,576273,128,0.7099571824073792,0.7099571824073792,1.0057101249694824,0.001,99.34206080436707
4531,30,65,576401,128,0.4352707266807556,0.4352707266807556,1.4092625379562378,0.001,99.35964465141296
4532,30,66,576529,128,0.44905197620391846,0.44905197620391846,1.1548824310302734,0.001,99.3772337436676
4533,30,67,576657,128,0.5492470264434814,0.5492470264434814,0.7426708936691284,0.001,99.39452576637268
4534,30,68,576785,128,0.5231667160987854,0.5231667160987854,1.384418249130249,0.001,99.41264605522156
4535,30,69,576913,128,0.7622650265693665,0.7622650265693665,1.228786826133728,0.001,99.43022298812866
4536,30,70,577041,128,0.43310415744781494,0.43310415744781494,0.7366026043891907,0.001,99.44777178764343
4537,30,71,577169,128,0.4541063904762268,0.4541063904762268,0.9424871802330017,0.001,99.46518301963806
4538,30,72,577297,128,0.6902702450752258,0.6902702450752258,1.5023484230041504,0.001,99.48309397697449
4539,30,73,577425,128,0.5271227955818176,0.5271227955818176,1.2042063474655151,0.001,99.50095891952515
4540,30,74,577553,128,0.5709851384162903,0.5709851384162903,1.4330930709838867,0.001,99.51846504211426
4541,30,75,577681,128,0.38883262872695923,0.38883262872695923,0.9154097437858582,0.001,99.53605532646179
4542,30,76,577809,128,0.5722249746322632,0.5722249746322632,1.260197401046753,0.001,99.55383086204529
4543,30,77,577937,128,0.49462890625,0.49462890625,0.746117889881134,0.001,99.57148098945618
4544,30,78,578065,128,0.6135730147361755,0.6135730147361755,1.2280791997909546,0.001,99.58917260169983
4545,30,79,578193,128,0.44090917706489563,0.44090917706489563,1.2133435010910034,0.001,99.60653686523438
4546,30,80,578321,128,0.7927720546722412,0.7927720546722412,0.9650959372520447,0.001,99.62416982650757
4547,30,81,578449,128,0.6161323189735413,0.6161323189735413,0.9112511277198792,0.001,99.64169049263
4548,30,82,578577,128,0.5731348395347595,0.5731348395347595,1.007108211517334,0.001,99.65955090522766
4549,30,83,578705,128,0.5957120656967163,0.5957120656967163,1.155918836593628,0.001,99.67757940292358
4550,30,84,578833,128,0.44849807024002075,0.44849807024002075,0.8661631345748901,0.001,99.6951916217804
4551,30,85,578961,128,0.4343048632144928,0.4343048632144928,0.9314567446708679,0.001,99.71303749084473
4552,30,86,579089,128,0.7491973042488098,0.7491973042488098,0.7931271195411682,0.001,99.73066115379333
4553,30,87,579217,128,0.500907838344574,0.500907838344574,0.7183088660240173,0.001,99.74874901771545
4554,30,88,579345,128,0.5384659767150879,0.5384659767150879,1.0094459056854248,0.001,99.76643657684326
4555,30,89,579473,128,0.6192398071289062,0.6192398071289062,1.0515015125274658,0.001,99.78415775299072
4556,30,90,579601,128,0.5727697014808655,0.5727697014808655,0.9968544840812683,0.001,99.80202984809875
4557,30,91,579729,128,0.47311708331108093,0.47311708331108093,1.2314478158950806,0.001,99.82044124603271
4558,30,92,579857,128,0.4136125147342682,0.4136125147342682,1.258756160736084,0.001,99.83831310272217
4559,30,93,579985,128,0.6705456972122192,0.6705456972122192,1.0106812715530396,0.001,99.8559718132019
4560,30,94,580113,128,0.4976362884044647,0.4976362884044647,1.3094252347946167,0.001,99.87350106239319
4561,30,95,580241,128,0.809417724609375,0.809417724609375,0.7726380825042725,0.001,99.89126682281494
4562,30,96,580369,128,0.6597701907157898,0.6597701907157898,1.034804344177246,0.001,99.9090723991394
4563,30,97,580497,128,0.5742164254188538,0.5742164254188538,1.084851861000061,0.001,99.92666816711426
4564,30,98,580625,128,0.6883323788642883,0.6883323788642883,1.1733369827270508,0.001,99.9448127746582
4565,30,99,580753,128,0.7889070510864258,0.7889070510864258,1.05092453956604,0.001,99.9624695777893
4566,30,100,580881,128,0.6237667798995972,0.6237667798995972,0.9084246754646301,0.001,99.97988724708557
4567,30,101,581009,128,0.5739665627479553,0.5739665627479553,1.198697805404663,0.001,99.99721360206604
4568,30,102,581137,128,0.7267323136329651,0.7267323136329651,1.2615209817886353,0.001,100.0149507522583
4569,30,103,581265,128,0.5358036160469055,0.5358036160469055,1.200318694114685,0.001,100.03242945671082
4570,30,104,581393,128,0.4874608516693115,0.4874608516693115,0.9661759734153748,0.001,100.05015134811401
4571,30,105,581521,128,0.574165403842926,0.574165403842926,1.060289978981018,0.001,100.06772446632385
4572,30,106,581649,128,0.5873680710792542,0.5873680710792542,0.9774831533432007,0.001,100.08590316772461
4573,30,107,581777,128,0.6164948344230652,0.6164948344230652,1.093875765800476,0.001,100.10354518890381
4574,30,108,581905,128,0.6560220122337341,0.6560220122337341,1.374674677848816,0.001,100.1213104724884
4575,30,109,582033,128,0.6194580793380737,0.6194580793380737,0.9219781756401062,0.001,100.13878989219666
4576,30,110,582161,128,0.4297688901424408,0.4297688901424408,1.3887693881988525,0.001,100.15697312355042
4577,30,111,582289,128,0.9085103869438171,0.9085103869438171,1.3540805578231812,0.001,100.1745834350586
4578,30,112,582417,128,0.6959354877471924,0.6959354877471924,1.1118940114974976,0.001,100.19278264045715
4579,30,113,582545,128,0.7043054103851318,0.7043054103851318,0.9089320302009583,0.001,100.21073007583618
4580,30,114,582673,128,0.5515950918197632,0.5515950918197632,0.8768258094787598,0.001,100.22842955589294
4581,30,115,582801,128,0.5592772960662842,0.5592772960662842,1.2146960496902466,0.001,100.24637722969055
4582,30,116,582929,128,0.5354633927345276,0.5354633927345276,1.3230129480361938,0.001,100.26409077644348
4583,30,117,583057,128,0.5289336442947388,0.5289336442947388,1.1640305519104004,0.001,100.28205418586731
4584,30,118,583185,128,0.4866997301578522,0.4866997301578522,1.1377360820770264,0.001,100.29992532730103
4585,30,119,583313,128,0.45711204409599304,0.45711204409599304,0.7426620721817017,0.001,100.31766605377197
4586,30,120,583441,128,0.49031004309654236,0.49031004309654236,1.1069681644439697,0.001,100.33556294441223
4587,30,121,583569,128,0.5313352942466736,0.5313352942466736,0.8210439682006836,0.001,100.35389709472656
4588,30,122,583697,128,0.6071987748146057,0.6071987748146057,1.2110378742218018,0.001,100.37190389633179
4589,30,123,583825,128,0.34333816170692444,0.34333816170692444,0.993614912033081,0.001,100.38975071907043
4590,30,124,583953,128,0.4712632894515991,0.4712632894515991,0.734164297580719,0.001,100.40728378295898
4591,30,125,584081,128,0.5704845786094666,0.5704845786094666,1.2798919677734375,0.001,100.4253716468811
4592,30,126,584209,128,0.33484694361686707,0.33484694361686707,1.3251152038574219,0.001,100.44322419166565
4593,30,127,584337,128,0.512066662311554,0.512066662311554,0.9283260107040405,0.001,100.46140670776367
4594,30,128,584465,128,0.4612765908241272,0.4612765908241272,1.0600812435150146,0.001,100.47940564155579
4595,30,129,584593,128,0.6882749199867249,0.6882749199867249,0.9703261256217957,0.001,100.49726104736328
4596,30,130,584721,128,0.6372513175010681,0.6372513175010681,1.100300669670105,0.001,100.51522159576416
4597,30,131,584849,128,0.5968593955039978,0.5968593955039978,0.9361627697944641,0.001,100.5328369140625
4598,30,132,584977,128,0.4458790421485901,0.4458790421485901,1.0473108291625977,0.001,100.55070352554321
4599,30,133,585105,128,0.46002474427223206,0.46002474427223206,1.4275636672973633,0.001,100.56852173805237
4600,30,134,585233,128,0.4971669018268585,0.4971669018268585,1.0008536577224731,0.001,100.58621168136597
4601,30,135,585361,128,0.5998063683509827,0.5998063683509827,0.90223228931427,0.001,100.60389614105225
4602,30,136,585489,128,0.6865440011024475,0.6865440011024475,0.8169829249382019,0.001,100.6220350265503
4603,30,137,585617,128,0.5748746991157532,0.5748746991157532,1.12861168384552,0.001,100.63991904258728
4604,30,138,585745,128,0.5431395769119263,0.5431395769119263,1.0714133977890015,0.001,100.65780782699585
4605,30,139,585873,128,0.3918907046318054,0.3918907046318054,0.9008057117462158,0.001,100.67596960067749
4606,30,140,586001,128,0.6652672290802002,0.6652672290802002,1.5637341737747192,0.001,100.69378972053528
4607,30,141,586129,128,0.387399822473526,0.387399822473526,1.2243664264678955,0.001,100.7112238407135
4608,30,142,586257,128,0.5707176923751831,0.5707176923751831,0.9145475625991821,0.001,100.72890591621399
4609,30,143,586385,128,0.4689008891582489,0.4689008891582489,1.108282446861267,0.001,100.74694657325745
4610,30,144,586513,128,0.4221472144126892,0.4221472144126892,1.2647514343261719,0.001,100.7648115158081
4611,30,145,586641,128,0.42233535647392273,0.42233535647392273,1.0406699180603027,0.001,100.78264570236206
4612,30,146,586769,128,0.5643898844718933,0.5643898844718933,0.8984030485153198,0.001,100.80011653900146
4613,30,147,586897,128,0.45916083455085754,0.45916083455085754,1.2879638671875,0.001,100.81791567802429
4614,30,148,587025,128,0.5078631639480591,0.5078631639480591,1.2246425151824951,0.001,100.83591532707214
4615,30,149,587153,128,0.4660559594631195,0.4660559594631195,1.3162962198257446,0.001,100.85372614860535
4616,30,150,587281,128,0.4334332048892975,0.4334332048892975,1.0257734060287476,0.001,100.87136054039001
4617,30,151,587409,128,0.36278846859931946,0.36278846859931946,1.0897939205169678,0.001,100.88957095146179
4618,30,152,587537,128,0.5337514281272888,0.5337514281272888,1.2531406879425049,0.001,100.90723705291748
4619,30,153,587665,128,0.5755541920661926,0.5755541920661926,0.8199822902679443,0.001,100.92470669746399
4620,30,154,587670,5,0.2866157293319702,0.2866157293319702,2.379642963409424,0.001,100.92733693122864
4621,31,1,587798,128,0.4423881471157074,0.4423881471157074,0.7879906296730042,0.001,101.62389612197876
4622,31,2,587926,128,0.4958488345146179,0.4958488345146179,0.9204659461975098,0.001,101.6419403553009
4623,31,3,588054,128,0.6286927461624146,0.6286927461624146,0.8885300755500793,0.001,101.65975880622864
4624,31,4,588182,128,0.5307108759880066,0.5307108759880066,1.1434326171875,0.001,101.67787766456604
4625,31,5,588310,128,0.6952398419380188,0.6952398419380188,1.2281185388565063,0.001,101.69563102722168
4626,31,6,588438,128,0.5870400071144104,0.5870400071144104,1.0839943885803223,0.001,101.71352958679199
4627,31,7,588566,128,0.5570084452629089,0.5570084452629089,1.1988413333892822,0.001,101.73140025138855
4628,31,8,588694,128,0.48024681210517883,0.48024681210517883,1.070146083831787,0.001,101.74949026107788
4629,31,9,588822,128,0.31206947565078735,0.31206947565078735,1.4101203680038452,0.001,101.76700329780579
4630,31,10,588950,128,0.3998129069805145,0.3998129069805145,1.6028509140014648,0.001,101.78461384773254
4631,31,11,589078,128,0.5268699526786804,0.5268699526786804,0.9386987686157227,0.001,101.80247259140015
4632,31,12,589206,128,0.5819082260131836,0.5819082260131836,1.2028300762176514,0.001,101.82025146484375
4633,31,13,589334,128,0.680210530757904,0.680210530757904,0.9636794328689575,0.001,101.83778667449951
4634,31,14,589462,128,0.5353791117668152,0.5353791117668152,0.8045141696929932,0.001,101.85511374473572
4635,31,15,589590,128,0.6888145208358765,0.6888145208358765,1.1069542169570923,0.001,101.87262845039368
4636,31,16,589718,128,0.5031523108482361,0.5031523108482361,1.0035951137542725,0.001,101.89064502716064
4637,31,17,589846,128,0.7328751683235168,0.7328751683235168,1.0611671209335327,0.001,101.90806007385254
4638,31,18,589974,128,0.6594666838645935,0.6594666838645935,1.3162305355072021,0.001,101.92541408538818
4639,31,19,590102,128,0.5032552480697632,0.5032552480697632,0.7712100148200989,0.001,101.94319868087769
4640,31,20,590230,128,0.4130033850669861,0.4130033850669861,0.9242798089981079,0.001,101.9610424041748
4641,31,21,590358,128,0.6257232427597046,0.6257232427597046,0.9848777651786804,0.001,101.97847080230713
4642,31,22,590486,128,0.5968508124351501,0.5968508124351501,1.2145707607269287,0.001,101.99572658538818
4643,31,23,590614,128,0.6068175435066223,0.6068175435066223,1.5224908590316772,0.001,102.01339149475098
4644,31,24,590742,128,0.5939197540283203,0.5939197540283203,1.0605897903442383,0.001,102.03084564208984
4645,31,25,590870,128,0.44873952865600586,0.44873952865600586,1.314857006072998,0.001,102.04870176315308
4646,31,26,590998,128,0.49759483337402344,0.49759483337402344,1.391818881034851,0.001,102.06642150878906
4647,31,27,591126,128,0.4163306951522827,0.4163306951522827,1.1643900871276855,0.001,102.08467721939087
4648,31,28,591254,128,0.5419086217880249,0.5419086217880249,1.207406997680664,0.001,102.10200500488281
4649,31,29,591382,128,0.3996233344078064,0.3996233344078064,0.8412479162216187,0.001,102.11968302726746
4650,31,30,591510,128,0.5946999192237854,0.5946999192237854,1.106246829032898,0.001,102.13744187355042
4651,31,31,591638,128,0.5415441393852234,0.5415441393852234,0.9659571647644043,0.001,102.15554976463318
4652,31,32,591766,128,0.4457138776779175,0.4457138776779175,1.4315118789672852,0.001,102.1730751991272
4653,31,33,591894,128,0.5056370496749878,0.5056370496749878,1.2000552415847778,0.001,102.19049263000488
4654,31,34,592022,128,0.6045922636985779,0.6045922636985779,0.7119772434234619,0.001,102.20819926261902
4655,31,35,592150,128,0.5750471949577332,0.5750471949577332,0.8546665906906128,0.001,102.22607183456421
4656,31,36,592278,128,0.5463494658470154,0.5463494658470154,1.1235966682434082,0.001,102.24344253540039
4657,31,37,592406,128,0.4733179807662964,0.4733179807662964,1.204243779182434,0.001,102.26121497154236
4658,31,38,592534,128,0.5447961091995239,0.5447961091995239,1.0957417488098145,0.001,102.2791485786438
4659,31,39,592662,128,0.5717166066169739,0.5717166066169739,1.125083565711975,0.001,102.29697966575623
4660,31,40,592790,128,0.5644857883453369,0.5644857883453369,1.002992033958435,0.001,102.31460428237915
4661,31,41,592918,128,0.4822100102901459,0.4822100102901459,0.9895723462104797,0.001,102.33216786384583
4662,31,42,593046,128,0.5918434858322144,0.5918434858322144,0.9638880491256714,0.001,102.35049772262573
4663,31,43,593174,128,0.4024137258529663,0.4024137258529663,0.938332736492157,0.001,102.3683214187622
4664,31,44,593302,128,0.6097074151039124,0.6097074151039124,1.1411731243133545,0.001,102.38605380058289
4665,31,45,593430,128,0.41096949577331543,0.41096949577331543,1.2847273349761963,0.001,102.40393018722534
4666,31,46,593558,128,0.4861052930355072,0.4861052930355072,1.1258536577224731,0.001,102.42223000526428
4667,31,47,593686,128,0.624622642993927,0.624622642993927,1.0371659994125366,0.001,102.44022679328918
4668,31,48,593814,128,0.2915542423725128,0.2915542423725128,1.0522797107696533,0.001,102.4580442905426
4669,31,49,593942,128,0.5503166913986206,0.5503166913986206,1.1657836437225342,0.001,102.47623467445374
4670,31,50,594070,128,0.36319297552108765,0.36319297552108765,0.6946703195571899,0.001,102.49435663223267
4671,31,51,594198,128,0.3726763129234314,0.3726763129234314,1.0825275182724,0.001,102.51221203804016
4672,31,52,594326,128,0.39270082116127014,0.39270082116127014,0.8230823874473572,0.001,102.5299563407898
4673,31,53,594454,128,0.4768928289413452,0.4768928289413452,1.0501413345336914,0.001,102.54829907417297
4674,31,54,594582,128,0.3834531009197235,0.3834531009197235,1.2240136861801147,0.001,102.56638288497925
4675,31,55,594710,128,0.3030203878879547,0.3030203878879547,0.8650645017623901,0.001,102.5841019153595
4676,31,56,594838,128,0.386991947889328,0.386991947889328,0.8720656633377075,0.001,102.6016674041748
4677,31,57,594966,128,0.6082503795623779,0.6082503795623779,1.3679131269454956,0.001,102.61977219581604
4678,31,58,595094,128,0.7555810213088989,0.7555810213088989,0.878767728805542,0.001,102.63760542869568
4679,31,59,595222,128,0.4491875469684601,0.4491875469684601,1.1033825874328613,0.001,102.65550947189331
4680,31,60,595350,128,0.41719090938568115,0.41719090938568115,1.1660425662994385,0.001,102.6734070777893
4681,31,61,595478,128,1.1085385084152222,1.1085385084152222,0.9580656290054321,0.001,102.69172883033752
4682,31,62,595606,128,0.6797038316726685,0.6797038316726685,1.4237791299819946,0.001,102.7097978591919
4683,31,63,595734,128,0.6549104452133179,0.6549104452133179,0.9722732901573181,0.001,102.72737622261047
4684,31,64,595862,128,0.7286779880523682,0.7286779880523682,0.9511879682540894,0.001,102.74535202980042
4685,31,65,595990,128,0.38710302114486694,0.38710302114486694,0.8110884428024292,0.001,102.76296067237854
4686,31,66,596118,128,0.508109450340271,0.508109450340271,0.9543595314025879,0.001,102.78074550628662
4687,31,67,596246,128,0.5205678939819336,0.5205678939819336,0.9658737182617188,0.001,102.79814267158508
4688,31,68,596374,128,0.7851536870002747,0.7851536870002747,1.1982780694961548,0.001,102.81600308418274
4689,31,69,596502,128,0.7739948630332947,0.7739948630332947,1.3569300174713135,0.001,102.83339619636536
4690,31,70,596630,128,0.365899920463562,0.365899920463562,1.1676799058914185,0.001,102.85060119628906
4691,31,71,596758,128,0.4724903106689453,0.4724903106689453,0.9538499116897583,0.001,102.86819052696228
4692,31,72,596886,128,0.4042770564556122,0.4042770564556122,1.1856218576431274,0.001,102.8863513469696
4693,31,73,597014,128,0.7096953392028809,0.7096953392028809,1.2570191621780396,0.001,102.90405058860779
4694,31,74,597142,128,0.5932921171188354,0.5932921171188354,1.1590408086776733,0.001,102.92116641998291
4695,31,75,597270,128,0.5754050612449646,0.5754050612449646,1.1990503072738647,0.001,102.93818855285645
4696,31,76,597398,128,0.4914172291755676,0.4914172291755676,1.2957005500793457,0.001,102.95562791824341
4697,31,77,597526,128,0.5136664509773254,0.5136664509773254,1.0301861763000488,0.001,102.97316002845764
4698,31,78,597654,128,0.42092064023017883,0.42092064023017883,1.3008054494857788,0.001,102.99059271812439
4699,31,79,597782,128,0.43491336703300476,0.43491336703300476,1.1934095621109009,0.001,103.00823044776917
4700,31,80,597910,128,0.3249366581439972,0.3249366581439972,1.0767344236373901,0.001,103.0260705947876
4701,31,81,598038,128,0.5376829504966736,0.5376829504966736,1.1676150560379028,0.001,103.04363465309143
4702,31,82,598166,128,0.43376678228378296,0.43376678228378296,1.1136800050735474,0.001,103.0616717338562
4703,31,83,598294,128,0.5041870474815369,0.5041870474815369,1.3941400051116943,0.001,103.07945942878723
4704,31,84,598422,128,0.46269211173057556,0.46269211173057556,0.8994739055633545,0.001,103.09738850593567
4705,31,85,598550,128,0.5377733707427979,0.5377733707427979,1.0088382959365845,0.001,103.11530828475952
4706,31,86,598678,128,0.4229307472705841,0.4229307472705841,1.2496403455734253,0.001,103.13257002830505
4707,31,87,598806,128,0.5534936189651489,0.5534936189651489,1.0493347644805908,0.001,103.15030980110168
4708,31,88,598934,128,0.5644582509994507,0.5644582509994507,0.9584442377090454,0.001,103.16793632507324
4709,31,89,599062,128,0.5623602271080017,0.5623602271080017,1.404483675956726,0.001,103.18516087532043
4710,31,90,599190,128,0.45311790704727173,0.45311790704727173,1.3176231384277344,0.001,103.20272541046143
4711,31,91,599318,128,0.5234481692314148,0.5234481692314148,1.4835107326507568,0.001,103.22109460830688
4712,31,92,599446,128,0.4158860743045807,0.4158860743045807,0.8829964399337769,0.001,103.23850989341736
4713,31,93,599574,128,0.520041823387146,0.520041823387146,0.8633714914321899,0.001,103.25588369369507
4714,31,94,599702,128,0.3914965093135834,0.3914965093135834,0.7867372632026672,0.001,103.2732048034668
4715,31,95,599830,128,0.5329093933105469,0.5329093933105469,1.245651364326477,0.001,103.29107761383057
4716,31,96,599958,128,0.3553674519062042,0.3553674519062042,1.1784271001815796,0.001,103.30885004997253
4717,31,97,600086,128,0.3861016035079956,0.3861016035079956,0.6685033440589905,0.001,103.32682943344116
4718,31,98,600214,128,0.570780336856842,0.570780336856842,1.1452451944351196,0.001,103.34451675415039
4719,31,99,600342,128,0.5484039187431335,0.5484039187431335,0.9413850903511047,0.001,103.36249208450317
4720,31,100,600470,128,0.9949703812599182,0.9949703812599182,1.3146708011627197,0.001,103.38041305541992
4721,31,101,600598,128,0.36382803320884705,0.36382803320884705,0.9365268349647522,0.001,103.39845657348633
4722,31,102,600726,128,0.47149431705474854,0.47149431705474854,1.2316169738769531,0.001,103.41673564910889
4723,31,103,600854,128,0.517483651638031,0.517483651638031,0.9995127320289612,0.001,103.43467259407043
4724,31,104,600982,128,0.5754252672195435,0.5754252672195435,0.9652132391929626,0.001,103.45249462127686
4725,31,105,601110,128,0.5544201731681824,0.5544201731681824,0.9211747646331787,0.001,103.4701635837555
4726,31,106,601238,128,0.4605254530906677,0.4605254530906677,1.1882662773132324,0.001,103.48823738098145
4727,31,107,601366,128,0.48545587062835693,0.48545587062835693,1.3147722482681274,0.001,103.5058810710907
4728,31,108,601494,128,0.4583786725997925,0.4583786725997925,1.1309545040130615,0.001,103.52376413345337
4729,31,109,601622,128,0.4815690219402313,0.4815690219402313,1.0681328773498535,0.001,103.54163479804993
4730,31,110,601750,128,0.4573463797569275,0.4573463797569275,0.9345773458480835,0.001,103.55977058410645
4731,31,111,601878,128,0.5389226675033569,0.5389226675033569,1.1752723455429077,0.001,103.57762026786804
4732,31,112,602006,128,0.682785153388977,0.682785153388977,0.803051233291626,0.001,103.5954475402832
4733,31,113,602134,128,0.39125800132751465,0.39125800132751465,1.093193531036377,0.001,103.613285779953
4734,31,114,602262,128,0.4815083146095276,0.4815083146095276,1.0029336214065552,0.001,103.63137865066528
4735,31,115,602390,128,0.5328643918037415,0.5328643918037415,1.1011184453964233,0.001,103.64932179450989
4736,31,116,602518,128,0.4545317590236664,0.4545317590236664,1.2588039636611938,0.001,103.66711139678955
4737,31,117,602646,128,0.5007873773574829,0.5007873773574829,0.9637085199356079,0.001,103.68504428863525
4738,31,118,602774,128,0.5072518587112427,0.5072518587112427,0.8100512623786926,0.001,103.70285034179688
4739,31,119,602902,128,0.42253822088241577,0.42253822088241577,1.4633876085281372,0.001,103.72038269042969
4740,31,120,603030,128,0.48416629433631897,0.48416629433631897,1.0392545461654663,0.001,103.73792815208435
4741,31,121,603158,128,0.7410469055175781,0.7410469055175781,1.304624080657959,0.001,103.75593948364258
4742,31,122,603286,128,0.4632667899131775,0.4632667899131775,1.0572757720947266,0.001,103.77351784706116
4743,31,123,603414,128,0.38630396127700806,0.38630396127700806,1.3237558603286743,0.001,103.79112195968628
4744,31,124,603542,128,0.511909008026123,0.511909008026123,1.00344717502594,0.001,103.80829668045044
4745,31,125,603670,128,0.46876463294029236,0.46876463294029236,1.11854088306427,0.001,103.82625031471252
4746,31,126,603798,128,0.5464737415313721,0.5464737415313721,0.9655608534812927,0.001,103.84380722045898
4747,31,127,603926,128,0.6523438692092896,0.6523438692092896,1.4361419677734375,0.001,103.86140012741089
4748,31,128,604054,128,0.6026926636695862,0.6026926636695862,1.0388497114181519,0.001,103.87886810302734
4749,31,129,604182,128,0.4388854205608368,0.4388854205608368,1.1560035943984985,0.001,103.89672684669495
4750,31,130,604310,128,0.6532999277114868,0.6532999277114868,1.0281206369400024,0.001,103.91423845291138
4751,31,131,604438,128,0.4975627064704895,0.4975627064704895,1.1438212394714355,0.001,103.93164777755737
4752,31,132,604566,128,0.6056131720542908,0.6056131720542908,1.19660484790802,0.001,103.94930171966553
4753,31,133,604694,128,0.7282412648200989,0.7282412648200989,1.0128213167190552,0.001,103.96716046333313
4754,31,134,604822,128,0.601441502571106,0.601441502571106,1.3345227241516113,0.001,103.98475575447083
4755,31,135,604950,128,0.6415139436721802,0.6415139436721802,1.1828854084014893,0.001,104.00238943099976
4756,31,136,605078,128,0.49041298031806946,0.49041298031806946,1.4798420667648315,0.001,104.02048516273499
4757,31,137,605206,128,0.4694992005825043,0.4694992005825043,0.9586108922958374,0.001,104.03828191757202
4758,31,138,605334,128,0.5058091878890991,0.5058091878890991,0.8407131433486938,0.001,104.05604028701782
4759,31,139,605462,128,0.5041431784629822,0.5041431784629822,1.0089097023010254,0.001,104.07361674308777
4760,31,140,605590,128,0.40218719840049744,0.40218719840049744,0.9935574531555176,0.001,104.09168291091919
4761,31,141,605718,128,0.5549968481063843,0.5549968481063843,1.1393901109695435,0.001,104.10927033424377
4762,31,142,605846,128,0.4460010528564453,0.4460010528564453,1.3064179420471191,0.001,104.12674450874329
4763,31,143,605974,128,0.5505833029747009,0.5505833029747009,1.0145461559295654,0.001,104.14464354515076
4764,31,144,606102,128,0.36566147208213806,0.36566147208213806,0.7381029725074768,0.001,104.16276836395264
4765,31,145,606230,128,0.7835518717765808,0.7835518717765808,1.2918331623077393,0.001,104.18053817749023
4766,31,146,606358,128,0.4469115734100342,0.4469115734100342,1.0713045597076416,0.001,104.19794178009033
4767,31,147,606486,128,0.6340514421463013,0.6340514421463013,0.7636728882789612,0.001,104.21555304527283
4768,31,148,606614,128,0.6430004835128784,0.6430004835128784,1.003996729850769,0.001,104.23357558250427
4769,31,149,606742,128,0.7508033514022827,0.7508033514022827,1.1213629245758057,0.001,104.25109076499939
4770,31,150,606870,128,0.9174419045448303,0.9174419045448303,0.9035572409629822,0.001,104.26879167556763
4771,31,151,606998,128,0.5909702777862549,0.5909702777862549,0.9360272288322449,0.001,104.28732204437256
4772,31,152,607126,128,0.5533593893051147,0.5533593893051147,0.8809714913368225,0.001,104.305490732193
4773,31,153,607254,128,0.4001195430755615,0.4001195430755615,0.9923029541969299,0.001,104.32319498062134
4774,31,154,607259,5,0.29806533455848694,0.29806533455848694,0.3834898769855499,0.001,104.32592749595642
4775,32,1,607387,128,0.4921979010105133,0.4921979010105133,1.338147521018982,0.001,105.02677154541016
4776,32,2,607515,128,0.4155932664871216,0.4155932664871216,0.8084986209869385,0.001,105.04452633857727
4777,32,3,607643,128,0.5942620635032654,0.5942620635032654,1.092481017112732,0.001,105.06257200241089
4778,32,4,607771,128,0.4085231423377991,0.4085231423377991,1.0455255508422852,0.001,105.08046507835388
4779,32,5,607899,128,0.4263288080692291,0.4263288080692291,1.2743865251541138,0.001,105.09864258766174
4780,32,6,608027,128,0.6684952974319458,0.6684952974319458,1.7212400436401367,0.001,105.11630630493164
4781,32,7,608155,128,0.4087228775024414,0.4087228775024414,1.197669267654419,0.001,105.13400959968567
4782,32,8,608283,128,0.7929805517196655,0.7929805517196655,1.075839638710022,0.001,105.15201497077942
4783,32,9,608411,128,0.5265249609947205,0.5265249609947205,0.7758781313896179,0.001,105.17003273963928
4784,32,10,608539,128,0.47021111845970154,0.47021111845970154,0.7698675990104675,0.001,105.18812680244446
4785,32,11,608667,128,0.5863646864891052,0.5863646864891052,0.7311225533485413,0.001,105.20620727539062
4786,32,12,608795,128,0.4425189793109894,0.4425189793109894,1.022114872932434,0.001,105.22419166564941
4787,32,13,608923,128,0.6469117403030396,0.6469117403030396,1.4208093881607056,0.001,105.24193143844604
4788,32,14,609051,128,0.634678840637207,0.634678840637207,1.161882996559143,0.001,105.25998187065125
4789,32,15,609179,128,0.5145593881607056,0.5145593881607056,1.0039584636688232,0.001,105.27785396575928
4790,32,16,609307,128,0.4343390166759491,0.4343390166759491,1.0713624954223633,0.001,105.29609823226929
4791,32,17,609435,128,0.40143004059791565,0.40143004059791565,0.9912696480751038,0.001,105.31403088569641
4792,32,18,609563,128,0.7964909076690674,0.7964909076690674,1.0757752656936646,0.001,105.33183765411377
4793,32,19,609691,128,0.5431853532791138,0.5431853532791138,0.9369998574256897,0.001,105.34938454627991
4794,32,20,609819,128,0.5484151244163513,0.5484151244163513,1.014580488204956,0.001,105.36710166931152
4795,32,21,609947,128,0.49906519055366516,0.49906519055366516,1.1677261590957642,0.001,105.3848786354065
4796,32,22,610075,128,0.6233943104743958,0.6233943104743958,1.0814611911773682,0.001,105.40253257751465
4797,32,23,610203,128,0.42021894454956055,0.42021894454956055,0.9948334097862244,0.001,105.42019939422607
4798,32,24,610331,128,0.7135847210884094,0.7135847210884094,0.9088712930679321,0.001,105.43758177757263
4799,32,25,610459,128,0.46356895565986633,0.46356895565986633,0.8382620215415955,0.001,105.45537686347961
4800,32,26,610587,128,0.8004169464111328,0.8004169464111328,1.6032174825668335,0.001,105.4730532169342
4801,32,27,610715,128,0.5735055804252625,0.5735055804252625,1.2197892665863037,0.001,105.49092602729797
4802,32,28,610843,128,0.6891374588012695,0.6891374588012695,1.29621160030365,0.001,105.5085723400116
4803,32,29,610971,128,0.6571130156517029,0.6571130156517029,1.181681752204895,0.001,105.52617812156677
4804,32,30,611099,128,0.4727453589439392,0.4727453589439392,1.4206444025039673,0.001,105.54367899894714
4805,32,31,611227,128,0.6226003766059875,0.6226003766059875,1.0397011041641235,0.001,105.56178402900696
4806,32,32,611355,128,0.4685559868812561,0.4685559868812561,0.9514347314834595,0.001,105.57937359809875
4807,32,33,611483,128,0.6256036162376404,0.6256036162376404,1.0263539552688599,0.001,105.59682083129883
4808,32,34,611611,128,0.47709882259368896,0.47709882259368896,1.0591216087341309,0.001,105.61438298225403
4809,32,35,611739,128,0.5791736841201782,0.5791736841201782,0.9986069798469543,0.001,105.63211727142334
4810,32,36,611867,128,0.5988028049468994,0.5988028049468994,0.9026287794113159,0.001,105.64969325065613
4811,32,37,611995,128,0.5713147521018982,0.5713147521018982,1.20765221118927,0.001,105.66715025901794
4812,32,38,612123,128,0.5839576125144958,0.5839576125144958,1.0870013236999512,0.001,105.68520855903625
4813,32,39,612251,128,0.6703192591667175,0.6703192591667175,1.0407257080078125,0.001,105.702960729599
4814,32,40,612379,128,0.8277297616004944,0.8277297616004944,1.092158555984497,0.001,105.72045946121216
4815,32,41,612507,128,0.7468166947364807,0.7468166947364807,0.7651481032371521,0.001,105.73817539215088
4816,32,42,612635,128,0.638169527053833,0.638169527053833,0.8301075100898743,0.001,105.7562198638916
4817,32,43,612763,128,0.599778413772583,0.599778413772583,0.9776475429534912,0.001,105.7737467288971
4818,32,44,612891,128,0.4656413197517395,0.4656413197517395,0.6834679841995239,0.001,105.79102754592896
4819,32,45,613019,128,0.6309051513671875,0.6309051513671875,1.6218312978744507,0.001,105.80831789970398
4820,32,46,613147,128,0.6200226545333862,0.6200226545333862,1.0103026628494263,0.001,105.82622408866882
4821,32,47,613275,128,0.5684751272201538,0.5684751272201538,0.7613739967346191,0.001,105.84392476081848
4822,32,48,613403,128,0.671814501285553,0.671814501285553,1.2825300693511963,0.001,105.86159753799438
4823,32,49,613531,128,0.31554755568504333,0.31554755568504333,0.9532650113105774,0.001,105.87941408157349
4824,32,50,613659,128,0.6626552939414978,0.6626552939414978,1.1926342248916626,0.001,105.89760732650757
4825,32,51,613787,128,0.573788046836853,0.573788046836853,1.1705293655395508,0.001,105.91511607170105
4826,32,52,613915,128,0.6304551362991333,0.6304551362991333,0.7896245718002319,0.001,105.93306565284729
4827,32,53,614043,128,0.5232478380203247,0.5232478380203247,1.4455292224884033,0.001,105.95535564422607
4828,32,54,614171,128,0.4690391421318054,0.4690391421318054,1.7753839492797852,0.001,105.97329306602478
4829,32,55,614299,128,0.6291781663894653,0.6291781663894653,0.8788804411888123,0.001,105.99088311195374
4830,32,56,614427,128,0.45863351225852966,0.45863351225852966,1.043634057044983,0.001,106.00863099098206
4831,32,57,614555,128,0.5475797057151794,0.5475797057151794,0.9260702729225159,0.001,106.026686668396
4832,32,58,614683,128,0.4152168035507202,0.4152168035507202,1.0274982452392578,0.001,106.04429864883423
4833,32,59,614811,128,0.4845084249973297,0.4845084249973297,1.0317339897155762,0.001,106.06225180625916
4834,32,60,614939,128,0.5240167379379272,0.5240167379379272,1.1182222366333008,0.001,106.08038592338562
4835,32,61,615067,128,0.4104704260826111,0.4104704260826111,1.4804753065109253,0.001,106.09867143630981
4836,32,62,615195,128,0.3924011290073395,0.3924011290073395,1.1554419994354248,0.001,106.11622762680054
4837,32,63,615323,128,0.35319265723228455,0.35319265723228455,1.024614930152893,0.001,106.13384556770325
4838,32,64,615451,128,0.6096635460853577,0.6096635460853577,1.2087348699569702,0.001,106.15174698829651
4839,32,65,615579,128,0.6689798831939697,0.6689798831939697,1.0512502193450928,0.001,106.16964077949524
4840,32,66,615707,128,0.3222981095314026,0.3222981095314026,1.206278920173645,0.001,106.18759036064148
4841,32,67,615835,128,0.45851728320121765,0.45851728320121765,0.9842184782028198,0.001,106.20565891265869
4842,32,68,615963,128,0.4105200171470642,0.4105200171470642,0.8210559487342834,0.001,106.22390675544739
4843,32,69,616091,128,0.6156802177429199,0.6156802177429199,0.9610000848770142,0.001,106.2418327331543
4844,32,70,616219,128,0.516254723072052,0.516254723072052,1.007489800453186,0.001,106.25984048843384
4845,32,71,616347,128,0.32843077182769775,0.32843077182769775,1.08853018283844,0.001,106.27760004997253
4846,32,72,616475,128,0.5252966284751892,0.5252966284751892,1.2306915521621704,0.001,106.29578232765198
4847,32,73,616603,128,0.5373743176460266,0.5373743176460266,0.8818336129188538,0.001,106.31376576423645
4848,32,74,616731,128,0.48562026023864746,0.48562026023864746,0.8119428753852844,0.001,106.3314950466156
4849,32,75,616859,128,0.4414897859096527,0.4414897859096527,1.105536937713623,0.001,106.34936213493347
4850,32,76,616987,128,0.5061559677124023,0.5061559677124023,1.1343798637390137,0.001,106.36753559112549
4851,32,77,617115,128,0.6146053075790405,0.6146053075790405,0.8784623146057129,0.001,106.38557648658752
4852,32,78,617243,128,0.46403586864471436,0.46403586864471436,1.33176589012146,0.001,106.40314054489136
4853,32,79,617371,128,0.62554532289505,0.62554532289505,1.0777636766433716,0.001,106.42141151428223
4854,32,80,617499,128,0.573124349117279,0.573124349117279,1.2781801223754883,0.001,106.43937706947327
4855,32,81,617627,128,0.576255738735199,0.576255738735199,1.0113580226898193,0.001,106.45725750923157
4856,32,82,617755,128,0.5441004633903503,0.5441004633903503,1.0498440265655518,0.001,106.4749698638916
4857,32,83,617883,128,0.40632164478302,0.40632164478302,1.1760156154632568,0.001,106.49314379692078
4858,32,84,618011,128,0.42675310373306274,0.42675310373306274,0.880168080329895,0.001,106.51103258132935
4859,32,85,618139,128,0.5861836671829224,0.5861836671829224,0.79301518201828,0.001,106.52910780906677
4860,32,86,618267,128,0.6499260067939758,0.6499260067939758,1.0504608154296875,0.001,106.54689955711365
4861,32,87,618395,128,0.5454660058021545,0.5454660058021545,0.8424354195594788,0.001,106.5649733543396
4862,32,88,618523,128,0.49371442198753357,0.49371442198753357,0.880903422832489,0.001,106.5826301574707
4863,32,89,618651,128,0.4513813555240631,0.4513813555240631,1.0037728548049927,0.001,106.6002459526062
4864,32,90,618779,128,0.3920189440250397,0.3920189440250397,1.5185362100601196,0.001,106.61796736717224
4865,32,91,618907,128,0.4322746992111206,0.4322746992111206,1.1437492370605469,0.001,106.63623595237732
4866,32,92,619035,128,0.5451222658157349,0.5451222658157349,1.3226367235183716,0.001,106.6540904045105
4867,32,93,619163,128,0.3754952549934387,0.3754952549934387,1.1327462196350098,0.001,106.67190527915955
4868,32,94,619291,128,0.351936399936676,0.351936399936676,1.4304720163345337,0.001,106.69003558158875
4869,32,95,619419,128,0.35008612275123596,0.35008612275123596,1.2536910772323608,0.001,106.70818543434143
4870,32,96,619547,128,0.3854411542415619,0.3854411542415619,0.8714298605918884,0.001,106.72609543800354
4871,32,97,619675,128,0.5798312425613403,0.5798312425613403,0.9372355341911316,0.001,106.74409675598145
4872,32,98,619803,128,0.9717819094657898,0.9717819094657898,1.423360824584961,0.001,106.76216173171997
4873,32,99,619931,128,0.48757538199424744,0.48757538199424744,0.7801618576049805,0.001,106.78016090393066
4874,32,100,620059,128,0.6467651128768921,0.6467651128768921,1.4356675148010254,0.001,106.79829740524292
4875,32,101,620187,128,0.6824081540107727,0.6824081540107727,0.8325935006141663,0.001,106.81602168083191
4876,32,102,620315,128,0.5808125138282776,0.5808125138282776,1.1189963817596436,0.001,106.83405828475952
4877,32,103,620443,128,0.665563702583313,0.665563702583313,1.1094650030136108,0.001,106.85211205482483
4878,32,104,620571,128,0.41083651781082153,0.41083651781082153,0.9801563620567322,0.001,106.86980557441711
4879,32,105,620699,128,0.6679360866546631,0.6679360866546631,1.2265979051589966,0.001,106.88791227340698
4880,32,106,620827,128,0.8563224673271179,0.8563224673271179,0.7308934926986694,0.001,106.90587186813354
4881,32,107,620955,128,0.44979941844940186,0.44979941844940186,0.9727002382278442,0.001,106.92379355430603
4882,32,108,621083,128,0.429389625787735,0.429389625787735,1.029396414756775,0.001,106.94175624847412
4883,32,109,621211,128,0.5381322503089905,0.5381322503089905,0.9346073865890503,0.001,106.960209608078
4884,32,110,621339,128,0.5610904693603516,0.5610904693603516,1.1430643796920776,0.001,106.97838282585144
4885,32,111,621467,128,0.5279108881950378,0.5279108881950378,0.9867917895317078,0.001,106.99611353874207
4886,32,112,621595,128,0.6591020226478577,0.6591020226478577,1.132057547569275,0.001,107.01378798484802
4887,32,113,621723,128,0.4915943741798401,0.4915943741798401,0.9881348013877869,0.001,107.03187131881714
4888,32,114,621851,128,0.6216102838516235,0.6216102838516235,0.9494667649269104,0.001,107.04978942871094
4889,32,115,621979,128,0.45740529894828796,0.45740529894828796,1.0100107192993164,0.001,107.06778168678284
4890,32,116,622107,128,0.5535935759544373,0.5535935759544373,0.7389748096466064,0.001,107.08567309379578
4891,32,117,622235,128,0.7028392553329468,0.7028392553329468,0.9169354438781738,0.001,107.1038966178894
4892,32,118,622363,128,0.35147711634635925,0.35147711634635925,0.7185512185096741,0.001,107.12169122695923
4893,32,119,622491,128,0.6571642756462097,0.6571642756462097,1.0164400339126587,0.001,107.13935256004333
4894,32,120,622619,128,0.5720853209495544,0.5720853209495544,1.50409996509552,0.001,107.1572995185852
4895,32,121,622747,128,0.40550026297569275,0.40550026297569275,1.1652336120605469,0.001,107.17505979537964
4896,32,122,622875,128,0.4297960698604584,0.4297960698604584,1.1304478645324707,0.001,107.19288730621338
4897,32,123,623003,128,0.5640024542808533,0.5640024542808533,1.3880767822265625,0.001,107.21057510375977
4898,32,124,623131,128,0.6567904353141785,0.6567904353141785,0.8527389764785767,0.001,107.22880458831787
4899,32,125,623259,128,0.5129594802856445,0.5129594802856445,1.1144477128982544,0.001,107.2466688156128
4900,32,126,623387,128,0.5039399862289429,0.5039399862289429,1.425269365310669,0.001,107.2645435333252
4901,32,127,623515,128,0.4638882279396057,0.4638882279396057,0.929675817489624,0.001,107.28266835212708
4902,32,128,623643,128,0.5031818747520447,0.5031818747520447,1.2896353006362915,0.001,107.3008348941803
4903,32,129,623771,128,0.43297675251960754,0.43297675251960754,0.6671192646026611,0.001,107.3188488483429
4904,32,130,623899,128,0.4964238703250885,0.4964238703250885,1.2125797271728516,0.001,107.3368124961853
4905,32,131,624027,128,0.3760344088077545,0.3760344088077545,1.291872262954712,0.001,107.35497307777405
4906,32,132,624155,128,0.4103690981864929,0.4103690981864929,1.2654744386672974,0.001,107.37304949760437
4907,32,133,624283,128,0.4911006689071655,0.4911006689071655,0.9824892282485962,0.001,107.39106631278992
4908,32,134,624411,128,0.39474010467529297,0.39474010467529297,1.2656699419021606,0.001,107.40892744064331
4909,32,135,624539,128,0.3932171165943146,0.3932171165943146,0.7078976631164551,0.001,107.42709374427795
4910,32,136,624667,128,0.4293772876262665,0.4293772876262665,1.4492796659469604,0.001,107.4453752040863
4911,32,137,624795,128,0.44495558738708496,0.44495558738708496,1.096154808998108,0.001,107.46331930160522
4912,32,138,624923,128,0.49374422430992126,0.49374422430992126,1.3360543251037598,0.001,107.48120856285095
4913,32,139,625051,128,0.4198558032512665,0.4198558032512665,0.9062567353248596,0.001,107.4995985031128
4914,32,140,625179,128,0.6648685932159424,0.6648685932159424,0.9252825975418091,0.001,107.51772999763489
4915,32,141,625307,128,0.4640614986419678,0.4640614986419678,1.123407244682312,0.001,107.53579306602478
4916,32,142,625435,128,0.6600135564804077,0.6600135564804077,1.6807647943496704,0.001,107.55374145507812
4917,32,143,625563,128,0.4005078077316284,0.4005078077316284,1.145911455154419,0.001,107.57183194160461
4918,32,144,625691,128,0.6790057420730591,0.6790057420730591,1.1528631448745728,0.001,107.58983135223389
4919,32,145,625819,128,0.7356603145599365,0.7356603145599365,1.0580209493637085,0.001,107.60776114463806
4920,32,146,625947,128,0.4926764667034149,0.4926764667034149,1.2772518396377563,0.001,107.62592101097107
4921,32,147,626075,128,0.49785736203193665,0.49785736203193665,1.3216532468795776,0.001,107.64381122589111
4922,32,148,626203,128,0.5618070960044861,0.5618070960044861,1.3125147819519043,0.001,107.66161584854126
4923,32,149,626331,128,0.6583573818206787,0.6583573818206787,0.8533313274383545,0.001,107.67940521240234
4924,32,150,626459,128,0.5789753794670105,0.5789753794670105,0.9086824655532837,0.001,107.69759130477905
4925,32,151,626587,128,0.6061441898345947,0.6061441898345947,1.1544694900512695,0.001,107.71577024459839
4926,32,152,626715,128,0.566783607006073,0.566783607006073,1.0844649076461792,0.001,107.73354959487915
4927,32,153,626843,128,0.5741315484046936,0.5741315484046936,1.303041934967041,0.001,107.75133562088013
4928,32,154,626848,5,0.6322670578956604,0.6322670578956604,0.5002521872520447,0.001,107.75403666496277
4929,33,1,626976,128,0.38868248462677,0.38868248462677,0.8702032566070557,0.001,108.44489741325378
4930,33,2,627104,128,0.6600645780563354,0.6600645780563354,1.0756080150604248,0.001,108.46273136138916
4931,33,3,627232,128,0.5834817290306091,0.5834817290306091,1.075300693511963,0.001,108.4805588722229
4932,33,4,627360,128,0.5221407413482666,0.5221407413482666,1.2503926753997803,0.001,108.49875164031982
4933,33,5,627488,128,0.7549967765808105,0.7549967765808105,1.140600323677063,0.001,108.51640200614929
4934,33,6,627616,128,0.40131691098213196,0.40131691098213196,0.8304024338722229,0.001,108.53386974334717
4935,33,7,627744,128,0.5762671828269958,0.5762671828269958,0.9814042448997498,0.001,108.55178952217102
4936,33,8,627872,128,0.5462701916694641,0.5462701916694641,1.4978057146072388,0.001,108.56976413726807
4937,33,9,628000,128,0.5668738484382629,0.5668738484382629,0.9799302220344543,0.001,108.58761215209961
4938,33,10,628128,128,0.5325064063072205,0.5325064063072205,1.576829195022583,0.001,108.60547137260437
4939,33,11,628256,128,0.4186118245124817,0.4186118245124817,1.112563967704773,0.001,108.62319469451904
4940,33,12,628384,128,0.4837780296802521,0.4837780296802521,1.340573787689209,0.001,108.64107060432434
4941,33,13,628512,128,0.5828750729560852,0.5828750729560852,1.011914849281311,0.001,108.65885210037231
4942,33,14,628640,128,0.4375423192977905,0.4375423192977905,1.1158332824707031,0.001,108.67643737792969
4943,33,15,628768,128,0.5286334156990051,0.5286334156990051,0.9380747675895691,0.001,108.69450616836548
4944,33,16,628896,128,0.5759085416793823,0.5759085416793823,1.2167669534683228,0.001,108.7124695777893
4945,33,17,629024,128,0.3689799904823303,0.3689799904823303,0.8757164478302002,0.001,108.73029065132141
4946,33,18,629152,128,0.7366548180580139,0.7366548180580139,1.0066076517105103,0.001,108.74792671203613
4947,33,19,629280,128,0.5615537166595459,0.5615537166595459,1.1100482940673828,0.001,108.76597833633423
4948,33,20,629408,128,0.4393215775489807,0.4393215775489807,0.9867438077926636,0.001,108.78368163108826
4949,33,21,629536,128,0.5068337321281433,0.5068337321281433,0.8494457006454468,0.001,108.80138063430786
4950,33,22,629664,128,0.40996053814888,0.40996053814888,1.091645359992981,0.001,108.81888699531555
4951,33,23,629792,128,0.48398879170417786,0.48398879170417786,1.0659887790679932,0.001,108.83673858642578
4952,33,24,629920,128,0.5344848036766052,0.5344848036766052,0.8092371225357056,0.001,108.85417437553406
4953,33,25,630048,128,0.5245210528373718,0.5245210528373718,0.8763811588287354,0.001,108.87168836593628
4954,33,26,630176,128,0.2918815612792969,0.2918815612792969,1.0307810306549072,0.001,108.88927125930786
4955,33,27,630304,128,0.5896974205970764,0.5896974205970764,1.5306893587112427,0.001,108.90679001808167
4956,33,28,630432,128,0.6329037547111511,0.6329037547111511,1.176329493522644,0.001,108.92402720451355
4957,33,29,630560,128,0.6031028628349304,0.6031028628349304,1.731814980506897,0.001,108.94141840934753
4958,33,30,630688,128,0.6130829453468323,0.6130829453468323,1.1897461414337158,0.001,108.95922684669495
4959,33,31,630816,128,0.7023909687995911,0.7023909687995911,1.4723567962646484,0.001,108.97719097137451
4960,33,32,630944,128,0.49572691321372986,0.49572691321372986,1.2870179414749146,0.001,108.99517464637756
4961,33,33,631072,128,0.7001304626464844,0.7001304626464844,1.0348082780838013,0.001,109.01288223266602
4962,33,34,631200,128,0.46625572443008423,0.46625572443008423,1.0778573751449585,0.001,109.03098845481873
4963,33,35,631328,128,0.6469045281410217,0.6469045281410217,1.3130855560302734,0.001,109.04875040054321
4964,33,36,631456,128,0.5099782347679138,0.5099782347679138,0.9319220185279846,0.001,109.0663685798645
4965,33,37,631584,128,0.46077537536621094,0.46077537536621094,0.8407866358757019,0.001,109.08371829986572
4966,33,38,631712,128,0.39258453249931335,0.39258453249931335,0.9395773410797119,0.001,109.10167336463928
4967,33,39,631840,128,0.5949878692626953,0.5949878692626953,1.1636459827423096,0.001,109.11898899078369
4968,33,40,631968,128,0.5062015652656555,0.5062015652656555,0.7782207131385803,0.001,109.13661313056946
4969,33,41,632096,128,0.4226538836956024,0.4226538836956024,1.4024076461791992,0.001,109.15439939498901
4970,33,42,632224,128,0.3913862407207489,0.3913862407207489,0.9731324315071106,0.001,109.17263770103455
4971,33,43,632352,128,0.43764400482177734,0.43764400482177734,1.1447972059249878,0.001,109.19038939476013
4972,33,44,632480,128,0.5643526911735535,0.5643526911735535,1.2300314903259277,0.001,109.20786499977112
4973,33,45,632608,128,0.4145878255367279,0.4145878255367279,1.2180125713348389,0.001,109.22540831565857
4974,33,46,632736,128,0.7971810102462769,0.7971810102462769,1.2769907712936401,0.001,109.24318647384644
4975,33,47,632864,128,0.7521711587905884,0.7521711587905884,0.7747139930725098,0.001,109.26090836524963
4976,33,48,632992,128,0.7233044505119324,0.7233044505119324,1.4393643140792847,0.001,109.27866554260254
4977,33,49,633120,128,0.3581252992153168,0.3581252992153168,1.060247778892517,0.001,109.29732322692871
4978,33,50,633248,128,0.498951256275177,0.498951256275177,1.450369119644165,0.001,109.31495833396912
4979,33,51,633376,128,0.36423459649086,0.36423459649086,1.1019082069396973,0.001,109.33256793022156
4980,33,52,633504,128,0.624668538570404,0.624668538570404,0.7574176788330078,0.001,109.35023069381714
4981,33,53,633632,128,0.4683036208152771,0.4683036208152771,1.1167542934417725,0.001,109.368323802948
4982,33,54,633760,128,0.4859470725059509,0.4859470725059509,1.4966609477996826,0.001,109.38637566566467
4983,33,55,633888,128,0.5463041067123413,0.5463041067123413,1.147965908050537,0.001,109.40420842170715
4984,33,56,634016,128,0.5251901745796204,0.5251901745796204,0.803062379360199,0.001,109.4221043586731
4985,33,57,634144,128,0.5671237707138062,0.5671237707138062,1.140909194946289,0.001,109.44012451171875
4986,33,58,634272,128,0.4682186543941498,0.4682186543941498,1.0341603755950928,0.001,109.45808339118958
4987,33,59,634400,128,0.4393948018550873,0.4393948018550873,1.011495590209961,0.001,109.47611093521118
4988,33,60,634528,128,0.5928531885147095,0.5928531885147095,1.1266765594482422,0.001,109.49423098564148
4989,33,61,634656,128,0.34950873255729675,0.34950873255729675,0.9259991645812988,0.001,109.51235818862915
4990,33,62,634784,128,0.505120038986206,0.505120038986206,1.1062631607055664,0.001,109.53046727180481
4991,33,63,634912,128,0.47524794936180115,0.47524794936180115,1.3274672031402588,0.001,109.54816746711731
4992,33,64,635040,128,0.4370194971561432,0.4370194971561432,0.9882171750068665,0.001,109.56623077392578
4993,33,65,635168,128,0.6078276038169861,0.6078276038169861,1.0184441804885864,0.001,109.58399605751038
4994,33,66,635296,128,0.3707812428474426,0.3707812428474426,1.4623901844024658,0.001,109.60187411308289
4995,33,67,635424,128,0.5649473071098328,0.5649473071098328,1.0789600610733032,0.001,109.61955070495605
4996,33,68,635552,128,0.46947821974754333,0.46947821974754333,0.9356081485748291,0.001,109.63776111602783
4997,33,69,635680,128,0.5073855519294739,0.5073855519294739,1.0549780130386353,0.001,109.6557252407074
4998,33,70,635808,128,0.430020809173584,0.430020809173584,0.8805180191993713,0.001,109.67361402511597
4999,33,71,635936,128,0.4683801233768463,0.4683801233768463,1.1100857257843018,0.001,109.69126868247986
5000,33,72,636064,128,0.5685613751411438,0.5685613751411438,0.9722622036933899,0.001,109.70895910263062
5001,33,73,636192,128,0.644684374332428,0.644684374332428,0.8952594995498657,0.001,109.7265374660492
5002,33,74,636320,128,0.4378601014614105,0.4378601014614105,0.988826334476471,0.001,109.74395442008972
5003,33,75,636448,128,0.436344712972641,0.436344712972641,1.3435529470443726,0.001,109.7616024017334
5004,33,76,636576,128,0.5807631611824036,0.5807631611824036,1.1275410652160645,0.001,109.77920508384705
5005,33,77,636704,128,0.5552951097488403,0.5552951097488403,1.1627451181411743,0.001,109.79700541496277
5006,33,78,636832,128,0.37663233280181885,0.37663233280181885,0.7815774083137512,0.001,109.81454586982727
5007,33,79,636960,128,0.5744394063949585,0.5744394063949585,1.3781639337539673,0.001,109.8326952457428
5008,33,80,637088,128,0.5472208857536316,0.5472208857536316,0.8844324946403503,0.001,109.85016417503357
5009,33,81,637216,128,0.4877895712852478,0.4877895712852478,1.2819528579711914,0.001,109.86800360679626
5010,33,82,637344,128,0.6177279353141785,0.6177279353141785,1.0680710077285767,0.001,109.88583326339722
5011,33,83,637472,128,0.4124391973018646,0.4124391973018646,1.082619071006775,0.001,109.90408635139465
5012,33,84,637600,128,0.4729189872741699,0.4729189872741699,0.9027695655822754,0.001,109.92194700241089
5013,33,85,637728,128,0.6839648485183716,0.6839648485183716,1.0034247636795044,0.001,109.9402220249176
5014,33,86,637856,128,0.5345300436019897,0.5345300436019897,0.9484584927558899,0.001,109.95802664756775
5015,33,87,637984,128,0.9464461207389832,0.9464461207389832,1.0793766975402832,0.001,109.97590446472168
5016,33,88,638112,128,0.8479946851730347,0.8479946851730347,0.9135823845863342,0.001,109.99373507499695
5017,33,89,638240,128,0.7738590240478516,0.7738590240478516,1.3907623291015625,0.001,110.01158094406128
5018,33,90,638368,128,0.540519118309021,0.540519118309021,1.1798630952835083,0.001,110.0296196937561
5019,33,91,638496,128,0.40981706976890564,0.40981706976890564,1.2327450513839722,0.001,110.04729628562927
5020,33,92,638624,128,0.5190271139144897,0.5190271139144897,1.0039689540863037,0.001,110.0649254322052
5021,33,93,638752,128,0.30429354310035706,0.30429354310035706,1.13933265209198,0.001,110.08240866661072
5022,33,94,638880,128,0.5423831343650818,0.5423831343650818,0.98509281873703,0.001,110.10057997703552
5023,33,95,639008,128,0.4469521641731262,0.4469521641731262,0.8578252196311951,0.001,110.11824536323547
5024,33,96,639136,128,0.4294917583465576,0.4294917583465576,0.8932536840438843,0.001,110.135657787323
5025,33,97,639264,128,0.38582900166511536,0.38582900166511536,0.8708095550537109,0.001,110.1532039642334
5026,33,98,639392,128,0.6555958390235901,0.6555958390235901,1.1007241010665894,0.001,110.170982837677
5027,33,99,639520,128,0.6682012677192688,0.6682012677192688,1.0291872024536133,0.001,110.18859887123108
5028,33,100,639648,128,0.46471816301345825,0.46471816301345825,1.1299183368682861,0.001,110.20595359802246
5029,33,101,639776,128,0.37530234456062317,0.37530234456062317,1.0484424829483032,0.001,110.22329878807068
5030,33,102,639904,128,0.5386512875556946,0.5386512875556946,1.2011983394622803,0.001,110.24117183685303
5031,33,103,640032,128,0.656011700630188,0.656011700630188,1.0672626495361328,0.001,110.25892329216003
5032,33,104,640160,128,0.5312193036079407,0.5312193036079407,1.1171001195907593,0.001,110.27621102333069
5033,33,105,640288,128,0.48056739568710327,0.48056739568710327,1.1149778366088867,0.001,110.294189453125
5034,33,106,640416,128,0.4598808288574219,0.4598808288574219,0.92619389295578,0.001,110.31200456619263
5035,33,107,640544,128,0.42033690214157104,0.42033690214157104,1.1396291255950928,0.001,110.32960557937622
5036,33,108,640672,128,0.4419160485267639,0.4419160485267639,1.1779195070266724,0.001,110.34699273109436
5037,33,109,640800,128,0.6359717845916748,0.6359717845916748,1.2796918153762817,0.001,110.36512064933777
5038,33,110,640928,128,0.4936317205429077,0.4936317205429077,1.007879376411438,0.001,110.3828616142273
5039,33,111,641056,128,0.3722917139530182,0.3722917139530182,0.7064036726951599,0.001,110.40018486976624
5040,33,112,641184,128,0.4732459783554077,0.4732459783554077,1.0183985233306885,0.001,110.4177463054657
5041,33,113,641312,128,0.521036684513092,0.521036684513092,0.9296653270721436,0.001,110.43604469299316
5042,33,114,641440,128,0.3855295181274414,0.3855295181274414,0.9785756468772888,0.001,110.45389461517334
5043,33,115,641568,128,0.4989497661590576,0.4989497661590576,0.7998483180999756,0.001,110.47166514396667
5044,33,116,641696,128,0.46865981817245483,0.46865981817245483,0.981021523475647,0.001,110.48905777931213
5045,33,117,641824,128,0.4484878480434418,0.4484878480434418,1.2754043340682983,0.001,110.50712728500366
5046,33,118,641952,128,0.5589507222175598,0.5589507222175598,0.8136044144630432,0.001,110.52473783493042
5047,33,119,642080,128,0.4644811153411865,0.4644811153411865,1.0681328773498535,0.001,110.54254388809204
5048,33,120,642208,128,0.5224075317382812,0.5224075317382812,0.9794265031814575,0.001,110.56006669998169
5049,33,121,642336,128,0.5510727763175964,0.5510727763175964,1.0351483821868896,0.001,110.57822465896606
5050,33,122,642464,128,0.5582390427589417,0.5582390427589417,1.0966542959213257,0.001,110.59592771530151
5051,33,123,642592,128,0.4863033592700958,0.4863033592700958,1.4423667192459106,0.001,110.61350893974304
5052,33,124,642720,128,0.75917649269104,0.75917649269104,1.083611011505127,0.001,110.63158130645752
5053,33,125,642848,128,0.6084163784980774,0.6084163784980774,0.9328418970108032,0.001,110.6493592262268
5054,33,126,642976,128,0.5440101623535156,0.5440101623535156,1.0067757368087769,0.001,110.66717505455017
5055,33,127,643104,128,0.4890378415584564,0.4890378415584564,0.9745206832885742,0.001,110.68491125106812
5056,33,128,643232,128,0.5138571858406067,0.5138571858406067,0.855178952217102,0.001,110.70278096199036
5057,33,129,643360,128,0.5297494530677795,0.5297494530677795,1.2228920459747314,0.001,110.72064733505249
5058,33,130,643488,128,0.47747236490249634,0.47747236490249634,0.7496000528335571,0.001,110.73836779594421
5059,33,131,643616,128,0.5821003317832947,0.5821003317832947,1.3489789962768555,0.001,110.75582313537598
5060,33,132,643744,128,0.36505424976348877,0.36505424976348877,0.90714031457901,0.001,110.77359867095947
5061,33,133,643872,128,0.4146639108657837,0.4146639108657837,1.3535765409469604,0.001,110.791335105896
5062,33,134,644000,128,0.48939627408981323,0.48939627408981323,0.8626531362533569,0.001,110.80901646614075
5063,33,135,644128,128,0.3393016457557678,0.3393016457557678,0.9135515689849854,0.001,110.82678484916687
5064,33,136,644256,128,0.4670422673225403,0.4670422673225403,1.338786005973816,0.001,110.84472823143005
5065,33,137,644384,128,0.545691728591919,0.545691728591919,1.2483608722686768,0.001,110.86251163482666
5066,33,138,644512,128,0.5315988063812256,0.5315988063812256,1.2203105688095093,0.001,110.8801519870758
5067,33,139,644640,128,0.3979140520095825,0.3979140520095825,0.6880531907081604,0.001,110.89879107475281
5068,33,140,644768,128,0.6909149289131165,0.6909149289131165,1.3484141826629639,0.001,110.91651916503906
5069,33,141,644896,128,0.6674635410308838,0.6674635410308838,1.512536644935608,0.001,110.9342565536499
5070,33,142,645024,128,0.5522463917732239,0.5522463917732239,1.1433935165405273,0.001,110.95198130607605
5071,33,143,645152,128,0.5602013468742371,0.5602013468742371,1.0516564846038818,0.001,110.97008800506592
5072,33,144,645280,128,0.49486830830574036,0.49486830830574036,1.530081868171692,0.001,110.98781132698059
5073,33,145,645408,128,0.9201112389564514,0.9201112389564514,0.87769615650177,0.001,111.00558829307556
5074,33,146,645536,128,0.3417642116546631,0.3417642116546631,1.0170996189117432,0.001,111.02325773239136
5075,33,147,645664,128,0.3996425271034241,0.3996425271034241,0.8468073606491089,0.001,111.04149460792542
5076,33,148,645792,128,0.4834868907928467,0.4834868907928467,0.8301072120666504,0.001,111.05934858322144
5077,33,149,645920,128,0.5151976943016052,0.5151976943016052,0.7358346581459045,0.001,111.07707238197327
5078,33,150,646048,128,0.44213834404945374,0.44213834404945374,1.5448354482650757,0.001,111.09502649307251
5079,33,151,646176,128,0.5323367714881897,0.5323367714881897,1.1218324899673462,0.001,111.11459231376648
5080,33,152,646304,128,0.40486010909080505,0.40486010909080505,1.3702598810195923,0.001,111.13322234153748
5081,33,153,646432,128,0.4386509656906128,0.4386509656906128,1.147003173828125,0.001,111.15072894096375
5082,33,154,646437,5,0.44811221957206726,0.44811221957206726,0.7583400011062622,0.001,111.15350675582886
5083,34,1,646565,128,0.42117229104042053,0.42117229104042053,0.9719592332839966,0.001,111.85264706611633
5084,34,2,646693,128,0.3956963121891022,0.3956963121891022,0.9631124138832092,0.001,111.87025952339172
5085,34,3,646821,128,0.5504328012466431,0.5504328012466431,1.2232823371887207,0.001,111.88809776306152
5086,34,4,646949,128,0.45219099521636963,0.45219099521636963,0.8218061923980713,0.001,111.90640592575073
5087,34,5,647077,128,0.721032977104187,0.721032977104187,1.108903408050537,0.001,111.9240460395813
5088,34,6,647205,128,0.49053698778152466,0.49053698778152466,1.0041803121566772,0.001,111.94165444374084
5089,34,7,647333,128,0.35822370648384094,0.35822370648384094,1.0779404640197754,0.001,111.95945906639099
5090,34,8,647461,128,0.6015409827232361,0.6015409827232361,1.038962960243225,0.001,111.97770094871521
5091,34,9,647589,128,0.7018505930900574,0.7018505930900574,1.047763705253601,0.001,111.99548864364624
5092,34,10,647717,128,0.5421566367149353,0.5421566367149353,0.956487238407135,0.001,112.01318144798279
5093,34,11,647845,128,0.5335919260978699,0.5335919260978699,1.0450254678726196,0.001,112.03078603744507
5094,34,12,647973,128,0.5978833436965942,0.5978833436965942,0.9436684250831604,0.001,112.04854249954224
5095,34,13,648101,128,0.4517877995967865,0.4517877995967865,0.9279528260231018,0.001,112.06662821769714
5096,34,14,648229,128,0.5750163197517395,0.5750163197517395,1.2409332990646362,0.001,112.08408069610596
5097,34,15,648357,128,0.5265375971794128,0.5265375971794128,1.1257392168045044,0.001,112.10200524330139
5098,34,16,648485,128,0.6643756628036499,0.6643756628036499,1.014215111732483,0.001,112.1197874546051
5099,34,17,648613,128,0.5422627925872803,0.5422627925872803,1.1856660842895508,0.001,112.13763403892517
5100,34,18,648741,128,0.28020477294921875,0.28020477294921875,1.1450716257095337,0.001,112.1554787158966
5101,34,19,648869,128,0.47290343046188354,0.47290343046188354,1.015444040298462,0.001,112.1738224029541
5102,34,20,648997,128,0.3789161741733551,0.3789161741733551,1.1843076944351196,0.001,112.19180083274841
5103,34,21,649125,128,0.3894799053668976,0.3894799053668976,1.0261279344558716,0.001,112.20990228652954
5104,34,22,649253,128,0.5837529301643372,0.5837529301643372,0.8542283177375793,0.001,112.2278950214386
5105,34,23,649381,128,0.5919767022132874,0.5919767022132874,0.8542946577072144,0.001,112.24609923362732
5106,34,24,649509,128,0.5062986612319946,0.5062986612319946,0.7671681046485901,0.001,112.26404762268066
5107,34,25,649637,128,0.5051994323730469,0.5051994323730469,1.2489482164382935,0.001,112.28179740905762
5108,34,26,649765,128,0.3816198706626892,0.3816198706626892,0.7847599983215332,0.001,112.30002236366272
5109,34,27,649893,128,0.5588108897209167,0.5588108897209167,1.0714589357376099,0.001,112.31813097000122
5110,34,28,650021,128,0.4075576364994049,0.4075576364994049,1.131738543510437,0.001,112.33616280555725
5111,34,29,650149,128,0.36525386571884155,0.36525386571884155,1.1716527938842773,0.001,112.354012966156
5112,34,30,650277,128,0.34870582818984985,0.34870582818984985,0.8001713156700134,0.001,112.37233710289001
5113,34,31,650405,128,0.46142473816871643,0.46142473816871643,1.172745704650879,0.001,112.3902952671051
5114,34,32,650533,128,0.6066566109657288,0.6066566109657288,0.902844250202179,0.001,112.40812063217163
5115,34,33,650661,128,0.6686039566993713,0.6686039566993713,1.2531917095184326,0.001,112.42598867416382
5116,34,34,650789,128,0.689138650894165,0.689138650894165,1.3734625577926636,0.001,112.44408321380615
5117,34,35,650917,128,0.6716995239257812,0.6716995239257812,1.1178600788116455,0.001,112.4622073173523
5118,34,36,651045,128,0.7595000863075256,0.7595000863075256,1.0671374797821045,0.001,112.4800181388855
5119,34,37,651173,128,0.5279764533042908,0.5279764533042908,1.1307039260864258,0.001,112.49799871444702
5120,34,38,651301,128,0.6832002997398376,0.6832002997398376,1.0442698001861572,0.001,112.5163061618805
5121,34,39,651429,128,0.6729933023452759,0.6729933023452759,0.8124312162399292,0.001,112.5341784954071
5122,34,40,651557,128,0.8087192177772522,0.8087192177772522,1.2792377471923828,0.001,112.55199122428894
5123,34,41,651685,128,0.590429961681366,0.590429961681366,1.02787184715271,0.001,112.5705041885376
5124,34,42,651813,128,0.43885427713394165,0.43885427713394165,1.0216846466064453,0.001,112.5883309841156
5125,34,43,651941,128,0.42314279079437256,0.42314279079437256,1.1269913911819458,0.001,112.60596680641174
5126,34,44,652069,128,0.48289060592651367,0.48289060592651367,0.8833014965057373,0.001,112.62370109558105
5127,34,45,652197,128,0.3305591940879822,0.3305591940879822,0.8650658130645752,0.001,112.6421709060669
5128,34,46,652325,128,0.5649044513702393,0.5649044513702393,1.3852065801620483,0.001,112.66024661064148
5129,34,47,652453,128,0.7044535875320435,0.7044535875320435,1.213651418685913,0.001,112.67808961868286
5130,34,48,652581,128,0.4958277642726898,0.4958277642726898,0.9920327067375183,0.001,112.69586634635925
5131,34,49,652709,128,0.511755645275116,0.511755645275116,0.8470357656478882,0.001,112.71447849273682
5132,34,50,652837,128,0.3942222595214844,0.3942222595214844,1.0652459859848022,0.001,112.73265504837036
5133,34,51,652965,128,0.6293511986732483,0.6293511986732483,0.9631004929542542,0.001,112.75054836273193
5134,34,52,653093,128,0.5970607995986938,0.5970607995986938,0.9848668575286865,0.001,112.76871466636658
5135,34,53,653221,128,0.6274851560592651,0.6274851560592651,0.9349061250686646,0.001,112.78658676147461
5136,34,54,653349,128,0.5822553634643555,0.5822553634643555,0.9451615810394287,0.001,112.80433130264282
5137,34,55,653477,128,0.5545811057090759,0.5545811057090759,1.1964614391326904,0.001,112.8223078250885
5138,34,56,653605,128,0.3779466152191162,0.3779466152191162,1.1667894124984741,0.001,112.84042620658875
5139,34,57,653733,128,0.41177061200141907,0.41177061200141907,1.1711021661758423,0.001,112.85812759399414
5140,34,58,653861,128,0.569431483745575,0.569431483745575,1.2074605226516724,0.001,112.8758761882782
5141,34,59,653989,128,0.42215272784233093,0.42215272784233093,0.7625405788421631,0.001,112.8937599658966
5142,34,60,654117,128,0.5206819176673889,0.5206819176673889,0.9842497110366821,0.001,112.91187906265259
5143,34,61,654245,128,0.6329718828201294,0.6329718828201294,0.8040805459022522,0.001,112.92977523803711
5144,34,62,654373,128,0.38157179951667786,0.38157179951667786,1.442960500717163,0.001,112.94767379760742
5145,34,63,654501,128,0.5310262441635132,0.5310262441635132,1.206453561782837,0.001,112.96565365791321
5146,34,64,654629,128,0.47786757349967957,0.47786757349967957,0.8004682064056396,0.001,112.98333168029785
5147,34,65,654757,128,0.5290849804878235,0.5290849804878235,1.3829829692840576,0.001,113.0007963180542
5148,34,66,654885,128,0.7829914093017578,0.7829914093017578,1.339345097541809,0.001,113.01845741271973
5149,34,67,655013,128,0.4871354103088379,0.4871354103088379,1.1963332891464233,0.001,113.03682470321655
5150,34,68,655141,128,0.5022764205932617,0.5022764205932617,1.3861955404281616,0.001,113.0549705028534
5151,34,69,655269,128,0.6508490443229675,0.6508490443229675,1.3372626304626465,0.001,113.0728108882904
5152,34,70,655397,128,0.46794021129608154,0.46794021129608154,1.4819140434265137,0.001,113.09047651290894
5153,34,71,655525,128,0.6444297432899475,0.6444297432899475,1.0553058385849,0.001,113.10879516601562
5154,34,72,655653,128,0.7642037272453308,0.7642037272453308,1.3584926128387451,0.001,113.12673664093018
5155,34,73,655781,128,0.5566848516464233,0.5566848516464233,1.083422064781189,0.001,113.14476680755615
5156,34,74,655909,128,0.5102280974388123,0.5102280974388123,0.991508424282074,0.001,113.16241669654846
5157,34,75,656037,128,0.3215464651584625,0.3215464651584625,0.7290573120117188,0.001,113.18080472946167
5158,34,76,656165,128,0.3071501851081848,0.3071501851081848,0.8946847915649414,0.001,113.19863867759705
5159,34,77,656293,128,0.5448547601699829,0.5448547601699829,1.2122724056243896,0.001,113.21638894081116
5160,34,78,656421,128,0.363295316696167,0.363295316696167,1.0598232746124268,0.001,113.23454761505127
5161,34,79,656549,128,0.4595133066177368,0.4595133066177368,0.9192243814468384,0.001,113.25232934951782
5162,34,80,656677,128,0.6769546270370483,0.6769546270370483,1.0859839916229248,0.001,113.27041625976562
5163,34,81,656805,128,0.4362178444862366,0.4362178444862366,1.5204577445983887,0.001,113.28811025619507
5164,34,82,656933,128,0.45045873522758484,0.45045873522758484,1.3331398963928223,0.001,113.306631565094
5165,34,83,657061,128,0.3890811502933502,0.3890811502933502,0.9904717206954956,0.001,113.3245997428894
5166,34,84,657189,128,0.3716575503349304,0.3716575503349304,0.9924347400665283,0.001,113.34250164031982
5167,34,85,657317,128,0.6444315314292908,0.6444315314292908,1.030495524406433,0.001,113.36037135124207
5168,34,86,657445,128,0.45193448662757874,0.45193448662757874,0.8994834423065186,0.001,113.37858438491821
5169,34,87,657573,128,0.5026735663414001,0.5026735663414001,1.071455478668213,0.001,113.39651465415955
5170,34,88,657701,128,0.5598840117454529,0.5598840117454529,0.8729895353317261,0.001,113.41441059112549
5171,34,89,657829,128,0.5780336856842041,0.5780336856842041,1.1495614051818848,0.001,113.43212699890137
5172,34,90,657957,128,0.40155738592147827,0.40155738592147827,0.9762316942214966,0.001,113.45005083084106
5173,34,91,658085,128,0.4956413805484772,0.4956413805484772,0.9591816663742065,0.001,113.46816158294678
5174,34,92,658213,128,0.5236598253250122,0.5236598253250122,0.9930121302604675,0.001,113.48566269874573
5175,34,93,658341,128,0.5980618596076965,0.5980618596076965,0.876690685749054,0.001,113.50386142730713
5176,34,94,658469,128,0.3918739855289459,0.3918739855289459,1.003554105758667,0.001,113.52177357673645
5177,34,95,658597,128,0.41518205404281616,0.41518205404281616,1.141066312789917,0.001,113.53952074050903
5178,34,96,658725,128,0.6143157482147217,0.6143157482147217,1.3223834037780762,0.001,113.55722451210022
5179,34,97,658853,128,0.6779924035072327,0.6779924035072327,0.8717004656791687,0.001,113.57556200027466
5180,34,98,658981,128,0.6513880491256714,0.6513880491256714,0.9989631175994873,0.001,113.5933358669281
5181,34,99,659109,128,0.5793152451515198,0.5793152451515198,1.1483243703842163,0.001,113.61095809936523
5182,34,100,659237,128,0.46826642751693726,0.46826642751693726,1.134037733078003,0.001,113.62852358818054
5183,34,101,659365,128,0.6158009171485901,0.6158009171485901,1.132247805595398,0.001,113.6466977596283
5184,34,102,659493,128,0.45816341042518616,0.45816341042518616,0.9440418481826782,0.001,113.6641116142273
5185,34,103,659621,128,0.504656195640564,0.504656195640564,1.8248413801193237,0.001,113.68170070648193
5186,34,104,659749,128,0.6173532009124756,0.6173532009124756,0.7769798040390015,0.001,113.69937062263489
5187,34,105,659877,128,0.43262580037117004,0.43262580037117004,0.7020962834358215,0.001,113.71752166748047
5188,34,106,660005,128,0.5761472582817078,0.5761472582817078,1.0429351329803467,0.001,113.73535633087158
5189,34,107,660133,128,0.3573257327079773,0.3573257327079773,1.593919277191162,0.001,113.75297617912292
5190,34,108,660261,128,0.3958938419818878,0.3958938419818878,1.3208075761795044,0.001,113.7709550857544
5191,34,109,660389,128,0.45553058385849,0.45553058385849,0.9455865621566772,0.001,113.78892111778259
5192,34,110,660517,128,0.490932822227478,0.490932822227478,0.9956785440444946,0.001,113.80657815933228
5193,34,111,660645,128,0.5713988542556763,0.5713988542556763,1.0868215560913086,0.001,113.82393169403076
5194,34,112,660773,128,0.3362977206707001,0.3362977206707001,1.2142958641052246,0.001,113.84218239784241
5195,34,113,660901,128,0.4718323051929474,0.4718323051929474,1.0305461883544922,0.001,113.86016893386841
5196,34,114,661029,128,0.44159460067749023,0.44159460067749023,0.9582487344741821,0.001,113.8778805732727
5197,34,115,661157,128,0.36194586753845215,0.36194586753845215,1.1794580221176147,0.001,113.89574885368347
5198,34,116,661285,128,0.44874417781829834,0.44874417781829834,0.901694655418396,0.001,113.91414880752563
5199,34,117,661413,128,0.566200315952301,0.566200315952301,1.2020512819290161,0.001,113.93207240104675
5200,34,118,661541,128,0.33703163266181946,0.33703163266181946,1.1302131414413452,0.001,113.9498074054718
5201,34,119,661669,128,0.5039005279541016,0.5039005279541016,1.1493932008743286,0.001,113.96779298782349
5202,34,120,661797,128,0.38704177737236023,0.38704177737236023,1.4586783647537231,0.001,113.98557209968567
5203,34,121,661925,128,0.4918288290500641,0.4918288290500641,0.9482624530792236,0.001,114.00320506095886
5204,34,122,662053,128,0.4574072062969208,0.4574072062969208,0.8546000123023987,0.001,114.02086973190308
5205,34,123,662181,128,0.40117254853248596,0.40117254853248596,1.1806409358978271,0.001,114.03865027427673
5206,34,124,662309,128,0.6105211973190308,0.6105211973190308,1.488998293876648,0.001,114.0562539100647
5207,34,125,662437,128,0.37207403779029846,0.37207403779029846,1.2518832683563232,0.001,114.07403445243835
5208,34,126,662565,128,0.49828583002090454,0.49828583002090454,1.406129240989685,0.001,114.09180331230164
5209,34,127,662693,128,0.3809272050857544,0.3809272050857544,1.2708556652069092,0.001,114.11008596420288
5210,34,128,662821,128,0.8256739377975464,0.8256739377975464,1.4297184944152832,0.001,114.12794399261475
5211,34,129,662949,128,0.539211630821228,0.539211630821228,0.8494427800178528,0.001,114.14549517631531
5212,34,130,663077,128,0.5575319528579712,0.5575319528579712,1.1830635070800781,0.001,114.16312909126282
5213,34,131,663205,128,0.41207045316696167,0.41207045316696167,1.1244990825653076,0.001,114.18138003349304
5214,34,132,663333,128,0.41513076424598694,0.41513076424598694,0.8269598484039307,0.001,114.1992404460907
5215,34,133,663461,128,0.7058513760566711,0.7058513760566711,1.452396035194397,0.001,114.21727681159973
5216,34,134,663589,128,0.31338655948638916,0.31338655948638916,0.9790357947349548,0.001,114.23484301567078
5217,34,135,663717,128,0.3382613956928253,0.3382613956928253,0.9671002626419067,0.001,114.25263237953186
5218,34,136,663845,128,0.4427351653575897,0.4427351653575897,1.1474931240081787,0.001,114.2703070640564
5219,34,137,663973,128,0.46262603998184204,0.46262603998184204,1.0092034339904785,0.001,114.28752541542053
5220,34,138,664101,128,0.4148024618625641,0.4148024618625641,1.0677703619003296,0.001,114.30512976646423
5221,34,139,664229,128,0.36404481530189514,0.36404481530189514,1.2564398050308228,0.001,114.32270407676697
5222,34,140,664357,128,0.38023245334625244,0.38023245334625244,1.1817065477371216,0.001,114.34043145179749
5223,34,141,664485,128,0.6778242588043213,0.6778242588043213,1.4080191850662231,0.001,114.3578588962555
5224,34,142,664613,128,0.863061785697937,0.863061785697937,0.972991943359375,0.001,114.37562227249146
5225,34,143,664741,128,0.361262708902359,0.361262708902359,0.8569485545158386,0.001,114.39314675331116
5226,34,144,664869,128,0.4578784108161926,0.4578784108161926,1.0883405208587646,0.001,114.41055059432983
5227,34,145,664997,128,0.32757267355918884,0.32757267355918884,1.0087695121765137,0.001,114.42791509628296
5228,34,146,665125,128,0.38942664861679077,0.38942664861679077,1.1657257080078125,0.001,114.44571781158447
5229,34,147,665253,128,0.561214029788971,0.561214029788971,1.0489734411239624,0.001,114.463547706604
5230,34,148,665381,128,0.44571489095687866,0.44571489095687866,0.989086925983429,0.001,114.48094844818115
5231,34,149,665509,128,0.3857099711894989,0.3857099711894989,1.116186499595642,0.001,114.49858689308167
5232,34,150,665637,128,0.5607332587242126,0.5607332587242126,1.2766199111938477,0.001,114.51675772666931
5233,34,151,665765,128,0.3237643837928772,0.3237643837928772,0.8525785803794861,0.001,114.5346999168396
5234,34,152,665893,128,0.34402716159820557,0.34402716159820557,1.3237451314926147,0.001,114.55235624313354
5235,34,153,666021,128,0.38988906145095825,0.38988906145095825,1.1277498006820679,0.001,114.57016134262085
5236,34,154,666026,5,0.31390661001205444,0.31390661001205444,0.5188382267951965,0.001,114.5729386806488
5237,35,1,666154,128,0.33969202637672424,0.33969202637672424,0.8115274906158447,0.001,115.27051448822021
5238,35,2,666282,128,0.529161810874939,0.529161810874939,1.4104950428009033,0.001,115.28800177574158
5239,35,3,666410,128,0.7238314747810364,0.7238314747810364,0.9548325538635254,0.001,115.30614018440247
5240,35,4,666538,128,0.4213663339614868,0.4213663339614868,1.1359307765960693,0.001,115.32377433776855
5241,35,5,666666,128,0.4513760209083557,0.4513760209083557,1.0985394716262817,0.001,115.34139680862427
5242,35,6,666794,128,0.4098489284515381,0.4098489284515381,0.9576138257980347,0.001,115.3587098121643
5243,35,7,666922,128,0.3593140244483948,0.3593140244483948,0.852920413017273,0.001,115.37714672088623
5244,35,8,667050,128,0.41199180483818054,0.41199180483818054,1.093766689300537,0.001,115.39482760429382
5245,35,9,667178,128,0.5351951718330383,0.5351951718330383,1.498880386352539,0.001,115.41245293617249
5246,35,10,667306,128,0.41660353541374207,0.41660353541374207,1.0464636087417603,0.001,115.43014788627625
5247,35,11,667434,128,0.5077968239784241,0.5077968239784241,1.0998799800872803,0.001,115.44827580451965
5248,35,12,667562,128,0.341338187456131,0.341338187456131,0.9018259644508362,0.001,115.46617460250854
5249,35,13,667690,128,0.4168775975704193,0.4168775975704193,1.2011953592300415,0.001,115.48382544517517
5250,35,14,667818,128,0.38513174653053284,0.38513174653053284,1.2427269220352173,0.001,115.50111174583435
5251,35,15,667946,128,0.4291515350341797,0.4291515350341797,1.0920064449310303,0.001,115.51906108856201
5252,35,16,668074,128,0.4990979731082916,0.4990979731082916,0.8545816540718079,0.001,115.5370364189148
5253,35,17,668202,128,0.39718905091285706,0.39718905091285706,0.9052881002426147,0.001,115.55492973327637
5254,35,18,668330,128,0.5179107785224915,0.5179107785224915,1.3895461559295654,0.001,115.57298493385315
5255,35,19,668458,128,0.4926910996437073,0.4926910996437073,0.8023795485496521,0.001,115.59058165550232
5256,35,20,668586,128,0.42343825101852417,0.42343825101852417,0.978742778301239,0.001,115.60836839675903
5257,35,21,668714,128,0.4889688789844513,0.4889688789844513,1.1959372758865356,0.001,115.62613320350647
5258,35,22,668842,128,0.43818747997283936,0.43818747997283936,0.5968547463417053,0.001,115.64421224594116
5259,35,23,668970,128,0.503592848777771,0.503592848777771,1.1576669216156006,0.001,115.66169023513794
5260,35,24,669098,128,0.37103018164634705,0.37103018164634705,0.8080984950065613,0.001,115.67921185493469
5261,35,25,669226,128,0.5502870678901672,0.5502870678901672,1.181262731552124,0.001,115.69698643684387
5262,35,26,669354,128,0.5067422389984131,0.5067422389984131,0.8911155462265015,0.001,115.71491956710815
5263,35,27,669482,128,0.5178322196006775,0.5178322196006775,1.1543747186660767,0.001,115.73254013061523
5264,35,28,669610,128,0.6433801651000977,0.6433801651000977,1.0384786128997803,0.001,115.75001978874207
5265,35,29,669738,128,0.5138969421386719,0.5138969421386719,1.3000456094741821,0.001,115.76763820648193
5266,35,30,669866,128,0.5734878182411194,0.5734878182411194,1.0650118589401245,0.001,115.78550839424133
5267,35,31,669994,128,0.5351986289024353,0.5351986289024353,1.0438352823257446,0.001,115.803546667099
5268,35,32,670122,128,0.5022054314613342,0.5022054314613342,0.8047893643379211,0.001,115.82107424736023
5269,35,33,670250,128,0.8300437927246094,0.8300437927246094,1.4617042541503906,0.001,115.83896207809448
5270,35,34,670378,128,0.47246551513671875,0.47246551513671875,0.8587227463722229,0.001,115.85665941238403
5271,35,35,670506,128,0.7462696433067322,0.7462696433067322,1.1778255701065063,0.001,115.87421035766602
5272,35,36,670634,128,0.6449996829032898,0.6449996829032898,0.807578444480896,0.001,115.89166617393494
5273,35,37,670762,128,0.5725116729736328,0.5725116729736328,1.0054032802581787,0.001,115.90985941886902
5274,35,38,670890,128,0.3700534403324127,0.3700534403324127,1.4275318384170532,0.001,115.92744398117065
5275,35,39,671018,128,0.4922243058681488,0.4922243058681488,1.3963114023208618,0.001,115.94519257545471
5276,35,40,671146,128,0.6530457735061646,0.6530457735061646,1.0384783744812012,0.001,115.96248435974121
5277,35,41,671274,128,0.4463830590248108,0.4463830590248108,0.9400925636291504,0.001,115.98033928871155
5278,35,42,671402,128,0.45828261971473694,0.45828261971473694,0.8704795837402344,0.001,115.99790024757385
5279,35,43,671530,128,0.5916385054588318,0.5916385054588318,1.0736719369888306,0.001,116.01588010787964
5280,35,44,671658,128,0.5035856366157532,0.5035856366157532,0.9653253555297852,0.001,116.03359723091125
5281,35,45,671786,128,0.571147084236145,0.571147084236145,1.224656343460083,0.001,116.05186796188354
5282,35,46,671914,128,0.5802034139633179,0.5802034139633179,0.9305065274238586,0.001,116.06981158256531
5283,35,47,672042,128,0.5550336241722107,0.5550336241722107,0.8112605214118958,0.001,116.08757185935974
5284,35,48,672170,128,0.38131317496299744,0.38131317496299744,0.9612111449241638,0.001,116.10546851158142
5285,35,49,672298,128,0.49262648820877075,0.49262648820877075,1.07418954372406,0.001,116.12330675125122
5286,35,50,672426,128,0.44716063141822815,0.44716063141822815,1.253408670425415,0.001,116.1409900188446
5287,35,51,672554,128,0.3646486699581146,0.3646486699581146,1.5079457759857178,0.001,116.15854048728943
5288,35,52,672682,128,0.44290345907211304,0.44290345907211304,1.8313370943069458,0.001,116.17665123939514
5289,35,53,672810,128,0.3460715711116791,0.3460715711116791,1.4093278646469116,0.001,116.19449734687805
5290,35,54,672938,128,0.39373791217803955,0.39373791217803955,1.2106215953826904,0.001,116.212242603302
5291,35,55,673066,128,0.36155036091804504,0.36155036091804504,1.3766511678695679,0.001,116.23008227348328
5292,35,56,673194,128,0.48966971039772034,0.48966971039772034,0.9176314473152161,0.001,116.2479395866394
5293,35,57,673322,128,0.4501224458217621,0.4501224458217621,1.159751057624817,0.001,116.26562833786011
5294,35,58,673450,128,0.5163163542747498,0.5163163542747498,1.1872798204421997,0.001,116.28326988220215
5295,35,59,673578,128,0.4092888832092285,0.4092888832092285,0.8248971700668335,0.001,116.30084705352783
5296,35,60,673706,128,0.4815104305744171,0.4815104305744171,1.4780325889587402,0.001,116.31872797012329
5297,35,61,673834,128,0.6288256645202637,0.6288256645202637,1.0199202299118042,0.001,116.33621096611023
5298,35,62,673962,128,0.7162092924118042,0.7162092924118042,1.21343195438385,0.001,116.35352396965027
5299,35,63,674090,128,0.5144956707954407,0.5144956707954407,0.9525184631347656,0.001,116.37111759185791
5300,35,64,674218,128,0.4375351667404175,0.4375351667404175,1.0542268753051758,0.001,116.38880777359009
5301,35,65,674346,128,0.5789266228675842,0.5789266228675842,0.8926560878753662,0.001,116.40634751319885
5302,35,66,674474,128,0.31768593192100525,0.31768593192100525,1.130288004875183,0.001,116.42388963699341
5303,35,67,674602,128,0.29223883152008057,0.29223883152008057,1.0690805912017822,0.001,116.44177913665771
5304,35,68,674730,128,0.440491259098053,0.440491259098053,1.2036868333816528,0.001,116.45959782600403
5305,35,69,674858,128,0.5068358182907104,0.5068358182907104,0.9234011173248291,0.001,116.47718572616577
5306,35,70,674986,128,0.4492813050746918,0.4492813050746918,1.1897414922714233,0.001,116.49467134475708
5307,35,71,675114,128,0.5205603241920471,0.5205603241920471,0.8146576881408691,0.001,116.51266670227051
5308,35,72,675242,128,0.3500453233718872,0.3500453233718872,1.1633762121200562,0.001,116.53027248382568
5309,35,73,675370,128,0.43216708302497864,0.43216708302497864,0.9384061694145203,0.001,116.5481071472168
5310,35,74,675498,128,0.38232889771461487,0.38232889771461487,1.2842960357666016,0.001,116.5657057762146
5311,35,75,675626,128,0.5280516147613525,0.5280516147613525,1.0480493307113647,0.001,116.58387970924377
5312,35,76,675754,128,0.4189133644104004,0.4189133644104004,1.0177326202392578,0.001,116.60157012939453
5313,35,77,675882,128,0.4527604877948761,0.4527604877948761,0.760694682598114,0.001,116.61896181106567
5314,35,78,676010,128,0.5599551796913147,0.5599551796913147,1.1946768760681152,0.001,116.63647651672363
5315,35,79,676138,128,0.33887866139411926,0.33887866139411926,1.0452135801315308,0.001,116.65472960472107
5316,35,80,676266,128,0.5730771422386169,0.5730771422386169,0.9744173288345337,0.001,116.67253923416138
5317,35,81,676394,128,0.34395918250083923,0.34395918250083923,0.905705988407135,0.001,116.68989276885986
5318,35,82,676522,128,0.32712990045547485,0.32712990045547485,0.9521194696426392,0.001,116.70796537399292
5319,35,83,676650,128,0.3835366368293762,0.3835366368293762,1.0472086668014526,0.001,116.72574496269226
5320,35,84,676778,128,0.41636744141578674,0.41636744141578674,0.9091709852218628,0.001,116.74361968040466
5321,35,85,676906,128,0.4527812898159027,0.4527812898159027,0.7830092310905457,0.001,116.76143646240234
5322,35,86,677034,128,0.43558940291404724,0.43558940291404724,0.8807302117347717,0.001,116.77953052520752
5323,35,87,677162,128,0.5731773376464844,0.5731773376464844,1.2368229627609253,0.001,116.79744338989258
5324,35,88,677290,128,0.611711323261261,0.611711323261261,0.8999634981155396,0.001,116.81512379646301
5325,35,89,677418,128,0.40615054965019226,0.40615054965019226,0.7398138642311096,0.001,116.8326563835144
5326,35,90,677546,128,0.4932830035686493,0.4932830035686493,0.8594586253166199,0.001,116.85070252418518
5327,35,91,677674,128,0.5718206167221069,0.5718206167221069,0.9180426001548767,0.001,116.86814212799072
5328,35,92,677802,128,0.48823297023773193,0.48823297023773193,1.2647902965545654,0.001,116.88579249382019
5329,35,93,677930,128,0.3672212064266205,0.3672212064266205,1.2289090156555176,0.001,116.90309262275696
5330,35,94,678058,128,0.5460986495018005,0.5460986495018005,0.6905566453933716,0.001,116.92104601860046
5331,35,95,678186,128,0.30172446370124817,0.30172446370124817,1.0421279668807983,0.001,116.93837285041809
5332,35,96,678314,128,0.9086692333221436,0.9086692333221436,1.5965180397033691,0.001,116.95574355125427
5333,35,97,678442,128,0.5082242488861084,0.5082242488861084,1.3244887590408325,0.001,116.97355270385742
5334,35,98,678570,128,0.6010909676551819,0.6010909676551819,1.4200862646102905,0.001,116.9909656047821
5335,35,99,678698,128,0.5614246726036072,0.5614246726036072,0.8430911302566528,0.001,117.00860476493835
5336,35,100,678826,128,0.419400691986084,0.419400691986084,1.2813725471496582,0.001,117.02589654922485
5337,35,101,678954,128,0.6261072158813477,0.6261072158813477,0.9283097386360168,0.001,117.0438129901886
5338,35,102,679082,128,0.4247712194919586,0.4247712194919586,0.6176679730415344,0.001,117.06170749664307
5339,35,103,679210,128,0.4380462169647217,0.4380462169647217,1.2807409763336182,0.001,117.07956981658936
5340,35,104,679338,128,0.5201690793037415,0.5201690793037415,1.1072180271148682,0.001,117.0970413684845
5341,35,105,679466,128,0.43488365411758423,0.43488365411758423,1.0063523054122925,0.001,117.1146821975708
5342,35,106,679594,128,0.4604993462562561,0.4604993462562561,1.565000057220459,0.001,117.13213658332825
5343,35,107,679722,128,0.3446120321750641,0.3446120321750641,1.2384581565856934,0.001,117.14935803413391
5344,35,108,679850,128,0.63725745677948,0.63725745677948,1.0908187627792358,0.001,117.16672492027283
5345,35,109,679978,128,0.366933137178421,0.366933137178421,1.446487307548523,0.001,117.18495273590088
5346,35,110,680106,128,0.4532916247844696,0.4532916247844696,1.2153655290603638,0.001,117.20251059532166
5347,35,111,680234,128,0.4013994038105011,0.4013994038105011,0.932934582233429,0.001,117.21997594833374
5348,35,112,680362,128,0.43011972308158875,0.43011972308158875,0.9025101661682129,0.001,117.23713397979736
5349,35,113,680490,128,0.368662565946579,0.368662565946579,1.2937887907028198,0.001,117.25464105606079
5350,35,114,680618,128,0.5121822357177734,0.5121822357177734,1.7278438806533813,0.001,117.27203917503357
5351,35,115,680746,128,0.39943206310272217,0.39943206310272217,0.9290866255760193,0.001,117.28941917419434
5352,35,116,680874,128,0.44759589433670044,0.44759589433670044,1.2363696098327637,0.001,117.30721378326416
5353,35,117,681002,128,0.6454953551292419,0.6454953551292419,1.0460810661315918,0.001,117.32459211349487
5354,35,118,681130,128,0.7038801908493042,0.7038801908493042,1.289291262626648,0.001,117.34216570854187
5355,35,119,681258,128,0.3484925627708435,0.3484925627708435,0.8460347056388855,0.001,117.35948348045349
5356,35,120,681386,128,0.49647971987724304,0.49647971987724304,1.2413803339004517,0.001,117.37744331359863
5357,35,121,681514,128,0.3625003695487976,0.3625003695487976,0.9214683175086975,0.001,117.39528131484985
5358,35,122,681642,128,0.6339419484138489,0.6339419484138489,1.1244949102401733,0.001,117.41300964355469
5359,35,123,681770,128,0.49428167939186096,0.49428167939186096,1.00507390499115,0.001,117.43042016029358
5360,35,124,681898,128,0.5522541403770447,0.5522541403770447,1.0672448873519897,0.001,117.4484236240387
5361,35,125,682026,128,0.40368032455444336,0.40368032455444336,0.8499869704246521,0.001,117.46604871749878
5362,35,126,682154,128,0.4585387408733368,0.4585387408733368,1.1164039373397827,0.001,117.48390746116638
5363,35,127,682282,128,0.5615848898887634,0.5615848898887634,1.052312970161438,0.001,117.50167894363403
5364,35,128,682410,128,0.2726835310459137,0.2726835310459137,1.294699788093567,0.001,117.51994299888611
5365,35,129,682538,128,0.4879789352416992,0.4879789352416992,1.1496614217758179,0.001,117.53760433197021
5366,35,130,682666,128,0.5018877387046814,0.5018877387046814,0.9240191578865051,0.001,117.5550582408905
5367,35,131,682794,128,0.5038914680480957,0.5038914680480957,1.5063600540161133,0.001,117.5727150440216
5368,35,132,682922,128,0.42025768756866455,0.42025768756866455,1.0756115913391113,0.001,117.59069633483887
5369,35,133,683050,128,0.5192415118217468,0.5192415118217468,1.4404149055480957,0.001,117.60828948020935
5370,35,134,683178,128,0.540183424949646,0.540183424949646,1.111857295036316,0.001,117.62588715553284
5371,35,135,683306,128,0.4051227569580078,0.4051227569580078,1.0186303853988647,0.001,117.64396166801453
5372,35,136,683434,128,0.38013210892677307,0.38013210892677307,0.9057433009147644,0.001,117.66165161132812
5373,35,137,683562,128,0.3036595582962036,0.3036595582962036,1.0793040990829468,0.001,117.67920780181885
5374,35,138,683690,128,0.42975515127182007,0.42975515127182007,1.223053216934204,0.001,117.69677972793579
5375,35,139,683818,128,0.37312063574790955,0.37312063574790955,0.9349794983863831,0.001,117.71486926078796
5376,35,140,683946,128,0.4031740725040436,0.4031740725040436,0.8474127650260925,0.001,117.7324469089508
5377,35,141,684074,128,0.5277547836303711,0.5277547836303711,1.2157387733459473,0.001,117.74993968009949
5378,35,142,684202,128,0.40223032236099243,0.40223032236099243,0.9131239056587219,0.001,117.76749801635742
5379,35,143,684330,128,0.47840967774391174,0.47840967774391174,1.1483402252197266,0.001,117.78548836708069
5380,35,144,684458,128,0.5302715301513672,0.5302715301513672,1.0690127611160278,0.001,117.80312252044678
5381,35,145,684586,128,0.5243510007858276,0.5243510007858276,0.8323280811309814,0.001,117.8206832408905
5382,35,146,684714,128,0.4931740164756775,0.4931740164756775,0.9939554929733276,0.001,117.83822393417358
5383,35,147,684842,128,0.7382737398147583,0.7382737398147583,1.475894808769226,0.001,117.85595703125
5384,35,148,684970,128,0.47090715169906616,0.47090715169906616,1.1444746255874634,0.001,117.87348127365112
5385,35,149,685098,128,0.3347948491573334,0.3347948491573334,1.4667876958847046,0.001,117.89100527763367
5386,35,150,685226,128,0.49862971901893616,0.49862971901893616,1.045722484588623,0.001,117.9086081981659
5387,35,151,685354,128,0.4579089283943176,0.4579089283943176,1.2176214456558228,0.001,117.92620539665222
5388,35,152,685482,128,0.6311991214752197,0.6311991214752197,1.0286558866500854,0.001,117.94339609146118
5389,35,153,685610,128,0.3421858251094818,0.3421858251094818,0.8024734854698181,0.001,117.96067023277283
5390,35,154,685615,5,0.1387249231338501,0.1387249231338501,0.5175463557243347,0.001,117.96322321891785
5391,36,1,685743,128,0.3928581476211548,0.3928581476211548,1.0655601024627686,0.001,118.65807843208313
5392,36,2,685871,128,0.5836877226829529,0.5836877226829529,1.1923868656158447,0.001,118.67568159103394
5393,36,3,685999,128,0.6080780625343323,0.6080780625343323,0.908088207244873,0.001,118.69304251670837
5394,36,4,686127,128,0.4319789707660675,0.4319789707660675,1.186673879623413,0.001,118.71073794364929
5395,36,5,686255,128,0.4369738698005676,0.4369738698005676,1.54645836353302,0.001,118.72849178314209
5396,36,6,686383,128,0.40101706981658936,0.40101706981658936,0.8959455490112305,0.001,118.74606108665466
5397,36,7,686511,128,0.3308214247226715,0.3308214247226715,1.2551469802856445,0.001,118.76353073120117
5398,36,8,686639,128,0.47665077447891235,0.47665077447891235,1.2295557260513306,0.001,118.78157830238342
5399,36,9,686767,128,0.5818482041358948,0.5818482041358948,0.9392374753952026,0.001,118.7989718914032
5400,36,10,686895,128,0.5355184674263,0.5355184674263,0.6954483389854431,0.001,118.81665825843811
5401,36,11,687023,128,0.29927322268486023,0.29927322268486023,1.2565252780914307,0.001,118.83410668373108
5402,36,12,687151,128,0.39496952295303345,0.39496952295303345,1.115884780883789,0.001,118.8520028591156
5403,36,13,687279,128,0.45483115315437317,0.45483115315437317,1.1006232500076294,0.001,118.86965918540955
5404,36,14,687407,128,0.5799193382263184,0.5799193382263184,0.947611927986145,0.001,118.88731718063354
5405,36,15,687535,128,0.3225991129875183,0.3225991129875183,0.8780149817466736,0.001,118.9049482345581
5406,36,16,687663,128,0.44038131833076477,0.44038131833076477,0.9752484560012817,0.001,118.92297744750977
5407,36,17,687791,128,0.3732786476612091,0.3732786476612091,0.6985970139503479,0.001,118.94063663482666
5408,36,18,687919,128,0.6292465329170227,0.6292465329170227,1.0701028108596802,0.001,118.95826411247253
5409,36,19,688047,128,0.6199855804443359,0.6199855804443359,1.248037338256836,0.001,118.97578859329224
5410,36,20,688175,128,0.6356244683265686,0.6356244683265686,0.8678334951400757,0.001,118.99361634254456
5411,36,21,688303,128,0.4950176179409027,0.4950176179409027,0.9207704067230225,0.001,119.01122665405273
5412,36,22,688431,128,0.6038064956665039,0.6038064956665039,1.00343656539917,0.001,119.0285656452179
5413,36,23,688559,128,0.5884702205657959,0.5884702205657959,0.8590988516807556,0.001,119.04627704620361
5414,36,24,688687,128,0.5435582399368286,0.5435582399368286,0.927675187587738,0.001,119.06422448158264
5415,36,25,688815,128,0.4340728223323822,0.4340728223323822,0.916817843914032,0.001,119.0819685459137
5416,36,26,688943,128,0.539250373840332,0.539250373840332,1.2105743885040283,0.001,119.09965896606445
5417,36,27,689071,128,0.628128707408905,0.628128707408905,1.0519192218780518,0.001,119.11777639389038
5418,36,28,689199,128,0.5243241190910339,0.5243241190910339,1.2885620594024658,0.001,119.13541293144226
5419,36,29,689327,128,0.48246076703071594,0.48246076703071594,1.1172707080841064,0.001,119.15274310112
5420,36,30,689455,128,0.4215511977672577,0.4215511977672577,1.510959267616272,0.001,119.16995406150818
5421,36,31,689583,128,0.46028050780296326,0.46028050780296326,0.8354713320732117,0.001,119.187814950943
5422,36,32,689711,128,0.5208280682563782,0.5208280682563782,1.0418760776519775,0.001,119.20517301559448
5423,36,33,689839,128,0.32901236414909363,0.32901236414909363,1.4378293752670288,0.001,119.22239947319031
5424,36,34,689967,128,0.3377717435359955,0.3377717435359955,1.5819011926651,0.001,119.23980617523193
5425,36,35,690095,128,0.5109021067619324,0.5109021067619324,1.0722092390060425,0.001,119.25741457939148
5426,36,36,690223,128,0.5066161155700684,0.5066161155700684,1.4506374597549438,0.001,119.27484369277954
5427,36,37,690351,128,0.5123507380485535,0.5123507380485535,1.0296460390090942,0.001,119.29248142242432
5428,36,38,690479,128,0.5058695673942566,0.5058695673942566,1.0057868957519531,0.001,119.31025886535645
5429,36,39,690607,128,0.5326003432273865,0.5326003432273865,1.1504114866256714,0.001,119.32832837104797
5430,36,40,690735,128,0.5225690603256226,0.5225690603256226,1.732080101966858,0.001,119.34596586227417
5431,36,41,690863,128,0.527898371219635,0.527898371219635,1.5804698467254639,0.001,119.36343240737915
5432,36,42,690991,128,0.3020227551460266,0.3020227551460266,0.8752443790435791,0.001,119.38159084320068
5433,36,43,691119,128,0.4489845037460327,0.4489845037460327,1.1821212768554688,0.001,119.3992075920105
5434,36,44,691247,128,0.36239758133888245,0.36239758133888245,1.2633376121520996,0.001,119.41707706451416
5435,36,45,691375,128,0.5480173826217651,0.5480173826217651,1.451494574546814,0.001,119.4344162940979
5436,36,46,691503,128,0.555095911026001,0.555095911026001,1.1406948566436768,0.001,119.45254969596863
5437,36,47,691631,128,0.43006831407546997,0.43006831407546997,1.922224998474121,0.001,119.46996665000916
5438,36,48,691759,128,0.49639928340911865,0.49639928340911865,1.0172677040100098,0.001,119.48793578147888
5439,36,49,691887,128,0.6420297026634216,0.6420297026634216,0.9976515769958496,0.001,119.50549578666687
5440,36,50,692015,128,0.4769037067890167,0.4769037067890167,1.0317201614379883,0.001,119.52375531196594
5441,36,51,692143,128,0.3312089443206787,0.3312089443206787,0.8538944721221924,0.001,119.54156517982483
5442,36,52,692271,128,0.36377647519111633,0.36377647519111633,1.0337166786193848,0.001,119.5593945980072
5443,36,53,692399,128,0.5066753029823303,0.5066753029823303,0.8188546895980835,0.001,119.57698512077332
5444,36,54,692527,128,0.405795156955719,0.405795156955719,0.9955111145973206,0.001,119.59508562088013
5445,36,55,692655,128,0.33295339345932007,0.33295339345932007,0.9816060662269592,0.001,119.61293458938599
5446,36,56,692783,128,0.3529653549194336,0.3529653549194336,1.2559804916381836,0.001,119.63058996200562
5447,36,57,692911,128,0.48984596133232117,0.48984596133232117,1.0336982011795044,0.001,119.64826893806458
5448,36,58,693039,128,0.3567926287651062,0.3567926287651062,1.3935290575027466,0.001,119.66633820533752
5449,36,59,693167,128,0.3966811001300812,0.3966811001300812,0.9403137564659119,0.001,119.68399333953857
5450,36,60,693295,128,0.45521602034568787,0.45521602034568787,1.669546365737915,0.001,119.70164179801941
5451,36,61,693423,128,0.6696828603744507,0.6696828603744507,1.2853184938430786,0.001,119.72001433372498
5452,36,62,693551,128,0.5292050242424011,0.5292050242424011,1.1550575494766235,0.001,119.73781132698059
5453,36,63,693679,128,0.6387980580329895,0.6387980580329895,1.1134846210479736,0.001,119.75532603263855
5454,36,64,693807,128,0.6287497282028198,0.6287497282028198,0.8304036855697632,0.001,119.77310752868652
5455,36,65,693935,128,0.399601548910141,0.399601548910141,1.0679081678390503,0.001,119.79083061218262
5456,36,66,694063,128,0.4786536991596222,0.4786536991596222,0.8303007483482361,0.001,119.80837869644165
5457,36,67,694191,128,0.5945950746536255,0.5945950746536255,1.113569974899292,0.001,119.82582569122314
5458,36,68,694319,128,0.42198699712753296,0.42198699712753296,1.1061997413635254,0.001,119.84330821037292
5459,36,69,694447,128,0.5477207899093628,0.5477207899093628,0.9919905066490173,0.001,119.86145043373108
5460,36,70,694575,128,0.3586517572402954,0.3586517572402954,0.9872247576713562,0.001,119.87942719459534
5461,36,71,694703,128,0.44370540976524353,0.44370540976524353,1.1835942268371582,0.001,119.89719557762146
5462,36,72,694831,128,0.44506216049194336,0.44506216049194336,0.8807389736175537,0.001,119.91515803337097
5463,36,73,694959,128,0.4734189808368683,0.4734189808368683,0.8700260519981384,0.001,119.93293190002441
5464,36,74,695087,128,0.32406580448150635,0.32406580448150635,1.2869670391082764,0.001,119.95057582855225
5465,36,75,695215,128,0.48779159784317017,0.48779159784317017,1.0307109355926514,0.001,119.96818041801453
5466,36,76,695343,128,0.45721471309661865,0.45721471309661865,1.0378257036209106,0.001,119.98600673675537
5467,36,77,695471,128,0.3577212691307068,0.3577212691307068,0.9591721892356873,0.001,120.00376081466675
5468,36,78,695599,128,0.4708768427371979,0.4708768427371979,0.9416093230247498,0.001,120.02143216133118
5469,36,79,695727,128,0.36948680877685547,0.36948680877685547,1.3019269704818726,0.001,120.03912448883057
5470,36,80,695855,128,0.3358990550041199,0.3358990550041199,0.7883509993553162,0.001,120.05754494667053
5471,36,81,695983,128,0.5235787630081177,0.5235787630081177,0.9767618179321289,0.001,120.07563304901123
5472,36,82,696111,128,0.319353848695755,0.319353848695755,1.0616543292999268,0.001,120.09359312057495
5473,36,83,696239,128,0.3642841577529907,0.3642841577529907,1.3735063076019287,0.001,120.11087822914124
5474,36,84,696367,128,0.42296767234802246,0.42296767234802246,1.3648929595947266,0.001,120.1290512084961
5475,36,85,696495,128,0.4197550117969513,0.4197550117969513,1.1865440607070923,0.001,120.14670991897583
5476,36,86,696623,128,0.41952022910118103,0.41952022910118103,0.830987274646759,0.001,120.16452717781067
5477,36,87,696751,128,0.3920298218727112,0.3920298218727112,0.8460329174995422,0.001,120.18253540992737
5478,36,88,696879,128,0.4714568853378296,0.4714568853378296,0.8533318042755127,0.001,120.20052123069763
5479,36,89,697007,128,0.42880547046661377,0.42880547046661377,1.360541582107544,0.001,120.21818232536316
5480,36,90,697135,128,0.6119173169136047,0.6119173169136047,1.3667714595794678,0.001,120.23598575592041
5481,36,91,697263,128,0.3425576686859131,0.3425576686859131,1.044156551361084,0.001,120.25402879714966
5482,36,92,697391,128,0.4243186116218567,0.4243186116218567,1.0564626455307007,0.001,120.27196049690247
5483,36,93,697519,128,0.3768351972103119,0.3768351972103119,1.0546326637268066,0.001,120.28953266143799
5484,36,94,697647,128,0.4549292027950287,0.4549292027950287,0.9572048187255859,0.001,120.30737638473511
5485,36,95,697775,128,0.5152865648269653,0.5152865648269653,0.9958441257476807,0.001,120.32541990280151
5486,36,96,697903,128,0.44422733783721924,0.44422733783721924,1.0578486919403076,0.001,120.34292149543762
5487,36,97,698031,128,0.4474053978919983,0.4474053978919983,1.3773092031478882,0.001,120.36068725585938
5488,36,98,698159,128,0.4021410346031189,0.4021410346031189,1.2960405349731445,0.001,120.37850141525269
5489,36,99,698287,128,0.46154844760894775,0.46154844760894775,1.0756752490997314,0.001,120.39627814292908
5490,36,100,698415,128,0.47222602367401123,0.47222602367401123,0.8492950201034546,0.001,120.41398906707764
5491,36,101,698543,128,0.4862261414527893,0.4862261414527893,1.0237106084823608,0.001,120.43175911903381
5492,36,102,698671,128,0.5162557363510132,0.5162557363510132,1.1564744710922241,0.001,120.44994640350342
5493,36,103,698799,128,0.27045249938964844,0.27045249938964844,1.0362120866775513,0.001,120.46779131889343
5494,36,104,698927,128,0.4236881136894226,0.4236881136894226,0.7639302015304565,0.001,120.48551082611084
5495,36,105,699055,128,0.4503885507583618,0.4503885507583618,1.1146537065505981,0.001,120.50282883644104
5496,36,106,699183,128,0.4502663314342499,0.4502663314342499,1.4580409526824951,0.001,120.52097940444946
5497,36,107,699311,128,0.5261978507041931,0.5261978507041931,0.8062618374824524,0.001,120.53861141204834
5498,36,108,699439,128,0.4228344261646271,0.4228344261646271,0.9060206413269043,0.001,120.55629801750183
5499,36,109,699567,128,0.5355886220932007,0.5355886220932007,1.4277793169021606,0.001,120.57386708259583
5500,36,110,699695,128,0.31292521953582764,0.31292521953582764,1.1672357320785522,0.001,120.59216713905334
5501,36,111,699823,128,0.47871118783950806,0.47871118783950806,1.3009300231933594,0.001,120.60975742340088
5502,36,112,699951,128,0.39889395236968994,0.39889395236968994,0.7631844878196716,0.001,120.62757706642151
5503,36,113,700079,128,0.2924767732620239,0.2924767732620239,0.9321553707122803,0.001,120.64506244659424
5504,36,114,700207,128,0.3980829417705536,0.3980829417705536,1.2767895460128784,0.001,120.66282510757446
5505,36,115,700335,128,0.43412908911705017,0.43412908911705017,1.1120045185089111,0.001,120.68040633201599
5506,36,116,700463,128,0.38206741213798523,0.38206741213798523,0.8692682981491089,0.001,120.69764971733093
5507,36,117,700591,128,0.3668232560157776,0.3668232560157776,0.950394332408905,0.001,120.7151358127594
5508,36,118,700719,128,0.3510405719280243,0.3510405719280243,1.4752475023269653,0.001,120.73287558555603
5509,36,119,700847,128,0.40285685658454895,0.40285685658454895,0.8156352639198303,0.001,120.75054955482483
5510,36,120,700975,128,0.5121322274208069,0.5121322274208069,1.553216814994812,0.001,120.76781868934631
5511,36,121,701103,128,0.3146757185459137,0.3146757185459137,1.0103894472122192,0.001,120.7858259677887
5512,36,122,701231,128,0.4459368884563446,0.4459368884563446,0.8112797141075134,0.001,120.8035216331482
5513,36,123,701359,128,0.41235318779945374,0.41235318779945374,0.7637109756469727,0.001,120.82110071182251
5514,36,124,701487,128,0.3701336681842804,0.3701336681842804,1.0285906791687012,0.001,120.83843469619751
5515,36,125,701615,128,0.7824729084968567,0.7824729084968567,1.4661829471588135,0.001,120.85748624801636
5516,36,126,701743,128,0.4936682879924774,0.4936682879924774,0.8820874094963074,0.001,120.87499594688416
5517,36,127,701871,128,0.43596938252449036,0.43596938252449036,0.8552932143211365,0.001,120.89275217056274
5518,36,128,701999,128,0.44587114453315735,0.44587114453315735,1.082149863243103,0.001,120.91021370887756
5519,36,129,702127,128,0.4036499261856079,0.4036499261856079,0.8644987344741821,0.001,120.92777752876282
5520,36,130,702255,128,0.4155910015106201,0.4155910015106201,1.0458569526672363,0.001,120.94519138336182
5521,36,131,702383,128,0.39683476090431213,0.39683476090431213,1.0058869123458862,0.001,120.96249604225159
5522,36,132,702511,128,0.31083935499191284,0.31083935499191284,1.015621542930603,0.001,120.98027420043945
5523,36,133,702639,128,0.3941321074962616,0.3941321074962616,1.510810375213623,0.001,120.99827146530151
5524,36,134,702767,128,0.4193097949028015,0.4193097949028015,1.0288149118423462,0.001,121.01619148254395
5525,36,135,702895,128,0.44135043025016785,0.44135043025016785,1.2421993017196655,0.001,121.03392314910889
5526,36,136,703023,128,0.45241212844848633,0.45241212844848633,1.0431630611419678,0.001,121.05246138572693
5527,36,137,703151,128,0.36348631978034973,0.36348631978034973,1.0824888944625854,0.001,121.07030272483826
5528,36,138,703279,128,0.4000888764858246,0.4000888764858246,0.8360442519187927,0.001,121.0881519317627
5529,36,139,703407,128,0.4198596775531769,0.4198596775531769,1.3115181922912598,0.001,121.10618305206299
5530,36,140,703535,128,0.4960373640060425,0.4960373640060425,1.029240608215332,0.001,121.12427258491516
5531,36,141,703663,128,0.3463991582393646,0.3463991582393646,1.2186998128890991,0.001,121.14201140403748
5532,36,142,703791,128,0.42450839281082153,0.42450839281082153,1.032673716545105,0.001,121.15957307815552
5533,36,143,703919,128,0.2516954243183136,0.2516954243183136,0.9026915431022644,0.001,121.17719721794128
5534,36,144,704047,128,0.4825764298439026,0.4825764298439026,1.0753463506698608,0.001,121.19482707977295
5535,36,145,704175,128,0.5582871437072754,0.5582871437072754,0.8894409537315369,0.001,121.21269273757935
5536,36,146,704303,128,0.37024638056755066,0.37024638056755066,0.8282947540283203,0.001,121.23049664497375
5537,36,147,704431,128,0.4396156072616577,0.4396156072616577,1.3406591415405273,0.001,121.24854183197021
5538,36,148,704559,128,0.5028295516967773,0.5028295516967773,0.7779205441474915,0.001,121.26642537117004
5539,36,149,704687,128,0.29633793234825134,0.29633793234825134,0.9560359120368958,0.001,121.28404831886292
5540,36,150,704815,128,0.4579964280128479,0.4579964280128479,1.2674517631530762,0.001,121.30176782608032
5541,36,151,704943,128,0.71803879737854,0.71803879737854,1.2118873596191406,0.001,121.32020735740662
5542,36,152,705071,128,0.35393211245536804,0.35393211245536804,0.7847051620483398,0.001,121.33801341056824
5543,36,153,705199,128,0.5692178606987,0.5692178606987,0.8847908973693848,0.001,121.35560822486877
5544,36,154,705204,5,0.48527687788009644,0.48527687788009644,0.7036696076393127,0.001,121.35828518867493
5545,37,1,705332,128,0.4894181191921234,0.4894181191921234,0.9971701502799988,0.001,122.05087304115295
5546,37,2,705460,128,0.2716640830039978,0.2716640830039978,1.021801471710205,0.001,122.06852674484253
5547,37,3,705588,128,0.5315625071525574,0.5315625071525574,1.016706943511963,0.001,122.0863287448883
5548,37,4,705716,128,0.3138734996318817,0.3138734996318817,0.723715603351593,0.001,122.10358142852783
5549,37,5,705844,128,0.7270401120185852,0.7270401120185852,1.2654021978378296,0.001,122.1213927268982
5550,37,6,705972,128,0.47223249077796936,0.47223249077796936,1.2492951154708862,0.001,122.13896298408508
5551,37,7,706100,128,0.3926207721233368,0.3926207721233368,1.1638758182525635,0.001,122.1565477848053
5552,37,8,706228,128,0.5371561050415039,0.5371561050415039,1.4059821367263794,0.001,122.1736912727356
5553,37,9,706356,128,0.4803498685359955,0.4803498685359955,0.8000597953796387,0.001,122.19112205505371
5554,37,10,706484,128,0.4319746196269989,0.4319746196269989,1.1478699445724487,0.001,122.20857000350952
5555,37,11,706612,128,0.5177268981933594,0.5177268981933594,1.0630455017089844,0.001,122.22593355178833
5556,37,12,706740,128,0.46231353282928467,0.46231353282928467,0.9607487320899963,0.001,122.24338054656982
5557,37,13,706868,128,0.48549196124076843,0.48549196124076843,1.1289455890655518,0.001,122.26131010055542
5558,37,14,706996,128,0.4800911247730255,0.4800911247730255,1.1561851501464844,0.001,122.27880859375
5559,37,15,707124,128,0.3526248037815094,0.3526248037815094,1.2839728593826294,0.001,122.29629230499268
5560,37,16,707252,128,0.41987964510917664,0.41987964510917664,0.902289867401123,0.001,122.31354641914368
5561,37,17,707380,128,0.38579878211021423,0.38579878211021423,1.1792603731155396,0.001,122.3318932056427
5562,37,18,707508,128,0.5785627365112305,0.5785627365112305,0.9725232124328613,0.001,122.35007834434509
5563,37,19,707636,128,0.3966037929058075,0.3966037929058075,1.2953661680221558,0.001,122.3677909374237
5564,37,20,707764,128,0.584999144077301,0.584999144077301,1.0121382474899292,0.001,122.38586735725403
5565,37,21,707892,128,0.4232916533946991,0.4232916533946991,1.0749300718307495,0.001,122.40342807769775
5566,37,22,708020,128,0.3738684356212616,0.3738684356212616,1.446873426437378,0.001,122.42132449150085
5567,37,23,708148,128,0.3047269880771637,0.3047269880771637,1.0271075963974,0.001,122.4388210773468
5568,37,24,708276,128,0.4823177754878998,0.4823177754878998,1.0833278894424438,0.001,122.45695066452026
5569,37,25,708404,128,0.3990423381328583,0.3990423381328583,0.8882560729980469,0.001,122.47465991973877
5570,37,26,708532,128,0.5787595510482788,0.5787595510482788,0.969767689704895,0.001,122.49208903312683
5571,37,27,708660,128,0.5957964062690735,0.5957964062690735,1.1236169338226318,0.001,122.50966191291809
5572,37,28,708788,128,0.5042479038238525,0.5042479038238525,1.3841394186019897,0.001,122.52775526046753
5573,37,29,708916,128,0.43411266803741455,0.43411266803741455,0.7379257678985596,0.001,122.54574227333069
5574,37,30,709044,128,0.5919067859649658,0.5919067859649658,1.297336459159851,0.001,122.56357526779175
5575,37,31,709172,128,0.5458710789680481,0.5458710789680481,1.0192813873291016,0.001,122.58138632774353
5576,37,32,709300,128,0.5003796815872192,0.5003796815872192,1.1853731870651245,0.001,122.59932446479797
5577,37,33,709428,128,0.3278314173221588,0.3278314173221588,1.1658148765563965,0.001,122.6171567440033
5578,37,34,709556,128,0.3894004821777344,0.3894004821777344,1.0804046392440796,0.001,122.6345763206482
5579,37,35,709684,128,0.5043708086013794,0.5043708086013794,1.0611364841461182,0.001,122.65248608589172
5580,37,36,709812,128,0.4472866654396057,0.4472866654396057,1.313574194908142,0.001,122.67002773284912
5581,37,37,709940,128,0.3979519307613373,0.3979519307613373,1.1069109439849854,0.001,122.68777346611023
5582,37,38,710068,128,0.37124258279800415,0.37124258279800415,1.3064674139022827,0.001,122.70513105392456
5583,37,39,710196,128,0.6209536790847778,0.6209536790847778,1.1278613805770874,0.001,122.72283363342285
5584,37,40,710324,128,0.3002064824104309,0.3002064824104309,0.9531307220458984,0.001,122.740567445755
5585,37,41,710452,128,0.40863272547721863,0.40863272547721863,0.9758831858634949,0.001,122.75813221931458
5586,37,42,710580,128,0.48848167061805725,0.48848167061805725,0.9648134708404541,0.001,122.77578234672546
5587,37,43,710708,128,0.31210488080978394,0.31210488080978394,1.0762227773666382,0.001,122.79382586479187
5588,37,44,710836,128,0.5052852630615234,0.5052852630615234,0.9712937474250793,0.001,122.81152582168579
5589,37,45,710964,128,0.45976588129997253,0.45976588129997253,1.0351682901382446,0.001,122.82921814918518
5590,37,46,711092,128,0.4246958792209625,0.4246958792209625,0.7390846014022827,0.001,122.8469398021698
5591,37,47,711220,128,0.544608473777771,0.544608473777771,0.8898561000823975,0.001,122.86504030227661
5592,37,48,711348,128,0.5977053046226501,0.5977053046226501,1.1244972944259644,0.001,122.88260340690613
5593,37,49,711476,128,0.4532087743282318,0.4532087743282318,1.162856936454773,0.001,122.900390625
5594,37,50,711604,128,0.5422541499137878,0.5422541499137878,1.028028964996338,0.001,122.917973279953
5595,37,51,711732,128,0.6119440197944641,0.6119440197944641,1.019510269165039,0.001,122.93574786186218
5596,37,52,711860,128,0.29218944907188416,0.29218944907188416,1.258016586303711,0.001,122.95329666137695
5597,37,53,711988,128,0.31123119592666626,0.31123119592666626,0.9820261597633362,0.001,122.97063994407654
5598,37,54,712116,128,0.4590262174606323,0.4590262174606323,0.9969682097434998,0.001,122.98847556114197
5599,37,55,712244,128,0.470254510641098,0.470254510641098,1.1556017398834229,0.001,123.00643515586853
5600,37,56,712372,128,0.49955496191978455,0.49955496191978455,0.9337258338928223,0.001,123.02380776405334
5601,37,57,712500,128,0.44180768728256226,0.44180768728256226,1.230365514755249,0.001,123.04113626480103
5602,37,58,712628,128,0.6708714365959167,0.6708714365959167,1.1297155618667603,0.001,123.05956077575684
5603,37,59,712756,128,0.3155251443386078,0.3155251443386078,1.1780670881271362,0.001,123.077401638031
5604,37,60,712884,128,0.41866087913513184,0.41866087913513184,1.0386452674865723,0.001,123.09484243392944
5605,37,61,713012,128,0.44920825958251953,0.44920825958251953,1.193218469619751,0.001,123.11257743835449
5606,37,62,713140,128,0.5155526995658875,0.5155526995658875,0.8960356116294861,0.001,123.1308183670044
5607,37,63,713268,128,0.8266189098358154,0.8266189098358154,1.456479549407959,0.001,123.14819025993347
5608,37,64,713396,128,0.44824057817459106,0.44824057817459106,0.8950099945068359,0.001,123.16582250595093
5609,37,65,713524,128,0.584047257900238,0.584047257900238,1.238997220993042,0.001,123.18353772163391
5610,37,66,713652,128,0.7409145832061768,0.7409145832061768,1.3717851638793945,0.001,123.20114588737488
5611,37,67,713780,128,0.5254431962966919,0.5254431962966919,1.0457749366760254,0.001,123.21880960464478
5612,37,68,713908,128,0.5510673522949219,0.5510673522949219,0.7895604372024536,0.001,123.23624682426453
5613,37,69,714036,128,0.48405787348747253,0.48405787348747253,1.3825414180755615,0.001,123.25405406951904
5614,37,70,714164,128,0.44946151971817017,0.44946151971817017,0.9821637272834778,0.001,123.27125263214111
5615,37,71,714292,128,0.5300689339637756,0.5300689339637756,1.1544890403747559,0.001,123.28838396072388
5616,37,72,714420,128,0.3241101801395416,0.3241101801395416,0.9102374315261841,0.001,123.30544948577881
5617,37,73,714548,128,0.43984365463256836,0.43984365463256836,0.856974720954895,0.001,123.32329535484314
5618,37,74,714676,128,0.36931926012039185,0.36931926012039185,0.7883504033088684,0.001,123.34086608886719
5619,37,75,714804,128,0.36581099033355713,0.36581099033355713,0.8736157417297363,0.001,123.35841012001038
5620,37,76,714932,128,0.5405095815658569,0.5405095815658569,1.0555391311645508,0.001,123.37588238716125
5621,37,77,715060,128,0.5770116448402405,0.5770116448402405,1.4902220964431763,0.001,123.3938479423523
5622,37,78,715188,128,0.39708754420280457,0.39708754420280457,1.0180375576019287,0.001,123.41136121749878
5623,37,79,715316,128,0.4896581172943115,0.4896581172943115,0.9470623135566711,0.001,123.42891216278076
5624,37,80,715444,128,0.4194124937057495,0.4194124937057495,1.4455821514129639,0.001,123.44643545150757
5625,37,81,715572,128,0.35057273507118225,0.35057273507118225,1.1545885801315308,0.001,123.46430349349976
5626,37,82,715700,128,0.7127520442008972,0.7127520442008972,0.9105134010314941,0.001,123.48187494277954
5627,37,83,715828,128,0.3850518465042114,0.3850518465042114,1.2167162895202637,0.001,123.49944543838501
5628,37,84,715956,128,0.46538838744163513,0.46538838744163513,0.9912480115890503,0.001,123.51711416244507
5629,37,85,716084,128,0.3954125940799713,0.3954125940799713,1.068349003791809,0.001,123.53499794006348
5630,37,86,716212,128,0.5975334644317627,0.5975334644317627,0.8388545513153076,0.001,123.55256199836731
5631,37,87,716340,128,0.45592933893203735,0.45592933893203735,0.8467850089073181,0.001,123.5702612400055
5632,37,88,716468,128,0.46812519431114197,0.46812519431114197,1.3380166292190552,0.001,123.58834147453308
5633,37,89,716596,128,0.42621910572052,0.42621910572052,1.4391268491744995,0.001,123.60612487792969
5634,37,90,716724,128,0.4339536428451538,0.4339536428451538,1.2489991188049316,0.001,123.62360572814941
5635,37,91,716852,128,0.3729826509952545,0.3729826509952545,1.0450248718261719,0.001,123.64124894142151
5636,37,92,716980,128,0.4394667446613312,0.4394667446613312,1.0505598783493042,0.001,123.65899443626404
5637,37,93,717108,128,0.5614796280860901,0.5614796280860901,1.186812162399292,0.001,123.67638182640076
5638,37,94,717236,128,0.2434588521718979,0.2434588521718979,1.0689501762390137,0.001,123.69385361671448
5639,37,95,717364,128,0.38604846596717834,0.38604846596717834,1.19612717628479,0.001,123.71103549003601
5640,37,96,717492,128,0.5455756783485413,0.5455756783485413,1.2381209135055542,0.001,123.72866725921631
5641,37,97,717620,128,0.34085604548454285,0.34085604548454285,0.8263016939163208,0.001,123.74633455276489
5642,37,98,717748,128,0.34410375356674194,0.34410375356674194,0.927032470703125,0.001,123.76364946365356
5643,37,99,717876,128,0.2765188217163086,0.2765188217163086,0.8234313726425171,0.001,123.78112363815308
5644,37,100,718004,128,0.3434310853481293,0.3434310853481293,1.0859562158584595,0.001,123.79876685142517
5645,37,101,718132,128,0.5247157216072083,0.5247157216072083,0.892052412033081,0.001,123.81626415252686
5646,37,102,718260,128,0.5498808026313782,0.5498808026313782,0.8819203972816467,0.001,123.83373403549194
5647,37,103,718388,128,0.4094924032688141,0.4094924032688141,0.7730607986450195,0.001,123.85107278823853
5648,37,104,718516,128,0.37494421005249023,0.37494421005249023,1.1164815425872803,0.001,123.86863374710083
5649,37,105,718644,128,0.3986334502696991,0.3986334502696991,1.434794306755066,0.001,123.88624858856201
5650,37,106,718772,128,0.35753747820854187,0.35753747820854187,0.9842687249183655,0.001,123.90375280380249
5651,37,107,718900,128,0.39464935660362244,0.39464935660362244,1.0776151418685913,0.001,123.9217221736908
5652,37,108,719028,128,0.3229352831840515,0.3229352831840515,0.8526901602745056,0.001,123.93903803825378
5653,37,109,719156,128,0.5282664895057678,0.5282664895057678,1.6922963857650757,0.001,123.95662021636963
5654,37,110,719284,128,0.30309540033340454,0.30309540033340454,0.8940106630325317,0.001,123.97400951385498
5655,37,111,719412,128,0.4269889295101166,0.4269889295101166,1.3009613752365112,0.001,123.99188232421875
5656,37,112,719540,128,0.40012142062187195,0.40012142062187195,0.9497206807136536,0.001,124.00942301750183
5657,37,113,719668,128,0.4652833044528961,0.4652833044528961,0.8141335248947144,0.001,124.02666473388672
5658,37,114,719796,128,0.38605108857154846,0.38605108857154846,1.0014787912368774,0.001,124.0439248085022
5659,37,115,719924,128,0.43196502327919006,0.43196502327919006,1.0766987800598145,0.001,124.06207180023193
5660,37,116,720052,128,0.30092212557792664,0.30092212557792664,1.1660274267196655,0.001,124.07966876029968
5661,37,117,720180,128,0.4688720703125,0.4688720703125,1.2699130773544312,0.001,124.0971405506134
5662,37,118,720308,128,0.6046082377433777,0.6046082377433777,1.025168538093567,0.001,124.11452078819275
5663,37,119,720436,128,0.5683267712593079,0.5683267712593079,0.9117417335510254,0.001,124.13230276107788
5664,37,120,720564,128,0.5524840354919434,0.5524840354919434,1.0120314359664917,0.001,124.14980840682983
5665,37,121,720692,128,0.6039304733276367,0.6039304733276367,1.5808804035186768,0.001,124.16741180419922
5666,37,122,720820,128,0.49670931696891785,0.49670931696891785,1.0271766185760498,0.001,124.18476510047913
5667,37,123,720948,128,0.5045177340507507,0.5045177340507507,1.2137727737426758,0.001,124.20234847068787
5668,37,124,721076,128,0.46931493282318115,0.46931493282318115,1.1048057079315186,0.001,124.2197494506836
5669,37,125,721204,128,0.34644460678100586,0.34644460678100586,1.1667560338974,0.001,124.23727488517761
5670,37,126,721332,128,0.4757542312145233,0.4757542312145233,1.1827799081802368,0.001,124.25463652610779
5671,37,127,721460,128,0.36890238523483276,0.36890238523483276,1.1061171293258667,0.001,124.27216100692749
5672,37,128,721588,128,0.4914553761482239,0.4914553761482239,1.3089357614517212,0.001,124.28929877281189
5673,37,129,721716,128,0.3635160028934479,0.3635160028934479,1.2863234281539917,0.001,124.30648827552795
5674,37,130,721844,128,0.41513609886169434,0.41513609886169434,0.7977255582809448,0.001,124.32405376434326
5675,37,131,721972,128,0.5113405585289001,0.5113405585289001,1.107031226158142,0.001,124.34164023399353
5676,37,132,722100,128,0.27789637446403503,0.27789637446403503,1.0499882698059082,0.001,124.35913062095642
5677,37,133,722228,128,0.267528235912323,0.267528235912323,0.907031774520874,0.001,124.37729215621948
5678,37,134,722356,128,0.4986744225025177,0.4986744225025177,0.8704875111579895,0.001,124.39514827728271
5679,37,135,722484,128,0.5029987096786499,0.5029987096786499,1.2303217649459839,0.001,124.41309332847595
5680,37,136,722612,128,0.3594108819961548,0.3594108819961548,1.0140219926834106,0.001,124.43058133125305
5681,37,137,722740,128,0.400236576795578,0.400236576795578,0.9221962690353394,0.001,124.44822239875793
5682,37,138,722868,128,0.4241602122783661,0.4241602122783661,1.0077491998672485,0.001,124.46613454818726
5683,37,139,722996,128,0.5323641300201416,0.5323641300201416,0.9535577893257141,0.001,124.48381900787354
5684,37,140,723124,128,0.456693559885025,0.456693559885025,0.9085003733634949,0.001,124.5015196800232
5685,37,141,723252,128,0.5975046157836914,0.5975046157836914,0.9138983488082886,0.001,124.51912641525269
5686,37,142,723380,128,0.4148435890674591,0.4148435890674591,1.5038498640060425,0.001,124.53739380836487
5687,37,143,723508,128,0.46292319893836975,0.46292319893836975,1.189919352531433,0.001,124.55508232116699
5688,37,144,723636,128,0.3582054674625397,0.3582054674625397,1.052284598350525,0.001,124.57280325889587
5689,37,145,723764,128,0.4014856219291687,0.4014856219291687,0.9035471081733704,0.001,124.59071254730225
5690,37,146,723892,128,0.3955930769443512,0.3955930769443512,1.1563700437545776,0.001,124.6087474822998
5691,37,147,724020,128,0.48801741003990173,0.48801741003990173,1.4042797088623047,0.001,124.62619638442993
5692,37,148,724148,128,0.8607886433601379,0.8607886433601379,1.2607741355895996,0.001,124.643550157547
5693,37,149,724276,128,0.2866326868534088,0.2866326868534088,1.0920417308807373,0.001,124.66126370429993
5694,37,150,724404,128,0.37798675894737244,0.37798675894737244,1.2898246049880981,0.001,124.67862010002136
5695,37,151,724532,128,0.5583528280258179,0.5583528280258179,1.0855300426483154,0.001,124.69593977928162
5696,37,152,724660,128,0.35632121562957764,0.35632121562957764,1.3304282426834106,0.001,124.71315598487854
5697,37,153,724788,128,0.48643842339515686,0.48643842339515686,1.0539222955703735,0.001,124.73074650764465
5698,37,154,724793,5,0.4015003740787506,0.4015003740787506,0.8882811069488525,0.001,124.73367094993591
5699,38,1,724921,128,0.5185595750808716,0.5185595750808716,1.1459969282150269,0.001,125.4261462688446
5700,38,2,725049,128,0.4118005931377411,0.4118005931377411,0.853813886642456,0.001,125.44379663467407
5701,38,3,725177,128,0.4160686433315277,0.4160686433315277,0.6846379041671753,0.001,125.46162533760071
5702,38,4,725305,128,0.33916738629341125,0.33916738629341125,1.228760004043579,0.001,125.47877502441406
5703,38,5,725433,128,0.288339227437973,0.288339227437973,0.9124051928520203,0.001,125.49601674079895
5704,38,6,725561,128,0.30214595794677734,0.30214595794677734,1.1060447692871094,0.001,125.51335573196411
5705,38,7,725689,128,0.32947200536727905,0.32947200536727905,0.8296266198158264,0.001,125.53114581108093
5706,38,8,725817,128,0.2993796467781067,0.2993796467781067,1.2988557815551758,0.001,125.54851007461548
5707,38,9,725945,128,0.4069678485393524,0.4069678485393524,1.1564053297042847,0.001,125.56574249267578
5708,38,10,726073,128,0.43344005942344666,0.43344005942344666,1.1103007793426514,0.001,125.5830307006836
5709,38,11,726201,128,0.4405038356781006,0.4405038356781006,1.5466523170471191,0.001,125.6007513999939
5710,38,12,726329,128,0.5108012557029724,0.5108012557029724,1.1967015266418457,0.001,125.6182291507721
5711,38,13,726457,128,0.4924412667751312,0.4924412667751312,1.3996503353118896,0.001,125.63566660881042
5712,38,14,726585,128,0.31451889872550964,0.31451889872550964,0.9293795228004456,0.001,125.65308880805969
5713,38,15,726713,128,0.43539586663246155,0.43539586663246155,1.0313023328781128,0.001,125.67069721221924
5714,38,16,726841,128,0.4369395971298218,0.4369395971298218,1.0439590215682983,0.001,125.68794560432434
5715,38,17,726969,128,0.3793566823005676,0.3793566823005676,1.198070764541626,0.001,125.70524716377258
5716,38,18,727097,128,0.48730331659317017,0.48730331659317017,0.9620853066444397,0.001,125.72243785858154
5717,38,19,727225,128,0.4547926187515259,0.4547926187515259,1.1716299057006836,0.001,125.74046850204468
5718,38,20,727353,128,0.5909770131111145,0.5909770131111145,0.7436994910240173,0.001,125.75777840614319
5719,38,21,727481,128,0.5222243666648865,0.5222243666648865,1.3980072736740112,0.001,125.77492427825928
5720,38,22,727609,128,0.5057752132415771,0.5057752132415771,0.9020864963531494,0.001,125.79225397109985
5721,38,23,727737,128,0.45808130502700806,0.45808130502700806,0.8109753131866455,0.001,125.80929589271545
5722,38,24,727865,128,0.438937246799469,0.438937246799469,0.9925726652145386,0.001,125.8262951374054
5723,38,25,727993,128,0.5048974752426147,0.5048974752426147,0.8660579919815063,0.001,125.84363746643066
5724,38,26,728121,128,0.3876027464866638,0.3876027464866638,0.8627424240112305,0.001,125.86118030548096
5725,38,27,728249,128,0.285814493894577,0.285814493894577,1.125179648399353,0.001,125.87843608856201
5726,38,28,728377,128,0.5223731398582458,0.5223731398582458,1.0871120691299438,0.001,125.89570379257202
5727,38,29,728505,128,0.5092119574546814,0.5092119574546814,1.2132205963134766,0.001,125.91285586357117
5728,38,30,728633,128,0.33545470237731934,0.33545470237731934,1.1763477325439453,0.001,125.93039441108704
5729,38,31,728761,128,0.4203168451786041,0.4203168451786041,1.3534672260284424,0.001,125.95005559921265
5730,38,32,728889,128,0.4865983724594116,0.4865983724594116,1.1053402423858643,0.001,125.96747779846191
5731,38,33,729017,128,0.4400125741958618,0.4400125741958618,0.7707672715187073,0.001,125.98470163345337
5732,38,34,729145,128,0.38654181361198425,0.38654181361198425,1.4794989824295044,0.001,126.00236630439758
5733,38,35,729273,128,0.4767739474773407,0.4767739474773407,1.0024806261062622,0.001,126.01941895484924
5734,38,36,729401,128,0.35955068469047546,0.35955068469047546,0.9373167157173157,0.001,126.03639650344849
5735,38,37,729529,128,0.391806036233902,0.391806036233902,1.1571177244186401,0.001,126.05388021469116
5736,38,38,729657,128,0.3121245205402374,0.3121245205402374,1.170635461807251,0.001,126.07186388969421
5737,38,39,729785,128,0.36093252897262573,0.36093252897262573,1.3882709741592407,0.001,126.08933639526367
5738,38,40,729913,128,0.299242228269577,0.299242228269577,0.8443959951400757,0.001,126.1067795753479
5739,38,41,730041,128,0.3669477701187134,0.3669477701187134,1.1755417585372925,0.001,126.12464761734009
5740,38,42,730169,128,0.6155763864517212,0.6155763864517212,1.1229867935180664,0.001,126.14231014251709
5741,38,43,730297,128,0.3569066524505615,0.3569066524505615,1.3278224468231201,0.001,126.15980434417725
5742,38,44,730425,128,0.41555219888687134,0.41555219888687134,1.0514496564865112,0.001,126.17732453346252
5743,38,45,730553,128,0.526689887046814,0.526689887046814,1.0849010944366455,0.001,126.19483947753906
5744,38,46,730681,128,0.4412556290626526,0.4412556290626526,1.6667053699493408,0.001,126.21246027946472
5745,38,47,730809,128,0.3227103352546692,0.3227103352546692,0.9445962905883789,0.001,126.23012971878052
5746,38,48,730937,128,0.39262300729751587,0.39262300729751587,0.8417722582817078,0.001,126.24770140647888
5747,38,49,731065,128,0.5068359375,0.5068359375,1.229562759399414,0.001,126.26561760902405
5748,38,50,731193,128,0.459967702627182,0.459967702627182,0.9884154200553894,0.001,126.2833960056305
5749,38,51,731321,128,0.350134015083313,0.350134015083313,0.6864643096923828,0.001,126.30089473724365
5750,38,52,731449,128,0.5345780253410339,0.5345780253410339,0.9004209637641907,0.001,126.31841254234314
5751,38,53,731577,128,0.4844072759151459,0.4844072759151459,1.029165506362915,0.001,126.33642077445984
5752,38,54,731705,128,0.34061744809150696,0.34061744809150696,0.729141891002655,0.001,126.35423874855042
5753,38,55,731833,128,0.3554705083370209,0.3554705083370209,0.8860828876495361,0.001,126.37192797660828
5754,38,56,731961,128,0.3973206877708435,0.3973206877708435,1.0388338565826416,0.001,126.38968276977539
5755,38,57,732089,128,0.34696564078330994,0.34696564078330994,1.0177342891693115,0.001,126.40717649459839
5756,38,58,732217,128,0.4240068197250366,0.4240068197250366,1.0706121921539307,0.001,126.42457795143127
5757,38,59,732345,128,0.3769521117210388,0.3769521117210388,0.999252438545227,0.001,126.44205403327942
5758,38,60,732473,128,0.6994948983192444,0.6994948983192444,1.2400920391082764,0.001,126.45991039276123
5759,38,61,732601,128,0.42388683557510376,0.42388683557510376,1.1985503435134888,0.001,126.4776771068573
5760,38,62,732729,128,0.6141833066940308,0.6141833066940308,1.940138578414917,0.001,126.49524116516113
5761,38,63,732857,128,0.38556188344955444,0.38556188344955444,1.2018035650253296,0.001,126.51276159286499
5762,38,64,732985,128,0.5331131815910339,0.5331131815910339,1.0237938165664673,0.001,126.53062438964844
5763,38,65,733113,128,0.34548449516296387,0.34548449516296387,0.8633392453193665,0.001,126.54815912246704
5764,38,66,733241,128,0.664301872253418,0.664301872253418,1.1620068550109863,0.001,126.5656669139862
5765,38,67,733369,128,0.5228103995323181,0.5228103995323181,1.139998197555542,0.001,126.5834379196167
5766,38,68,733497,128,0.47190725803375244,0.47190725803375244,1.0422126054763794,0.001,126.60158181190491
5767,38,69,733625,128,0.45721885561943054,0.45721885561943054,1.4720991849899292,0.001,126.61931705474854
5768,38,70,733753,128,0.9244745969772339,0.9244745969772339,1.3734662532806396,0.001,126.63699531555176
5769,38,71,733881,128,0.5296623110771179,0.5296623110771179,0.9334859251976013,0.001,126.65468788146973
5770,38,72,734009,128,0.5225623846054077,0.5225623846054077,1.229781150817871,0.001,126.67264819145203
5771,38,73,734137,128,0.6000350713729858,0.6000350713729858,0.8432872891426086,0.001,126.69027304649353
5772,38,74,734265,128,0.5698966979980469,0.5698966979980469,0.9611195921897888,0.001,126.70771861076355
5773,38,75,734393,128,0.4908616542816162,0.4908616542816162,0.9203214645385742,0.001,126.72547912597656
5774,38,76,734521,128,0.37776222825050354,0.37776222825050354,1.113060712814331,0.001,126.74295496940613
5775,38,77,734649,128,0.49383044242858887,0.49383044242858887,1.0416487455368042,0.001,126.76055645942688
5776,38,78,734777,128,0.5091135501861572,0.5091135501861572,1.0802996158599854,0.001,126.77810430526733
5777,38,79,734905,128,0.41743743419647217,0.41743743419647217,1.4472326040267944,0.001,126.79597187042236
5778,38,80,735033,128,0.33489057421684265,0.33489057421684265,1.1832245588302612,0.001,126.81385135650635
5779,38,81,735161,128,0.4610649645328522,0.4610649645328522,1.0202654600143433,0.001,126.8314208984375
5780,38,82,735289,128,0.6137436628341675,0.6137436628341675,0.9259600043296814,0.001,126.84911155700684
5781,38,83,735417,128,0.4495364725589752,0.4495364725589752,1.052139163017273,0.001,126.86712098121643
5782,38,84,735545,128,0.2965194284915924,0.2965194284915924,1.3942826986312866,0.001,126.88493585586548
5783,38,85,735673,128,0.3184455335140228,0.3184455335140228,1.1725038290023804,0.001,126.90279173851013
5784,38,86,735801,128,0.2785547077655792,0.2785547077655792,1.0111247301101685,0.001,126.92009115219116
5785,38,87,735929,128,0.4868028461933136,0.4868028461933136,1.618700385093689,0.001,126.93811798095703
5786,38,88,736057,128,0.6093884706497192,0.6093884706497192,1.1550185680389404,0.001,126.95805740356445
5787,38,89,736185,128,0.4678772985935211,0.4678772985935211,1.3439481258392334,0.001,126.97962927818298
5788,38,90,736313,128,0.4005764424800873,0.4005764424800873,0.9251949191093445,0.001,127.00028586387634
5789,38,91,736441,128,0.3585170805454254,0.3585170805454254,1.3775302171707153,0.001,127.01813769340515
5790,38,92,736569,128,0.49195924401283264,0.49195924401283264,1.0492119789123535,0.001,127.03594279289246
5791,38,93,736697,128,0.46250179409980774,0.46250179409980774,1.0969226360321045,0.001,127.05423331260681
5792,38,94,736825,128,0.5025186538696289,0.5025186538696289,1.0322009325027466,0.001,127.07214140892029
5793,38,95,736953,128,0.4986800253391266,0.4986800253391266,1.3425188064575195,0.001,127.08997201919556
5794,38,96,737081,128,0.3235725462436676,0.3235725462436676,1.070307731628418,0.001,127.1076488494873
5795,38,97,737209,128,0.282888799905777,0.282888799905777,1.0420236587524414,0.001,127.12581586837769
5796,38,98,737337,128,0.43423086404800415,0.43423086404800415,1.413110613822937,0.001,127.14366745948792
5797,38,99,737465,128,0.3303620219230652,0.3303620219230652,1.0047695636749268,0.001,127.161386013031
5798,38,100,737593,128,0.3281577229499817,0.3281577229499817,0.8213140964508057,0.001,127.17865633964539
5799,38,101,737721,128,0.3662014603614807,0.3662014603614807,0.9620280265808105,0.001,127.19673705101013
5800,38,102,737849,128,0.4595697820186615,0.4595697820186615,1.0243722200393677,0.001,127.21429777145386
5801,38,103,737977,128,0.4108389914035797,0.4108389914035797,1.0508736371994019,0.001,127.23184943199158
5802,38,104,738105,128,0.4421674311161041,0.4421674311161041,0.9852314591407776,0.001,127.24929642677307
5803,38,105,738233,128,0.5186541080474854,0.5186541080474854,1.0195473432540894,0.001,127.26705241203308
5804,38,106,738361,128,0.4515855014324188,0.4515855014324188,1.1976395845413208,0.001,127.2848813533783
5805,38,107,738489,128,0.4366059899330139,0.4366059899330139,1.3202557563781738,0.001,127.30249094963074
5806,38,108,738617,128,0.3643772006034851,0.3643772006034851,1.1856794357299805,0.001,127.32012176513672
5807,38,109,738745,128,0.31486305594444275,0.31486305594444275,0.9521864056587219,0.001,127.33823156356812
5808,38,110,738873,128,0.4073735773563385,0.4073735773563385,0.9977626800537109,0.001,127.35576605796814
5809,38,111,739001,128,0.31671032309532166,0.31671032309532166,0.8931426405906677,0.001,127.37323307991028
5810,38,112,739129,128,0.4293869733810425,0.4293869733810425,1.2383532524108887,0.001,127.3907163143158
5811,38,113,739257,128,0.44015246629714966,0.44015246629714966,1.1211414337158203,0.001,127.4080593585968
5812,38,114,739385,128,0.3589710593223572,0.3589710593223572,0.9917970895767212,0.001,127.42535328865051
5813,38,115,739513,128,0.49359962344169617,0.49359962344169617,1.578409194946289,0.001,127.44302105903625
5814,38,116,739641,128,0.24933883547782898,0.24933883547782898,0.9768810272216797,0.001,127.46074485778809
5815,38,117,739769,128,0.3877561390399933,0.3877561390399933,0.8762116432189941,0.001,127.478187084198
5816,38,118,739897,128,0.2670856714248657,0.2670856714248657,1.0783966779708862,0.001,127.49588131904602
5817,38,119,740025,128,0.5272470116615295,0.5272470116615295,0.7974106669425964,0.001,127.51342821121216
5818,38,120,740153,128,0.31669482588768005,0.31669482588768005,1.1834638118743896,0.001,127.5312283039093
5819,38,121,740281,128,0.39590921998023987,0.39590921998023987,1.042005181312561,0.001,127.54881191253662
5820,38,122,740409,128,0.36165332794189453,0.36165332794189453,0.9245253801345825,0.001,127.56643438339233
5821,38,123,740537,128,0.40728330612182617,0.40728330612182617,1.1050041913986206,0.001,127.58398103713989
5822,38,124,740665,128,0.46571531891822815,0.46571531891822815,1.1519336700439453,0.001,127.60200262069702
5823,38,125,740793,128,0.2987206280231476,0.2987206280231476,0.9044350385665894,0.001,127.61968350410461
5824,38,126,740921,128,0.2718309760093689,0.2718309760093689,1.3667607307434082,0.001,127.6372663974762
5825,38,127,741049,128,0.3802434802055359,0.3802434802055359,1.1520897150039673,0.001,127.65454506874084
5826,38,128,741177,128,0.34921181201934814,0.34921181201934814,0.9363051652908325,0.001,127.6724681854248
5827,38,129,741305,128,0.49709486961364746,0.49709486961364746,0.7984669208526611,0.001,127.68988919258118
5828,38,130,741433,128,0.6413934826850891,0.6413934826850891,1.4577239751815796,0.001,127.7075788974762
5829,38,131,741561,128,0.28537291288375854,0.28537291288375854,0.7740155458450317,0.001,127.72494959831238
5830,38,132,741689,128,0.43407687544822693,0.43407687544822693,1.0161055326461792,0.001,127.74275064468384
5831,38,133,741817,128,0.4056049883365631,0.4056049883365631,1.1959185600280762,0.001,127.76002311706543
5832,38,134,741945,128,0.33611536026000977,0.33611536026000977,0.7823017239570618,0.001,127.77718663215637
5833,38,135,742073,128,0.37414756417274475,0.37414756417274475,0.9479579925537109,0.001,127.79508972167969
5834,38,136,742201,128,0.368120938539505,0.368120938539505,1.130561113357544,0.001,127.81276941299438
5835,38,137,742329,128,0.3983628749847412,0.3983628749847412,1.206568956375122,0.001,127.83016657829285
5836,38,138,742457,128,0.41906794905662537,0.41906794905662537,1.2402369976043701,0.001,127.84763288497925
5837,38,139,742585,128,0.5019506216049194,0.5019506216049194,0.7192572951316833,0.001,127.86576223373413
5838,38,140,742713,128,0.5884581804275513,0.5884581804275513,1.2583448886871338,0.001,127.88349986076355
5839,38,141,742841,128,0.45104071497917175,0.45104071497917175,0.9532172083854675,0.001,127.90095734596252
5840,38,142,742969,128,0.26156648993492126,0.26156648993492126,0.837307333946228,0.001,127.91851902008057
5841,38,143,743097,128,0.31410762667655945,0.31410762667655945,1.4616955518722534,0.001,127.93643569946289
5842,38,144,743225,128,0.3632139563560486,0.3632139563560486,1.272634744644165,0.001,127.95411849021912
5843,38,145,743353,128,0.568698525428772,0.568698525428772,1.31413996219635,0.001,127.97174668312073
5844,38,146,743481,128,0.5270282626152039,0.5270282626152039,0.8903505802154541,0.001,127.98931527137756
5845,38,147,743609,128,0.4930150508880615,0.4930150508880615,1.1923896074295044,0.001,128.0071017742157
5846,38,148,743737,128,0.4250950515270233,0.4250950515270233,1.0452789068222046,0.001,128.02485942840576
5847,38,149,743865,128,0.4622993767261505,0.4622993767261505,0.9098812341690063,0.001,128.04236435890198
5848,38,150,743993,128,0.4226703643798828,0.4226703643798828,0.9033054709434509,0.001,128.06006169319153
5849,38,151,744121,128,0.3978259265422821,0.3978259265422821,0.8846727609634399,0.001,128.0777153968811
5850,38,152,744249,128,0.3627260625362396,0.3627260625362396,1.0648252964019775,0.001,128.0951635837555
5851,38,153,744377,128,0.4118409752845764,0.4118409752845764,0.8103699684143066,0.001,128.11276078224182
5852,38,154,744382,5,0.766068696975708,0.766068696975708,2.0815796852111816,0.001,128.11536359786987
5853,39,1,744510,128,0.4276353418827057,0.4276353418827057,1.0035942792892456,0.001,128.80660438537598
5854,39,2,744638,128,0.6508811712265015,0.6508811712265015,1.294474720954895,0.001,128.82417964935303
5855,39,3,744766,128,0.6967455148696899,0.6967455148696899,1.2511699199676514,0.001,128.84179496765137
5856,39,4,744894,128,0.5580156445503235,0.5580156445503235,1.0499340295791626,0.001,128.86285424232483
5857,39,5,745022,128,0.4966890215873718,0.4966890215873718,1.307525396347046,0.001,128.88946175575256
5858,39,6,745150,128,0.6998392939567566,0.6998392939567566,1.0712300539016724,0.001,128.90680289268494
5859,39,7,745278,128,0.42665985226631165,0.42665985226631165,0.9198828339576721,0.001,128.92438650131226
5860,39,8,745406,128,0.45918941497802734,0.45918941497802734,1.2583019733428955,0.001,128.942378282547
5861,39,9,745534,128,0.38443610072135925,0.38443610072135925,0.808946430683136,0.001,128.9601366519928
5862,39,10,745662,128,0.4859369099140167,0.4859369099140167,0.8122437596321106,0.001,128.9777433872223
5863,39,11,745790,128,0.423993855714798,0.423993855714798,1.4190342426300049,0.001,128.99555730819702
5864,39,12,745918,128,0.3570030629634857,0.3570030629634857,1.161914348602295,0.001,129.0132179260254
5865,39,13,746046,128,0.4316035509109497,0.4316035509109497,1.2435595989227295,0.001,129.03051662445068
5866,39,14,746174,128,0.41468989849090576,0.41468989849090576,1.1989083290100098,0.001,129.04820370674133
5867,39,15,746302,128,0.5638142228126526,0.5638142228126526,1.2619441747665405,0.001,129.06680631637573
5868,39,16,746430,128,0.41228803992271423,0.41228803992271423,0.931174635887146,0.001,129.08441829681396
5869,39,17,746558,128,0.4892955720424652,0.4892955720424652,0.8129827380180359,0.001,129.10185885429382
5870,39,18,746686,128,0.3362826406955719,0.3362826406955719,1.1403592824935913,0.001,129.11929869651794
5871,39,19,746814,128,0.46659886837005615,0.46659886837005615,0.8375105857849121,0.001,129.13677406311035
5872,39,20,746942,128,0.4205982983112335,0.4205982983112335,1.714957356452942,0.001,129.15447545051575
5873,39,21,747070,128,0.4489913880825043,0.4489913880825043,0.9683718085289001,0.001,129.17200136184692
5874,39,22,747198,128,0.37768256664276123,0.37768256664276123,1.0084352493286133,0.001,129.18951630592346
5875,39,23,747326,128,0.2905789017677307,0.2905789017677307,1.25054132938385,0.001,129.20748138427734
5876,39,24,747454,128,0.38636747002601624,0.38636747002601624,1.1638239622116089,0.001,129.22524738311768
5877,39,25,747582,128,0.4170922040939331,0.4170922040939331,1.226298451423645,0.001,129.24272918701172
5878,39,26,747710,128,0.4863370358943939,0.4863370358943939,0.8007205128669739,0.001,129.26017045974731
5879,39,27,747838,128,0.42780378460884094,0.42780378460884094,1.033847451210022,0.001,129.2779996395111
5880,39,28,747966,128,0.423027902841568,0.423027902841568,0.8936257362365723,0.001,129.29590940475464
5881,39,29,748094,128,0.3490367829799652,0.3490367829799652,0.9259706735610962,0.001,129.3134777545929
5882,39,30,748222,128,0.4985470473766327,0.4985470473766327,1.2451115846633911,0.001,129.33165311813354
5883,39,31,748350,128,0.37732839584350586,0.37732839584350586,1.250213623046875,0.001,129.34954738616943
5884,39,32,748478,128,0.3505908250808716,0.3505908250808716,1.26734459400177,0.001,129.36696863174438
5885,39,33,748606,128,0.4235159158706665,0.4235159158706665,0.840645968914032,0.001,129.3843834400177
5886,39,34,748734,128,0.36163607239723206,0.36163607239723206,1.4502466917037964,0.001,129.40231275558472
5887,39,35,748862,128,0.36895355582237244,0.36895355582237244,1.1295857429504395,0.001,129.41982173919678
5888,39,36,748990,128,0.45361968874931335,0.45361968874931335,1.3784719705581665,0.001,129.4372320175171
5889,39,37,749118,128,0.6002455949783325,0.6002455949783325,1.2726038694381714,0.001,129.45482230186462
5890,39,38,749246,128,0.6238027215003967,0.6238027215003967,1.212237000465393,0.001,129.4728865623474
5891,39,39,749374,128,0.31918227672576904,0.31918227672576904,0.9640969038009644,0.001,129.49047446250916
5892,39,40,749502,128,0.34522736072540283,0.34522736072540283,1.2953593730926514,0.001,129.50801753997803
5893,39,41,749630,128,0.4337143301963806,0.4337143301963806,1.1377841234207153,0.001,129.52551198005676
5894,39,42,749758,128,0.39385679364204407,0.39385679364204407,0.9574820399284363,0.001,129.5436565876007
5895,39,43,749886,128,0.4854164719581604,0.4854164719581604,0.9602260589599609,0.001,129.56144094467163
5896,39,44,750014,128,0.3686752915382385,0.3686752915382385,0.9197182655334473,0.001,129.57907009124756
5897,39,45,750142,128,0.4336165487766266,0.4336165487766266,1.6305490732192993,0.001,129.5967059135437
5898,39,46,750270,128,0.6084517240524292,0.6084517240524292,1.4180546998977661,0.001,129.61437678337097
5899,39,47,750398,128,0.3392796218395233,0.3392796218395233,1.1974080801010132,0.001,129.63183856010437
5900,39,48,750526,128,0.523449718952179,0.523449718952179,1.0483652353286743,0.001,129.64959478378296
5901,39,49,750654,128,0.37909144163131714,0.37909144163131714,1.054324746131897,0.001,129.6674575805664
5902,39,50,750782,128,0.3649054765701294,0.3649054765701294,1.1808269023895264,0.001,129.6852421760559
5903,39,51,750910,128,0.37091293931007385,0.37091293931007385,1.1826201677322388,0.001,129.7029414176941
5904,39,52,751038,128,0.3705107867717743,0.3705107867717743,0.8513699173927307,0.001,129.7205581665039
5905,39,53,751166,128,0.4619254171848297,0.4619254171848297,1.3052525520324707,0.001,129.73840069770813
5906,39,54,751294,128,0.38758644461631775,0.38758644461631775,1.164648413658142,0.001,129.75620126724243
5907,39,55,751422,128,0.30640947818756104,0.30640947818756104,0.9958510398864746,0.001,129.77363419532776
5908,39,56,751550,128,0.34594473242759705,0.34594473242759705,1.0478438138961792,0.001,129.7912745475769
5909,39,57,751678,128,0.3333093822002411,0.3333093822002411,0.8815439939498901,0.001,129.80899477005005
5910,39,58,751806,128,0.4412538707256317,0.4412538707256317,1.005552053451538,0.001,129.82665967941284
5911,39,59,751934,128,0.33560168743133545,0.33560168743133545,0.8040516376495361,0.001,129.84406924247742
5912,39,60,752062,128,0.37627509236335754,0.37627509236335754,0.8650601506233215,0.001,129.86156392097473
5913,39,61,752190,128,0.37814822793006897,0.37814822793006897,1.048804521560669,0.001,129.87960505485535
5914,39,62,752318,128,0.422260046005249,0.422260046005249,0.815788209438324,0.001,129.89741039276123
5915,39,63,752446,128,0.8031695485115051,0.8031695485115051,1.3914622068405151,0.001,129.9152250289917
5916,39,64,752574,128,0.41006502509117126,0.41006502509117126,0.8728863596916199,0.001,129.93323254585266
5917,39,65,752702,128,0.3749069273471832,0.3749069273471832,0.8796148896217346,0.001,129.9509825706482
5918,39,66,752830,128,0.3238547742366791,0.3238547742366791,1.0991016626358032,0.001,129.96881532669067
5919,39,67,752958,128,0.5316776633262634,0.5316776633262634,1.114159345626831,0.001,129.98637294769287
5920,39,68,753086,128,0.4329085946083069,0.4329085946083069,0.8148251175880432,0.001,130.0044403076172
5921,39,69,753214,128,0.4056780934333801,0.4056780934333801,0.7903723120689392,0.001,130.02188563346863
5922,39,70,753342,128,0.461517870426178,0.461517870426178,0.7899660468101501,0.001,130.03959465026855
5923,39,71,753470,128,0.3415291905403137,0.3415291905403137,1.0689254999160767,0.001,130.05737686157227
5924,39,72,753598,128,0.4301139712333679,0.4301139712333679,0.8341886401176453,0.001,130.075697183609
5925,39,73,753726,128,0.27316632866859436,0.27316632866859436,0.716071367263794,0.001,130.09358143806458
5926,39,74,753854,128,0.39645910263061523,0.39645910263061523,1.1653474569320679,0.001,130.11123371124268
5927,39,75,753982,128,0.3656107187271118,0.3656107187271118,1.0923303365707397,0.001,130.12891387939453
5928,39,76,754110,128,0.4162282347679138,0.4162282347679138,1.0998419523239136,0.001,130.14712047576904
5929,39,77,754238,128,0.2666439116001129,0.2666439116001129,1.1697646379470825,0.001,130.16485595703125
5930,39,78,754366,128,0.5114929676055908,0.5114929676055908,1.2504856586456299,0.001,130.18242049217224
5931,39,79,754494,128,0.33849087357521057,0.33849087357521057,1.0205382108688354,0.001,130.2004120349884
5932,39,80,754622,128,0.44426825642585754,0.44426825642585754,0.9007333517074585,0.001,130.21828484535217
5933,39,81,754750,128,0.3118578791618347,0.3118578791618347,1.497172474861145,0.001,130.23603177070618
5934,39,82,754878,128,0.35395050048828125,0.35395050048828125,1.3889421224594116,0.001,130.25361490249634
5935,39,83,755006,128,0.4419013559818268,0.4419013559818268,0.772235631942749,0.001,130.27143001556396
5936,39,84,755134,128,0.44049835205078125,0.44049835205078125,1.1113157272338867,0.001,130.28914618492126
5937,39,85,755262,128,0.37722834944725037,0.37722834944725037,1.2643961906433105,0.001,130.30679297447205
5938,39,86,755390,128,0.42775893211364746,0.42775893211364746,0.7304413914680481,0.001,130.32431888580322
5939,39,87,755518,128,0.5254075527191162,0.5254075527191162,0.90479576587677,0.001,130.34245443344116
5940,39,88,755646,128,0.3445407748222351,0.3445407748222351,1.069646954536438,0.001,130.3602945804596
5941,39,89,755774,128,0.29532188177108765,0.29532188177108765,1.0015777349472046,0.001,130.3778727054596
5942,39,90,755902,128,0.5147067308425903,0.5147067308425903,0.9752034544944763,0.001,130.39560103416443
5943,39,91,756030,128,0.4298402965068817,0.4298402965068817,1.404089331626892,0.001,130.4138388633728
5944,39,92,756158,128,0.33728742599487305,0.33728742599487305,1.0525362491607666,0.001,130.43161296844482
5945,39,93,756286,128,0.2843548655509949,0.2843548655509949,1.1719448566436768,0.001,130.44923043251038
5946,39,94,756414,128,0.43715864419937134,0.43715864419937134,1.107767105102539,0.001,130.46707129478455
5947,39,95,756542,128,0.4723104238510132,0.4723104238510132,1.1246477365493774,0.001,130.48478746414185
5948,39,96,756670,128,0.3311113715171814,0.3311113715171814,1.3745530843734741,0.001,130.50252962112427
5949,39,97,756798,128,0.48106786608695984,0.48106786608695984,0.9636586904525757,0.001,130.51999354362488
5950,39,98,756926,128,0.3805489242076874,0.3805489242076874,0.9771987199783325,0.001,130.53782606124878
5951,39,99,757054,128,0.26236021518707275,0.26236021518707275,1.0336288213729858,0.001,130.55546188354492
5952,39,100,757182,128,0.38646796345710754,0.38646796345710754,0.9913826584815979,0.001,130.57318592071533
5953,39,101,757310,128,0.43713149428367615,0.43713149428367615,1.217889428138733,0.001,130.5905830860138
5954,39,102,757438,128,0.3523072600364685,0.3523072600364685,1.4857810735702515,0.001,130.60853457450867
5955,39,103,757566,128,0.3158378005027771,0.3158378005027771,0.9826735854148865,0.001,130.62614369392395
5956,39,104,757694,128,0.42085614800453186,0.42085614800453186,1.284662127494812,0.001,130.64368891716003
5957,39,105,757822,128,0.3961690068244934,0.3961690068244934,1.6290292739868164,0.001,130.6613323688507
5958,39,106,757950,128,0.4630053639411926,0.4630053639411926,0.8345004916191101,0.001,130.67909789085388
5959,39,107,758078,128,0.3815312087535858,0.3815312087535858,1.0175058841705322,0.001,130.69686818122864
5960,39,108,758206,128,0.33210012316703796,0.33210012316703796,0.7203269004821777,0.001,130.71453261375427
5961,39,109,758334,128,0.5378522276878357,0.5378522276878357,1.0431948900222778,0.001,130.7319655418396
5962,39,110,758462,128,0.5007849931716919,0.5007849931716919,0.9885034561157227,0.001,130.74976325035095
5963,39,111,758590,128,0.31698116660118103,0.31698116660118103,1.1821932792663574,0.001,130.7684452533722
5964,39,112,758718,128,0.3666829466819763,0.3666829466819763,0.979162335395813,0.001,130.78966879844666
5965,39,113,758846,128,0.43376344442367554,0.43376344442367554,1.0637681484222412,0.001,130.807621717453
5966,39,114,758974,128,0.32439497113227844,0.32439497113227844,1.0699994564056396,0.001,130.8255376815796
5967,39,115,759102,128,0.7618423104286194,0.7618423104286194,1.0239663124084473,0.001,130.84298753738403
5968,39,116,759230,128,0.4669104516506195,0.4669104516506195,1.2703089714050293,0.001,130.86048030853271
5969,39,117,759358,128,0.41671738028526306,0.41671738028526306,0.8191375136375427,0.001,130.87855744361877
5970,39,118,759486,128,0.41511666774749756,0.41511666774749756,1.1410911083221436,0.001,130.89632773399353
5971,39,119,759614,128,0.4644698202610016,0.4644698202610016,1.0032349824905396,0.001,130.91386079788208
5972,39,120,759742,128,0.4400709867477417,0.4400709867477417,1.4475843906402588,0.001,130.93156576156616
5973,39,121,759870,128,0.35283035039901733,0.35283035039901733,1.0281972885131836,0.001,130.94941639900208
5974,39,122,759998,128,0.4689944386482239,0.4689944386482239,1.084009051322937,0.001,130.96689295768738
5975,39,123,760126,128,0.6933443546295166,0.6933443546295166,1.2363706827163696,0.001,130.9845323562622
5976,39,124,760254,128,0.6028606295585632,0.6028606295585632,0.9453595280647278,0.001,131.00258779525757
5977,39,125,760382,128,0.4332643747329712,0.4332643747329712,0.7212128639221191,0.001,131.0203664302826
5978,39,126,760510,128,0.4834757447242737,0.4834757447242737,1.2740446329116821,0.001,131.03813767433167
5979,39,127,760638,128,0.454841673374176,0.454841673374176,0.9932551383972168,0.001,131.05594086647034
5980,39,128,760766,128,0.5529395341873169,0.5529395341873169,1.0276784896850586,0.001,131.07398533821106
5981,39,129,760894,128,0.5233655571937561,0.5233655571937561,1.0889794826507568,0.001,131.0916609764099
5982,39,130,761022,128,0.5959161520004272,0.5959161520004272,0.9783689379692078,0.001,131.10916662216187
5983,39,131,761150,128,0.39852648973464966,0.39852648973464966,0.7964730858802795,0.001,131.12659668922424
5984,39,132,761278,128,0.3718036711215973,0.3718036711215973,1.4369769096374512,0.001,131.14468717575073
5985,39,133,761406,128,0.4078223407268524,0.4078223407268524,0.9433911442756653,0.001,131.1622018814087
5986,39,134,761534,128,0.510027289390564,0.510027289390564,1.0111984014511108,0.001,131.18042874336243
5987,39,135,761662,128,0.32994186878204346,0.32994186878204346,1.099906325340271,0.001,131.19825720787048
5988,39,136,761790,128,0.4205518364906311,0.4205518364906311,1.310288906097412,0.001,131.21663689613342
5989,39,137,761918,128,0.3741176426410675,0.3741176426410675,0.8660531640052795,0.001,131.23449397087097
5990,39,138,762046,128,0.47863471508026123,0.47863471508026123,0.9156971573829651,0.001,131.25174760818481
5991,39,139,762174,128,0.3601081669330597,0.3601081669330597,0.8127052187919617,0.001,131.26945209503174
5992,39,140,762302,128,0.4248872995376587,0.4248872995376587,1.0639532804489136,0.001,131.28723883628845
5993,39,141,762430,128,0.38736221194267273,0.38736221194267273,1.2238467931747437,0.001,131.3047833442688
5994,39,142,762558,128,0.48089370131492615,0.48089370131492615,1.0086251497268677,0.001,131.32240891456604
5995,39,143,762686,128,0.5582993030548096,0.5582993030548096,1.3945748805999756,0.001,131.34028792381287
5996,39,144,762814,128,0.3814728558063507,0.3814728558063507,0.8091949820518494,0.001,131.35776138305664
5997,39,145,762942,128,0.4147251844406128,0.4147251844406128,1.109253168106079,0.001,131.3753821849823
5998,39,146,763070,128,0.40729376673698425,0.40729376673698425,1.1757352352142334,0.001,131.39293384552002
5999,39,147,763198,128,0.4774336814880371,0.4774336814880371,0.8883848190307617,0.001,131.4108123779297
6000,39,148,763326,128,0.33292293548583984,0.33292293548583984,1.5926053524017334,0.001,131.42839646339417
6001,39,149,763454,128,0.44938376545906067,0.44938376545906067,0.971377968788147,0.001,131.44585800170898
6002,39,150,763582,128,0.4212886095046997,0.4212886095046997,1.4958035945892334,0.001,131.46360182762146
6003,39,151,763710,128,0.3609522581100464,0.3609522581100464,1.1155200004577637,0.001,131.48174929618835
6004,39,152,763838,128,0.4709889888763428,0.4709889888763428,0.8689507246017456,0.001,131.49928164482117
6005,39,153,763966,128,0.35004690289497375,0.35004690289497375,1.280274748802185,0.001,131.51680850982666
6006,39,154,763971,5,0.2043195366859436,0.2043195366859436,2.991819381713867,0.001,131.51960611343384
6007,40,1,764099,128,0.5496393442153931,0.5496393442153931,1.098814606666565,0.0005,132.21004629135132
6008,40,2,764227,128,0.4759572446346283,0.4759572446346283,1.069329857826233,0.0005,132.22769212722778
6009,40,3,764355,128,0.5818905830383301,0.5818905830383301,0.950761616230011,0.0005,132.2453544139862
6010,40,4,764483,128,0.34106960892677307,0.34106960892677307,1.1979910135269165,0.0005,132.26252102851868
6011,40,5,764611,128,0.3989647626876831,0.3989647626876831,1.0403780937194824,0.0005,132.28008675575256
6012,40,6,764739,128,0.493326872587204,0.493326872587204,0.7679564356803894,0.0005,132.29736852645874
6013,40,7,764867,128,0.3499315679073334,0.3499315679073334,0.9888488054275513,0.0005,132.3147373199463
6014,40,8,764995,128,0.3955777585506439,0.3955777585506439,1.005271077156067,0.0005,132.33193635940552
6015,40,9,765123,128,0.34439992904663086,0.34439992904663086,1.3044925928115845,0.0005,132.3496916294098
6016,40,10,765251,128,0.3051519989967346,0.3051519989967346,1.1359353065490723,0.0005,132.36733436584473
6017,40,11,765379,128,0.4984396994113922,0.4984396994113922,1.5347529649734497,0.0005,132.38481187820435
6018,40,12,765507,128,0.4912853240966797,0.4912853240966797,1.3056228160858154,0.0005,132.40276169776917
6019,40,13,765635,128,0.3182853162288666,0.3182853162288666,1.6789015531539917,0.0005,132.42070126533508
6020,40,14,765763,128,0.30469709634780884,0.30469709634780884,1.0257484912872314,0.0005,132.43822574615479
6021,40,15,765891,128,0.3703249990940094,0.3703249990940094,0.8742525577545166,0.0005,132.45592737197876
6022,40,16,766019,128,0.520630419254303,0.520630419254303,0.9578115940093994,0.0005,132.47390508651733
6023,40,17,766147,128,0.2871856391429901,0.2871856391429901,1.0957937240600586,0.0005,132.49166989326477
6024,40,18,766275,128,0.33995047211647034,0.33995047211647034,1.1272224187850952,0.0005,132.50926303863525
6025,40,19,766403,128,0.38909912109375,0.38909912109375,0.9017172455787659,0.0005,132.5268430709839
6026,40,20,766531,128,0.2813023030757904,0.2813023030757904,1.1218435764312744,0.0005,132.54443168640137
6027,40,21,766659,128,0.3425385653972626,0.3425385653972626,0.8080070614814758,0.0005,132.56218218803406
6028,40,22,766787,128,0.3078915774822235,0.3078915774822235,1.3767668008804321,0.0005,132.57979226112366
6029,40,23,766915,128,0.2847795784473419,0.2847795784473419,0.8863328099250793,0.0005,132.59734392166138
6030,40,24,767043,128,0.4262760877609253,0.4262760877609253,1.0847119092941284,0.0005,132.6152515411377
6031,40,25,767171,128,0.34056901931762695,0.34056901931762695,1.084143042564392,0.0005,132.6330063343048
6032,40,26,767299,128,0.35835012793540955,0.35835012793540955,0.9045854806900024,0.0005,132.65040135383606
6033,40,27,767427,128,0.42696836590766907,0.42696836590766907,1.0012379884719849,0.0005,132.66815614700317
6034,40,28,767555,128,0.3117107152938843,0.3117107152938843,1.1018953323364258,0.0005,132.68614506721497
6035,40,29,767683,128,0.2760181427001953,0.2760181427001953,1.4111157655715942,0.0005,132.7039918899536
6036,40,30,767811,128,0.21934980154037476,0.21934980154037476,1.046051025390625,0.0005,132.72180247306824
6037,40,31,767939,128,0.46627458930015564,0.46627458930015564,1.1422631740570068,0.0005,132.7399492263794
6038,40,32,768067,128,0.29733163118362427,0.29733163118362427,1.1182894706726074,0.0005,132.75767612457275
6039,40,33,768195,128,0.36304351687431335,0.36304351687431335,0.7023701071739197,0.0005,132.77495646476746
6040,40,34,768323,128,0.5661332607269287,0.5661332607269287,0.9979535937309265,0.0005,132.79244995117188
6041,40,35,768451,128,0.3043750822544098,0.3043750822544098,0.9748039245605469,0.0005,132.8104043006897
6042,40,36,768579,128,0.32322973012924194,0.32322973012924194,0.876583456993103,0.0005,132.82807397842407
6043,40,37,768707,128,0.3131943941116333,0.3131943941116333,1.0173927545547485,0.0005,132.84576296806335
6044,40,38,768835,128,0.3567926287651062,0.3567926287651062,1.071088433265686,0.0005,132.86351203918457
6045,40,39,768963,128,0.33196356892585754,0.33196356892585754,1.0698814392089844,0.0005,132.8813660144806
6046,40,40,769091,128,0.42936110496520996,0.42936110496520996,1.1807245016098022,0.0005,132.8989086151123
6047,40,41,769219,128,0.3210238218307495,0.3210238218307495,0.8650572896003723,0.0005,132.91656732559204
6048,40,42,769347,128,0.37822425365448,0.37822425365448,1.2969321012496948,0.0005,132.93410539627075
6049,40,43,769475,128,0.3667224943637848,0.3667224943637848,0.9317734241485596,0.0005,132.95214891433716
6050,40,44,769603,128,0.2274274230003357,0.2274274230003357,0.8316577672958374,0.0005,132.96987104415894
6051,40,45,769731,128,0.29819127917289734,0.29819127917289734,1.083329439163208,0.0005,132.98721408843994
6052,40,46,769859,128,0.25949084758758545,0.25949084758758545,1.0094342231750488,0.0005,133.00501608848572
6053,40,47,769987,128,0.33316051959991455,0.33316051959991455,0.810943067073822,0.0005,133.02259993553162
6054,40,48,770115,128,0.2564733326435089,0.2564733326435089,1.172660231590271,0.0005,133.04020261764526
6055,40,49,770243,128,0.3534066379070282,0.3534066379070282,1.0901154279708862,0.0005,133.05792880058289
6056,40,50,770371,128,0.5108548402786255,0.5108548402786255,0.9955686926841736,0.0005,133.07551836967468
6057,40,51,770499,128,0.18986088037490845,0.18986088037490845,0.929487407207489,0.0005,133.09292221069336
6058,40,52,770627,128,0.399882435798645,0.399882435798645,1.0804522037506104,0.0005,133.11022210121155
6059,40,53,770755,128,0.464282363653183,0.464282363653183,1.2741608619689941,0.0005,133.12736129760742
6060,40,54,770883,128,0.27407029271125793,0.27407029271125793,1.1809369325637817,0.0005,133.1449429988861
6061,40,55,771011,128,0.3637197017669678,0.3637197017669678,0.9629223942756653,0.0005,133.16250944137573
6062,40,56,771139,128,0.3574608266353607,0.3574608266353607,1.2057961225509644,0.0005,133.1796042919159
6063,40,57,771267,128,0.25009024143218994,0.25009024143218994,1.0435956716537476,0.0005,133.19666504859924
6064,40,58,771395,128,0.5030564665794373,0.5030564665794373,1.400296688079834,0.0005,133.21443963050842
6065,40,59,771523,128,0.45789575576782227,0.45789575576782227,1.342970609664917,0.0005,133.2317509651184
6066,40,60,771651,128,0.27521780133247375,0.27521780133247375,1.429291009902954,0.0005,133.24900698661804
6067,40,61,771779,128,0.4626428782939911,0.4626428782939911,1.0221529006958008,0.0005,133.26637077331543
6068,40,62,771907,128,0.4671297073364258,0.4671297073364258,1.2280492782592773,0.0005,133.28423857688904
6069,40,63,772035,128,0.39764511585235596,0.39764511585235596,1.0995731353759766,0.0005,133.30155086517334
6070,40,64,772163,128,0.39037710428237915,0.39037710428237915,1.094611406326294,0.0005,133.31893467903137
6071,40,65,772291,128,0.3422631025314331,0.3422631025314331,1.1896731853485107,0.0005,133.3369264602661
6072,40,66,772419,128,0.30693089962005615,0.30693089962005615,1.0849590301513672,0.0005,133.35465121269226
6073,40,67,772547,128,0.2984537184238434,0.2984537184238434,0.9091094136238098,0.0005,133.3724067211151
6074,40,68,772675,128,0.26619386672973633,0.26619386672973633,0.952833890914917,0.0005,133.3898367881775
6075,40,69,772803,128,0.4778063893318176,0.4778063893318176,1.068037509918213,0.0005,133.4077479839325
6076,40,70,772931,128,0.40444254875183105,0.40444254875183105,1.1992324590682983,0.0005,133.42532181739807
6077,40,71,773059,128,0.20241469144821167,0.20241469144821167,0.8218882083892822,0.0005,133.4426941871643
6078,40,72,773187,128,0.42230093479156494,0.42230093479156494,1.1343613862991333,0.0005,133.46006321907043
6079,40,73,773315,128,0.27911457419395447,0.27911457419395447,0.7829282879829407,0.0005,133.478191614151
6080,40,74,773443,128,0.3096323013305664,0.3096323013305664,0.8426900506019592,0.0005,133.49604392051697
6081,40,75,773571,128,0.32773321866989136,0.32773321866989136,1.530096173286438,0.0005,133.51358199119568
6082,40,76,773699,128,0.36969414353370667,0.36969414353370667,1.3183399438858032,0.0005,133.53103947639465
6083,40,77,773827,128,0.31162911653518677,0.31162911653518677,1.0047056674957275,0.0005,133.54907894134521
6084,40,78,773955,128,0.32322654128074646,0.32322654128074646,0.9005778431892395,0.0005,133.56652331352234
6085,40,79,774083,128,0.30149927735328674,0.30149927735328674,1.017220377922058,0.0005,133.58410620689392
6086,40,80,774211,128,0.3228599429130554,0.3228599429130554,0.9513605237007141,0.0005,133.60147142410278
6087,40,81,774339,128,0.3137008547782898,0.3137008547782898,1.033912181854248,0.0005,133.6195514202118
6088,40,82,774467,128,0.34672150015830994,0.34672150015830994,1.0476903915405273,0.0005,133.637211561203
6089,40,83,774595,128,0.4258277118206024,0.4258277118206024,0.9581583142280579,0.0005,133.65455794334412
6090,40,84,774723,128,0.3339545726776123,0.3339545726776123,1.0968586206436157,0.0005,133.6721351146698
6091,40,85,774851,128,0.3756696879863739,0.3756696879863739,1.3419429063796997,0.0005,133.69005799293518
6092,40,86,774979,128,0.3672713339328766,0.3672713339328766,1.1442338228225708,0.0005,133.70770931243896
6093,40,87,775107,128,0.38735431432724,0.38735431432724,0.7545787692070007,0.0005,133.72537875175476
6094,40,88,775235,128,0.3073161542415619,0.3073161542415619,0.8577640056610107,0.0005,133.743066072464
6095,40,89,775363,128,0.3388729691505432,0.3388729691505432,1.0043902397155762,0.0005,133.7606873512268
6096,40,90,775491,128,0.46765846014022827,0.46765846014022827,1.1044089794158936,0.0005,133.77824902534485
6097,40,91,775619,128,0.3552144467830658,0.3552144467830658,1.0585789680480957,0.0005,133.79576015472412
6098,40,92,775747,128,0.3897564709186554,0.3897564709186554,1.4006344079971313,0.0005,133.8131775856018
6099,40,93,775875,128,0.267400324344635,0.267400324344635,1.4028517007827759,0.0005,133.83060908317566
6100,40,94,776003,128,0.3597595989704132,0.3597595989704132,0.8385964035987854,0.0005,133.84828448295593
6101,40,95,776131,128,0.387214720249176,0.387214720249176,1.041000485420227,0.0005,133.86564803123474
6102,40,96,776259,128,0.2966375946998596,0.2966375946998596,0.7624541521072388,0.0005,133.88303589820862
6103,40,97,776387,128,0.3473218083381653,0.3473218083381653,1.7103402614593506,0.0005,133.90039992332458
6104,40,98,776515,128,0.3163703680038452,0.3163703680038452,0.802236020565033,0.0005,133.91749739646912
6105,40,99,776643,128,0.3291146159172058,0.3291146159172058,1.272281289100647,0.0005,133.93450212478638
6106,40,100,776771,128,0.4011683464050293,0.4011683464050293,1.3905022144317627,0.0005,133.9520287513733
6107,40,101,776899,128,0.21096114814281464,0.21096114814281464,0.8906664252281189,0.0005,133.9692943096161
6108,40,102,777027,128,0.2910270690917969,0.2910270690917969,1.1494773626327515,0.0005,133.9865381717682
6109,40,103,777155,128,0.3008667826652527,0.3008667826652527,1.1670892238616943,0.0005,134.003910779953
6110,40,104,777283,128,0.2940829396247864,0.2940829396247864,1.2778499126434326,0.0005,134.0211730003357
6111,40,105,777411,128,0.33615949749946594,0.33615949749946594,0.8434943556785583,0.0005,134.03820276260376
6112,40,106,777539,128,0.4330841600894928,0.4330841600894928,1.148471474647522,0.0005,134.05562615394592
6113,40,107,777667,128,0.26080483198165894,0.26080483198165894,0.801615834236145,0.0005,134.07334733009338
6114,40,108,777795,128,0.2266320437192917,0.2266320437192917,0.974797785282135,0.0005,134.09079146385193
6115,40,109,777923,128,0.27774176001548767,0.27774176001548767,1.2347334623336792,0.0005,134.10860109329224
6116,40,110,778051,128,0.32195544242858887,0.32195544242858887,0.9375548362731934,0.0005,134.1263403892517
6117,40,111,778179,128,0.3330899775028229,0.3330899775028229,1.1628615856170654,0.0005,134.143568277359
6118,40,112,778307,128,0.436370849609375,0.436370849609375,1.3746755123138428,0.0005,134.16069078445435
6119,40,113,778435,128,0.38239532709121704,0.38239532709121704,0.7476964592933655,0.0005,134.17793083190918
6120,40,114,778563,128,0.2860676050186157,0.2860676050186157,0.978244423866272,0.0005,134.19509768486023
6121,40,115,778691,128,0.31340277194976807,0.31340277194976807,1.1854794025421143,0.0005,134.21282601356506
6122,40,116,778819,128,0.3074721693992615,0.3074721693992615,1.0129787921905518,0.0005,134.23008799552917
6123,40,117,778947,128,0.34152156114578247,0.34152156114578247,0.7410621047019958,0.0005,134.2474400997162
6124,40,118,779075,128,0.24427840113639832,0.24427840113639832,0.8782067894935608,0.0005,134.2650990486145
6125,40,119,779203,128,0.3637215197086334,0.3637215197086334,1.3382484912872314,0.0005,134.28266549110413
6126,40,120,779331,128,0.32279905676841736,0.32279905676841736,1.3927156925201416,0.0005,134.30025601387024
6127,40,121,779459,128,0.3363845646381378,0.3363845646381378,0.9896997213363647,0.0005,134.3174867630005
6128,40,122,779587,128,0.44715896248817444,0.44715896248817444,1.3126344680786133,0.0005,134.3344910144806
6129,40,123,779715,128,0.4420560300350189,0.4420560300350189,1.039448857307434,0.0005,134.351877450943
6130,40,124,779843,128,0.38561445474624634,0.38561445474624634,1.4835501909255981,0.0005,134.36928701400757
6131,40,125,779971,128,0.6793151497840881,0.6793151497840881,1.2052693367004395,0.0005,134.3864164352417
6132,40,126,780099,128,0.28594180941581726,0.28594180941581726,1.0778188705444336,0.0005,134.4035623073578
6133,40,127,780227,128,0.31727564334869385,0.31727564334869385,1.3144587278366089,0.0005,134.42097401618958
6134,40,128,780355,128,0.3587203621864319,0.3587203621864319,0.9739304780960083,0.0005,134.44044518470764
6135,40,129,780483,128,0.2813759446144104,0.2813759446144104,1.0228933095932007,0.0005,134.45783185958862
6136,40,130,780611,128,0.3420555889606476,0.3420555889606476,1.2990305423736572,0.0005,134.47562551498413
6137,40,131,780739,128,0.25918594002723694,0.25918594002723694,0.9327341914176941,0.0005,134.49314713478088
6138,40,132,780867,128,0.22405195236206055,0.22405195236206055,0.7790470123291016,0.0005,134.51054215431213
6139,40,133,780995,128,0.35273444652557373,0.35273444652557373,1.2789393663406372,0.0005,134.5281684398651
6140,40,134,781123,128,0.35889166593551636,0.35889166593551636,1.1113399267196655,0.0005,134.54609274864197
6141,40,135,781251,128,0.2770063579082489,0.2770063579082489,0.9232257008552551,0.0005,134.56386184692383
6142,40,136,781379,128,0.3853164613246918,0.3853164613246918,0.9322182536125183,0.0005,134.5827193260193
6143,40,137,781507,128,0.24579016864299774,0.24579016864299774,1.0171951055526733,0.0005,134.59985160827637
6144,40,138,781635,128,0.4109511375427246,0.4109511375427246,1.4421995878219604,0.0005,134.61745023727417
6145,40,139,781763,128,0.3241688013076782,0.3241688013076782,1.0699782371520996,0.0005,134.63513922691345
6146,40,140,781891,128,0.2150065153837204,0.2150065153837204,0.9830003380775452,0.0005,134.65217685699463
6147,40,141,782019,128,0.336794376373291,0.336794376373291,1.2097927331924438,0.0005,134.6692717075348
6148,40,142,782147,128,0.46740737557411194,0.46740737557411194,1.0835760831832886,0.0005,134.68726682662964
6149,40,143,782275,128,0.4133227467536926,0.4133227467536926,1.168506145477295,0.0005,134.70502161979675
6150,40,144,782403,128,0.4683467745780945,0.4683467745780945,1.1478805541992188,0.0005,134.7225432395935
6151,40,145,782531,128,0.36324477195739746,0.36324477195739746,1.0868369340896606,0.0005,134.74020409584045
6152,40,146,782659,128,0.2987072467803955,0.2987072467803955,0.9931678771972656,0.0005,134.75771617889404
6153,40,147,782787,128,0.2758728265762329,0.2758728265762329,1.074924349784851,0.0005,134.7752068042755
6154,40,148,782915,128,0.32490476965904236,0.32490476965904236,1.6171361207962036,0.0005,134.79288744926453
6155,40,149,783043,128,0.2748655080795288,0.2748655080795288,1.125644564628601,0.0005,134.81113481521606
6156,40,150,783171,128,0.29739320278167725,0.29739320278167725,1.005311131477356,0.0005,134.82900309562683
6157,40,151,783299,128,0.4083395302295685,0.4083395302295685,1.1831272840499878,0.0005,134.84654235839844
6158,40,152,783427,128,0.5488852858543396,0.5488852858543396,1.347550392150879,0.0005,134.86378598213196
6159,40,153,783555,128,0.3377344310283661,0.3377344310283661,0.7885521650314331,0.0005,134.88163685798645
6160,40,154,783560,5,0.0952649787068367,0.0952649787068367,0.41844865679740906,0.0005,134.88443064689636
6161,41,1,783688,128,0.4648701250553131,0.4648701250553131,1.047983169555664,0.0005,135.5843381881714
6162,41,2,783816,128,0.2680901288986206,0.2680901288986206,1.2035688161849976,0.0005,135.6017873287201
6163,41,3,783944,128,0.2489086240530014,0.2489086240530014,0.7168249487876892,0.0005,135.61956071853638
6164,41,4,784072,128,0.2424907684326172,0.2424907684326172,1.3628222942352295,0.0005,135.63690376281738
6165,41,5,784200,128,0.3544582426548004,0.3544582426548004,1.3657653331756592,0.0005,135.65453147888184
6166,41,6,784328,128,0.4209032356739044,0.4209032356739044,1.6881563663482666,0.0005,135.67202997207642
6167,41,7,784456,128,0.3776073455810547,0.3776073455810547,1.507729172706604,0.0005,135.68989658355713
6168,41,8,784584,128,0.24557392299175262,0.24557392299175262,1.0806244611740112,0.0005,135.70734000205994
6169,41,9,784712,128,0.2792622447013855,0.2792622447013855,1.2007898092269897,0.0005,135.72490334510803
6170,41,10,784840,128,0.27552059292793274,0.27552059292793274,0.9705148339271545,0.0005,135.74259662628174
6171,41,11,784968,128,0.2489062249660492,0.2489062249660492,1.1625288724899292,0.0005,135.7603166103363
6172,41,12,785096,128,0.40962648391723633,0.40962648391723633,1.126517415046692,0.0005,135.77779078483582
6173,41,13,785224,128,0.5447444915771484,0.5447444915771484,0.8740930557250977,0.0005,135.79548358917236
6174,41,14,785352,128,0.5497713685035706,0.5497713685035706,1.1170257329940796,0.0005,135.8136043548584
6175,41,15,785480,128,0.3228999674320221,0.3228999674320221,0.8916407227516174,0.0005,135.83135390281677
6176,41,16,785608,128,0.5721102952957153,0.5721102952957153,1.4905110597610474,0.0005,135.84914898872375
6177,41,17,785736,128,0.3072993755340576,0.3072993755340576,1.0041788816452026,0.0005,135.86671471595764
6178,41,18,785864,128,0.26799628138542175,0.26799628138542175,1.2021973133087158,0.0005,135.88489437103271
6179,41,19,785992,128,0.2942529618740082,0.2942529618740082,1.2134544849395752,0.0005,135.90262055397034
6180,41,20,786120,128,0.35398244857788086,0.35398244857788086,1.0916997194290161,0.0005,135.9204113483429
6181,41,21,786248,128,0.5718215107917786,0.5718215107917786,0.9963194131851196,0.0005,135.9379780292511
6182,41,22,786376,128,0.3633646070957184,0.3633646070957184,1.0414690971374512,0.0005,135.95598697662354
6183,41,23,786504,128,0.2728167176246643,0.2728167176246643,1.1319156885147095,0.0005,135.97360515594482
6184,41,24,786632,128,0.3551464080810547,0.3551464080810547,1.0526262521743774,0.0005,135.99128913879395
6185,41,25,786760,128,0.32426369190216064,0.32426369190216064,1.4760905504226685,0.0005,136.00902366638184
6186,41,26,786888,128,0.27220413088798523,0.27220413088798523,1.2286577224731445,0.0005,136.02683091163635
6187,41,27,787016,128,0.4466020464897156,0.4466020464897156,1.029093623161316,0.0005,136.04438519477844
6188,41,28,787144,128,0.23420432209968567,0.23420432209968567,1.002698540687561,0.0005,136.06214570999146
6189,41,29,787272,128,0.2564045786857605,0.2564045786857605,0.7637606859207153,0.0005,136.07990527153015
6190,41,30,787400,128,0.3120098412036896,0.3120098412036896,1.142019271850586,0.0005,136.09749794006348
6191,41,31,787528,128,0.2809980809688568,0.2809980809688568,0.9104622602462769,0.0005,136.11527347564697
6192,41,32,787656,128,0.2449849247932434,0.2449849247932434,0.8347967863082886,0.0005,136.1329026222229
6193,41,33,787784,128,0.20641812682151794,0.20641812682151794,0.9170288443565369,0.0005,136.15111112594604
6194,41,34,787912,128,0.41514846682548523,0.41514846682548523,1.1246559619903564,0.0005,136.16908288002014
6195,41,35,788040,128,0.36831870675086975,0.36831870675086975,0.8343539834022522,0.0005,136.18655276298523
6196,41,36,788168,128,0.24075031280517578,0.24075031280517578,0.8228822350502014,0.0005,136.20401263237
6197,41,37,788296,128,0.32582181692123413,0.32582181692123413,1.1222522258758545,0.0005,136.22191262245178
6198,41,38,788424,128,0.2885374426841736,0.2885374426841736,0.9496979117393494,0.0005,136.23949790000916
6199,41,39,788552,128,0.28212180733680725,0.28212180733680725,1.2676682472229004,0.0005,136.25715804100037
6200,41,40,788680,128,0.35204046964645386,0.35204046964645386,0.9861956238746643,0.0005,136.2746844291687
6201,41,41,788808,128,0.22922618687152863,0.22922618687152863,0.8865637183189392,0.0005,136.29292035102844
6202,41,42,788936,128,0.3100571632385254,0.3100571632385254,1.0153720378875732,0.0005,136.31063055992126
6203,41,43,789064,128,0.315859854221344,0.315859854221344,1.4287656545639038,0.0005,136.32831597328186
6204,41,44,789192,128,0.4595962464809418,0.4595962464809418,1.0469906330108643,0.0005,136.34631371498108
6205,41,45,789320,128,0.46090635657310486,0.46090635657310486,1.609372615814209,0.0005,136.3639199733734
6206,41,46,789448,128,0.4226466715335846,0.4226466715335846,1.044790267944336,0.0005,136.38153386116028
6207,41,47,789576,128,0.3427538275718689,0.3427538275718689,1.065234899520874,0.0005,136.3988869190216
6208,41,48,789704,128,0.449062705039978,0.449062705039978,1.3009127378463745,0.0005,136.4167184829712
6209,41,49,789832,128,0.4633922576904297,0.4633922576904297,1.1459938287734985,0.0005,136.4344871044159
6210,41,50,789960,128,0.3117004632949829,0.3117004632949829,0.9659269452095032,0.0005,136.45176076889038
6211,41,51,790088,128,0.39166033267974854,0.39166033267974854,1.17717444896698,0.0005,136.46909880638123
6212,41,52,790216,128,0.2519165873527527,0.2519165873527527,1.0749709606170654,0.0005,136.4867081642151
6213,41,53,790344,128,0.38542208075523376,0.38542208075523376,1.044492244720459,0.0005,136.50423574447632
6214,41,54,790472,128,0.36036521196365356,0.36036521196365356,1.1426997184753418,0.0005,136.52184391021729
6215,41,55,790600,128,0.25657352805137634,0.25657352805137634,1.1101031303405762,0.0005,136.53962779045105
6216,41,56,790728,128,0.28776633739471436,0.28776633739471436,1.1454691886901855,0.0005,136.55776476860046
6217,41,57,790856,128,0.2157391756772995,0.2157391756772995,0.8907997608184814,0.0005,136.5756709575653
6218,41,58,790984,128,0.2860487699508667,0.2860487699508667,1.0808119773864746,0.0005,136.59334683418274
6219,41,59,791112,128,0.24076499044895172,0.24076499044895172,0.9328328967094421,0.0005,136.61075973510742
6220,41,60,791240,128,0.32359421253204346,0.32359421253204346,1.1048762798309326,0.0005,136.62891101837158
6221,41,61,791368,128,0.2886067032814026,0.2886067032814026,1.1140190362930298,0.0005,136.64664244651794
6222,41,62,791496,128,0.3755651116371155,0.3755651116371155,1.3239258527755737,0.0005,136.6647298336029
6223,41,63,791624,128,0.45756667852401733,0.45756667852401733,0.8765246868133545,0.0005,136.6829662322998
6224,41,64,791752,128,0.2676886022090912,0.2676886022090912,1.1292709112167358,0.0005,136.7008090019226
6225,41,65,791880,128,0.49842971563339233,0.49842971563339233,1.232611894607544,0.0005,136.71856808662415
6226,41,66,792008,128,0.21145565807819366,0.21145565807819366,1.10918128490448,0.0005,136.73599481582642
6227,41,67,792136,128,0.316612184047699,0.316612184047699,0.943188488483429,0.0005,136.75419783592224
6228,41,68,792264,128,0.3502146899700165,0.3502146899700165,1.293004035949707,0.0005,136.7721529006958
6229,41,69,792392,128,0.2605597674846649,0.2605597674846649,0.8062722086906433,0.0005,136.78987288475037
6230,41,70,792520,128,0.21387769281864166,0.21387769281864166,0.6813035011291504,0.0005,136.80758428573608
6231,41,71,792648,128,0.2855789065361023,0.2855789065361023,1.2081115245819092,0.0005,136.82607650756836
6232,41,72,792776,128,0.6094895005226135,0.6094895005226135,0.8941560983657837,0.0005,136.84362077713013
6233,41,73,792904,128,0.23058798909187317,0.23058798909187317,0.9620059728622437,0.0005,136.86134123802185
6234,41,74,793032,128,0.33632010221481323,0.33632010221481323,0.8569734692573547,0.0005,136.8791561126709
6235,41,75,793160,128,0.318494588136673,0.318494588136673,1.2944927215576172,0.0005,136.8969123363495
6236,41,76,793288,128,0.3353252410888672,0.3353252410888672,0.9418903589248657,0.0005,136.9143829345703
6237,41,77,793416,128,0.3197443187236786,0.3197443187236786,1.0411441326141357,0.0005,136.93201160430908
6238,41,78,793544,128,0.3712674379348755,0.3712674379348755,0.8189436793327332,0.0005,136.9503037929535
6239,41,79,793672,128,0.323687344789505,0.323687344789505,0.9578975439071655,0.0005,136.96829080581665
6240,41,80,793800,128,0.30783846974372864,0.30783846974372864,0.9553048014640808,0.0005,136.98597264289856
6241,41,81,793928,128,0.4529183506965637,0.4529183506965637,1.166764736175537,0.0005,137.00360369682312
6242,41,82,794056,128,0.31459736824035645,0.31459736824035645,1.1675381660461426,0.0005,137.02201986312866
6243,41,83,794184,128,0.3781636655330658,0.3781636655330658,0.9120084047317505,0.0005,137.0400116443634
6244,41,84,794312,128,0.2648806571960449,0.2648806571960449,1.3011342287063599,0.0005,137.05767631530762
6245,41,85,794440,128,0.27685296535491943,0.27685296535491943,0.7951458096504211,0.0005,137.0749340057373
6246,41,86,794568,128,0.352497935295105,0.352497935295105,1.2585426568984985,0.0005,137.09302830696106
6247,41,87,794696,128,0.31638893485069275,0.31638893485069275,1.086890459060669,0.0005,137.11071515083313
6248,41,88,794824,128,0.40989062190055847,0.40989062190055847,0.8636512160301208,0.0005,137.1283242702484
6249,41,89,794952,128,0.4041484296321869,0.4041484296321869,0.9256077408790588,0.0005,137.14630603790283
6250,41,90,795080,128,0.3480217158794403,0.3480217158794403,0.8816609978675842,0.0005,137.16410899162292
6251,41,91,795208,128,0.2615754306316376,0.2615754306316376,1.1785173416137695,0.0005,137.18192887306213
6252,41,92,795336,128,0.2709927558898926,0.2709927558898926,1.129532814025879,0.0005,137.19949531555176
6253,41,93,795464,128,0.20616012811660767,0.20616012811660767,0.8235827684402466,0.0005,137.21765756607056
6254,41,94,795592,128,0.2782500088214874,0.2782500088214874,1.4347383975982666,0.0005,137.23536705970764
6255,41,95,795720,128,0.26396143436431885,0.26396143436431885,1.0906426906585693,0.0005,137.25312542915344
6256,41,96,795848,128,0.22284884750843048,0.22284884750843048,1.1414647102355957,0.0005,137.2708957195282
6257,41,97,795976,128,0.31469154357910156,0.31469154357910156,1.265211582183838,0.0005,137.2891538143158
6258,41,98,796104,128,0.5226253867149353,0.5226253867149353,0.7773432731628418,0.0005,137.30684900283813
6259,41,99,796232,128,0.38907289505004883,0.38907289505004883,1.1058775186538696,0.0005,137.3245780467987
6260,41,100,796360,128,0.36280080676078796,0.36280080676078796,1.1481642723083496,0.0005,137.34198904037476
6261,41,101,796488,128,0.35077965259552,0.35077965259552,0.8649166822433472,0.0005,137.35983538627625
6262,41,102,796616,128,0.3142324686050415,0.3142324686050415,1.2262800931930542,0.0005,137.37753772735596
6263,41,103,796744,128,0.36184340715408325,0.36184340715408325,0.6954774856567383,0.0005,137.3950798511505
6264,41,104,796872,128,0.5035735368728638,0.5035735368728638,1.159926414489746,0.0005,137.41301560401917
6265,41,105,797000,128,0.2474120706319809,0.2474120706319809,1.2794084548950195,0.0005,137.43052744865417
6266,41,106,797128,128,0.28999075293540955,0.28999075293540955,1.1079654693603516,0.0005,137.44800662994385
6267,41,107,797256,128,0.31866195797920227,0.31866195797920227,0.927855372428894,0.0005,137.46526288986206
6268,41,108,797384,128,0.2990029752254486,0.2990029752254486,0.8290882706642151,0.0005,137.482750415802
6269,41,109,797512,128,0.28217771649360657,0.28217771649360657,1.070953607559204,0.0005,137.5003626346588
6270,41,110,797640,128,0.4836239218711853,0.4836239218711853,0.9887309074401855,0.0005,137.51753997802734
6271,41,111,797768,128,0.2143450528383255,0.2143450528383255,0.9776402115821838,0.0005,137.53466296195984
6272,41,112,797896,128,0.33152976632118225,0.33152976632118225,1.0725327730178833,0.0005,137.55261301994324
6273,41,113,798024,128,0.26497969031333923,0.26497969031333923,1.4000208377838135,0.0005,137.57039713859558
6274,41,114,798152,128,0.1632842719554901,0.1632842719554901,0.710170328617096,0.0005,137.58782839775085
6275,41,115,798280,128,0.3779676854610443,0.3779676854610443,1.1473619937896729,0.0005,137.60513353347778
6276,41,116,798408,128,0.35612601041793823,0.35612601041793823,1.1072341203689575,0.0005,137.6227331161499
6277,41,117,798536,128,0.26779985427856445,0.26779985427856445,1.1762903928756714,0.0005,137.64054656028748
6278,41,118,798664,128,0.3634098768234253,0.3634098768234253,0.9855445623397827,0.0005,137.6582646369934
6279,41,119,798792,128,0.44746652245521545,0.44746652245521545,1.0137228965759277,0.0005,137.67591977119446
6280,41,120,798920,128,0.2981710731983185,0.2981710731983185,1.089591145515442,0.0005,137.69387412071228
6281,41,121,799048,128,0.5690629482269287,0.5690629482269287,1.088208794593811,0.0005,137.71155095100403
6282,41,122,799176,128,0.31353428959846497,0.31353428959846497,1.0479435920715332,0.0005,137.7290780544281
6283,41,123,799304,128,0.2590126395225525,0.2590126395225525,1.304205298423767,0.0005,137.74667048454285
6284,41,124,799432,128,0.3364718556404114,0.3364718556404114,1.2537423372268677,0.0005,137.76413941383362
6285,41,125,799560,128,0.27526500821113586,0.27526500821113586,0.7808203101158142,0.0005,137.78159403800964
6286,41,126,799688,128,0.3249726891517639,0.3249726891517639,1.0628130435943604,0.0005,137.79915642738342
6287,41,127,799816,128,0.25236940383911133,0.25236940383911133,1.3097996711730957,0.0005,137.81717729568481
6288,41,128,799944,128,0.32907336950302124,0.32907336950302124,0.8385294079780579,0.0005,137.83455753326416
6289,41,129,800072,128,0.24592502415180206,0.24592502415180206,0.8340768814086914,0.0005,137.85190963745117
6290,41,130,800200,128,0.26760333776474,0.26760333776474,0.9132505655288696,0.0005,137.86893820762634
6291,41,131,800328,128,0.3056405484676361,0.3056405484676361,1.2809261083602905,0.0005,137.88685488700867
6292,41,132,800456,128,0.26390621066093445,0.26390621066093445,1.661751389503479,0.0005,137.9044578075409
6293,41,133,800584,128,0.27117016911506653,0.27117016911506653,1.2844085693359375,0.0005,137.92229747772217
6294,41,134,800712,128,0.38241493701934814,0.38241493701934814,0.8818145990371704,0.0005,137.93956637382507
6295,41,135,800840,128,0.5055017471313477,0.5055017471313477,1.8935840129852295,0.0005,137.95709824562073
6296,41,136,800968,128,0.42231953144073486,0.42231953144073486,1.099910020828247,0.0005,137.97438836097717
6297,41,137,801096,128,0.45895686745643616,0.45895686745643616,0.9649416208267212,0.0005,137.99170446395874
6298,41,138,801224,128,0.34639227390289307,0.34639227390289307,1.4545056819915771,0.0005,138.0090208053589
6299,41,139,801352,128,0.253038614988327,0.253038614988327,1.3349415063858032,0.0005,138.0267825126648
6300,41,140,801480,128,0.41068825125694275,0.41068825125694275,1.0268219709396362,0.0005,138.04421472549438
6301,41,141,801608,128,0.3768424987792969,0.3768424987792969,0.9928650259971619,0.0005,138.0614459514618
6302,41,142,801736,128,0.41099512577056885,0.41099512577056885,1.3969916105270386,0.0005,138.0788607597351
6303,41,143,801864,128,0.3045221269130707,0.3045221269130707,0.8786759376525879,0.0005,138.0962529182434
6304,41,144,801992,128,0.38108688592910767,0.38108688592910767,0.7812725901603699,0.0005,138.11345052719116
6305,41,145,802120,128,0.3130105435848236,0.3130105435848236,1.5661948919296265,0.0005,138.13077330589294
6306,41,146,802248,128,0.3912407457828522,0.3912407457828522,1.0011658668518066,0.0005,138.148268699646
6307,41,147,802376,128,0.49814900755882263,0.49814900755882263,0.9889410734176636,0.0005,138.16546177864075
6308,41,148,802504,128,0.1948845237493515,0.1948845237493515,0.8876133561134338,0.0005,138.18261909484863
6309,41,149,802632,128,0.41338008642196655,0.41338008642196655,1.1206756830215454,0.0005,138.19987750053406
6310,41,150,802760,128,0.3815496861934662,0.3815496861934662,1.4082057476043701,0.0005,138.21739268302917
6311,41,151,802888,128,0.24587631225585938,0.24587631225585938,1.1013749837875366,0.0005,138.23476910591125
6312,41,152,803016,128,0.36015036702156067,0.36015036702156067,0.9471786618232727,0.0005,138.25203609466553
6313,41,153,803144,128,0.3698549270629883,0.3698549270629883,1.0819549560546875,0.0005,138.26918268203735
6314,41,154,803149,5,0.2860477864742279,0.2860477864742279,1.6701679229736328,0.0005,138.27185130119324
6315,42,1,803277,128,0.39859506487846375,0.39859506487846375,1.2854315042495728,0.0005,138.96715641021729
6316,42,2,803405,128,0.26601719856262207,0.26601719856262207,1.0647200345993042,0.0005,138.9848916530609
6317,42,3,803533,128,0.5362012386322021,0.5362012386322021,1.141930103302002,0.0005,139.00248551368713
6318,42,4,803661,128,0.21594668924808502,0.21594668924808502,1.1860957145690918,0.0005,139.02035856246948
6319,42,5,803789,128,0.28131458163261414,0.28131458163261414,0.9208624362945557,0.0005,139.03781127929688
6320,42,6,803917,128,0.31753960251808167,0.31753960251808167,1.0074360370635986,0.0005,139.05532026290894
6321,42,7,804045,128,0.31055212020874023,0.31055212020874023,0.8805563449859619,0.0005,139.07464504241943
6322,42,8,804173,128,0.4065052270889282,0.4065052270889282,0.7915180921554565,0.0005,139.0928134918213
6323,42,9,804301,128,0.3755374848842621,0.3755374848842621,1.041568636894226,0.0005,139.11050033569336
6324,42,10,804429,128,0.3160873055458069,0.3160873055458069,1.2883481979370117,0.0005,139.12819170951843
6325,42,11,804557,128,0.2801346778869629,0.2801346778869629,0.7738713026046753,0.0005,139.14566826820374
6326,42,12,804685,128,0.2852005362510681,0.2852005362510681,1.171001672744751,0.0005,139.1644983291626
6327,42,13,804813,128,0.291900634765625,0.291900634765625,0.8037872314453125,0.0005,139.18312072753906
6328,42,14,804941,128,0.2764124870300293,0.2764124870300293,1.02326238155365,0.0005,139.20585536956787
6329,42,15,805069,128,0.3331488072872162,0.3331488072872162,1.2260761260986328,0.0005,139.2243378162384
6330,42,16,805197,128,0.23811770975589752,0.23811770975589752,1.1385447978973389,0.0005,139.24208092689514
6331,42,17,805325,128,0.22313597798347473,0.22313597798347473,1.1176103353500366,0.0005,139.2597074508667
6332,42,18,805453,128,0.350576788187027,0.350576788187027,1.048948884010315,0.0005,139.27710103988647
6333,42,19,805581,128,0.28072741627693176,0.28072741627693176,0.9914543032646179,0.0005,139.2952253818512
6334,42,20,805709,128,0.27827075123786926,0.27827075123786926,0.8960821628570557,0.0005,139.3128478527069
6335,42,21,805837,128,0.25553378462791443,0.25553378462791443,0.8615731000900269,0.0005,139.33020877838135
6336,42,22,805965,128,0.29958170652389526,0.29958170652389526,1.0543028116226196,0.0005,139.34806370735168
6337,42,23,806093,128,0.29413801431655884,0.29413801431655884,1.1584575176239014,0.0005,139.3653678894043
6338,42,24,806221,128,0.23400232195854187,0.23400232195854187,1.1708406209945679,0.0005,139.38255834579468
6339,42,25,806349,128,0.324553906917572,0.324553906917572,0.9663564562797546,0.0005,139.39970898628235
6340,42,26,806477,128,0.3192104399204254,0.3192104399204254,0.8585032224655151,0.0005,139.41696786880493
6341,42,27,806605,128,0.3301447927951813,0.3301447927951813,0.7615159153938293,0.0005,139.43417954444885
6342,42,28,806733,128,0.3557349443435669,0.3557349443435669,1.2011867761611938,0.0005,139.45183968544006
6343,42,29,806861,128,0.38102835416793823,0.38102835416793823,1.1241601705551147,0.0005,139.46924996376038
6344,42,30,806989,128,0.27587375044822693,0.27587375044822693,1.205338478088379,0.0005,139.4872076511383
6345,42,31,807117,128,0.2316749095916748,0.2316749095916748,1.564659595489502,0.0005,139.50478410720825
6346,42,32,807245,128,0.35255733132362366,0.35255733132362366,1.1666274070739746,0.0005,139.52192068099976
6347,42,33,807373,128,0.3625284731388092,0.3625284731388092,1.0165045261383057,0.0005,139.53913116455078
6348,42,34,807501,128,0.4961278736591339,0.4961278736591339,1.0330568552017212,0.0005,139.55673241615295
6349,42,35,807629,128,0.3228543698787689,0.3228543698787689,1.6109575033187866,0.0005,139.5739119052887
6350,42,36,807757,128,0.24786481261253357,0.24786481261253357,1.1522375345230103,0.0005,139.5911042690277
6351,42,37,807885,128,0.21101506054401398,0.21101506054401398,0.9709203243255615,0.0005,139.6082944869995
6352,42,38,808013,128,0.2450857162475586,0.2450857162475586,0.902679443359375,0.0005,139.62601280212402
6353,42,39,808141,128,0.506742000579834,0.506742000579834,0.9504950046539307,0.0005,139.643306016922
6354,42,40,808269,128,0.29003939032554626,0.29003939032554626,1.1529347896575928,0.0005,139.6607370376587
6355,42,41,808397,128,0.4385159909725189,0.4385159909725189,1.285260796546936,0.0005,139.6777982711792
6356,42,42,808525,128,0.2780151665210724,0.2780151665210724,1.0667750835418701,0.0005,139.6953809261322
6357,42,43,808653,128,0.36900678277015686,0.36900678277015686,1.1871898174285889,0.0005,139.71280765533447
6358,42,44,808781,128,0.35728174448013306,0.35728174448013306,0.9850805997848511,0.0005,139.7300419807434
6359,42,45,808909,128,0.23887446522712708,0.23887446522712708,1.076184868812561,0.0005,139.74728345870972
6360,42,46,809037,128,0.2667107880115509,0.2667107880115509,0.8404008746147156,0.0005,139.76521825790405
6361,42,47,809165,128,0.33956313133239746,0.33956313133239746,1.0621287822723389,0.0005,139.78256154060364
6362,42,48,809293,128,0.3420274257659912,0.3420274257659912,0.9847241640090942,0.0005,139.80004143714905
6363,42,49,809421,128,0.27137407660484314,0.27137407660484314,0.7433484792709351,0.0005,139.81749320030212
6364,42,50,809549,128,0.21851710975170135,0.21851710975170135,1.2643611431121826,0.0005,139.83461833000183
6365,42,51,809677,128,0.22124162316322327,0.22124162316322327,1.3150043487548828,0.0005,139.85186576843262
6366,42,52,809805,128,0.25705963373184204,0.25705963373184204,1.4782518148422241,0.0005,139.86910676956177
6367,42,53,809933,128,0.25005173683166504,0.25005173683166504,0.7442858219146729,0.0005,139.88678240776062
6368,42,54,810061,128,0.3747325837612152,0.3747325837612152,1.2901443243026733,0.0005,139.904150724411
6369,42,55,810189,128,0.3666583299636841,0.3666583299636841,1.1350626945495605,0.0005,139.92161893844604
6370,42,56,810317,128,0.33410248160362244,0.33410248160362244,1.1394696235656738,0.0005,139.93920254707336
6371,42,57,810445,128,0.3389855921268463,0.3389855921268463,1.2697656154632568,0.0005,139.95704627037048
6372,42,58,810573,128,0.30058643221855164,0.30058643221855164,1.1851929426193237,0.0005,139.9749686717987
6373,42,59,810701,128,0.4049915075302124,0.4049915075302124,1.3076841831207275,0.0005,139.99254369735718
6374,42,60,810829,128,0.42668378353118896,0.42668378353118896,1.1201742887496948,0.0005,140.0098533630371
6375,42,61,810957,128,0.4157576560974121,0.4157576560974121,1.211143970489502,0.0005,140.02811861038208
6376,42,62,811085,128,0.2624131441116333,0.2624131441116333,1.123307466506958,0.0005,140.04526805877686
6377,42,63,811213,128,0.3161344826221466,0.3161344826221466,1.1537106037139893,0.0005,140.06293320655823
6378,42,64,811341,128,0.39350607991218567,0.39350607991218567,1.0186257362365723,0.0005,140.08022713661194
6379,42,65,811469,128,0.33774101734161377,0.33774101734161377,1.3980910778045654,0.0005,140.0978090763092
6380,42,66,811597,128,0.41557615995407104,0.41557615995407104,1.0959700345993042,0.0005,140.11503839492798
6381,42,67,811725,128,0.26005151867866516,0.26005151867866516,0.9365448355674744,0.0005,140.13221859931946
6382,42,68,811853,128,0.26772990822792053,0.26772990822792053,0.9714372158050537,0.0005,140.1493034362793
6383,42,69,811981,128,0.33765608072280884,0.33765608072280884,1.0545239448547363,0.0005,140.16644930839539
6384,42,70,812109,128,0.42625731229782104,0.42625731229782104,0.8193292021751404,0.0005,140.18334889411926
6385,42,71,812237,128,0.3734242022037506,0.3734242022037506,0.7352234721183777,0.0005,140.2001965045929
6386,42,72,812365,128,0.5522904992103577,0.5522904992103577,1.7065906524658203,0.0005,140.2175648212433
6387,42,73,812493,128,0.2808476984500885,0.2808476984500885,0.8557407855987549,0.0005,140.23486518859863
6388,42,74,812621,128,0.5082353949546814,0.5082353949546814,1.4206666946411133,0.0005,140.25212001800537
6389,42,75,812749,128,0.3212850093841553,0.3212850093841553,1.1268051862716675,0.0005,140.26911401748657
6390,42,76,812877,128,0.44591331481933594,0.44591331481933594,1.1804639101028442,0.0005,140.28645491600037
6391,42,77,813005,128,0.2546404302120209,0.2546404302120209,0.9138298034667969,0.0005,140.30379056930542
6392,42,78,813133,128,0.46761152148246765,0.46761152148246765,1.091115951538086,0.0005,140.32072067260742
6393,42,79,813261,128,0.38062071800231934,0.38062071800231934,1.2686680555343628,0.0005,140.33791184425354
6394,42,80,813389,128,0.46982359886169434,0.46982359886169434,1.2997376918792725,0.0005,140.35549640655518
6395,42,81,813517,128,0.31441065669059753,0.31441065669059753,1.262048602104187,0.0005,140.37258982658386
6396,42,82,813645,128,0.38146498799324036,0.38146498799324036,1.5452585220336914,0.0005,140.38983058929443
6397,42,83,813773,128,0.3547300398349762,0.3547300398349762,1.4982069730758667,0.0005,140.4071056842804
6398,42,84,813901,128,0.3653723895549774,0.3653723895549774,1.0701333284378052,0.0005,140.42479133605957
6399,42,85,814029,128,0.30058008432388306,0.30058008432388306,1.3036296367645264,0.0005,140.44224309921265
6400,42,86,814157,128,0.2997034788131714,0.2997034788131714,1.01609206199646,0.0005,140.45989537239075
6401,42,87,814285,128,0.3088495135307312,0.3088495135307312,0.8498602509498596,0.0005,140.4772617816925
6402,42,88,814413,128,0.29620957374572754,0.29620957374572754,0.9907145500183105,0.0005,140.49478960037231
6403,42,89,814541,128,0.40041491389274597,0.40041491389274597,0.862589955329895,0.0005,140.51204657554626
6404,42,90,814669,128,0.24657242000102997,0.24657242000102997,0.8675607442855835,0.0005,140.52918004989624
6405,42,91,814797,128,0.2607419788837433,0.2607419788837433,1.3666956424713135,0.0005,140.54651713371277
6406,42,92,814925,128,0.23747290670871735,0.23747290670871735,0.6633377075195312,0.0005,140.56446361541748
6407,42,93,815053,128,0.2586352825164795,0.2586352825164795,1.0910230875015259,0.0005,140.58203625679016
6408,42,94,815181,128,0.2569889724254608,0.2569889724254608,1.5026992559432983,0.0005,140.59951877593994
6409,42,95,815309,128,0.321374773979187,0.321374773979187,0.9278473258018494,0.0005,140.6174075603485
6410,42,96,815437,128,0.2565222978591919,0.2565222978591919,0.8784581422805786,0.0005,140.6348648071289
6411,42,97,815565,128,0.28745588660240173,0.28745588660240173,1.0048179626464844,0.0005,140.65240359306335
6412,42,98,815693,128,0.3160262405872345,0.3160262405872345,1.0356838703155518,0.0005,140.67005252838135
6413,42,99,815821,128,0.2671712338924408,0.2671712338924408,1.1442384719848633,0.0005,140.68806195259094
6414,42,100,815949,128,0.406809538602829,0.406809538602829,0.7255311012268066,0.0005,140.70560836791992
6415,42,101,816077,128,0.313517689704895,0.313517689704895,1.0319373607635498,0.0005,140.72315073013306
6416,42,102,816205,128,0.27446264028549194,0.27446264028549194,0.9789252877235413,0.0005,140.74065589904785
6417,42,103,816333,128,0.3315061628818512,0.3315061628818512,1.4256385564804077,0.0005,140.75863885879517
6418,42,104,816461,128,0.24355454742908478,0.24355454742908478,1.0863505601882935,0.0005,140.77635073661804
6419,42,105,816589,128,0.3691829741001129,0.3691829741001129,1.3051680326461792,0.0005,140.79395604133606
6420,42,106,816717,128,0.2460906207561493,0.2460906207561493,1.195991039276123,0.0005,140.8116798400879
6421,42,107,816845,128,0.27335140109062195,0.27335140109062195,1.3402429819107056,0.0005,140.82974457740784
6422,42,108,816973,128,0.23377494513988495,0.23377494513988495,1.2023800611495972,0.0005,140.84704160690308
6423,42,109,817101,128,0.32203444838523865,0.32203444838523865,1.0875163078308105,0.0005,140.86477994918823
6424,42,110,817229,128,0.3689936697483063,0.3689936697483063,0.8601517677307129,0.0005,140.88233542442322
6425,42,111,817357,128,0.26949551701545715,0.26949551701545715,1.2245783805847168,0.0005,140.8997838497162
6426,42,112,817485,128,0.3575717806816101,0.3575717806816101,0.8946501612663269,0.0005,140.91736340522766
6427,42,113,817613,128,0.4198416769504547,0.4198416769504547,1.6566320657730103,0.0005,140.93488335609436
6428,42,114,817741,128,0.3080163300037384,0.3080163300037384,1.056840419769287,0.0005,140.95275926589966
6429,42,115,817869,128,0.2923412322998047,0.2923412322998047,1.1243457794189453,0.0005,140.97027397155762
6430,42,116,817997,128,0.2770821452140808,0.2770821452140808,1.1522530317306519,0.0005,140.98805212974548
6431,42,117,818125,128,0.23907561600208282,0.23907561600208282,1.0638574361801147,0.0005,141.0056643486023
6432,42,118,818253,128,0.2575794458389282,0.2575794458389282,1.2142999172210693,0.0005,141.02350902557373
6433,42,119,818381,128,0.2475891411304474,0.2475891411304474,1.258486032485962,0.0005,141.04087924957275
6434,42,120,818509,128,0.35253509879112244,0.35253509879112244,1.1793742179870605,0.0005,141.058509349823
6435,42,121,818637,128,0.27822649478912354,0.27822649478912354,1.0407103300094604,0.0005,141.07580757141113
6436,42,122,818765,128,0.21303333342075348,0.21303333342075348,0.7300191521644592,0.0005,141.09354543685913
6437,42,123,818893,128,0.2999126613140106,0.2999126613140106,0.9599975943565369,0.0005,141.11108326911926
6438,42,124,819021,128,0.2173125445842743,0.2173125445842743,0.9814327359199524,0.0005,141.1284794807434
6439,42,125,819149,128,0.261971652507782,0.261971652507782,1.1197394132614136,0.0005,141.14576125144958
6440,42,126,819277,128,0.4296720027923584,0.4296720027923584,1.1675161123275757,0.0005,141.16358852386475
6441,42,127,819405,128,0.3802683651447296,0.3802683651447296,0.8240668177604675,0.0005,141.1813600063324
6442,42,128,819533,128,0.24474948644638062,0.24474948644638062,1.0342531204223633,0.0005,141.19903230667114
6443,42,129,819661,128,0.39346641302108765,0.39346641302108765,0.8319665789604187,0.0005,141.21660137176514
6444,42,130,819789,128,0.31655117869377136,0.31655117869377136,0.8129565715789795,0.0005,141.2343680858612
6445,42,131,819917,128,0.24695713818073273,0.24695713818073273,0.8071873784065247,0.0005,141.25187849998474
6446,42,132,820045,128,0.27800339460372925,0.27800339460372925,0.9800165891647339,0.0005,141.2693088054657
6447,42,133,820173,128,0.26397448778152466,0.26397448778152466,1.1181575059890747,0.0005,141.28712606430054
6448,42,134,820301,128,0.2666792869567871,0.2666792869567871,0.9445474743843079,0.0005,141.3047797679901
6449,42,135,820429,128,0.3552442193031311,0.3552442193031311,1.0169099569320679,0.0005,141.32250237464905
6450,42,136,820557,128,0.2939665615558624,0.2939665615558624,0.8599239587783813,0.0005,141.3400855064392
6451,42,137,820685,128,0.3758353292942047,0.3758353292942047,1.2171965837478638,0.0005,141.3577527999878
6452,42,138,820813,128,0.3828105926513672,0.3828105926513672,1.2319854497909546,0.0005,141.37538146972656
6453,42,139,820941,128,0.27091699838638306,0.27091699838638306,1.0894768238067627,0.0005,141.39312434196472
6454,42,140,821069,128,0.3336341083049774,0.3336341083049774,1.1288727521896362,0.0005,141.41060304641724
6455,42,141,821197,128,0.31793615221977234,0.31793615221977234,0.8913112878799438,0.0005,141.42835402488708
6456,42,142,821325,128,0.25209370255470276,0.25209370255470276,0.9369392991065979,0.0005,141.44593477249146
6457,42,143,821453,128,0.24112927913665771,0.24112927913665771,0.9013959169387817,0.0005,141.46354413032532
6458,42,144,821581,128,0.3334420323371887,0.3334420323371887,0.9777510762214661,0.0005,141.48119711875916
6459,42,145,821709,128,0.2008177638053894,0.2008177638053894,0.844610333442688,0.0005,141.49946212768555
6460,42,146,821837,128,0.30235445499420166,0.30235445499420166,0.941935122013092,0.0005,141.51709079742432
6461,42,147,821965,128,0.2685638964176178,0.2685638964176178,1.1336332559585571,0.0005,141.53464365005493
6462,42,148,822093,128,0.25297537446022034,0.25297537446022034,1.0413696765899658,0.0005,141.55229258537292
6463,42,149,822221,128,0.257099986076355,0.257099986076355,1.333694338798523,0.0005,141.57005643844604
6464,42,150,822349,128,0.3647872805595398,0.3647872805595398,1.165850043296814,0.0005,141.58768844604492
6465,42,151,822477,128,0.4089657962322235,0.4089657962322235,1.4189610481262207,0.0005,141.60506463050842
6466,42,152,822605,128,0.27141520380973816,0.27141520380973816,1.462296485900879,0.0005,141.62297677993774
6467,42,153,822733,128,0.27178245782852173,0.27178245782852173,0.9741148352622986,0.0005,141.64084553718567
6468,42,154,822738,5,0.3269394338130951,0.3269394338130951,0.42118436098098755,0.0005,141.64350819587708
6469,43,1,822866,128,0.48072972893714905,0.48072972893714905,1.2441048622131348,0.0005,142.33268022537231
6470,43,2,822994,128,0.22114059329032898,0.22114059329032898,1.2503910064697266,0.0005,142.35031247138977
6471,43,3,823122,128,0.2765350937843323,0.2765350937843323,0.8815149068832397,0.0005,142.36806392669678
6472,43,4,823250,128,0.29763543605804443,0.29763543605804443,1.3390675783157349,0.0005,142.3854877948761
6473,43,5,823378,128,0.36823195219039917,0.36823195219039917,1.1344108581542969,0.0005,142.40280985832214
6474,43,6,823506,128,0.5476419925689697,0.5476419925689697,1.0902550220489502,0.0005,142.4209427833557
6475,43,7,823634,128,0.19769133627414703,0.19769133627414703,0.9344499111175537,0.0005,142.43874406814575
6476,43,8,823762,128,0.3560976982116699,0.3560976982116699,1.2091528177261353,0.0005,142.45642709732056
6477,43,9,823890,128,0.37040290236473083,0.37040290236473083,0.9217133522033691,0.0005,142.47437739372253
6478,43,10,824018,128,0.3004819452762604,0.3004819452762604,1.476800560951233,0.0005,142.49245858192444
6479,43,11,824146,128,0.5377246141433716,0.5377246141433716,1.3419017791748047,0.0005,142.5101203918457
6480,43,12,824274,128,0.28741782903671265,0.28741782903671265,1.223524808883667,0.0005,142.52810621261597
6481,43,13,824402,128,0.371947318315506,0.371947318315506,1.3713887929916382,0.0005,142.54592061042786
6482,43,14,824530,128,0.26850053668022156,0.26850053668022156,1.3994052410125732,0.0005,142.5638062953949
6483,43,15,824658,128,0.32857245206832886,0.32857245206832886,0.786881148815155,0.0005,142.58161735534668
6484,43,16,824786,128,0.2392297089099884,0.2392297089099884,0.9417271018028259,0.0005,142.5993733406067
6485,43,17,824914,128,0.3177972733974457,0.3177972733974457,1.5869923830032349,0.0005,142.61716175079346
6486,43,18,825042,128,0.2773916721343994,0.2773916721343994,1.1737371683120728,0.0005,142.6347861289978
6487,43,19,825170,128,0.24236290156841278,0.24236290156841278,0.6634145975112915,0.0005,142.6523609161377
6488,43,20,825298,128,0.3223632276058197,0.3223632276058197,1.0851047039031982,0.0005,142.66949248313904
6489,43,21,825426,128,0.5246944427490234,0.5246944427490234,0.8935746550559998,0.0005,142.68695616722107
6490,43,22,825554,128,0.3050123155117035,0.3050123155117035,1.1394339799880981,0.0005,142.70466423034668
6491,43,23,825682,128,0.5380507111549377,0.5380507111549377,0.975023090839386,0.0005,142.7217981815338
6492,43,24,825810,128,0.28921055793762207,0.28921055793762207,0.8365544676780701,0.0005,142.73916959762573
6493,43,25,825938,128,0.27404260635375977,0.27404260635375977,0.9299231171607971,0.0005,142.75697207450867
6494,43,26,826066,128,0.27898454666137695,0.27898454666137695,0.7422404885292053,0.0005,142.77436113357544
6495,43,27,826194,128,0.24554187059402466,0.24554187059402466,0.7928724884986877,0.0005,142.79191541671753
6496,43,28,826322,128,0.26342010498046875,0.26342010498046875,1.0648008584976196,0.0005,142.80963730812073
6497,43,29,826450,128,0.22629806399345398,0.22629806399345398,0.9488049745559692,0.0005,142.82731294631958
6498,43,30,826578,128,0.3012484610080719,0.3012484610080719,1.0900378227233887,0.0005,142.844571352005
6499,43,31,826706,128,0.3772835433483124,0.3772835433483124,0.9129628539085388,0.0005,142.86186051368713
6500,43,32,826834,128,0.2864234447479248,0.2864234447479248,1.1540151834487915,0.0005,142.87934708595276
6501,43,33,826962,128,0.31492507457733154,0.31492507457733154,1.1145879030227661,0.0005,142.8972909450531
6502,43,34,827090,128,0.368478000164032,0.368478000164032,1.6548045873641968,0.0005,142.91476821899414
6503,43,35,827218,128,0.22195300459861755,0.22195300459861755,1.2222212553024292,0.0005,142.93227219581604
6504,43,36,827346,128,0.27936139702796936,0.27936139702796936,1.010799527168274,0.0005,142.9495508670807
6505,43,37,827474,128,0.4132394790649414,0.4132394790649414,1.732717752456665,0.0005,142.9674882888794
6506,43,38,827602,128,0.34500083327293396,0.34500083327293396,0.8113041520118713,0.0005,142.98503875732422
6507,43,39,827730,128,0.23282615840435028,0.23282615840435028,0.9563945531845093,0.0005,143.00251507759094
6508,43,40,827858,128,0.26866862177848816,0.26866862177848816,1.2069439888000488,0.0005,143.01978731155396
6509,43,41,827986,128,0.2764506936073303,0.2764506936073303,1.2950505018234253,0.0005,143.03783464431763
6510,43,42,828114,128,0.22854800522327423,0.22854800522327423,1.2646517753601074,0.0005,143.0556139945984
6511,43,43,828242,128,0.24353797733783722,0.24353797733783722,1.0985711812973022,0.0005,143.0730607509613
6512,43,44,828370,128,0.241403266787529,0.241403266787529,1.0031795501708984,0.0005,143.09103751182556
6513,43,45,828498,128,0.27593812346458435,0.27593812346458435,1.2325435876846313,0.0005,143.10872864723206
6514,43,46,828626,128,0.22222527861595154,0.22222527861595154,1.1618719100952148,0.0005,143.1262857913971
6515,43,47,828754,128,0.3207164704799652,0.3207164704799652,0.8888460397720337,0.0005,143.1434633731842
6516,43,48,828882,128,0.19301791489124298,0.19301791489124298,0.9336411952972412,0.0005,143.16109204292297
6517,43,49,829010,128,0.2723643183708191,0.2723643183708191,1.1118364334106445,0.0005,143.1786403656006
6518,43,50,829138,128,0.29070553183555603,0.29070553183555603,1.0433636903762817,0.0005,143.195725440979
6519,43,51,829266,128,0.2781163454055786,0.2781163454055786,1.006879448890686,0.0005,143.2133572101593
6520,43,52,829394,128,0.3336162865161896,0.3336162865161896,1.1867554187774658,0.0005,143.2311577796936
6521,43,53,829522,128,0.21685218811035156,0.21685218811035156,1.0465389490127563,0.0005,143.24852323532104
6522,43,54,829650,128,0.3448459506034851,0.3448459506034851,1.2211272716522217,0.0005,143.2659559249878
6523,43,55,829778,128,0.3055560886859894,0.3055560886859894,0.9273783564567566,0.0005,143.2836651802063
6524,43,56,829906,128,0.3521827757358551,0.3521827757358551,0.9332722425460815,0.0005,143.3014109134674
6525,43,57,830034,128,0.37426692247390747,0.37426692247390747,1.0170458555221558,0.0005,143.31897592544556
6526,43,58,830162,128,0.29192930459976196,0.29192930459976196,0.9513559341430664,0.0005,143.33627152442932
6527,43,59,830290,128,0.31179726123809814,0.31179726123809814,0.6536850929260254,0.0005,143.35424327850342
6528,43,60,830418,128,0.2645583152770996,0.2645583152770996,0.8490049242973328,0.0005,143.37189197540283
6529,43,61,830546,128,0.3821552097797394,0.3821552097797394,0.9632333517074585,0.0005,143.3894407749176
6530,43,62,830674,128,0.273680180311203,0.273680180311203,0.9081743359565735,0.0005,143.4068455696106
6531,43,63,830802,128,0.3486941456794739,0.3486941456794739,1.3207659721374512,0.0005,143.4247863292694
6532,43,64,830930,128,0.33666718006134033,0.33666718006134033,1.1224894523620605,0.0005,143.44226956367493
6533,43,65,831058,128,0.26082372665405273,0.26082372665405273,1.0020374059677124,0.0005,143.45990920066833
6534,43,66,831186,128,0.34754616022109985,0.34754616022109985,1.2525081634521484,0.0005,143.47738409042358
6535,43,67,831314,128,0.40513351559638977,0.40513351559638977,0.9005135297775269,0.0005,143.4953122138977
6536,43,68,831442,128,0.3456924259662628,0.3456924259662628,1.1412254571914673,0.0005,143.51279377937317
6537,43,69,831570,128,0.3807753324508667,0.3807753324508667,1.1672993898391724,0.0005,143.53013038635254
6538,43,70,831698,128,0.24566958844661713,0.24566958844661713,0.7481974363327026,0.0005,143.54758286476135
6539,43,71,831826,128,0.23957590758800507,0.23957590758800507,0.9090648889541626,0.0005,143.56564378738403
6540,43,72,831954,128,0.2940317988395691,0.2940317988395691,1.2279529571533203,0.0005,143.58341193199158
6541,43,73,832082,128,0.3372572660446167,0.3372572660446167,0.9134740233421326,0.0005,143.601083278656
6542,43,74,832210,128,0.2447892129421234,0.2447892129421234,1.3489274978637695,0.0005,143.61871886253357
6543,43,75,832338,128,0.3619849681854248,0.3619849681854248,0.7913437485694885,0.0005,143.63649821281433
6544,43,76,832466,128,0.2680332362651825,0.2680332362651825,1.2067599296569824,0.0005,143.65414094924927
6545,43,77,832594,128,0.34256798028945923,0.34256798028945923,1.5097136497497559,0.0005,143.67179536819458
6546,43,78,832722,128,0.305438756942749,0.305438756942749,1.3517038822174072,0.0005,143.68944120407104
6547,43,79,832850,128,0.19824253022670746,0.19824253022670746,1.0040738582611084,0.0005,143.70740032196045
6548,43,80,832978,128,0.4173189103603363,0.4173189103603363,1.461353063583374,0.0005,143.72520661354065
6549,43,81,833106,128,0.30569443106651306,0.30569443106651306,1.5666626691818237,0.0005,143.742369890213
6550,43,82,833234,128,0.25759825110435486,0.25759825110435486,1.1497163772583008,0.0005,143.7599470615387
6551,43,83,833362,128,0.39370566606521606,0.39370566606521606,1.087785005569458,0.0005,143.77773523330688
6552,43,84,833490,128,0.3759443163871765,0.3759443163871765,0.9891790747642517,0.0005,143.79530906677246
6553,43,85,833618,128,0.31865400075912476,0.31865400075912476,0.7613745331764221,0.0005,143.81283044815063
6554,43,86,833746,128,0.2769191563129425,0.2769191563129425,1.325713038444519,0.0005,143.83067750930786
6555,43,87,833874,128,0.2521117627620697,0.2521117627620697,1.0843698978424072,0.0005,143.84803676605225
6556,43,88,834002,128,0.2946544289588928,0.2946544289588928,1.2743120193481445,0.0005,143.86570239067078
6557,43,89,834130,128,0.27386870980262756,0.27386870980262756,0.9758310317993164,0.0005,143.88327884674072
6558,43,90,834258,128,0.2861212193965912,0.2861212193965912,0.9155130982398987,0.0005,143.90138006210327
6559,43,91,834386,128,0.3180961608886719,0.3180961608886719,1.2220895290374756,0.0005,143.91891956329346
6560,43,92,834514,128,0.2728930115699768,0.2728930115699768,0.7102489471435547,0.0005,143.93642044067383
6561,43,93,834642,128,0.34501463174819946,0.34501463174819946,1.3123983144760132,0.0005,143.9537332057953
6562,43,94,834770,128,0.3439365029335022,0.3439365029335022,1.1840846538543701,0.0005,143.97182369232178
6563,43,95,834898,128,0.2704693078994751,0.2704693078994751,1.056681752204895,0.0005,143.98922109603882
6564,43,96,835026,128,0.23015262186527252,0.23015262186527252,1.1331734657287598,0.0005,144.0065517425537
6565,43,97,835154,128,0.2929480969905853,0.2929480969905853,1.0472300052642822,0.0005,144.02460360527039
6566,43,98,835282,128,0.2639535367488861,0.2639535367488861,0.9747920036315918,0.0005,144.04228353500366
6567,43,99,835410,128,0.2962080240249634,0.2962080240249634,0.9398889541625977,0.0005,144.0599205493927
6568,43,100,835538,128,0.2798195481300354,0.2798195481300354,0.8565879464149475,0.0005,144.07736110687256
6569,43,101,835666,128,0.18723532557487488,0.18723532557487488,0.9984112977981567,0.0005,144.0949046611786
6570,43,102,835794,128,0.2850446403026581,0.2850446403026581,0.9020389914512634,0.0005,144.1121587753296
6571,43,103,835922,128,0.4300388991832733,0.4300388991832733,1.0765399932861328,0.0005,144.1300299167633
6572,43,104,836050,128,0.40586867928504944,0.40586867928504944,1.241233468055725,0.0005,144.14773416519165
6573,43,105,836178,128,0.25401896238327026,0.25401896238327026,1.1525005102157593,0.0005,144.16568732261658
6574,43,106,836306,128,0.30862343311309814,0.30862343311309814,1.0885988473892212,0.0005,144.1834659576416
6575,43,107,836434,128,0.5166015625,0.5166015625,1.5165480375289917,0.0005,144.20095133781433
6576,43,108,836562,128,0.3563840091228485,0.3563840091228485,1.0428603887557983,0.0005,144.21847200393677
6577,43,109,836690,128,0.19884340465068817,0.19884340465068817,0.999154269695282,0.0005,144.23659873008728
6578,43,110,836818,128,0.3681184947490692,0.3681184947490692,1.2081608772277832,0.0005,144.25416445732117
6579,43,111,836946,128,0.24312037229537964,0.24312037229537964,0.91777104139328,0.0005,144.2719385623932
6580,43,112,837074,128,0.307382196187973,0.307382196187973,0.9079293012619019,0.0005,144.2898244857788
6581,43,113,837202,128,0.3384917676448822,0.3384917676448822,1.451543927192688,0.0005,144.30770421028137
6582,43,114,837330,128,0.23366932570934296,0.23366932570934296,0.9747517108917236,0.0005,144.32513284683228
6583,43,115,837458,128,0.3293820917606354,0.3293820917606354,0.9848018884658813,0.0005,144.34279942512512
6584,43,116,837586,128,0.2891506552696228,0.2891506552696228,1.1098605394363403,0.0005,144.36036324501038
6585,43,117,837714,128,0.22807209193706512,0.22807209193706512,1.0403425693511963,0.0005,144.37765550613403
6586,43,118,837842,128,0.2572861611843109,0.2572861611843109,0.9588265419006348,0.0005,144.39524960517883
6587,43,119,837970,128,0.2794150412082672,0.2794150412082672,1.0177791118621826,0.0005,144.41252040863037
6588,43,120,838098,128,0.33388131856918335,0.33388131856918335,1.302534818649292,0.0005,144.4303982257843
6589,43,121,838226,128,0.301993727684021,0.301993727684021,0.7579056024551392,0.0005,144.44786405563354
6590,43,122,838354,128,0.27490752935409546,0.27490752935409546,1.0935593843460083,0.0005,144.465074300766
6591,43,123,838482,128,0.18246997892856598,0.18246997892856598,1.2036769390106201,0.0005,144.48217105865479
6592,43,124,838610,128,0.19377383589744568,0.19377383589744568,1.0278422832489014,0.0005,144.499897480011
6593,43,125,838738,128,0.34846946597099304,0.34846946597099304,0.954449474811554,0.0005,144.5171709060669
6594,43,126,838866,128,0.2667267620563507,0.2667267620563507,0.8482658863067627,0.0005,144.5343885421753
6595,43,127,838994,128,0.2266933172941208,0.2266933172941208,1.0464071035385132,0.0005,144.55164909362793
6596,43,128,839122,128,0.21614520251750946,0.21614520251750946,1.11781907081604,0.0005,144.56910467147827
6597,43,129,839250,128,0.18087249994277954,0.18087249994277954,0.9410516619682312,0.0005,144.5862534046173
6598,43,130,839378,128,0.2370292842388153,0.2370292842388153,0.7893273234367371,0.0005,144.60376834869385
6599,43,131,839506,128,0.24237892031669617,0.24237892031669617,0.9759225845336914,0.0005,144.6211712360382
6600,43,132,839634,128,0.3221398591995239,0.3221398591995239,1.056362271308899,0.0005,144.63858294487
6601,43,133,839762,128,0.3480634093284607,0.3480634093284607,1.0898165702819824,0.0005,144.65582609176636
6602,43,134,839890,128,0.7228569388389587,0.7228569388389587,1.3546051979064941,0.0005,144.6730408668518
6603,43,135,840018,128,0.20614226162433624,0.20614226162433624,1.2487937211990356,0.0005,144.69064831733704
6604,43,136,840146,128,0.4639061689376831,0.4639061689376831,1.3805361986160278,0.0005,144.7084345817566
6605,43,137,840274,128,0.23951438069343567,0.23951438069343567,1.0025348663330078,0.0005,144.7257857322693
6606,43,138,840402,128,0.3626401424407959,0.3626401424407959,1.0873298645019531,0.0005,144.74310302734375
6607,43,139,840530,128,0.32353347539901733,0.32353347539901733,1.292279839515686,0.0005,144.76091933250427
6608,43,140,840658,128,0.2172236144542694,0.2172236144542694,0.9489060640335083,0.0005,144.7785656452179
6609,43,141,840786,128,0.3268401026725769,0.3268401026725769,1.3577940464019775,0.0005,144.79608035087585
6610,43,142,840914,128,0.25743576884269714,0.25743576884269714,0.7131243944168091,0.0005,144.81353878974915
6611,43,143,841042,128,0.30794528126716614,0.30794528126716614,1.4323917627334595,0.0005,144.83130836486816
6612,43,144,841170,128,0.2832573652267456,0.2832573652267456,1.0592001676559448,0.0005,144.84898042678833
6613,43,145,841298,128,0.321730375289917,0.321730375289917,1.111101746559143,0.0005,144.86669540405273
6614,43,146,841426,128,0.2708899676799774,0.2708899676799774,0.8204131126403809,0.0005,144.88446688652039
6615,43,147,841554,128,0.19184835255146027,0.19184835255146027,0.9641376733779907,0.0005,144.90222573280334
6616,43,148,841682,128,0.23260924220085144,0.23260924220085144,1.1598660945892334,0.0005,144.92011189460754
6617,43,149,841810,128,0.2424623966217041,0.2424623966217041,1.0337579250335693,0.0005,144.9379415512085
6618,43,150,841938,128,0.26883429288864136,0.26883429288864136,1.1188818216323853,0.0005,144.95545053482056
6619,43,151,842066,128,0.25272613763809204,0.25272613763809204,1.0084141492843628,0.0005,144.97381258010864
6620,43,152,842194,128,0.3833692967891693,0.3833692967891693,1.4245367050170898,0.0005,144.99133443832397
6621,43,153,842322,128,0.29649999737739563,0.29649999737739563,1.175758719444275,0.0005,145.0087924003601
6622,43,154,842327,5,0.12256847321987152,0.12256847321987152,1.2228137254714966,0.0005,145.01153182983398
6623,44,1,842455,128,0.2619885504245758,0.2619885504245758,0.971055805683136,0.0005,145.7094624042511
6624,44,2,842583,128,0.24402770400047302,0.24402770400047302,1.2924673557281494,0.0005,145.72700119018555
6625,44,3,842711,128,0.28516778349876404,0.28516778349876404,1.024062991142273,0.0005,145.74441695213318
6626,44,4,842839,128,0.40343886613845825,0.40343886613845825,1.3087594509124756,0.0005,145.76219701766968
6627,44,5,842967,128,0.32149362564086914,0.32149362564086914,1.0797349214553833,0.0005,145.77963495254517
6628,44,6,843095,128,0.31078779697418213,0.31078779697418213,0.9340122938156128,0.0005,145.7973713874817
6629,44,7,843223,128,0.46969282627105713,0.46969282627105713,1.3029985427856445,0.0005,145.81491565704346
6630,44,8,843351,128,0.19657345116138458,0.19657345116138458,1.072964072227478,0.0005,145.83256793022156
6631,44,9,843479,128,0.33599406480789185,0.33599406480789185,1.2127457857131958,0.0005,145.8503212928772
6632,44,10,843607,128,0.3672482967376709,0.3672482967376709,0.8983311057090759,0.0005,145.86793780326843
6633,44,11,843735,128,0.5734876394271851,0.5734876394271851,1.1104822158813477,0.0005,145.88560485839844
6634,44,12,843863,128,0.30850833654403687,0.30850833654403687,1.3323177099227905,0.0005,145.90357112884521
6635,44,13,843991,128,0.24094554781913757,0.24094554781913757,1.0046385526657104,0.0005,145.92144107818604
6636,44,14,844119,128,0.37395185232162476,0.37395185232162476,0.9376787543296814,0.0005,145.93876385688782
6637,44,15,844247,128,0.29570692777633667,0.29570692777633667,1.0739719867706299,0.0005,145.95649766921997
6638,44,16,844375,128,0.24604375660419464,0.24604375660419464,0.8725559711456299,0.0005,145.9745328426361
6639,44,17,844503,128,0.26429107785224915,0.26429107785224915,1.3302326202392578,0.0005,145.99227666854858
6640,44,18,844631,128,0.33960050344467163,0.33960050344467163,0.8694648146629333,0.0005,146.00989055633545
6641,44,19,844759,128,0.22984375059604645,0.22984375059604645,1.1200892925262451,0.0005,146.0280728340149
6642,44,20,844887,128,0.22526293992996216,0.22526293992996216,0.9070837497711182,0.0005,146.04566884040833
6643,44,21,845015,128,0.4410133957862854,0.4410133957862854,1.2768876552581787,0.0005,146.0634331703186
6644,44,22,845143,128,0.336153507232666,0.336153507232666,1.0701372623443604,0.0005,146.08072090148926
6645,44,23,845271,128,0.21114052832126617,0.21114052832126617,0.8340370655059814,0.0005,146.0984663963318
6646,44,24,845399,128,0.2720198631286621,0.2720198631286621,1.0606306791305542,0.0005,146.1157512664795
6647,44,25,845527,128,0.22526915371418,0.22526915371418,1.028210997581482,0.0005,146.13313102722168
6648,44,26,845655,128,0.17602793872356415,0.17602793872356415,1.0566259622573853,0.0005,146.15048789978027
6649,44,27,845783,128,0.43922901153564453,0.43922901153564453,1.3361220359802246,0.0005,146.16847467422485
6650,44,28,845911,128,0.28163084387779236,0.28163084387779236,1.2720063924789429,0.0005,146.1859176158905
6651,44,29,846039,128,0.3656250536441803,0.3656250536441803,0.953139066696167,0.0005,146.20333790779114
6652,44,30,846167,128,0.2693106532096863,0.2693106532096863,1.0375697612762451,0.0005,146.22063946723938
6653,44,31,846295,128,0.3223458528518677,0.3223458528518677,1.0897955894470215,0.0005,146.23879265785217
6654,44,32,846423,128,0.29177841544151306,0.29177841544151306,1.4686583280563354,0.0005,146.25612449645996
6655,44,33,846551,128,0.2114003747701645,0.2114003747701645,1.0235562324523926,0.0005,146.27357149124146
6656,44,34,846679,128,0.30913135409355164,0.30913135409355164,1.6559052467346191,0.0005,146.2909939289093
6657,44,35,846807,128,0.2788858413696289,0.2788858413696289,1.0158435106277466,0.0005,146.30886149406433
6658,44,36,846935,128,0.21224376559257507,0.21224376559257507,0.8294181227684021,0.0005,146.326336145401
6659,44,37,847063,128,0.26284196972846985,0.26284196972846985,1.000876545906067,0.0005,146.34394812583923
6660,44,38,847191,128,0.31265610456466675,0.31265610456466675,0.9269174337387085,0.0005,146.36171102523804
6661,44,39,847319,128,0.33497726917266846,0.33497726917266846,1.3055739402770996,0.0005,146.37924361228943
6662,44,40,847447,128,0.2815922200679779,0.2815922200679779,1.1214755773544312,0.0005,146.39697098731995
6663,44,41,847575,128,0.32291778922080994,0.32291778922080994,1.1996568441390991,0.0005,146.4144058227539
6664,44,42,847703,128,0.23733435571193695,0.23733435571193695,0.9173452258110046,0.0005,146.43234014511108
6665,44,43,847831,128,0.5054216384887695,0.5054216384887695,1.0704635381698608,0.0005,146.45015621185303
6666,44,44,847959,128,0.20476524531841278,0.20476524531841278,0.7491903901100159,0.0005,146.46780347824097
6667,44,45,848087,128,0.3366782069206238,0.3366782069206238,1.1520429849624634,0.0005,146.48532271385193
6668,44,46,848215,128,0.20826053619384766,0.20826053619384766,1.1453051567077637,0.0005,146.5035297870636
6669,44,47,848343,128,0.3483014702796936,0.3483014702796936,1.8303630352020264,0.0005,146.52115869522095
6670,44,48,848471,128,0.28075647354125977,0.28075647354125977,1.0239793062210083,0.0005,146.53869128227234
6671,44,49,848599,128,0.43307530879974365,0.43307530879974365,1.054141879081726,0.0005,146.5564432144165
6672,44,50,848727,128,0.2519369125366211,0.2519369125366211,1.192732572555542,0.0005,146.57456350326538
6673,44,51,848855,128,0.3699708878993988,0.3699708878993988,1.0933425426483154,0.0005,146.5923285484314
6674,44,52,848983,128,0.2954365909099579,0.2954365909099579,1.0941712856292725,0.0005,146.60997986793518
6675,44,53,849111,128,0.20850960910320282,0.20850960910320282,0.858446478843689,0.0005,146.6276936531067
6676,44,54,849239,128,0.28934741020202637,0.28934741020202637,1.0817526578903198,0.0005,146.6456549167633
6677,44,55,849367,128,0.23690173029899597,0.23690173029899597,1.09725022315979,0.0005,146.663348197937
6678,44,56,849495,128,0.16491660475730896,0.16491660475730896,0.8245791792869568,0.0005,146.6807782649994
6679,44,57,849623,128,0.29376494884490967,0.29376494884490967,1.6630185842514038,0.0005,146.69852209091187
6680,44,58,849751,128,0.23865415155887604,0.23865415155887604,0.8483992218971252,0.0005,146.7162458896637
6681,44,59,849879,128,0.22232897579669952,0.22232897579669952,1.3039462566375732,0.0005,146.73390913009644
6682,44,60,850007,128,0.19620318710803986,0.19620318710803986,0.8631693720817566,0.0005,146.75160455703735
6683,44,61,850135,128,0.2715565860271454,0.2715565860271454,1.5319480895996094,0.0005,146.77005910873413
6684,44,62,850263,128,0.3245302140712738,0.3245302140712738,0.8051433563232422,0.0005,146.787926197052
6685,44,63,850391,128,0.22315040230751038,0.22315040230751038,0.9105281829833984,0.0005,146.80559635162354
6686,44,64,850519,128,0.19725322723388672,0.19725322723388672,1.2101528644561768,0.0005,146.82308149337769
6687,44,65,850647,128,0.19479866325855255,0.19479866325855255,1.2355666160583496,0.0005,146.8413209915161
6688,44,66,850775,128,0.2366914302110672,0.2366914302110672,0.7953289747238159,0.0005,146.85893273353577
6689,44,67,850903,128,0.3077969551086426,0.3077969551086426,1.3134076595306396,0.0005,146.87660574913025
6690,44,68,851031,128,0.2347041666507721,0.2347041666507721,1.2605701684951782,0.0005,146.8942596912384
6691,44,69,851159,128,0.2611561119556427,0.2611561119556427,1.4061495065689087,0.0005,146.91239500045776
6692,44,70,851287,128,0.32609590888023376,0.32609590888023376,1.2592029571533203,0.0005,146.93003869056702
6693,44,71,851415,128,0.2345343381166458,0.2345343381166458,0.7876993417739868,0.0005,146.94764351844788
6694,44,72,851543,128,0.31638386845588684,0.31638386845588684,0.9984058141708374,0.0005,146.96567368507385
6695,44,73,851671,128,0.27759552001953125,0.27759552001953125,0.8306185007095337,0.0005,146.9835205078125
6696,44,74,851799,128,0.27103108167648315,0.27103108167648315,1.2030720710754395,0.0005,147.0009880065918
6697,44,75,851927,128,0.20536212623119354,0.20536212623119354,0.9893316626548767,0.0005,147.01870107650757
6698,44,76,852055,128,0.37679725885391235,0.37679725885391235,1.0993260145187378,0.0005,147.0367510318756
6699,44,77,852183,128,0.32072964310646057,0.32072964310646057,1.503564715385437,0.0005,147.05453610420227
6700,44,78,852311,128,0.27337512373924255,0.27337512373924255,1.1842893362045288,0.0005,147.07229709625244
6701,44,79,852439,128,0.2395917773246765,0.2395917773246765,0.7918228507041931,0.0005,147.09001684188843
6702,44,80,852567,128,0.2050941288471222,0.2050941288471222,0.9505367279052734,0.0005,147.1082215309143
6703,44,81,852695,128,0.220754012465477,0.220754012465477,0.9018190503120422,0.0005,147.125901222229
6704,44,82,852823,128,0.31992092728614807,0.31992092728614807,1.11809241771698,0.0005,147.1432445049286
6705,44,83,852951,128,0.23923258483409882,0.23923258483409882,0.8457590937614441,0.0005,147.16056776046753
6706,44,84,853079,128,0.3207429349422455,0.3207429349422455,1.148153305053711,0.0005,147.17795944213867
6707,44,85,853207,128,0.20005901157855988,0.20005901157855988,0.8603907227516174,0.0005,147.19569849967957
6708,44,86,853335,128,0.2502245306968689,0.2502245306968689,1.1015005111694336,0.0005,147.21333837509155
6709,44,87,853463,128,0.37928664684295654,0.37928664684295654,0.9435449242591858,0.0005,147.2312250137329
6710,44,88,853591,128,0.5428488254547119,0.5428488254547119,1.4751356840133667,0.0005,147.24875330924988
6711,44,89,853719,128,0.2615916430950165,0.2615916430950165,1.4679136276245117,0.0005,147.26629972457886
6712,44,90,853847,128,0.25504302978515625,0.25504302978515625,0.877117931842804,0.0005,147.28394675254822
6713,44,91,853975,128,0.31803470849990845,0.31803470849990845,1.2436686754226685,0.0005,147.30211782455444
6714,44,92,854103,128,0.2874665856361389,0.2874665856361389,1.0752208232879639,0.0005,147.31992506980896
6715,44,93,854231,128,0.30606138706207275,0.30606138706207275,0.9390283226966858,0.0005,147.33735251426697
6716,44,94,854359,128,0.3091278076171875,0.3091278076171875,1.402212381362915,0.0005,147.35497665405273
6717,44,95,854487,128,0.4137023687362671,0.4137023687362671,0.7709804177284241,0.0005,147.37312722206116
6718,44,96,854615,128,0.3196457028388977,0.3196457028388977,1.1144306659698486,0.0005,147.39095067977905
6719,44,97,854743,128,0.2385309338569641,0.2385309338569641,1.0831172466278076,0.0005,147.40872764587402
6720,44,98,854871,128,0.4152027666568756,0.4152027666568756,0.8958499431610107,0.0005,147.42622685432434
6721,44,99,854999,128,0.31340107321739197,0.31340107321739197,0.8741780519485474,0.0005,147.44413900375366
6722,44,100,855127,128,0.3004109263420105,0.3004109263420105,1.1710095405578613,0.0005,147.461660861969
6723,44,101,855255,128,0.3515079915523529,0.3515079915523529,1.1022502183914185,0.0005,147.47934865951538
6724,44,102,855383,128,0.2289518564939499,0.2289518564939499,1.2532249689102173,0.0005,147.49719047546387
6725,44,103,855511,128,0.2427709549665451,0.2427709549665451,1.0433272123336792,0.0005,147.5150716304779
6726,44,104,855639,128,0.2282775193452835,0.2282775193452835,0.9717745184898376,0.0005,147.53252744674683
6727,44,105,855767,128,0.21474003791809082,0.21474003791809082,1.0170830488204956,0.0005,147.55014371871948
6728,44,106,855895,128,0.34753555059432983,0.34753555059432983,1.2168298959732056,0.0005,147.56794381141663
6729,44,107,856023,128,0.38611900806427,0.38611900806427,0.7638245224952698,0.0005,147.58563089370728
6730,44,108,856151,128,0.3284963071346283,0.3284963071346283,1.033787488937378,0.0005,147.60331439971924
6731,44,109,856279,128,0.24560092389583588,0.24560092389583588,0.8182944655418396,0.0005,147.62096667289734
6732,44,110,856407,128,0.2849894165992737,0.2849894165992737,1.138952612876892,0.0005,147.63919830322266
6733,44,111,856535,128,0.14948546886444092,0.14948546886444092,0.9798142910003662,0.0005,147.656973361969
6734,44,112,856663,128,0.3367946445941925,0.3367946445941925,0.9515975117683411,0.0005,147.67450189590454
6735,44,113,856791,128,0.3560238480567932,0.3560238480567932,0.9318594336509705,0.0005,147.69198560714722
6736,44,114,856919,128,0.40404242277145386,0.40404242277145386,0.7990836501121521,0.0005,147.70976662635803
6737,44,115,857047,128,0.25424981117248535,0.25424981117248535,1.3210347890853882,0.0005,147.72713041305542
6738,44,116,857175,128,0.3141399025917053,0.3141399025917053,1.0752114057540894,0.0005,147.74423456192017
6739,44,117,857303,128,0.31477782130241394,0.31477782130241394,1.1590874195098877,0.0005,147.76176929473877
6740,44,118,857431,128,0.29262468218803406,0.29262468218803406,1.278916835784912,0.0005,147.77949142456055
6741,44,119,857559,128,0.27262893319129944,0.27262893319129944,0.8191618919372559,0.0005,147.79681181907654
6742,44,120,857687,128,0.31773796677589417,0.31773796677589417,1.00141179561615,0.0005,147.81418561935425
6743,44,121,857815,128,0.2817358076572418,0.2817358076572418,1.0581178665161133,0.0005,147.8319272994995
6744,44,122,857943,128,0.1980433613061905,0.1980433613061905,0.887485146522522,0.0005,147.85009169578552
6745,44,123,858071,128,0.22921115159988403,0.22921115159988403,1.4568878412246704,0.0005,147.86777997016907
6746,44,124,858199,128,0.25137072801589966,0.25137072801589966,0.8915672898292542,0.0005,147.88513231277466
6747,44,125,858327,128,0.2591347098350525,0.2591347098350525,1.0874749422073364,0.0005,147.9028103351593
6748,44,126,858455,128,0.22901293635368347,0.22901293635368347,1.1498788595199585,0.0005,147.92039322853088
6749,44,127,858583,128,0.26555177569389343,0.26555177569389343,0.853624165058136,0.0005,147.93757224082947
6750,44,128,858711,128,0.36748015880584717,0.36748015880584717,1.2593646049499512,0.0005,147.95504689216614
6751,44,129,858839,128,0.23852376639842987,0.23852376639842987,0.9777787327766418,0.0005,147.97291350364685
6752,44,130,858967,128,0.3849133253097534,0.3849133253097534,1.3811713457107544,0.0005,147.9904363155365
6753,44,131,859095,128,0.4332353174686432,0.4332353174686432,1.2401658296585083,0.0005,148.00786352157593
6754,44,132,859223,128,0.3435518145561218,0.3435518145561218,1.0295623540878296,0.0005,148.0252890586853
6755,44,133,859351,128,0.3007625937461853,0.3007625937461853,1.1001381874084473,0.0005,148.04296016693115
6756,44,134,859479,128,0.24993297457695007,0.24993297457695007,0.8307539224624634,0.0005,148.06068992614746
6757,44,135,859607,128,0.3664834499359131,0.3664834499359131,1.1788523197174072,0.0005,148.07841396331787
6758,44,136,859735,128,0.22363978624343872,0.22363978624343872,0.820787250995636,0.0005,148.09584379196167
6759,44,137,859863,128,0.22764457762241364,0.22764457762241364,1.2245805263519287,0.0005,148.11332631111145
6760,44,138,859991,128,0.24969394505023956,0.24969394505023956,0.979572594165802,0.0005,148.1304633617401
6761,44,139,860119,128,0.2804003357887268,0.2804003357887268,1.0113170146942139,0.0005,148.14789581298828
6762,44,140,860247,128,0.24846632778644562,0.24846632778644562,1.3944557905197144,0.0005,148.16588521003723
6763,44,141,860375,128,0.3047378957271576,0.3047378957271576,1.1031887531280518,0.0005,148.18342971801758
6764,44,142,860503,128,0.3107496201992035,0.3107496201992035,1.362472414970398,0.0005,148.20099186897278
6765,44,143,860631,128,0.2869403660297394,0.2869403660297394,0.9749711155891418,0.0005,148.2184543609619
6766,44,144,860759,128,0.29064422845840454,0.29064422845840454,0.9917944669723511,0.0005,148.23671078681946
6767,44,145,860887,128,0.22103221714496613,0.22103221714496613,1.3538864850997925,0.0005,148.25466966629028
6768,44,146,861015,128,0.2516191303730011,0.2516191303730011,1.4043071269989014,0.0005,148.2723093032837
6769,44,147,861143,128,0.1943112462759018,0.1943112462759018,0.8816645741462708,0.0005,148.29001474380493
6770,44,148,861271,128,0.29865455627441406,0.29865455627441406,1.0821253061294556,0.0005,148.3084111213684
6771,44,149,861399,128,0.3015313744544983,0.3015313744544983,1.1947925090789795,0.0005,148.3262701034546
6772,44,150,861527,128,0.20784762501716614,0.20784762501716614,0.8737992644309998,0.0005,148.34378385543823
6773,44,151,861655,128,0.2881114184856415,0.2881114184856415,1.18947172164917,0.0005,148.3611934185028
6774,44,152,861783,128,0.2830980718135834,0.2830980718135834,0.9390218257904053,0.0005,148.37867665290833
6775,44,153,861911,128,0.2317972481250763,0.2317972481250763,1.1106711626052856,0.0005,148.39610505104065
6776,44,154,861916,5,0.17842377722263336,0.17842377722263336,0.44474390149116516,0.0005,148.39876699447632
6777,45,1,862044,128,0.2407533824443817,0.2407533824443817,0.9877988696098328,0.0005,149.08892226219177
6778,45,2,862172,128,0.24542096257209778,0.24542096257209778,0.8641859889030457,0.0005,149.10682797431946
6779,45,3,862300,128,0.25757119059562683,0.25757119059562683,1.4279131889343262,0.0005,149.1245448589325
6780,45,4,862428,128,0.2723913788795471,0.2723913788795471,1.0234426259994507,0.0005,149.14198112487793
6781,45,5,862556,128,0.4353295862674713,0.4353295862674713,1.1651620864868164,0.0005,149.1595606803894
6782,45,6,862684,128,0.28175222873687744,0.28175222873687744,0.9187526702880859,0.0005,149.17761993408203
6783,45,7,862812,128,0.4025050699710846,0.4025050699710846,1.372624158859253,0.0005,149.19525790214539
6784,45,8,862940,128,0.3405364453792572,0.3405364453792572,1.1488350629806519,0.0005,149.21248388290405
6785,45,9,863068,128,0.24136294424533844,0.24136294424533844,1.2536568641662598,0.0005,149.23005270957947
6786,45,10,863196,128,0.2831415832042694,0.2831415832042694,1.0953842401504517,0.0005,149.24828100204468
6787,45,11,863324,128,0.2938370406627655,0.2938370406627655,0.8391782641410828,0.0005,149.265939950943
6788,45,12,863452,128,0.2810083031654358,0.2810083031654358,1.3243130445480347,0.0005,149.2834713459015
6789,45,13,863580,128,0.25530707836151123,0.25530707836151123,1.191258192062378,0.0005,149.3021740913391
6790,45,14,863708,128,0.2845403254032135,0.2845403254032135,0.6582015752792358,0.0005,149.3211612701416
6791,45,15,863836,128,0.49821531772613525,0.49821531772613525,0.9547756314277649,0.0005,149.33867502212524
6792,45,16,863964,128,0.31941261887550354,0.31941261887550354,0.8177908062934875,0.0005,149.3562262058258
6793,45,17,864092,128,0.2915441393852234,0.2915441393852234,1.3505275249481201,0.0005,149.37418484687805
6794,45,18,864220,128,0.2658582329750061,0.2658582329750061,1.1100565195083618,0.0005,149.39214396476746
6795,45,19,864348,128,0.3131181597709656,0.3131181597709656,0.7600723505020142,0.0005,149.40989637374878
6796,45,20,864476,128,0.4972318112850189,0.4972318112850189,1.18446683883667,0.0005,149.42759346961975
6797,45,21,864604,128,0.2117767632007599,0.2117767632007599,1.0832717418670654,0.0005,149.44594430923462
6798,45,22,864732,128,0.31064286828041077,0.31064286828041077,1.2011171579360962,0.0005,149.46392941474915
6799,45,23,864860,128,0.2222083956003189,0.2222083956003189,0.8813355565071106,0.0005,149.4815058708191
6800,45,24,864988,128,0.4192269444465637,0.4192269444465637,1.3505027294158936,0.0005,149.49930787086487
6801,45,25,865116,128,0.3543744683265686,0.3543744683265686,1.1039406061172485,0.0005,149.5171775817871
6802,45,26,865244,128,0.18793325126171112,0.18793325126171112,0.9039589762687683,0.0005,149.5346918106079
6803,45,27,865372,128,0.2123176008462906,0.2123176008462906,1.1098076105117798,0.0005,149.55237340927124
6804,45,28,865500,128,0.21286123991012573,0.21286123991012573,1.2796705961227417,0.0005,149.57039284706116
6805,45,29,865628,128,0.27745112776756287,0.27745112776756287,1.1145226955413818,0.0005,149.58785462379456
6806,45,30,865756,128,0.2516099810600281,0.2516099810600281,1.1819425821304321,0.0005,149.60516595840454
6807,45,31,865884,128,0.3547491431236267,0.3547491431236267,1.3562320470809937,0.0005,149.6226246356964
6808,45,32,866012,128,0.24946480989456177,0.24946480989456177,1.045007348060608,0.0005,149.64079570770264
6809,45,33,866140,128,0.3270408809185028,0.3270408809185028,0.9919928312301636,0.0005,149.6582658290863
6810,45,34,866268,128,0.323129802942276,0.323129802942276,0.8364076018333435,0.0005,149.67563104629517
6811,45,35,866396,128,0.31825217604637146,0.31825217604637146,1.4184272289276123,0.0005,149.69302940368652
6812,45,36,866524,128,0.3736114501953125,0.3736114501953125,1.0494160652160645,0.0005,149.710613489151
6813,45,37,866652,128,0.21299277245998383,0.21299277245998383,0.8621657490730286,0.0005,149.727783203125
6814,45,38,866780,128,0.2711012661457062,0.2711012661457062,0.8765314817428589,0.0005,149.74483966827393
6815,45,39,866908,128,0.22188159823417664,0.22188159823417664,1.0090053081512451,0.0005,149.76181030273438
6816,45,40,867036,128,0.3121304512023926,0.3121304512023926,0.9641242623329163,0.0005,149.77946162223816
6817,45,41,867164,128,0.36666133999824524,0.36666133999824524,0.9287735223770142,0.0005,149.79696083068848
6818,45,42,867292,128,0.2322617918252945,0.2322617918252945,1.430426836013794,0.0005,149.81414127349854
6819,45,43,867420,128,0.4508568048477173,0.4508568048477173,1.0294984579086304,0.0005,149.83171939849854
6820,45,44,867548,128,0.28590506315231323,0.28590506315231323,1.010607123374939,0.0005,149.8496105670929
6821,45,45,867676,128,0.3453567326068878,0.3453567326068878,1.1995223760604858,0.0005,149.8670210838318
6822,45,46,867804,128,0.3353954255580902,0.3353954255580902,1.4578100442886353,0.0005,149.8843195438385
6823,45,47,867932,128,0.2806444466114044,0.2806444466114044,1.0679069757461548,0.0005,149.90166854858398
6824,45,48,868060,128,0.2844216525554657,0.2844216525554657,1.6192712783813477,0.0005,149.919291973114
6825,45,49,868188,128,0.25620201230049133,0.25620201230049133,1.2333663702011108,0.0005,149.93672943115234
6826,45,50,868316,128,0.2913501262664795,0.2913501262664795,0.7959433197975159,0.0005,149.95419931411743
6827,45,51,868444,128,0.22116103768348694,0.22116103768348694,0.8665360808372498,0.0005,149.97191667556763
6828,45,52,868572,128,0.27691206336021423,0.27691206336021423,0.7267071604728699,0.0005,149.98919248580933
6829,45,53,868700,128,0.32680851221084595,0.32680851221084595,1.1089038848876953,0.0005,150.0064024925232
6830,45,54,868828,128,0.22802847623825073,0.22802847623825073,0.9229328632354736,0.0005,150.02351474761963
6831,45,55,868956,128,0.2687399089336395,0.2687399089336395,1.230621337890625,0.0005,150.04127526283264
6832,45,56,869084,128,0.26670560240745544,0.26670560240745544,1.3184106349945068,0.0005,150.05877804756165
6833,45,57,869212,128,0.176222562789917,0.176222562789917,0.9449240565299988,0.0005,150.07600593566895
6834,45,58,869340,128,0.2637362480163574,0.2637362480163574,1.3474550247192383,0.0005,150.09307169914246
6835,45,59,869468,128,0.3620562255382538,0.3620562255382538,0.9839707612991333,0.0005,150.110604763031
6836,45,60,869596,128,0.23553352057933807,0.23553352057933807,0.940761923789978,0.0005,150.12769174575806
6837,45,61,869724,128,0.2720043957233429,0.2720043957233429,1.0199860334396362,0.0005,150.14525365829468
6838,45,62,869852,128,0.21297907829284668,0.21297907829284668,0.9132901430130005,0.0005,150.16262483596802
6839,45,63,869980,128,0.415926456451416,0.415926456451416,0.9887942671775818,0.0005,150.18069219589233
6840,45,64,870108,128,0.31395167112350464,0.31395167112350464,1.3295927047729492,0.0005,150.19824314117432
6841,45,65,870236,128,0.2051854133605957,0.2051854133605957,1.0112264156341553,0.0005,150.21573281288147
6842,45,66,870364,128,0.30439749360084534,0.30439749360084534,1.307079553604126,0.0005,150.23333859443665
6843,45,67,870492,128,0.3447628319263458,0.3447628319263458,1.2698934078216553,0.0005,150.2516372203827
6844,45,68,870620,128,0.22363784909248352,0.22363784909248352,0.8354547619819641,0.0005,150.26946759223938
6845,45,69,870748,128,0.2795277535915375,0.2795277535915375,0.9160478115081787,0.0005,150.2870774269104
6846,45,70,870876,128,0.3291008174419403,0.3291008174419403,0.8752517700195312,0.0005,150.30508422851562
6847,45,71,871004,128,0.24394430220127106,0.24394430220127106,1.251638412475586,0.0005,150.32296633720398
6848,45,72,871132,128,0.26147231459617615,0.26147231459617615,1.1608736515045166,0.0005,150.34055876731873
6849,45,73,871260,128,0.15555286407470703,0.15555286407470703,1.0637785196304321,0.0005,150.35834383964539
6850,45,74,871388,128,0.2966572046279907,0.2966572046279907,1.005346417427063,0.0005,150.37626600265503
6851,45,75,871516,128,0.25737467408180237,0.25737467408180237,1.0889043807983398,0.0005,150.39394211769104
6852,45,76,871644,128,0.2120000720024109,0.2120000720024109,0.9485101699829102,0.0005,150.41157937049866
6853,45,77,871772,128,0.29371702671051025,0.29371702671051025,1.273852825164795,0.0005,150.42922115325928
6854,45,78,871900,128,0.2391623705625534,0.2391623705625534,1.1643201112747192,0.0005,150.44718837738037
6855,45,79,872028,128,0.24071836471557617,0.24071836471557617,1.023797631263733,0.0005,150.46511030197144
6856,45,80,872156,128,0.22547203302383423,0.22547203302383423,1.2590588331222534,0.0005,150.48239850997925
6857,45,81,872284,128,0.25030243396759033,0.25030243396759033,1.1142281293869019,0.0005,150.49990010261536
6858,45,82,872412,128,0.23155799508094788,0.23155799508094788,0.8546407222747803,0.0005,150.5176751613617
6859,45,83,872540,128,0.20328539609909058,0.20328539609909058,1.2460803985595703,0.0005,150.53522944450378
6860,45,84,872668,128,0.2318284809589386,0.2318284809589386,0.9630348682403564,0.0005,150.55262994766235
6861,45,85,872796,128,0.2551891505718231,0.2551891505718231,1.2367603778839111,0.0005,150.5704779624939
6862,45,86,872924,128,0.3091390132904053,0.3091390132904053,1.5668113231658936,0.0005,150.58814144134521
6863,45,87,873052,128,0.32644912600517273,0.32644912600517273,0.8257145285606384,0.0005,150.60558676719666
6864,45,88,873180,128,0.2684289216995239,0.2684289216995239,1.037750482559204,0.0005,150.62337017059326
6865,45,89,873308,128,0.4204278588294983,0.4204278588294983,1.079038143157959,0.0005,150.6428999900818
6866,45,90,873436,128,0.2710615396499634,0.2710615396499634,0.966122031211853,0.0005,150.66036224365234
6867,45,91,873564,128,0.21475562453269958,0.21475562453269958,1.121857762336731,0.0005,150.6778371334076
6868,45,92,873692,128,0.31458568572998047,0.31458568572998047,1.1700409650802612,0.0005,150.6950786113739
6869,45,93,873820,128,0.33742475509643555,0.33742475509643555,1.1114962100982666,0.0005,150.71261072158813
6870,45,94,873948,128,0.26584288477897644,0.26584288477897644,1.3546772003173828,0.0005,150.72980523109436
6871,45,95,874076,128,0.3430832624435425,0.3430832624435425,1.1618824005126953,0.0005,150.74692630767822
6872,45,96,874204,128,0.29476305842399597,0.29476305842399597,0.9917390942573547,0.0005,150.76442313194275
6873,45,97,874332,128,0.25457674264907837,0.25457674264907837,1.1236847639083862,0.0005,150.7818043231964
6874,45,98,874460,128,0.310546875,0.310546875,1.020735263824463,0.0005,150.79904699325562
6875,45,99,874588,128,0.35465008020401,0.35465008020401,1.0518178939819336,0.0005,150.8163480758667
6876,45,100,874716,128,0.23322956264019012,0.23322956264019012,0.9416264295578003,0.0005,150.83357334136963
6877,45,101,874844,128,0.31626737117767334,0.31626737117767334,0.9025627970695496,0.0005,150.8509659767151
6878,45,102,874972,128,0.2556397318840027,0.2556397318840027,0.919066309928894,0.0005,150.86825466156006
6879,45,103,875100,128,0.33413055539131165,0.33413055539131165,1.0406838655471802,0.0005,150.88557076454163
6880,45,104,875228,128,0.28614214062690735,0.28614214062690735,1.1867820024490356,0.0005,150.90289878845215
6881,45,105,875356,128,0.2805151045322418,0.2805151045322418,1.3904190063476562,0.0005,150.92022967338562
6882,45,106,875484,128,0.2597441077232361,0.2597441077232361,1.3657643795013428,0.0005,150.9375364780426
6883,45,107,875612,128,0.27728068828582764,0.27728068828582764,1.251354694366455,0.0005,150.95461750030518
6884,45,108,875740,128,0.20679110288619995,0.20679110288619995,0.8908481001853943,0.0005,150.97206354141235
6885,45,109,875868,128,0.2450496256351471,0.2450496256351471,0.7405443787574768,0.0005,150.98940873146057
6886,45,110,875996,128,0.35145628452301025,0.35145628452301025,1.3605602979660034,0.0005,151.0067412853241
6887,45,111,876124,128,0.26114463806152344,0.26114463806152344,0.8023542761802673,0.0005,151.02393174171448
6888,45,112,876252,128,0.218965083360672,0.218965083360672,0.7611764669418335,0.0005,151.04161262512207
6889,45,113,876380,128,0.40132060647010803,0.40132060647010803,1.3345307111740112,0.0005,151.05904507637024
6890,45,114,876508,128,0.23338136076927185,0.23338136076927185,1.0962955951690674,0.0005,151.07635474205017
6891,45,115,876636,128,0.47239959239959717,0.47239959239959717,1.0088574886322021,0.0005,151.09361386299133
6892,45,116,876764,128,0.2993646264076233,0.2993646264076233,0.9218522310256958,0.0005,151.11138606071472
6893,45,117,876892,128,0.2760636508464813,0.2760636508464813,0.825912356376648,0.0005,151.12875652313232
6894,45,118,877020,128,0.2684159576892853,0.2684159576892853,0.9124047160148621,0.0005,151.1460154056549
6895,45,119,877148,128,0.3187640607357025,0.3187640607357025,1.1305322647094727,0.0005,151.16375279426575
6896,45,120,877276,128,0.25682103633880615,0.25682103633880615,1.4305551052093506,0.0005,151.18189787864685
6897,45,121,877404,128,0.3015122413635254,0.3015122413635254,1.1528568267822266,0.0005,151.19981503486633
6898,45,122,877532,128,0.20098456740379333,0.20098456740379333,0.8699770569801331,0.0005,151.21752905845642
6899,45,123,877660,128,0.23016765713691711,0.23016765713691711,0.9102693796157837,0.0005,151.23489332199097
6900,45,124,877788,128,0.27833473682403564,0.27833473682403564,1.5930917263031006,0.0005,151.2522211074829
6901,45,125,877916,128,0.2417692095041275,0.2417692095041275,1.33880615234375,0.0005,151.26960396766663
6902,45,126,878044,128,0.32313358783721924,0.32313358783721924,1.1102951765060425,0.0005,151.2869131565094
6903,45,127,878172,128,0.3361146152019501,0.3361146152019501,1.0982911586761475,0.0005,151.30482745170593
6904,45,128,878300,128,0.26830995082855225,0.26830995082855225,1.117149829864502,0.0005,151.32254123687744
6905,45,129,878428,128,0.3193519115447998,0.3193519115447998,1.0965737104415894,0.0005,151.34023904800415
6906,45,130,878556,128,0.31910285353660583,0.31910285353660583,1.352469563484192,0.0005,151.35788583755493
6907,45,131,878684,128,0.2300843596458435,0.2300843596458435,0.9116846919059753,0.0005,151.37562108039856
6908,45,132,878812,128,0.20560790598392487,0.20560790598392487,1.1741176843643188,0.0005,151.39313578605652
6909,45,133,878940,128,0.22353637218475342,0.22353637218475342,0.9200350046157837,0.0005,151.41056108474731
6910,45,134,879068,128,0.28655925393104553,0.28655925393104553,1.0017181634902954,0.0005,151.4277093410492
6911,45,135,879196,128,0.29798418283462524,0.29798418283462524,1.2407718896865845,0.0005,151.44519448280334
6912,45,136,879324,128,0.30743420124053955,0.30743420124053955,0.8452990055084229,0.0005,151.46243500709534
6913,45,137,879452,128,0.18773391842842102,0.18773391842842102,0.7900007367134094,0.0005,151.47981309890747
6914,45,138,879580,128,0.41101187467575073,0.41101187467575073,1.4197620153427124,0.0005,151.49709939956665
6915,45,139,879708,128,0.2321847826242447,0.2321847826242447,0.9537714123725891,0.0005,151.51488590240479
6916,45,140,879836,128,0.18808189034461975,0.18808189034461975,1.0474400520324707,0.0005,151.53228569030762
6917,45,141,879964,128,0.29755231738090515,0.29755231738090515,0.722419261932373,0.0005,151.54975628852844
6918,45,142,880092,128,0.1710893213748932,0.1710893213748932,1.3584413528442383,0.0005,151.56730580329895
6919,45,143,880220,128,0.2542833983898163,0.2542833983898163,1.028021216392517,0.0005,151.58529210090637
6920,45,144,880348,128,0.370243638753891,0.370243638753891,1.1156936883926392,0.0005,151.60275220870972
6921,45,145,880476,128,0.24878539144992828,0.24878539144992828,1.3168597221374512,0.0005,151.6202609539032
6922,45,146,880604,128,0.23876115679740906,0.23876115679740906,1.0336648225784302,0.0005,151.6379907131195
6923,45,147,880732,128,0.26456335186958313,0.26456335186958313,1.3443894386291504,0.0005,151.6557958126068
6924,45,148,880860,128,0.30093127489089966,0.30093127489089966,1.1827337741851807,0.0005,151.67357540130615
6925,45,149,880988,128,0.4147639870643616,0.4147639870643616,0.7244995832443237,0.0005,151.69117283821106
6926,45,150,881116,128,0.4337575435638428,0.4337575435638428,1.054287314414978,0.0005,151.70898485183716
6927,45,151,881244,128,0.3758261799812317,0.3758261799812317,0.8618597388267517,0.0005,151.72664999961853
6928,45,152,881372,128,0.316749632358551,0.316749632358551,0.9710160493850708,0.0005,151.74415969848633
6929,45,153,881500,128,0.27322646975517273,0.27322646975517273,1.382642149925232,0.0005,151.76158237457275
6930,45,154,881505,5,0.3851936161518097,0.3851936161518097,6.021017074584961,0.0005,151.76433801651
6931,46,1,881633,128,0.1992366760969162,0.1992366760969162,0.805265486240387,0.00025,152.45811557769775
6932,46,2,881761,128,0.33710724115371704,0.33710724115371704,0.8587905168533325,0.00025,152.47581934928894
6933,46,3,881889,128,0.3643728494644165,0.3643728494644165,0.8768046498298645,0.00025,152.4935703277588
6934,46,4,882017,128,0.2625870406627655,0.2625870406627655,1.120117425918579,0.00025,152.5115818977356
6935,46,5,882145,128,0.3917544186115265,0.3917544186115265,0.984886109828949,0.00025,152.52931880950928
6936,46,6,882273,128,0.26478227972984314,0.26478227972984314,1.0990945100784302,0.00025,152.54655694961548
6937,46,7,882401,128,0.40286120772361755,0.40286120772361755,1.1554896831512451,0.00025,152.5639727115631
6938,46,8,882529,128,0.26823553442955017,0.26823553442955017,1.3524489402770996,0.00025,152.58178782463074
6939,46,9,882657,128,0.23672820627689362,0.23672820627689362,1.045385718345642,0.00025,152.59950947761536
6940,46,10,882785,128,0.21841348707675934,0.21841348707675934,0.9015222191810608,0.00025,152.61724615097046
6941,46,11,882913,128,0.2545238733291626,0.2545238733291626,1.097579836845398,0.00025,152.63473629951477
6942,46,12,883041,128,0.2721449136734009,0.2721449136734009,0.9385508298873901,0.00025,152.65276861190796
6943,46,13,883169,128,0.23642084002494812,0.23642084002494812,0.8149414658546448,0.00025,152.6705424785614
6944,46,14,883297,128,0.2862548530101776,0.2862548530101776,0.838547945022583,0.00025,152.6878571510315
6945,46,15,883425,128,0.20577315986156464,0.20577315986156464,1.051286220550537,0.00025,152.70531249046326
6946,46,16,883553,128,0.26409652829170227,0.26409652829170227,1.056381344795227,0.00025,152.7232666015625
6947,46,17,883681,128,0.39318200945854187,0.39318200945854187,1.1976228952407837,0.00025,152.74076652526855
6948,46,18,883809,128,0.2375200241804123,0.2375200241804123,1.0479512214660645,0.00025,152.7580122947693
6949,46,19,883937,128,0.24222983419895172,0.24222983419895172,0.750778317451477,0.00025,152.7758584022522
6950,46,20,884065,128,0.19800029695034027,0.19800029695034027,0.8176751136779785,0.00025,152.79350185394287
6951,46,21,884193,128,0.3829791843891144,0.3829791843891144,1.5303987264633179,0.00025,152.81114077568054
6952,46,22,884321,128,0.29238462448120117,0.29238462448120117,1.1623553037643433,0.00025,152.82870626449585
6953,46,23,884449,128,0.3658871054649353,0.3658871054649353,1.302667498588562,0.00025,152.8466169834137
6954,46,24,884577,128,0.4449874758720398,0.4449874758720398,1.1512360572814941,0.00025,152.86401391029358
6955,46,25,884705,128,0.3616885244846344,0.3616885244846344,0.9729340672492981,0.00025,152.8813796043396
6956,46,26,884833,128,0.22974833846092224,0.22974833846092224,1.4887372255325317,0.00025,152.89885997772217
6957,46,27,884961,128,0.22704853117465973,0.22704853117465973,0.7587975859642029,0.00025,152.91698956489563
6958,46,28,885089,128,0.17960959672927856,0.17960959672927856,1.0223140716552734,0.00025,152.93458318710327
6959,46,29,885217,128,0.29132017493247986,0.29132017493247986,1.3700966835021973,0.00025,152.95206809043884
6960,46,30,885345,128,0.27512216567993164,0.27512216567993164,0.9062502384185791,0.00025,152.96934747695923
6961,46,31,885473,128,0.39991751313209534,0.39991751313209534,0.8509318232536316,0.00025,152.98730397224426
6962,46,32,885601,128,0.16269969940185547,0.16269969940185547,1.3130466938018799,0.00025,153.0049843788147
6963,46,33,885729,128,0.19876481592655182,0.19876481592655182,1.3587113618850708,0.00025,153.02274870872498
6964,46,34,885857,128,0.24461467564105988,0.24461467564105988,1.2214181423187256,0.00025,153.0404794216156
6965,46,35,885985,128,0.23113451898097992,0.23113451898097992,1.019476294517517,0.00025,153.05825233459473
6966,46,36,886113,128,0.3097333014011383,0.3097333014011383,1.0493075847625732,0.00025,153.0757315158844
6967,46,37,886241,128,0.2689247131347656,0.2689247131347656,0.9726951122283936,0.00025,153.09325075149536
6968,46,38,886369,128,0.19930505752563477,0.19930505752563477,1.373986840248108,0.00025,153.11122679710388
6969,46,39,886497,128,0.160531684756279,0.160531684756279,1.148540735244751,0.00025,153.1288812160492
6970,46,40,886625,128,0.18975621461868286,0.18975621461868286,1.0022516250610352,0.00025,153.1466464996338
6971,46,41,886753,128,0.2194238007068634,0.2194238007068634,0.9149026870727539,0.00025,153.16415143013
6972,46,42,886881,128,0.4299015700817108,0.4299015700817108,1.3594261407852173,0.00025,153.1820137500763
6973,46,43,887009,128,0.25972267985343933,0.25972267985343933,0.7555156350135803,0.00025,153.20005798339844
6974,46,44,887137,128,0.24225372076034546,0.24225372076034546,0.7684946656227112,0.00025,153.21777749061584
6975,46,45,887265,128,0.36971569061279297,0.36971569061279297,1.1107069253921509,0.00025,153.2355442047119
6976,46,46,887393,128,0.21248191595077515,0.21248191595077515,0.9353501796722412,0.00025,153.25364089012146
6977,46,47,887521,128,0.22987468540668488,0.22987468540668488,1.1194400787353516,0.00025,153.27147102355957
6978,46,48,887649,128,0.23123785853385925,0.23123785853385925,1.178002119064331,0.00025,153.2890863418579
6979,46,49,887777,128,0.21758496761322021,0.21758496761322021,0.975830078125,0.00025,153.3066816329956
6980,46,50,887905,128,0.27977076172828674,0.27977076172828674,0.8182129263877869,0.00025,153.32414364814758
6981,46,51,888033,128,0.1727534383535385,0.1727534383535385,1.2850931882858276,0.00025,153.34160780906677
6982,46,52,888161,128,0.21932223439216614,0.21932223439216614,1.012342095375061,0.00025,153.3594355583191
6983,46,53,888289,128,0.22908614575862885,0.22908614575862885,1.4441046714782715,0.00025,153.37730836868286
6984,46,54,888417,128,0.22501833736896515,0.22501833736896515,1.1729893684387207,0.00025,153.39491438865662
6985,46,55,888545,128,0.198248952627182,0.198248952627182,1.3560560941696167,0.00025,153.4125235080719
6986,46,56,888673,128,0.1901863068342209,0.1901863068342209,0.7790399193763733,0.00025,153.43009328842163
6987,46,57,888801,128,0.1776534765958786,0.1776534765958786,0.8055329322814941,0.00025,153.4481647014618
6988,46,58,888929,128,0.18141739070415497,0.18141739070415497,1.1125799417495728,0.00025,153.46585035324097
6989,46,59,889057,128,0.201125830411911,0.201125830411911,0.7700476050376892,0.00025,153.48358392715454
6990,46,60,889185,128,0.16681040823459625,0.16681040823459625,0.9716633558273315,0.00025,153.50115966796875
6991,46,61,889313,128,0.2668439447879791,0.2668439447879791,0.6690419316291809,0.00025,153.51931166648865
6992,46,62,889441,128,0.21543994545936584,0.21543994545936584,1.1363731622695923,0.00025,153.53682947158813
6993,46,63,889569,128,0.2865532338619232,0.2865532338619232,1.070835828781128,0.00025,153.55428671836853
6994,46,64,889697,128,0.33978432416915894,0.33978432416915894,1.6848660707473755,0.00025,153.57195663452148
6995,46,65,889825,128,0.19589683413505554,0.19589683413505554,0.9091433882713318,0.00025,153.58994388580322
6996,46,66,889953,128,0.1718617081642151,0.1718617081642151,0.9092042446136475,0.00025,153.6076624393463
6997,46,67,890081,128,0.2976323664188385,0.2976323664188385,1.0382200479507446,0.00025,153.62533807754517
6998,46,68,890209,128,0.2434648871421814,0.2434648871421814,1.3809387683868408,0.00025,153.64303493499756
6999,46,69,890337,128,0.22206847369670868,0.22206847369670868,1.014668583869934,0.00025,153.66065430641174
7000,46,70,890465,128,0.2704907953739166,0.2704907953739166,0.9036663174629211,0.00025,153.6781084537506
7001,46,71,890593,128,0.42221441864967346,0.42221441864967346,1.5267176628112793,0.00025,153.69572401046753
7002,46,72,890721,128,0.28338709473609924,0.28338709473609924,1.022748351097107,0.00025,153.71367383003235
7003,46,73,890849,128,0.24394910037517548,0.24394910037517548,0.8686564564704895,0.00025,153.7314965724945
7004,46,74,890977,128,0.2997523546218872,0.2997523546218872,1.0253896713256836,0.00025,153.74898290634155
7005,46,75,891105,128,0.39884695410728455,0.39884695410728455,0.9659388661384583,0.00025,153.76620388031006
7006,46,76,891233,128,0.2368839979171753,0.2368839979171753,1.4709972143173218,0.00025,153.78414392471313
7007,46,77,891361,128,0.2017173320055008,0.2017173320055008,0.9603429436683655,0.00025,153.8016655445099
7008,46,78,891489,128,0.21216143667697906,0.21216143667697906,1.0607948303222656,0.00025,153.81917786598206
7009,46,79,891617,128,0.39349767565727234,0.39349767565727234,1.2536847591400146,0.00025,153.8368043899536
7010,46,80,891745,128,0.25032922625541687,0.25032922625541687,1.2910137176513672,0.00025,153.85475754737854
7011,46,81,891873,128,0.17608079314231873,0.17608079314231873,1.042006254196167,0.00025,153.87223720550537
7012,46,82,892001,128,0.23159627616405487,0.23159627616405487,1.1785401105880737,0.00025,153.88984155654907
7013,46,83,892129,128,0.16121512651443481,0.16121512651443481,1.0446778535842896,0.00025,153.90747380256653
7014,46,84,892257,128,0.31651604175567627,0.31651604175567627,1.2921761274337769,0.00025,153.9252734184265
7015,46,85,892385,128,0.1763915717601776,0.1763915717601776,0.898847758769989,0.00025,153.94247436523438
7016,46,86,892513,128,0.26556748151779175,0.26556748151779175,1.05409836769104,0.00025,153.9596812725067
7017,46,87,892641,128,0.21438632905483246,0.21438632905483246,1.0253398418426514,0.00025,153.97711610794067
7018,46,88,892769,128,0.22337113320827484,0.22337113320827484,1.0417671203613281,0.00025,153.99446940422058
7019,46,89,892897,128,0.29528379440307617,0.29528379440307617,0.9863713979721069,0.00025,154.01173877716064
7020,46,90,893025,128,0.24455469846725464,0.24455469846725464,1.2270784378051758,0.00025,154.0289430618286
7021,46,91,893153,128,0.29715263843536377,0.29715263843536377,0.7387906312942505,0.00025,154.04670190811157
7022,46,92,893281,128,0.21911580860614777,0.21911580860614777,1.023125171661377,0.00025,154.06432914733887
7023,46,93,893409,128,0.197190523147583,0.197190523147583,1.0869336128234863,0.00025,154.08181834220886
7024,46,94,893537,128,0.19050709903240204,0.19050709903240204,0.9167020916938782,0.00025,154.09981560707092
7025,46,95,893665,128,0.21328642964363098,0.21328642964363098,0.7537320852279663,0.00025,154.11769556999207
7026,46,96,893793,128,0.24432982504367828,0.24432982504367828,0.8453858494758606,0.00025,154.1353554725647
7027,46,97,893921,128,0.20026591420173645,0.20026591420173645,1.064866065979004,0.00025,154.1532199382782
7028,46,98,894049,128,0.2425697147846222,0.2425697147846222,1.0065287351608276,0.00025,154.17080950737
7029,46,99,894177,128,0.24801871180534363,0.24801871180534363,0.9087378978729248,0.00025,154.18872952461243
7030,46,100,894305,128,0.27992621064186096,0.27992621064186096,1.8071702718734741,0.00025,154.20637464523315
7031,46,101,894433,128,0.2180400788784027,0.2180400788784027,1.0197762250900269,0.00025,154.2237458229065
7032,46,102,894561,128,0.2750842869281769,0.2750842869281769,1.177484393119812,0.00025,154.24117183685303
7033,46,103,894689,128,0.21135033667087555,0.21135033667087555,1.2003766298294067,0.00025,154.25840663909912
7034,46,104,894817,128,0.21539337933063507,0.21539337933063507,0.83329176902771,0.00025,154.2755002975464
7035,46,105,894945,128,0.22680236399173737,0.22680236399173737,1.1833173036575317,0.00025,154.29251766204834
7036,46,106,895073,128,0.2478526383638382,0.2478526383638382,1.2969110012054443,0.00025,154.310448884964
7037,46,107,895201,128,0.34093278646469116,0.34093278646469116,0.9762173891067505,0.00025,154.32815742492676
7038,46,108,895329,128,0.22754943370819092,0.22754943370819092,1.555783987045288,0.00025,154.34524297714233
7039,46,109,895457,128,0.29479101300239563,0.29479101300239563,0.9536057710647583,0.00025,154.36296844482422
7040,46,110,895585,128,0.19721479713916779,0.19721479713916779,1.2142599821090698,0.00025,154.38063859939575
7041,46,111,895713,128,0.24017520248889923,0.24017520248889923,1.0279898643493652,0.00025,154.39821577072144
7042,46,112,895841,128,0.23274874687194824,0.23274874687194824,1.3340288400650024,0.00025,154.41566848754883
7043,46,113,895969,128,0.17385059595108032,0.17385059595108032,1.0092506408691406,0.00025,154.433114528656
7044,46,114,896097,128,0.20332974195480347,0.20332974195480347,1.0212714672088623,0.00025,154.45069766044617
7045,46,115,896225,128,0.2226846069097519,0.2226846069097519,0.7417574524879456,0.00025,154.46806049346924
7046,46,116,896353,128,0.19615425169467926,0.19615425169467926,1.600181221961975,0.00025,154.48550605773926
7047,46,117,896481,128,0.2751346230506897,0.2751346230506897,0.8853636980056763,0.00025,154.50281834602356
7048,46,118,896609,128,0.317656546831131,0.317656546831131,1.2658014297485352,0.00025,154.52019047737122
7049,46,119,896737,128,0.33700332045555115,0.33700332045555115,1.3703984022140503,0.00025,154.53759503364563
7050,46,120,896865,128,0.21979904174804688,0.21979904174804688,1.21901273727417,0.00025,154.55468106269836
7051,46,121,896993,128,0.32675474882125854,0.32675474882125854,1.1798547506332397,0.00025,154.57212686538696
7052,46,122,897121,128,0.38461410999298096,0.38461410999298096,0.8413998484611511,0.00025,154.58983397483826
7053,46,123,897249,128,0.7436397671699524,0.7436397671699524,1.0138546228408813,0.00025,154.60702562332153
7054,46,124,897377,128,0.5513052940368652,0.5513052940368652,1.3549323081970215,0.00025,154.6242208480835
7055,46,125,897505,128,0.32290056347846985,0.32290056347846985,1.0146942138671875,0.00025,154.64143991470337
7056,46,126,897633,128,0.5208499431610107,0.5208499431610107,1.0330623388290405,0.00025,154.65900182724
7057,46,127,897761,128,0.38921430706977844,0.38921430706977844,1.362155795097351,0.00025,154.67648339271545
7058,46,128,897889,128,0.40458229184150696,0.40458229184150696,1.2996938228607178,0.00025,154.69373178482056
7059,46,129,898017,128,0.3707216680049896,0.3707216680049896,1.1294609308242798,0.00025,154.71137499809265
7060,46,130,898145,128,0.3799494206905365,0.3799494206905365,1.1334500312805176,0.00025,154.72898650169373
7061,46,131,898273,128,0.3389069437980652,0.3389069437980652,1.262305498123169,0.00025,154.74656534194946
7062,46,132,898401,128,0.24312011897563934,0.24312011897563934,1.1073575019836426,0.00025,154.7641453742981
7063,46,133,898529,128,0.3561079204082489,0.3561079204082489,1.3696963787078857,0.00025,154.78232288360596
7064,46,134,898657,128,0.33951351046562195,0.33951351046562195,0.7215448021888733,0.00025,154.80000615119934
7065,46,135,898785,128,0.23168687522411346,0.23168687522411346,1.188227653503418,0.00025,154.81756806373596
7066,46,136,898913,128,0.21018272638320923,0.21018272638320923,1.0922214984893799,0.00025,154.8350088596344
7067,46,137,899041,128,0.38814932107925415,0.38814932107925415,0.9446854591369629,0.00025,154.8532009124756
7068,46,138,899169,128,0.2923222780227661,0.2923222780227661,1.009703278541565,0.00025,154.8709282875061
7069,46,139,899297,128,0.22402827441692352,0.22402827441692352,0.9657394886016846,0.00025,154.88878512382507
7070,46,140,899425,128,0.2202044278383255,0.2202044278383255,1.0014026165008545,0.00025,154.90629076957703
7071,46,141,899553,128,0.39031723141670227,0.39031723141670227,1.037736415863037,0.00025,154.92434167861938
7072,46,142,899681,128,0.18694381415843964,0.18694381415843964,0.9950660467147827,0.00025,154.94179391860962
7073,46,143,899809,128,0.29315420985221863,0.29315420985221863,1.403425931930542,0.00025,154.9594326019287
7074,46,144,899937,128,0.22749543190002441,0.22749543190002441,1.1577266454696655,0.00025,154.97698760032654
7075,46,145,900065,128,0.2578635811805725,0.2578635811805725,1.0537086725234985,0.00025,154.99443984031677
7076,46,146,900193,128,0.21862930059432983,0.21862930059432983,1.1709026098251343,0.00025,155.01188111305237
7077,46,147,900321,128,0.24370139837265015,0.24370139837265015,1.3328418731689453,0.00025,155.02926969528198
7078,46,148,900449,128,0.20185504853725433,0.20185504853725433,1.1127351522445679,0.00025,155.04705500602722
7079,46,149,900577,128,0.23922036588191986,0.23922036588191986,1.0247877836227417,0.00025,155.06477403640747
7080,46,150,900705,128,0.43686941266059875,0.43686941266059875,1.4071956872940063,0.00025,155.0826952457428
7081,46,151,900833,128,0.2375115603208542,0.2375115603208542,1.02994704246521,0.00025,155.10034894943237
7082,46,152,900961,128,0.2188495248556137,0.2188495248556137,1.2966245412826538,0.00025,155.118488073349
7083,46,153,901089,128,0.2582080066204071,0.2582080066204071,0.9428731799125671,0.00025,155.13601779937744
7084,46,154,901094,5,0.03457844629883766,0.03457844629883766,0.30485087633132935,0.00025,155.13864970207214
7085,47,1,901222,128,0.24384787678718567,0.24384787678718567,1.0381784439086914,0.00025,155.8255796432495
7086,47,2,901350,128,0.19633238017559052,0.19633238017559052,0.8880191445350647,0.00025,155.8425920009613
7087,47,3,901478,128,0.26755237579345703,0.26755237579345703,1.062839150428772,0.00025,155.85963344573975
7088,47,4,901606,128,0.19192180037498474,0.19192180037498474,1.1474560499191284,0.00025,155.87658429145813
7089,47,5,901734,128,0.16072896122932434,0.16072896122932434,0.9256237149238586,0.00025,155.89360308647156
7090,47,6,901862,128,0.2137889266014099,0.2137889266014099,1.532488226890564,0.00025,155.91030859947205
7091,47,7,901990,128,0.17716239392757416,0.17716239392757416,1.2190699577331543,0.00025,155.92776012420654
7092,47,8,902118,128,0.22307124733924866,0.22307124733924866,0.9052297472953796,0.00025,155.94475603103638
7093,47,9,902246,128,0.21216651797294617,0.21216651797294617,1.0169752836227417,0.00025,155.9617898464203
7094,47,10,902374,128,0.46899569034576416,0.46899569034576416,1.3071967363357544,0.00025,155.97940707206726
7095,47,11,902502,128,0.31034818291664124,0.31034818291664124,1.8545217514038086,0.00025,155.9968557357788
7096,47,12,902630,128,0.3353114128112793,0.3353114128112793,0.9872578382492065,0.00025,156.01449942588806
7097,47,13,902758,128,0.2564786374568939,0.2564786374568939,1.076431155204773,0.00025,156.03173184394836
7098,47,14,902886,128,0.31110504269599915,0.31110504269599915,1.3428223133087158,0.00025,156.04956531524658
7099,47,15,903014,128,0.32737022638320923,0.32737022638320923,1.218637466430664,0.00025,156.06746125221252
7100,47,16,903142,128,0.2409781664609909,0.2409781664609909,1.4252880811691284,0.00025,156.08516263961792
7101,47,17,903270,128,0.1982799619436264,0.1982799619436264,1.1658785343170166,0.00025,156.10261368751526
7102,47,18,903398,128,0.24273622035980225,0.24273622035980225,1.404664158821106,0.00025,156.12041640281677
7103,47,19,903526,128,0.2277866154909134,0.2277866154909134,0.9462803602218628,0.00025,156.14031291007996
7104,47,20,903654,128,0.2144889086484909,0.2144889086484909,1.1275594234466553,0.00025,156.15748405456543
7105,47,21,903782,128,0.22838085889816284,0.22838085889816284,1.4865937232971191,0.00025,156.17476320266724
7106,47,22,903910,128,0.19531047344207764,0.19531047344207764,1.488579273223877,0.00025,156.19258880615234
7107,47,23,904038,128,0.22306126356124878,0.22306126356124878,1.1937960386276245,0.00025,156.21013689041138
7108,47,24,904166,128,0.2233184427022934,0.2233184427022934,1.630818486213684,0.00025,156.22759199142456
7109,47,25,904294,128,0.1841021627187729,0.1841021627187729,0.8217800855636597,0.00025,156.24492764472961
7110,47,26,904422,128,0.2352662831544876,0.2352662831544876,0.9585869312286377,0.00025,156.26253128051758
7111,47,27,904550,128,0.21713879704475403,0.21713879704475403,0.8860126733779907,0.00025,156.2800214290619
7112,47,28,904678,128,0.2275875359773636,0.2275875359773636,1.0683388710021973,0.00025,156.29761123657227
7113,47,29,904806,128,0.3119686543941498,0.3119686543941498,1.0740773677825928,0.00025,156.31539940834045
7114,47,30,904934,128,0.2136695384979248,0.2136695384979248,1.0142654180526733,0.00025,156.33297109603882
7115,47,31,905062,128,0.2535116970539093,0.2535116970539093,1.1245441436767578,0.00025,156.35042691230774
7116,47,32,905190,128,0.26566511392593384,0.26566511392593384,0.9192480444908142,0.00025,156.36768627166748
7117,47,33,905318,128,0.2673095762729645,0.2673095762729645,1.1766499280929565,0.00025,156.38538718223572
7118,47,34,905446,128,0.242926687002182,0.242926687002182,0.8161771297454834,0.00025,156.40286707878113
7119,47,35,905574,128,0.35189223289489746,0.35189223289489746,1.1112382411956787,0.00025,156.42045903205872
7120,47,36,905702,128,0.2177993655204773,0.2177993655204773,1.2182904481887817,0.00025,156.43831992149353
7121,47,37,905830,128,0.3075898587703705,0.3075898587703705,0.8715692162513733,0.00025,156.45615339279175
7122,47,38,905958,128,0.20970074832439423,0.20970074832439423,1.2228037118911743,0.00025,156.47368812561035
7123,47,39,906086,128,0.29085293412208557,0.29085293412208557,0.7586171627044678,0.00025,156.4909086227417
7124,47,40,906214,128,0.36846357583999634,0.36846357583999634,1.0639005899429321,0.00025,156.50828790664673
7125,47,41,906342,128,0.22974173724651337,0.22974173724651337,0.9904439449310303,0.00025,156.52605819702148
7126,47,42,906470,128,0.18362128734588623,0.18362128734588623,0.8645026087760925,0.00025,156.54364037513733
7127,47,43,906598,128,0.21651911735534668,0.21651911735534668,0.8901103734970093,0.00025,156.56123876571655
7128,47,44,906726,128,0.2511252462863922,0.2511252462863922,1.0659180879592896,0.00025,156.57849097251892
7129,47,45,906854,128,0.20347236096858978,0.20347236096858978,1.0344338417053223,0.00025,156.59632277488708
7130,47,46,906982,128,0.2817246615886688,0.2817246615886688,1.2360954284667969,0.00025,156.61372637748718
7131,47,47,907110,128,0.21057745814323425,0.21057745814323425,1.0459606647491455,0.00025,156.63087916374207
7132,47,48,907238,128,0.20127414166927338,0.20127414166927338,0.9685835838317871,0.00025,156.64871287345886
7133,47,49,907366,128,0.19036807119846344,0.19036807119846344,1.4276132583618164,0.00025,156.66634273529053
7134,47,50,907494,128,0.23401780426502228,0.23401780426502228,1.3226897716522217,0.00025,156.6837546825409
7135,47,51,907622,128,0.23763976991176605,0.23763976991176605,0.8481961488723755,0.00025,156.7013645172119
7136,47,52,907750,128,0.23945914208889008,0.23945914208889008,1.3721063137054443,0.00025,156.7192006111145
7137,47,53,907878,128,0.21974104642868042,0.21974104642868042,0.737125039100647,0.00025,156.73688340187073
7138,47,54,908006,128,0.2737519145011902,0.2737519145011902,1.420203447341919,0.00025,156.7543065547943
7139,47,55,908134,128,0.17253726720809937,0.17253726720809937,0.9464831948280334,0.00025,156.77176642417908
7140,47,56,908262,128,0.30861496925354004,0.30861496925354004,1.2871687412261963,0.00025,156.78943276405334
7141,47,57,908390,128,0.38168829679489136,0.38168829679489136,0.9422973990440369,0.00025,156.80690836906433
7142,47,58,908518,128,0.22344432771205902,0.22344432771205902,1.343277096748352,0.00025,156.824383020401
7143,47,59,908646,128,0.19211940467357635,0.19211940467357635,1.1444790363311768,0.00025,156.84194540977478
7144,47,60,908774,128,0.22595572471618652,0.22595572471618652,0.8757863640785217,0.00025,156.85999369621277
7145,47,61,908902,128,0.1778341680765152,0.1778341680765152,1.4414868354797363,0.00025,156.87772607803345
7146,47,62,909030,128,0.20095740258693695,0.20095740258693695,0.7426567077636719,0.00025,156.8949704170227
7147,47,63,909158,128,0.2245057076215744,0.2245057076215744,0.9465599656105042,0.00025,156.91242790222168
7148,47,64,909286,128,0.22370876371860504,0.22370876371860504,1.141283392906189,0.00025,156.93013262748718
7149,47,65,909414,128,0.25406453013420105,0.25406453013420105,1.0850549936294556,0.00025,156.94777822494507
7150,47,66,909542,128,0.23254725337028503,0.23254725337028503,1.101959228515625,0.00025,156.96526622772217
7151,47,67,909670,128,0.2816315293312073,0.2816315293312073,1.1207549571990967,0.00025,156.9828634262085
7152,47,68,909798,128,0.2449001669883728,0.2449001669883728,1.1897740364074707,0.00025,157.00050568580627
7153,47,69,909926,128,0.24855022132396698,0.24855022132396698,1.058791160583496,0.00025,157.01777458190918
7154,47,70,910054,128,0.25010427832603455,0.25010427832603455,1.01436185836792,0.00025,157.03527092933655
7155,47,71,910182,128,0.2519405782222748,0.2519405782222748,0.8911539912223816,0.00025,157.0535352230072
7156,47,72,910310,128,0.21220199763774872,0.21220199763774872,1.073691487312317,0.00025,157.07117891311646
7157,47,73,910438,128,0.2057858556509018,0.2057858556509018,0.8270470499992371,0.00025,157.0887143611908
7158,47,74,910566,128,0.217680424451828,0.217680424451828,1.4639047384262085,0.00025,157.1061656475067
7159,47,75,910694,128,0.6009283065795898,0.6009283065795898,1.004051923751831,0.00025,157.1242036819458
7160,47,76,910822,128,0.21014656126499176,0.21014656126499176,1.1794847249984741,0.00025,157.14171409606934
7161,47,77,910950,128,0.17831750214099884,0.17831750214099884,1.170526146888733,0.00025,157.15930938720703
7162,47,78,911078,128,0.2753602862358093,0.2753602862358093,0.8124992251396179,0.00025,157.1767315864563
7163,47,79,911206,128,0.16855044662952423,0.16855044662952423,1.1974364519119263,0.00025,157.19473528862
7164,47,80,911334,128,0.2761709988117218,0.2761709988117218,1.014211654663086,0.00025,157.21239471435547
7165,47,81,911462,128,0.225600466132164,0.225600466132164,1.0974900722503662,0.00025,157.22978258132935
7166,47,82,911590,128,0.23828111588954926,0.23828111588954926,1.0039900541305542,0.00025,157.24740719795227
7167,47,83,911718,128,0.2149989902973175,0.2149989902973175,0.7841145396232605,0.00025,157.26468968391418
7168,47,84,911846,128,0.33690497279167175,0.33690497279167175,1.4039998054504395,0.00025,157.28210401535034
7169,47,85,911974,128,0.26066669821739197,0.26066669821739197,1.3596736192703247,0.00025,157.2994999885559
7170,47,86,912102,128,0.2966839671134949,0.2966839671134949,0.8474992513656616,0.00025,157.31710743904114
7171,47,87,912230,128,0.20938096940517426,0.20938096940517426,0.779712438583374,0.00025,157.3344976902008
7172,47,88,912358,128,0.2157381772994995,0.2157381772994995,1.0204191207885742,0.00025,157.35193920135498
7173,47,89,912486,128,0.2723431885242462,0.2723431885242462,0.7957322597503662,0.00025,157.36917734146118
7174,47,90,912614,128,0.2707393169403076,0.2707393169403076,0.9134928584098816,0.00025,157.38677597045898
7175,47,91,912742,128,0.2253022938966751,0.2253022938966751,0.6981995701789856,0.00025,157.40420532226562
7176,47,92,912870,128,0.16674095392227173,0.16674095392227173,1.1928297281265259,0.00025,157.42160773277283
7177,47,93,912998,128,0.3388715982437134,0.3388715982437134,1.2020186185836792,0.00025,157.43923091888428
7178,47,94,913126,128,0.2466445416212082,0.2466445416212082,0.9768532514572144,0.00025,157.45716643333435
7179,47,95,913254,128,0.20651286840438843,0.20651286840438843,0.9851354956626892,0.00025,157.47479724884033
7180,47,96,913382,128,0.3191381096839905,0.3191381096839905,1.3191657066345215,0.00025,157.49218344688416
7181,47,97,913510,128,0.19409751892089844,0.19409751892089844,0.7646559476852417,0.00025,157.5097553730011
7182,47,98,913638,128,0.2580143213272095,0.2580143213272095,1.2078940868377686,0.00025,157.527930021286
7183,47,99,913766,128,0.26451584696769714,0.26451584696769714,1.2316718101501465,0.00025,157.54568576812744
7184,47,100,913894,128,0.19200128316879272,0.19200128316879272,0.714139461517334,0.00025,157.5633590221405
7185,47,101,914022,128,0.1991000920534134,0.1991000920534134,1.1202737092971802,0.00025,157.58109998703003
7186,47,102,914150,128,0.1809358149766922,0.1809358149766922,1.0036438703536987,0.00025,157.59910535812378
7187,47,103,914278,128,0.2934510111808777,0.2934510111808777,0.9172289967536926,0.00025,157.61692929267883
7188,47,104,914406,128,0.18004508316516876,0.18004508316516876,0.8282278180122375,0.00025,157.6345672607422
7189,47,105,914534,128,0.25387129187583923,0.25387129187583923,1.3783410787582397,0.00025,157.65253138542175
7190,47,106,914662,128,0.23147299885749817,0.23147299885749817,1.1441359519958496,0.00025,157.6703429222107
7191,47,107,914790,128,0.2650185227394104,0.2650185227394104,1.0071951150894165,0.00025,157.68787908554077
7192,47,108,914918,128,0.2777615785598755,0.2777615785598755,0.8477233648300171,0.00025,157.70536756515503
7193,47,109,915046,128,0.20683841407299042,0.20683841407299042,1.4447784423828125,0.00025,157.72312116622925
7194,47,110,915174,128,0.23780904710292816,0.23780904710292816,1.5925410985946655,0.00025,157.74092149734497
7195,47,111,915302,128,0.24603049457073212,0.24603049457073212,1.2743568420410156,0.00025,157.7583131790161
7196,47,112,915430,128,0.16655486822128296,0.16655486822128296,0.9988513588905334,0.00025,157.77573442459106
7197,47,113,915558,128,0.34205812215805054,0.34205812215805054,1.2012481689453125,0.00025,157.79327082633972
7198,47,114,915686,128,0.2238367199897766,0.2238367199897766,1.4974416494369507,0.00025,157.81049942970276
7199,47,115,915814,128,0.21808511018753052,0.21808511018753052,0.7912108302116394,0.00025,157.82775020599365
7200,47,116,915942,128,0.18359027802944183,0.18359027802944183,0.9515793919563293,0.00025,157.84504580497742
7201,47,117,916070,128,0.24657654762268066,0.24657654762268066,1.0468389987945557,0.00025,157.86255860328674
7202,47,118,916198,128,0.27963921427726746,0.27963921427726746,1.027674913406372,0.00025,157.87990760803223
7203,47,119,916326,128,0.20606054365634918,0.20606054365634918,0.8763287663459778,0.00025,157.8971667289734
7204,47,120,916454,128,0.264860600233078,0.264860600233078,0.7958897948265076,0.00025,157.9143362045288
7205,47,121,916582,128,0.2393469363451004,0.2393469363451004,1.3620150089263916,0.00025,157.9320957660675
7206,47,122,916710,128,0.3005434274673462,0.3005434274673462,1.047834038734436,0.00025,157.94985342025757
7207,47,123,916838,128,0.2611510753631592,0.2611510753631592,1.2733741998672485,0.00025,157.97121119499207
7208,47,124,916966,128,0.19329291582107544,0.19329291582107544,1.0760622024536133,0.00025,157.98963117599487
7209,47,125,917094,128,0.27439066767692566,0.27439066767692566,0.8896144032478333,0.00025,158.007581949234
7210,47,126,917222,128,0.21015463769435883,0.21015463769435883,1.2176295518875122,0.00025,158.02530097961426
7211,47,127,917350,128,0.18296173214912415,0.18296173214912415,0.9845160245895386,0.00025,158.04301762580872
7212,47,128,917478,128,0.4707365334033966,0.4707365334033966,1.4080418348312378,0.00025,158.0611162185669
7213,47,129,917606,128,0.21458816528320312,0.21458816528320312,0.9087748527526855,0.00025,158.07876873016357
7214,47,130,917734,128,0.1890324354171753,0.1890324354171753,1.4441444873809814,0.00025,158.09622192382812
7215,47,131,917862,128,0.16819344460964203,0.16819344460964203,1.2238751649856567,0.00025,158.1139760017395
7216,47,132,917990,128,0.1902429163455963,0.1902429163455963,0.9493790864944458,0.00025,158.13206315040588
7217,47,133,918118,128,0.27849280834198,0.27849280834198,1.0934725999832153,0.00025,158.14990258216858
7218,47,134,918246,128,0.22878926992416382,0.22878926992416382,1.18255615234375,0.00025,158.1675729751587
7219,47,135,918374,128,0.2202027440071106,0.2202027440071106,1.1791291236877441,0.00025,158.18560314178467
7220,47,136,918502,128,0.21862828731536865,0.21862828731536865,1.3280359506607056,0.00025,158.20330452919006
7221,47,137,918630,128,0.22721722722053528,0.22721722722053528,0.9473653435707092,0.00025,158.22114396095276
7222,47,138,918758,128,0.37862539291381836,0.37862539291381836,1.159877896308899,0.00025,158.23869061470032
7223,47,139,918886,128,0.17926381528377533,0.17926381528377533,0.929955244064331,0.00025,158.25685501098633
7224,47,140,919014,128,0.35085180401802063,0.35085180401802063,1.1043720245361328,0.00025,158.27450394630432
7225,47,141,919142,128,0.2838307023048401,0.2838307023048401,1.260511875152588,0.00025,158.2920639514923
7226,47,142,919270,128,0.27692338824272156,0.27692338824272156,1.1265380382537842,0.00025,158.30962944030762
7227,47,143,919398,128,0.18428203463554382,0.18428203463554382,0.9461564421653748,0.00025,158.32775378227234
7228,47,144,919526,128,0.2626791000366211,0.2626791000366211,1.0699563026428223,0.00025,158.3455765247345
7229,47,145,919654,128,0.2610146105289459,0.2610146105289459,1.0354582071304321,0.00025,158.36292123794556
7230,47,146,919782,128,0.24229680001735687,0.24229680001735687,1.124129295349121,0.00025,158.38065719604492
7231,47,147,919910,128,0.21341238915920258,0.21341238915920258,1.023146390914917,0.00025,158.3988597393036
7232,47,148,920038,128,0.18421420454978943,0.18421420454978943,0.9640718698501587,0.00025,158.41680765151978
7233,47,149,920166,128,0.1743583232164383,0.1743583232164383,1.0416412353515625,0.00025,158.43449902534485
7234,47,150,920294,128,0.21341706812381744,0.21341706812381744,0.8314237594604492,0.00025,158.45249199867249
7235,47,151,920422,128,0.2519690990447998,0.2519690990447998,0.7886592745780945,0.00025,158.4707007408142
7236,47,152,920550,128,0.3466181755065918,0.3466181755065918,0.7180307507514954,0.00025,158.4886269569397
7237,47,153,920678,128,0.194767564535141,0.194767564535141,0.9741606116294861,0.00025,158.50651288032532
7238,47,154,920683,5,0.46178698539733887,0.46178698539733887,0.7973876595497131,0.00025,158.50928330421448
7239,48,1,920811,128,0.2290470004081726,0.2290470004081726,0.924764096736908,0.00025,159.21119260787964
7240,48,2,920939,128,0.14854855835437775,0.14854855835437775,1.179671049118042,0.00025,159.22923946380615
7241,48,3,921067,128,0.3580733835697174,0.3580733835697174,0.8989244699478149,0.00025,159.24707198143005
7242,48,4,921195,128,0.3528608977794647,0.3528608977794647,1.17842435836792,0.00025,159.2650158405304
7243,48,5,921323,128,0.21753455698490143,0.21753455698490143,1.0673604011535645,0.00025,159.28258657455444
7244,48,6,921451,128,0.2176225781440735,0.2176225781440735,1.0578622817993164,0.00025,159.30021905899048
7245,48,7,921579,128,0.25473055243492126,0.25473055243492126,0.9345687031745911,0.00025,159.3179030418396
7246,48,8,921707,128,0.3119010329246521,0.3119010329246521,1.0090409517288208,0.00025,159.3358600139618
7247,48,9,921835,128,0.21843086183071136,0.21843086183071136,1.0329344272613525,0.00025,159.35353112220764
7248,48,10,921963,128,0.29161444306373596,0.29161444306373596,1.007551908493042,0.00025,159.3712592124939
7249,48,11,922091,128,0.31011906266212463,0.31011906266212463,1.1604284048080444,0.00025,159.38961005210876
7250,48,12,922219,128,0.33725517988204956,0.33725517988204956,0.9890533685684204,0.00025,159.40728282928467
7251,48,13,922347,128,0.14836712181568146,0.14836712181568146,0.9414086937904358,0.00025,159.42512559890747
7252,48,14,922475,128,0.20163729786872864,0.20163729786872864,1.0211291313171387,0.00025,159.4425892829895
7253,48,15,922603,128,0.19900363683700562,0.19900363683700562,0.7896571159362793,0.00025,159.46054768562317
7254,48,16,922731,128,0.22670550644397736,0.22670550644397736,1.2119406461715698,0.00025,159.47812867164612
7255,48,17,922859,128,0.19492438435554504,0.19492438435554504,0.6942508816719055,0.00025,159.49553442001343
7256,48,18,922987,128,0.2674114406108856,0.2674114406108856,1.3167251348495483,0.00025,159.51284313201904
7257,48,19,923115,128,0.2604515850543976,0.2604515850543976,1.0644646883010864,0.00025,159.5307502746582
7258,48,20,923243,128,0.1747438758611679,0.1747438758611679,1.0551426410675049,0.00025,159.54857754707336
7259,48,21,923371,128,0.1890481561422348,0.1890481561422348,1.0235675573349,0.00025,159.56624841690063
7260,48,22,923499,128,0.22604762017726898,0.22604762017726898,1.2772541046142578,0.00025,159.5837366580963
7261,48,23,923627,128,0.28553974628448486,0.28553974628448486,1.271838665008545,0.00025,159.60178995132446
7262,48,24,923755,128,0.17009833455085754,0.17009833455085754,1.1355351209640503,0.00025,159.61957502365112
7263,48,25,923883,128,0.22427646815776825,0.22427646815776825,0.7374284267425537,0.00025,159.6373679637909
7264,48,26,924011,128,0.25519052147865295,0.25519052147865295,1.060451626777649,0.00025,159.65543389320374
7265,48,27,924139,128,0.2944241762161255,0.2944241762161255,1.1497102975845337,0.00025,159.67342066764832
7266,48,28,924267,128,0.2442040890455246,0.2442040890455246,1.2352651357650757,0.00025,159.69111561775208
7267,48,29,924395,128,0.4369674324989319,0.4369674324989319,1.1590704917907715,0.00025,159.7087881565094
7268,48,30,924523,128,0.1748383790254593,0.1748383790254593,0.9916066527366638,0.00025,159.72652125358582
7269,48,31,924651,128,0.2149321287870407,0.2149321287870407,0.9462496042251587,0.00025,159.74419403076172
7270,48,32,924779,128,0.23065675795078278,0.23065675795078278,1.0220377445220947,0.00025,159.7618715763092
7271,48,33,924907,128,0.20139151811599731,0.20139151811599731,0.9943990111351013,0.00025,159.7796175479889
7272,48,34,925035,128,0.1631874293088913,0.1631874293088913,0.8071931004524231,0.00025,159.79782605171204
7273,48,35,925163,128,0.25387048721313477,0.25387048721313477,1.1348494291305542,0.00025,159.81556010246277
7274,48,36,925291,128,0.24832366406917572,0.24832366406917572,1.3161553144454956,0.00025,159.833069562912
7275,48,37,925419,128,0.22901885211467743,0.22901885211467743,0.963452160358429,0.00025,159.8506088256836
7276,48,38,925547,128,0.22198867797851562,0.22198867797851562,1.0697699785232544,0.00025,159.8684856891632
7277,48,39,925675,128,0.2733098566532135,0.2733098566532135,1.0196641683578491,0.00025,159.88605880737305
7278,48,40,925803,128,0.18984688818454742,0.18984688818454742,1.353603720664978,0.00025,159.9034707546234
7279,48,41,925931,128,0.17357230186462402,0.17357230186462402,1.3016797304153442,0.00025,159.9214050769806
7280,48,42,926059,128,0.22853538393974304,0.22853538393974304,1.0425447225570679,0.00025,159.93873691558838
7281,48,43,926187,128,0.20702846348285675,0.20702846348285675,0.7847829461097717,0.00025,159.95645022392273
7282,48,44,926315,128,0.2700328826904297,0.2700328826904297,1.2114983797073364,0.00025,159.97397375106812
7283,48,45,926443,128,0.2568288743495941,0.2568288743495941,0.9754003882408142,0.00025,159.99169278144836
7284,48,46,926571,128,0.20091994106769562,0.20091994106769562,1.00401771068573,0.00025,160.00941371917725
7285,48,47,926699,128,0.2238469272851944,0.2238469272851944,1.0932977199554443,0.00025,160.02693510055542
7286,48,48,926827,128,0.2884833812713623,0.2884833812713623,0.8994641304016113,0.00025,160.0445146560669
7287,48,49,926955,128,0.2959749102592468,0.2959749102592468,1.4216643571853638,0.00025,160.0630795955658
7288,48,50,927083,128,0.24287107586860657,0.24287107586860657,1.0489882230758667,0.00025,160.08097743988037
7289,48,51,927211,128,0.26913517713546753,0.26913517713546753,0.9582868814468384,0.00025,160.09866881370544
7290,48,52,927339,128,0.20508281886577606,0.20508281886577606,1.1717352867126465,0.00025,160.11639142036438
7291,48,53,927467,128,0.215107262134552,0.215107262134552,0.8018843531608582,0.00025,160.1348054409027
7292,48,54,927595,128,0.21115782856941223,0.21115782856941223,0.9130071997642517,0.00025,160.1527910232544
7293,48,55,927723,128,0.20905661582946777,0.20905661582946777,1.311867356300354,0.00025,160.1703975200653
7294,48,56,927851,128,0.23180003464221954,0.23180003464221954,1.1791929006576538,0.00025,160.18798995018005
7295,48,57,927979,128,0.2513955533504486,0.2513955533504486,0.8453913331031799,0.00025,160.20578742027283
7296,48,58,928107,128,0.1614948958158493,0.1614948958158493,1.1025174856185913,0.00025,160.22348403930664
7297,48,59,928235,128,0.24931925535202026,0.24931925535202026,0.9519743323326111,0.00025,160.24090051651
7298,48,60,928363,128,0.19909067451953888,0.19909067451953888,0.99467533826828,0.00025,160.25921964645386
7299,48,61,928491,128,0.27534499764442444,0.27534499764442444,0.9927777051925659,0.00025,160.27745294570923
7300,48,62,928619,128,0.34382522106170654,0.34382522106170654,0.9895351529121399,0.00025,160.29544234275818
7301,48,63,928747,128,0.1924399584531784,0.1924399584531784,1.4944745302200317,0.00025,160.31328892707825
7302,48,64,928875,128,0.24915392696857452,0.24915392696857452,0.9742047190666199,0.00025,160.3317096233368
7303,48,65,929003,128,0.3016353249549866,0.3016353249549866,1.3245370388031006,0.00025,160.34954023361206
7304,48,66,929131,128,0.3368152976036072,0.3368152976036072,0.6221587657928467,0.00025,160.36730003356934
7305,48,67,929259,128,0.20309321582317352,0.20309321582317352,1.1276195049285889,0.00025,160.38518738746643
7306,48,68,929387,128,0.19229064881801605,0.19229064881801605,1.0004236698150635,0.00025,160.4033501148224
7307,48,69,929515,128,0.19762547314167023,0.19762547314167023,1.2073216438293457,0.00025,160.42112708091736
7308,48,70,929643,128,0.2156096249818802,0.2156096249818802,1.2970575094223022,0.00025,160.4388451576233
7309,48,71,929771,128,0.23899081349372864,0.23899081349372864,0.8517968058586121,0.00025,160.45714569091797
7310,48,72,929899,128,0.2495182752609253,0.2495182752609253,1.3561562299728394,0.00025,160.47497034072876
7311,48,73,930027,128,0.272916316986084,0.272916316986084,1.2586543560028076,0.00025,160.49276089668274
7312,48,74,930155,128,0.217319518327713,0.217319518327713,1.276319146156311,0.00025,160.5104956626892
7313,48,75,930283,128,0.3578823506832123,0.3578823506832123,0.9602168202400208,0.00025,160.52837872505188
7314,48,76,930411,128,0.2188008576631546,0.2188008576631546,1.1906358003616333,0.00025,160.5461835861206
7315,48,77,930539,128,0.30939680337905884,0.30939680337905884,0.9458988904953003,0.00025,160.563796043396
7316,48,78,930667,128,0.2612267732620239,0.2612267732620239,0.9943943619728088,0.00025,160.58136916160583
7317,48,79,930795,128,0.38322219252586365,0.38322219252586365,0.9373822212219238,0.00025,160.59980392456055
7318,48,80,930923,128,0.26129844784736633,0.26129844784736633,1.5216706991195679,0.00025,160.61789107322693
7319,48,81,931051,128,0.2237226814031601,0.2237226814031601,1.1420369148254395,0.00025,160.63595461845398
7320,48,82,931179,128,0.250016987323761,0.250016987323761,1.0549486875534058,0.00025,160.65395259857178
7321,48,83,931307,128,0.19695019721984863,0.19695019721984863,0.9281449317932129,0.00025,160.67253065109253
7322,48,84,931435,128,0.20151099562644958,0.20151099562644958,1.2888702154159546,0.00025,160.69075107574463
7323,48,85,931563,128,0.28263330459594727,0.28263330459594727,1.0496470928192139,0.00025,160.70893239974976
7324,48,86,931691,128,0.21571438014507294,0.21571438014507294,1.1967240571975708,0.00025,160.7275083065033
7325,48,87,931819,128,0.2775990664958954,0.2775990664958954,0.8559163808822632,0.00025,160.74537682533264
7326,48,88,931947,128,0.24464720487594604,0.24464720487594604,1.2789835929870605,0.00025,160.76316595077515
7327,48,89,932075,128,0.2588789761066437,0.2588789761066437,1.376489281654358,0.00025,160.7811770439148
7328,48,90,932203,128,0.23616133630275726,0.23616133630275726,0.9309307932853699,0.00025,160.79932641983032
7329,48,91,932331,128,0.19444404542446136,0.19444404542446136,0.9459213614463806,0.00025,160.8171558380127
7330,48,92,932459,128,0.21589262783527374,0.21589262783527374,1.04704749584198,0.00025,160.83499097824097
7331,48,93,932587,128,0.23022525012493134,0.23022525012493134,0.9213531613349915,0.00025,160.85280060768127
7332,48,94,932715,128,0.23716378211975098,0.23716378211975098,1.2832894325256348,0.00025,160.870991230011
7333,48,95,932843,128,0.20080402493476868,0.20080402493476868,1.0206563472747803,0.00025,160.888827085495
7334,48,96,932971,128,0.2853747606277466,0.2853747606277466,1.6456289291381836,0.00025,160.9067997932434
7335,48,97,933099,128,0.3131953477859497,0.3131953477859497,0.9716288447380066,0.00025,160.92518091201782
7336,48,98,933227,128,0.20390355587005615,0.20390355587005615,1.2686560153961182,0.00025,160.94347715377808
7337,48,99,933355,128,0.26732954382896423,0.26732954382896423,1.1509841680526733,0.00025,160.96120190620422
7338,48,100,933483,128,0.19910602271556854,0.19910602271556854,0.7387937307357788,0.00025,160.97903513908386
7339,48,101,933611,128,0.17500989139080048,0.17500989139080048,1.2367706298828125,0.00025,160.99732279777527
7340,48,102,933739,128,0.3059852123260498,0.3059852123260498,1.2214319705963135,0.00025,161.0150487422943
7341,48,103,933867,128,0.22211268544197083,0.22211268544197083,1.1190272569656372,0.00025,161.03296971321106
7342,48,104,933995,128,0.18243609368801117,0.18243609368801117,1.0340354442596436,0.00025,161.05058026313782
7343,48,105,934123,128,0.20222796499729156,0.20222796499729156,0.864592432975769,0.00025,161.06884789466858
7344,48,106,934251,128,0.25519859790802,0.25519859790802,1.0898427963256836,0.00025,161.08682513237
7345,48,107,934379,128,0.27047091722488403,0.27047091722488403,1.6788097620010376,0.00025,161.10471940040588
7346,48,108,934507,128,0.2560688853263855,0.2560688853263855,0.8115918040275574,0.00025,161.12247371673584
7347,48,109,934635,128,0.33205005526542664,0.33205005526542664,0.8958942890167236,0.00025,161.14037084579468
7348,48,110,934763,128,0.16091418266296387,0.16091418266296387,1.2456175088882446,0.00025,161.15805506706238
7349,48,111,934891,128,0.1947847157716751,0.1947847157716751,0.9032835364341736,0.00025,161.17577028274536
7350,48,112,935019,128,0.2393299788236618,0.2393299788236618,1.305428147315979,0.00025,161.19366431236267
7351,48,113,935147,128,0.3027181625366211,0.3027181625366211,0.8265121579170227,0.00025,161.21152997016907
7352,48,114,935275,128,0.1725676953792572,0.1725676953792572,0.9022537469863892,0.00025,161.22947931289673
7353,48,115,935403,128,0.22244170308113098,0.22244170308113098,1.1551655530929565,0.00025,161.24795794487
7354,48,116,935531,128,0.16593743860721588,0.16593743860721588,0.84355229139328,0.00025,161.27016162872314
7355,48,117,935659,128,0.2607448697090149,0.2607448697090149,1.09815514087677,0.00025,161.28796577453613
7356,48,118,935787,128,0.23828555643558502,0.23828555643558502,0.9301672577857971,0.00025,161.30581188201904
7357,48,119,935915,128,0.3777242600917816,0.3777242600917816,0.64731764793396,0.00025,161.32359838485718
7358,48,120,936043,128,0.2770213782787323,0.2770213782787323,0.9937880635261536,0.00025,161.3416781425476
7359,48,121,936171,128,0.2635860741138458,0.2635860741138458,1.166737675666809,0.00025,161.35969877243042
7360,48,122,936299,128,0.2549499571323395,0.2549499571323395,1.120847225189209,0.00025,161.37760543823242
7361,48,123,936427,128,0.19117949903011322,0.19117949903011322,1.4278879165649414,0.00025,161.3957109451294
7362,48,124,936555,128,0.20372024178504944,0.20372024178504944,1.125997543334961,0.00025,161.41354179382324
7363,48,125,936683,128,0.1906258761882782,0.1906258761882782,1.0674965381622314,0.00025,161.43131279945374
7364,48,126,936811,128,0.2372390627861023,0.2372390627861023,1.2165405750274658,0.00025,161.44913816452026
7365,48,127,936939,128,0.16027483344078064,0.16027483344078064,1.041225552558899,0.00025,161.46742486953735
7366,48,128,937067,128,0.18834097683429718,0.18834097683429718,1.341934084892273,0.00025,161.4856312274933
7367,48,129,937195,128,0.34429848194122314,0.34429848194122314,1.128466248512268,0.00025,161.50361680984497
7368,48,130,937323,128,0.1847374141216278,0.1847374141216278,1.447404384613037,0.00025,161.52160716056824
7369,48,131,937451,128,0.23524817824363708,0.23524817824363708,1.2294238805770874,0.00025,161.5399992465973
7370,48,132,937579,128,0.24384818971157074,0.24384818971157074,1.0549609661102295,0.00025,161.55793523788452
7371,48,133,937707,128,0.2538923919200897,0.2538923919200897,1.0707167387008667,0.00025,161.57600355148315
7372,48,134,937835,128,0.16164761781692505,0.16164761781692505,0.9239760637283325,0.00025,161.5941755771637
7373,48,135,937963,128,0.17581817507743835,0.17581817507743835,1.4822239875793457,0.00025,161.61169815063477
7374,48,136,938091,128,0.15770231187343597,0.15770231187343597,1.209687352180481,0.00025,161.6290864944458
7375,48,137,938219,128,0.20698867738246918,0.20698867738246918,0.9242337346076965,0.00025,161.6464879512787
7376,48,138,938347,128,0.25131112337112427,0.25131112337112427,1.1006731986999512,0.00025,161.66436171531677
7377,48,139,938475,128,0.20951904356479645,0.20951904356479645,1.1987577676773071,0.00025,161.68200302124023
7378,48,140,938603,128,0.2834424674510956,0.2834424674510956,1.3966172933578491,0.00025,161.69979071617126
7379,48,141,938731,128,0.24174612760543823,0.24174612760543823,1.4787917137145996,0.00025,161.71748781204224
7380,48,142,938859,128,0.1894897222518921,0.1894897222518921,1.0289608240127563,0.00025,161.7355523109436
7381,48,143,938987,128,0.1862676590681076,0.1862676590681076,1.163313865661621,0.00025,161.75350737571716
7382,48,144,939115,128,0.2585386335849762,0.2585386335849762,1.0100747346878052,0.00025,161.77112102508545
7383,48,145,939243,128,0.24039146304130554,0.24039146304130554,0.9631843566894531,0.00025,161.78916382789612
7384,48,146,939371,128,0.20496326684951782,0.20496326684951782,1.2902008295059204,0.00025,161.8074426651001
7385,48,147,939499,128,0.20208823680877686,0.20208823680877686,1.1129930019378662,0.00025,161.82532715797424
7386,48,148,939627,128,0.25592565536499023,0.25592565536499023,1.2615320682525635,0.00025,161.84296584129333
7387,48,149,939755,128,0.21673564612865448,0.21673564612865448,0.7456286549568176,0.00025,161.86126041412354
7388,48,150,939883,128,0.23038466274738312,0.23038466274738312,1.401772141456604,0.00025,161.87905049324036
7389,48,151,940011,128,0.2714186906814575,0.2714186906814575,0.7796001434326172,0.00025,161.8968756198883
7390,48,152,940139,128,0.23581643402576447,0.23581643402576447,1.051432490348816,0.00025,161.91449761390686
7391,48,153,940267,128,0.34236687421798706,0.34236687421798706,0.9826483130455017,0.00025,161.93230843544006
7392,48,154,940272,5,0.2590563893318176,0.2590563893318176,1.0338002443313599,0.00025,161.93505477905273
