timestamp,frame,x,y,z,roll,pitch,yaw,vx,vy,vz,ax,ay,az,angular_vx,angular_vy,angular_vz,throttle,brake,steer,hand_brake,reverse,lane_id,road_id,lane_width,is_junction,speed,distance_to_end,progress,ai_vehicles_count,ai_vehicles
1759224271.100063,81801,45.24262619018555,291.19073486328125,0.221683531999588,-6.103515261202119e-05,4.0981132769957185e-05,-90.05333709716797,0.0,0.0,0.0,0.0,0.0,0.0,0.0,0.0,0.0,0.3325749933719635,0.0,0.009668270125985146,False,False,-1,7,4.0,False,0.0,125.14495086669922,0.0005925280897918217,9,"[{""id"": ""ai_1"", ""type"": ""random_traffic"", ""model"": ""vehicle.audi.etron"", ""distance"": 9.816963195800781, ""relative_position"": [-3.3850746154785156, -9.214874267578125, -0.011108845472335815], ""velocity"": [0.0, 0.0, 0.0], ""speed"": 0.0, ""is_static"": false}, {""id"": ""ai_3"", ""type"": ""random_traffic"", ""model"": ""vehicle.nissan.patrol_2021"", ""distance"": 57.94375228881836, ""relative_position"": [20.217266082763672, -54.30230712890625, 0.002187192440032959], ""velocity"": [-5.821670701067205e-09, -6.202449664982623e-09, 0.0004834365681745112], ""speed"": 0.0017403716456976697, ""is_static"": false}, {""id"": ""ai_8"", ""type"": ""random_traffic"", ""model"": ""vehicle.ford.mustang"", ""distance"": 72.05919647216797, ""relative_position"": [-3.3914260864257812, -71.97933959960938, -0.00717887282371521], ""velocity"": [3.6987377050046177e-10, 1.8080084651650452e-10, 0.0006377458339557052], ""speed"": 0.0022958850022410174, ""is_static"": false}, {""id"": ""ai_6"", ""type"": ""random_traffic"", ""model"": ""vehicle.chevrolet.impala"", ""distance"": 79.45804595947266, ""relative_position"": [0.6094474792480469, -79.45570373535156, -0.007889628410339355], ""velocity"": [-0.0001626302400836721, -1.2350568771362305, 0.0004695415263995528], ""speed"": 4.446205117554095, ""is_static"": false}, {""id"": ""ai_0"", ""type"": ""random_traffic"", ""model"": ""vehicle.audi.a2"", ""distance"": 112.671875, ""relative_position"": [86.88821792602539, -71.73136901855469, -0.009414255619049072], ""velocity"": [1.7104460425798607e-07, -4.3958920059594675e-08, 0.0007831668481230736], ""speed"": 0.00281940072492582, ""is_static"": false}, {""id"": ""ai_7"", ""type"": ""random_traffic"", ""model"": ""vehicle.seat.leon"", ""distance"": 116.29376220703125, ""relative_position"": [86.90240859985352, -77.28007507324219, -0.006830066442489624], ""velocity"": [0.0, 0.0, 0.0], ""speed"": 0.0, ""is_static"": false}, {""id"": ""ai_2"", ""type"": ""random_traffic"", ""model"": ""vehicle.ford.mustang"", ""distance"": 133.11976623535156, ""relative_position"": [-52.700499534606934, -122.24372863769531, -0.006918370723724365], ""velocity"": [-0.0004603528359439224, 5.633278846740723, 8.153915018738189e-07], ""speed"": 20.279803915983067, ""is_static"": false}, {""id"": ""ai_5"", ""type"": ""random_traffic"", ""model"": ""vehicle.audi.etron"", ""distance"": 145.3455352783203, ""relative_position"": [144.44145584106445, -16.1861572265625, -0.010359346866607666], ""velocity"": [-0.008487082086503506, 9.654983520507812, -1.6636848158668727e-05], ""speed"": 34.75795410269469, ""is_static"": false}, {""id"": ""ai_4"", ""type"": ""random_traffic"", ""model"": ""vehicle.audi.etron"", ""distance"": 162.7076416015625, ""relative_position"": [144.45141983032227, -74.88368225097656, -0.010732680559158325], ""velocity"": [0.0008650291711091995, 6.374401569366455, 5.578994546340255e-07], ""speed"": 22.94784586101694, ""is_static"": false}]"
1759224271.1669827,81805,45.24262619018555,291.19073486328125,0.22150908410549164,-6.103515261202119e-05,4.0981132769957185e-05,-90.05333709716797,2.389264963653659e-08,-5.479103837302546e-10,-0.002299680607393384,2.9794900910928845e-06,-7.984097010194091e-07,-0.04646484926342964,7.539605348938494e-07,1.5414412700920366e-05,1.4623799948765281e-09,0.3325749933719635,0.0,0.009668270125985146,False,False,-1,7,4.0,False,0.008278850187063239,125.14495086669922,0.0005925280897918217,9,"[{""id"": ""ai_1"", ""type"": ""random_traffic"", ""model"": ""vehicle.audi.etron"", ""distance"": 9.816963195800781, ""relative_position"": [-3.3850746154785156, -9.214874267578125, -0.010934397578239441], ""velocity"": [0.0, 0.0, 0.0], ""speed"": 0.0, ""is_static"": false}, {""id"": ""ai_3"", ""type"": ""random_traffic"", ""model"": ""vehicle.nissan.patrol_2021"", ""distance"": 57.94375228881836, ""relative_position"": [20.217266082763672, -54.30230712890625, 0.0023634731769561768], ""velocity"": [-5.708777339741289e-10, -1.5321546253943552e-09, -0.00042769432184286416], ""speed"": 0.0015396995586455624, ""is_static"": false}, {""id"": ""ai_8"", ""type"": ""random_traffic"", ""model"": ""vehicle.ford.mustang"", ""distance"": 72.05919647216797, ""relative_position"": [-3.3914260864257812, -71.97933959960938, -0.00704425573348999], ""velocity"": [2.3741346666383834e-09, 1.5225784522066022e-10, -0.0013292598305270076], ""speed"": 0.004785335389904891, ""is_static"": false}, {""id"": ""ai_6"", ""type"": ""random_traffic"", ""model"": ""vehicle.chevrolet.impala"", ""distance"": 79.48164367675781, ""relative_position"": [0.6094474792480469, -79.47930908203125, -0.007452160120010376], ""velocity"": [-7.4189852057315875e-06, -4.041666034027003e-05, -0.0011569976340979338], ""speed"": 0.004167817614429951, ""is_static"": false}, {""id"": ""ai_0"", ""type"": ""random_traffic"", ""model"": ""vehicle.audi.a2"", ""distance"": 112.671875, ""relative_position"": [86.88821792602539, -71.73136901855469, -0.009273141622543335], ""velocity"": [-1.959353994607227e-07, 5.968792748944907e-08, -0.001266746548935771], ""speed"": 0.004560287635782905, ""is_static"": false}, {""id"": ""ai_7"", ""type"": ""random_traffic"", ""model"": ""vehicle.seat.leon"", ""distance"": 116.29376220703125, ""relative_position"": [86.90240859985352, -77.28007507324219, -0.0066556185483932495], ""velocity"": [0.0, 0.0, 0.0], ""speed"": 0.0, ""is_static"": false}, {""id"": ""ai_2"", ""type"": ""random_traffic"", ""model"": ""vehicle.ford.mustang"", ""distance"": 132.7998046875, ""relative_position"": [-52.70052146911621, -121.89521789550781, -0.006697759032249451], ""velocity"": [-2.074238727800548e-05, 4.715731143951416, -0.004371271003037691], ""speed"": 16.976639411937217, ""is_static"": false}, {""id"": ""ai_5"", ""type"": ""random_traffic"", ""model"": ""vehicle.audi.etron"", ""distance"": 145.275390625, ""relative_position"": [144.44084548950195, -15.54931640625, -0.010089680552482605], ""velocity"": [-0.0090579679235816, 9.520328521728516, -1.7423630197299644e-05], ""speed"": 34.27319819078842, ""is_static"": false}, {""id"": ""ai_4"", ""type"": ""random_traffic"", ""model"": ""vehicle.audi.etron"", ""distance"": 162.5155792236328, ""relative_position"": [144.45141983032227, -74.4654541015625, -0.010404765605926514], ""velocity"": [0.0007860642508603632, 6.235062122344971, -5.302429144649068e-06], ""speed"": 22.44622381883069, ""is_static"": false}]"
1759224271.2287612,81808,45.24262619018555,291.19073486328125,0.221495121717453,-6.103515261202119e-05,4.0981132769957185e-05,-90.05333709716797,4.747614745781448e-09,-1.236536317783532e-09,0.0013843917986378074,2.321826286788564e-06,-9.636096365284175e-07,0.1650247722864151,1.7372864249409758e-06,3.483786258584587e-06,-1.6689665205404935e-09,0.3325749933719635,0.0,0.009668270125985146,False,False,-1,7,4.0,False,0.004983810475127401,125.14495086669922,0.0005925280897918217,9,"[{""id"": ""ai_1"", ""type"": ""random_traffic"", ""model"": ""vehicle.audi.etron"", ""distance"": 9.816963195800781, ""relative_position"": [-3.3850746154785156, -9.214874267578125, -0.010920435190200806], ""velocity"": [0.0, 0.0, 0.0], ""speed"": 0.0, ""is_static"": false}, {""id"": ""ai_3"", ""type"": ""random_traffic"", ""model"": ""vehicle.nissan.patrol_2021"", ""distance"": 57.94375228881836, ""relative_position"": [20.217266082763672, -54.30230712890625, 0.002371564507484436], ""velocity"": [-2.298108370268892e-09, -3.4360032596936207e-09, 0.00028464317438192666], ""speed"": 0.0010247154278829917, ""is_static"": false}, {""id"": ""ai_8"", ""type"": ""random_traffic"", ""model"": ""vehicle.ford.mustang"", ""distance"": 72.05919647216797, ""relative_position"": [-3.3914260864257812, -71.97933959960938, -0.007047533988952637], ""velocity"": [2.6188917701119863e-08, 9.104336035070659e-11, 0.000676546071190387], ""speed"": 0.0024355658581101942, ""is_static"": false}, {""id"": ""ai_6"", ""type"": ""random_traffic"", ""model"": ""vehicle.chevrolet.impala"", ""distance"": 79.48175048828125, ""relative_position"": [0.6094474792480469, -79.47941589355469, -0.007565498352050781], ""velocity"": [-7.45394061141269e-07, 0.00015276703925337642, 0.000938310578931123], ""speed"": 0.0034223961285793267, ""is_static"": false}, {""id"": ""ai_0"", ""type"": ""random_traffic"", ""model"": ""vehicle.audi.a2"", ""distance"": 112.671875, ""relative_position"": [86.88821792602539, -71.73136901855469, -0.009274587035179138], ""velocity"": [1.703245544604215e-07, -6.954682874038554e-08, 0.0006978129968047142], ""speed"": 0.002512126875805443, ""is_static"": false}, {""id"": ""ai_7"", ""type"": ""random_traffic"", ""model"": ""vehicle.seat.leon"", ""distance"": 116.29376220703125, ""relative_position"": [86.90240859985352, -77.28007507324219, -0.006641656160354614], ""velocity"": [0.0, 0.0, 0.0], ""speed"": 0.0, ""is_static"": false}, {""id"": ""ai_2"", ""type"": ""random_traffic"", ""model"": ""vehicle.ford.mustang"", ""distance"": 132.6019287109375, ""relative_position"": [-52.70053005218506, -121.67961120605469, -0.006651788949966431], ""velocity"": [-1.6712263459339738e-05, 3.665358543395996, -0.0008542918949387968], ""speed"": 13.195291114763247, ""is_static"": false}, {""id"": ""ai_5"", ""type"": ""random_traffic"", ""model"": ""vehicle.audi.etron"", ""distance"": 145.2224884033203, ""relative_position"": [144.4404182434082, -15.051239013671875, -0.010052978992462158], ""velocity"": [-0.008213919587433338, 9.434460639953613, -1.357078508590348e-05], ""speed"": 33.96407117617072, ""is_static"": false}, {""id"": ""ai_4"", ""type"": ""random_traffic"", ""model"": ""vehicle.audi.etron"", ""distance"": 162.36753845214844, ""relative_position"": [144.45143508911133, -74.14176940917969, -0.010269388556480408], ""velocity"": [0.0007766563212499022, 6.1232428550720215, -8.621215783932712e-06], ""speed"": 22.043674455597476, ""is_static"": false}]"
1759224271.2880018,81812,45.24262619018555,291.19073486328125,0.22154632210731506,-6.103515261202119e-05,4.0981132769957185e-05,-90.05333709716797,3.7871380698106805e-08,-1.4161275485591318e-09,0.0012176894815638661,7.963828352330893e-07,8.604776269294234e-08,0.034015510231256485,3.2401715088781202e-06,2.2936756067792885e-05,7.596518081243175e-09,0.3325749933719635,0.0,0.009668270125985146,False,False,-1,7,4.0,False,0.004383682135752992,125.14495086669922,0.0005925280897918217,9,"[{""id"": ""ai_1"", ""type"": ""random_traffic"", ""model"": ""vehicle.audi.etron"", ""distance"": 9.816963195800781, ""relative_position"": [-3.3850746154785156, -9.214874267578125, -0.010971635580062866], ""velocity"": [0.0, 0.0, 0.0], ""speed"": 0.0, ""is_static"": false}, {""id"": ""ai_3"", ""type"": ""random_traffic"", ""model"": ""vehicle.nissan.patrol_2021"", ""distance"": 57.94375228881836, ""relative_position"": [20.217266082763672, -54.30230712890625, 0.002315714955329895], ""velocity"": [-3.1833620184329448e-09, -5.50473977511956e-09, 7.700920104980469e-05], ""speed"": 0.00027723312472444, ""is_static"": false}, {""id"": ""ai_8"", ""type"": ""random_traffic"", ""model"": ""vehicle.ford.mustang"", ""distance"": 72.05919647216797, ""relative_position"": [-3.3914260864257812, -71.97933959960938, -0.007094085216522217], ""velocity"": [-3.24673676832532e-10, -1.3209237523237327e-11, 0.0004095745098311454], ""speed"": 0.0014744682353925876, ""is_static"": false}, {""id"": ""ai_6"", ""type"": ""random_traffic"", ""model"": ""vehicle.chevrolet.impala"", ""distance"": 79.48200225830078, ""relative_position"": [0.6094474792480469, -79.47966003417969, -0.007982030510902405], ""velocity"": [1.8100291754308273e-06, 0.00022076298773754388, 0.0006711387541145086], ""speed"": 0.0025434625475998225, ""is_static"": false}, {""id"": ""ai_0"", ""type"": ""random_traffic"", ""model"": ""vehicle.audi.a2"", ""distance"": 112.671875, ""relative_position"": [86.88821792602539, -71.73136901855469, -0.009320825338363647], ""velocity"": [2.048965939138725e-07, -6.054518308928891e-08, 0.00040547369280830026], ""speed"": 0.0014597054967543334, ""is_static"": false}, {""id"": ""ai_7"", ""type"": ""random_traffic"", ""model"": ""vehicle.seat.leon"", ""distance"": 116.29376220703125, ""relative_position"": [86.90240859985352, -77.28007507324219, -0.006692856550216675], ""velocity"": [0.0, 0.0, 0.0], ""speed"": 0.0, ""is_static"": false}, {""id"": ""ai_2"", ""type"": ""random_traffic"", ""model"": ""vehicle.ford.mustang"", ""distance"": 132.4176788330078, ""relative_position"": [-52.700536251068115, -121.47879028320312, -0.006539762020111084], ""velocity"": [-2.5760855351109058e-05, 2.2761614322662354, 2.0322799173300155e-05], ""speed"": 8.19418115700986, ""is_static"": false}, {""id"": ""ai_5"", ""type"": ""random_traffic"", ""model"": ""vehicle.audi.etron"", ""distance"": 145.1555938720703, ""relative_position"": [144.4398078918457, -14.3974609375, -0.01014949381351471], ""velocity"": [-0.008332042954862118, 9.350353240966797, -5.0354001359664835e-06], ""speed"": 33.66128503182182, ""is_static"": false}, {""id"": ""ai_4"", ""type"": ""random_traffic"", ""model"": ""vehicle.audi.etron"", ""distance"": 162.1759033203125, ""relative_position"": [144.45143508911133, -73.72114562988281, -0.010215908288955688], ""velocity"": [0.0007832830306142569, 6.0002570152282715, -1.2254714420123491e-05], ""speed"": 21.600925438918637, ""is_static"": false}]"
1759224271.3447607,81815,45.24262619018555,291.19073486328125,0.22159869968891144,-6.103515261202119e-05,4.0981132769957185e-05,-90.05333709716797,-1.8544698221489853e-08,-2.9154887393190165e-09,0.0015860700514167547,-1.4825309335719794e-06,-1.6675272718202905e-08,0.07839568704366684,4.102849288756261e-06,-5.223968855716521e-06,-3.1981743919828887e-09,0.3325749933719635,0.0,0.009668270125985146,False,False,-1,7,4.0,False,0.005709852185500255,125.14495086669922,0.0005925280897918217,9,"[{""id"": ""ai_1"", ""type"": ""random_traffic"", ""model"": ""vehicle.audi.etron"", ""distance"": 9.816963195800781, ""relative_position"": [-3.3850746154785156, -9.214874267578125, -0.01102401316165924], ""velocity"": [0.0, 0.0, 0.0], ""speed"": 0.0, ""is_static"": false}, {""id"": ""ai_3"", ""type"": ""random_traffic"", ""model"": ""vehicle.nissan.patrol_2021"", ""distance"": 57.94375228881836, ""relative_position"": [20.217266082763672, -54.30230712890625, 0.0022651702165603638], ""velocity"": [1.7914832284304794e-08, 3.799662806613924e-08, 0.0002515458909329027], ""speed"": 0.0009055652199860975, ""is_static"": false}, {""id"": ""ai_8"", ""type"": ""random_traffic"", ""model"": ""vehicle.ford.mustang"", ""distance"": 72.05919647216797, ""relative_position"": [-3.3914260864257812, -71.97933959960938, -0.007130622863769531], ""velocity"": [1.1833350299639278e-08, 4.097350903009556e-09, 0.0007571077439934015], ""speed"": 0.002725587878749072, ""is_static"": false}, {""id"": ""ai_6"", ""type"": ""random_traffic"", ""model"": ""vehicle.chevrolet.impala"", ""distance"": 79.48220825195312, ""relative_position"": [0.6094474792480469, -79.47987365722656, -0.008298531174659729], ""velocity"": [1.894614911179815e-06, 0.00020647404016926885, 0.0009753942140378058], ""speed"": 0.0035892360929922866, ""is_static"": false}, {""id"": ""ai_0"", ""type"": ""random_traffic"", ""model"": ""vehicle.audi.a2"", ""distance"": 112.671875, ""relative_position"": [86.88821792602539, -71.73136901855469, -0.009357795119285583], ""velocity"": [2.1514559023216862e-07, -7.23054469631279e-08, 0.0007474470185115933], ""speed"": 0.002690809390701717, ""is_static"": false}, {""id"": ""ai_7"", ""type"": ""random_traffic"", ""model"": ""vehicle.seat.leon"", ""distance"": 116.29376220703125, ""relative_position"": [86.90240859985352, -77.28007507324219, -0.006745234131813049], ""velocity"": [0.0, 0.0, 0.0], ""speed"": 0.0, ""is_static"": false}, {""id"": ""ai_2"", ""type"": ""random_traffic"", ""model"": ""vehicle.ford.mustang"", ""distance"": 132.3388214111328, ""relative_position"": [-52.70053815841675, -121.392822265625, -0.00645756721496582], ""velocity"": [-2.1043340893811546e-05, 1.2941874265670776, 0.0007838296587578952], ""speed"": 4.659075590770371, ""is_static"": false}, {""id"": ""ai_5"", ""type"": ""random_traffic"", ""model"": ""vehicle.audi.etron"", ""distance"": 145.10935974121094, ""relative_position"": [144.43938064575195, -13.928131103515625, -0.010279089212417603], ""velocity"": [-0.008346164599061012, 9.312721252441406, 2.160072199330898e-06], ""speed"": 33.52580997265361, ""is_static"": false}, {""id"": ""ai_4"", ""type"": ""random_traffic"", ""model"": ""vehicle.audi.etron"", ""distance"": 162.03994750976562, ""relative_position"": [144.45143508911133, -73.42158508300781, -0.01025150716304779], ""velocity"": [0.0007922521908767521, 5.945454120635986, -1.1830329640361015e-05], ""speed"": 21.40363502435851, ""is_static"": false}]"
1759224271.4032915,81819,45.24262619018555,291.19073486328125,0.22165149450302124,-6.103515261202119e-05,4.0981132769957185e-05,-90.05333709716797,-5.54386581086419e-09,-4.2281782519637545e-09,0.0013529014540836215,-1.228508040185261e-06,3.4125459791312096e-08,0.04555259272456169,5.9733979469456244e-06,1.2145445907663088e-05,-2.7333209029478667e-09,0.3325749933719635,0.0,0.009668270125985146,False,False,-1,7,4.0,False,0.004870445234765715,125.14495086669922,0.0005925280897918217,9,"[{""id"": ""ai_1"", ""type"": ""random_traffic"", ""model"": ""vehicle.audi.etron"", ""distance"": 9.816963195800781, ""relative_position"": [-3.3850746154785156, -9.214874267578125, -0.011076807975769043], ""velocity"": [0.0, 0.0, 0.0], ""speed"": 0.0, ""is_static"": false}, {""id"": ""ai_3"", ""type"": ""random_traffic"", ""model"": ""vehicle.nissan.patrol_2021"", ""distance"": 57.94375228881836, ""relative_position"": [20.217266082763672, -54.30230712890625, 0.002211838960647583], ""velocity"": [-7.3104047260130756e-09, -2.3069546273291053e-08, 0.0002530765486881137], ""speed"": 0.0009110755794426001, ""is_static"": false}, {""id"": ""ai_8"", ""type"": ""random_traffic"", ""model"": ""vehicle.ford.mustang"", ""distance"": 72.05919647216797, ""relative_position"": [-3.3914260864257812, -71.97933959960938, -0.007169380784034729], ""velocity"": [1.835035234876159e-09, 3.732466002936974e-10, 0.0007042837096378207], ""speed"": 0.002535421354705117, ""is_static"": false}, {""id"": ""ai_6"", ""type"": ""random_traffic"", ""model"": ""vehicle.chevrolet.impala"", ""distance"": 79.4824447631836, ""relative_position"": [0.6094474792480469, -79.4801025390625, -0.008646205067634583], ""velocity"": [1.6560661606490612e-06, 0.0001556016504764557, 0.0008525466546416283], ""speed"": 0.0031198739353164215, ""is_static"": false}, {""id"": ""ai_0"", ""type"": ""random_traffic"", ""model"": ""vehicle.audi.a2"", ""distance"": 112.671875, ""relative_position"": [86.88821792602539, -71.73136901855469, -0.009408608078956604], ""velocity"": [2.992709653426573e-07, -1.865260834676974e-09, 7.527351408498362e-05], ""speed"": 0.0002709867924848477, ""is_static"": false}, {""id"": ""ai_7"", ""type"": ""random_traffic"", ""model"": ""vehicle.seat.leon"", ""distance"": 116.29376220703125, ""relative_position"": [86.90240859985352, -77.28007507324219, -0.0067980289459228516], ""velocity"": [0.0, 0.0, 0.0], ""speed"": 0.0, ""is_static"": false}, {""id"": ""ai_2"", ""type"": ""random_traffic"", ""model"": ""vehicle.ford.mustang"", ""distance"": 132.3137969970703, ""relative_position"": [-52.70054006576538, -121.36553955078125, -0.006346553564071655], ""velocity"": [1.0089133866131306e-05, 1.35137506731553e-05, 0.0009627151302993298], ""speed"": 0.0034663061969565498, ""is_static"": false}, {""id"": ""ai_5"", ""type"": ""random_traffic"", ""model"": ""vehicle.audi.etron"", ""distance"": 145.0497589111328, ""relative_position"": [144.43880081176758, -13.29913330078125, -0.010469213128089905], ""velocity"": [-0.008336641825735569, 9.277365684509277, 1.0251998901367188e-05], ""speed"": 33.39852994860414, ""is_static"": false}, {""id"": ""ai_4"", ""type"": ""random_traffic"", ""model"": ""vehicle.audi.etron"", ""distance"": 161.85897827148438, ""relative_position"": [144.45143508911133, -73.02130126953125, -0.010370597243309021], ""velocity"": [0.0008044678252190351, 5.916329860687256, -4.682540748035535e-06], ""speed"": 21.29878769537706, ""is_static"": false}]"
1759224271.4641662,81822,45.24262619018555,291.19073486328125,0.22166548669338226,-6.103515261202119e-05,4.0981132769957185e-05,-90.05333709716797,-5.150405613107978e-08,1.0167947372963226e-08,4.1217801481252536e-05,-4.276767413102789e-06,8.278893801616505e-07,-0.05438403785228729,-1.323276046605315e-05,-4.496466863201931e-05,-7.779078714520438e-09,0.3325749933719635,0.0,0.009668270125985146,False,False,-1,7,4.0,False,0.00014838420569062439,125.14495086669922,0.0005925280897918217,9,"[{""id"": ""ai_1"", ""type"": ""random_traffic"", ""model"": ""vehicle.audi.etron"", ""distance"": 9.816963195800781, ""relative_position"": [-3.3850746154785156, -9.214874267578125, -0.011090800166130066], ""velocity"": [0.0, 0.0, 0.0], ""speed"": 0.0, ""is_static"": false}, {""id"": ""ai_3"", ""type"": ""random_traffic"", ""model"": ""vehicle.nissan.patrol_2021"", ""distance"": 57.94375228881836, ""relative_position"": [20.217266082763672, -54.30230712890625, 0.0021917372941970825], ""velocity"": [-8.569063680852196e-09, -2.5080195698024e-08, -0.0001884078956209123], ""speed"": 0.0006782684309462617, ""is_static"": false}, {""id"": ""ai_8"", ""type"": ""random_traffic"", ""model"": ""vehicle.ford.mustang"", ""distance"": 72.05919647216797, ""relative_position"": [-3.3914260864257812, -71.97933959960938, -0.007182881236076355], ""velocity"": [-2.1092882995787932e-10, 5.247859091728202e-11, -2.5033950805664062e-05], ""speed"": 9.012222290378765e-05, ""is_static"": false}, {""id"": ""ai_6"", ""type"": ""random_traffic"", ""model"": ""vehicle.chevrolet.impala"", ""distance"": 79.4825439453125, ""relative_position"": [0.6094474792480469, -79.48020935058594, -0.008835211396217346], ""velocity"": [1.1618321877904236e-06, 0.00011302506027277559, -0.00012559890456032008], ""speed"": 0.0006082945356803939, ""is_static"": false}, {""id"": ""ai_0"", ""type"": ""random_traffic"", ""model"": ""vehicle.audi.a2"", ""distance"": 112.671875, ""relative_position"": [86.88821792602539, -71.73136901855469, -0.009446099400520325], ""velocity"": [-1.454445719417663e-08, 1.9506570581029337e-08, -0.0004683589795604348], ""speed"": 0.0016860923286929259, ""is_static"": false}, {""id"": ""ai_7"", ""type"": ""random_traffic"", ""model"": ""vehicle.seat.leon"", ""distance"": 116.29376220703125, ""relative_position"": [86.90240859985352, -77.28007507324219, -0.0068120211362838745], ""velocity"": [0.0, 0.0, 0.0], ""speed"": 0.0, ""is_static"": false}, {""id"": ""ai_2"", ""type"": ""random_traffic"", ""model"": ""vehicle.ford.mustang"", ""distance"": 132.313720703125, ""relative_position"": [-52.70054006576538, -121.36546325683594, -0.0064393579959869385], ""velocity"": [5.2667299854647354e-08, -6.980397301958874e-05, 6.90555534674786e-05], ""speed"": 0.0003534838311248679, ""is_static"": false}, {""id"": ""ai_5"", ""type"": ""random_traffic"", ""model"": ""vehicle.audi.etron"", ""distance"": 145.00579833984375, ""relative_position"": [144.43835830688477, -12.815887451171875, -0.01059393584728241], ""velocity"": [-0.00831778347492218, 9.252019882202148, 1.3494491213350557e-05], ""speed"": 33.30728503614979, ""is_static"": false}, {""id"": ""ai_4"", ""type"": ""random_traffic"", ""model"": ""vehicle.audi.etron"", ""distance"": 161.7200164794922, ""relative_position"": [144.45143508911133, -72.71275329589844, -0.010502740740776062], ""velocity"": [0.000813863764051348, 5.9238739013671875, 4.577636616431846e-07], ""speed"": 21.325946246187804, ""is_static"": false}]"
1759224271.5239394,81826,45.24262619018555,291.19073486328125,0.22166807949543,-6.103515261202119e-05,4.0981132769957185e-05,-90.05333709716797,4.2671697286778e-08,-1.4675856085943906e-08,-0.0002126169129041955,2.6513876036915462e-06,-9.118780326389242e-07,-0.013210861012339592,1.9670325855258852e-05,5.7787448895396665e-05,7.261738765862447e-09,0.3325749933719635,0.0,0.009668270125985146,False,False,-1,7,4.0,False,0.0007654209036938926,125.14495086669922,0.0005925280897918217,9,"[{""id"": ""ai_1"", ""type"": ""random_traffic"", ""model"": ""vehicle.audi.etron"", ""distance"": 9.816963195800781, ""relative_position"": [-3.3850746154785156, -9.214874267578125, -0.011093392968177795], ""velocity"": [0.0, 0.0, 0.0], ""speed"": 0.0, ""is_static"": false}, {""id"": ""ai_3"", ""type"": ""random_traffic"", ""model"": ""vehicle.nissan.patrol_2021"", ""distance"": 57.94375228881836, ""relative_position"": [20.217266082763672, -54.30230712890625, 0.0021875500679016113], ""velocity"": [1.5003219999698558e-08, 3.689004657303485e-08, 0.00017290591495111585], ""speed"": 0.0006224613103344403, ""is_static"": false}, {""id"": ""ai_8"", ""type"": ""random_traffic"", ""model"": ""vehicle.ford.mustang"", ""distance"": 72.05919647216797, ""relative_position"": [-3.3914260864257812, -71.97933959960938, -0.0071693360805511475], ""velocity"": [-4.042322032660195e-08, 3.934403636218775e-10, 0.0005213594413362443], ""speed"": 0.0018768939944525463, ""is_static"": false}, {""id"": ""ai_6"", ""type"": ""random_traffic"", ""model"": ""vehicle.chevrolet.impala"", ""distance"": 79.482666015625, ""relative_position"": [0.6094474792480469, -79.48033142089844, -0.008973300457000732], ""velocity"": [8.017502750590211e-07, 6.681653758278117e-05, 0.0005268239765428007], ""speed"": 0.0019117613313562908, ""is_static"": false}, {""id"": ""ai_0"", ""type"": ""random_traffic"", ""model"": ""vehicle.audi.a2"", ""distance"": 112.671875, ""relative_position"": [86.88821792602539, -71.73136901855469, -0.009444579482078552], ""velocity"": [-1.5571471578823548e-07, -2.0118250176892616e-08, 0.0004942560335621238], ""speed"": 0.001779321810601546, ""is_static"": false}, {""id"": ""ai_7"", ""type"": ""random_traffic"", ""model"": ""vehicle.seat.leon"", ""distance"": 116.29376220703125, ""relative_position"": [86.90240859985352, -77.28007507324219, -0.006814613938331604], ""velocity"": [0.0, 0.0, 0.0], ""speed"": 0.0, ""is_static"": false}, {""id"": ""ai_2"", ""type"": ""random_traffic"", ""model"": ""vehicle.ford.mustang"", ""distance"": 132.3135986328125, ""relative_position"": [-52.70054006576538, -121.36531066894531, -0.006639927625656128], ""velocity"": [-2.70317457307101e-07, -8.77413694979623e-05, 0.0007295274408534169], ""speed"": 0.002645225783755613, ""is_static"": false}, {""id"": ""ai_5"", ""type"": ""random_traffic"", ""model"": ""vehicle.audi.etron"", ""distance"": 144.95150756835938, ""relative_position"": [144.43782424926758, -12.1925048828125, -0.01071089506149292], ""velocity"": [-0.008284120820462704, 9.216643333435059, 1.2764930033881683e-05], ""speed"": 33.179929403103834, ""is_static"": false}, {""id"": ""ai_4"", ""type"": ""random_traffic"", ""model"": ""vehicle.audi.etron"", ""distance"": 161.53985595703125, ""relative_position"": [144.45143508911133, -72.31117248535156, -0.01070849597454071], ""velocity"": [0.0008278500754386187, 5.9848480224609375, 7.882117643021047e-06], ""speed"": 21.54545308699931, ""is_static"": false}]"
1759224271.5816355,81829,45.24262619018555,291.19073486328125,0.2216585874557495,-6.103515261202119e-05,4.0981132769957185e-05,-90.05333709716797,3.4468971676915316e-08,-1.2710997587817019e-08,-1.3132094863976818e-05,6.4179757828242145e-06,-1.7768362567949225e-06,0.02424764819443226,1.6910449630813673e-05,3.6117868148721755e-05,3.5285072641499937e-09,0.32738739252090454,0.0,0.009668270125985146,False,False,-1,7,4.0,False,4.727572650884986e-05,125.14495086669922,0.0005925280897918217,9,"[{""id"": ""ai_1"", ""type"": ""random_traffic"", ""model"": ""vehicle.audi.etron"", ""distance"": 9.816963195800781, ""relative_position"": [-3.3850746154785156, -9.214874267578125, -0.011083900928497314], ""velocity"": [0.0, 0.0, 0.0], ""speed"": 0.0, ""is_static"": false}, {""id"": ""ai_3"", ""type"": ""random_traffic"", ""model"": ""vehicle.nissan.patrol_2021"", ""distance"": 57.94375228881836, ""relative_position"": [20.217266082763672, -54.30230712890625, 0.002192378044128418], ""velocity"": [-2.5913458046034066e-09, -3.5443896706510714e-09, -8.194923429982737e-05], ""speed"": 0.00029501724390281126, ""is_static"": false}, {""id"": ""ai_8"", ""type"": ""random_traffic"", ""model"": ""vehicle.ford.mustang"", ""distance"": 72.05919647216797, ""relative_position"": [-3.3914260864257812, -71.97933959960938, -0.007152557373046875], ""velocity"": [3.477962584597094e-09, 4.101051442884085e-10, 8.774756861384958e-05], ""speed"": 0.0003158912472614431, ""is_static"": false}, {""id"": ""ai_6"", ""type"": ""random_traffic"", ""model"": ""vehicle.chevrolet.impala"", ""distance"": 79.48269653320312, ""relative_position"": [0.6094474792480469, -79.48036193847656, -0.009020417928695679], ""velocity"": [3.272932858067179e-08, 4.1872986912494525e-05, 0.0001266670151380822], ""speed"": 0.0004802713145016424, ""is_static"": false}, {""id"": ""ai_0"", ""type"": ""random_traffic"", ""model"": ""vehicle.audi.a2"", ""distance"": 112.671875, ""relative_position"": [86.88821792602539, -71.73136901855469, -0.009424015879631042], ""velocity"": [-5.858506924028006e-08, -7.36133420886631e-09, 0.0001995658822124824], ""speed"": 0.0007184372074107882, ""is_static"": false}, {""id"": ""ai_7"", ""type"": ""random_traffic"", ""model"": ""vehicle.seat.leon"", ""distance"": 116.29376220703125, ""relative_position"": [86.90240859985352, -77.28007507324219, -0.006805121898651123], ""velocity"": [0.0, 0.0, 0.0], ""speed"": 0.0, ""is_static"": false}, {""id"": ""ai_2"", ""type"": ""random_traffic"", ""model"": ""vehicle.ford.mustang"", ""distance"": 132.3134765625, ""relative_position"": [-52.70054006576538, -121.36518859863281, -0.006773114204406738], ""velocity"": [-1.930838777752797e-07, -7.742717571090907e-05, 0.00029958723462186754], ""speed"": 0.0011139514383264441, ""is_static"": false}, {""id"": ""ai_5"", ""type"": ""random_traffic"", ""model"": ""vehicle.audi.etron"", ""distance"": 144.9132537841797, ""relative_position"": [144.43742752075195, -11.733673095703125, -0.01075790822505951], ""velocity"": [-0.007584183011204004, 9.179401397705078, 1.1615752555371728e-05], ""speed"": 33.04585631089672, ""is_static"": false}, {""id"": ""ai_4"", ""type"": ""random_traffic"", ""model"": ""vehicle.audi.etron"", ""distance"": 161.40582275390625, ""relative_position"": [144.45143508911133, -72.01126098632812, -0.010868683457374573], ""velocity"": [0.0008347932016476989, 6.027243614196777, 8.926391274144407e-06], ""speed"": 21.698077219251115, ""is_static"": false}]"
1759224271.6453762,81832,45.24262619018555,291.19073486328125,0.2216547280550003,-6.103515261202119e-05,4.0981132769957185e-05,-90.05333709716797,-7.4216721657194284e-09,5.2820245954876555e-09,0.0002652931143529713,2.4810210561554413e-06,-8.168111662598676e-07,-0.018956419080495834,-7.407635621348163e-06,-3.267621650593355e-05,-4.441381928899091e-09,0.3221718668937683,0.0,0.009668270125985146,False,False,-1,7,4.0,False,0.0009550552122337185,125.14495086669922,0.0005925280897918217,9,"[{""id"": ""ai_1"", ""type"": ""random_traffic"", ""model"": ""vehicle.audi.etron"", ""distance"": 9.816963195800781, ""relative_position"": [-3.3850746154785156, -9.214874267578125, -0.011080041527748108], ""velocity"": [0.0, 0.0, 0.0], ""speed"": 0.0, ""is_static"": false}, {""id"": ""ai_3"", ""type"": ""random_traffic"", ""model"": ""vehicle.nissan.patrol_2021"", ""distance"": 57.94375228881836, ""relative_position"": [20.217266082763672, -54.30230712890625, 0.00218769907951355], ""velocity"": [-3.390372871336922e-09, -3.0980149556825154e-09, -6.422042497433722e-05], ""speed"": 0.0002311935304987995, ""is_static"": false}, {""id"": ""ai_8"", ""type"": ""random_traffic"", ""model"": ""vehicle.ford.mustang"", ""distance"": 72.05919647216797, ""relative_position"": [-3.3914260864257812, -71.97933959960938, -0.007156208157539368], ""velocity"": [4.600797076648178e-09, 2.946854149588063e-10, 1.0738372111518402e-05], ""speed"": 3.865814316415803e-05, ""is_static"": false}, {""id"": ""ai_6"", ""type"": ""random_traffic"", ""model"": ""vehicle.chevrolet.impala"", ""distance"": 79.48272705078125, ""relative_position"": [0.6094474792480469, -79.48039245605469, -0.00906287133693695], ""velocity"": [3.860897379581729e-08, 2.3633767341380008e-05, 5.975723252049647e-05], ""speed"": 0.0002313398007505149, ""is_static"": false}, {""id"": ""ai_0"", ""type"": ""random_traffic"", ""model"": ""vehicle.audi.a2"", ""distance"": 112.671875, ""relative_position"": [86.88821792602539, -71.73136901855469, -0.009420469403266907], ""velocity"": [-7.765980569729436e-08, -5.259098490029146e-09, 0.00017387389380019158], ""speed"": 0.0006259460804023876, ""is_static"": false}, {""id"": ""ai_7"", ""type"": ""random_traffic"", ""model"": ""vehicle.seat.leon"", ""distance"": 116.29376220703125, ""relative_position"": [86.90240859985352, -77.28007507324219, -0.0068012624979019165], ""velocity"": [0.0, 0.0, 0.0], ""speed"": 0.0, ""is_static"": false}, {""id"": ""ai_2"", ""type"": ""random_traffic"", ""model"": ""vehicle.ford.mustang"", ""distance"": 132.31338500976562, ""relative_position"": [-52.70054006576538, -121.36509704589844, -0.006903141736984253], ""velocity"": [-1.8952812297357013e-07, -6.03625740041025e-05, 0.0001938247587531805], ""speed"": 0.0007308240590161373, ""is_static"": false}, {""id"": ""ai_5"", ""type"": ""random_traffic"", ""model"": ""vehicle.audi.etron"", ""distance"": 144.87518310546875, ""relative_position"": [144.43707656860352, -11.258331298828125, -0.010771214962005615], ""velocity"": [-0.006186323706060648, 9.120711326599121, 8.363723281945568e-06], ""speed"": 32.83456832858877, ""is_static"": false}, {""id"": ""ai_4"", ""type"": ""random_traffic"", ""model"": ""vehicle.audi.etron"", ""distance"": 161.26605224609375, ""relative_position"": [144.45143508911133, -71.69743347167969, -0.011005207896232605], ""velocity"": [0.0008373243035748601, 6.047947406768799, 7.3719024840102065e-06], ""speed"": 21.772610873049945, ""is_static"": false}]"
1759224271.7040157,81836,45.24262619018555,291.19073486328125,0.22171306610107422,-6.103515261202119e-05,4.0981132769957185e-05,-90.05333709716797,-7.986482586375132e-08,2.2482085526576157e-08,0.0012458133278414607,-7.734984137641732e-06,2.151386752302642e-06,-0.014076762832701206,-2.9956954676890746e-05,-7.652529166080058e-05,-1.556107420697117e-08,0.30635443329811096,0.0,0.009668270125985146,False,False,-1,7,4.0,False,0.004484927990175293,125.14495086669922,0.0005925280897918217,9,"[{""id"": ""ai_1"", ""type"": ""random_traffic"", ""model"": ""vehicle.audi.etron"", ""distance"": 9.816963195800781, ""relative_position"": [-3.3850746154785156, -9.214874267578125, -0.011138379573822021], ""velocity"": [0.0, 0.0, 0.0], ""speed"": 0.0, ""is_static"": false}, {""id"": ""ai_3"", ""type"": ""random_traffic"", ""model"": ""vehicle.nissan.patrol_2021"", ""distance"": 57.94375228881836, ""relative_position"": [20.217266082763672, -54.30230712890625, 0.0021413415670394897], ""velocity"": [-4.465551040055971e-09, -4.610344106481534e-09, 0.0004681443970184773], ""speed"": 0.0016853198294249172, ""is_static"": false}, {""id"": ""ai_8"", ""type"": ""random_traffic"", ""model"": ""vehicle.ford.mustang"", ""distance"": 72.05919647216797, ""relative_position"": [-3.3914260864257812, -71.97933959960938, -0.007186517119407654], ""velocity"": [3.873950049637642e-09, 1.1810022404468157e-10, 0.0007742452435195446], ""speed"": 0.002787282876705283, ""is_static"": false}, {""id"": ""ai_6"", ""type"": ""random_traffic"", ""model"": ""vehicle.chevrolet.impala"", ""distance"": 79.48274230957031, ""relative_position"": [0.6094474792480469, -79.48040771484375, -0.00912502408027649], ""velocity"": [0.0, 0.0, 0.0], ""speed"": 0.0, ""is_static"": false}, {""id"": ""ai_0"", ""type"": ""random_traffic"", ""model"": ""vehicle.audi.a2"", ""distance"": 112.671875, ""relative_position"": [86.88821792602539, -71.73136901855469, -0.009439438581466675], ""velocity"": [-1.1336761218672109e-07, -3.201724751988877e-08, 0.0009333276539109647], ""speed"": 0.003359979580843038, ""is_static"": false}, {""id"": ""ai_7"", ""type"": ""random_traffic"", ""model"": ""vehicle.seat.leon"", ""distance"": 116.29376220703125, ""relative_position"": [86.90240859985352, -77.28007507324219, -0.00685960054397583], ""velocity"": [0.0, 0.0, 0.0], ""speed"": 0.0, ""is_static"": false}, {""id"": ""ai_2"", ""type"": ""random_traffic"", ""model"": ""vehicle.ford.mustang"", ""distance"": 132.31332397460938, ""relative_position"": [-52.70054006576538, -121.36502075195312, -0.00705033540725708], ""velocity"": [-1.9444016174929857e-07, -3.8071939343353733e-05, 0.0009016466210596263], ""speed"": 0.003248820273536525, ""is_static"": false}, {""id"": ""ai_5"", ""type"": ""random_traffic"", ""model"": ""vehicle.audi.etron"", ""distance"": 144.82656860351562, ""relative_position"": [144.43652725219727, -10.621978759765625, -0.010794460773468018], ""velocity"": [-0.007440451066941023, 9.031963348388672, 4.611015356204007e-06], ""speed"": 32.51507908708091, ""is_static"": false}, {""id"": ""ai_4"", ""type"": ""random_traffic"", ""model"": ""vehicle.audi.etron"", ""distance"": 161.07772827148438, ""relative_position"": [144.45143508911133, -71.27284240722656, -0.011167079210281372], ""velocity"": [0.0008372818701900542, 6.0567851066589355, 4.796981556864921e-06], ""speed"": 21.804426592319516, ""is_static"": false}]"
1759224271.768174,81840,45.24262619018555,291.19073486328125,0.22167780995368958,-6.103515261202119e-05,4.0981132769957185e-05,-90.05333709716797,3.66462926670863e-09,7.842013260983549e-09,-0.0010509490966796875,3.993751761299791e-06,-7.883764965299633e-07,-0.11931508034467697,-1.1128940059279557e-05,-1.9018681996385567e-05,-3.0388520588786605e-09,0.26284390687942505,0.0,0.009668270125985146,False,False,-1,7,4.0,False,0.0037834167481752045,125.14495086669922,0.0005925280897918217,9,"[{""id"": ""ai_1"", ""type"": ""random_traffic"", ""model"": ""vehicle.audi.etron"", ""distance"": 9.816963195800781, ""relative_position"": [-3.3850746154785156, -9.214874267578125, -0.011103123426437378], ""velocity"": [0.0, 0.0, 0.0], ""speed"": 0.0, ""is_static"": false}, {""id"": ""ai_3"", ""type"": ""random_traffic"", ""model"": ""vehicle.nissan.patrol_2021"", ""distance"": 57.94375228881836, ""relative_position"": [20.217266082763672, -54.30230712890625, 0.0021616369485855103], ""velocity"": [-5.154133564388985e-09, -3.585243435466623e-09, -0.0004846668161917478], ""speed"": 0.0017448005384366901, ""is_static"": false}, {""id"": ""ai_8"", ""type"": ""random_traffic"", ""model"": ""vehicle.ford.mustang"", ""distance"": 72.05919647216797, ""relative_position"": [-3.3914260864257812, -71.97933959960938, -0.0071937888860702515], ""velocity"": [-3.8364731835827115e-08, 1.555590517510197e-10, -0.0010725021129474044], ""speed"": 0.0038610076090809338, ""is_static"": false}, {""id"": ""ai_6"", ""type"": ""random_traffic"", ""model"": ""vehicle.chevrolet.impala"", ""distance"": 79.48274230957031, ""relative_position"": [0.6094474792480469, -79.48040771484375, -0.009089767932891846], ""velocity"": [0.0, 0.0, 0.0], ""speed"": 0.0, ""is_static"": false}, {""id"": ""ai_0"", ""type"": ""random_traffic"", ""model"": ""vehicle.audi.a2"", ""distance"": 112.671875, ""relative_position"": [86.88821792602539, -71.73136901855469, -0.00943705439567566], ""velocity"": [1.4824711058736284e-07, -1.962352058626493e-08, -0.0009521960746496916], ""speed"": 0.0034279059110118204, ""is_static"": false}, {""id"": ""ai_7"", ""type"": ""random_traffic"", ""model"": ""vehicle.seat.leon"", ""distance"": 116.29376220703125, ""relative_position"": [86.90240859985352, -77.28007507324219, -0.0068243443965911865], ""velocity"": [0.0, 0.0, 0.0], ""speed"": 0.0, ""is_static"": false}, {""id"": ""ai_2"", ""type"": ""random_traffic"", ""model"": ""vehicle.ford.mustang"", ""distance"": 132.31326293945312, ""relative_position"": [-52.70054006576538, -121.36495971679688, -0.0071256160736083984], ""velocity"": [-3.6756517829417135e-08, -2.178618342441041e-05, -0.0009945678757503629], ""speed"": 0.0035813032664150733, ""is_static"": false}, {""id"": ""ai_5"", ""type"": ""random_traffic"", ""model"": ""vehicle.audi.etron"", ""distance"": 144.7816925048828, ""relative_position"": [144.43600845336914, -9.998931884765625, -0.010651692748069763], ""velocity"": [-0.007110644597560167, 8.864028930664062, 0.0], ""speed"": 31.910514417760684, ""is_static"": false}, {""id"": ""ai_4"", ""type"": ""random_traffic"", ""model"": ""vehicle.audi.etron"", ""distance"": 160.89291381835938, ""relative_position"": [144.45143508911133, -70.85417175292969, -0.011094391345977783], ""velocity"": [0.0008200049051083624, 5.946094989776611, 2.918243353633443e-06], ""speed"": 21.40594216674953, ""is_static"": false}]"
1759224271.8241158,81843,45.24262619018555,291.19073486328125,0.22169284522533417,-6.103515261202119e-05,4.0981132769957185e-05,-90.05333709716797,-3.6759622901172406e-08,7.917440036919743e-09,0.0015156983863562346,-4.141048975725425e-06,1.056225414686196e-06,0.160373255610466,-1.019052888295846e-05,-1.984509617614094e-05,-8.717077726316802e-09,0.15095092356204987,0.0,0.009668270125985146,False,False,-1,7,4.0,False,0.005456514192561618,125.14495086669922,0.0005925280897918217,9,"[{""id"": ""ai_1"", ""type"": ""random_traffic"", ""model"": ""vehicle.audi.etron"", ""distance"": 9.816963195800781, ""relative_position"": [-3.3850746154785156, -9.214874267578125, -0.01111815869808197], ""velocity"": [0.0, 0.0, 0.0], ""speed"": 0.0, ""is_static"": false}, {""id"": ""ai_3"", ""type"": ""random_traffic"", ""model"": ""vehicle.nissan.patrol_2021"", ""distance"": 57.94375228881836, ""relative_position"": [20.217266082763672, -54.30230712890625, 0.002144843339920044], ""velocity"": [-7.333224250061221e-09, -9.462409522598136e-09, 0.00041843889630399644], ""speed"": 0.001506380027310879, ""is_static"": false}, {""id"": ""ai_8"", ""type"": ""random_traffic"", ""model"": ""vehicle.ford.mustang"", ""distance"": 72.05919647216797, ""relative_position"": [-3.3914260864257812, -71.97933959960938, -0.007211759686470032], ""velocity"": [-9.337871809123044e-09, 8.488095226688586e-10, 0.0008953475626185536], ""speed"": 0.003223251225603539, ""is_static"": false}, {""id"": ""ai_6"", ""type"": ""random_traffic"", ""model"": ""vehicle.chevrolet.impala"", ""distance"": 79.48274230957031, ""relative_position"": [0.6094474792480469, -79.48040771484375, -0.009104803204536438], ""velocity"": [0.0, 0.0, 0.0], ""speed"": 0.0, ""is_static"": false}, {""id"": ""ai_0"", ""type"": ""random_traffic"", ""model"": ""vehicle.audi.a2"", ""distance"": 112.671875, ""relative_position"": [86.88821792602539, -71.73136901855469, -0.00946536660194397], ""velocity"": [2.3088975353857677e-07, -5.256183399637848e-08, 0.0001070022553903982], ""speed"": 0.00038520906266555907, ""is_static"": false}, {""id"": ""ai_7"", ""type"": ""random_traffic"", ""model"": ""vehicle.seat.leon"", ""distance"": 116.29376220703125, ""relative_position"": [86.90240859985352, -77.28007507324219, -0.006839379668235779], ""velocity"": [0.0, 0.0, 0.0], ""speed"": 0.0, ""is_static"": false}, {""id"": ""ai_2"", ""type"": ""random_traffic"", ""model"": ""vehicle.ford.mustang"", ""distance"": 132.31324768066406, ""relative_position"": [-52.70054006576538, -121.36494445800781, -0.0071485936641693115], ""velocity"": [0.0, 0.0, 0.0], ""speed"": 0.0, ""is_static"": false}, {""id"": ""ai_5"", ""type"": ""random_traffic"", ""model"": ""vehicle.audi.etron"", ""distance"": 144.75115966796875, ""relative_position"": [144.43568801879883, -9.551544189453125, -0.010504350066184998], ""velocity"": [-0.005390853155404329, 8.658455848693848, -5.5122372941696085e-06], ""speed"": 31.170447096835336, ""is_static"": false}, {""id"": ""ai_4"", ""type"": ""random_traffic"", ""model"": ""vehicle.audi.etron"", ""distance"": 160.76046752929688, ""relative_position"": [144.45143508911133, -70.55288696289062, -0.010974273085594177], ""velocity"": [0.0008047043811529875, 5.844397068023682, 3.342628360769595e-06], ""speed"": 21.039829644325597, ""is_static"": false}]"
1759224271.8853846,81847,45.24262619018555,291.19073486328125,0.22170817852020264,-6.103515261202119e-05,4.0981132769957185e-05,-90.05333709716797,2.5631429423356167e-08,-6.748096303965667e-09,0.0013626622967422009,1.4767564380235854e-06,-9.394773883286689e-07,0.1765032559633255,9.55089126364328e-06,3.6230700061423704e-05,1.874241206678562e-09,0.0,0.0,0.009668270125985146,False,False,-1,7,4.0,False,0.004905584269199895,125.14495086669922,0.0005925280897918217,9,"[{""id"": ""ai_1"", ""type"": ""random_traffic"", ""model"": ""vehicle.audi.etron"", ""distance"": 9.816963195800781, ""relative_position"": [-3.3850746154785156, -9.214874267578125, -0.01113349199295044], ""velocity"": [0.0, 0.0, 0.0], ""speed"": 0.0, ""is_static"": false}, {""id"": ""ai_3"", ""type"": ""random_traffic"", ""model"": ""vehicle.nissan.patrol_2021"", ""distance"": 57.94375228881836, ""relative_position"": [20.217266082763672, -54.30230712890625, 0.002131044864654541], ""velocity"": [1.531886084649159e-08, 3.9912322336022044e-08, 0.00043239115620963275], ""speed"": 0.001556608169963043, ""is_static"": false}, {""id"": ""ai_8"", ""type"": ""random_traffic"", ""model"": ""vehicle.ford.mustang"", ""distance"": 72.05919647216797, ""relative_position"": [-3.3914260864257812, -71.97933959960938, -0.007191166281700134], ""velocity"": [3.96307514582972e-10, 8.222381803202339e-11, 0.0016514253802597523], ""speed"": 0.005945131368935287, ""is_static"": false}, {""id"": ""ai_6"", ""type"": ""random_traffic"", ""model"": ""vehicle.chevrolet.impala"", ""distance"": 79.48274230957031, ""relative_position"": [0.6094474792480469, -79.48040771484375, -0.009120136499404907], ""velocity"": [0.0, 0.0, 0.0], ""speed"": 0.0, ""is_static"": false}, {""id"": ""ai_0"", ""type"": ""random_traffic"", ""model"": ""vehicle.audi.a2"", ""distance"": 112.671875, ""relative_position"": [86.88821792602539, -71.73136901855469, -0.009506642818450928], ""velocity"": [1.3379282393088943e-07, -2.7439963190545313e-08, 0.0007145547424443066], ""speed"": 0.0025723971197885533, ""is_static"": false}, {""id"": ""ai_7"", ""type"": ""random_traffic"", ""model"": ""vehicle.seat.leon"", ""distance"": 116.29376220703125, ""relative_position"": [86.90240859985352, -77.28007507324219, -0.006854712963104248], ""velocity"": [0.0, 0.0, 0.0], ""speed"": 0.0, ""is_static"": false}, {""id"": ""ai_2"", ""type"": ""random_traffic"", ""model"": ""vehicle.ford.mustang"", ""distance"": 132.31324768066406, ""relative_position"": [-52.70054006576538, -121.36494445800781, -0.007163926959037781], ""velocity"": [0.0, 0.0, 0.0], ""speed"": 0.0, ""is_static"": false}, {""id"": ""ai_5"", ""type"": ""random_traffic"", ""model"": ""vehicle.audi.etron"", ""distance"": 144.71412658691406, ""relative_position"": [144.4353370666504, -8.978485107421875, -0.010224908590316772], ""velocity"": [-0.005882045719772577, 8.360832214355469, -1.842975507315714e-05], ""speed"": 30.099003420439978, ""is_static"": false}, {""id"": ""ai_4"", ""type"": ""random_traffic"", ""model"": ""vehicle.audi.etron"", ""distance"": 160.59243774414062, ""relative_position"": [144.45143508911133, -70.169189453125, -0.010661780834197998], ""velocity"": [0.0007298248820006847, 5.308317184448242, 2.2745132355339592e-06], ""speed"": 19.109942044630074, ""is_static"": false}]"
1759224271.9418664,81850,45.24262619018555,291.19073486328125,0.2217424362897873,-6.103515261202119e-05,4.0981132769957185e-05,-90.05333709716797,-3.6884760135080796e-08,1.147607231466452e-09,-0.00038517473149113357,-2.345732582398341e-06,7.298351789586377e-08,-0.024495668709278107,-5.413666599451972e-07,-1.6980295185931027e-05,-7.868750984130202e-09,0.0,0.0,0.009668270125985146,False,False,-1,7,4.0,False,0.0013866290397320615,125.14495086669922,0.0005925280897918217,9,"[{""id"": ""ai_1"", ""type"": ""random_traffic"", ""model"": ""vehicle.audi.etron"", ""distance"": 9.816963195800781, ""relative_position"": [-3.3850746154785156, -9.214874267578125, -0.011167749762535095], ""velocity"": [0.0, 0.0, 0.0], ""speed"": 0.0, ""is_static"": false}, {""id"": ""ai_3"", ""type"": ""random_traffic"", ""model"": ""vehicle.nissan.patrol_2021"", ""distance"": 57.94375228881836, ""relative_position"": [20.217266082763672, -54.30230712890625, 0.0021207481622695923], ""velocity"": [1.6615393505503562e-08, 2.824810430013258e-08, 0.00024348258739337325], ""speed"": 0.0008765373225561285, ""is_static"": false}, {""id"": ""ai_8"", ""type"": ""random_traffic"", ""model"": ""vehicle.ford.mustang"", ""distance"": 72.05919647216797, ""relative_position"": [-3.3914260864257812, -71.97933959960938, -0.007165372371673584], ""velocity"": [2.3524029391097656e-09, 1.896794804556734e-10, 0.0003991365374531597], ""speed"": 0.0014368915348564931, ""is_static"": false}, {""id"": ""ai_6"", ""type"": ""random_traffic"", ""model"": ""vehicle.chevrolet.impala"", ""distance"": 79.48274230957031, ""relative_position"": [0.6094474792480469, -79.48040771484375, -0.009154394268989563], ""velocity"": [0.0, 0.0, 0.0], ""speed"": 0.0, ""is_static"": false}, {""id"": ""ai_0"", ""type"": ""random_traffic"", ""model"": ""vehicle.audi.a2"", ""distance"": 112.671875, ""relative_position"": [86.88821792602539, -71.73136901855469, -0.009504124522209167], ""velocity"": [3.133419568257523e-08, 8.616650859494257e-08, 0.00023793696891516447], ""speed"": 0.0008565731516899962, ""is_static"": false}, {""id"": ""ai_7"", ""type"": ""random_traffic"", ""model"": ""vehicle.seat.leon"", ""distance"": 116.29376220703125, ""relative_position"": [86.90240859985352, -77.28007507324219, -0.006888970732688904], ""velocity"": [0.0, 0.0, 0.0], ""speed"": 0.0, ""is_static"": false}, {""id"": ""ai_2"", ""type"": ""random_traffic"", ""model"": ""vehicle.ford.mustang"", ""distance"": 132.31324768066406, ""relative_position"": [-52.70054006576538, -121.36494445800781, -0.0071981847286224365], ""velocity"": [0.0, 0.0, 0.0], ""speed"": 0.0, ""is_static"": false}, {""id"": ""ai_5"", ""type"": ""random_traffic"", ""model"": ""vehicle.audi.etron"", ""distance"": 144.68829345703125, ""relative_position"": [144.4350471496582, -8.556793212890625, -0.010044679045677185], ""velocity"": [-0.005816790275275707, 8.13938045501709, -2.8452872356865555e-05], ""speed"": 29.301777120760995, ""is_static"": false}, {""id"": ""ai_4"", ""type"": ""random_traffic"", ""model"": ""vehicle.audi.etron"", ""distance"": 160.48777770996094, ""relative_position"": [144.45143508911133, -69.92933654785156, -0.00988014042377472], ""velocity"": [0.000625036540441215, 4.553226947784424, -0.0013240623520687222], ""speed"": 16.391617859524207, ""is_static"": false}]"
1759224272.0046735,81854,45.24262619018555,291.19073486328125,0.2216978371143341,-6.103515261202119e-05,4.0981132769957185e-05,-90.05333709716797,2.0675170020467704e-08,1.4569695450106224e-09,-0.0006072711548767984,2.862406972781173e-06,-1.810371941246558e-08,-0.05006653442978859,-3.1798845157027245e-06,-2.4167202354874462e-05,7.186920836232957e-09,0.0,0.0,0.009668270125985146,False,False,-1,7,4.0,False,0.0021861761588297993,125.14495086669922,0.0005925280897918217,9,"[{""id"": ""ai_1"", ""type"": ""random_traffic"", ""model"": ""vehicle.audi.etron"", ""distance"": 9.816963195800781, ""relative_position"": [-3.3850746154785156, -9.214874267578125, -0.01112315058708191], ""velocity"": [0.0, 0.0, 0.0], ""speed"": 0.0, ""is_static"": false}, {""id"": ""ai_3"", ""type"": ""random_traffic"", ""model"": ""vehicle.nissan.patrol_2021"", ""distance"": 57.94375228881836, ""relative_position"": [20.217266082763672, -54.30230712890625, 0.0021741092205047607], ""velocity"": [-4.0867451644999164e-09, -2.7948294789581496e-09, -1.815795803850051e-05], ""speed"": 6.536865136853383e-05, ""is_static"": false}, {""id"": ""ai_8"", ""type"": ""random_traffic"", ""model"": ""vehicle.ford.mustang"", ""distance"": 72.05919647216797, ""relative_position"": [-3.3914260864257812, -71.97933959960938, -0.007144927978515625], ""velocity"": [-2.227584339209443e-08, 7.468446416858399e-10, -0.0005966377211734653], ""speed"": 0.0021478957977231865, ""is_static"": false}, {""id"": ""ai_6"", ""type"": ""random_traffic"", ""model"": ""vehicle.chevrolet.impala"", ""distance"": 79.48274230957031, ""relative_position"": [0.6094474792480469, -79.48040771484375, -0.009109795093536377], ""velocity"": [0.0, 0.0, 0.0], ""speed"": 0.0, ""is_static"": false}, {""id"": ""ai_0"", ""type"": ""random_traffic"", ""model"": ""vehicle.audi.a2"", ""distance"": 112.671875, ""relative_position"": [86.88821792602539, -71.73136901855469, -0.009473875164985657], ""velocity"": [-4.502265582573273e-08, 5.380530865295441e-08, -0.0002891826443374157], ""speed"": 0.0010410575502517055, ""is_static"": false}, {""id"": ""ai_7"", ""type"": ""random_traffic"", ""model"": ""vehicle.seat.leon"", ""distance"": 116.29376220703125, ""relative_position"": [86.90240859985352, -77.28007507324219, -0.006844371557235718], ""velocity"": [0.0, 0.0, 0.0], ""speed"": 0.0, ""is_static"": false}, {""id"": ""ai_2"", ""type"": ""random_traffic"", ""model"": ""vehicle.ford.mustang"", ""distance"": 132.31324768066406, ""relative_position"": [-52.70054006576538, -121.36494445800781, -0.0071535855531692505], ""velocity"": [0.0, 0.0, 0.0], ""speed"": 0.0, ""is_static"": false}, {""id"": ""ai_5"", ""type"": ""random_traffic"", ""model"": ""vehicle.audi.etron"", ""distance"": 144.65628051757812, ""relative_position"": [144.43465042114258, -8.004547119140625, -0.009819597005844116], ""velocity"": [-0.0044751460663974285, 7.920372009277344, -3.7164685636525974e-05], ""speed"": 28.51334378507372, ""is_static"": false}, {""id"": ""ai_4"", ""type"": ""random_traffic"", ""model"": ""vehicle.audi.etron"", ""distance"": 160.3509521484375, ""relative_position"": [144.45143508911133, -69.61474609375, -0.009402275085449219], ""velocity"": [0.0006300433306023479, 4.5927252769470215, -0.0012233828892931342], ""speed"": 16.533811739164804, ""is_static"": false}]"
1759224272.0661218,81858,45.24262619018555,291.19073486328125,0.22172915935516357,-6.103515261202119e-05,4.0981132769957185e-05,-90.05333709716797,-6.394244422835982e-08,4.50909221072493e-09,0.00020305633370298892,-6.040059361112071e-06,1.008025833471038e-06,0.0345458984375,-6.479418516391888e-06,-1.4698139239044394e-05,-1.3930205433609899e-08,0.0,0.0,0.009668270125985146,False,False,-1,7,4.0,False,0.0007310028377548511,125.14495086669922,0.0005925280897918217,9,"[{""id"": ""ai_1"", ""type"": ""random_traffic"", ""model"": ""vehicle.audi.etron"", ""distance"": 9.816963195800781, ""relative_position"": [-3.3850746154785156, -9.214874267578125, -0.011154472827911377], ""velocity"": [0.0, 0.0, 0.0], ""speed"": 0.0, ""is_static"": false}, {""id"": ""ai_3"", ""type"": ""random_traffic"", ""model"": ""vehicle.nissan.patrol_2021"", ""distance"": 57.94375228881836, ""relative_position"": [20.217266082763672, -54.30230712890625, 0.002163931727409363], ""velocity"": [2.101709561941334e-08, 4.217147164808921e-08, 0.00019803046598099172], ""speed"": 0.0007129096977116588, ""is_static"": false}, {""id"": ""ai_8"", ""type"": ""random_traffic"", ""model"": ""vehicle.ford.mustang"", ""distance"": 72.05919647216797, ""relative_position"": [-3.3914260864257812, -71.97933959960938, -0.007166251540184021], ""velocity"": [-3.651624425060618e-08, 3.5159070099766154e-10, -0.00013205528375692666], ""speed"": 0.00047539903970222777, ""is_static"": false}, {""id"": ""ai_6"", ""type"": ""random_traffic"", ""model"": ""vehicle.chevrolet.impala"", ""distance"": 79.48274230957031, ""relative_position"": [0.6094474792480469, -79.48040771484375, -0.009141117334365845], ""velocity"": [0.0, 0.0, 0.0], ""speed"": 0.0, ""is_static"": false}, {""id"": ""ai_0"", ""type"": ""random_traffic"", ""model"": ""vehicle.audi.a2"", ""distance"": 112.671875, ""relative_position"": [86.88821792602539, -71.73136901855469, -0.009472161531448364], ""velocity"": [-1.1671459532180961e-07, -1.2569470797529902e-08, 0.00027840613620355725], ""speed"": 0.0010022621794275304, ""is_static"": false}, {""id"": ""ai_7"", ""type"": ""random_traffic"", ""model"": ""vehicle.seat.leon"", ""distance"": 116.29376220703125, ""relative_position"": [86.90240859985352, -77.28007507324219, -0.0068756937980651855], ""velocity"": [0.0, 0.0, 0.0], ""speed"": 0.0, ""is_static"": false}, {""id"": ""ai_2"", ""type"": ""random_traffic"", ""model"": ""vehicle.ford.mustang"", ""distance"": 132.31324768066406, ""relative_position"": [-52.70054006576538, -121.36494445800781, -0.007184907793998718], ""velocity"": [0.0, 0.0, 0.0], ""speed"": 0.0, ""is_static"": false}, {""id"": ""ai_5"", ""type"": ""random_traffic"", ""model"": ""vehicle.audi.etron"", ""distance"": 144.63052368164062, ""relative_position"": [144.43437576293945, -7.529937744140625, -0.00983421504497528], ""velocity"": [-0.004619783256202936, 7.791869163513184, -2.841949390131049e-05], ""speed"": 28.05073391914165, ""is_static"": false}, {""id"": ""ai_4"", ""type"": ""random_traffic"", ""model"": ""vehicle.audi.etron"", ""distance"": 160.23016357421875, ""relative_position"": [144.45143508911133, -69.3360595703125, -0.009539902210235596], ""velocity"": [0.0006338976672850549, 4.621776103973389, -0.00043112278217449784], ""speed"": 16.63839420318755, ""is_static"": false}]"
1759224272.1233826,81861,45.24262619018555,291.19073486328125,0.22173473238945007,-6.103515261202119e-05,4.0981132769957185e-05,-90.05333709716797,-6.270197161484248e-08,2.1217951839958005e-08,0.001330532948486507,8.35671301047114e-07,-2.878745419820916e-08,0.14176610112190247,-2.8224838388268836e-05,-7.892670691944659e-05,-1.6969385896459244e-08,0.0,0.0,0.009668270125985146,False,False,-1,7,4.0,False,0.0047899186204792225,125.14495086669922,0.0005925280897918217,9,"[{""id"": ""ai_1"", ""type"": ""random_traffic"", ""model"": ""vehicle.audi.etron"", ""distance"": 9.816963195800781, ""relative_position"": [-3.3850746154785156, -9.214874267578125, -0.011160045862197876], ""velocity"": [0.0, 0.0, 0.0], ""speed"": 0.0, ""is_static"": false}, {""id"": ""ai_3"", ""type"": ""random_traffic"", ""model"": ""vehicle.nissan.patrol_2021"", ""distance"": 57.94375228881836, ""relative_position"": [20.217266082763672, -54.30230712890625, 0.002162247896194458], ""velocity"": [-1.7375327843183186e-09, -1.7251881700985905e-08, 0.0004824209026992321], ""speed"": 0.001736715250839002, ""is_static"": false}, {""id"": ""ai_8"", ""type"": ""random_traffic"", ""model"": ""vehicle.ford.mustang"", ""distance"": 72.05919647216797, ""relative_position"": [-3.3914260864257812, -71.97933959960938, -0.0071834176778793335], ""velocity"": [-2.026292378332073e-08, 9.238518838827758e-10, 0.000665264087729156], ""speed"": 0.002394950716938191, ""is_static"": false}, {""id"": ""ai_6"", ""type"": ""random_traffic"", ""model"": ""vehicle.chevrolet.impala"", ""distance"": 79.48274230957031, ""relative_position"": [0.6094474792480469, -79.48040771484375, -0.009146690368652344], ""velocity"": [0.0, 0.0, 0.0], ""speed"": 0.0, ""is_static"": false}, {""id"": ""ai_0"", ""type"": ""random_traffic"", ""model"": ""vehicle.audi.a2"", ""distance"": 112.671875, ""relative_position"": [86.88821792602539, -71.73136901855469, -0.009470254182815552], ""velocity"": [-1.1582876879856485e-07, -4.009664777981925e-08, 0.0010533285094425082], ""speed"": 0.003791982659667148, ""is_static"": false}, {""id"": ""ai_7"", ""type"": ""random_traffic"", ""model"": ""vehicle.seat.leon"", ""distance"": 116.29376220703125, ""relative_position"": [86.90240859985352, -77.28007507324219, -0.006881266832351685], ""velocity"": [0.0, 0.0, 0.0], ""speed"": 0.0, ""is_static"": false}, {""id"": ""ai_2"", ""type"": ""random_traffic"", ""model"": ""vehicle.ford.mustang"", ""distance"": 132.31324768066406, ""relative_position"": [-52.70054006576538, -121.36494445800781, -0.007190480828285217], ""velocity"": [0.0, 0.0, 0.0], ""speed"": 0.0, ""is_static"": false}, {""id"": ""ai_5"", ""type"": ""random_traffic"", ""model"": ""vehicle.audi.etron"", ""distance"": 144.61154174804688, ""relative_position"": [144.43413162231445, -7.160888671875, -0.009922370314598083], ""velocity"": [-0.004952915478497744, 7.7463860511779785, -1.3198852684581652e-05], ""speed"": 27.886995484547665, ""is_static"": false}, {""id"": ""ai_4"", ""type"": ""random_traffic"", ""model"": ""vehicle.audi.etron"", ""distance"": 160.13414001464844, ""relative_position"": [144.45143508911133, -69.11386108398438, -0.009846583008766174], ""velocity"": [0.0006440455908887088, 4.695422649383545, 0.00025864123017527163], ""speed"": 16.903521722437624, ""is_static"": false}]"
1759224272.1808548,81865,45.24262619018555,291.19073486328125,0.2217378169298172,-6.103515261202119e-05,4.0981132769957185e-05,-90.05333709716797,7.57254259298179e-09,7.471737895059505e-09,0.0009192037396132946,-1.2872814068032312e-06,7.280782199359237e-08,0.13980519771575928,-1.0528577149671037e-05,-2.6072038963320665e-05,4.844139533943803e-10,0.0,0.0,0.009668270125985146,False,False,-1,7,4.0,False,0.0033091334628294724,125.14495086669922,0.0005925280897918217,9,"[{""id"": ""ai_1"", ""type"": ""random_traffic"", ""model"": ""vehicle.audi.etron"", ""distance"": 9.816963195800781, ""relative_position"": [-3.3850746154785156, -9.214874267578125, -0.011163130402565002], ""velocity"": [0.0, 0.0, 0.0], ""speed"": 0.0, ""is_static"": false}, {""id"": ""ai_3"", ""type"": ""random_traffic"", ""model"": ""vehicle.nissan.patrol_2021"", ""distance"": 57.94375228881836, ""relative_position"": [20.217266082763672, -54.30230712890625, 0.0021587014198303223], ""velocity"": [-4.1588270605075195e-09, -7.514961986032631e-09, 0.00024405478325206786], ""speed"": 0.0008785972202515308, ""is_static"": false}, {""id"": ""ai_8"", ""type"": ""random_traffic"", ""model"": ""vehicle.ford.mustang"", ""distance"": 72.05919647216797, ""relative_position"": [-3.3914260864257812, -71.97933959960938, -0.0072034746408462524], ""velocity"": [8.384435368213872e-09, 2.7395063995072633e-10, 0.00038661001599393785], ""speed"": 0.0013917960579058264, ""is_static"": false}, {""id"": ""ai_6"", ""type"": ""random_traffic"", ""model"": ""vehicle.chevrolet.impala"", ""distance"": 79.48274230957031, ""relative_position"": [0.6094474792480469, -79.48040771484375, -0.00914977490901947], ""velocity"": [0.0, 0.0, 0.0], ""speed"": 0.0, ""is_static"": false}, {""id"": ""ai_0"", ""type"": ""random_traffic"", ""model"": ""vehicle.audi.a2"", ""distance"": 112.671875, ""relative_position"": [86.88821792602539, -71.73136901855469, -0.009468451142311096], ""velocity"": [-1.0026277408314854e-07, -2.300773971342096e-08, 0.0006928920629434288], ""speed"": 0.0024944114540862874, ""is_static"": false}, {""id"": ""ai_7"", ""type"": ""random_traffic"", ""model"": ""vehicle.seat.leon"", ""distance"": 116.29376220703125, ""relative_position"": [86.90240859985352, -77.28007507324219, -0.006884351372718811], ""velocity"": [0.0, 0.0, 0.0], ""speed"": 0.0, ""is_static"": false}, {""id"": ""ai_2"", ""type"": ""random_traffic"", ""model"": ""vehicle.ford.mustang"", ""distance"": 132.31324768066406, ""relative_position"": [-52.70054006576538, -121.36494445800781, -0.007193565368652344], ""velocity"": [0.0, 0.0, 0.0], ""speed"": 0.0, ""is_static"": false}, {""id"": ""ai_5"", ""type"": ""random_traffic"", ""model"": ""vehicle.audi.etron"", ""distance"": 144.58770751953125, ""relative_position"": [144.43381118774414, -6.66937255859375, -0.010179668664932251], ""velocity"": [-0.004882401786744595, 7.778573989868164, 1.376151976728579e-05], ""speed"": 28.002871879762903, ""is_static"": false}, {""id"": ""ai_4"", ""type"": ""random_traffic"", ""model"": ""vehicle.audi.etron"", ""distance"": 160.00299072265625, ""relative_position"": [144.45143508911133, -68.80943298339844, -0.01042148470878601], ""velocity"": [0.0006683810497634113, 4.87113618850708, 0.00042785643017850816], ""speed"": 17.536090511349393, ""is_static"": false}]"
1759224272.2413251,81869,45.24262619018555,291.19073486328125,0.22174304723739624,-6.103515261202119e-05,4.0981132769957185e-05,-90.05333709716797,-3.309706642085075e-08,8.804343032409179e-09,0.0007327937637455761,-1.0422144214317086e-06,5.547580528286744e-08,0.07436519861221313,-1.1489053576951846e-05,-2.3322567358263768e-05,-1.0595700317139745e-08,0.0,0.0,0.009668270125985146,False,False,-1,7,4.0,False,0.0026380575523652096,125.14495086669922,0.0005925280897918217,9,"[{""id"": ""ai_1"", ""type"": ""random_traffic"", ""model"": ""vehicle.audi.etron"", ""distance"": 9.816963195800781, ""relative_position"": [-3.3850746154785156, -9.214874267578125, -0.011168360710144043], ""velocity"": [0.0, 0.0, 0.0], ""speed"": 0.0, ""is_static"": false}, {""id"": ""ai_3"", ""type"": ""random_traffic"", ""model"": ""vehicle.nissan.patrol_2021"", ""distance"": 57.94375228881836, ""relative_position"": [20.217266082763672, -54.30230712890625, 0.002147972583770752], ""velocity"": [-4.860488456159828e-09, -1.0932940774921462e-08, 0.0001436614984413609], ""speed"": 0.0005171813961825348, ""is_static"": false}, {""id"": ""ai_8"", ""type"": ""random_traffic"", ""model"": ""vehicle.ford.mustang"", ""distance"": 72.05919647216797, ""relative_position"": [-3.3914260864257812, -71.97933959960938, -0.007221490144729614], ""velocity"": [6.081133374635783e-09, 1.9848804544420062e-10, 0.00033563614124432206], ""speed"": 0.0012082901086780935, ""is_static"": false}, {""id"": ""ai_6"", ""type"": ""random_traffic"", ""model"": ""vehicle.chevrolet.impala"", ""distance"": 79.48274230957031, ""relative_position"": [0.6094474792480469, -79.48040771484375, -0.00915500521659851], ""velocity"": [0.0, 0.0, 0.0], ""speed"": 0.0, ""is_static"": false}, {""id"": ""ai_0"", ""type"": ""random_traffic"", ""model"": ""vehicle.audi.a2"", ""distance"": 112.671875, ""relative_position"": [86.88821792602539, -71.73136901855469, -0.009464681148529053], ""velocity"": [-2.9087958708373662e-08, -7.134410395792656e-08, 0.0007535791373811662], ""speed"": 0.002712884908751151, ""is_static"": false}, {""id"": ""ai_7"", ""type"": ""random_traffic"", ""model"": ""vehicle.seat.leon"", ""distance"": 116.29376220703125, ""relative_position"": [86.90240859985352, -77.28007507324219, -0.0068895816802978516], ""velocity"": [0.0, 0.0, 0.0], ""speed"": 0.0, ""is_static"": false}, {""id"": ""ai_2"", ""type"": ""random_traffic"", ""model"": ""vehicle.ford.mustang"", ""distance"": 132.31324768066406, ""relative_position"": [-52.70054006576538, -121.36494445800781, -0.007198795676231384], ""velocity"": [0.0, 0.0, 0.0], ""speed"": 0.0, ""is_static"": false}, {""id"": ""ai_5"", ""type"": ""random_traffic"", ""model"": ""vehicle.audi.etron"", ""distance"": 144.56509399414062, ""relative_position"": [144.4335060119629, -6.166595458984375, -0.010574579238891602], ""velocity"": [-0.004949846304953098, 7.900506019592285, 3.7989615520928055e-05], ""speed"": 28.44182725300435, ""is_static"": false}, {""id"": ""ai_4"", ""type"": ""random_traffic"", ""model"": ""vehicle.audi.etron"", ""distance"": 159.86502075195312, ""relative_position"": [144.45143508911133, -68.48800659179688, -0.011048391461372375], ""velocity"": [0.001314830151386559, 5.10033655166626, 0.0017768287798389792], ""speed"": 18.361213310319553, ""is_static"": false}]"
1759224272.2969048,81872,45.24262619018555,291.19073486328125,0.22174754738807678,-6.103515261202119e-05,4.0981132769957185e-05,-90.05333709716797,5.162928307100856e-09,-5.434409366955606e-09,0.0002408313739579171,3.729063337232219e-06,-9.381814720654802e-07,0.015676867216825485,7.70391125115566e-06,1.7553566067363136e-05,-1.4891491373347776e-09,0.0,0.0,0.009668270125985146,False,False,-1,7,4.0,False,0.0008669929466684615,125.14495086669922,0.0005925280897918217,9,"[{""id"": ""ai_1"", ""type"": ""random_traffic"", ""model"": ""vehicle.audi.etron"", ""distance"": 9.816963195800781, ""relative_position"": [-3.3850746154785156, -9.214874267578125, -0.011172860860824585], ""velocity"": [0.0, 0.0, 0.0], ""speed"": 0.0, ""is_static"": false}, {""id"": ""ai_3"", ""type"": ""random_traffic"", ""model"": ""vehicle.nissan.patrol_2021"", ""distance"": 57.94375228881836, ""relative_position"": [20.217266082763672, -54.30230712890625, 0.0021401196718215942], ""velocity"": [-6.065065338844988e-09, -1.0513394599342973e-08, -2.4204253350035287e-05], ""speed"": 8.713532301562523e-05, ""is_static"": false}, {""id"": ""ai_8"", ""type"": ""random_traffic"", ""model"": ""vehicle.ford.mustang"", ""distance"": 72.05919647216797, ""relative_position"": [-3.3914260864257812, -71.97933959960938, -0.00722736120223999], ""velocity"": [-8.932054748611584e-12, -7.779434735288859e-11, 0.0001562738325446844], ""speed"": 0.0005625857971609346, ""is_static"": false}, {""id"": ""ai_6"", ""type"": ""random_traffic"", ""model"": ""vehicle.chevrolet.impala"", ""distance"": 79.48274230957031, ""relative_position"": [0.6094474792480469, -79.48040771484375, -0.009159505367279053], ""velocity"": [0.0, 0.0, 0.0], ""speed"": 0.0, ""is_static"": false}, {""id"": ""ai_0"", ""type"": ""random_traffic"", ""model"": ""vehicle.audi.a2"", ""distance"": 112.671875, ""relative_position"": [86.88821792602539, -71.73136901855469, -0.009459644556045532], ""velocity"": [-6.279094577621436e-08, -4.305676881699583e-08, 0.00026033876929432154], ""speed"": 0.0009372196095375628, ""is_static"": false}, {""id"": ""ai_7"", ""type"": ""random_traffic"", ""model"": ""vehicle.seat.leon"", ""distance"": 116.29376220703125, ""relative_position"": [86.90240859985352, -77.28007507324219, -0.0068940818309783936], ""velocity"": [0.0, 0.0, 0.0], ""speed"": 0.0, ""is_static"": false}, {""id"": ""ai_2"", ""type"": ""random_traffic"", ""model"": ""vehicle.ford.mustang"", ""distance"": 132.31324768066406, ""relative_position"": [-52.70054006576538, -121.36494445800781, -0.007203295826911926], ""velocity"": [0.0, 0.0, 0.0], ""speed"": 0.0, ""is_static"": false}, {""id"": ""ai_5"", ""type"": ""random_traffic"", ""model"": ""vehicle.audi.etron"", ""distance"": 144.54910278320312, ""relative_position"": [144.4332618713379, -5.7857666015625, -0.01091746985912323], ""velocity"": [-0.005041767377406359, 8.03510570526123, 4.3148993427166715e-05], ""speed"": 28.926386233737908, ""is_static"": false}, {""id"": ""ai_4"", ""type"": ""random_traffic"", ""model"": ""vehicle.audi.etron"", ""distance"": 159.7584991455078, ""relative_position"": [144.45154190063477, -68.23880004882812, -0.01145695149898529], ""velocity"": [0.0023021262604743242, 5.288464069366455, 0.0014690017560496926], ""speed"": 19.038473188065264, ""is_static"": false}]"
1759224272.3553972,81876,45.24262619018555,291.19073486328125,0.2217485010623932,-6.103515261202119e-05,4.0981132769957185e-05,-90.05333709716797,3.1292437085994607e-08,-1.4249050828141208e-08,-0.0002665614883881062,1.9137582967232447e-06,-8.714322348168935e-07,-0.016302157193422318,1.9090273781330325e-05,4.206500307191163e-05,5.794198010278251e-09,0.0,0.0,0.009668270125985146,False,False,-1,7,4.0,False,0.0009596213661805327,125.14495086669922,0.0005925280897918217,9,"[{""id"": ""ai_1"", ""type"": ""random_traffic"", ""model"": ""vehicle.audi.etron"", ""distance"": 9.816963195800781, ""relative_position"": [-3.3850746154785156, -9.214874267578125, -0.011173814535140991], ""velocity"": [0.0, 0.0, 0.0], ""speed"": 0.0, ""is_static"": false}, {""id"": ""ai_3"", ""type"": ""random_traffic"", ""model"": ""vehicle.nissan.patrol_2021"", ""distance"": 57.94375228881836, ""relative_position"": [20.217266082763672, -54.30230712890625, 0.0021325349807739258], ""velocity"": [-7.386861344826912e-09, -2.479405303290605e-08, -0.00018929480575025082], ""speed"": 0.000681461307065364, ""is_static"": false}, {""id"": ""ai_8"", ""type"": ""random_traffic"", ""model"": ""vehicle.ford.mustang"", ""distance"": 72.05919647216797, ""relative_position"": [-3.3914260864257812, -71.97933959960938, -0.00723034143447876], ""velocity"": [1.7473332780681972e-09, -6.615469977377941e-11, -0.00024703980307094753], ""speed"": 0.0008893432910776892, ""is_static"": false}, {""id"": ""ai_6"", ""type"": ""random_traffic"", ""model"": ""vehicle.chevrolet.impala"", ""distance"": 79.48274230957031, ""relative_position"": [0.6094474792480469, -79.48040771484375, -0.009160459041595459], ""velocity"": [0.0, 0.0, 0.0], ""speed"": 0.0, ""is_static"": false}, {""id"": ""ai_0"", ""type"": ""random_traffic"", ""model"": ""vehicle.audi.a2"", ""distance"": 112.671875, ""relative_position"": [86.88821792602539, -71.73136901855469, -0.009458541870117188], ""velocity"": [1.7664978368969741e-09, 8.106619020509243e-08, -0.00020541191042866558], ""speed"": 0.0007394829351577978, ""is_static"": false}, {""id"": ""ai_7"", ""type"": ""random_traffic"", ""model"": ""vehicle.seat.leon"", ""distance"": 116.29376220703125, ""relative_position"": [86.90240859985352, -77.28007507324219, -0.0068950355052948], ""velocity"": [0.0, 0.0, 0.0], ""speed"": 0.0, ""is_static"": false}, {""id"": ""ai_2"", ""type"": ""random_traffic"", ""model"": ""vehicle.ford.mustang"", ""distance"": 132.31324768066406, ""relative_position"": [-52.70054006576538, -121.36494445800781, -0.0072042495012283325], ""velocity"": [0.0, 0.0, 0.0], ""speed"": 0.0, ""is_static"": false}, {""id"": ""ai_5"", ""type"": ""random_traffic"", ""model"": ""vehicle.audi.etron"", ""distance"": 144.5290985107422, ""relative_position"": [144.43295669555664, -5.271026611328125, -0.011345133185386658], ""velocity"": [-0.005151440389454365, 8.189977645874023, 2.917289748438634e-05], ""speed"": 29.48392535773087, ""is_static"": false}, {""id"": ""ai_4"", ""type"": ""random_traffic"", ""model"": ""vehicle.audi.etron"", ""distance"": 159.614501953125, ""relative_position"": [144.45167922973633, -67.90069580078125, -0.011806800961494446], ""velocity"": [0.0024774542544037104, 5.379076957702637, 0.0009698009234853089], ""speed"": 19.364679416337985, ""is_static"": false}]"
1759224272.4155762,81880,45.24262619018555,291.19073486328125,0.22174163162708282,-6.103515261202119e-05,4.0981132769957185e-05,-90.05333709716797,-5.5153723366174745e-08,3.447716334648021e-09,-0.000716466864105314,-2.5204114990629023e-06,-7.70309043218731e-07,-0.05168089643120766,-4.9606369429966435e-06,-1.3801403838442639e-05,-1.8415237335034362e-08,0.0,0.0,0.009668270125985146,False,False,-1,7,4.0,False,0.002579280718451329,125.14495086669922,0.0005925280897918217,9,"[{""id"": ""ai_1"", ""type"": ""random_traffic"", ""model"": ""vehicle.audi.etron"", ""distance"": 9.816963195800781, ""relative_position"": [-3.3850746154785156, -9.214874267578125, -0.011166945099830627], ""velocity"": [0.0, 0.0, 0.0], ""speed"": 0.0, ""is_static"": false}, {""id"": ""ai_3"", ""type"": ""random_traffic"", ""model"": ""vehicle.nissan.patrol_2021"", ""distance"": 57.94375228881836, ""relative_position"": [20.217266082763672, -54.30230712890625, 0.0021427571773529053], ""velocity"": [-1.9766570602541833e-09, -1.6920211010074127e-08, -0.00021822929556947201], ""speed"": 0.0007856254664437343, ""is_static"": false}, {""id"": ""ai_8"", ""type"": ""random_traffic"", ""model"": ""vehicle.ford.mustang"", ""distance"": 72.05919647216797, ""relative_position"": [-3.3914260864257812, -71.97933959960938, -0.007232666015625], ""velocity"": [3.3374794039531253e-09, 1.7033906229979578e-10, -0.0006161784986034036], ""speed"": 0.0022182425950048766, ""is_static"": false}, {""id"": ""ai_6"", ""type"": ""random_traffic"", ""model"": ""vehicle.chevrolet.impala"", ""distance"": 79.48274230957031, ""relative_position"": [0.6094474792480469, -79.48040771484375, -0.009153589606285095], ""velocity"": [0.0, 0.0, 0.0], ""speed"": 0.0, ""is_static"": false}, {""id"": ""ai_0"", ""type"": ""random_traffic"", ""model"": ""vehicle.audi.a2"", ""distance"": 112.671875, ""relative_position"": [86.88821792602539, -71.73136901855469, -0.009459614753723145], ""velocity"": [1.3159701950371527e-07, 4.833085753830346e-08, -0.0006080531748011708], ""speed"": 0.002188991487464266, ""is_static"": false}, {""id"": ""ai_7"", ""type"": ""random_traffic"", ""model"": ""vehicle.seat.leon"", ""distance"": 116.29376220703125, ""relative_position"": [86.90240859985352, -77.28007507324219, -0.006888166069984436], ""velocity"": [0.0, 0.0, 0.0], ""speed"": 0.0, ""is_static"": false}, {""id"": ""ai_2"", ""type"": ""random_traffic"", ""model"": ""vehicle.ford.mustang"", ""distance"": 132.31324768066406, ""relative_position"": [-52.70054006576538, -121.36494445800781, -0.007197380065917969], ""velocity"": [0.0, 0.0, 0.0], ""speed"": 0.0, ""is_static"": false}, {""id"": ""ai_5"", ""type"": ""random_traffic"", ""model"": ""vehicle.audi.etron"", ""distance"": 144.51058959960938, ""relative_position"": [144.43263626098633, -4.7462158203125, -0.011547654867172241], ""velocity"": [-0.005132607650011778, 8.144153594970703, 8.049010830291081e-06], ""speed"": 29.31895876431692, ""is_static"": false}, {""id"": ""ai_4"", ""type"": ""random_traffic"", ""model"": ""vehicle.audi.etron"", ""distance"": 159.466064453125, ""relative_position"": [144.45184707641602, -67.55062866210938, -0.01194976270198822], ""velocity"": [0.001423861482180655, 5.511323928833008, 0.0004889106494374573], ""speed"": 19.84076688401066, ""is_static"": false}]"
1759224272.4780192,81884,45.24262619018555,291.19073486328125,0.2217528074979782,-6.103515261202119e-05,4.0981132769957185e-05,-90.05333709716797,5.784104573081095e-08,6.056930068609745e-09,0.00012964248890057206,1.991860699490644e-06,9.897665620428597e-08,0.00504663260653615,-7.564540283055976e-06,8.27548501547426e-05,3.202017984094141e-09,0.0,0.0,0.009668270125985146,False,False,-1,7,4.0,False,0.0004667130070026747,125.14495086669922,0.0005925280897918217,9,"[{""id"": ""ai_1"", ""type"": ""random_traffic"", ""model"": ""vehicle.audi.etron"", ""distance"": 9.816963195800781, ""relative_position"": [-3.3850746154785156, -9.214874267578125, -0.011178120970726013], ""velocity"": [0.0, 0.0, 0.0], ""speed"": 0.0, ""is_static"": false}, {""id"": ""ai_3"", ""type"": ""random_traffic"", ""model"": ""vehicle.nissan.patrol_2021"", ""distance"": 57.94375228881836, ""relative_position"": [20.217266082763672, -54.30230712890625, 0.0021357685327529907], ""velocity"": [-3.6110034962177906e-09, -4.660563490688219e-09, 4.171371256234124e-05], ""speed"": 0.00015016936672437544, ""is_static"": false}, {""id"": ""ai_8"", ""type"": ""random_traffic"", ""model"": ""vehicle.ford.mustang"", ""distance"": 72.05919647216797, ""relative_position"": [-3.3914260864257812, -71.97933959960938, -0.0072402507066726685], ""velocity"": [-3.62444509960369e-08, 4.079749871266358e-10, 4.686832471634261e-05], ""speed"": 0.0001687260194369556, ""is_static"": false}, {""id"": ""ai_6"", ""type"": ""random_traffic"", ""model"": ""vehicle.chevrolet.impala"", ""distance"": 79.48274230957031, ""relative_position"": [0.6094474792480469, -79.48040771484375, -0.009164765477180481], ""velocity"": [0.0, 0.0, 0.0], ""speed"": 0.0, ""is_static"": false}, {""id"": ""ai_0"", ""type"": ""random_traffic"", ""model"": ""vehicle.audi.a2"", ""distance"": 112.671875, ""relative_position"": [86.88821792602539, -71.73136901855469, -0.009467124938964844], ""velocity"": [2.577359623501252e-07, 2.8509258953590688e-08, 3.964424104196951e-05], ""speed"": 0.00014272232069875043, ""is_static"": false}, {""id"": ""ai_7"", ""type"": ""random_traffic"", ""model"": ""vehicle.seat.leon"", ""distance"": 116.29376220703125, ""relative_position"": [86.90240859985352, -77.28007507324219, -0.006899341940879822], ""velocity"": [0.0, 0.0, 0.0], ""speed"": 0.0, ""is_static"": false}, {""id"": ""ai_2"", ""type"": ""random_traffic"", ""model"": ""vehicle.ford.mustang"", ""distance"": 132.31324768066406, ""relative_position"": [-52.70054006576538, -121.36494445800781, -0.0072085559368133545], ""velocity"": [0.0, 0.0, 0.0], ""speed"": 0.0, ""is_static"": false}, {""id"": ""ai_5"", ""type"": ""random_traffic"", ""model"": ""vehicle.audi.etron"", ""distance"": 144.49462890625, ""relative_position"": [144.43233108520508, -4.24285888671875, -0.011448279023170471], ""velocity"": [-0.005033816676586866, 7.977227210998535, 2.4700163976376643e-06], ""speed"": 28.71802367721613, ""is_static"": false}, {""id"": ""ai_4"", ""type"": ""random_traffic"", ""model"": ""vehicle.audi.etron"", ""distance"": 159.31924438476562, ""relative_position"": [144.45198440551758, -67.20301818847656, -0.011953771114349365], ""velocity"": [0.0015415555099025369, 5.59243631362915, 0.00011882781836902723], ""speed"": 20.132771498483468, ""is_static"": false}]"
1759224272.5349073,81887,45.24262619018555,291.19073486328125,0.22173850238323212,-6.103515261202119e-05,4.0981132769957185e-05,-90.05333709716797,-3.223547295760909e-08,7.245096078634106e-09,-0.00044725416228175163,-1.931259021148435e-06,9.269284078072815e-07,-0.05835169926285744,-9.066999155038502e-06,-2.4040977223194204e-05,-4.539773890144261e-09,0.0,0.0,0.009668270125985146,False,False,-1,7,4.0,False,0.0016101149886075816,125.14495086669922,0.0005925280897918217,9,"[{""id"": ""ai_1"", ""type"": ""random_traffic"", ""model"": ""vehicle.audi.etron"", ""distance"": 9.816963195800781, ""relative_position"": [-3.3850746154785156, -9.214874267578125, -0.01116381585597992], ""velocity"": [0.0, 0.0, 0.0], ""speed"": 0.0, ""is_static"": false}, {""id"": ""ai_3"", ""type"": ""random_traffic"", ""model"": ""vehicle.nissan.patrol_2021"", ""distance"": 57.94375228881836, ""relative_position"": [20.217266082763672, -54.30230712890625, 0.0021421462297439575], ""velocity"": [-2.185413183752871e-09, -3.508191070977773e-09, -0.00024386405129916966], ""speed"": 0.0008779105848031064, ""is_static"": false}, {""id"": ""ai_8"", ""type"": ""random_traffic"", ""model"": ""vehicle.ford.mustang"", ""distance"": 72.05919647216797, ""relative_position"": [-3.3914260864257812, -71.97933959960938, -0.007239446043968201], ""velocity"": [4.441289835899198e-10, 2.718631986198261e-10, -0.00040369032649323344], ""speed"": 0.0014532851753768495, ""is_static"": false}, {""id"": ""ai_6"", ""type"": ""random_traffic"", ""model"": ""vehicle.chevrolet.impala"", ""distance"": 79.48274230957031, ""relative_position"": [0.6094474792480469, -79.48040771484375, -0.009150460362434387], ""velocity"": [0.0, 0.0, 0.0], ""speed"": 0.0, ""is_static"": false}, {""id"": ""ai_0"", ""type"": ""random_traffic"", ""model"": ""vehicle.audi.a2"", ""distance"": 112.671875, ""relative_position"": [86.88821792602539, -71.73136901855469, -0.009466931223869324], ""velocity"": [2.0448841553388775e-07, -3.95360055804872e-09, -0.00041717529529705644], ""speed"": 0.0015018312435596043, ""is_static"": false}, {""id"": ""ai_7"", ""type"": ""random_traffic"", ""model"": ""vehicle.seat.leon"", ""distance"": 116.29376220703125, ""relative_position"": [86.90240859985352, -77.28007507324219, -0.006885036826133728], ""velocity"": [0.0, 0.0, 0.0], ""speed"": 0.0, ""is_static"": false}, {""id"": ""ai_2"", ""type"": ""random_traffic"", ""model"": ""vehicle.ford.mustang"", ""distance"": 132.31324768066406, ""relative_position"": [-52.70054006576538, -121.36494445800781, -0.007194250822067261], ""velocity"": [0.0, 0.0, 0.0], ""speed"": 0.0, ""is_static"": false}, {""id"": ""ai_5"", ""type"": ""random_traffic"", ""model"": ""vehicle.audi.etron"", ""distance"": 144.48348999023438, ""relative_position"": [144.43210220336914, -3.853271484375, -0.011178091168403625], ""velocity"": [-0.004922730382531881, 7.796060085296631, 5.4454803830594756e-06], ""speed"": 28.065821902194447, ""is_static"": false}, {""id"": ""ai_4"", ""type"": ""random_traffic"", ""model"": ""vehicle.audi.etron"", ""distance"": 159.20315551757812, ""relative_position"": [144.45209121704102, -66.92709350585938, -0.01181057095527649], ""velocity"": [0.001526747946627438, 5.563450813293457, -8.145331958075985e-05], ""speed"": 20.028423684162046, ""is_static"": false}]"
1759224272.591839,81891,45.24262619018555,291.19073486328125,0.22172847390174866,-6.103515261202119e-05,4.0981132769957185e-05,-90.05333709716797,-5.852862638988654e-10,-6.980391376032458e-09,-0.0011476516956463456,-1.8143687157134991e-06,1.7083003456264123e-08,-0.04126918315887451,9.906820196192712e-06,3.6317242120276205e-06,1.2886539613177206e-09,0.0,0.0,0.009668270125985146,False,False,-1,7,4.0,False,0.004131546104403804,125.14495086669922,0.0005925280897918217,9,"[{""id"": ""ai_1"", ""type"": ""random_traffic"", ""model"": ""vehicle.audi.etron"", ""distance"": 9.816963195800781, ""relative_position"": [-3.3850746154785156, -9.214874267578125, -0.01115378737449646], ""velocity"": [0.0, 0.0, 0.0], ""speed"": 0.0, ""is_static"": false}, {""id"": ""ai_3"", ""type"": ""random_traffic"", ""model"": ""vehicle.nissan.patrol_2021"", ""distance"": 57.94375228881836, ""relative_position"": [20.217266082763672, -54.30230712890625, 0.0021443217992782593], ""velocity"": [-2.8550350972267324e-09, -3.5421949817759923e-09, -0.0005374526954255998], ""speed"": 0.0019348297036014808, ""is_static"": false}, {""id"": ""ai_8"", ""type"": ""random_traffic"", ""model"": ""vehicle.ford.mustang"", ""distance"": 72.05919647216797, ""relative_position"": [-3.3914260864257812, -71.97933959960938, -0.007239341735839844], ""velocity"": [2.1746688005919168e-08, -3.583303653797998e-09, -0.0009306430583819747], ""speed"": 0.003350315011114637, ""is_static"": false}, {""id"": ""ai_6"", ""type"": ""random_traffic"", ""model"": ""vehicle.chevrolet.impala"", ""distance"": 79.48274230957031, ""relative_position"": [0.6094474792480469, -79.48040771484375, -0.009140431880950928], ""velocity"": [0.0, 0.0, 0.0], ""speed"": 0.0, ""is_static"": false}, {""id"": ""ai_0"", ""type"": ""random_traffic"", ""model"": ""vehicle.audi.a2"", ""distance"": 112.671875, ""relative_position"": [86.88821792602539, -71.73136901855469, -0.009467586874961853], ""velocity"": [-1.3170637203074875e-07, 2.1454711784940628e-08, -0.0009454822284169495], ""speed"": 0.003403736056201572, ""is_static"": false}, {""id"": ""ai_7"", ""type"": ""random_traffic"", ""model"": ""vehicle.seat.leon"", ""distance"": 116.29376220703125, ""relative_position"": [86.90240859985352, -77.28007507324219, -0.0068750083446502686], ""velocity"": [0.0, 0.0, 0.0], ""speed"": 0.0, ""is_static"": false}, {""id"": ""ai_2"", ""type"": ""random_traffic"", ""model"": ""vehicle.ford.mustang"", ""distance"": 132.31324768066406, ""relative_position"": [-52.70054006576538, -121.36494445800781, -0.007184222340583801], ""velocity"": [0.0, 0.0, 0.0], ""speed"": 0.0, ""is_static"": false}, {""id"": ""ai_5"", ""type"": ""random_traffic"", ""model"": ""vehicle.audi.etron"", ""distance"": 144.47091674804688, ""relative_position"": [144.43178176879883, -3.3623046875, -0.010735780000686646], ""velocity"": [-0.0047693438827991486, 7.550395965576172, 2.822876012942288e-06], ""speed"": 27.181430898831433, ""is_static"": false}, {""id"": ""ai_4"", ""type"": ""random_traffic"", ""model"": ""vehicle.audi.etron"", ""distance"": 159.05564880371094, ""relative_position"": [144.4522590637207, -66.57511901855469, -0.011474192142486572], ""velocity"": [0.0014644513139501214, 5.431014060974121, -0.00023009299184195697], ""speed"": 19.55165134784388, ""is_static"": false}]"
1759224272.6538737,81895,45.24262619018555,291.19073486328125,0.22177855670452118,-6.103515261202119e-05,4.0981132769957185e-05,-90.05333709716797,-6.320419743133243e-08,7.780032618143196e-09,0.0005734491278417408,-5.513842552318238e-06,1.0436469892738387e-06,0.004968816414475441,-1.1156585060234647e-05,-2.4191956981667317e-05,-1.4428130690191665e-08,0.0,0.0,0.009668270125985146,False,False,-1,7,4.0,False,0.0020644168729594503,125.14495086669922,0.0005925280897918217,9,"[{""id"": ""ai_1"", ""type"": ""random_traffic"", ""model"": ""vehicle.audi.etron"", ""distance"": 9.816963195800781, ""relative_position"": [-3.3850746154785156, -9.214874267578125, -0.011203870177268982], ""velocity"": [0.0, 0.0, 0.0], ""speed"": 0.0, ""is_static"": false}, {""id"": ""ai_3"", ""type"": ""random_traffic"", ""model"": ""vehicle.nissan.patrol_2021"", ""distance"": 57.94375228881836, ""relative_position"": [20.217266082763672, -54.30230712890625, 0.0021087229251861572], ""velocity"": [-3.999618858330223e-09, -7.564049830932618e-09, 0.00024429321638308465], ""speed"": 0.0008794555795185436, ""is_static"": false}, {""id"": ""ai_8"", ""type"": ""random_traffic"", ""model"": ""vehicle.ford.mustang"", ""distance"": 72.05919647216797, ""relative_position"": [-3.3914260864257812, -71.97933959960938, -0.007252037525177002], ""velocity"": [5.571681338523149e-09, 5.521209600622967e-10, 0.0004950809525325894], ""speed"": 0.001782291429231298, ""is_static"": false}, {""id"": ""ai_6"", ""type"": ""random_traffic"", ""model"": ""vehicle.chevrolet.impala"", ""distance"": 79.48274230957031, ""relative_position"": [0.6094474792480469, -79.48040771484375, -0.00919051468372345], ""velocity"": [0.0, 0.0, 0.0], ""speed"": 0.0, ""is_static"": false}, {""id"": ""ai_0"", ""type"": ""random_traffic"", ""model"": ""vehicle.audi.a2"", ""distance"": 112.671875, ""relative_position"": [86.88821792602539, -71.73136901855469, -0.00949142873287201], ""velocity"": [1.2676809602041317e-09, 4.9426020609644183e-08, 0.00018206595268566161], ""speed"": 0.0006554374538363781, ""is_static"": false}, {""id"": ""ai_7"", ""type"": ""random_traffic"", ""model"": ""vehicle.seat.leon"", ""distance"": 116.29376220703125, ""relative_position"": [86.90240859985352, -77.28007507324219, -0.0069250911474227905], ""velocity"": [0.0, 0.0, 0.0], ""speed"": 0.0, ""is_static"": false}, {""id"": ""ai_2"", ""type"": ""random_traffic"", ""model"": ""vehicle.ford.mustang"", ""distance"": 132.31324768066406, ""relative_position"": [-52.70054006576538, -121.36494445800781, -0.007234305143356323], ""velocity"": [0.0, 0.0, 0.0], ""speed"": 0.0, ""is_static"": false}, {""id"": ""ai_5"", ""type"": ""random_traffic"", ""model"": ""vehicle.audi.etron"", ""distance"": 144.4602813720703, ""relative_position"": [144.4314308166504, -2.886962890625, -0.010391190648078918], ""velocity"": [-0.004647619556635618, 7.357923984527588, -1.2302398317842744e-05], ""speed"": 26.488531628524896, ""is_static"": false}, {""id"": ""ai_4"", ""type"": ""random_traffic"", ""model"": ""vehicle.audi.etron"", ""distance"": 158.93592834472656, ""relative_position"": [144.45228958129883, -66.28851318359375, -0.010331347584724426], ""velocity"": [0.0010155722266063094, 3.8031022548675537, -0.001241230987943709], ""speed"": 13.69116933486468, ""is_static"": false}]"
1759224272.711807,81898,45.24262619018555,291.19073486328125,0.2217748612165451,-6.103515261202119e-05,4.0981132769957185e-05,-90.05333709716797,-1.3864073444835867e-08,-5.930364199713267e-09,-0.00033257482573390007,-8.162851941051485e-07,-9.071985118680459e-07,0.014297926798462868,8.387751222471707e-06,3.1073636819201056e-06,-5.305492933871392e-09,0.0,0.0,0.009668270125985146,False,False,-1,7,4.0,False,0.001197269373872702,125.14495086669922,0.0005925280897918217,9,"[{""id"": ""ai_1"", ""type"": ""random_traffic"", ""model"": ""vehicle.audi.etron"", ""distance"": 9.816963195800781, ""relative_position"": [-3.3850746154785156, -9.214874267578125, -0.011200174689292908], ""velocity"": [0.0, 0.0, 0.0], ""speed"": 0.0, ""is_static"": false}, {""id"": ""ai_3"", ""type"": ""random_traffic"", ""model"": ""vehicle.nissan.patrol_2021"", ""distance"": 57.94375228881836, ""relative_position"": [20.217266082763672, -54.30230712890625, 0.002113714814186096], ""velocity"": [-5.435804251163745e-09, -8.772779835908295e-09, -8.888720913091674e-05], ""speed"": 0.0003199939550281611, ""is_static"": false}, {""id"": ""ai_8"", ""type"": ""random_traffic"", ""model"": ""vehicle.ford.mustang"", ""distance"": 72.05919647216797, ""relative_position"": [-3.3914260864257812, -71.97933959960938, -0.007241293787956238], ""velocity"": [6.8469732106279935e-09, 3.236807488704585e-09, 3.399372144485824e-05], ""speed"": 0.0001223774002386486, ""is_static"": false}, {""id"": ""ai_6"", ""type"": ""random_traffic"", ""model"": ""vehicle.chevrolet.impala"", ""distance"": 79.48274230957031, ""relative_position"": [0.6094474792480469, -79.48040771484375, -0.009186819195747375], ""velocity"": [0.0, 0.0, 0.0], ""speed"": 0.0, ""is_static"": false}, {""id"": ""ai_0"", ""type"": ""random_traffic"", ""model"": ""vehicle.audi.a2"", ""distance"": 112.671875, ""relative_position"": [86.88821792602539, -71.73136901855469, -0.009496569633483887], ""velocity"": [-1.6761734400461137e-07, 1.1960864298998786e-08, -0.00034888266236521304], ""speed"": 0.0012559777302071382, ""is_static"": false}, {""id"": ""ai_7"", ""type"": ""random_traffic"", ""model"": ""vehicle.seat.leon"", ""distance"": 116.29376220703125, ""relative_position"": [86.90240859985352, -77.28007507324219, -0.006921395659446716], ""velocity"": [0.0, 0.0, 0.0], ""speed"": 0.0, ""is_static"": false}, {""id"": ""ai_2"", ""type"": ""random_traffic"", ""model"": ""vehicle.ford.mustang"", ""distance"": 132.31324768066406, ""relative_position"": [-52.70054006576538, -121.36494445800781, -0.007230609655380249], ""velocity"": [0.0, 0.0, 0.0], ""speed"": 0.0, ""is_static"": false}, {""id"": ""ai_5"", ""type"": ""random_traffic"", ""model"": ""vehicle.audi.etron"", ""distance"": 144.45394897460938, ""relative_position"": [144.43120193481445, -2.563446044921875, -0.010195702314376831], ""velocity"": [-0.004573016427457333, 7.242386341094971, -2.488613063178491e-05], ""speed"": 26.07259602561734, ""is_static"": false}, {""id"": ""ai_4"", ""type"": ""random_traffic"", ""model"": ""vehicle.audi.etron"", ""distance"": 158.87890625, ""relative_position"": [144.45228958129883, -66.15167236328125, -0.008980408310890198], ""velocity"": [0.0007097098859958351, 2.6927828788757324, -0.001418848056346178], ""speed"": 9.694020046328115, ""is_static"": false}]"
1759224272.7690783,81902,45.24262619018555,291.19073486328125,0.22174617648124695,-6.103515261202119e-05,4.0981132769957185e-05,-90.05333709716797,1.8210828400810897e-08,-1.4186160690599081e-08,0.00047566412831656635,1.2081907243555179e-06,-9.359559953736607e-07,0.03134176507592201,2.004520320042502e-05,5.92476935707964e-05,9.237773324066723e-10,0.0,0.0,0.009668270125985146,False,False,-1,7,4.0,False,0.0017123908639561597,125.14495086669922,0.0005925280897918217,9,"[{""id"": ""ai_1"", ""type"": ""random_traffic"", ""model"": ""vehicle.audi.etron"", ""distance"": 9.816963195800781, ""relative_position"": [-3.3850746154785156, -9.214874267578125, -0.011171489953994751], ""velocity"": [0.0, 0.0, 0.0], ""speed"": 0.0, ""is_static"": false}, {""id"": ""ai_3"", ""type"": ""random_traffic"", ""model"": ""vehicle.nissan.patrol_2021"", ""distance"": 57.94375228881836, ""relative_position"": [20.217266082763672, -54.30230712890625, 0.0021242499351501465], ""velocity"": [1.6201830987938592e-08, 3.789707037071821e-08, 4.921913205180317e-05], ""speed"": 0.00017718893750941846, ""is_static"": false}, {""id"": ""ai_8"", ""type"": ""random_traffic"", ""model"": ""vehicle.ford.mustang"", ""distance"": 72.05919647216797, ""relative_position"": [-3.3914260864257812, -71.97933959960938, -0.0072304606437683105], ""velocity"": [-2.010606259261749e-08, -1.1445814296351386e-09, 0.0003367900790181011], ""speed"": 0.0012124442866327306, ""is_static"": false}, {""id"": ""ai_6"", ""type"": ""random_traffic"", ""model"": ""vehicle.chevrolet.impala"", ""distance"": 79.48274230957031, ""relative_position"": [0.6094474792480469, -79.48040771484375, -0.009158134460449219], ""velocity"": [0.0, 0.0, 0.0], ""speed"": 0.0, ""is_static"": false}, {""id"": ""ai_0"", ""type"": ""random_traffic"", ""model"": ""vehicle.audi.a2"", ""distance"": 112.671875, ""relative_position"": [86.88821792602539, -71.73136901855469, -0.009496733546257019], ""velocity"": [-1.691614812671105e-07, -1.609687494408263e-08, 0.00029841423383913934], ""speed"": 0.0010742914159898216, ""is_static"": false}, {""id"": ""ai_7"", ""type"": ""random_traffic"", ""model"": ""vehicle.seat.leon"", ""distance"": 116.29376220703125, ""relative_position"": [86.90240859985352, -77.28007507324219, -0.00689271092414856], ""velocity"": [0.0, 0.0, 0.0], ""speed"": 0.0, ""is_static"": false}, {""id"": ""ai_2"", ""type"": ""random_traffic"", ""model"": ""vehicle.ford.mustang"", ""distance"": 132.31324768066406, ""relative_position"": [-52.70054006576538, -121.36494445800781, -0.007201924920082092], ""velocity"": [0.0, 0.0, 0.0], ""speed"": 0.0, ""is_static"": false}, {""id"": ""ai_5"", ""type"": ""random_traffic"", ""model"": ""vehicle.audi.etron"", ""distance"": 144.4459991455078, ""relative_position"": [144.43088150024414, -2.089141845703125, -0.010020032525062561], ""velocity"": [-0.004479288589209318, 7.097988605499268, -3.215789547539316e-05], ""speed"": 25.55276406815508, ""is_static"": false}, {""id"": ""ai_4"", ""type"": ""random_traffic"", ""model"": ""vehicle.audi.etron"", ""distance"": 158.8165283203125, ""relative_position"": [144.45228958129883, -66.00169372558594, -0.0074034184217453], ""velocity"": [0.0006132456474006176, 2.3761215209960938, -0.001149406423792243], ""speed"": 8.554038761281713, ""is_static"": false}]"
1759224272.8305173,81906,45.24262619018555,291.19073486328125,0.22174160182476044,-6.103515261202119e-05,4.0981132769957185e-05,-90.05333709716797,-3.982708562944026e-08,1.7435487720263154e-08,-0.00024662018404342234,-1.9726469417946646e-06,1.7988974150284776e-06,0.01241315808147192,-2.3517652152804658e-05,-6.763011333532631e-05,-2.3372828117373956e-09,0.0,0.0,0.009668270125985146,False,False,-1,7,4.0,False,0.0008878326763522202,125.14495086669922,0.0005925280897918217,9,"[{""id"": ""ai_1"", ""type"": ""random_traffic"", ""model"": ""vehicle.audi.etron"", ""distance"": 9.816963195800781, ""relative_position"": [-3.3850746154785156, -9.214874267578125, -0.01116691529750824], ""velocity"": [0.0, 0.0, 0.0], ""speed"": 0.0, ""is_static"": false}, {""id"": ""ai_3"", ""type"": ""random_traffic"", ""model"": ""vehicle.nissan.patrol_2021"", ""distance"": 57.94375228881836, ""relative_position"": [20.217266082763672, -54.30230712890625, 0.0021279901266098022], ""velocity"": [3.020218075633352e-09, 1.7505589866573246e-08, -0.00011498451203806326], ""speed"": 0.0004139442482770087, ""is_static"": false}, {""id"": ""ai_8"", ""type"": ""random_traffic"", ""model"": ""vehicle.ford.mustang"", ""distance"": 72.05919647216797, ""relative_position"": [-3.3914260864257812, -71.97933959960938, -0.0072316378355026245], ""velocity"": [1.7775793281771257e-08, 2.237225071866078e-09, -0.00025240896502509713], ""speed"": 0.0009086722763793778, ""is_static"": false}, {""id"": ""ai_6"", ""type"": ""random_traffic"", ""model"": ""vehicle.chevrolet.impala"", ""distance"": 79.48274230957031, ""relative_position"": [0.6094474792480469, -79.48040771484375, -0.009153559803962708], ""velocity"": [0.0, 0.0, 0.0], ""speed"": 0.0, ""is_static"": false}, {""id"": ""ai_0"", ""type"": ""random_traffic"", ""model"": ""vehicle.audi.a2"", ""distance"": 112.671875, ""relative_position"": [86.88821792602539, -71.73136901855469, -0.00949452817440033], ""velocity"": [-6.862538270979712e-08, -4.167749478867222e-10, -0.0001504898100392893], ""speed"": 0.0005417633724728961, ""is_static"": false}, {""id"": ""ai_7"", ""type"": ""random_traffic"", ""model"": ""vehicle.seat.leon"", ""distance"": 116.29376220703125, ""relative_position"": [86.90240859985352, -77.28007507324219, -0.006888136267662048], ""velocity"": [0.0, 0.0, 0.0], ""speed"": 0.0, ""is_static"": false}, {""id"": ""ai_2"", ""type"": ""random_traffic"", ""model"": ""vehicle.ford.mustang"", ""distance"": 132.31324768066406, ""relative_position"": [-52.70054006576538, -121.36494445800781, -0.007197350263595581], ""velocity"": [0.0, 0.0, 0.0], ""speed"": 0.0, ""is_static"": false}, {""id"": ""ai_5"", ""type"": ""random_traffic"", ""model"": ""vehicle.audi.etron"", ""distance"": 144.43983459472656, ""relative_position"": [144.4305763244629, -1.635711669921875, -0.010056272149085999], ""velocity"": [-0.004438051022589207, 7.03606653213501, -2.215385393355973e-05], ""speed"": 25.329844554611423, ""is_static"": false}, {""id"": ""ai_4"", ""type"": ""random_traffic"", ""model"": ""vehicle.audi.etron"", ""distance"": 158.74990844726562, ""relative_position"": [144.45228958129883, -65.84124755859375, -0.007500573992729187], ""velocity"": [0.0006682629464194179, 2.5966134071350098, -0.0008880805689841509], ""speed"": 9.347809121983058, ""is_static"": false}]"
1759224272.886075,81909,45.24262619018555,291.19073486328125,0.22174221277236938,-6.103515261202119e-05,4.0981132769957185e-05,-90.05333709716797,3.710803397893869e-08,-1.0604070510566999e-08,0.0005773734883405268,9.661240341074517e-08,3.450151098149945e-08,0.10730703175067902,1.4015814485901501e-05,4.370859096525237e-05,8.479971391750496e-09,0.0,0.0,0.009668270125985146,False,False,-1,7,4.0,False,0.0020785445626693632,125.14495086669922,0.0005925280897918217,9,"[{""id"": ""ai_1"", ""type"": ""random_traffic"", ""model"": ""vehicle.audi.etron"", ""distance"": 9.816963195800781, ""relative_position"": [-3.3850746154785156, -9.214874267578125, -0.011167526245117188], ""velocity"": [0.0, 0.0, 0.0], ""speed"": 0.0, ""is_static"": false}, {""id"": ""ai_3"", ""type"": ""random_traffic"", ""model"": ""vehicle.nissan.patrol_2021"", ""distance"": 57.94375228881836, ""relative_position"": [20.217266082763672, -54.30230712890625, 0.0021259188652038574], ""velocity"": [-1.8090901221512468e-08, -3.871488729600969e-08, 0.0001528644497739151], ""speed"": 0.0005503120406889469, ""is_static"": false}, {""id"": ""ai_8"", ""type"": ""random_traffic"", ""model"": ""vehicle.ford.mustang"", ""distance"": 72.05919647216797, ""relative_position"": [-3.3914260864257812, -71.97933959960938, -0.007235303521156311], ""velocity"": [-4.3304146934985965e-09, -6.437662403158129e-09, 0.00034880638122558594], ""speed"": 0.0012557029727227483, ""is_static"": false}, {""id"": ""ai_6"", ""type"": ""random_traffic"", ""model"": ""vehicle.chevrolet.impala"", ""distance"": 79.48274230957031, ""relative_position"": [0.6094474792480469, -79.48040771484375, -0.009154170751571655], ""velocity"": [0.0, 0.0, 0.0], ""speed"": 0.0, ""is_static"": false}, {""id"": ""ai_0"", ""type"": ""random_traffic"", ""model"": ""vehicle.audi.a2"", ""distance"": 112.671875, ""relative_position"": [86.88821792602539, -71.73136901855469, -0.009492307901382446], ""velocity"": [-7.418825997973499e-09, -2.1551898043981055e-08, 0.0004815483116544783], ""speed"": 0.0017335739238980702, ""is_static"": false}, {""id"": ""ai_7"", ""type"": ""random_traffic"", ""model"": ""vehicle.seat.leon"", ""distance"": 116.29376220703125, ""relative_position"": [86.90240859985352, -77.28007507324219, -0.006888747215270996], ""velocity"": [0.0, 0.0, 0.0], ""speed"": 0.0, ""is_static"": false}, {""id"": ""ai_2"", ""type"": ""random_traffic"", ""model"": ""vehicle.ford.mustang"", ""distance"": 132.31324768066406, ""relative_position"": [-52.70054006576538, -121.36494445800781, -0.007197961211204529], ""velocity"": [0.0, 0.0, 0.0], ""speed"": 0.0, ""is_static"": false}, {""id"": ""ai_5"", ""type"": ""random_traffic"", ""model"": ""vehicle.audi.etron"", ""distance"": 144.43617248535156, ""relative_position"": [144.4303321838379, -1.2998046875, -0.010197535157203674], ""velocity"": [-0.004448227118700743, 7.054428577423096, -5.750655873271171e-06], ""speed"": 25.395947927489278, ""is_static"": false}, {""id"": ""ai_4"", ""type"": ""random_traffic"", ""model"": ""vehicle.audi.etron"", ""distance"": 158.6956024169922, ""relative_position"": [144.45228958129883, -65.71018981933594, -0.008198514580726624], ""velocity"": [0.0007225724984891713, 2.8034117221832275, -9.407519974047318e-05], ""speed"": 10.09228254077639, ""is_static"": false}]"
1759224272.943132,81913,45.24262619018555,291.19073486328125,0.22175444662570953,-6.103515261202119e-05,4.0981132769957185e-05,-90.05333709716797,2.9163060855097456e-09,5.979082118301449e-09,0.00011167526099598035,4.890654963674024e-06,-9.664689741839538e-07,0.011905438266694546,-8.434308256255463e-06,-2.0630041035474278e-05,-2.7304154492924226e-09,0.0,0.0,0.009668270125985146,False,False,-1,7,4.0,False,0.00040203094029882665,125.14495086669922,0.0005925280897918217,9,"[{""id"": ""ai_1"", ""type"": ""random_traffic"", ""model"": ""vehicle.audi.etron"", ""distance"": 9.816963195800781, ""relative_position"": [-3.3850746154785156, -9.214874267578125, -0.011179760098457336], ""velocity"": [0.0, 0.0, 0.0], ""speed"": 0.0, ""is_static"": false}, {""id"": ""ai_3"", ""type"": ""random_traffic"", ""model"": ""vehicle.nissan.patrol_2021"", ""distance"": 57.94375228881836, ""relative_position"": [20.217266082763672, -54.30230712890625, 0.0021172761917114258], ""velocity"": [-1.5057615598834673e-08, -3.249874325206292e-08, 4.4155120122013614e-05], ""speed"": 0.00015895848473714323, ""is_static"": false}, {""id"": ""ai_8"", ""type"": ""random_traffic"", ""model"": ""vehicle.ford.mustang"", ""distance"": 72.05919647216797, ""relative_position"": [-3.3914260864257812, -71.97933959960938, -0.007241889834403992], ""velocity"": [3.227398437388729e-08, 1.0355702961817315e-09, 4.944801185047254e-05], ""speed"": 0.00017801288061728684, ""is_static"": false}, {""id"": ""ai_6"", ""type"": ""random_traffic"", ""model"": ""vehicle.chevrolet.impala"", ""distance"": 79.48274230957031, ""relative_position"": [0.6094474792480469, -79.48040771484375, -0.009166404604911804], ""velocity"": [0.0, 0.0, 0.0], ""speed"": 0.0, ""is_static"": false}, {""id"": ""ai_0"", ""type"": ""random_traffic"", ""model"": ""vehicle.audi.a2"", ""distance"": 112.671875, ""relative_position"": [86.88821792602539, -71.73136901855469, -0.009489819407463074], ""velocity"": [-1.333753090193568e-07, -1.2643491587027711e-08, 0.00017883299733512104], ""speed"": 0.0006437989710659988, ""is_static"": false}, {""id"": ""ai_7"", ""type"": ""random_traffic"", ""model"": ""vehicle.seat.leon"", ""distance"": 116.29376220703125, ""relative_position"": [86.90240859985352, -77.28007507324219, -0.006900981068611145], ""velocity"": [0.0, 0.0, 0.0], ""speed"": 0.0, ""is_static"": false}, {""id"": ""ai_2"", ""type"": ""random_traffic"", ""model"": ""vehicle.ford.mustang"", ""distance"": 132.31324768066406, ""relative_position"": [-52.70054006576538, -121.36494445800781, -0.007210195064544678], ""velocity"": [0.0, 0.0, 0.0], ""speed"": 0.0, ""is_static"": false}, {""id"": ""ai_5"", ""type"": ""random_traffic"", ""model"": ""vehicle.audi.etron"", ""distance"": 144.43223571777344, ""relative_position"": [144.42969131469727, -0.856536865234375, -0.010524585843086243], ""velocity"": [-0.034403108060359955, 7.161794662475586, 1.6365051124012098e-05], ""speed"": 25.782758255198818, ""is_static"": false}, {""id"": ""ai_4"", ""type"": ""random_traffic"", ""model"": ""vehicle.audi.etron"", ""distance"": 158.61782836914062, ""relative_position"": [144.4520149230957, -65.52275085449219, -0.0094500333070755], ""velocity"": [-0.02547026425600052, 3.0874462127685547, 0.000374002440366894], ""speed"": 11.115184657173929, ""is_static"": false}]"
1759224272.9995725,81916,45.24262619018555,291.19073486328125,0.22175055742263794,-6.103515261202119e-05,4.0981132769957185e-05,-90.05333709716797,7.88388909711557e-09,-6.448386269397588e-09,1.7242431567865424e-05,1.0441278845974011e-06,-8.620384619462129e-07,-0.0021252899896353483,9.154428880719934e-06,2.184875302191358e-05,-2.408083732419186e-09,0.0,0.0,0.009668270125985146,False,False,-1,7,4.0,False,6.207276447383745e-05,125.14495086669922,0.0005925280897918217,9,"[{""id"": ""ai_1"", ""type"": ""random_traffic"", ""model"": ""vehicle.audi.etron"", ""distance"": 9.816963195800781, ""relative_position"": [-3.3850746154785156, -9.214874267578125, -0.011175870895385742], ""velocity"": [0.0, 0.0, 0.0], ""speed"": 0.0, ""is_static"": false}, {""id"": ""ai_3"", ""type"": ""random_traffic"", ""model"": ""vehicle.nissan.patrol_2021"", ""distance"": 57.94375228881836, ""relative_position"": [20.217266082763672, -54.30230712890625, 0.002119794487953186], ""velocity"": [-1.1138769906438029e-08, -3.061952824623404e-08, -6.723403657815652e-06], ""speed"": 2.4204537387074676e-05, ""is_static"": false}, {""id"": ""ai_8"", ""type"": ""random_traffic"", ""model"": ""vehicle.ford.mustang"", ""distance"": 72.05919647216797, ""relative_position"": [-3.3914260864257812, -71.97933959960938, -0.0072416216135025024], ""velocity"": [-5.703606031914887e-09, 3.981409646414136e-10, -2.7379988750908524e-05], ""speed"": 9.856796165233467e-05, ""is_static"": false}, {""id"": ""ai_6"", ""type"": ""random_traffic"", ""model"": ""vehicle.chevrolet.impala"", ""distance"": 79.48274230957031, ""relative_position"": [0.6094474792480469, -79.48040771484375, -0.00916251540184021], ""velocity"": [0.0, 0.0, 0.0], ""speed"": 0.0, ""is_static"": false}, {""id"": ""ai_0"", ""type"": ""random_traffic"", ""model"": ""vehicle.audi.a2"", ""distance"": 112.671875, ""relative_position"": [86.88821792602539, -71.73136901855469, -0.009485244750976562], ""velocity"": [2.51959477282071e-07, -5.945816994312736e-08, 8.19110864540562e-05], ""speed"": 0.0002948813839733716, ""is_static"": false}, {""id"": ""ai_7"", ""type"": ""random_traffic"", ""model"": ""vehicle.seat.leon"", ""distance"": 116.29376220703125, ""relative_position"": [86.90240859985352, -77.28007507324219, -0.006897091865539551], ""velocity"": [0.0, 0.0, 0.0], ""speed"": 0.0, ""is_static"": false}, {""id"": ""ai_2"", ""type"": ""random_traffic"", ""model"": ""vehicle.ford.mustang"", ""distance"": 132.31324768066406, ""relative_position"": [-52.70054006576538, -121.36494445800781, -0.0072063058614730835], ""velocity"": [0.0, 0.0, 0.0], ""speed"": 0.0, ""is_static"": false}, {""id"": ""ai_5"", ""type"": ""random_traffic"", ""model"": ""vehicle.audi.etron"", ""distance"": 144.42282104492188, ""relative_position"": [144.42192459106445, -0.508148193359375, -0.01081855595111847], ""velocity"": [-0.27298757433891296, 7.261739730834961, 2.0413397578522563e-05], ""speed"": 26.160728665381843, ""is_static"": false}, {""id"": ""ai_4"", ""type"": ""random_traffic"", ""model"": ""vehicle.audi.etron"", ""distance"": 158.54876708984375, ""relative_position"": [144.44740676879883, -65.36558532714844, -0.010423660278320312], ""velocity"": [-0.13070815801620483, 3.301617383956909, 0.0005697202286683023], ""speed"": 11.895133432278376, ""is_static"": false}]"
1759224273.0566242,81920,45.24262619018555,291.19073486328125,0.22173774242401123,-6.103515261202119e-05,4.0981132769957185e-05,-90.05333709716797,-8.525863570696401e-09,-5.899400967734891e-09,-0.0006813335348851979,-3.3014478049153695e-06,2.6175644762815864e-08,-0.0396403893828392,8.294156941701658e-06,2.049609065579716e-05,-1.4396321912357735e-09,0.0,0.0,0.009668270125985146,False,False,-1,7,4.0,False,0.0024528007258706967,125.14495086669922,0.0005925280897918217,9,"[{""id"": ""ai_1"", ""type"": ""random_traffic"", ""model"": ""vehicle.audi.etron"", ""distance"": 9.816963195800781, ""relative_position"": [-3.3850746154785156, -9.214874267578125, -0.011163055896759033], ""velocity"": [0.0, 0.0, 0.0], ""speed"": 0.0, ""is_static"": false}, {""id"": ""ai_3"", ""type"": ""random_traffic"", ""model"": ""vehicle.nissan.patrol_2021"", ""distance"": 57.94375228881836, ""relative_position"": [20.217266082763672, -54.30230712890625, 0.0021265745162963867], ""velocity"": [-7.820502467836832e-09, -2.328357240344303e-08, -0.0002917766396421939], ""speed"": 0.0010503959064336252, ""is_static"": false}, {""id"": ""ai_8"", ""type"": ""random_traffic"", ""model"": ""vehicle.ford.mustang"", ""distance"": 72.05919647216797, ""relative_position"": [-3.3914260864257812, -71.97933959960938, -0.0072415173053741455], ""velocity"": [1.554804285319733e-08, 9.5352425955042e-10, -0.0005646991776302457], ""speed"": 0.0020329170402423433, ""is_static"": false}, {""id"": ""ai_6"", ""type"": ""random_traffic"", ""model"": ""vehicle.chevrolet.impala"", ""distance"": 79.48274230957031, ""relative_position"": [0.6094474792480469, -79.48040771484375, -0.009149700403213501], ""velocity"": [0.0, 0.0, 0.0], ""speed"": 0.0, ""is_static"": false}, {""id"": ""ai_0"", ""type"": ""random_traffic"", ""model"": ""vehicle.audi.a2"", ""distance"": 112.671875, ""relative_position"": [86.88821792602539, -71.73136901855469, -0.00947067141532898], ""velocity"": [-4.9488568798494725e-09, 4.209432358237564e-09, -5.4721829656045884e-05], ""speed"": 0.00019699858815022222, ""is_static"": false}, {""id"": ""ai_7"", ""type"": ""random_traffic"", ""model"": ""vehicle.seat.leon"", ""distance"": 116.29376220703125, ""relative_position"": [86.90240859985352, -77.28007507324219, -0.006884276866912842], ""velocity"": [0.0, 0.0, 0.0], ""speed"": 0.0, ""is_static"": false}, {""id"": ""ai_2"", ""type"": ""random_traffic"", ""model"": ""vehicle.ford.mustang"", ""distance"": 132.31324768066406, ""relative_position"": [-52.70054006576538, -121.36494445800781, -0.0071934908628463745], ""velocity"": [0.0, 0.0, 0.0], ""speed"": 0.0, ""is_static"": false}, {""id"": ""ai_5"", ""type"": ""random_traffic"", ""model"": ""vehicle.audi.etron"", ""distance"": 144.39744567871094, ""relative_position"": [144.3974494934082, -0.0269775390625, -0.0112229585647583], ""velocity"": [-0.47391360998153687, 7.44995641708374, -6.517409929074347e-05], ""speed"": 26.874052982500626, ""is_static"": false}, {""id"": ""ai_4"", ""type"": ""random_traffic"", ""model"": ""vehicle.audi.etron"", ""distance"": 158.44677734375, ""relative_position"": [144.43904495239258, -65.1363525390625, -0.011545524001121521], ""velocity"": [-0.14721347391605377, 3.603778839111328, 0.0003501033643260598], ""speed"": 12.984423911174883, ""is_static"": false}]"
1759224273.1165903,81924,45.24262619018555,291.19073486328125,0.22174209356307983,-6.103515261202119e-05,4.0981132769957185e-05,-90.05333709716797,-1.6622886178652152e-08,1.0013098794559028e-08,-0.00047871589777059853,1.2482721558626508e-06,1.4037929929600068e-08,-0.013721066527068615,-1.3004719221498817e-05,-2.659488018252887e-05,-5.473718367454694e-09,0.0,0.0,0.009668270125985146,False,False,-1,7,4.0,False,0.0017233772333901272,125.14495086669922,0.0005925280897918217,9,"[{""id"": ""ai_1"", ""type"": ""random_traffic"", ""model"": ""vehicle.audi.etron"", ""distance"": 9.816963195800781, ""relative_position"": [-3.3850746154785156, -9.214874267578125, -0.011167407035827637], ""velocity"": [0.0, 0.0, 0.0], ""speed"": 0.0, ""is_static"": false}, {""id"": ""ai_3"", ""type"": ""random_traffic"", ""model"": ""vehicle.nissan.patrol_2021"", ""distance"": 57.94375228881836, ""relative_position"": [20.217266082763672, -54.30230712890625, 0.0021229088306427], ""velocity"": [1.861413423398517e-08, 2.4506352502839945e-08, -0.00020342826610431075], ""speed"": 0.0007323417663553037, ""is_static"": false}, {""id"": ""ai_8"", ""type"": ""random_traffic"", ""model"": ""vehicle.ford.mustang"", ""distance"": 72.05919647216797, ""relative_position"": [-3.3914260864257812, -71.97933959960938, -0.0072397589683532715], ""velocity"": [1.5875512460183927e-08, -1.0369484160221987e-09, -0.00025483130593784153], ""speed"": 0.000917392703164051, ""is_static"": false}, {""id"": ""ai_6"", ""type"": ""random_traffic"", ""model"": ""vehicle.chevrolet.impala"", ""distance"": 79.48274230957031, ""relative_position"": [0.6094474792480469, -79.48040771484375, -0.009154051542282104], ""velocity"": [0.0, 0.0, 0.0], ""speed"": 0.0, ""is_static"": false}, {""id"": ""ai_0"", ""type"": ""random_traffic"", ""model"": ""vehicle.audi.a2"", ""distance"": 112.671875, ""relative_position"": [86.88821792602539, -71.73136901855469, -0.009453892707824707], ""velocity"": [-9.219580476838019e-08, -7.18098505103626e-08, -0.00022631644969806075], ""speed"": 0.0008147393275312667, ""is_static"": false}, {""id"": ""ai_7"", ""type"": ""random_traffic"", ""model"": ""vehicle.seat.leon"", ""distance"": 116.29376220703125, ""relative_position"": [86.90240859985352, -77.28007507324219, -0.006888628005981445], ""velocity"": [0.0, 0.0, 0.0], ""speed"": 0.0, ""is_static"": false}, {""id"": ""ai_2"", ""type"": ""random_traffic"", ""model"": ""vehicle.ford.mustang"", ""distance"": 132.31324768066406, ""relative_position"": [-52.70054006576538, -121.36494445800781, -0.007197842001914978], ""velocity"": [0.0, 0.0, 0.0], ""speed"": 0.0, ""is_static"": false}, {""id"": ""ai_5"", ""type"": ""random_traffic"", ""model"": ""vehicle.audi.etron"", ""distance"": 144.3655242919922, ""relative_position"": [144.36482620239258, 0.449859619140625, -0.011637881398200989], ""velocity"": [-0.6268708109855652, 7.7054643630981445, -0.0001856040908023715], ""speed"": 27.831317600218057, ""is_static"": false}, {""id"": ""ai_4"", ""type"": ""random_traffic"", ""model"": ""vehicle.audi.etron"", ""distance"": 158.341064453125, ""relative_position"": [144.43025588989258, -64.89833068847656, -0.012331590056419373], ""velocity"": [-0.16554352641105652, 3.8938071727752686, 0.00031731603667140007], ""speed"": 14.030368569614462, ""is_static"": false}]"
1759224273.1734004,81927,45.24262619018555,291.19073486328125,0.22174209356307983,-6.103515261202119e-05,4.0981132769957185e-05,-90.05333709716797,1.1404801547598709e-08,-1.050210474140556e-10,8.980274287750944e-05,-1.0438088793307543e-06,3.549344853581715e-07,-0.006824878044426441,1.2926393821999227e-07,1.5929155779303983e-05,1.4258932923283396e-09,0.0,0.0,0.009668270125985146,False,False,-1,7,4.0,False,0.00032328987696635916,125.14495086669922,0.0005925280897918217,9,"[{""id"": ""ai_1"", ""type"": ""random_traffic"", ""model"": ""vehicle.audi.etron"", ""distance"": 9.816963195800781, ""relative_position"": [-3.3850746154785156, -9.214874267578125, -0.011167407035827637], ""velocity"": [0.0, 0.0, 0.0], ""speed"": 0.0, ""is_static"": false}, {""id"": ""ai_3"", ""type"": ""random_traffic"", ""model"": ""vehicle.nissan.patrol_2021"", ""distance"": 57.94375228881836, ""relative_position"": [20.217266082763672, -54.30230712890625, 0.002124980092048645], ""velocity"": [-1.5768932826176751e-09, -1.7868590163061526e-08, 0.0002546787145547569], ""speed"": 0.0009168433746713299, ""is_static"": false}, {""id"": ""ai_8"", ""type"": ""random_traffic"", ""model"": ""vehicle.ford.mustang"", ""distance"": 72.05919647216797, ""relative_position"": [-3.3914260864257812, -71.97933959960938, -0.007228821516036987], ""velocity"": [-2.1202570366085638e-08, 2.144163957495948e-09, 0.0005991411162540317], ""speed"": 0.0021569080198789066, ""is_static"": false}, {""id"": ""ai_6"", ""type"": ""random_traffic"", ""model"": ""vehicle.chevrolet.impala"", ""distance"": 79.48274230957031, ""relative_position"": [0.6094474792480469, -79.48040771484375, -0.009154051542282104], ""velocity"": [0.0, 0.0, 0.0], ""speed"": 0.0, ""is_static"": false}, {""id"": ""ai_0"", ""type"": ""random_traffic"", ""model"": ""vehicle.audi.a2"", ""distance"": 112.671875, ""relative_position"": [86.88821792602539, -71.73136901855469, -0.009443357586860657], ""velocity"": [-9.862742444965988e-08, -8.569831777549552e-08, 0.0005697202286683023], ""speed"": 0.002050992877142584, ""is_static"": false}, {""id"": ""ai_7"", ""type"": ""random_traffic"", ""model"": ""vehicle.seat.leon"", ""distance"": 116.29376220703125, ""relative_position"": [86.90240859985352, -77.28007507324219, -0.006888628005981445], ""velocity"": [0.0, 0.0, 0.0], ""speed"": 0.0, ""is_static"": false}, {""id"": ""ai_2"", ""type"": ""random_traffic"", ""model"": ""vehicle.ford.mustang"", ""distance"": 132.31324768066406, ""relative_position"": [-52.70054006576538, -121.36494445800781, -0.007197842001914978], ""velocity"": [0.0, 0.0, 0.0], ""speed"": 0.0, ""is_static"": false}, {""id"": ""ai_5"", ""type"": ""random_traffic"", ""model"": ""vehicle.audi.etron"", ""distance"": 144.33827209472656, ""relative_position"": [144.33595657348633, 0.81719970703125, -0.011906862258911133], ""velocity"": [-0.6994316577911377, 7.885629177093506, -0.00022187232389114797], ""speed"": 28.499713764608575, ""is_static"": false}, {""id"": ""ai_4"", ""type"": ""random_traffic"", ""model"": ""vehicle.audi.etron"", ""distance"": 158.25668334960938, ""relative_position"": [144.42303848266602, -64.70831298828125, -0.012715652585029602], ""velocity"": [-0.17697745561599731, 4.111050128936768, 0.0006391334463842213], ""speed"": 14.813488026062897, ""is_static"": false}]"
1759224273.2303314,81931,45.24262619018555,291.19073486328125,0.22171913087368011,-6.103515261202119e-05,4.0981132769957185e-05,-90.05333709716797,4.136045461677895e-08,1.4583250163013872e-08,0.0007837628945708275,1.482245238548785e-06,1.0177556077906047e-06,0.06429994851350784,-1.97832596313674e-05,6.193280569277704e-05,3.4260043690892417e-09,0.0,0.0,0.009668270125985146,False,False,-1,7,4.0,False,0.0028215464248721885,125.14495086669922,0.0005925280897918217,9,"[{""id"": ""ai_1"", ""type"": ""random_traffic"", ""model"": ""vehicle.audi.etron"", ""distance"": 9.816963195800781, ""relative_position"": [-3.3850746154785156, -9.214874267578125, -0.011144444346427917], ""velocity"": [0.0, 0.0, 0.0], ""speed"": 0.0, ""is_static"": false}, {""id"": ""ai_3"", ""type"": ""random_traffic"", ""model"": ""vehicle.nissan.patrol_2021"", ""distance"": 57.94375228881836, ""relative_position"": [20.217266082763672, -54.30230712890625, 0.0021604448556900024], ""velocity"": [-1.2218575040634505e-09, -1.9169401621610405e-09, 0.0005655669956468046], ""speed"": 0.002036041184344943, ""is_static"": false}, {""id"": ""ai_8"", ""type"": ""random_traffic"", ""model"": ""vehicle.ford.mustang"", ""distance"": 72.05919647216797, ""relative_position"": [-3.3914260864257812, -71.97933959960938, -0.007209017872810364], ""velocity"": [-3.2494982260544703e-09, -2.8099076399001888e-09, 0.0006590890698134899], ""speed"": 0.0023727206513789647, ""is_static"": false}, {""id"": ""ai_6"", ""type"": ""random_traffic"", ""model"": ""vehicle.chevrolet.impala"", ""distance"": 79.48274230957031, ""relative_position"": [0.6094474792480469, -79.48040771484375, -0.009131088852882385], ""velocity"": [0.0, 0.0, 0.0], ""speed"": 0.0, ""is_static"": false}, {""id"": ""ai_0"", ""type"": ""random_traffic"", ""model"": ""vehicle.audi.a2"", ""distance"": 112.671875, ""relative_position"": [86.88821792602539, -71.73136901855469, -0.009426653385162354], ""velocity"": [1.9111563176466007e-07, 2.928682008018768e-08, 0.0005999326822347939], ""speed"": 0.002159757768206547, ""is_static"": false}, {""id"": ""ai_7"", ""type"": ""random_traffic"", ""model"": ""vehicle.seat.leon"", ""distance"": 116.29376220703125, ""relative_position"": [86.90240859985352, -77.28007507324219, -0.006865665316581726], ""velocity"": [0.0, 0.0, 0.0], ""speed"": 0.0, ""is_static"": false}, {""id"": ""ai_2"", ""type"": ""random_traffic"", ""model"": ""vehicle.ford.mustang"", ""distance"": 132.31324768066406, ""relative_position"": [-52.70054006576538, -121.36494445800781, -0.007174879312515259], ""velocity"": [0.0, 0.0, 0.0], ""speed"": 0.0, ""is_static"": false}, {""id"": ""ai_5"", ""type"": ""random_traffic"", ""model"": ""vehicle.audi.etron"", ""distance"": 144.2971954345703, ""relative_position"": [144.29101943969727, 1.3363037109375, -0.01218421757221222], ""velocity"": [-0.7875627875328064, 8.141173362731934, -0.0001757717109285295], ""speed"": 29.445042151582413, ""is_static"": false}, {""id"": ""ai_4"", ""type"": ""random_traffic"", ""model"": ""vehicle.audi.etron"", ""distance"": 158.1337890625, ""relative_position"": [144.41215896606445, -64.43153381347656, -0.012982562184333801], ""velocity"": [-0.19466464221477509, 4.407858848571777, 0.0005099725676700473], ""speed"": 15.88375900681742, ""is_static"": false}]"
1759224273.286932,81935,45.24262619018555,291.19073486328125,0.22172702848911285,-6.103515261202119e-05,4.0981132769957185e-05,-90.05333709716797,-2.0487828322757196e-08,-8.43944247819195e-10,0.0001943397510331124,-2.12973759516899e-06,-2.4589548175413256e-08,-0.04029040038585663,1.1421793715271633e-06,-1.1307941349514294e-05,-2.842427848648299e-09,0.0,0.0,0.009668270125985146,False,False,-1,7,4.0,False,0.0006996231076135908,125.14495086669922,0.0005925280897918217,9,"[{""id"": ""ai_1"", ""type"": ""random_traffic"", ""model"": ""vehicle.audi.etron"", ""distance"": 9.816963195800781, ""relative_position"": [-3.3850746154785156, -9.214874267578125, -0.011152341961860657], ""velocity"": [0.0, 0.0, 0.0], ""speed"": 0.0, ""is_static"": false}, {""id"": ""ai_3"", ""type"": ""random_traffic"", ""model"": ""vehicle.nissan.patrol_2021"", ""distance"": 57.94375228881836, ""relative_position"": [20.217266082763672, -54.30230712890625, 0.0021669715642929077], ""velocity"": [-3.6173926076799034e-09, -5.0448556443427606e-09, 0.00020178317208774388], ""speed"": 0.000726419419859638, ""is_static"": false}, {""id"": ""ai_8"", ""type"": ""random_traffic"", ""model"": ""vehicle.ford.mustang"", ""distance"": 72.05919647216797, ""relative_position"": [-3.3914260864257812, -71.97933959960938, -0.0072118788957595825], ""velocity"": [-1.82300077256059e-08, -1.6982738826332167e-10, 9.69648317550309e-05], ""speed"": 0.0003490734004878908, ""is_static"": false}, {""id"": ""ai_6"", ""type"": ""random_traffic"", ""model"": ""vehicle.chevrolet.impala"", ""distance"": 79.48274230957031, ""relative_position"": [0.6094474792480469, -79.48040771484375, -0.009138986468315125], ""velocity"": [0.0, 0.0, 0.0], ""speed"": 0.0, ""is_static"": false}, {""id"": ""ai_0"", ""type"": ""random_traffic"", ""model"": ""vehicle.audi.a2"", ""distance"": 112.671875, ""relative_position"": [86.88821792602539, -71.73136901855469, -0.009434014558792114], ""velocity"": [-1.1171905356377465e-07, -1.6156741722284096e-08, 3.795146767515689e-05], ""speed"": 0.00013662588797837258, ""is_static"": false}, {""id"": ""ai_7"", ""type"": ""random_traffic"", ""model"": ""vehicle.seat.leon"", ""distance"": 116.29376220703125, ""relative_position"": [86.90240859985352, -77.28007507324219, -0.006873562932014465], ""velocity"": [0.0, 0.0, 0.0], ""speed"": 0.0, ""is_static"": false}, {""id"": ""ai_2"", ""type"": ""random_traffic"", ""model"": ""vehicle.ford.mustang"", ""distance"": 132.31324768066406, ""relative_position"": [-52.70054006576538, -121.36494445800781, -0.007182776927947998], ""velocity"": [0.0, 0.0, 0.0], ""speed"": 0.0, ""is_static"": false}, {""id"": ""ai_5"", ""type"": ""random_traffic"", ""model"": ""vehicle.audi.etron"", ""distance"": 144.2545928955078, ""relative_position"": [144.24267959594727, 1.85479736328125, -0.012327015399932861], ""velocity"": [-0.8467137217521667, 8.307833671569824, -6.506442878162488e-05], ""speed"": 30.06313085510502, ""is_static"": false}, {""id"": ""ai_4"", ""type"": ""random_traffic"", ""model"": ""vehicle.audi.etron"", ""distance"": 158.0061798095703, ""relative_position"": [144.40040969848633, -64.1441650390625, -0.01306198537349701], ""velocity"": [-0.21112877130508423, 4.695243835449219, 0.00016616344510111958], ""speed"": 16.91995789526943, ""is_static"": false}]"
1759224273.3449874,81938,45.24262619018555,291.19073486328125,0.22172927856445312,-6.103515261202119e-05,4.0981132769957185e-05,-90.05333709716797,-1.4890692234814651e-08,-1.942964011902859e-09,0.0005191707750782371,8.569048191020556e-07,9.608644404579536e-07,0.043919797986745834,2.8241729523870163e-06,-1.1837751117127482e-05,-5.1039208415204484e-09,0.0,0.0,0.009668270125985146,False,False,-1,7,4.0,False,0.0018690147910635042,125.14495086669922,0.0005925280897918217,9,"[{""id"": ""ai_1"", ""type"": ""random_traffic"", ""model"": ""vehicle.audi.etron"", ""distance"": 9.816963195800781, ""relative_position"": [-3.3850746154785156, -9.214874267578125, -0.011154592037200928], ""velocity"": [0.0, 0.0, 0.0], ""speed"": 0.0, ""is_static"": false}, {""id"": ""ai_3"", ""type"": ""random_traffic"", ""model"": ""vehicle.nissan.patrol_2021"", ""distance"": 57.94375228881836, ""relative_position"": [20.217266082763672, -54.30230712890625, 0.002167925238609314], ""velocity"": [-5.37957500768016e-09, -7.363895271339516e-09, 0.00019629001326393336], ""speed"": 0.0007066440485128082, ""is_static"": false}, {""id"": ""ai_8"", ""type"": ""random_traffic"", ""model"": ""vehicle.ford.mustang"", ""distance"": 72.05919647216797, ""relative_position"": [-3.3914260864257812, -71.97933959960938, -0.007216796278953552], ""velocity"": [3.233757084331046e-08, 1.7834661525384377e-09, 0.00028723239665850997], ""speed"": 0.0010340366345437755, ""is_static"": false}, {""id"": ""ai_6"", ""type"": ""random_traffic"", ""model"": ""vehicle.chevrolet.impala"", ""distance"": 79.48274230957031, ""relative_position"": [0.6094474792480469, -79.48040771484375, -0.009141236543655396], ""velocity"": [0.0, 0.0, 0.0], ""speed"": 0.0, ""is_static"": false}, {""id"": ""ai_0"", ""type"": ""random_traffic"", ""model"": ""vehicle.audi.a2"", ""distance"": 112.671875, ""relative_position"": [86.88821792602539, -71.73136901855469, -0.00944092869758606], ""velocity"": [-2.793220055252732e-08, 8.692271791232997e-08, 0.00023767947277519852], ""speed"": 0.0008556461651193448, ""is_static"": false}, {""id"": ""ai_7"", ""type"": ""random_traffic"", ""model"": ""vehicle.seat.leon"", ""distance"": 116.29376220703125, ""relative_position"": [86.90240859985352, -77.28007507324219, -0.006875813007354736], ""velocity"": [0.0, 0.0, 0.0], ""speed"": 0.0, ""is_static"": false}, {""id"": ""ai_2"", ""type"": ""random_traffic"", ""model"": ""vehicle.ford.mustang"", ""distance"": 132.31324768066406, ""relative_position"": [-52.70054006576538, -121.36494445800781, -0.007185027003288269], ""velocity"": [0.0, 0.0, 0.0], ""speed"": 0.0, ""is_static"": false}, {""id"": ""ai_5"", ""type"": ""random_traffic"", ""model"": ""vehicle.audi.etron"", ""distance"": 144.22142028808594, ""relative_position"": [144.20381546020508, 2.253173828125, -0.012300044298171997], ""velocity"": [-0.8679186105728149, 8.327314376831055, -0.0013978099450469017], ""speed"": 30.140719039389374, ""is_static"": false}, {""id"": ""ai_4"", ""type"": ""random_traffic"", ""model"": ""vehicle.audi.etron"", ""distance"": 157.90380859375, ""relative_position"": [144.3907356262207, -63.91343688964844, -0.01303093135356903], ""velocity"": [-0.22230124473571777, 4.911576747894287, 0.0001863050420070067], ""speed"": 17.6997777446597, ""is_static"": false}]"
1759224273.411034,81942,45.24262619018555,291.19073486328125,0.22173835337162018,-6.103515261202119e-05,4.0981132769957185e-05,-90.05333709716797,-1.8804643175940328e-08,-2.409109356449335e-09,0.00043551443377509713,-1.3342238389668637e-06,7.362884080208687e-09,0.0021574804559350014,3.402539505259483e-06,-6.945646418898832e-06,-3.287196959078642e-09,0.0,0.0,0.009668270125985146,False,False,-1,7,4.0,False,0.0015678519630758416,125.14495086669922,0.0005925280897918217,9,"[{""id"": ""ai_1"", ""type"": ""random_traffic"", ""model"": ""vehicle.audi.etron"", ""distance"": 9.816963195800781, ""relative_position"": [-3.3850746154785156, -9.214874267578125, -0.011163666844367981], ""velocity"": [0.0, 0.0, 0.0], ""speed"": 0.0, ""is_static"": false}, {""id"": ""ai_3"", ""type"": ""random_traffic"", ""model"": ""vehicle.nissan.patrol_2021"", ""distance"": 57.94375228881836, ""relative_position"": [20.217266082763672, -54.30230712890625, 0.0021587759256362915], ""velocity"": [-4.8242441152979154e-09, -6.509162098211618e-09, 9.572028648108244e-05], ""speed"": 0.00034459303256629073, ""is_static"": false}, {""id"": ""ai_8"", ""type"": ""random_traffic"", ""model"": ""vehicle.ford.mustang"", ""distance"": 72.05919647216797, ""relative_position"": [-3.3914260864257812, -71.97933959960938, -0.007226213812828064], ""velocity"": [1.6988243700666317e-08, -2.8203852586727862e-09, 0.00023894786136224866], ""speed"": 0.0008602123031380511, ""is_static"": false}, {""id"": ""ai_6"", ""type"": ""random_traffic"", ""model"": ""vehicle.chevrolet.impala"", ""distance"": 79.48274230957031, ""relative_position"": [0.6094474792480469, -79.48040771484375, -0.009150311350822449], ""velocity"": [0.0, 0.0, 0.0], ""speed"": 0.0, ""is_static"": false}, {""id"": ""ai_0"", ""type"": ""random_traffic"", ""model"": ""vehicle.audi.a2"", ""distance"": 112.671875, ""relative_position"": [86.88821792602539, -71.73136901855469, -0.00945281982421875], ""velocity"": [-9.547487422878476e-08, -7.1994605832514935e-09, 0.00020224570471327752], ""speed"": 0.0007280846185572202, ""is_static"": false}, {""id"": ""ai_7"", ""type"": ""random_traffic"", ""model"": ""vehicle.seat.leon"", ""distance"": 116.29376220703125, ""relative_position"": [86.90240859985352, -77.28007507324219, -0.0068848878145217896], ""velocity"": [0.0, 0.0, 0.0], ""speed"": 0.0, ""is_static"": false}, {""id"": ""ai_2"", ""type"": ""random_traffic"", ""model"": ""vehicle.ford.mustang"", ""distance"": 132.31324768066406, ""relative_position"": [-52.70054006576538, -121.36494445800781, -0.007194101810455322], ""velocity"": [0.0, 0.0, 0.0], ""speed"": 0.0, ""is_static"": false}, {""id"": ""ai_5"", ""type"": ""random_traffic"", ""model"": ""vehicle.audi.etron"", ""distance"": 144.17776489257812, ""relative_position"": [144.15100479125977, 2.777496337890625, -0.01209750771522522], ""velocity"": [-0.8751881718635559, 8.225618362426758, -0.0019103002268821], ""speed"": 29.77936786382528, ""is_static"": false}, {""id"": ""ai_4"", ""type"": ""random_traffic"", ""model"": ""vehicle.audi.etron"", ""distance"": 157.76144409179688, ""relative_position"": [144.3769416809082, -63.59223937988281, -0.012869194149971008], ""velocity"": [-0.23730775713920593, 5.184608459472656, 0.0013155937194824219], ""speed"": 18.684132339561618, ""is_static"": false}]"
1759224273.467911,81946,45.24262619018555,291.19073486328125,0.2217409908771515,-6.103515261202119e-05,4.0981132769957185e-05,-90.05333709716797,1.429439144828848e-08,-2.740609517104531e-09,0.0005829572328366339,1.47365904012986e-06,1.0322091839043424e-06,0.06269147992134094,3.988708158431109e-06,9.485897862759884e-06,4.67970662221262e-10,0.0,0.0,0.009668270125985146,False,False,-1,7,4.0,False,0.0020986460388659834,125.14495086669922,0.0005925280897918217,9,"[{""id"": ""ai_1"", ""type"": ""random_traffic"", ""model"": ""vehicle.audi.etron"", ""distance"": 9.816963195800781, ""relative_position"": [-3.3850746154785156, -9.214874267578125, -0.011166304349899292], ""velocity"": [0.0, 0.0, 0.0], ""speed"": 0.0, ""is_static"": false}, {""id"": ""ai_3"", ""type"": ""random_traffic"", ""model"": ""vehicle.nissan.patrol_2021"", ""distance"": 57.94375228881836, ""relative_position"": [20.217266082763672, -54.30230712890625, 0.0021503418684005737], ""velocity"": [-3.734765829932485e-09, -4.627988658967297e-09, 9.032249363372102e-05], ""speed"": 0.0003251609777862053, ""is_static"": false}, {""id"": ""ai_8"", ""type"": ""random_traffic"", ""model"": ""vehicle.ford.mustang"", ""distance"": 72.05919647216797, ""relative_position"": [-3.3914260864257812, -71.97933959960938, -0.00723285973072052], ""velocity"": [1.6701337202107425e-08, -3.0007365481310444e-09, 0.00035712719545699656], ""speed"": 0.0012856579050964643, ""is_static"": false}, {""id"": ""ai_6"", ""type"": ""random_traffic"", ""model"": ""vehicle.chevrolet.impala"", ""distance"": 79.48274230957031, ""relative_position"": [0.6094474792480469, -79.48040771484375, -0.00915294885635376], ""velocity"": [0.0, 0.0, 0.0], ""speed"": 0.0, ""is_static"": false}, {""id"": ""ai_0"", ""type"": ""random_traffic"", ""model"": ""vehicle.audi.a2"", ""distance"": 112.671875, ""relative_position"": [86.88821792602539, -71.73136901855469, -0.009466677904129028], ""velocity"": [2.305243640421395e-07, -5.010567960539447e-08, 3.138065221719444e-05], ""speed"": 0.00011297354014931642, ""is_static"": false}, {""id"": ""ai_7"", ""type"": ""random_traffic"", ""model"": ""vehicle.seat.leon"", ""distance"": 116.29376220703125, ""relative_position"": [86.90240859985352, -77.28007507324219, -0.006887525320053101], ""velocity"": [0.0, 0.0, 0.0], ""speed"": 0.0, ""is_static"": false}, {""id"": ""ai_2"", ""type"": ""random_traffic"", ""model"": ""vehicle.ford.mustang"", ""distance"": 132.31324768066406, ""relative_position"": [-52.70054006576538, -121.36494445800781, -0.007196739315986633], ""velocity"": [0.0, 0.0, 0.0], ""speed"": 0.0, ""is_static"": false}, {""id"": ""ai_5"", ""type"": ""random_traffic"", ""model"": ""vehicle.audi.etron"", ""distance"": 144.13525390625, ""relative_position"": [144.09759902954102, 3.294464111328125, -0.01169082522392273], ""velocity"": [-0.8652458190917969, 8.051132202148438, -0.0014982271241024137], ""speed"": 29.15097244895289, ""is_static"": false}, {""id"": ""ai_4"", ""type"": ""random_traffic"", ""model"": ""vehicle.audi.etron"", ""distance"": 157.61270141601562, ""relative_position"": [144.3622169494629, -63.255950927734375, -0.012584000825881958], ""velocity"": [-0.24652566015720367, 5.333436012268066, 0.0008319616317749023], ""speed"": 19.220870067752724, ""is_static"": false}]"
1759224273.524809,81949,45.24262619018555,291.19073486328125,0.22174116969108582,-6.103515261202119e-05,4.0981132769957185e-05,-90.05333709716797,3.900384371036125e-08,-3.168836304467959e-09,0.0002775716711767018,-3.0501854553222074e-07,-9.80584218268632e-07,0.0150570934638381,3.351211262270226e-06,2.679283352335915e-05,1.2626065526433194e-08,0.0,0.0,0.009668270125985146,False,False,-1,7,4.0,False,0.0009992580261665865,125.14495086669922,0.0005925280897918217,9,"[{""id"": ""ai_1"", ""type"": ""random_traffic"", ""model"": ""vehicle.audi.etron"", ""distance"": 9.816963195800781, ""relative_position"": [-3.3850746154785156, -9.214874267578125, -0.011166483163833618], ""velocity"": [0.0, 0.0, 0.0], ""speed"": 0.0, ""is_static"": false}, {""id"": ""ai_3"", ""type"": ""random_traffic"", ""model"": ""vehicle.nissan.patrol_2021"", ""distance"": 57.94375228881836, ""relative_position"": [20.217266082763672, -54.30230712890625, 0.002144366502761841], ""velocity"": [-3.2895854928938206e-09, -1.86924076217565e-08, -3.419399217818864e-05], ""speed"": 0.00012309839080414957, ""is_static"": false}, {""id"": ""ai_8"", ""type"": ""random_traffic"", ""model"": ""vehicle.ford.mustang"", ""distance"": 72.05919647216797, ""relative_position"": [-3.3914260864257812, -71.97933959960938, -0.007238075137138367], ""velocity"": [0.0, 0.0, 0.0], ""speed"": 0.0, ""is_static"": false}, {""id"": ""ai_6"", ""type"": ""random_traffic"", ""model"": ""vehicle.chevrolet.impala"", ""distance"": 79.48274230957031, ""relative_position"": [0.6094474792480469, -79.48040771484375, -0.009153127670288086], ""velocity"": [0.0, 0.0, 0.0], ""speed"": 0.0, ""is_static"": false}, {""id"": ""ai_0"", ""type"": ""random_traffic"", ""model"": ""vehicle.audi.a2"", ""distance"": 112.671875, ""relative_position"": [86.88821792602539, -71.73136901855469, -0.009480282664299011], ""velocity"": [-6.2867426819934735e-09, -3.803027670556958e-09, 4.849433935305569e-06], ""speed"": 1.7457982205525347e-05, ""is_static"": false}, {""id"": ""ai_7"", ""type"": ""random_traffic"", ""model"": ""vehicle.seat.leon"", ""distance"": 116.29376220703125, ""relative_position"": [86.90240859985352, -77.28007507324219, -0.006887704133987427], ""velocity"": [0.0, 0.0, 0.0], ""speed"": 0.0, ""is_static"": false}, {""id"": ""ai_2"", ""type"": ""random_traffic"", ""model"": ""vehicle.ford.mustang"", ""distance"": 132.31324768066406, ""relative_position"": [-52.70054006576538, -121.36494445800781, -0.0071969181299209595], ""velocity"": [0.0, 0.0, 0.0], ""speed"": 0.0, ""is_static"": false}, {""id"": ""ai_5"", ""type"": ""random_traffic"", ""model"": ""vehicle.audi.etron"", ""distance"": 144.1043243408203, ""relative_position"": [144.05737686157227, 3.677978515625, -0.011355817317962646], ""velocity"": [-0.8528165817260742, 7.907419204711914, -0.002189846010878682], ""speed"": 28.631789133394186, ""is_static"": false}, {""id"": ""ai_4"", ""type"": ""random_traffic"", ""model"": ""vehicle.audi.etron"", ""distance"": 157.5006103515625, ""relative_position"": [144.35083389282227, -63.002227783203125, -0.01222197711467743], ""velocity"": [-0.24413715302944183, 5.267165184020996, 0.0005150747019797564], ""speed"": 18.982152525084782, ""is_static"": false}]"
1759224273.581732,81953,45.24262619018555,291.19073486328125,0.22172832489013672,-6.103515261202119e-05,4.0981132769957185e-05,-90.05333709716797,-4.2333052618914735e-08,1.4934515846221075e-08,0.00011000633094226941,-3.1252909593604272e-06,1.2514641412053606e-06,0.08822451531887054,-2.014667734329123e-05,-5.91063653700985e-05,-7.472517715712002e-09,0.0,0.0,0.009668270125985146,False,False,-1,7,4.0,False,0.000396022824365078,125.14495086669922,0.0005925280897918217,9,"[{""id"": ""ai_1"", ""type"": ""random_traffic"", ""model"": ""vehicle.audi.etron"", ""distance"": 9.816963195800781, ""relative_position"": [-3.3850746154785156, -9.214874267578125, -0.011153638362884521], ""velocity"": [0.0, 0.0, 0.0], ""speed"": 0.0, ""is_static"": false}, {""id"": ""ai_3"", ""type"": ""random_traffic"", ""model"": ""vehicle.nissan.patrol_2021"", ""distance"": 57.94375228881836, ""relative_position"": [20.217266082763672, -54.30230712890625, 0.0021484345197677612], ""velocity"": [-5.223095289608182e-09, -7.3732047134456025e-09, 0.0001589059829711914], ""speed"": 0.0005720615396211174, ""is_static"": false}, {""id"": ""ai_8"", ""type"": ""random_traffic"", ""model"": ""vehicle.ford.mustang"", ""distance"": 72.05919647216797, ""relative_position"": [-3.3914260864257812, -71.97933959960938, -0.007232829928398132], ""velocity"": [-6.579476519164018e-08, 1.634507633407889e-11, 0.0005450344178825617], ""speed"": 0.0019621239186737734, ""is_static"": false}, {""id"": ""ai_6"", ""type"": ""random_traffic"", ""model"": ""vehicle.chevrolet.impala"", ""distance"": 79.48274230957031, ""relative_position"": [0.6094474792480469, -79.48040771484375, -0.00914028286933899], ""velocity"": [0.0, 0.0, 0.0], ""speed"": 0.0, ""is_static"": false}, {""id"": ""ai_0"", ""type"": ""random_traffic"", ""model"": ""vehicle.audi.a2"", ""distance"": 112.671875, ""relative_position"": [86.88821792602539, -71.73136901855469, -0.009474143385887146], ""velocity"": [-1.7567400334428385e-07, -2.868118720300572e-08, 0.0005829954170621932], ""speed"": 0.0020987835992482278, ""is_static"": false}, {""id"": ""ai_7"", ""type"": ""random_traffic"", ""model"": ""vehicle.seat.leon"", ""distance"": 116.29376220703125, ""relative_position"": [86.90240859985352, -77.28007507324219, -0.00687485933303833], ""velocity"": [0.0, 0.0, 0.0], ""speed"": 0.0, ""is_static"": false}, {""id"": ""ai_2"", ""type"": ""random_traffic"", ""model"": ""vehicle.ford.mustang"", ""distance"": 132.31324768066406, ""relative_position"": [-52.70054006576538, -121.36494445800781, -0.007184073328971863], ""velocity"": [0.0, 0.0, 0.0], ""speed"": 0.0, ""is_static"": false}, {""id"": ""ai_5"", ""type"": ""random_traffic"", ""model"": ""vehicle.audi.etron"", ""distance"": 144.065185546875, ""relative_position"": [144.00476455688477, 4.172271728515625, -0.011029019951820374], ""velocity"": [-0.863388180732727, 7.738704681396484, -0.0029371308628469706], ""speed"": 28.03218958777783, ""is_static"": false}, {""id"": ""ai_4"", ""type"": ""random_traffic"", ""model"": ""vehicle.audi.etron"", ""distance"": 157.35861206054688, ""relative_position"": [144.3364143371582, -62.67961120605469, -0.011559143662452698], ""velocity"": [-0.2280215173959732, 4.919595241546631, -0.0010541677474975586], ""speed"": 17.729556761112285, ""is_static"": false}]"
1759224273.644826,81956,45.24262619018555,291.19073486328125,0.2216651439666748,-6.103515261202119e-05,4.0981132769957185e-05,-90.05333709716797,1.2576757413285122e-08,-5.709875350312643e-10,-0.0016950034769251943,1.6309320471918909e-06,-1.1221811035966311e-08,-0.04983466491103172,8.404845175391529e-07,3.888194896717323e-06,8.881362312251895e-10,0.0,0.0,0.009668270125985146,False,False,-1,7,4.0,False,0.0061020125170990185,125.14495086669922,0.0005925280897918217,9,"[{""id"": ""ai_1"", ""type"": ""random_traffic"", ""model"": ""vehicle.audi.etron"", ""distance"": 9.816963195800781, ""relative_position"": [-3.3850746154785156, -9.214874267578125, -0.011090457439422607], ""velocity"": [0.0, 0.0, 0.0], ""speed"": 0.0, ""is_static"": false}, {""id"": ""ai_3"", ""type"": ""random_traffic"", ""model"": ""vehicle.nissan.patrol_2021"", ""distance"": 57.94375228881836, ""relative_position"": [20.217266082763672, -54.30230712890625, 0.002196893095970154], ""velocity"": [-1.074264899258992e-09, -1.1971047486625253e-09, -0.0005499458056874573], ""speed"": 0.001979804900483314, ""is_static"": false}, {""id"": ""ai_8"", ""type"": ""random_traffic"", ""model"": ""vehicle.ford.mustang"", ""distance"": 72.05919647216797, ""relative_position"": [-3.3914260864257812, -71.97933959960938, -0.007206186652183533], ""velocity"": [5.0578936594547486e-08, 1.2664978787935155e-10, -0.0012408638140186667], ""speed"": 0.004467109734178197, ""is_static"": false}, {""id"": ""ai_6"", ""type"": ""random_traffic"", ""model"": ""vehicle.chevrolet.impala"", ""distance"": 79.48274230957031, ""relative_position"": [0.6094474792480469, -79.48040771484375, -0.009077101945877075], ""velocity"": [0.0, 0.0, 0.0], ""speed"": 0.0, ""is_static"": false}, {""id"": ""ai_0"", ""type"": ""random_traffic"", ""model"": ""vehicle.audi.a2"", ""distance"": 112.671875, ""relative_position"": [86.88821792602539, -71.73136901855469, -0.00944507122039795], ""velocity"": [-4.4933479159681156e-08, 3.065924403244935e-08, -0.0011924171121791005], ""speed"": 0.004292701608311499, ""is_static"": false}, {""id"": ""ai_7"", ""type"": ""random_traffic"", ""model"": ""vehicle.seat.leon"", ""distance"": 116.29376220703125, ""relative_position"": [86.90240859985352, -77.28007507324219, -0.006811678409576416], ""velocity"": [0.0, 0.0, 0.0], ""speed"": 0.0, ""is_static"": false}, {""id"": ""ai_2"", ""type"": ""random_traffic"", ""model"": ""vehicle.ford.mustang"", ""distance"": 132.31324768066406, ""relative_position"": [-52.70054006576538, -121.36494445800781, -0.007120892405509949], ""velocity"": [0.0, 0.0, 0.0], ""speed"": 0.0, ""is_static"": false}, {""id"": ""ai_5"", ""type"": ""random_traffic"", ""model"": ""vehicle.audi.etron"", ""distance"": 144.0260009765625, ""relative_position"": [143.9532356262207, 4.577606201171875, -0.010793864727020264], ""velocity"": [-1.0659072399139404, 7.568275451660156, -0.002260189037770033], ""speed"": 27.514684050071395, ""is_static"": false}, {""id"": ""ai_4"", ""type"": ""random_traffic"", ""model"": ""vehicle.audi.etron"", ""distance"": 157.2512664794922, ""relative_position"": [144.32573318481445, -62.434326171875, -0.010815009474754333], ""velocity"": [-0.22125165164470673, 4.446686744689941, -0.0018691348377615213], ""speed"": 16.027877125489397, ""is_static"": false}]"
1759224273.6954217,81959,45.24262619018555,291.19073486328125,0.22169722616672516,-6.103515261202119e-05,4.0981132769957185e-05,-90.05333709716797,-3.1573133441042955e-08,-2.223641715204394e-09,0.001344819087535143,-9.664571507528308e-07,-4.997631819492199e-08,0.012826068326830864,2.0563140878948616e-06,-5.070161932962947e-06,-9.135971090756811e-09,0.0,0.0,0.009668270125985146,False,False,-1,7,4.0,False,0.004841348716467403,125.14495086669922,0.0005925280897918217,9,"[{""id"": ""ai_1"", ""type"": ""random_traffic"", ""model"": ""vehicle.audi.etron"", ""distance"": 9.816963195800781, ""relative_position"": [-3.3850746154785156, -9.214874267578125, -0.011122539639472961], ""velocity"": [0.0, 0.0, 0.0], ""speed"": 0.0, ""is_static"": false}, {""id"": ""ai_3"", ""type"": ""random_traffic"", ""model"": ""vehicle.nissan.patrol_2021"", ""distance"": 57.94375228881836, ""relative_position"": [20.217266082763672, -54.30230712890625, 0.002169996500015259], ""velocity"": [-1.8335120088863732e-09, -1.2144215633114186e-09, 0.00046080112224444747], ""speed"": 0.0016588840400989038, ""is_static"": false}, {""id"": ""ai_8"", ""type"": ""random_traffic"", ""model"": ""vehicle.ford.mustang"", ""distance"": 72.05919647216797, ""relative_position"": [-3.3914260864257812, -71.97933959960938, -0.007219001650810242], ""velocity"": [3.2234417801646487e-08, 2.764587170300814e-11, 0.001004614750854671], ""speed"": 0.0036166131049385295, ""is_static"": false}, {""id"": ""ai_6"", ""type"": ""random_traffic"", ""model"": ""vehicle.chevrolet.impala"", ""distance"": 79.48274230957031, ""relative_position"": [0.6094474792480469, -79.48040771484375, -0.00910918414592743], ""velocity"": [0.0, 0.0, 0.0], ""speed"": 0.0, ""is_static"": false}, {""id"": ""ai_0"", ""type"": ""random_traffic"", ""model"": ""vehicle.audi.a2"", ""distance"": 112.671875, ""relative_position"": [86.88821792602539, -71.73136901855469, -0.00945502519607544], ""velocity"": [-4.865539082743453e-08, 2.211691718656539e-09, 0.001046891207806766], ""speed"": 0.003768808352183129, ""is_static"": false}, {""id"": ""ai_7"", ""type"": ""random_traffic"", ""model"": ""vehicle.seat.leon"", ""distance"": 116.29376220703125, ""relative_position"": [86.90240859985352, -77.28007507324219, -0.00684376060962677], ""velocity"": [0.0, 0.0, 0.0], ""speed"": 0.0, ""is_static"": false}, {""id"": ""ai_2"", ""type"": ""random_traffic"", ""model"": ""vehicle.ford.mustang"", ""distance"": 132.31324768066406, ""relative_position"": [-52.70054006576538, -121.36494445800781, -0.007152974605560303], ""velocity"": [0.0, 0.0, 0.0], ""speed"": 0.0, ""is_static"": false}, {""id"": ""ai_5"", ""type"": ""random_traffic"", ""model"": ""vehicle.audi.etron"", ""distance"": 143.96163940429688, ""relative_position"": [143.87257766723633, 5.063018798828125, -0.010723188519477844], ""velocity"": [-1.440433144569397, 7.3703436851501465, -0.0021583319175988436], ""speed"": 27.035213438796077, ""is_static"": false}, {""id"": ""ai_4"", ""type"": ""random_traffic"", ""model"": ""vehicle.audi.etron"", ""distance"": 157.1343231201172, ""relative_position"": [144.31319046020508, -62.168304443359375, -0.009884566068649292], ""velocity"": [-0.21408683061599731, 3.85984468460083, -0.0005292177083902061], ""speed"": 13.91679842302144, ""is_static"": false}]"
1759224273.7550602,81963,45.24262619018555,291.19073486328125,0.22173015773296356,-6.103515261202119e-05,4.0981132769957185e-05,-90.05333709716797,-2.057078063444351e-09,-2.5754347543482936e-09,-0.00039544104947708547,-1.5949100884427025e-07,-2.0496118580126677e-08,-0.07882488518953323,3.693303824547911e-06,-1.6435482393717393e-05,1.3158578671124133e-09,0.0,0.0,0.009668270125985146,False,False,-1,7,4.0,False,0.0014235877781669612,125.14495086669922,0.0005925280897918217,9,"[{""id"": ""ai_1"", ""type"": ""random_traffic"", ""model"": ""vehicle.audi.etron"", ""distance"": 9.816963195800781, ""relative_position"": [-3.3850746154785156, -9.214874267578125, -0.011155471205711365], ""velocity"": [0.0, 0.0, 0.0], ""speed"": 0.0, ""is_static"": false}, {""id"": ""ai_3"", ""type"": ""random_traffic"", ""model"": ""vehicle.nissan.patrol_2021"", ""distance"": 57.94375228881836, ""relative_position"": [20.217266082763672, -54.30230712890625, 0.0021520107984542847], ""velocity"": [-2.2802979504632503e-09, -2.1677124539820625e-09, -8.337974577443674e-05], ""speed"": 0.00030016708500166597, ""is_static"": false}, {""id"": ""ai_8"", ""type"": ""random_traffic"", ""model"": ""vehicle.ford.mustang"", ""distance"": 72.05919647216797, ""relative_position"": [-3.3914260864257812, -71.97933959960938, -0.0072250813245773315], ""velocity"": [3.280245053360886e-08, -3.300406128947664e-11, -0.0002735423913691193], ""speed"": 0.0009847526160092798, ""is_static"": false}, {""id"": ""ai_6"", ""type"": ""random_traffic"", ""model"": ""vehicle.chevrolet.impala"", ""distance"": 79.48274230957031, ""relative_position"": [0.6094474792480469, -79.48040771484375, -0.009142115712165833], ""velocity"": [0.0, 0.0, 0.0], ""speed"": 0.0, ""is_static"": false}, {""id"": ""ai_0"", ""type"": ""random_traffic"", ""model"": ""vehicle.audi.a2"", ""distance"": 112.671875, ""relative_position"": [86.88821792602539, -71.73136901855469, -0.009458810091018677], ""velocity"": [-1.2394291104556032e-07, 1.8435913906600376e-09, -0.00023945808061398566], ""speed"": 0.0008620492057104699, ""is_static"": false}, {""id"": ""ai_7"", ""type"": ""random_traffic"", ""model"": ""vehicle.seat.leon"", ""distance"": 116.29376220703125, ""relative_position"": [86.90240859985352, -77.28007507324219, -0.006876692175865173], ""velocity"": [0.0, 0.0, 0.0], ""speed"": 0.0, ""is_static"": false}, {""id"": ""ai_2"", ""type"": ""random_traffic"", ""model"": ""vehicle.ford.mustang"", ""distance"": 132.31324768066406, ""relative_position"": [-52.70054006576538, -121.36494445800781, -0.007185906171798706], ""velocity"": [0.0, 0.0, 0.0], ""speed"": 0.0, ""is_static"": false}, {""id"": ""ai_5"", ""type"": ""random_traffic"", ""model"": ""vehicle.audi.etron"", ""distance"": 143.87965393066406, ""relative_position"": [143.7742042541504, 5.507598876953125, -0.010896682739257812], ""velocity"": [-1.8807591199874878, 7.252389907836914, -0.002507762750610709], ""speed"": 26.972246663734552, ""is_static"": false}, {""id"": ""ai_4"", ""type"": ""random_traffic"", ""model"": ""vehicle.audi.etron"", ""distance"": 157.03953552246094, ""relative_position"": [144.30231094360352, -61.95368957519531, -0.009109318256378174], ""velocity"": [-0.19335514307022095, 3.3465962409973145, -0.0008044051937758923], ""speed"": 12.067838606496652, ""is_static"": false}]"
1759224273.8161914,81966,45.24262619018555,291.19073486328125,0.22169864177703857,-6.103515261202119e-05,4.0981132769957185e-05,-90.05333709716797,-2.7256408241527197e-09,-3.585999053257183e-09,-8.850097219692543e-05,1.7536108316562604e-06,3.376318602477113e-08,0.03582330048084259,5.106989192427136e-06,-1.2587623132276349e-05,2.1625532475866294e-09,0.0,0.0,0.009668270125985146,False,False,-1,7,4.0,False,0.00031860350032157463,125.14495086669922,0.0005925280897918217,9,"[{""id"": ""ai_1"", ""type"": ""random_traffic"", ""model"": ""vehicle.audi.etron"", ""distance"": 9.816963195800781, ""relative_position"": [-3.3850746154785156, -9.214874267578125, -0.011123955249786377], ""velocity"": [0.0, 0.0, 0.0], ""speed"": 0.0, ""is_static"": false}, {""id"": ""ai_3"", ""type"": ""random_traffic"", ""model"": ""vehicle.nissan.patrol_2021"", ""distance"": 57.94375228881836, ""relative_position"": [20.217266082763672, -54.30230712890625, 0.0021681934595108032], ""velocity"": [-1.9436832143782112e-09, -2.778064889241705e-09, -0.00018330573220737278], ""speed"": 0.0006599006360594244, ""is_static"": false}, {""id"": ""ai_8"", ""type"": ""random_traffic"", ""model"": ""vehicle.ford.mustang"", ""distance"": 72.05919647216797, ""relative_position"": [-3.3914260864257812, -71.97933959960938, -0.0072213709354400635], ""velocity"": [1.0597495325725959e-08, 6.909589567172247e-11, -0.00019028663518838584], ""speed"": 0.0006850318877405917, ""is_static"": false}, {""id"": ""ai_6"", ""type"": ""random_traffic"", ""model"": ""vehicle.chevrolet.impala"", ""distance"": 79.48274230957031, ""relative_position"": [0.6094474792480469, -79.48040771484375, -0.009110599756240845], ""velocity"": [0.0, 0.0, 0.0], ""speed"": 0.0, ""is_static"": false}, {""id"": ""ai_0"", ""type"": ""random_traffic"", ""model"": ""vehicle.audi.a2"", ""distance"": 112.671875, ""relative_position"": [86.88821792602539, -71.73136901855469, -0.00945347547531128], ""velocity"": [-8.904468273840394e-08, -2.0889328045115008e-09, -0.0001678371336311102], ""speed"": 0.0006042137661543213, ""is_static"": false}, {""id"": ""ai_7"", ""type"": ""random_traffic"", ""model"": ""vehicle.seat.leon"", ""distance"": 116.29376220703125, ""relative_position"": [86.90240859985352, -77.28007507324219, -0.0068451762199401855], ""velocity"": [0.0, 0.0, 0.0], ""speed"": 0.0, ""is_static"": false}, {""id"": ""ai_2"", ""type"": ""random_traffic"", ""model"": ""vehicle.ford.mustang"", ""distance"": 132.31324768066406, ""relative_position"": [-52.70054006576538, -121.36494445800781, -0.007154390215873718], ""velocity"": [0.0, 0.0, 0.0], ""speed"": 0.0, ""is_static"": false}, {""id"": ""ai_5"", ""type"": ""random_traffic"", ""model"": ""vehicle.audi.etron"", ""distance"": 143.7860107421875, ""relative_position"": [143.66528701782227, 5.891082763671875, -0.011061325669288635], ""velocity"": [-2.32389760017395, 7.109114170074463, -0.0020398616325110197], ""speed"": 26.925499255606585, ""is_static"": false}, {""id"": ""ai_4"", ""type"": ""random_traffic"", ""model"": ""vehicle.audi.etron"", ""distance"": 156.96234130859375, ""relative_position"": [144.29317092895508, -61.77911376953125, -0.008764833211898804], ""velocity"": [-0.17948800325393677, 3.3106749057769775, -0.0006624317029491067], ""speed"": 11.935932719806418, ""is_static"": false}]"
1759224273.8766005,81970,45.24262619018555,291.19073486328125,0.22172419726848602,-6.103515261202119e-05,4.0981132769957185e-05,-90.05333709716797,-1.3799248854695634e-08,-3.102669454690954e-09,0.0006273698527365923,2.171444066334516e-06,-9.580053301760927e-07,0.039695173501968384,4.401417299959576e-06,-1.0677480531740002e-05,-5.4093298729185335e-09,0.0,0.0,0.009668270125985146,False,False,-1,7,4.0,False,0.0022585314704256882,125.14495086669922,0.0005925280897918217,9,"[{""id"": ""ai_1"", ""type"": ""random_traffic"", ""model"": ""vehicle.audi.etron"", ""distance"": 9.816963195800781, ""relative_position"": [-3.3850746154785156, -9.214874267578125, -0.011149510741233826], ""velocity"": [0.0, 0.0, 0.0], ""speed"": 0.0, ""is_static"": false}, {""id"": ""ai_3"", ""type"": ""random_traffic"", ""model"": ""vehicle.nissan.patrol_2021"", ""distance"": 57.94375228881836, ""relative_position"": [20.217266082763672, -54.30230712890625, 0.0021433979272842407], ""velocity"": [-2.466642223808435e-09, -2.9297848591625097e-09, 0.00013035297160968184], ""speed"": 0.00046927069799739956, ""is_static"": false}, {""id"": ""ai_8"", ""type"": ""random_traffic"", ""model"": ""vehicle.ford.mustang"", ""distance"": 72.05919647216797, ""relative_position"": [-3.3914260864257812, -71.97933959960938, -0.007233232259750366], ""velocity"": [-3.546218962924286e-08, 2.5439575446206675e-10, 0.0004208040190860629], ""speed"": 0.001514894474089378, ""is_static"": false}, {""id"": ""ai_6"", ""type"": ""random_traffic"", ""model"": ""vehicle.chevrolet.impala"", ""distance"": 79.48274230957031, ""relative_position"": [0.6094474792480469, -79.48040771484375, -0.009136155247688293], ""velocity"": [0.0, 0.0, 0.0], ""speed"": 0.0, ""is_static"": false}, {""id"": ""ai_0"", ""type"": ""random_traffic"", ""model"": ""vehicle.audi.a2"", ""distance"": 112.671875, ""relative_position"": [86.88821792602539, -71.73136901855469, -0.00947047770023346], ""velocity"": [2.896203454838542e-07, -1.2667727977699883e-09, 4.842281123274006e-05], ""speed"": 0.0001743252385021494, ""is_static"": false}, {""id"": ""ai_7"", ""type"": ""random_traffic"", ""model"": ""vehicle.seat.leon"", ""distance"": 116.29376220703125, ""relative_position"": [86.90240859985352, -77.28007507324219, -0.006870731711387634], ""velocity"": [0.0, 0.0, 0.0], ""speed"": 0.0, ""is_static"": false}, {""id"": ""ai_2"", ""type"": ""random_traffic"", ""model"": ""vehicle.ford.mustang"", ""distance"": 132.31324768066406, ""relative_position"": [-52.70054006576538, -121.36494445800781, -0.007179945707321167], ""velocity"": [0.0, 0.0, 0.0], ""speed"": 0.0, ""is_static"": false}, {""id"": ""ai_5"", ""type"": ""random_traffic"", ""model"": ""vehicle.audi.etron"", ""distance"": 143.6419219970703, ""relative_position"": [143.50131607055664, 6.354156494140625, -0.01143406331539154], ""velocity"": [-2.8482677936553955, 7.055041790008545, -0.0025796080008149147], ""speed"": 27.389885168767066, ""is_static"": false}, {""id"": ""ai_4"", ""type"": ""random_traffic"", ""model"": ""vehicle.audi.etron"", ""distance"": 156.8647003173828, ""relative_position"": [144.28158950805664, -61.557769775390625, -0.009075731039047241], ""velocity"": [-0.17403584718704224, 3.4465014934539795, 8.397101737500634e-06], ""speed"": 12.423214029647097, ""is_static"": false}]"
1759224273.9424224,81974,45.24262619018555,291.19073486328125,0.22171367704868317,-6.103515261202119e-05,4.0981132769957185e-05,-90.05333709716797,-7.328569306963573e-09,-4.040938694771512e-09,0.0011211729142814875,-7.646000312888646e-07,-2.0243897225213914e-08,0.12940722703933716,5.701515419787029e-06,7.971696504682768e-06,-1.6703071148427284e-09,0.0,0.0,0.009668270125985146,False,False,-1,7,4.0,False,0.004036222491525797,125.14495086669922,0.0005925280897918217,9,"[{""id"": ""ai_1"", ""type"": ""random_traffic"", ""model"": ""vehicle.audi.etron"", ""distance"": 9.816963195800781, ""relative_position"": [-3.3850746154785156, -9.214874267578125, -0.01113899052143097], ""velocity"": [0.0, 0.0, 0.0], ""speed"": 0.0, ""is_static"": false}, {""id"": ""ai_3"", ""type"": ""random_traffic"", ""model"": ""vehicle.nissan.patrol_2021"", ""distance"": 57.94375228881836, ""relative_position"": [20.217266082763672, -54.30230712890625, 0.002141788601875305], ""velocity"": [-4.476620407700693e-09, -1.918374792353461e-08, 0.0002395009942119941], ""speed"": 0.0008622035820796651, ""is_static"": false}, {""id"": ""ai_8"", ""type"": ""random_traffic"", ""model"": ""vehicle.ford.mustang"", ""distance"": 72.05919647216797, ""relative_position"": [-3.3914260864257812, -71.97933959960938, -0.007219284772872925], ""velocity"": [-4.1675052298018045e-11, 4.714485052348394e-11, 0.0012906885240226984], ""speed"": 0.0046464786864817195, ""is_static"": false}, {""id"": ""ai_6"", ""type"": ""random_traffic"", ""model"": ""vehicle.chevrolet.impala"", ""distance"": 79.48274230957031, ""relative_position"": [0.6094474792480469, -79.48040771484375, -0.009125635027885437], ""velocity"": [0.0, 0.0, 0.0], ""speed"": 0.0, ""is_static"": false}, {""id"": ""ai_0"", ""type"": ""random_traffic"", ""model"": ""vehicle.audi.a2"", ""distance"": 112.671875, ""relative_position"": [86.88821792602539, -71.73136901855469, -0.00948651134967804], ""velocity"": [-2.8021096554198266e-08, -1.9831842834605595e-08, 0.0006680106744170189], ""speed"": 0.0024048384310767727, ""is_static"": false}, {""id"": ""ai_7"", ""type"": ""random_traffic"", ""model"": ""vehicle.seat.leon"", ""distance"": 116.29376220703125, ""relative_position"": [86.90240859985352, -77.28007507324219, -0.006860211491584778], ""velocity"": [0.0, 0.0, 0.0], ""speed"": 0.0, ""is_static"": false}, {""id"": ""ai_2"", ""type"": ""random_traffic"", ""model"": ""vehicle.ford.mustang"", ""distance"": 132.31324768066406, ""relative_position"": [-52.70054006576538, -121.36494445800781, -0.0071694254875183105], ""velocity"": [0.0, 0.0, 0.0], ""speed"": 0.0, ""is_static"": false}, {""id"": ""ai_5"", ""type"": ""random_traffic"", ""model"": ""vehicle.audi.etron"", ""distance"": 143.46072387695312, ""relative_position"": [143.29765701293945, 6.83819580078125, -0.012014895677566528], ""velocity"": [-3.406337261199951, 6.9963531494140625, -0.003321480704471469], ""speed"": 28.013483207363517, ""is_static"": false}, {""id"": ""ai_4"", ""type"": ""random_traffic"", ""model"": ""vehicle.audi.etron"", ""distance"": 156.75714111328125, ""relative_position"": [144.2693214416504, -61.312042236328125, -0.009853601455688477], ""velocity"": [-0.18058758974075317, 3.6762449741363525, 0.0004447459941729903], ""speed"": 13.250440137617428, ""is_static"": false}]"
1759224274.0031998,81977,45.24262619018555,291.19073486328125,0.22172732651233673,-6.103515261202119e-05,4.0981132769957185e-05,-90.05333709716797,-1.0391039140245084e-08,-6.312506073413715e-11,7.45868674130179e-05,1.7346003460261272e-06,-7.062909617161495e-07,-0.016984622925519943,9.6092449552998e-08,-1.4419515537156258e-05,-1.2298889684458914e-09,0.0,0.0,0.009668270125985146,False,False,-1,7,4.0,False,0.0002685127252926827,125.14495086669922,0.0005925280897918217,9,"[{""id"": ""ai_1"", ""type"": ""random_traffic"", ""model"": ""vehicle.audi.etron"", ""distance"": 9.816963195800781, ""relative_position"": [-3.3850746154785156, -9.214874267578125, -0.011152639985084534], ""velocity"": [0.0, 0.0, 0.0], ""speed"": 0.0, ""is_static"": false}, {""id"": ""ai_3"", ""type"": ""random_traffic"", ""model"": ""vehicle.nissan.patrol_2021"", ""distance"": 57.94375228881836, ""relative_position"": [20.217266082763672, -54.30230712890625, 0.0021321922540664673], ""velocity"": [-5.2141926332183175e-09, -6.3868377253584185e-09, 0.00014807700063101947], ""speed"": 0.0005330772030980179, ""is_static"": false}, {""id"": ""ai_8"", ""type"": ""random_traffic"", ""model"": ""vehicle.ford.mustang"", ""distance"": 72.05919647216797, ""relative_position"": [-3.3914260864257812, -71.97933959960938, -0.007201343774795532], ""velocity"": [-4.741695924792566e-10, 1.0221185703374047e-10, 0.0006022166926413774], ""speed"": 0.002167980093509662, ""is_static"": false}, {""id"": ""ai_6"", ""type"": ""random_traffic"", ""model"": ""vehicle.chevrolet.impala"", ""distance"": 79.48274230957031, ""relative_position"": [0.6094474792480469, -79.48040771484375, -0.009139284491539001], ""velocity"": [0.0, 0.0, 0.0], ""speed"": 0.0, ""is_static"": false}, {""id"": ""ai_0"", ""type"": ""random_traffic"", ""model"": ""vehicle.audi.a2"", ""distance"": 112.671875, ""relative_position"": [86.88821792602539, -71.73136901855469, -0.009485438466072083], ""velocity"": [-3.88626624214794e-08, -1.3096155271341559e-08, 0.0004214096115902066], ""speed"": 0.0015170746089084159, ""is_static"": false}, {""id"": ""ai_7"", ""type"": ""random_traffic"", ""model"": ""vehicle.seat.leon"", ""distance"": 116.29376220703125, ""relative_position"": [86.90240859985352, -77.28007507324219, -0.006873860955238342], ""velocity"": [0.0, 0.0, 0.0], ""speed"": 0.0, ""is_static"": false}, {""id"": ""ai_2"", ""type"": ""random_traffic"", ""model"": ""vehicle.ford.mustang"", ""distance"": 132.31324768066406, ""relative_position"": [-52.70054006576538, -121.36494445800781, -0.007183074951171875], ""velocity"": [0.0, 0.0, 0.0], ""speed"": 0.0, ""is_static"": false}, {""id"": ""ai_5"", ""type"": ""random_traffic"", ""model"": ""vehicle.audi.etron"", ""distance"": 143.30665588378906, ""relative_position"": [143.12678909301758, 7.1778564453125, -0.01240566372871399], ""velocity"": [-3.9197285175323486, 6.910241603851318, -0.002780651906505227], ""speed"": 28.600344587991522, ""is_static"": false}, {""id"": ""ai_4"", ""type"": ""random_traffic"", ""model"": ""vehicle.audi.etron"", ""distance"": 156.67636108398438, ""relative_position"": [144.26010513305664, -61.12696838378906, -0.010515749454498291], ""velocity"": [-0.18844769895076752, 3.8667094707489014, 0.0004897307953797281], ""speed"": 13.936675915908687, ""is_static"": false}]"
1759224274.0618222,81980,45.24262619018555,291.19073486328125,0.22169189155101776,-6.103515261202119e-05,4.0981132769957185e-05,-90.05333709716797,-6.871290203491753e-09,-7.807799407011373e-10,-0.0008313274011015892,9.168692258754163e-07,1.338167354703046e-08,-0.009790938347578049,1.126774122894858e-06,-8.107977009785827e-06,-2.287339206930028e-09,0.0,0.0,0.009668270125985146,False,False,-1,7,4.0,False,0.0029927786440692708,125.14495086669922,0.0005925280897918217,9,"[{""id"": ""ai_1"", ""type"": ""random_traffic"", ""model"": ""vehicle.audi.etron"", ""distance"": 9.816963195800781, ""relative_position"": [-3.3850746154785156, -9.214874267578125, -0.011117205023765564], ""velocity"": [0.0, 0.0, 0.0], ""speed"": 0.0, ""is_static"": false}, {""id"": ""ai_3"", ""type"": ""random_traffic"", ""model"": ""vehicle.nissan.patrol_2021"", ""distance"": 57.94375228881836, ""relative_position"": [20.217266082763672, -54.30230712890625, 0.0021625906229019165], ""velocity"": [4.3612485844946036e-10, 1.516014758173867e-09, -0.0002640914754010737], ""speed"": 0.0009507293114608265, ""is_static"": false}, {""id"": ""ai_8"", ""type"": ""random_traffic"", ""model"": ""vehicle.ford.mustang"", ""distance"": 72.05919647216797, ""relative_position"": [-3.3914260864257812, -71.97933959960938, -0.0071797966957092285], ""velocity"": [2.530675002887506e-09, 1.1638489651188966e-12, -0.0006422614678740501], ""speed"": 0.002312141284364529, ""is_static"": false}, {""id"": ""ai_6"", ""type"": ""random_traffic"", ""model"": ""vehicle.chevrolet.impala"", ""distance"": 79.48274230957031, ""relative_position"": [0.6094474792480469, -79.48040771484375, -0.009103849530220032], ""velocity"": [0.0, 0.0, 0.0], ""speed"": 0.0, ""is_static"": false}, {""id"": ""ai_0"", ""type"": ""random_traffic"", ""model"": ""vehicle.audi.a2"", ""distance"": 112.671875, ""relative_position"": [86.88821792602539, -71.73136901855469, -0.009463891386985779], ""velocity"": [-5.99103913145882e-08, 1.6369547495287406e-08, -0.0005412387545220554], ""speed"": 0.0019484595291073623, ""is_static"": false}, {""id"": ""ai_7"", ""type"": ""random_traffic"", ""model"": ""vehicle.seat.leon"", ""distance"": 116.29376220703125, ""relative_position"": [86.90240859985352, -77.28007507324219, -0.0068384259939193726], ""velocity"": [0.0, 0.0, 0.0], ""speed"": 0.0, ""is_static"": false}, {""id"": ""ai_2"", ""type"": ""random_traffic"", ""model"": ""vehicle.ford.mustang"", ""distance"": 132.31324768066406, ""relative_position"": [-52.70054006576538, -121.36494445800781, -0.007147639989852905], ""velocity"": [0.0, 0.0, 0.0], ""speed"": 0.0, ""is_static"": false}, {""id"": ""ai_5"", ""type"": ""random_traffic"", ""model"": ""vehicle.audi.etron"", ""distance"": 143.08004760742188, ""relative_position"": [142.87843704223633, 7.593017578125, -0.012701228260993958], ""velocity"": [-4.579459190368652, 6.720646381378174, -0.0021006010938435793], ""speed"": 29.277217442802126, ""is_static"": false}, {""id"": ""ai_4"", ""type"": ""random_traffic"", ""model"": ""vehicle.audi.etron"", ""distance"": 156.57000732421875, ""relative_position"": [144.24797439575195, -60.882598876953125, -0.011267438530921936], ""velocity"": [-0.19834505021572113, 4.121037006378174, 2.4700164431123994e-05], ""speed"": 14.852906668619326, ""is_static"": false}]"
1759224274.1190457,81984,45.24262619018555,291.19073486328125,0.22174116969108582,-6.103515261202119e-05,4.0981132769957185e-05,-90.05333709716797,-4.908328854469346e-09,-1.3696346279346017e-09,-0.0007602500845678151,-2.6309610348107526e-06,-8.665684276820684e-07,-0.132764995098114,1.8522193840908585e-06,-2.228448693131213e-06,2.572939861167356e-09,0.0,0.0,0.009668270125985146,False,False,-1,7,4.0,False,0.0027369003045056165,125.14495086669922,0.0005925280897918217,9,"[{""id"": ""ai_1"", ""type"": ""random_traffic"", ""model"": ""vehicle.audi.etron"", ""distance"": 9.816963195800781, ""relative_position"": [-3.3850746154785156, -9.214874267578125, -0.011166483163833618], ""velocity"": [0.0, 0.0, 0.0], ""speed"": 0.0, ""is_static"": false}, {""id"": ""ai_3"", ""type"": ""random_traffic"", ""model"": ""vehicle.nissan.patrol_2021"", ""distance"": 57.94375228881836, ""relative_position"": [20.217266082763672, -54.30230712890625, 0.0021375715732574463], ""velocity"": [-7.398440748929147e-10, -5.145927572947073e-10, -0.00012350082397460938], ""speed"": 0.00044460296632043106, ""is_static"": false}, {""id"": ""ai_8"", ""type"": ""random_traffic"", ""model"": ""vehicle.ford.mustang"", ""distance"": 72.05919647216797, ""relative_position"": [-3.3914260864257812, -71.97933959960938, -0.0071942806243896484], ""velocity"": [4.742423675985208e-10, -5.4230751833639346e-12, -0.0006386757013387978], ""speed"": 0.002299232524820306, ""is_static"": false}, {""id"": ""ai_6"", ""type"": ""random_traffic"", ""model"": ""vehicle.chevrolet.impala"", ""distance"": 79.48274230957031, ""relative_position"": [0.6094474792480469, -79.48040771484375, -0.009153127670288086], ""velocity"": [0.0, 0.0, 0.0], ""speed"": 0.0, ""is_static"": false}, {""id"": ""ai_0"", ""type"": ""random_traffic"", ""model"": ""vehicle.audi.a2"", ""distance"": 112.671875, ""relative_position"": [86.88821792602539, -71.73136901855469, -0.009469062089920044], ""velocity"": [-8.79697665823187e-08, 6.589725387584622e-08, -0.00044162748963572085], ""speed"": 0.001589859011929257, ""is_static"": false}, {""id"": ""ai_7"", ""type"": ""random_traffic"", ""model"": ""vehicle.seat.leon"", ""distance"": 116.29376220703125, ""relative_position"": [86.90240859985352, -77.28007507324219, -0.006887704133987427], ""velocity"": [0.0, 0.0, 0.0], ""speed"": 0.0, ""is_static"": false}, {""id"": ""ai_2"", ""type"": ""random_traffic"", ""model"": ""vehicle.ford.mustang"", ""distance"": 132.31324768066406, ""relative_position"": [-52.70054006576538, -121.36494445800781, -0.0071969181299209595], ""velocity"": [0.0, 0.0, 0.0], ""speed"": 0.0, ""is_static"": false}, {""id"": ""ai_5"", ""type"": ""random_traffic"", ""model"": ""vehicle.audi.etron"", ""distance"": 142.8337860107422, ""relative_position"": [142.61116409301758, 7.971710205078125, -0.012940675020217896], ""velocity"": [-5.19226598739624, 6.491338729858398, -0.0016881560441106558], ""speed"": 29.924881159596108, ""is_static"": false}, {""id"": ""ai_4"", ""type"": ""random_traffic"", ""model"": ""vehicle.audi.etron"", ""distance"": 156.46456909179688, ""relative_position"": [144.23598098754883, -60.63946533203125, -0.011899754405021667], ""velocity"": [-0.209189772605896, 4.368863105773926, 0.0001593017514096573], ""speed"": 15.745926422233461, ""is_static"": false}]"
1759224274.178777,81988,45.24262619018555,291.19073486328125,0.22171008586883545,-6.103515261202119e-05,4.0981132769957185e-05,-90.05333709716797,3.488154121100706e-08,1.2339228305791039e-08,0.00037187576526775956,2.5116953565884614e-06,8.882753377292829e-07,0.04178157448768616,-1.646037526370492e-05,6.22915686108172e-05,1.3188400371788589e-09,0.0,0.0,0.009668270125985146,False,False,-1,7,4.0,False,0.0013387527615902367,125.14495086669922,0.0005925280897918217,9,"[{""id"": ""ai_1"", ""type"": ""random_traffic"", ""model"": ""vehicle.audi.etron"", ""distance"": 9.816963195800781, ""relative_position"": [-3.3850746154785156, -9.214874267578125, -0.011135399341583252], ""velocity"": [0.0, 0.0, 0.0], ""speed"": 0.0, ""is_static"": false}, {""id"": ""ai_3"", ""type"": ""random_traffic"", ""model"": ""vehicle.nissan.patrol_2021"", ""distance"": 57.94375228881836, ""relative_position"": [20.217266082763672, -54.30230712890625, 0.002154618501663208], ""velocity"": [7.501652632413425e-10, 1.7382456585224304e-09, 3.4294127544853836e-05], ""speed"": 0.00012345885934960058, ""is_static"": false}, {""id"": ""ai_8"", ""type"": ""random_traffic"", ""model"": ""vehicle.ford.mustang"", ""distance"": 72.05919647216797, ""relative_position"": [-3.3914260864257812, -71.97933959960938, -0.007202640175819397], ""velocity"": [6.183462186726274e-09, 1.5797249619531328e-10, 2.275466795254033e-05], ""speed"": 8.191680765570163e-05, ""is_static"": false}, {""id"": ""ai_6"", ""type"": ""random_traffic"", ""model"": ""vehicle.chevrolet.impala"", ""distance"": 79.48274230957031, ""relative_position"": [0.6094474792480469, -79.48040771484375, -0.00912204384803772], ""velocity"": [0.0, 0.0, 0.0], ""speed"": 0.0, ""is_static"": false}, {""id"": ""ai_0"", ""type"": ""random_traffic"", ""model"": ""vehicle.audi.a2"", ""distance"": 112.671875, ""relative_position"": [86.88821792602539, -71.73136901855469, -0.009462401270866394], ""velocity"": [1.420829960352421e-07, -6.055579859776117e-08, 0.0002235507854493335], ""speed"": 0.0008047830196913761, ""is_static"": false}, {""id"": ""ai_7"", ""type"": ""random_traffic"", ""model"": ""vehicle.seat.leon"", ""distance"": 116.29376220703125, ""relative_position"": [86.90240859985352, -77.28007507324219, -0.0068566203117370605], ""velocity"": [0.0, 0.0, 0.0], ""speed"": 0.0, ""is_static"": false}, {""id"": ""ai_2"", ""type"": ""random_traffic"", ""model"": ""vehicle.ford.mustang"", ""distance"": 132.31324768066406, ""relative_position"": [-52.70054006576538, -121.36494445800781, -0.007165834307670593], ""velocity"": [0.0, 0.0, 0.0], ""speed"": 0.0, ""is_static"": false}, {""id"": ""ai_5"", ""type"": ""random_traffic"", ""model"": ""vehicle.audi.etron"", ""distance"": 142.48411560058594, ""relative_position"": [142.23511123657227, 8.42010498046875, -0.013007313013076782], ""velocity"": [-5.911821365356445, 6.127556800842285, -0.0010866355150938034], ""speed"": 30.652173602851803, ""is_static"": false}, {""id"": ""ai_4"", ""type"": ""random_traffic"", ""model"": ""vehicle.audi.etron"", ""distance"": 156.3168487548828, ""relative_position"": [144.20903396606445, -60.32173156738281, -0.012394443154335022], ""velocity"": [-0.515278160572052, 4.6321187019348145, 0.0002246475196443498], ""speed"": 16.778485554855095, ""is_static"": false}]"
1759224274.235793,81991,45.24262619018555,291.19073486328125,0.22171680629253387,-6.103515261202119e-05,4.0981132769957185e-05,-90.05333709716797,5.345962605929344e-08,1.1234022601058768e-08,0.000661606783978641,3.744822834050865e-06,9.083223062589241e-07,0.02771061658859253,-1.4861841918900609e-05,6.341898551909253e-05,5.006386860628709e-09,0.0,0.0,0.009668270125985146,False,False,-1,7,4.0,False,0.002381784430441892,125.14495086669922,0.0005925280897918217,9,"[{""id"": ""ai_1"", ""type"": ""random_traffic"", ""model"": ""vehicle.audi.etron"", ""distance"": 9.816963195800781, ""relative_position"": [-3.3850746154785156, -9.214874267578125, -0.011142119765281677], ""velocity"": [0.0, 0.0, 0.0], ""speed"": 0.0, ""is_static"": false}, {""id"": ""ai_3"", ""type"": ""random_traffic"", ""model"": ""vehicle.nissan.patrol_2021"", ""distance"": 57.94375228881836, ""relative_position"": [20.217266082763672, -54.30230712890625, 0.002144843339920044], ""velocity"": [-1.0152380047756537e-09, -1.0559338126103768e-10, 0.00013593673065770417], ""speed"": 0.0004893722303815308, ""is_static"": false}, {""id"": ""ai_8"", ""type"": ""random_traffic"", ""model"": ""vehicle.ford.mustang"", ""distance"": 72.05919647216797, ""relative_position"": [-3.3914260864257812, -71.97933959960938, -0.007216155529022217], ""velocity"": [-1.0599223720930695e-08, 2.024278661361123e-10, 0.00029255865956656635], ""speed"": 0.0010532111751310972, ""is_static"": false}, {""id"": ""ai_6"", ""type"": ""random_traffic"", ""model"": ""vehicle.chevrolet.impala"", ""distance"": 79.48274230957031, ""relative_position"": [0.6094474792480469, -79.48040771484375, -0.009128764271736145], ""velocity"": [0.0, 0.0, 0.0], ""speed"": 0.0, ""is_static"": false}, {""id"": ""ai_0"", ""type"": ""random_traffic"", ""model"": ""vehicle.audi.a2"", ""distance"": 112.671875, ""relative_position"": [86.88821792602539, -71.73136901855469, -0.009467050433158875], ""velocity"": [-1.3752001848388318e-07, -2.2495539653277774e-08, 0.0004625892615877092], ""speed"": 0.0016653214172731659, ""is_static"": false}, {""id"": ""ai_7"", ""type"": ""random_traffic"", ""model"": ""vehicle.seat.leon"", ""distance"": 116.29376220703125, ""relative_position"": [86.90240859985352, -77.28007507324219, -0.006863340735435486], ""velocity"": [0.0, 0.0, 0.0], ""speed"": 0.0, ""is_static"": false}, {""id"": ""ai_2"", ""type"": ""random_traffic"", ""model"": ""vehicle.ford.mustang"", ""distance"": 132.31324768066406, ""relative_position"": [-52.70054006576538, -121.36494445800781, -0.0071725547313690186], ""velocity"": [0.0, 0.0, 0.0], ""speed"": 0.0, ""is_static"": false}, {""id"": ""ai_5"", ""type"": ""random_traffic"", ""model"": ""vehicle.audi.etron"", ""distance"": 142.20008850097656, ""relative_position"": [141.93196487426758, 8.728363037109375, -0.012969866394996643], ""velocity"": [-6.3891282081604, 5.772404193878174, -0.0006918191793374717], ""speed"": 30.997988072081295, ""is_static"": false}, {""id"": ""ai_4"", ""type"": ""random_traffic"", ""model"": ""vehicle.audi.etron"", ""distance"": 156.1927032470703, ""relative_position"": [144.17522048950195, -60.08050537109375, -0.012600377202033997], ""velocity"": [-0.8020564317703247, 4.787386417388916, 0.00017544269212521613], ""speed"": 17.474788349179434, ""is_static"": false}]"
1759224274.2972453,81995,45.24262619018555,291.19073486328125,0.22171862423419952,-6.103515261202119e-05,4.0981132769957185e-05,-90.05333709716797,1.1877665073711796e-08,-4.322312729954092e-09,-0.0012176227755844593,3.819380083314172e-07,-2.7661377188792358e-08,-0.10545478016138077,6.102929091866827e-06,2.2502408683067188e-05,1.7821278897045545e-09,0.0,0.0,0.009668270125985146,False,False,-1,7,4.0,False,0.004383441992340227,125.14495086669922,0.0005925280897918217,9,"[{""id"": ""ai_1"", ""type"": ""random_traffic"", ""model"": ""vehicle.audi.etron"", ""distance"": 9.816963195800781, ""relative_position"": [-3.3850746154785156, -9.214874267578125, -0.011143937706947327], ""velocity"": [0.0, 0.0, 0.0], ""speed"": 0.0, ""is_static"": false}, {""id"": ""ai_3"", ""type"": ""random_traffic"", ""model"": ""vehicle.nissan.patrol_2021"", ""distance"": 57.94375228881836, ""relative_position"": [20.217266082763672, -54.30230712890625, 0.0021412670612335205], ""velocity"": [-5.523030921494865e-10, 1.6021989290848637e-09, -0.0004967022105120122], ""speed"": 0.0017881279578536521, ""is_static"": false}, {""id"": ""ai_8"", ""type"": ""random_traffic"", ""model"": ""vehicle.ford.mustang"", ""distance"": 72.05919647216797, ""relative_position"": [-3.3914260864257812, -71.97933959960938, -0.007225289940834045], ""velocity"": [2.605081483864069e-08, 2.5724772312329947e-10, -0.0010499381460249424], ""speed"": 0.0037797773268533658, ""is_static"": false}, {""id"": ""ai_6"", ""type"": ""random_traffic"", ""model"": ""vehicle.chevrolet.impala"", ""distance"": 79.48274230957031, ""relative_position"": [0.6094474792480469, -79.48040771484375, -0.009130582213401794], ""velocity"": [0.0, 0.0, 0.0], ""speed"": 0.0, ""is_static"": false}, {""id"": ""ai_0"", ""type"": ""random_traffic"", ""model"": ""vehicle.audi.a2"", ""distance"": 112.671875, ""relative_position"": [86.88821792602539, -71.73136901855469, -0.009480014443397522], ""velocity"": [-2.030049301993131e-07, 9.062686956440302e-08, -0.001352872815914452], ""speed"": 0.004870342203051066, ""is_static"": false}, {""id"": ""ai_7"", ""type"": ""random_traffic"", ""model"": ""vehicle.seat.leon"", ""distance"": 116.29376220703125, ""relative_position"": [86.90240859985352, -77.28007507324219, -0.006865158677101135], ""velocity"": [0.0, 0.0, 0.0], ""speed"": 0.0, ""is_static"": false}, {""id"": ""ai_2"", ""type"": ""random_traffic"", ""model"": ""vehicle.ford.mustang"", ""distance"": 132.31324768066406, ""relative_position"": [-52.70054006576538, -121.36494445800781, -0.007174372673034668], ""velocity"": [0.0, 0.0, 0.0], ""speed"": 0.0, ""is_static"": false}, {""id"": ""ai_5"", ""type"": ""random_traffic"", ""model"": ""vehicle.audi.etron"", ""distance"": 141.80142211914062, ""relative_position"": [141.50893020629883, 9.103271484375, -0.012838318943977356], ""velocity"": [-6.830037593841553, 5.380796909332275, -0.000172252650372684], ""speed"": 31.301868325932524, ""is_static"": false}, {""id"": ""ai_4"", ""type"": ""random_traffic"", ""model"": ""vehicle.audi.etron"", ""distance"": 156.00709533691406, ""relative_position"": [144.1075325012207, -59.759796142578125, -0.012643769383430481], ""velocity"": [-1.2862893342971802, 4.9039106369018555, -0.0008288001990877092], ""speed"": 18.251282994137615, ""is_static"": false}]"
1759224274.3569539,81999,45.24262619018555,291.19073486328125,0.2217390388250351,-6.103515261202119e-05,4.0981132769957185e-05,-90.05333709716797,-3.5404291054419446e-08,1.091461410140937e-08,0.00026525973225943744,-1.0891665169765474e-06,-1.2152765016537614e-08,-0.0028216284699738026,-1.4377293155121151e-05,-3.732898403541185e-05,-9.709435033755653e-09,0.0,0.0,0.009668270125985146,False,False,-1,7,4.0,False,0.0009549350454481165,125.14495086669922,0.0005925280897918217,9,"[{""id"": ""ai_1"", ""type"": ""random_traffic"", ""model"": ""vehicle.audi.etron"", ""distance"": 9.816963195800781, ""relative_position"": [-3.3850746154785156, -9.214874267578125, -0.011164352297782898], ""velocity"": [0.0, 0.0, 0.0], ""speed"": 0.0, ""is_static"": false}, {""id"": ""ai_3"", ""type"": ""random_traffic"", ""model"": ""vehicle.nissan.patrol_2021"", ""distance"": 57.94375228881836, ""relative_position"": [20.217266082763672, -54.30230712890625, 0.0021248310804367065], ""velocity"": [-1.5824025423327726e-09, 2.0557081370498054e-08, 6.638049671892077e-05], ""speed"": 0.00023896979971523022, ""is_static"": false}, {""id"": ""ai_8"", ""type"": ""random_traffic"", ""model"": ""vehicle.ford.mustang"", ""distance"": 72.05919647216797, ""relative_position"": [-3.3914260864257812, -71.97933959960938, -0.007241785526275635], ""velocity"": [2.1070089673003167e-08, -9.350474838853984e-10, 3.0150413294904865e-05], ""speed"": 0.00010854151441788682, ""is_static"": false}, {""id"": ""ai_6"", ""type"": ""random_traffic"", ""model"": ""vehicle.chevrolet.impala"", ""distance"": 79.48274230957031, ""relative_position"": [0.6094474792480469, -79.48040771484375, -0.009150996804237366], ""velocity"": [0.0, 0.0, 0.0], ""speed"": 0.0, ""is_static"": false}, {""id"": ""ai_0"", ""type"": ""random_traffic"", ""model"": ""vehicle.audi.a2"", ""distance"": 112.671875, ""relative_position"": [86.88821792602539, -71.73136901855469, -0.009500116109848022], ""velocity"": [-1.274711962651054e-07, -2.2471843053040175e-08, 0.00010768890206236392], ""speed"": 0.00038768032746256255, ""is_static"": false}, {""id"": ""ai_7"", ""type"": ""random_traffic"", ""model"": ""vehicle.seat.leon"", ""distance"": 116.29376220703125, ""relative_position"": [86.90240859985352, -77.28007507324219, -0.0068855732679367065], ""velocity"": [0.0, 0.0, 0.0], ""speed"": 0.0, ""is_static"": false}, {""id"": ""ai_2"", ""type"": ""random_traffic"", ""model"": ""vehicle.ford.mustang"", ""distance"": 132.31324768066406, ""relative_position"": [-52.70054006576538, -121.36494445800781, -0.007194787263870239], ""velocity"": [0.0, 0.0, 0.0], ""speed"": 0.0, ""is_static"": false}, {""id"": ""ai_5"", ""type"": ""random_traffic"", ""model"": ""vehicle.audi.etron"", ""distance"": 141.38833618164062, ""relative_position"": [141.07223892211914, 9.449127197265625, -0.012687727808952332], ""velocity"": [-7.087589740753174, 5.036135673522949, 0.0008862781105563045], ""speed"": 31.300668166437003, ""is_static"": false}, {""id"": ""ai_4"", ""type"": ""random_traffic"", ""model"": ""vehicle.audi.etron"", ""distance"": 155.7971649169922, ""relative_position"": [144.0128517150879, -59.43951416015625, -0.012461349368095398], ""velocity"": [-1.7167983055114746, 5.014744281768799, 0.00036161899333819747], ""speed"": 19.08171731429964, ""is_static"": false}]"
1759224274.414949,82002,45.24262619018555,291.19073486328125,0.22175833582878113,-6.103515261202119e-05,4.0981132769957185e-05,-90.05333709716797,1.7375056060586758e-08,-2.292323969532717e-10,0.0008819532231427729,1.1046861345676007e-06,-1.4574332851680083e-08,0.05607357621192932,3.610606711390574e-07,3.558399157554959e-07,4.494636218765891e-09,0.0,0.0,0.009668270125985146,False,False,-1,7,4.0,False,0.0031750316039302296,125.14495086669922,0.0005925280897918217,9,"[{""id"": ""ai_1"", ""type"": ""random_traffic"", ""model"": ""vehicle.audi.etron"", ""distance"": 9.816963195800781, ""relative_position"": [-3.3850746154785156, -9.214874267578125, -0.01118364930152893], ""velocity"": [0.0, 0.0, 0.0], ""speed"": 0.0, ""is_static"": false}, {""id"": ""ai_3"", ""type"": ""random_traffic"", ""model"": ""vehicle.nissan.patrol_2021"", ""distance"": 57.94375228881836, ""relative_position"": [20.217266082763672, -54.30230712890625, 0.002106904983520508], ""velocity"": [-2.426195910842921e-09, -1.1392585763658758e-09, 0.00013112067244946957], ""speed"": 0.0004720344209167157, ""is_static"": false}, {""id"": ""ai_8"", ""type"": ""random_traffic"", ""model"": ""vehicle.ford.mustang"", ""distance"": 72.05919647216797, ""relative_position"": [-3.3914260864257812, -71.97933959960938, -0.007262036204338074], ""velocity"": [-2.7678350722482037e-09, -7.017649794605063e-10, 0.00022778987477067858], ""speed"": 0.0008200435492388712, ""is_static"": false}, {""id"": ""ai_6"", ""type"": ""random_traffic"", ""model"": ""vehicle.chevrolet.impala"", ""distance"": 79.48274230957031, ""relative_position"": [0.6094474792480469, -79.48040771484375, -0.009170293807983398], ""velocity"": [0.0, 0.0, 0.0], ""speed"": 0.0, ""is_static"": false}, {""id"": ""ai_0"", ""type"": ""random_traffic"", ""model"": ""vehicle.audi.a2"", ""distance"": 112.671875, ""relative_position"": [86.88821792602539, -71.73136901855469, -0.00951606035232544], ""velocity"": [-2.0352928231659462e-07, 5.194028762645075e-09, 0.0003414583043195307], ""speed"": 0.0012292501140603203, ""is_static"": false}, {""id"": ""ai_7"", ""type"": ""random_traffic"", ""model"": ""vehicle.seat.leon"", ""distance"": 116.29376220703125, ""relative_position"": [86.90240859985352, -77.28007507324219, -0.006904870271682739], ""velocity"": [0.0, 0.0, 0.0], ""speed"": 0.0, ""is_static"": false}, {""id"": ""ai_2"", ""type"": ""random_traffic"", ""model"": ""vehicle.ford.mustang"", ""distance"": 132.31324768066406, ""relative_position"": [-52.70054006576538, -121.36494445800781, -0.007214084267616272], ""velocity"": [0.0, 0.0, 0.0], ""speed"": 0.0, ""is_static"": false}, {""id"": ""ai_5"", ""type"": ""random_traffic"", ""model"": ""vehicle.audi.etron"", ""distance"": 141.0674285888672, ""relative_position"": [140.73414993286133, 9.69122314453125, -0.012452036142349243], ""velocity"": [-7.2434916496276855, 4.659875392913818, 0.0017511415062472224], ""speed"": 31.006558415402925, ""is_static"": false}, {""id"": ""ai_4"", ""type"": ""random_traffic"", ""model"": ""vehicle.audi.etron"", ""distance"": 155.6284942626953, ""relative_position"": [143.93080520629883, -59.19587707519531, -0.012317538261413574], ""velocity"": [-1.882415533065796, 5.047675609588623, -0.00020542621496133506], ""speed"": 19.39411830269381, ""is_static"": false}]"
1759224274.4742281,82006,45.24262619018555,291.19073486328125,0.2217794805765152,-6.103515261202119e-05,4.0981132769957185e-05,-90.05333709716797,-4.415510665434219e-11,-9.210536222603594e-10,-0.00012675285688601434,-2.732599924115675e-09,-1.726788845246574e-08,-0.021405542269349098,1.3343926639208803e-06,-1.0092869160871487e-05,1.7820571407423103e-10,0.0,0.0,0.009668270125985146,False,False,-1,7,4.0,False,0.00045631028480172645,125.14495086669922,0.0005925280897918217,9,"[{""id"": ""ai_1"", ""type"": ""random_traffic"", ""model"": ""vehicle.audi.etron"", ""distance"": 9.816963195800781, ""relative_position"": [-3.3850746154785156, -9.214874267578125, -0.011204794049263], ""velocity"": [0.0, 0.0, 0.0], ""speed"": 0.0, ""is_static"": false}, {""id"": ""ai_3"", ""type"": ""random_traffic"", ""model"": ""vehicle.nissan.patrol_2021"", ""distance"": 57.94375228881836, ""relative_position"": [20.217266082763672, -54.30230712890625, 0.002091020345687866], ""velocity"": [-6.232860338961643e-10, -5.946252934485585e-10, -3.1805036996956915e-05], ""speed"": 0.00011449813323104192, ""is_static"": false}, {""id"": ""ai_8"", ""type"": ""random_traffic"", ""model"": ""vehicle.ford.mustang"", ""distance"": 72.05919647216797, ""relative_position"": [-3.3914260864257812, -71.97933959960938, -0.007279053330421448], ""velocity"": [2.944827315332077e-08, -1.6560431914669493e-09, -0.00014609337085857987], ""speed"": 0.0005259361458093606, ""is_static"": false}, {""id"": ""ai_6"", ""type"": ""random_traffic"", ""model"": ""vehicle.chevrolet.impala"", ""distance"": 79.48274230957031, ""relative_position"": [0.6094474792480469, -79.48040771484375, -0.009191438555717468], ""velocity"": [0.0, 0.0, 0.0], ""speed"": 0.0, ""is_static"": false}, {""id"": ""ai_0"", ""type"": ""random_traffic"", ""model"": ""vehicle.audi.a2"", ""distance"": 112.671875, ""relative_position"": [86.88821792602539, -71.73136901855469, -0.009525001049041748], ""velocity"": [-1.435642786873359e-07, 9.875266826497864e-09, -3.452301098150201e-05], ""speed"": 0.00012428391923759432, ""is_static"": false}, {""id"": ""ai_7"", ""type"": ""random_traffic"", ""model"": ""vehicle.seat.leon"", ""distance"": 116.29376220703125, ""relative_position"": [86.90240859985352, -77.28007507324219, -0.006926015019416809], ""velocity"": [0.0, 0.0, 0.0], ""speed"": 0.0, ""is_static"": false}, {""id"": ""ai_2"", ""type"": ""random_traffic"", ""model"": ""vehicle.ford.mustang"", ""distance"": 132.31324768066406, ""relative_position"": [-52.70054006576538, -121.36494445800781, -0.007235229015350342], ""velocity"": [0.0, 0.0, 0.0], ""speed"": 0.0, ""is_static"": false}, {""id"": ""ai_5"", ""type"": ""random_traffic"", ""model"": ""vehicle.audi.etron"", ""distance"": 140.63143920898438, ""relative_position"": [140.27692031860352, 9.9794921875, -0.011960983276367188], ""velocity"": [-7.3913774490356445, 4.083575248718262, 0.0020864771213382483], ""speed"": 30.399874190568497, ""is_static"": false}, {""id"": ""ai_4"", ""type"": ""random_traffic"", ""model"": ""vehicle.audi.etron"", ""distance"": 155.39471435546875, ""relative_position"": [143.81209182739258, -58.86936950683594, -0.012138977646827698], ""velocity"": [-2.0897674560546875, 5.146033763885498, -0.00036070821806788445], ""speed"": 19.995007871418967, ""is_static"": false}]"
1759224274.5316143,82009,45.24262619018555,291.19073486328125,0.22177131474018097,-6.103515261202119e-05,4.0981132769957185e-05,-90.05333709716797,1.111291059174846e-08,-1.7267245411289878e-09,-0.0002804946852847934,1.1553980812095688e-06,-1.2728722964538974e-08,-0.03962291404604912,2.454197556289728e-06,9.602863428881392e-06,1.8023530445887559e-09,0.0,0.0,0.009668270125985146,False,False,-1,7,4.0,False,0.0010097808678368974,125.14495086669922,0.0005925280897918217,9,"[{""id"": ""ai_1"", ""type"": ""random_traffic"", ""model"": ""vehicle.audi.etron"", ""distance"": 9.816963195800781, ""relative_position"": [-3.3850746154785156, -9.214874267578125, -0.011196628212928772], ""velocity"": [0.0, 0.0, 0.0], ""speed"": 0.0, ""is_static"": false}, {""id"": ""ai_3"", ""type"": ""random_traffic"", ""model"": ""vehicle.nissan.patrol_2021"", ""distance"": 57.94375228881836, ""relative_position"": [20.217266082763672, -54.30230712890625, 0.0020959824323654175], ""velocity"": [-3.290710204328917e-10, 1.590522713534881e-10, -8.826255361782387e-05], ""speed"": 0.00031774519302689024, ""is_static"": false}, {""id"": ""ai_8"", ""type"": ""random_traffic"", ""model"": ""vehicle.ford.mustang"", ""distance"": 72.05919647216797, ""relative_position"": [-3.3914260864257812, -71.97933959960938, -0.007277145981788635], ""velocity"": [-9.375689558055456e-09, -1.4043655127693455e-09, -0.00017640113946981728], ""speed"": 0.0006350441030084363, ""is_static"": false}, {""id"": ""ai_6"", ""type"": ""random_traffic"", ""model"": ""vehicle.chevrolet.impala"", ""distance"": 79.48274230957031, ""relative_position"": [0.6094474792480469, -79.48040771484375, -0.00918327271938324], ""velocity"": [0.0, 0.0, 0.0], ""speed"": 0.0, ""is_static"": false}, {""id"": ""ai_0"", ""type"": ""random_traffic"", ""model"": ""vehicle.audi.a2"", ""distance"": 112.671875, ""relative_position"": [86.88821792602539, -71.73136901855469, -0.009518742561340332], ""velocity"": [1.2915371883082116e-07, -9.236227072051406e-08, -8.157730189850554e-05], ""speed"": 0.0002936788431242473, ""is_static"": false}, {""id"": ""ai_7"", ""type"": ""random_traffic"", ""model"": ""vehicle.seat.leon"", ""distance"": 116.29376220703125, ""relative_position"": [86.90240859985352, -77.28007507324219, -0.006917849183082581], ""velocity"": [0.0, 0.0, 0.0], ""speed"": 0.0, ""is_static"": false}, {""id"": ""ai_2"", ""type"": ""random_traffic"", ""model"": ""vehicle.ford.mustang"", ""distance"": 132.31324768066406, ""relative_position"": [-52.70054006576538, -121.36494445800781, -0.007227063179016113], ""velocity"": [0.0, 0.0, 0.0], ""speed"": 0.0, ""is_static"": false}, {""id"": ""ai_5"", ""type"": ""random_traffic"", ""model"": ""vehicle.audi.etron"", ""distance"": 140.28549194335938, ""relative_position"": [139.91586685180664, 10.17694091796875, -0.011527672410011292], ""velocity"": [-7.4665446281433105, 3.6181039810180664, 0.0018843840807676315], ""speed"": 29.8691478575358, ""is_static"": false}, {""id"": ""ai_4"", ""type"": ""random_traffic"", ""model"": ""vehicle.audi.etron"", ""distance"": 155.2035675048828, ""relative_position"": [143.7115821838379, -58.6099853515625, -0.012014538049697876], ""velocity"": [-2.2434489727020264, 5.2615509033203125, -0.00018856048700399697], ""speed"": 20.59155353124846, ""is_static"": false}]"
1759224274.589836,82013,45.24262619018555,291.19073486328125,0.22176547348499298,-6.103515261202119e-05,4.0981132769957185e-05,-90.05333709716797,8.470237844449002e-09,-1.2315092279280293e-09,-0.00019527434778865427,-1.5133510942177963e-06,-8.568441671741311e-07,-0.004318672232329845,2.9075256406940753e-06,-1.4574648048437666e-05,7.97233212779247e-09,0.0,0.0,0.009668270125985146,False,False,-1,7,4.0,False,0.0007029876527144657,125.14495086669922,0.0005925280897918217,9,"[{""id"": ""ai_1"", ""type"": ""random_traffic"", ""model"": ""vehicle.audi.etron"", ""distance"": 9.816963195800781, ""relative_position"": [-3.3850746154785156, -9.214874267578125, -0.011190786957740784], ""velocity"": [0.0, 0.0, 0.0], ""speed"": 0.0, ""is_static"": false}, {""id"": ""ai_3"", ""type"": ""random_traffic"", ""model"": ""vehicle.nissan.patrol_2021"", ""distance"": 57.94375228881836, ""relative_position"": [20.217266082763672, -54.30230712890625, 0.002101898193359375], ""velocity"": [2.669776621999631e-10, 7.608866869901476e-10, -5.724906804971397e-05], ""speed"": 0.00020609664499941438, ""is_static"": false}, {""id"": ""ai_8"", ""type"": ""random_traffic"", ""model"": ""vehicle.ford.mustang"", ""distance"": 72.05919647216797, ""relative_position"": [-3.3914260864257812, -71.97933959960938, -0.007271304726600647], ""velocity"": [6.474053737548502e-09, 1.4061952713362302e-09, -7.284164166776463e-05], ""speed"": 0.0002622299110885433, ""is_static"": false}, {""id"": ""ai_6"", ""type"": ""random_traffic"", ""model"": ""vehicle.chevrolet.impala"", ""distance"": 79.48274230957031, ""relative_position"": [0.6094474792480469, -79.48040771484375, -0.009177431464195251], ""velocity"": [0.0, 0.0, 0.0], ""speed"": 0.0, ""is_static"": false}, {""id"": ""ai_0"", ""type"": ""random_traffic"", ""model"": ""vehicle.audi.a2"", ""distance"": 112.671875, ""relative_position"": [86.88821792602539, -71.73136901855469, -0.009508088231086731], ""velocity"": [-1.5134096997826418e-07, -3.8550762582190146e-09, -5.54084772375063e-06], ""speed"": 1.9954495867694805e-05, ""is_static"": false}, {""id"": ""ai_7"", ""type"": ""random_traffic"", ""model"": ""vehicle.seat.leon"", ""distance"": 116.29376220703125, ""relative_position"": [86.90240859985352, -77.28007507324219, -0.006912007927894592], ""velocity"": [0.0, 0.0, 0.0], ""speed"": 0.0, ""is_static"": false}, {""id"": ""ai_2"", ""type"": ""random_traffic"", ""model"": ""vehicle.ford.mustang"", ""distance"": 132.31324768066406, ""relative_position"": [-52.70054006576538, -121.36494445800781, -0.007221221923828125], ""velocity"": [0.0, 0.0, 0.0], ""speed"": 0.0, ""is_static"": false}, {""id"": ""ai_5"", ""type"": ""random_traffic"", ""model"": ""vehicle.audi.etron"", ""distance"": 139.8231658935547, ""relative_position"": [139.4357032775879, 10.4019775390625, -0.011027604341506958], ""velocity"": [-7.524622440338135, 3.063933849334717, 0.002360973274335265], ""speed"": 29.24823075738199, ""is_static"": false}, {""id"": ""ai_4"", ""type"": ""random_traffic"", ""model"": ""vehicle.audi.etron"", ""distance"": 154.93768310546875, ""relative_position"": [143.5677375793457, -58.25798034667969, -0.011928141117095947], ""velocity"": [-2.437614679336548, 5.452305316925049, 0.00013689995103050023], ""speed"": 21.50065110687711, ""is_static"": false}]"
1759224274.6505084,82017,45.24262619018555,291.19073486328125,0.2217513620853424,-6.103515261202119e-05,4.0981132769957185e-05,-90.05333709716797,-2.049480363197631e-09,-2.7480335784701992e-09,-0.0010523891542106867,-2.403473672529799e-06,-8.26688108190865e-07,-0.1311463564634323,3.754152203327976e-06,1.982531466637738e-05,1.9215864455190967e-09,0.0,0.0,0.009668270125985146,False,False,-1,7,4.0,False,0.0037886009551785734,125.14495086669922,0.0005925280897918217,9,"[{""id"": ""ai_1"", ""type"": ""random_traffic"", ""model"": ""vehicle.audi.etron"", ""distance"": 9.816963195800781, ""relative_position"": [-3.3850746154785156, -9.214874267578125, -0.01117667555809021], ""velocity"": [0.0, 0.0, 0.0], ""speed"": 0.0, ""is_static"": false}, {""id"": ""ai_3"", ""type"": ""random_traffic"", ""model"": ""vehicle.nissan.patrol_2021"", ""distance"": 57.94375228881836, ""relative_position"": [20.217266082763672, -54.30230712890625, 0.0021101385354995728], ""velocity"": [2.8253185901938593e-10, 1.268887217520387e-09, -0.00037266730214469135], ""speed"": 0.0013416022877290512, ""is_static"": false}, {""id"": ""ai_8"", ""type"": ""random_traffic"", ""model"": ""vehicle.ford.mustang"", ""distance"": 72.05919647216797, ""relative_position"": [-3.3914260864257812, -71.97933959960938, -0.00726298987865448], ""velocity"": [1.0650028414715962e-08, 1.182293485335606e-09, -0.0007154655177146196], ""speed"": 0.0025756758640615024, ""is_static"": false}, {""id"": ""ai_6"", ""type"": ""random_traffic"", ""model"": ""vehicle.chevrolet.impala"", ""distance"": 79.48274230957031, ""relative_position"": [0.6094474792480469, -79.48040771484375, -0.009163320064544678], ""velocity"": [0.0, 0.0, 0.0], ""speed"": 0.0, ""is_static"": false}, {""id"": ""ai_0"", ""type"": ""random_traffic"", ""model"": ""vehicle.audi.a2"", ""distance"": 112.671875, ""relative_position"": [86.88821792602539, -71.73136901855469, -0.00949619710445404], ""velocity"": [-1.1785511588868758e-07, 1.652038150723456e-08, -0.0006728076841682196], ""speed"": 0.0024221077008959903, ""is_static"": false}, {""id"": ""ai_7"", ""type"": ""random_traffic"", ""model"": ""vehicle.seat.leon"", ""distance"": 116.29376220703125, ""relative_position"": [86.90240859985352, -77.28007507324219, -0.0068978965282440186], ""velocity"": [0.0, 0.0, 0.0], ""speed"": 0.0, ""is_static"": false}, {""id"": ""ai_2"", ""type"": ""random_traffic"", ""model"": ""vehicle.ford.mustang"", ""distance"": 132.31324768066406, ""relative_position"": [-52.70054006576538, -121.36494445800781, -0.007207110524177551], ""velocity"": [0.0, 0.0, 0.0], ""speed"": 0.0, ""is_static"": false}, {""id"": ""ai_5"", ""type"": ""random_traffic"", ""model"": ""vehicle.audi.etron"", ""distance"": 139.35247802734375, ""relative_position"": [138.94878005981445, 10.599639892578125, -0.010749787092208862], ""velocity"": [-7.588209629058838, 2.6286165714263916, 0.0031228731386363506], ""speed"": 28.910165345007304, ""is_static"": false}, {""id"": ""ai_4"", ""type"": ""random_traffic"", ""model"": ""vehicle.audi.etron"", ""distance"": 154.653076171875, ""relative_position"": [143.4096565246582, -57.88995361328125, -0.011922374367713928], ""velocity"": [-2.6435158252716064, 5.71466064453125, 0.00037559508928097785], ""speed"": 22.66728853542631, ""is_static"": false}]"
1759224274.7077472,82020,45.24262619018555,291.19073486328125,0.2217639535665512,-6.103515261202119e-05,4.0981132769957185e-05,-90.05333709716797,3.04691005759139e-09,-2.696830758708302e-09,0.0008728360990062356,-3.206547489753575e-06,2.215490901846806e-08,0.05361451208591461,3.7716124552389374e-06,1.972653808479663e-05,-8.461956690908323e-10,0.0,0.0,0.009668270125985146,False,False,-1,7,4.0,False,0.0031422099564565914,125.14495086669922,0.0005925280897918217,9,"[{""id"": ""ai_1"", ""type"": ""random_traffic"", ""model"": ""vehicle.audi.etron"", ""distance"": 9.816963195800781, ""relative_position"": [-3.3850746154785156, -9.214874267578125, -0.011189267039299011], ""velocity"": [0.0, 0.0, 0.0], ""speed"": 0.0, ""is_static"": false}, {""id"": ""ai_3"", ""type"": ""random_traffic"", ""model"": ""vehicle.nissan.patrol_2021"", ""distance"": 57.94375228881836, ""relative_position"": [20.217266082763672, -54.30230712890625, 0.0021012872457504272], ""velocity"": [1.839676848358618e-11, 1.6696963811568821e-09, 0.0003335666551720351], ""speed"": 0.0012008399586343722, ""is_static"": false}, {""id"": ""ai_8"", ""type"": ""random_traffic"", ""model"": ""vehicle.ford.mustang"", ""distance"": 72.05919647216797, ""relative_position"": [-3.3914260864257812, -71.97933959960938, -0.0072634220123291016], ""velocity"": [1.328021359547904e-09, 9.702570968883606e-10, 0.0007399749592877924], ""speed"": 0.002663909853442633, ""is_static"": false}, {""id"": ""ai_6"", ""type"": ""random_traffic"", ""model"": ""vehicle.chevrolet.impala"", ""distance"": 79.48274230957031, ""relative_position"": [0.6094474792480469, -79.48040771484375, -0.009175911545753479], ""velocity"": [0.0, 0.0, 0.0], ""speed"": 0.0, ""is_static"": false}, {""id"": ""ai_0"", ""type"": ""random_traffic"", ""model"": ""vehicle.audi.a2"", ""distance"": 112.671875, ""relative_position"": [86.88821792602539, -71.73136901855469, -0.009498104453086853], ""velocity"": [3.5315625268594886e-07, 2.630280881987801e-08, 0.0006520366296172142], ""speed"": 0.00234733221282967, ""is_static"": false}, {""id"": ""ai_7"", ""type"": ""random_traffic"", ""model"": ""vehicle.seat.leon"", ""distance"": 116.29376220703125, ""relative_position"": [86.90240859985352, -77.28007507324219, -0.00691048800945282], ""velocity"": [0.0, 0.0, 0.0], ""speed"": 0.0, ""is_static"": false}, {""id"": ""ai_2"", ""type"": ""random_traffic"", ""model"": ""vehicle.ford.mustang"", ""distance"": 132.31324768066406, ""relative_position"": [-52.70054006576538, -121.36494445800781, -0.0072197020053863525], ""velocity"": [0.0, 0.0, 0.0], ""speed"": 0.0, ""is_static"": false}, {""id"": ""ai_5"", ""type"": ""random_traffic"", ""model"": ""vehicle.audi.etron"", ""distance"": 139.0050048828125, ""relative_position"": [138.5910987854004, 10.719146728515625, -0.010607033967971802], ""velocity"": [-7.6681976318359375, 2.115173816680908, 0.0028447008226066828], ""speed"": 28.63646091632736, ""is_static"": false}, {""id"": ""ai_4"", ""type"": ""random_traffic"", ""model"": ""vehicle.audi.etron"", ""distance"": 154.43499755859375, ""relative_position"": [143.28618240356445, -57.612823486328125, -0.011988416314125061], ""velocity"": [-2.7865724563598633, 5.867625713348389, 0.0004520797519944608], ""speed"": 23.38449209006757, ""is_static"": false}]"
1759224274.7705712,82024,45.24262619018555,291.19073486328125,0.22173571586608887,-6.103515261202119e-05,4.0981132769957185e-05,-90.05333709716797,1.7938086571689382e-08,-2.7684841086283996e-09,0.0012693405151367188,7.048205134196905e-06,-2.0527918422885705e-06,0.10242287814617157,3.948491212213412e-06,3.3503338272566907e-06,-1.4637706602371736e-09,0.0,0.0,0.009668270125985146,False,False,-1,7,4.0,False,0.004569625854959352,125.14495086669922,0.0005925280897918217,9,"[{""id"": ""ai_1"", ""type"": ""random_traffic"", ""model"": ""vehicle.audi.etron"", ""distance"": 9.816963195800781, ""relative_position"": [-3.3850746154785156, -9.214874267578125, -0.01116102933883667], ""velocity"": [0.0, 0.0, 0.0], ""speed"": 0.0, ""is_static"": false}, {""id"": ""ai_3"", ""type"": ""random_traffic"", ""model"": ""vehicle.nissan.patrol_2021"", ""distance"": 57.94375228881836, ""relative_position"": [20.217266082763672, -54.30230712890625, 0.002115413546562195], ""velocity"": [-1.6577196282341333e-09, -4.18402007484886e-10, 0.00037271023029461503], ""speed"": 0.0013417568290747311, ""is_static"": false}, {""id"": ""ai_8"", ""type"": ""random_traffic"", ""model"": ""vehicle.ford.mustang"", ""distance"": 72.05919647216797, ""relative_position"": [-3.3914260864257812, -71.97933959960938, -0.007248803973197937], ""velocity"": [9.704965719947722e-09, 3.1321785165516758e-09, 0.0011148452758789062], ""speed"": 0.004013442993331973, ""is_static"": false}, {""id"": ""ai_6"", ""type"": ""random_traffic"", ""model"": ""vehicle.chevrolet.impala"", ""distance"": 79.48274230957031, ""relative_position"": [0.6094474792480469, -79.48040771484375, -0.009147673845291138], ""velocity"": [0.0, 0.0, 0.0], ""speed"": 0.0, ""is_static"": false}, {""id"": ""ai_0"", ""type"": ""random_traffic"", ""model"": ""vehicle.audi.a2"", ""distance"": 112.671875, ""relative_position"": [86.88821792602539, -71.73136901855469, -0.009492680430412292], ""velocity"": [2.932473375238942e-09, -7.86093181659453e-08, 0.0009494924452155828], ""speed"": 0.0034181728145070435, ""is_static"": false}, {""id"": ""ai_7"", ""type"": ""random_traffic"", ""model"": ""vehicle.seat.leon"", ""distance"": 116.29376220703125, ""relative_position"": [86.90240859985352, -77.28007507324219, -0.0068822503089904785], ""velocity"": [0.0, 0.0, 0.0], ""speed"": 0.0, ""is_static"": false}, {""id"": ""ai_2"", ""type"": ""random_traffic"", ""model"": ""vehicle.ford.mustang"", ""distance"": 132.31324768066406, ""relative_position"": [-52.70054006576538, -121.36494445800781, -0.007191464304924011], ""velocity"": [0.0, 0.0, 0.0], ""speed"": 0.0, ""is_static"": false}, {""id"": ""ai_5"", ""type"": ""random_traffic"", ""model"": ""vehicle.audi.etron"", ""distance"": 138.4898681640625, ""relative_position"": [138.06390762329102, 10.85382080078125, -0.010511353611946106], ""velocity"": [-7.813459873199463, 1.5126729011535645, 0.0026543044950813055], ""speed"": 28.650740066801777, ""is_static"": false}, {""id"": ""ai_4"", ""type"": ""random_traffic"", ""model"": ""vehicle.audi.etron"", ""distance"": 154.10305786132812, ""relative_position"": [143.09514236450195, -57.19734191894531, -0.012047156691551208], ""velocity"": [-2.9654481410980225, 6.0950751304626465, 0.0004313612007535994], ""speed"": 24.401474448819602, ""is_static"": false}]"
1759224274.8300078,82027,45.24262619018555,291.19073486328125,0.221754789352417,-6.103515261202119e-05,4.0981132769957185e-05,-90.05333709716797,-1.158310158899667e-08,1.913058461644468e-10,2.5033950805664062e-05,-1.3193301811043057e-06,2.1972495289901417e-07,-0.003374160500243306,-2.452446778988815e-07,-1.607637204870116e-05,-1.4104687418026174e-09,0.0,0.0,0.009668270125985146,False,False,-1,7,4.0,False,9.01222325500341e-05,125.14495086669922,0.0005925280897918217,9,"[{""id"": ""ai_1"", ""type"": ""random_traffic"", ""model"": ""vehicle.audi.etron"", ""distance"": 9.816963195800781, ""relative_position"": [-3.3850746154785156, -9.214874267578125, -0.011180102825164795], ""velocity"": [0.0, 0.0, 0.0], ""speed"": 0.0, ""is_static"": false}, {""id"": ""ai_3"", ""type"": ""random_traffic"", ""model"": ""vehicle.nissan.patrol_2021"", ""distance"": 57.94375228881836, ""relative_position"": [20.217266082763672, -54.30230712890625, 0.0021058768033981323], ""velocity"": [-1.0650164083969571e-09, 9.926047761510404e-10, 0.000141654018079862], ""speed"": 0.0005099544651144361, ""is_static"": false}, {""id"": ""ai_8"", ""type"": ""random_traffic"", ""model"": ""vehicle.ford.mustang"", ""distance"": 72.05919647216797, ""relative_position"": [-3.3914260864257812, -71.97933959960938, -0.007242545485496521], ""velocity"": [2.7585234096960676e-09, 3.975361373420583e-09, 0.0003205585526302457], ""speed"": 0.0011540107896003528, ""is_static"": false}, {""id"": ""ai_6"", ""type"": ""random_traffic"", ""model"": ""vehicle.chevrolet.impala"", ""distance"": 79.48274230957031, ""relative_position"": [0.6094474792480469, -79.48040771484375, -0.009166747331619263], ""velocity"": [0.0, 0.0, 0.0], ""speed"": 0.0, ""is_static"": false}, {""id"": ""ai_0"", ""type"": ""random_traffic"", ""model"": ""vehicle.audi.a2"", ""distance"": 112.671875, ""relative_position"": [86.88821792602539, -71.73136901855469, -0.009490549564361572], ""velocity"": [4.838269873630452e-08, -7.881398644826731e-09, 0.0002773666346911341], ""speed"": 0.0009985199004826173, ""is_static"": false}, {""id"": ""ai_7"", ""type"": ""random_traffic"", ""model"": ""vehicle.seat.leon"", ""distance"": 116.29376220703125, ""relative_position"": [86.90240859985352, -77.28007507324219, -0.0069013237953186035], ""velocity"": [0.0, 0.0, 0.0], ""speed"": 0.0, ""is_static"": false}, {""id"": ""ai_2"", ""type"": ""random_traffic"", ""model"": ""vehicle.ford.mustang"", ""distance"": 132.31324768066406, ""relative_position"": [-52.70054006576538, -121.36494445800781, -0.007210537791252136], ""velocity"": [0.0, 0.0, 0.0], ""speed"": 0.0, ""is_static"": false}, {""id"": ""ai_5"", ""type"": ""random_traffic"", ""model"": ""vehicle.audi.etron"", ""distance"": 138.1343536376953, ""relative_position"": [137.7016487121582, 10.925201416015625, -0.01065295934677124], ""velocity"": [-7.989241600036621, 1.2245181798934937, 0.002667765598744154], ""speed"": 29.09713963103071, ""is_static"": false}, {""id"": ""ai_4"", ""type"": ""random_traffic"", ""model"": ""vehicle.audi.etron"", ""distance"": 153.8685760498047, ""relative_position"": [142.9581642150879, -56.907867431640625, -0.01216571033000946], ""velocity"": [-3.108083724975586, 6.316014766693115, 0.00035948274307884276], ""speed"": 25.341603407536745, ""is_static"": false}]"
1759224274.8900425,82031,45.24262619018555,291.19073486328125,0.22173526883125305,-6.103515261202119e-05,4.0981132769957185e-05,-90.05333709716797,1.144644112827109e-08,-1.2591711673337613e-08,0.00031121729989536107,3.572457217160263e-06,-1.7990853393712314e-06,0.062487758696079254,1.7839589418144897e-05,3.744266723515466e-05,-3.133463266635772e-09,0.0,0.0,0.009668270125985146,False,False,-1,7,4.0,False,0.0011203822812981103,125.14495086669922,0.0005925280897918217,9,"[{""id"": ""ai_1"", ""type"": ""random_traffic"", ""model"": ""vehicle.audi.etron"", ""distance"": 9.816963195800781, ""relative_position"": [-3.3850746154785156, -9.214874267578125, -0.011160582304000854], ""velocity"": [0.0, 0.0, 0.0], ""speed"": 0.0, ""is_static"": false}, {""id"": ""ai_3"", ""type"": ""random_traffic"", ""model"": ""vehicle.nissan.patrol_2021"", ""distance"": 57.94375228881836, ""relative_position"": [20.217266082763672, -54.30230712890625, 0.0021031945943832397], ""velocity"": [-1.1730207950810811e-11, -2.0733266492545255e-10, -0.00018332958279643208], ""speed"": 0.0006599864980675789, ""is_static"": false}, {""id"": ""ai_8"", ""type"": ""random_traffic"", ""model"": ""vehicle.ford.mustang"", ""distance"": 72.05919647216797, ""relative_position"": [-3.3914260864257812, -71.97933959960938, -0.007229924201965332], ""velocity"": [5.214348419713133e-08, -1.7932548779242552e-09, 0.00027137278812006116], ""speed"": 0.0009769420552881412, ""is_static"": false}, {""id"": ""ai_6"", ""type"": ""random_traffic"", ""model"": ""vehicle.chevrolet.impala"", ""distance"": 79.48274230957031, ""relative_position"": [0.6094474792480469, -79.48040771484375, -0.009147226810455322], ""velocity"": [0.0, 0.0, 0.0], ""speed"": 0.0, ""is_static"": false}, {""id"": ""ai_0"", ""type"": ""random_traffic"", ""model"": ""vehicle.audi.a2"", ""distance"": 112.671875, ""relative_position"": [86.88821792602539, -71.73136901855469, -0.009476974606513977], ""velocity"": [1.5432708266871487e-07, -6.120461648606579e-08, 0.00031451700488105416], ""speed"": 0.0011322613753156757, ""is_static"": false}, {""id"": ""ai_7"", ""type"": ""random_traffic"", ""model"": ""vehicle.seat.leon"", ""distance"": 116.29376220703125, ""relative_position"": [86.90240859985352, -77.28007507324219, -0.006881803274154663], ""velocity"": [0.0, 0.0, 0.0], ""speed"": 0.0, ""is_static"": false}, {""id"": ""ai_2"", ""type"": ""random_traffic"", ""model"": ""vehicle.ford.mustang"", ""distance"": 132.31324768066406, ""relative_position"": [-52.70054006576538, -121.36494445800781, -0.007191017270088196], ""velocity"": [0.0, 0.0, 0.0], ""speed"": 0.0, ""is_static"": false}, {""id"": ""ai_5"", ""type"": ""random_traffic"", ""model"": ""vehicle.audi.etron"", ""distance"": 137.6055145263672, ""relative_position"": [137.16455459594727, 11.00750732421875, -0.011033251881599426], ""velocity"": [-8.251245498657227, 0.9092986583709717, 0.001964306691661477], ""speed"": 29.88431105501588, ""is_static"": false}, {""id"": ""ai_4"", ""type"": ""random_traffic"", ""model"": ""vehicle.audi.etron"", ""distance"": 153.51173400878906, ""relative_position"": [142.74432754516602, -56.47929382324219, -0.012270927429199219], ""velocity"": [-3.4842894077301025, 6.462953567504883, 0.00018917083798442036], ""speed"": 26.432444801931496, ""is_static"": false}]"
1759224274.950467,82035,45.24262619018555,291.19073486328125,0.22175468504428864,-6.103515261202119e-05,4.0981132769957185e-05,-90.05333709716797,5.036903871769027e-08,-9.505392917219524e-09,-0.0009821796556934714,3.6876915601169458e-06,-8.066923555816174e-07,-0.10457471758127213,1.2364304893708322e-05,3.748341623577289e-05,7.62935314924107e-09,0.0,0.0,0.009668270125985146,False,False,-1,7,4.0,False,0.003535846765311611,125.14495086669922,0.0005925280897918217,9,"[{""id"": ""ai_1"", ""type"": ""random_traffic"", ""model"": ""vehicle.audi.etron"", ""distance"": 9.816963195800781, ""relative_position"": [-3.3850746154785156, -9.214874267578125, -0.011179998517036438], ""velocity"": [0.0, 0.0, 0.0], ""speed"": 0.0, ""is_static"": false}, {""id"": ""ai_3"", ""type"": ""random_traffic"", ""model"": ""vehicle.nissan.patrol_2021"", ""distance"": 57.94375228881836, ""relative_position"": [20.217266082763672, -54.30230712890625, 0.0020834654569625854], ""velocity"": [-2.919696262537741e-09, 1.6520043999435075e-08, -0.0003683948307298124], ""speed"": 0.0013262213920024407, ""is_static"": false}, {""id"": ""ai_8"", ""type"": ""random_traffic"", ""model"": ""vehicle.ford.mustang"", ""distance"": 72.05919647216797, ""relative_position"": [-3.3914260864257812, -71.97933959960938, -0.0072318315505981445], ""velocity"": [1.2586883535448123e-08, 1.8032376702947772e-09, -0.0007259654812514782], ""speed"": 0.0026134757329062033, ""is_static"": false}, {""id"": ""ai_6"", ""type"": ""random_traffic"", ""model"": ""vehicle.chevrolet.impala"", ""distance"": 79.48274230957031, ""relative_position"": [0.6094474792480469, -79.48040771484375, -0.009166643023490906], ""velocity"": [0.0, 0.0, 0.0], ""speed"": 0.0, ""is_static"": false}, {""id"": ""ai_0"", ""type"": ""random_traffic"", ""model"": ""vehicle.audi.a2"", ""distance"": 112.671875, ""relative_position"": [86.88821792602539, -71.73136901855469, -0.009474799036979675], ""velocity"": [-8.760355285630794e-08, 2.227835693702218e-08, -0.0006568717653863132], ""speed"": 0.002364738377780598, ""is_static"": false}, {""id"": ""ai_7"", ""type"": ""random_traffic"", ""model"": ""vehicle.seat.leon"", ""distance"": 116.29376220703125, ""relative_position"": [86.90240859985352, -77.28007507324219, -0.006901219487190247], ""velocity"": [0.0, 0.0, 0.0], ""speed"": 0.0, ""is_static"": false}, {""id"": ""ai_2"", ""type"": ""random_traffic"", ""model"": ""vehicle.ford.mustang"", ""distance"": 132.31324768066406, ""relative_position"": [-52.70054006576538, -121.36494445800781, -0.007210433483123779], ""velocity"": [0.0, 0.0, 0.0], ""speed"": 0.0, ""is_static"": false}, {""id"": ""ai_5"", ""type"": ""random_traffic"", ""model"": ""vehicle.audi.etron"", ""distance"": 137.04202270507812, ""relative_position"": [136.5938606262207, 11.0740966796875, -0.01155659556388855], ""velocity"": [-8.557887077331543, 0.68401038646698, 0.002821216592565179], ""speed"": 30.906646692540928, ""is_static"": false}, {""id"": ""ai_4"", ""type"": ""random_traffic"", ""model"": ""vehicle.audi.etron"", ""distance"": 153.11245727539062, ""relative_position"": [142.48901748657227, -56.038421630859375, -0.012331277132034302], ""velocity"": [-4.109100341796875, 6.4117560386657715, -0.00020903587574139237], ""speed"": 27.41567730806145, ""is_static"": false}]"
1759224275.0079525,82038,45.24262619018555,291.19073486328125,0.22173869609832764,-6.103515261202119e-05,4.0981132769957185e-05,-90.05333709716797,5.319911622336804e-08,-9.945074097572615e-09,-0.0005297756288200617,5.696392236131942e-06,-9.306925221608253e-07,-0.07586239278316498,1.1864388397953007e-05,3.65779146704881e-06,1.1766890573028377e-08,0.0,0.0,0.009668270125985146,False,False,-1,7,4.0,False,0.0019071922737041536,125.14495086669922,0.0005925280897918217,9,"[{""id"": ""ai_1"", ""type"": ""random_traffic"", ""model"": ""vehicle.audi.etron"", ""distance"": 9.816963195800781, ""relative_position"": [-3.3850746154785156, -9.214874267578125, -0.01116400957107544], ""velocity"": [0.0, 0.0, 0.0], ""speed"": 0.0, ""is_static"": false}, {""id"": ""ai_3"", ""type"": ""random_traffic"", ""model"": ""vehicle.nissan.patrol_2021"", ""distance"": 57.94375228881836, ""relative_position"": [20.217266082763672, -54.30230712890625, 0.0020918995141983032], ""velocity"": [-2.222789063921482e-09, -1.8236177012909138e-08, -0.00020360946655273438], ""speed"": 0.0007329940825734874, ""is_static"": false}, {""id"": ""ai_8"", ""type"": ""random_traffic"", ""model"": ""vehicle.ford.mustang"", ""distance"": 72.05919647216797, ""relative_position"": [-3.3914260864257812, -71.97933959960938, -0.007231026887893677], ""velocity"": [-2.1455875298670435e-08, -1.4914911528052244e-09, -0.0004744910984300077], ""speed"": 0.0017081679561028393, ""is_static"": false}, {""id"": ""ai_6"", ""type"": ""random_traffic"", ""model"": ""vehicle.chevrolet.impala"", ""distance"": 79.48274230957031, ""relative_position"": [0.6094474792480469, -79.48040771484375, -0.009150654077529907], ""velocity"": [0.0, 0.0, 0.0], ""speed"": 0.0, ""is_static"": false}, {""id"": ""ai_0"", ""type"": ""random_traffic"", ""model"": ""vehicle.audi.a2"", ""distance"": 112.671875, ""relative_position"": [86.88821792602539, -71.73136901855469, -0.009470552206039429], ""velocity"": [1.3806580057007523e-07, -3.612273147268752e-08, -0.00041030882857739925], ""speed"": 0.0014771118722275056, ""is_static"": false}, {""id"": ""ai_7"", ""type"": ""random_traffic"", ""model"": ""vehicle.seat.leon"", ""distance"": 116.29376220703125, ""relative_position"": [86.90240859985352, -77.28007507324219, -0.006885230541229248], ""velocity"": [0.0, 0.0, 0.0], ""speed"": 0.0, ""is_static"": false}, {""id"": ""ai_2"", ""type"": ""random_traffic"", ""model"": ""vehicle.ford.mustang"", ""distance"": 132.31324768066406, ""relative_position"": [-52.70054006576538, -121.36494445800781, -0.007194444537162781], ""velocity"": [0.0, 0.0, 0.0], ""speed"": 0.0, ""is_static"": false}, {""id"": ""ai_5"", ""type"": ""random_traffic"", ""model"": ""vehicle.audi.etron"", ""distance"": 136.6177215576172, ""relative_position"": [136.16498184204102, 11.11309814453125, -0.011800378561019897], ""velocity"": [-8.72964859008789, 0.5642520189285278, 0.0030991171952337027], ""speed"": 31.492316550160815, ""is_static"": false}, {""id"": ""ai_4"", ""type"": ""random_traffic"", ""model"": ""vehicle.audi.etron"", ""distance"": 152.79733276367188, ""relative_position"": [142.2742805480957, -55.7230224609375, -0.012258142232894897], ""velocity"": [-4.624448299407959, 6.234992980957031, -0.0008123397710733116], ""speed"": 27.945986407257834, ""is_static"": false}]"
1759224275.0667076,82042,45.24262619018555,291.19073486328125,0.22171691060066223,-6.103515261202119e-05,4.0981132769957185e-05,-90.05333709716797,4.010361465134338e-08,-7.224131959304714e-09,-0.0003764533903449774,4.140460987400729e-06,-8.70011263032211e-07,-0.03612199053168297,9.072226930584293e-06,3.0130371669656597e-05,6.279656794561106e-09,0.0,0.0,0.009668270125985146,False,False,-1,7,4.0,False,0.0013552322131814894,125.14495086669922,0.0005925280897918217,9,"[{""id"": ""ai_1"", ""type"": ""random_traffic"", ""model"": ""vehicle.audi.etron"", ""distance"": 9.816963195800781, ""relative_position"": [-3.3850746154785156, -9.214874267578125, -0.011142224073410034], ""velocity"": [0.0, 0.0, 0.0], ""speed"": 0.0, ""is_static"": false}, {""id"": ""ai_3"", ""type"": ""random_traffic"", ""model"": ""vehicle.nissan.patrol_2021"", ""distance"": 57.94375228881836, ""relative_position"": [20.217266082763672, -54.30230712890625, 0.002104535698890686], ""velocity"": [-2.1240724734639116e-09, -7.10276815141242e-09, -0.0001538848882773891], ""speed"": 0.0005539855984414827, ""is_static"": false}, {""id"": ""ai_8"", ""type"": ""random_traffic"", ""model"": ""vehicle.ford.mustang"", ""distance"": 72.05919647216797, ""relative_position"": [-3.3914260864257812, -71.97933959960938, -0.007233113050460815], ""velocity"": [-4.4961767642348605e-09, 1.5079814064122843e-09, -0.0004015445592813194], ""speed"": 0.001445560413513564, ""is_static"": false}, {""id"": ""ai_6"", ""type"": ""random_traffic"", ""model"": ""vehicle.chevrolet.impala"", ""distance"": 79.48274230957031, ""relative_position"": [0.6094474792480469, -79.48040771484375, -0.009128868579864502], ""velocity"": [0.0, 0.0, 0.0], ""speed"": 0.0, ""is_static"": false}, {""id"": ""ai_0"", ""type"": ""random_traffic"", ""model"": ""vehicle.audi.a2"", ""distance"": 112.671875, ""relative_position"": [86.88821792602539, -71.73136901855469, -0.009468764066696167], ""velocity"": [-1.1725540360885134e-07, 6.762446158603552e-09, -0.00035131454933434725], ""speed"": 0.001264732448281645, ""is_static"": false}, {""id"": ""ai_7"", ""type"": ""random_traffic"", ""model"": ""vehicle.seat.leon"", ""distance"": 116.29376220703125, ""relative_position"": [86.90240859985352, -77.28007507324219, -0.006863445043563843], ""velocity"": [0.0, 0.0, 0.0], ""speed"": 0.0, ""is_static"": false}, {""id"": ""ai_2"", ""type"": ""random_traffic"", ""model"": ""vehicle.ford.mustang"", ""distance"": 132.31324768066406, ""relative_position"": [-52.70054006576538, -121.36494445800781, -0.0071726590394973755], ""velocity"": [0.0, 0.0, 0.0], ""speed"": 0.0, ""is_static"": false}, {""id"": ""ai_5"", ""type"": ""random_traffic"", ""model"": ""vehicle.audi.etron"", ""distance"": 136.02032470703125, ""relative_position"": [135.56213760375977, 11.155181884765625, -0.011927977204322815], ""velocity"": [-8.837045669555664, 0.3552476465702057, 0.0023738001473248005], ""speed"": 31.839060785096784, ""is_static"": false}, {""id"": ""ai_4"", ""type"": ""random_traffic"", ""model"": ""vehicle.audi.etron"", ""distance"": 152.33213806152344, ""relative_position"": [141.93660354614258, -55.30894470214844, -0.012015298008918762], ""velocity"": [-5.367172718048096, 5.761621952056885, -0.002185335149988532], ""speed"": 28.347076484568454, ""is_static"": false}]"
1759224275.1252453,82045,45.24262619018555,291.19073486328125,0.2217157632112503,-6.103515261202119e-05,4.0981132769957185e-05,-90.05333709716797,-3.527360803445845e-08,9.323823491058647e-09,0.0007534503820352256,1.1418636631788104e-06,3.165845541275303e-08,0.1143723577260971,-1.2102101209165994e-05,-3.0546216294169426e-05,-9.522498345404529e-09,0.0,0.0,0.009668270125985146,False,False,-1,7,4.0,False,0.0027124213785069684,125.14495086669922,0.0005925280897918217,9,"[{""id"": ""ai_1"", ""type"": ""random_traffic"", ""model"": ""vehicle.audi.etron"", ""distance"": 9.816963195800781, ""relative_position"": [-3.3850746154785156, -9.214874267578125, -0.011141076683998108], ""velocity"": [0.0, 0.0, 0.0], ""speed"": 0.0, ""is_static"": false}, {""id"": ""ai_3"", ""type"": ""random_traffic"", ""model"": ""vehicle.nissan.patrol_2021"", ""distance"": 57.94375228881836, ""relative_position"": [20.217266082763672, -54.30230712890625, 0.002104923129081726], ""velocity"": [-2.492824835442775e-09, -1.865375942600167e-08, 0.00026539326063357294], ""speed"": 0.0009554157406830278, ""is_static"": false}, {""id"": ""ai_8"", ""type"": ""random_traffic"", ""model"": ""vehicle.ford.mustang"", ""distance"": 72.05919647216797, ""relative_position"": [-3.3914260864257812, -71.97933959960938, -0.0072383880615234375], ""velocity"": [-9.750429796895332e-09, 1.3783744146067534e-09, 0.00046250817831605673], ""speed"": 0.0016650294423151974, ""is_static"": false}, {""id"": ""ai_6"", ""type"": ""random_traffic"", ""model"": ""vehicle.chevrolet.impala"", ""distance"": 79.48274230957031, ""relative_position"": [0.6094474792480469, -79.48040771484375, -0.009127721190452576], ""velocity"": [0.0, 0.0, 0.0], ""speed"": 0.0, ""is_static"": false}, {""id"": ""ai_0"", ""type"": ""random_traffic"", ""model"": ""vehicle.audi.a2"", ""distance"": 112.671875, ""relative_position"": [86.88821792602539, -71.73136901855469, -0.009452968835830688], ""velocity"": [2.949579993583029e-07, -3.820770189122413e-08, 0.0011139439884573221], ""speed"": 0.004010198501387198, ""is_static"": false}, {""id"": ""ai_7"", ""type"": ""random_traffic"", ""model"": ""vehicle.seat.leon"", ""distance"": 116.29376220703125, ""relative_position"": [86.90240859985352, -77.28007507324219, -0.0068622976541519165], ""velocity"": [0.0, 0.0, 0.0], ""speed"": 0.0, ""is_static"": false}, {""id"": ""ai_2"", ""type"": ""random_traffic"", ""model"": ""vehicle.ford.mustang"", ""distance"": 132.31324768066406, ""relative_position"": [-52.70054006576538, -121.36494445800781, -0.007171511650085449], ""velocity"": [0.0, 0.0, 0.0], ""speed"": 0.0, ""is_static"": false}, {""id"": ""ai_5"", ""type"": ""random_traffic"", ""model"": ""vehicle.audi.etron"", ""distance"": 135.57382202148438, ""relative_position"": [135.11244583129883, 11.1754150390625, -0.01179705560207367], ""velocity"": [-8.807448387145996, 0.22289544343948364, 0.002757439622655511], ""speed"": 31.71696783244708, ""is_static"": false}, {""id"": ""ai_4"", ""type"": ""random_traffic"", ""model"": ""vehicle.audi.etron"", ""distance"": 151.9665069580078, ""relative_position"": [141.6553840637207, -55.02337646484375, -0.011803656816482544], ""velocity"": [-5.889186382293701, 5.330587863922119, -0.003425965318456292], ""speed"": 28.596260710988584, ""is_static"": false}]"
1759224275.18699,82049,45.24262619018555,291.19073486328125,0.22170409560203552,-6.103515261202119e-05,4.0981132769957185e-05,-90.05333709716797,-7.971914328663843e-08,2.6946633369107076e-08,-0.001191263203509152,-1.3381342114371364e-06,8.134260838232876e-07,-0.07016336917877197,-3.563295103958808e-05,-9.68793683568947e-05,-1.5368220473988004e-08,0.0,0.0,0.009668270125985146,False,False,-1,7,4.0,False,0.004288547543332743,125.14495086669922,0.0005925280897918217,9,"[{""id"": ""ai_1"", ""type"": ""random_traffic"", ""model"": ""vehicle.audi.etron"", ""distance"": 9.816963195800781, ""relative_position"": [-3.3850746154785156, -9.214874267578125, -0.011129409074783325], ""velocity"": [0.0, 0.0, 0.0], ""speed"": 0.0, ""is_static"": false}, {""id"": ""ai_3"", ""type"": ""random_traffic"", ""model"": ""vehicle.nissan.patrol_2021"", ""distance"": 57.94375228881836, ""relative_position"": [20.217266082763672, -54.30230712890625, 0.002116277813911438], ""velocity"": [-3.9325223077923965e-09, -6.052970125125512e-09, -0.00037919043097645044], ""speed"": 0.001365085551762553, ""is_static"": false}, {""id"": ""ai_8"", ""type"": ""random_traffic"", ""model"": ""vehicle.ford.mustang"", ""distance"": 72.05919647216797, ""relative_position"": [-3.3914260864257812, -71.97933959960938, -0.007242321968078613], ""velocity"": [-4.025245137206923e-10, 1.8097797566118956e-11, -0.0010210704058408737], ""speed"": 0.003675853461027432, ""is_static"": false}, {""id"": ""ai_6"", ""type"": ""random_traffic"", ""model"": ""vehicle.chevrolet.impala"", ""distance"": 79.48274230957031, ""relative_position"": [0.6094474792480469, -79.48040771484375, -0.009116053581237793], ""velocity"": [0.0, 0.0, 0.0], ""speed"": 0.0, ""is_static"": false}, {""id"": ""ai_0"", ""type"": ""random_traffic"", ""model"": ""vehicle.audi.a2"", ""distance"": 112.671875, ""relative_position"": [86.88821792602539, -71.73136901855469, -0.009430617094039917], ""velocity"": [-2.626483386336531e-08, 2.9018318414841815e-08, -0.0008138084085658193], ""speed"": 0.0029297102742252504, ""is_static"": false}, {""id"": ""ai_7"", ""type"": ""random_traffic"", ""model"": ""vehicle.seat.leon"", ""distance"": 116.29376220703125, ""relative_position"": [86.90240859985352, -77.28007507324219, -0.006850630044937134], ""velocity"": [0.0, 0.0, 0.0], ""speed"": 0.0, ""is_static"": false}, {""id"": ""ai_2"", ""type"": ""random_traffic"", ""model"": ""vehicle.ford.mustang"", ""distance"": 132.31324768066406, ""relative_position"": [-52.70054006576538, -121.36494445800781, -0.0071598440408706665], ""velocity"": [0.0, 0.0, 0.0], ""speed"": 0.0, ""is_static"": false}, {""id"": ""ai_5"", ""type"": ""random_traffic"", ""model"": ""vehicle.audi.etron"", ""distance"": 134.97520446777344, ""relative_position"": [134.51013565063477, 11.1951904296875, -0.01133197546005249], ""velocity"": [-8.668856620788574, 0.14520877599716187, 0.0023238658905029297], ""speed"": 31.212262857184328, ""is_static"": false}, {""id"": ""ai_4"", ""type"": ""random_traffic"", ""model"": ""vehicle.audi.etron"", ""distance"": 151.45053100585938, ""relative_position"": [141.23625564575195, -54.67710876464844, -0.011480972170829773], ""velocity"": [-6.558377742767334, 4.524508476257324, -0.004873304162174463], ""speed"": 28.68355644540376, ""is_static"": false}]"
1759224275.2469206,82052,45.24262619018555,291.19073486328125,0.22169773280620575,-6.103515261202119e-05,4.0981132769957185e-05,-90.05333709716797,7.944973390294763e-08,-1.5932117847228255e-08,-0.00016509056149516255,4.230099420965416e-06,-8.482651878694014e-07,-0.008789828047156334,2.0069808670086786e-05,7.38069211365655e-05,1.3250437191913988e-08,0.0,0.0,0.009668270125985146,False,False,-1,7,4.0,False,0.0005943260929733888,125.14495086669922,0.0005925280897918217,9,"[{""id"": ""ai_1"", ""type"": ""random_traffic"", ""model"": ""vehicle.audi.etron"", ""distance"": 9.816963195800781, ""relative_position"": [-3.3850746154785156, -9.214874267578125, -0.011123046278953552], ""velocity"": [0.0, 0.0, 0.0], ""speed"": 0.0, ""is_static"": false}, {""id"": ""ai_3"", ""type"": ""random_traffic"", ""model"": ""vehicle.nissan.patrol_2021"", ""distance"": 57.94375228881836, ""relative_position"": [20.217266082763672, -54.30230712890625, 0.0021176040172576904], ""velocity"": [-4.179806278870046e-09, -6.7077108312219025e-09, -0.00016477584722451866], ""speed"": 0.0005931930506906214, ""is_static"": false}, {""id"": ""ai_8"", ""type"": ""random_traffic"", ""model"": ""vehicle.ford.mustang"", ""distance"": 72.05919647216797, ""relative_position"": [-3.3914260864257812, -71.97933959960938, -0.0072533488273620605], ""velocity"": [-1.0607554834507482e-09, 1.402421651031105e-10, -0.00040016171988099813], ""speed"": 0.0014405821915767431, ""is_static"": false}, {""id"": ""ai_6"", ""type"": ""random_traffic"", ""model"": ""vehicle.chevrolet.impala"", ""distance"": 79.48274230957031, ""relative_position"": [0.6094474792480469, -79.48040771484375, -0.00910969078540802], ""velocity"": [0.0, 0.0, 0.0], ""speed"": 0.0, ""is_static"": false}, {""id"": ""ai_0"", ""type"": ""random_traffic"", ""model"": ""vehicle.audi.a2"", ""distance"": 112.671875, ""relative_position"": [86.88821792602539, -71.73136901855469, -0.009438902139663696], ""velocity"": [-1.5144948406486947e-07, 1.4293667582876424e-08, -0.0004386710934340954], ""speed"": 0.0015792160313183004, ""is_static"": false}, {""id"": ""ai_7"", ""type"": ""random_traffic"", ""model"": ""vehicle.seat.leon"", ""distance"": 116.29376220703125, ""relative_position"": [86.90240859985352, -77.28007507324219, -0.006844267249107361], ""velocity"": [0.0, 0.0, 0.0], ""speed"": 0.0, ""is_static"": false}, {""id"": ""ai_2"", ""type"": ""random_traffic"", ""model"": ""vehicle.ford.mustang"", ""distance"": 132.31324768066406, ""relative_position"": [-52.70054006576538, -121.36494445800781, -0.0071534812450408936], ""velocity"": [0.0, 0.0, 0.0], ""speed"": 0.0, ""is_static"": false}, {""id"": ""ai_5"", ""type"": ""random_traffic"", ""model"": ""vehicle.audi.etron"", ""distance"": 134.50894165039062, ""relative_position"": [134.04127883911133, 11.206756591796875, -0.01089257001876831], ""velocity"": [-8.515460968017578, 0.09725724905729294, 0.0014544964069500566], ""speed"": 30.657659306494153, ""is_static"": false}, {""id"": ""ai_4"", ""type"": ""random_traffic"", ""model"": ""vehicle.audi.etron"", ""distance"": 151.03005981445312, ""relative_position"": [140.87569046020508, -54.44374084472656, -0.011213734745979309], ""velocity"": [-7.007208824157715, 3.793544292449951, -0.0056982324458658695], ""speed"": 28.685469180594957, ""is_static"": false}]"
1759224275.30723,82055,45.24262619018555,291.19073486328125,0.22171908617019653,-6.103515261202119e-05,4.0981132769957185e-05,-90.05333709716797,8.238113480274478e-08,-1.5463211155974932e-08,3.558158641681075e-05,5.899042207602179e-06,-1.7311416513621225e-06,-0.07108083367347717,1.9507564502418973e-05,6.799328548368067e-05,1.168089891478985e-08,0.0,0.0,0.009668270125985146,False,False,-1,7,4.0,False,0.00012809406651903194,125.14495086669922,0.0005925280897918217,9,"[{""id"": ""ai_1"", ""type"": ""random_traffic"", ""model"": ""vehicle.audi.etron"", ""distance"": 9.816963195800781, ""relative_position"": [-3.3850746154785156, -9.214874267578125, -0.011144399642944336], ""velocity"": [0.0, 0.0, 0.0], ""speed"": 0.0, ""is_static"": false}, {""id"": ""ai_3"", ""type"": ""random_traffic"", ""model"": ""vehicle.nissan.patrol_2021"", ""distance"": 57.94375228881836, ""relative_position"": [20.217266082763672, -54.30230712890625, 0.002107396721839905], ""velocity"": [-2.5050386209812814e-09, -5.697976757090828e-09, 0.00012875556421931833], ""speed"": 0.0004635200317311605, ""is_static"": false}, {""id"": ""ai_8"", ""type"": ""random_traffic"", ""model"": ""vehicle.ford.mustang"", ""distance"": 72.05919647216797, ""relative_position"": [-3.3914260864257812, -71.97933959960938, -0.007264971733093262], ""velocity"": [1.4143238802333258e-09, 2.1485577206270534e-10, -2.7179717108083423e-06], ""speed"": 9.784699514205529e-06, ""is_static"": false}, {""id"": ""ai_6"", ""type"": ""random_traffic"", ""model"": ""vehicle.chevrolet.impala"", ""distance"": 79.48274230957031, ""relative_position"": [0.6094474792480469, -79.48040771484375, -0.009131044149398804], ""velocity"": [0.0, 0.0, 0.0], ""speed"": 0.0, ""is_static"": false}, {""id"": ""ai_0"", ""type"": ""random_traffic"", ""model"": ""vehicle.audi.a2"", ""distance"": 112.671875, ""relative_position"": [86.88821792602539, -71.73136901855469, -0.009456291794776917], ""velocity"": [1.694320133083238e-07, -4.315862511816704e-08, -0.0001452350552426651], ""speed"": 0.0005228465777473675, ""is_static"": false}, {""id"": ""ai_7"", ""type"": ""random_traffic"", ""model"": ""vehicle.seat.leon"", ""distance"": 116.29376220703125, ""relative_position"": [86.90240859985352, -77.28007507324219, -0.0068656206130981445], ""velocity"": [0.0, 0.0, 0.0], ""speed"": 0.0, ""is_static"": false}, {""id"": ""ai_2"", ""type"": ""random_traffic"", ""model"": ""vehicle.ford.mustang"", ""distance"": 132.31324768066406, ""relative_position"": [-52.70054006576538, -121.36494445800781, -0.007174834609031677], ""velocity"": [0.0, 0.0, 0.0], ""speed"": 0.0, ""is_static"": false}, {""id"": ""ai_5"", ""type"": ""random_traffic"", ""model"": ""vehicle.audi.etron"", ""distance"": 134.06857299804688, ""relative_position"": [133.59863662719727, 11.215606689453125, -0.010527342557907104], ""velocity"": [-8.37535285949707, 0.09253878146409988, 0.0006933879922144115], ""speed"": 30.153110761349314, ""is_static"": false}, {""id"": ""ai_4"", ""type"": ""random_traffic"", ""model"": ""vehicle.audi.etron"", ""distance"": 150.6199188232422, ""relative_position"": [140.50879287719727, -54.25531005859375, -0.011045113205909729], ""velocity"": [-7.392698287963867, 3.0655019283294678, -0.005882835481315851], ""speed"": 28.81109591038541, ""is_static"": false}]"
1759224275.3637,82059,45.24262619018555,291.19073486328125,0.22172915935516357,-6.103515261202119e-05,4.0981132769957185e-05,-90.05333709716797,-4.464409997240182e-08,1.7342784985885373e-08,-0.001167726470157504,-2.3565999072161503e-06,7.932655989861814e-07,-0.07103972136974335,-2.3312593839364126e-05,-5.970334677840583e-05,-6.918619455120734e-09,0.0,0.0,0.009668270125985146,False,False,-1,7,4.0,False,0.004203815296102913,125.14495086669922,0.0005925280897918217,9,"[{""id"": ""ai_1"", ""type"": ""random_traffic"", ""model"": ""vehicle.audi.etron"", ""distance"": 9.816963195800781, ""relative_position"": [-3.3850746154785156, -9.214874267578125, -0.011154472827911377], ""velocity"": [0.0, 0.0, 0.0], ""speed"": 0.0, ""is_static"": false}, {""id"": ""ai_3"", ""type"": ""random_traffic"", ""model"": ""vehicle.nissan.patrol_2021"", ""distance"": 57.94375228881836, ""relative_position"": [20.217266082763672, -54.30230712890625, 0.002113640308380127], ""velocity"": [-5.399830804719841e-09, -9.05221320124383e-09, -0.0002604579785838723], ""speed"": 0.0009376487236697469, ""is_static"": false}, {""id"": ""ai_8"", ""type"": ""random_traffic"", ""model"": ""vehicle.ford.mustang"", ""distance"": 72.05919647216797, ""relative_position"": [-3.3914260864257812, -71.97933959960938, -0.007262960076332092], ""velocity"": [4.199023351247888e-09, 2.564187473463875e-10, -0.0007997417123988271], ""speed"": 0.00287907016467561, ""is_static"": false}, {""id"": ""ai_6"", ""type"": ""random_traffic"", ""model"": ""vehicle.chevrolet.impala"", ""distance"": 79.48274230957031, ""relative_position"": [0.6094474792480469, -79.48040771484375, -0.009141117334365845], ""velocity"": [0.0, 0.0, 0.0], ""speed"": 0.0, ""is_static"": false}, {""id"": ""ai_0"", ""type"": ""random_traffic"", ""model"": ""vehicle.audi.a2"", ""distance"": 112.671875, ""relative_position"": [86.88821792602539, -71.73136901855469, -0.009465143084526062], ""velocity"": [1.6342062281182734e-07, -2.0224996788442695e-08, -0.0009707164717838168], ""speed"": 0.003494579348701747, ""is_static"": false}, {""id"": ""ai_7"", ""type"": ""random_traffic"", ""model"": ""vehicle.seat.leon"", ""distance"": 116.29376220703125, ""relative_position"": [86.90240859985352, -77.28007507324219, -0.0068756937980651855], ""velocity"": [0.0, 0.0, 0.0], ""speed"": 0.0, ""is_static"": false}, {""id"": ""ai_2"", ""type"": ""random_traffic"", ""model"": ""vehicle.ford.mustang"", ""distance"": 132.31324768066406, ""relative_position"": [-52.70054006576538, -121.36494445800781, -0.007184907793998718], ""velocity"": [0.0, 0.0, 0.0], ""speed"": 0.0, ""is_static"": false}, {""id"": ""ai_5"", ""type"": ""random_traffic"", ""model"": ""vehicle.audi.etron"", ""distance"": 133.50933837890625, ""relative_position"": [133.03662490844727, 11.225067138671875, -0.010173916816711426], ""velocity"": [-8.203948974609375, 0.09476590156555176, -8.035659266170114e-05], ""speed"": 29.53618664135132, ""is_static"": false}, {""id"": ""ai_4"", ""type"": ""random_traffic"", ""model"": ""vehicle.audi.etron"", ""distance"": 150.08444213867188, ""relative_position"": [140.00761795043945, -54.066680908203125, -0.010903581976890564], ""velocity"": [-7.800331115722656, 2.0686419010162354, -0.005256595555692911], ""speed"": 29.051904638062364, ""is_static"": false}]"
1759224275.4229128,82062,45.24262619018555,291.19073486328125,0.22175513207912445,-6.103515261202119e-05,4.0981132769957185e-05,-90.05333709716797,3.0285480789871144e-08,-9.562438840760024e-09,0.0006239795475266874,5.147177489561727e-06,-8.560566584492335e-07,0.04153196141123772,1.4746964552614372e-05,3.394769009901211e-05,5.727694762924784e-09,0.0,0.0,0.009668270125985146,False,False,-1,7,4.0,False,0.002246326374005739,125.14495086669922,0.0005925280897918217,9,"[{""id"": ""ai_1"", ""type"": ""random_traffic"", ""model"": ""vehicle.audi.etron"", ""distance"": 9.816963195800781, ""relative_position"": [-3.3850746154785156, -9.214874267578125, -0.011180445551872253], ""velocity"": [0.0, 0.0, 0.0], ""speed"": 0.0, ""is_static"": false}, {""id"": ""ai_3"", ""type"": ""random_traffic"", ""model"": ""vehicle.nissan.patrol_2021"", ""distance"": 57.94375228881836, ""relative_position"": [20.217266082763672, -54.30230712890625, 0.002104535698890686], ""velocity"": [-5.616487719350971e-09, -1.1757710360882356e-08, 0.0003970050602219999], ""speed"": 0.0014292182175690126, ""is_static"": false}, {""id"": ""ai_8"", ""type"": ""random_traffic"", ""model"": ""vehicle.ford.mustang"", ""distance"": 72.05919647216797, ""relative_position"": [-3.3914260864257812, -71.97933959960938, -0.007264852523803711], ""velocity"": [3.7583696155252255e-09, 2.72674632872949e-10, 0.0005846452550031245], ""speed"": 0.002104722918054966, ""is_static"": false}, {""id"": ""ai_6"", ""type"": ""random_traffic"", ""model"": ""vehicle.chevrolet.impala"", ""distance"": 79.48274230957031, ""relative_position"": [0.6094474792480469, -79.48040771484375, -0.009167090058326721], ""velocity"": [0.0, 0.0, 0.0], ""speed"": 0.0, ""is_static"": false}, {""id"": ""ai_0"", ""type"": ""random_traffic"", ""model"": ""vehicle.audi.a2"", ""distance"": 112.671875, ""relative_position"": [86.88821792602539, -71.73136901855469, -0.00947485864162445], ""velocity"": [-7.66412853181464e-08, -2.4020138766900345e-08, 0.00043243408435955644], ""speed"": 0.001556762730545979, ""is_static"": false}, {""id"": ""ai_7"", ""type"": ""random_traffic"", ""model"": ""vehicle.seat.leon"", ""distance"": 116.29376220703125, ""relative_position"": [86.90240859985352, -77.28007507324219, -0.006901666522026062], ""velocity"": [0.0, 0.0, 0.0], ""speed"": 0.0, ""is_static"": false}, {""id"": ""ai_2"", ""type"": ""random_traffic"", ""model"": ""vehicle.ford.mustang"", ""distance"": 132.31324768066406, ""relative_position"": [-52.70054006576538, -121.36494445800781, -0.007210880517959595], ""velocity"": [0.0, 0.0, 0.0], ""speed"": 0.0, ""is_static"": false}, {""id"": ""ai_5"", ""type"": ""random_traffic"", ""model"": ""vehicle.audi.etron"", ""distance"": 133.1143798828125, ""relative_position"": [132.63972854614258, 11.231292724609375, -0.010056108236312866], ""velocity"": [-8.106189727783203, 0.10117828100919724, -0.0004555511404760182], ""speed"": 29.18455613929069, ""is_static"": false}, {""id"": ""ai_4"", ""type"": ""random_traffic"", ""model"": ""vehicle.audi.etron"", ""distance"": 149.6993865966797, ""relative_position"": [139.63220596313477, -53.96995544433594, -0.010895997285842896], ""velocity"": [-8.051596641540527, 1.4056941270828247, -0.004206485580652952], ""speed"": 29.424181549933994, ""is_static"": false}]"
1759224275.4821732,82066,45.24262619018555,291.19073486328125,0.22173529863357544,-6.103515261202119e-05,4.0981132769957185e-05,-90.05333709716797,5.85281600962162e-10,-7.873917517997597e-09,0.0006093502161093056,-1.9022911601496162e-07,1.7783230887857826e-08,0.13945327699184418,1.1163112503709272e-05,2.2957470719120465e-05,1.179551012420177e-09,0.0,0.0,0.009668270125985146,False,False,-1,7,4.0,False,0.002193660778177654,125.14495086669922,0.0005925280897918217,9,"[{""id"": ""ai_1"", ""type"": ""random_traffic"", ""model"": ""vehicle.audi.etron"", ""distance"": 9.816963195800781, ""relative_position"": [-3.3850746154785156, -9.214874267578125, -0.011160612106323242], ""velocity"": [0.0, 0.0, 0.0], ""speed"": 0.0, ""is_static"": false}, {""id"": ""ai_3"", ""type"": ""random_traffic"", ""model"": ""vehicle.nissan.patrol_2021"", ""distance"": 57.94375228881836, ""relative_position"": [20.217266082763672, -54.30230712890625, 0.002124592661857605], ""velocity"": [-5.657606383380198e-09, -1.150247808112681e-08, 0.0002480697585269809], ""speed"": 0.0008930511318894083, ""is_static"": false}, {""id"": ""ai_8"", ""type"": ""random_traffic"", ""model"": ""vehicle.ford.mustang"", ""distance"": 72.05919647216797, ""relative_position"": [-3.3914260864257812, -71.97933959960938, -0.007254749536514282], ""velocity"": [2.5238751089062816e-09, 5.316062035021218e-10, 0.00048638341831974685], ""speed"": 0.0017509803059757082, ""is_static"": false}, {""id"": ""ai_6"", ""type"": ""random_traffic"", ""model"": ""vehicle.chevrolet.impala"", ""distance"": 79.48274230957031, ""relative_position"": [0.6094474792480469, -79.48040771484375, -0.00914725661277771], ""velocity"": [0.0, 0.0, 0.0], ""speed"": 0.0, ""is_static"": false}, {""id"": ""ai_0"", ""type"": ""random_traffic"", ""model"": ""vehicle.audi.a2"", ""distance"": 112.671875, ""relative_position"": [86.88821792602539, -71.73136901855469, -0.009473651647567749], ""velocity"": [-2.1346258094467885e-08, -2.6995271795726694e-08, 0.0003759097889997065], ""speed"": 0.0013532752460703398, ""is_static"": false}, {""id"": ""ai_7"", ""type"": ""random_traffic"", ""model"": ""vehicle.seat.leon"", ""distance"": 116.29376220703125, ""relative_position"": [86.90240859985352, -77.28007507324219, -0.006881833076477051], ""velocity"": [0.0, 0.0, 0.0], ""speed"": 0.0, ""is_static"": false}, {""id"": ""ai_2"", ""type"": ""random_traffic"", ""model"": ""vehicle.ford.mustang"", ""distance"": 132.31324768066406, ""relative_position"": [-52.70054006576538, -121.36494445800781, -0.0071910470724105835], ""velocity"": [0.0, 0.0, 0.0], ""speed"": 0.0, ""is_static"": false}, {""id"": ""ai_5"", ""type"": ""random_traffic"", ""model"": ""vehicle.audi.etron"", ""distance"": 132.56216430664062, ""relative_position"": [132.08479690551758, 11.239837646484375, -0.010022580623626709], ""velocity"": [-8.029130935668945, 0.11204750090837479, -0.0007327365456148982], ""speed"": 28.907685897504223, ""is_static"": false}, {""id"": ""ai_4"", ""type"": ""random_traffic"", ""model"": ""vehicle.audi.etron"", ""distance"": 149.15185546875, ""relative_position"": [139.0795783996582, -53.880859375, -0.011035159230232239], ""velocity"": [-8.371858596801758, 0.622539222240448, -0.0016563605749979615], ""speed"": 30.221903340510448, ""is_static"": false}]"
1759224275.5350084,82069,45.24262619018555,291.19073486328125,0.22173568606376648,-6.103515261202119e-05,4.0981132769957185e-05,-90.05333709716797,-7.992658623834359e-08,2.4586391589309642e-08,-0.00042865751311182976,-2.492949988663895e-06,8.672516287333565e-07,-0.04767811298370361,-3.2428124541183934e-05,-8.920610707718879e-05,-1.5352158655446146e-08,0.0,0.0,0.009668270125985146,False,False,-1,7,4.0,False,0.0015431670765662382,125.14495086669922,0.0005925280897918217,9,"[{""id"": ""ai_1"", ""type"": ""random_traffic"", ""model"": ""vehicle.audi.etron"", ""distance"": 9.816963195800781, ""relative_position"": [-3.3850746154785156, -9.214874267578125, -0.011160999536514282], ""velocity"": [0.0, 0.0, 0.0], ""speed"": 0.0, ""is_static"": false}, {""id"": ""ai_3"", ""type"": ""random_traffic"", ""model"": ""vehicle.nissan.patrol_2021"", ""distance"": 57.94375228881836, ""relative_position"": [20.217266082763672, -54.30230712890625, 0.0021265745162963867], ""velocity"": [-5.127792412906729e-09, -2.4681284571670403e-08, -0.0001239585835719481], ""speed"": 0.00044625091008651535, ""is_static"": false}, {""id"": ""ai_8"", ""type"": ""random_traffic"", ""model"": ""vehicle.ford.mustang"", ""distance"": 72.05919647216797, ""relative_position"": [-3.3914260864257812, -71.97933959960938, -0.0072522759437561035], ""velocity"": [-1.0436408182101786e-08, -2.882319383168408e-10, -0.0002751254942268133], ""speed"": 0.000990451779929668, ""is_static"": false}, {""id"": ""ai_6"", ""type"": ""random_traffic"", ""model"": ""vehicle.chevrolet.impala"", ""distance"": 79.48274230957031, ""relative_position"": [0.6094474792480469, -79.48040771484375, -0.00914764404296875], ""velocity"": [0.0, 0.0, 0.0], ""speed"": 0.0, ""is_static"": false}, {""id"": ""ai_0"", ""type"": ""random_traffic"", ""model"": ""vehicle.audi.a2"", ""distance"": 112.671875, ""relative_position"": [86.88821792602539, -71.73136901855469, -0.009482041001319885], ""velocity"": [-2.833898093967946e-08, 1.8072512375510996e-08, -0.0005550574860535562], ""speed"": 0.0019982069534563588, ""is_static"": false}, {""id"": ""ai_7"", ""type"": ""random_traffic"", ""model"": ""vehicle.seat.leon"", ""distance"": 116.29376220703125, ""relative_position"": [86.90240859985352, -77.28007507324219, -0.006882220506668091], ""velocity"": [0.0, 0.0, 0.0], ""speed"": 0.0, ""is_static"": false}, {""id"": ""ai_5"", ""type"": ""random_traffic"", ""model"": ""vehicle.audi.etron"", ""distance"": 132.15098571777344, ""relative_position"": [131.67160415649414, 11.246063232421875, -0.010149657726287842], ""velocity"": [-8.033380508422852, 0.1045236587524414, -0.0007773494580760598], ""speed"": 28.9226178167943, ""is_static"": false}, {""id"": ""ai_2"", ""type"": ""random_traffic"", ""model"": ""vehicle.ford.mustang"", ""distance"": 132.31324768066406, ""relative_position"": [-52.70054006576538, -121.36494445800781, -0.0071914345026016235], ""velocity"": [0.0, 0.0, 0.0], ""speed"": 0.0, ""is_static"": false}, {""id"": ""ai_4"", ""type"": ""random_traffic"", ""model"": ""vehicle.audi.etron"", ""distance"": 148.7396240234375, ""relative_position"": [138.6515235900879, -53.84449768066406, -0.011240318417549133], ""velocity"": [-8.54849910736084, 0.12857584655284882, 0.000974521622993052], ""speed"": 30.778077768726803, ""is_static"": false}]"
1759224275.5941012,82072,45.24262619018555,291.19073486328125,0.22175079584121704,-6.103515261202119e-05,4.0981132769957185e-05,-90.05333709716797,-5.506965106150119e-09,-5.036875805330965e-09,0.000817260704934597,1.3672636214323575e-06,-9.754277243700926e-07,0.08309869468212128,7.1422614382754546e-06,-5.45124237305572e-07,-2.5422837168775914e-09,0.0,0.0,0.009668270125985146,False,False,-1,7,4.0,False,0.0029421385378872204,125.14495086669922,0.0005925280897918217,9,"[{""id"": ""ai_1"", ""type"": ""random_traffic"", ""model"": ""vehicle.audi.etron"", ""distance"": 9.816963195800781, ""relative_position"": [-3.3850746154785156, -9.214874267578125, -0.011176109313964844], ""velocity"": [0.0, 0.0, 0.0], ""speed"": 0.0, ""is_static"": false}, {""id"": ""ai_3"", ""type"": ""random_traffic"", ""model"": ""vehicle.nissan.patrol_2021"", ""distance"": 57.94375228881836, ""relative_position"": [20.217266082763672, -54.30230712890625, 0.0021181106567382812], ""velocity"": [-5.643036704583437e-09, -1.1647477649034954e-08, 0.0003246211854275316], ""speed"": 0.0011686362684679309, ""is_static"": false}, {""id"": ""ai_8"", ""type"": ""random_traffic"", ""model"": ""vehicle.ford.mustang"", ""distance"": 72.05919647216797, ""relative_position"": [-3.3914260864257812, -71.97933959960938, -0.007264524698257446], ""velocity"": [1.081178827022633e-10, -9.067319811650876e-11, 6.697654316667467e-05], ""speed"": 0.00024111555540056394, ""is_static"": false}, {""id"": ""ai_6"", ""type"": ""random_traffic"", ""model"": ""vehicle.chevrolet.impala"", ""distance"": 79.48274230957031, ""relative_position"": [0.6094474792480469, -79.48040771484375, -0.009162753820419312], ""velocity"": [0.0, 0.0, 0.0], ""speed"": 0.0, ""is_static"": false}, {""id"": ""ai_0"", ""type"": ""random_traffic"", ""model"": ""vehicle.audi.a2"", ""distance"": 112.671875, ""relative_position"": [86.88821792602539, -71.73136901855469, -0.009492576122283936], ""velocity"": [-1.4475807574854116e-07, -2.2574848657086477e-08, 0.0005431842873804271], ""speed"": 0.0019554635056985153, ""is_static"": false}, {""id"": ""ai_7"", ""type"": ""random_traffic"", ""model"": ""vehicle.seat.leon"", ""distance"": 116.29376220703125, ""relative_position"": [86.90240859985352, -77.28007507324219, -0.006897330284118652], ""velocity"": [0.0, 0.0, 0.0], ""speed"": 0.0, ""is_static"": false}, {""id"": ""ai_5"", ""type"": ""random_traffic"", ""model"": ""vehicle.audi.etron"", ""distance"": 131.75543212890625, ""relative_position"": [131.2742042541504, 11.250732421875, -0.010381177067756653], ""velocity"": [-8.096050262451172, 0.08495787531137466, -0.0007082700612954795], ""speed"": 29.14738575925636, ""is_static"": false}, {""id"": ""ai_2"", ""type"": ""random_traffic"", ""model"": ""vehicle.ford.mustang"", ""distance"": 132.31324768066406, ""relative_position"": [-52.70054006576538, -121.36494445800781, -0.007206544280052185], ""velocity"": [0.0, 0.0, 0.0], ""speed"": 0.0, ""is_static"": false}, {""id"": ""ai_4"", ""type"": ""random_traffic"", ""model"": ""vehicle.audi.etron"", ""distance"": 148.34323120117188, ""relative_position"": [138.2323341369629, -53.82878112792969, -0.01142670214176178], ""velocity"": [-8.663591384887695, -0.21705351769924164, 0.0037267208099365234], ""speed"": 31.198718655703296, ""is_static"": false}]"
