global_step,epoch,batch,samples_seen,batch_size,train_loss,trajectory_loss,control_loss,regularization,lr,elapsed_sec
1,1,1,128,128,81.9444351196289,81.81702423095703,1.1635581254959106,1.1053482294082642,0.001,0.1396622657775879
2,1,2,256,128,60.98757553100586,60.81303405761719,1.6651138067245483,0.8029768466949463,0.001,0.280017614364624
3,1,3,384,128,44.17897415161133,43.98234558105469,1.910301923751831,0.5600049495697021,0.001,0.4212915897369385
4,1,4,512,128,37.761653900146484,37.537689208984375,2.2033498287200928,0.3632695972919464,0.001,0.5621869564056396
5,1,5,640,128,31.48276138305664,31.206157684326172,2.744638681411743,0.21398170292377472,0.001,0.7018065452575684
6,1,6,768,128,34.9532470703125,34.642208099365234,3.099919557571411,0.10454181581735611,0.001,0.8425941467285156
7,1,7,896,128,19.55284881591797,19.19329833984375,3.5905613899230957,0.04939389228820801,0.001,0.9840130805969238
8,1,8,1024,128,24.69746971130371,24.2995662689209,3.9777722358703613,0.01261618547141552,0.001,1.1251182556152344
9,1,9,1152,128,23.219404220581055,22.776020050048828,4.432231426239014,0.015962807461619377,0.001,1.266920804977417
10,1,10,1280,128,26.404216766357422,25.910663604736328,4.931961536407471,0.03564339131116867,0.001,1.4126920700073242
11,1,11,1408,128,27.525808334350586,27.013994216918945,5.112488746643066,0.05641469731926918,0.001,1.556823492050171
12,1,12,1536,128,26.536495208740234,26.039072036743164,4.968900203704834,0.053358044475317,0.001,1.7006425857543945
13,1,13,1664,128,26.464885711669922,25.97086524963379,4.93583345413208,0.04368438571691513,0.001,1.8415577411651611
14,1,14,1792,128,21.442474365234375,20.97789192199707,4.643270015716553,0.02563340589404106,0.001,1.9824213981628418
15,1,15,1920,128,27.355871200561523,26.905187606811523,4.505420207977295,0.014141887426376343,0.001,2.1226346492767334
16,1,16,2048,128,21.730213165283203,21.312856674194336,4.17250919342041,0.010471386834979057,0.001,2.264512777328491
17,1,17,2176,128,22.31349754333496,21.9083309173584,4.05042839050293,0.012446941807866096,0.001,2.4063334465026855
18,1,18,2304,128,22.649667739868164,22.252710342407227,3.967935800552368,0.01641971245408058,0.001,2.546128988265991
19,1,19,2432,128,22.417810440063477,22.050643920898438,3.6693060398101807,0.0236800704151392,0.001,2.6861917972564697
20,1,20,2560,128,24.416810989379883,24.033706665039062,3.828749895095825,0.02291257306933403,0.001,2.82592511177063
21,1,21,2688,128,20.06930160522461,19.636226654052734,4.32913875579834,0.015972618013620377,0.001,2.9667749404907227
22,1,22,2816,128,25.774002075195312,25.367595672607422,4.062150001525879,0.019160281866788864,0.001,3.107896327972412
23,1,23,2944,128,20.677927017211914,20.240909576416016,4.368649959564209,0.01528125163167715,0.001,3.251904249191284
24,1,24,3072,128,22.44464111328125,21.98261260986328,4.616898059844971,0.03389405831694603,0.001,3.393218755722046
25,1,25,3200,128,23.489336013793945,23.020790100097656,4.681094169616699,0.043761853128671646,0.001,3.5346057415008545
26,1,26,3328,128,21.905336380004883,21.453815460205078,4.511118412017822,0.04088765010237694,0.001,3.6768691539764404
27,1,27,3456,128,22.989946365356445,22.55136489868164,4.38159704208374,0.042233049869537354,0.001,3.817674398422241
28,1,28,3584,128,23.083309173583984,22.635955810546875,4.470681667327881,0.028635455295443535,0.001,3.9592669010162354
29,1,29,3712,128,23.724620819091797,23.291637420654297,4.325345516204834,0.04473463073372841,0.001,4.100087642669678
30,1,30,3840,128,19.95745086669922,19.564205169677734,3.9268388748168945,0.05623574182391167,0.001,4.239938735961914
31,1,31,3968,128,22.24178123474121,21.85820960998535,3.82832670211792,0.0737631767988205,0.001,4.380171298980713
32,1,32,4096,128,18.87286376953125,18.486610412597656,3.855351448059082,0.0719696432352066,0.001,4.521872282028198
33,1,33,4224,128,18.82461929321289,18.382810592651367,4.408849239349365,0.09233144670724869,0.001,4.662907361984253
34,1,34,4352,128,20.44101333618164,20.003582000732422,4.366336345672607,0.07972761243581772,0.001,4.803532361984253
35,1,35,4480,128,21.44873809814453,20.975923538208008,4.719531059265137,0.08622626960277557,0.001,4.944855690002441
36,1,36,4608,128,21.337257385253906,20.874343872070312,4.617004871368408,0.1213969960808754,0.001,5.086802959442139
37,1,37,4736,128,21.57158851623535,21.13945198059082,4.310649871826172,0.1072767823934555,0.001,5.226202011108398
38,1,38,4864,128,22.499099731445312,22.085351943969727,4.1268839836120605,0.10577075928449631,0.001,5.364611864089966
39,1,39,4992,128,21.101797103881836,20.662935256958008,4.373221397399902,0.15387077629566193,0.001,5.5032713413238525
40,1,40,5120,128,23.628080368041992,23.178974151611328,4.479599952697754,0.1146593913435936,0.001,5.645699501037598
41,1,41,5248,128,18.676807403564453,18.24852752685547,4.27081298828125,0.11976723372936249,0.001,5.7851927280426025
42,1,42,5376,128,23.695829391479492,23.256736755371094,4.3817315101623535,0.09197340905666351,0.001,5.928310394287109
43,1,43,5504,128,19.609329223632812,19.187395095825195,4.208222389221191,0.11127881705760956,0.001,6.0700461864471436
44,1,44,5632,128,24.77573013305664,24.333032608032227,4.418305397033691,0.086861751973629,0.001,6.211180925369263
45,1,45,5760,128,25.44639778137207,25.027416229248047,4.1799845695495605,0.09831174463033676,0.001,6.35272479057312
46,1,46,5888,128,20.434850692749023,20.034923553466797,3.9884419441223145,0.10832195729017258,0.001,6.4957122802734375
47,1,47,6016,128,22.560508728027344,22.136960983276367,4.227084636688232,0.08397702127695084,0.001,6.637126445770264
48,1,48,6144,128,17.981613159179688,17.567676544189453,4.127194881439209,0.12168794125318527,0.001,6.781857967376709
49,1,49,6272,128,21.748485565185547,21.35767364501953,3.8981075286865234,0.10012321919202805,0.001,6.923649549484253
50,1,50,6400,128,21.72944450378418,21.31363296508789,4.146620750427246,0.11499528586864471,0.001,7.065438270568848
51,1,51,6528,128,17.691532135009766,17.27065086364746,4.200587749481201,0.08213770389556885,0.001,7.207612752914429
52,1,52,6656,128,20.618812561035156,20.219711303710938,3.982658863067627,0.08348343521356583,0.001,7.346942663192749
53,1,53,6784,128,17.556167602539062,17.1262264251709,4.285709857940674,0.1368788480758667,0.001,7.489546537399292
54,1,54,6912,128,17.822229385375977,17.378379821777344,4.430002212524414,0.08482232689857483,0.001,7.6294779777526855
55,1,55,7040,128,16.754613876342773,16.337177276611328,4.163924217224121,0.10441819578409195,0.001,7.7701146602630615
56,1,56,7168,128,18.68514633178711,18.26775360107422,4.16295051574707,0.10976945608854294,0.001,7.910785675048828
57,1,57,7296,128,15.320828437805176,14.941414833068848,3.7819838523864746,0.12153913080692291,0.001,8.051578283309937
58,1,58,7424,128,14.631460189819336,14.233945846557617,3.9675283432006836,0.07611516863107681,0.001,8.191324472427368
59,1,59,7552,128,17.68128776550293,17.28546714782715,3.9486382007598877,0.09569079428911209,0.001,8.329437732696533
60,1,60,7680,128,18.19652557373047,17.81128692626953,3.843001127243042,0.09379816055297852,0.001,8.46963381767273
61,1,61,7808,128,14.906412124633789,14.509003639221191,3.961512327194214,0.1257137656211853,0.001,8.609795331954956
62,1,62,7936,128,17.113739013671875,16.714691162109375,3.979480266571045,0.1100306361913681,0.001,8.74892544746399
63,1,63,8064,128,14.660141944885254,14.267541885375977,3.916374444961548,0.09618867933750153,0.001,8.888063669204712
64,1,64,8192,128,16.842700958251953,16.443193435668945,3.9858288764953613,0.09247977286577225,0.001,9.028035163879395
65,1,65,8320,128,17.48147201538086,17.066997528076172,4.135976314544678,0.08773300051689148,0.001,9.168355226516724
66,1,66,8448,128,17.877704620361328,17.44654655456543,4.302914142608643,0.08661990612745285,0.001,9.308078527450562
67,1,67,8576,128,11.470390319824219,11.075291633605957,3.9412689208984375,0.0972120612859726,0.001,9.44728136062622
68,1,68,8704,128,23.178709030151367,22.75948143005371,4.18570613861084,0.06556782871484756,0.001,9.586979150772095
69,1,69,8832,128,26.056331634521484,25.619077682495117,4.364452362060547,0.08088262379169464,0.001,9.726474523544312
70,1,70,8960,128,17.10831069946289,16.709121704101562,3.9850454330444336,0.06850523501634598,0.001,9.866126775741577
71,1,71,9088,128,20.27027702331543,19.815412521362305,4.539996147155762,0.0863327756524086,0.001,10.00617265701294
72,1,72,9216,128,17.549358367919922,17.053613662719727,4.947968482971191,0.09471657872200012,0.001,10.147229433059692
73,1,73,9344,128,15.623147964477539,15.143341064453125,4.78950834274292,0.08566374331712723,0.001,10.287143468856812
74,1,74,9472,128,18.60856819152832,18.154170989990234,4.535723686218262,0.08245326578617096,0.001,10.426024675369263
75,1,75,9600,128,16.367431640625,15.936830520629883,4.300082683563232,0.05934455245733261,0.001,10.566937923431396
76,1,76,9728,128,17.70270347595215,17.263778686523438,4.381983757019043,0.07262472808361053,0.001,10.70785903930664
77,1,77,9856,128,14.04196548461914,13.587082862854004,4.541086196899414,0.07739755511283875,0.001,10.84819507598877
78,1,78,9984,128,16.895483016967773,16.47231101989746,4.224701404571533,0.07020432502031326,0.001,10.988711833953857
79,1,79,10112,128,16.295669555664062,15.884273529052734,4.107669353485107,0.06293557584285736,0.001,11.129003286361694
80,1,80,10240,128,13.129318237304688,12.715218544006348,4.132195949554443,0.08801807463169098,0.001,11.268503904342651
81,1,81,10368,128,14.745759963989258,14.363017082214355,3.8208508491516113,0.06576657295227051,0.001,11.408551454544067
82,1,82,10496,128,14.000816345214844,13.6072998046875,3.92920184135437,0.05961516126990318,0.001,11.54991865158081
83,1,83,10624,128,17.327640533447266,16.958951950073242,3.6804449558258057,0.06439559161663055,0.001,11.691028118133545
84,1,84,10752,128,15.135430335998535,14.795533180236816,3.388577699661255,0.10392509400844574,0.001,11.830169677734375
85,1,85,10880,128,14.508646965026855,14.148178100585938,3.594710111618042,0.09972292929887772,0.001,11.971138000488281
86,1,86,11008,128,15.324424743652344,14.933648109436035,3.895843982696533,0.11919285356998444,0.001,12.11289668083191
87,1,87,11136,128,13.523218154907227,13.126233100891113,3.962369918823242,0.07474630326032639,0.001,12.252292156219482
88,1,88,11264,128,12.608262062072754,12.229052543640137,3.7861409187316895,0.059483230113983154,0.001,12.392557382583618
89,1,89,11392,128,13.492419242858887,13.097270965576172,3.945054531097412,0.0643191710114479,0.001,12.53392767906189
90,1,90,11520,128,11.60040283203125,11.233945846557617,3.6589391231536865,0.056259945034980774,0.001,12.675681114196777
91,1,91,11648,128,13.800827026367188,13.4107027053833,3.8953967094421387,0.058468420058488846,0.001,12.815667629241943
92,1,92,11776,128,15.635910987854004,15.277630805969238,3.576448678970337,0.06348098814487457,0.001,12.956160545349121
93,1,93,11904,128,15.98382568359375,15.574277877807617,4.089015483856201,0.06466374546289444,0.001,13.09722638130188
94,1,94,12032,128,14.489924430847168,14.111756324768066,3.778263568878174,0.03413371369242668,0.001,13.577804327011108
95,1,95,12160,128,12.008758544921875,11.601639747619629,4.066795349121094,0.044009312987327576,0.001,13.719063997268677
96,1,96,12288,128,13.47658920288086,13.034788131713867,4.4107208251953125,0.07290229946374893,0.001,13.859931707382202
97,1,97,12416,128,13.516800880432129,13.096866607666016,4.194015979766846,0.053329553455114365,0.001,14.001665353775024
98,1,98,12544,128,12.990635871887207,12.561110496520996,4.289518356323242,0.057341597974300385,0.001,14.143547534942627
99,1,99,12672,128,16.39531135559082,15.973196029663086,4.215339660644531,0.05812254920601845,0.001,14.282369613647461
100,1,100,12800,128,12.014354705810547,11.622526168823242,3.9126434326171875,0.0564926415681839,0.001,14.423290491104126
101,1,101,12928,128,14.725149154663086,14.31557846069336,4.087311267852783,0.0839541032910347,0.001,14.565339088439941
102,1,102,13056,128,15.518512725830078,15.132706642150879,3.850480318069458,0.07577524334192276,0.001,14.708454370498657
103,1,103,13184,128,11.042511940002441,10.688791275024414,3.5276896953582764,0.09516196697950363,0.001,14.85226035118103
104,1,104,13312,128,15.729232788085938,15.33051872253418,3.981717348098755,0.05430999770760536,0.001,14.996567964553833
105,1,105,13440,128,12.224846839904785,11.848625183105469,3.7539632320404053,0.0824839398264885,0.001,15.1370530128479
106,1,106,13568,128,10.371849060058594,9.983415603637695,3.878693103790283,0.05648522824048996,0.001,15.276777744293213
107,1,107,13696,128,15.363870620727539,14.975484848022461,3.8782262802124023,0.0562719888985157,0.001,15.416120052337646
108,1,108,13824,128,14.535832405090332,14.119935989379883,4.153445243835449,0.055242691189050674,0.001,15.557101011276245
109,1,109,13952,128,13.064618110656738,12.642717361450195,4.212131977081299,0.0687401220202446,0.001,15.696503639221191
110,1,110,14080,128,12.840749740600586,12.439014434814453,4.009283542633057,0.08063609898090363,0.001,15.838841438293457
111,1,111,14208,128,14.13564682006836,13.73374080657959,4.013774871826172,0.05281688645482063,0.001,15.980926513671875
112,1,112,14336,128,12.681278228759766,12.286904335021973,3.9376204013824463,0.061222441494464874,0.001,16.12373995780945
113,1,113,14464,128,12.14732551574707,11.743109703063965,4.034481048583984,0.0768086314201355,0.001,16.26489281654358
114,1,114,14592,128,13.756050109863281,13.375636100769043,3.79856014251709,0.05576016753911972,0.001,16.407846212387085
115,1,115,14720,128,12.081603050231934,11.717687606811523,3.6294631958007812,0.09692880511283875,0.001,16.550551652908325
116,1,116,14848,128,14.093196868896484,13.710262298583984,3.821176052093506,0.08171556144952774,0.001,16.692866325378418
117,1,117,14976,128,12.102119445800781,11.713871955871582,3.8757083415985107,0.06769201159477234,0.001,16.8335702419281
118,1,118,15104,128,13.195086479187012,12.8184175491333,3.7580342292785645,0.08661302179098129,0.001,16.97538185119629
119,1,119,15232,128,13.970197677612305,13.561070442199707,4.083339214324951,0.07934008538722992,0.001,17.116002321243286
120,1,120,15360,128,14.232831954956055,13.8142671585083,4.1767988204956055,0.08845432102680206,0.001,17.257635354995728
121,1,121,15488,128,13.707426071166992,13.291824340820312,4.149242877960205,0.06771758198738098,0.001,17.398857593536377
122,1,122,15616,128,11.148763656616211,10.732183456420898,4.159210205078125,0.06594392657279968,0.001,17.540425777435303
123,1,123,15744,128,10.604745864868164,10.212939262390137,3.9077847003936768,0.10276784747838974,0.001,17.68123459815979
124,1,124,15872,128,12.625142097473145,12.23282241821289,3.912689685821533,0.10505387932062149,0.001,17.821912050247192
125,1,125,16000,128,12.451828002929688,12.056636810302734,3.9448366165161133,0.07076603174209595,0.001,17.962313175201416
126,1,126,16128,128,12.124449729919434,11.737902641296387,3.854238271713257,0.11236375570297241,0.001,18.103190660476685
127,1,127,16256,128,10.550951957702637,10.163856506347656,3.86086106300354,0.10086120665073395,0.001,18.243305921554565
128,1,128,16384,128,13.992968559265137,13.588528633117676,4.037222385406494,0.07181231677532196,0.001,18.381958961486816
129,1,129,16512,128,14.07167911529541,13.671473503112793,3.9933321475982666,0.08730092644691467,0.001,18.52140212059021
130,1,130,16640,128,13.426504135131836,13.015111923217773,4.104007244110107,0.09916282445192337,0.001,18.661772966384888
131,1,131,16768,128,16.83311653137207,16.424489974975586,4.078512668609619,0.07751809805631638,0.001,18.800708055496216
132,1,132,16896,128,13.128588676452637,12.739975929260254,3.8794829845428467,0.06649113446474075,0.001,18.94062876701355
133,1,133,17024,128,12.604144096374512,12.192771911621094,4.1039719581604,0.09749703854322433,0.001,19.08116912841797
134,1,134,17152,128,11.119383811950684,10.728872299194336,3.8940441608428955,0.1107185035943985,0.001,19.222679615020752
135,1,135,17280,128,11.709965705871582,11.316644668579102,3.925321578979492,0.07890535891056061,0.001,19.36292862892151
136,1,136,17408,128,9.894631385803223,9.497720718383789,3.9626829624176025,0.06427685916423798,0.001,19.50233745574951
137,1,137,17536,128,11.125728607177734,10.735180854797363,3.899380683898926,0.06092554330825806,0.001,19.642391443252563
138,1,138,17664,128,11.325237274169922,10.932611465454102,3.918318033218384,0.07941524684429169,0.001,19.782130479812622
139,1,139,17792,128,13.311132431030273,12.919288635253906,3.9095115661621094,0.08924788981676102,0.001,19.922086477279663
140,1,140,17920,128,10.487482070922852,10.081583976745605,4.049252033233643,0.09731625020503998,0.001,20.063530921936035
141,1,141,18048,128,11.343754768371582,10.93564224243164,4.072884559631348,0.08241447061300278,0.001,20.204747438430786
142,1,142,18176,128,12.327516555786133,11.93659496307373,3.900294780731201,0.08917737752199173,0.001,20.34461236000061
143,1,143,18304,128,12.147571563720703,11.768702507019043,3.7803874015808105,0.08308298140764236,0.001,20.483829021453857
144,1,144,18432,128,12.573461532592773,12.163809776306152,4.082644939422607,0.1387327015399933,0.001,20.624724626541138
145,1,145,18560,128,12.720149040222168,12.337911605834961,3.8150103092193604,0.07359611988067627,0.001,20.763429164886475
146,1,146,18688,128,10.86356258392334,10.507655143737793,3.5456953048706055,0.1338246911764145,0.001,20.902608633041382
147,1,147,18816,128,13.343351364135742,12.94892406463623,3.936520576477051,0.07751389592885971,0.001,21.043030261993408
148,1,148,18944,128,12.84061336517334,12.464938163757324,3.7484874725341797,0.08271048963069916,0.001,21.18233847618103
149,1,149,19072,128,13.50627613067627,13.122811317443848,3.826294422149658,0.08357147872447968,0.001,21.32137417793274
150,1,150,19200,128,11.147801399230957,10.77394962310791,3.7303385734558105,0.08183792233467102,0.001,21.463213205337524
151,1,151,19328,128,12.786215782165527,12.411407470703125,3.7377500534057617,0.10327453166246414,0.001,21.605587244033813
152,1,152,19456,128,13.888640403747559,13.500061988830566,3.876599073410034,0.09186731278896332,0.001,21.74481439590454
153,1,153,19584,128,12.062292098999023,11.67844009399414,3.8294036388397217,0.09118808805942535,0.001,21.884041786193848
154,1,154,19589,5,43.47671890258789,43.13033676147461,3.4599223136901855,0.038922131061553955,0.001,22.01787805557251
155,2,1,19717,128,13.762428283691406,13.317768096923828,4.438857078552246,0.07739274948835373,0.001,23.495222806930542
156,2,2,19845,128,12.080439567565918,11.667521476745605,4.121736526489258,0.07448700070381165,0.001,23.635032653808594
157,2,3,19973,128,11.133515357971191,10.699407577514648,4.333700656890869,0.07378430664539337,0.001,23.773926496505737
158,2,4,20101,128,12.887593269348145,12.447466850280762,4.392745018005371,0.08515515923500061,0.001,23.912459135055542
159,2,5,20229,128,15.537282943725586,15.126296043395996,4.100110054016113,0.09751684218645096,0.001,24.051462650299072
160,2,6,20357,128,10.980860710144043,10.587824821472168,3.9224605560302734,0.07899883389472961,0.001,24.198801040649414
161,2,7,20485,128,10.997974395751953,10.62486743927002,3.7196898460388184,0.11378362029790878,0.001,24.337110996246338
162,2,8,20613,128,12.346121788024902,11.993653297424316,3.512504816055298,0.1217992752790451,0.001,24.48570680618286
163,2,9,20741,128,15.169339179992676,14.810121536254883,3.5820417404174805,0.10136247426271439,0.001,24.6255202293396
164,2,10,20869,128,9.779425621032715,9.416691780090332,3.616689920425415,0.1065259799361229,0.001,24.765716791152954
165,2,11,20997,128,12.07726001739502,11.711814880371094,3.6450929641723633,0.09351254254579544,0.001,24.917136669158936
166,2,12,21125,128,12.254888534545898,11.912561416625977,3.4141781330108643,0.09088703989982605,0.001,25.062970399856567
167,2,13,21253,128,11.561338424682617,11.22457504272461,3.3597166538238525,0.07912479341030121,0.001,25.207119941711426
168,2,14,21381,128,10.837933540344238,10.428182601928711,4.0886383056640625,0.08872934430837631,0.001,25.346898078918457
169,2,15,21509,128,11.949464797973633,11.553155899047852,3.9551403522491455,0.07945793122053146,0.001,25.489055156707764
170,2,16,21637,128,13.953904151916504,13.54334545135498,4.098621368408203,0.06958304345607758,0.001,25.631122827529907
171,2,17,21765,128,8.636432647705078,8.199979782104492,4.357600212097168,0.06923724710941315,0.001,25.77071785926819
172,2,18,21893,128,14.955718994140625,14.544183731079102,4.108428955078125,0.06920654326677322,0.001,25.909424304962158
173,2,19,22021,128,19.606313705444336,19.174381256103516,4.312416076660156,0.06910507380962372,0.001,26.048500299453735
174,2,20,22149,128,11.888996124267578,11.487102508544922,4.0122809410095215,0.0665494054555893,0.001,26.189018487930298
175,2,21,22277,128,11.425093650817871,11.023880958557129,4.003701210021973,0.08422783017158508,0.001,26.32992124557495
176,2,22,22405,128,11.478232383728027,11.105515480041504,3.717050075531006,0.10115465521812439,0.001,26.47282075881958
177,2,23,22533,128,12.76634693145752,12.381817817687988,3.8360612392425537,0.09235580265522003,0.001,26.61561107635498
178,2,24,22661,128,11.20628833770752,10.846030235290527,3.592496633529663,0.10083775967359543,0.001,26.755582332611084
179,2,25,22789,128,12.567498207092285,12.192368507385254,3.7445003986358643,0.06800750643014908,0.001,26.896138191223145
180,2,26,22917,128,13.733708381652832,13.377037048339844,3.556766986846924,0.09948258101940155,0.001,27.037745475769043
181,2,27,23045,128,12.139161109924316,11.751620292663574,3.865549325942993,0.09857460856437683,0.001,27.179171085357666
182,2,28,23173,128,12.285171508789062,11.904583930969238,3.7960143089294434,0.09860289096832275,0.001,27.320366382598877
183,2,29,23301,128,11.607101440429688,11.246281623840332,3.595370292663574,0.12824447453022003,0.001,27.462785243988037
184,2,30,23429,128,11.562435150146484,11.202478408813477,3.587059259414673,0.12508606910705566,0.001,27.604506492614746
185,2,31,23557,128,17.40531349182129,17.034025192260742,3.7016894817352295,0.11200804263353348,0.001,27.74366855621338
186,2,32,23685,128,15.26156997680664,14.898505210876465,3.6201395988464355,0.1051093190908432,0.001,27.882292985916138
187,2,33,23813,128,12.300085067749023,11.916912078857422,3.822279930114746,0.09452918916940689,0.001,28.027573823928833
188,2,34,23941,128,11.438267707824707,11.061408996582031,3.761822462081909,0.06766308844089508,0.001,28.170279264450073
189,2,35,24069,128,15.624902725219727,15.202939987182617,4.211404800415039,0.08222959190607071,0.001,28.31088924407959
190,2,36,24197,128,13.66202163696289,13.247758865356445,4.135987758636475,0.06634083390235901,0.001,28.45089101791382
191,2,37,24325,128,11.621898651123047,11.19017505645752,4.308349132537842,0.08892432600259781,0.001,28.59208369255066
192,2,38,24453,128,10.921431541442871,10.512141227722168,4.085195541381836,0.07706685364246368,0.001,28.735140323638916
193,2,39,24581,128,11.494792938232422,11.105836868286133,3.879110097885132,0.10449046641588211,0.001,28.870033025741577
194,2,40,24709,128,11.293716430664062,10.881360054016113,4.112645626068115,0.10920067876577377,0.001,29.00626230239868
195,2,41,24837,128,11.199430465698242,10.832388877868652,3.6622631549835205,0.08154124021530151,0.001,29.14651131629944
196,2,42,24965,128,13.045759201049805,12.677388191223145,3.6760363578796387,0.07680618762969971,0.001,29.289352893829346
197,2,43,25093,128,11.640009880065918,11.25655460357666,3.8246452808380127,0.09912856668233871,0.001,29.428861618041992
198,2,44,25221,128,8.97628402709961,8.61362075805664,3.617875814437866,0.08758584409952164,0.001,29.56899666786194
199,2,45,25349,128,11.236200332641602,10.850448608398438,3.8485283851623535,0.08997362107038498,0.001,29.709141492843628
200,2,46,25477,128,12.382735252380371,11.970266342163086,4.112336158752441,0.12347674369812012,0.001,29.84930729866028
201,2,47,25605,128,12.075992584228516,11.654207229614258,4.209907531738281,0.07946541905403137,0.001,29.99066972732544
202,2,48,25733,128,11.312918663024902,10.89596176147461,4.161869049072266,0.07699153572320938,0.001,30.132845640182495
203,2,49,25861,128,13.527979850769043,13.12651252746582,4.005610942840576,0.09058786183595657,0.001,30.273204803466797
204,2,50,25989,128,12.751127243041992,12.324828147888184,4.251903533935547,0.11088213324546814,0.001,30.41198420524597
205,2,51,26117,128,14.225367546081543,13.79952335357666,4.251033782958984,0.0741349458694458,0.001,30.551974058151245
206,2,52,26245,128,10.135176658630371,9.728116989135742,4.0631561279296875,0.07441768795251846,0.001,30.69236969947815
207,2,53,26373,128,9.151805877685547,8.765265464782715,3.853088855743408,0.12308567762374878,0.001,30.83162784576416
208,2,54,26501,128,14.0709867477417,13.723467826843262,3.462985038757324,0.12210001796483994,0.001,30.972508907318115
209,2,55,26629,128,12.306931495666504,11.968505859375,3.3714733123779297,0.12780188024044037,0.001,31.112622499465942
210,2,56,26757,128,11.44393253326416,11.10555362701416,3.3710458278656006,0.12737971544265747,0.001,31.251916885375977
211,2,57,26885,128,11.086078643798828,10.743926048278809,3.4099934101104736,0.11530213803052902,0.001,31.392848014831543
212,2,58,27013,128,11.821595191955566,11.459028244018555,3.613668441772461,0.11997786909341812,0.001,31.534366846084595
213,2,59,27141,128,10.494403839111328,10.123697280883789,3.6977040767669678,0.09361181408166885,0.001,31.675985097885132
214,2,60,27269,128,9.996475219726562,9.569812774658203,4.259924411773682,0.0670267641544342,0.001,31.820160150527954
215,2,61,27397,128,10.546098709106445,10.145471572875977,3.9951863288879395,0.11080347001552582,0.001,31.970762729644775
216,2,62,27525,128,14.209033012390137,13.783370018005371,4.247446060180664,0.09181201457977295,0.001,32.11176586151123
217,2,63,27653,128,10.560164451599121,10.134356498718262,4.245795249938965,0.1228744313120842,0.001,32.252129554748535
218,2,64,27781,128,11.133543014526367,10.720076560974121,4.126850128173828,0.07810921221971512,0.001,32.39340853691101
219,2,65,27909,128,11.135461807250977,10.745978355407715,3.8882012367248535,0.06636355072259903,0.001,32.53547120094299
220,2,66,28037,128,14.261198043823242,13.871517181396484,3.890018939971924,0.06791622936725616,0.001,32.67708110809326
221,2,67,28165,128,12.110858917236328,11.713096618652344,3.968142509460449,0.09476755559444427,0.001,32.817699909210205
222,2,68,28293,128,10.995356559753418,10.599801063537598,3.94624662399292,0.09309400618076324,0.001,32.96068334579468
223,2,69,28421,128,17.330169677734375,16.97442054748535,3.547677516937256,0.09828124940395355,0.001,33.10197639465332
224,2,70,28549,128,18.51446533203125,18.15245819091797,3.6097123622894287,0.10360757261514664,0.001,33.241594076156616
225,2,71,28677,128,17.253034591674805,16.912288665771484,3.3965535163879395,0.1090540885925293,0.001,33.38066101074219
226,2,72,28805,128,14.82114315032959,14.459122657775879,3.6092913150787354,0.10913732647895813,0.001,33.52099084854126
227,2,73,28933,128,8.328948020935059,7.96837043762207,3.597728729248047,0.08051858097314835,0.001,33.66190528869629
228,2,74,29061,128,11.47108268737793,11.093473434448242,3.770113468170166,0.0598023384809494,0.001,33.80241799354553
229,2,75,29189,128,15.455698013305664,15.076713562011719,3.7803122997283936,0.09535617381334305,0.001,33.9419207572937
230,2,76,29317,128,12.972249031066895,12.58471393585205,3.8656747341156006,0.09683263301849365,0.001,34.08250093460083
231,2,77,29445,128,13.897823333740234,13.51518440246582,3.8199615478515625,0.06431461870670319,0.001,34.22239947319031
232,2,78,29573,128,13.24588394165039,12.840376853942871,4.045819282531738,0.09253314882516861,0.001,34.361783266067505
233,2,79,29701,128,11.411181449890137,10.979182243347168,4.312191963195801,0.07798509299755096,0.001,34.50094199180603
234,2,80,29829,128,10.594009399414062,10.178936958312988,4.142829418182373,0.07900194078683853,0.001,34.64159154891968
235,2,81,29957,128,12.39509105682373,11.975347518920898,4.187504291534424,0.09923554956912994,0.001,34.78106164932251
236,2,82,30085,128,11.420071601867676,11.023253440856934,3.9605932235717773,0.07589388638734818,0.001,34.92188835144043
237,2,83,30213,128,10.045123100280762,9.629507064819336,4.149923801422119,0.06234666705131531,0.001,35.062294721603394
238,2,84,30341,128,10.147239685058594,9.763038635253906,3.8369266986846924,0.05085640773177147,0.001,35.2046103477478
239,2,85,30469,128,10.361176490783691,9.985596656799316,3.747044801712036,0.08751039952039719,0.001,35.34480595588684
240,2,86,30597,128,8.701923370361328,8.363731384277344,3.3649370670318604,0.16982339322566986,0.001,35.48548460006714
241,2,87,30725,128,8.807847023010254,8.469141006469727,3.37908673286438,0.07972673326730728,0.001,35.62829852104187
242,2,88,30853,128,11.540042877197266,11.181035041809082,3.581517219543457,0.0856238380074501,0.001,35.769081354141235
243,2,89,30981,128,10.27865982055664,9.907066345214844,3.708573818206787,0.07358022779226303,0.001,35.909873485565186
244,2,90,31109,128,12.685026168823242,12.302545547485352,3.8149070739746094,0.0990116074681282,0.001,36.05200529098511
245,2,91,31237,128,9.174752235412598,8.821346282958984,3.5197858810424805,0.14276696741580963,0.001,36.1931209564209
246,2,92,31365,128,9.84290885925293,9.492071151733398,3.4988231658935547,0.0955413430929184,0.001,36.33299922943115
247,2,93,31493,128,9.86319351196289,9.4946870803833,3.673529624938965,0.11537840217351913,0.001,36.47497344017029
248,2,94,31621,128,11.828901290893555,11.425872802734375,4.01969051361084,0.10599090158939362,0.001,36.61561989784241
249,2,95,31749,128,12.32890796661377,11.92318344116211,4.048010349273682,0.09233036637306213,0.001,36.756239891052246
250,2,96,31877,128,13.30077838897705,12.875127792358398,4.246338844299316,0.10164480656385422,0.001,36.89729404449463
251,2,97,32005,128,12.133604049682617,11.712158203125,4.206979751586914,0.07472516596317291,0.001,37.03846311569214
252,2,98,32133,128,14.138497352600098,13.736724853515625,4.008583068847656,0.09148260951042175,0.001,37.178537130355835
253,2,99,32261,128,13.2321195602417,12.801140785217285,4.300450801849365,0.09340206533670425,0.001,37.317537784576416
254,2,100,32389,128,11.404312133789062,10.97729206085205,4.262454509735107,0.0774664357304573,0.001,37.457305669784546
255,2,101,32517,128,9.483214378356934,9.08477783203125,3.9740123748779297,0.10356934368610382,0.001,37.59721255302429
256,2,102,32645,128,9.092966079711914,8.693635940551758,3.9850263595581055,0.08276433497667313,0.001,37.737509965896606
257,2,103,32773,128,11.693894386291504,11.279117584228516,4.140146255493164,0.07621452212333679,0.001,37.87827229499817
258,2,104,32901,128,10.349308013916016,9.967723846435547,3.8078832626342773,0.07948985695838928,0.001,38.02003049850464
259,2,105,33029,128,9.760929107666016,9.375240325927734,3.847400665283203,0.09485123306512833,0.001,38.161194801330566
260,2,106,33157,128,11.778440475463867,11.386651992797852,3.9074995517730713,0.10384692251682281,0.001,38.3019700050354
261,2,107,33285,128,9.108707427978516,8.732325553894043,3.755359649658203,0.08455106616020203,0.001,38.44143199920654
262,2,108,33413,128,11.530145645141602,11.12094497680664,4.083734512329102,0.08266711980104446,0.001,38.58289170265198
263,2,109,33541,128,11.81454086303711,11.39433765411377,4.192306041717529,0.0972880944609642,0.001,38.724623680114746
264,2,110,33669,128,12.31260871887207,11.906697273254395,4.051067352294922,0.08050843328237534,0.001,38.86576247215271
265,2,111,33797,128,10.401336669921875,10.018603324890137,3.8173060417175293,0.10021214932203293,0.001,39.00706601142883
266,2,112,33925,128,8.538328170776367,8.156142234802246,3.8144683837890625,0.07392559200525284,0.001,39.14997124671936
267,2,113,34053,128,11.781037330627441,11.381329536437988,3.9860198497772217,0.11064549535512924,0.001,39.28991723060608
268,2,114,34181,128,10.255148887634277,9.883185386657715,3.7092466354370117,0.10384447127580643,0.001,39.43009686470032
269,2,115,34309,128,9.236475944519043,8.876253128051758,3.5916948318481445,0.10538995265960693,0.001,39.56961679458618
270,2,116,34437,128,11.014761924743652,10.638813972473145,3.7499752044677734,0.09504169970750809,0.001,39.7100670337677
271,2,117,34565,128,11.745868682861328,11.364855766296387,3.7987866401672363,0.11339978873729706,0.001,39.85004997253418
272,2,118,34693,128,9.912446022033691,9.520413398742676,3.912750482559204,0.07567425817251205,0.001,39.990681171417236
273,2,119,34821,128,13.336568832397461,12.925779342651367,4.099996089935303,0.07896502315998077,0.001,40.131434202194214
274,2,120,34949,128,10.766606330871582,10.341021537780762,4.248545169830322,0.07307349145412445,0.001,40.27190160751343
275,2,121,35077,128,9.858362197875977,9.446696281433105,4.108755588531494,0.07908845692873001,0.001,40.411715030670166
276,2,122,35205,128,11.688814163208008,11.290386199951172,3.977532148361206,0.06756549328565598,0.001,40.552117347717285
277,2,123,35333,128,9.954668998718262,9.563556671142578,3.90321683883667,0.07902247458696365,0.001,40.69179344177246
278,2,124,35461,128,11.325965881347656,10.923852920532227,4.014510631561279,0.06620996445417404,0.001,40.831624031066895
279,2,125,35589,128,10.960564613342285,10.53368091583252,4.259768486022949,0.09071914106607437,0.001,40.972575664520264
280,2,126,35717,128,16.95619010925293,16.565183639526367,3.9024713039398193,0.075947605073452,0.001,41.11267066001892
281,2,127,35845,128,12.333577156066895,11.964652061462402,3.680591344833374,0.08655069023370743,0.001,41.25207328796387
282,2,128,35973,128,10.31063461303711,9.925466537475586,3.843708038330078,0.07973161339759827,0.001,41.395421743392944
283,2,129,36101,128,10.052437782287598,9.679488182067871,3.7189979553222656,0.10503026843070984,0.001,41.53890657424927
284,2,130,36229,128,9.793639183044434,9.414053916931152,3.7866735458374023,0.09187551587820053,0.001,41.68122696876526
285,2,131,36357,128,10.871064186096191,10.493062019348145,3.770076274871826,0.09947317093610764,0.001,41.82264304161072
286,2,132,36485,128,8.10654067993164,7.720850467681885,3.8477227687835693,0.09184751659631729,0.001,41.963825941085815
287,2,133,36613,128,8.806293487548828,8.412629127502441,3.9267377853393555,0.09906064718961716,0.001,42.10437989234924
288,2,134,36741,128,9.687207221984863,9.318284034729004,3.6796672344207764,0.09563561528921127,0.001,42.2438063621521
289,2,135,36869,128,8.0476713180542,7.670328617095947,3.7650485038757324,0.08381824195384979,0.001,42.38323783874512
290,2,136,36997,128,12.877909660339355,12.496683120727539,3.8027377128601074,0.09526080638170242,0.001,42.524537563323975
291,2,137,37125,128,8.640933990478516,8.26450252532959,3.75630784034729,0.080104298889637,0.001,42.66920065879822
292,2,138,37253,128,7.854962348937988,7.495395660400391,3.584923028945923,0.10743856430053711,0.001,42.81031584739685
293,2,139,37381,128,9.234390258789062,8.858927726745605,3.7460217475891113,0.08602258563041687,0.001,42.950570821762085
294,2,140,37509,128,10.431421279907227,10.018330574035645,4.120248794555664,0.1066255271434784,0.001,43.09139347076416
295,2,141,37637,128,9.628744125366211,9.267087936401367,3.6061160564422607,0.10445301979780197,0.001,43.23785877227783
296,2,142,37765,128,9.225631713867188,8.836944580078125,3.8732500076293945,0.1361512392759323,0.001,43.379185914993286
297,2,143,37893,128,11.307124137878418,10.931238174438477,3.7468156814575195,0.12044836580753326,0.001,43.52096629142761
298,2,144,38021,128,9.251106262207031,8.889424324035645,3.6079111099243164,0.08902591466903687,0.001,43.66234636306763
299,2,145,38149,128,11.234347343444824,10.838237762451172,3.9479026794433594,0.13189515471458435,0.001,43.802968978881836
300,2,146,38277,128,9.722269058227539,9.339049339294434,3.8236072063446045,0.0859687402844429,0.001,43.94345831871033
301,2,147,38405,128,11.023123741149902,10.62562370300293,3.965151309967041,0.0984833762049675,0.001,44.08504366874695
302,2,148,38533,128,9.953547477722168,9.544026374816895,4.08421516418457,0.10995161533355713,0.001,44.227036476135254
303,2,149,38661,128,10.3621187210083,9.934318542480469,4.267768859863281,0.10232772678136826,0.001,44.36774277687073
304,2,150,38789,128,13.234637260437012,12.796106338500977,4.37749719619751,0.07811689376831055,0.001,44.5081512928009
305,2,151,38917,128,7.6178669929504395,7.228494167327881,3.885244131088257,0.08484773337841034,0.001,44.650235414505005
306,2,152,39045,128,12.224136352539062,11.843671798706055,3.7955710887908936,0.09074722230434418,0.001,44.790977001190186
307,2,153,39173,128,11.967314720153809,11.586617469787598,3.797074556350708,0.09900015592575073,0.001,44.9326856136322
308,2,154,39178,5,7.514674186706543,7.114242076873779,3.9965884685516357,0.07732179015874863,0.001,45.06944561004639
309,3,1,39306,128,10.990472793579102,10.636434555053711,3.5317628383636475,0.086211659014225,0.001,46.56991386413574
310,3,2,39434,128,10.650019645690918,10.28893756866455,3.6013383865356445,0.09476514905691147,0.001,46.7130286693573
311,3,3,39562,128,12.521306991577148,12.13357925415039,3.8696694374084473,0.07607314735651016,0.001,46.855913162231445
312,3,4,39690,128,13.91049575805664,13.541716575622559,3.6788101196289062,0.08983073383569717,0.001,46.99622559547424
313,3,5,39818,128,11.414380073547363,11.005182266235352,4.07917594909668,0.12797455489635468,0.001,47.13793992996216
314,3,6,39946,128,10.237286567687988,9.809843063354492,4.265179634094238,0.09256348758935928,0.001,47.279866456985474
315,3,7,40074,128,10.315707206726074,9.938091278076172,3.767784357070923,0.08373699337244034,0.001,47.42225646972656
316,3,8,40202,128,9.056720733642578,8.667243957519531,3.8866496086120605,0.08115102350711823,0.001,47.56433653831482
317,3,9,40330,128,11.813974380493164,11.42625904083252,3.8669188022613525,0.10236293822526932,0.001,47.70870876312256
318,3,10,40458,128,8.375855445861816,7.990785121917725,3.842296600341797,0.08402307331562042,0.001,48.196995973587036
319,3,11,40586,128,10.132019996643066,9.756722450256348,3.741978645324707,0.10995542258024216,0.001,48.340776205062866
320,3,12,40714,128,9.50997257232666,9.14853286743164,3.603264093399048,0.11127179861068726,0.001,48.48382520675659
321,3,13,40842,128,10.848072052001953,10.481889724731445,3.6515324115753174,0.10287687182426453,0.001,48.63051176071167
322,3,14,40970,128,8.882150650024414,8.498418807983398,3.828592538833618,0.08724207431077957,0.001,48.774959564208984
323,3,15,41098,128,9.328672409057617,8.955284118652344,3.725320339202881,0.08568482100963593,0.001,48.916141986846924
324,3,16,41226,128,10.757624626159668,10.375045776367188,3.8170454502105713,0.08743728697299957,0.001,49.05881071090698
325,3,17,41354,128,8.414641380310059,8.026862144470215,3.8697521686553955,0.08040325343608856,0.001,49.19948077201843
326,3,18,41482,128,12.024222373962402,11.631600379943848,3.9146294593811035,0.11587909609079361,0.001,49.34046769142151
327,3,19,41610,128,7.939513206481934,7.582492351531982,3.5607669353485107,0.09442688524723053,0.001,49.48302698135376
328,3,20,41738,128,8.684956550598145,8.291939735412598,3.9214677810668945,0.08700191229581833,0.001,49.63848400115967
329,3,21,41866,128,9.056634902954102,8.675267219543457,3.805373191833496,0.08307719230651855,0.001,49.78052520751953
330,3,22,41994,128,10.261366844177246,9.875321388244629,3.85082745552063,0.09624076634645462,0.001,49.92689633369446
331,3,23,42122,128,8.226237297058105,7.84818696975708,3.7722673416137695,0.08242270350456238,0.001,50.0688579082489
332,3,24,42250,128,10.600499153137207,10.201354026794434,3.982203960418701,0.09250766783952713,0.001,50.21243166923523
333,3,25,42378,128,11.59103775024414,11.172891616821289,4.171201229095459,0.1026189997792244,0.001,50.3540723323822
334,3,26,42506,128,12.517024993896484,12.095726013183594,4.203550815582275,0.09440280497074127,0.001,50.49350881576538
335,3,27,42634,128,8.89306640625,8.51433277130127,3.7771828174591064,0.1015789806842804,0.001,50.636258363723755
336,3,28,42762,128,13.455276489257812,13.08603286743164,3.685089588165283,0.07339195907115936,0.001,50.780616998672485
337,3,29,42890,128,12.787161827087402,12.435606002807617,3.504488945007324,0.11072394251823425,0.001,50.92128658294678
338,3,30,43018,128,9.208702087402344,8.846906661987305,3.609663963317871,0.08286899328231812,0.001,51.0610830783844
339,3,31,43146,128,11.178303718566895,10.800907135009766,3.76511812210083,0.08848369121551514,0.001,51.204097032547
340,3,32,43274,128,8.877363204956055,8.47713565826416,3.990845203399658,0.11437607556581497,0.001,51.34540319442749
341,3,33,43402,128,11.394122123718262,10.989089012145996,4.041430473327637,0.08897776156663895,0.001,51.49366760253906
342,3,34,43530,128,11.071845054626465,10.676058769226074,3.9470479488372803,0.10810918360948563,0.001,51.63725304603577
343,3,35,43658,128,8.238409042358398,7.8301849365234375,4.074670314788818,0.07567576318979263,0.001,51.78660321235657
344,3,36,43786,128,10.6549072265625,10.263998985290527,3.9020485877990723,0.07042599469423294,0.001,51.9309561252594
345,3,37,43914,128,10.251297950744629,9.853080749511719,3.9713566303253174,0.10814498364925385,0.001,52.07257533073425
346,3,38,44042,128,10.556769371032715,10.18737506866455,3.683126211166382,0.1081852912902832,0.001,52.212342500686646
347,3,39,44170,128,10.304553031921387,9.937515258789062,3.660611391067505,0.09763510525226593,0.001,52.34889531135559
348,3,40,44298,128,8.22595500946045,7.873243808746338,3.516120433807373,0.10991275310516357,0.001,52.49249267578125
349,3,41,44426,128,10.636750221252441,10.257528305053711,3.779606819152832,0.12615357339382172,0.001,52.633447885513306
350,3,42,44554,128,11.336128234863281,10.963053703308105,3.7213103771209717,0.09430314600467682,0.001,52.777161598205566
351,3,43,44682,128,9.890082359313965,9.49099063873291,3.9819633960723877,0.0895271748304367,0.001,52.92038917541504
352,3,44,44810,128,10.330412864685059,9.94802474975586,3.8138954639434814,0.09989439696073532,0.001,53.061126947402954
353,3,45,44938,128,11.114933967590332,10.711244583129883,4.02553129196167,0.11362120509147644,0.001,53.20265507698059
354,3,46,45066,128,9.587079048156738,9.177581787109375,4.085597515106201,0.09372282028198242,0.001,53.3438925743103
355,3,47,45194,128,10.960922241210938,10.545976638793945,4.140681266784668,0.08775554597377777,0.001,53.484691858291626
356,3,48,45322,128,8.987077713012695,8.60637092590332,3.7981371879577637,0.08926644921302795,0.001,53.62734889984131
357,3,49,45450,128,10.390963554382324,10.018406867980957,3.7156291007995605,0.09938882291316986,0.001,53.76650786399841
358,3,50,45578,128,8.322184562683105,7.964136123657227,3.5662825107574463,0.14196909964084625,0.001,53.90781855583191
359,3,51,45706,128,8.712203979492188,8.352587699890137,3.5868632793426514,0.09297128766775131,0.001,54.048269748687744
360,3,52,45834,128,10.07535457611084,9.727827072143555,3.463780641555786,0.11495772004127502,0.001,54.1914918422699
361,3,53,45962,128,12.782597541809082,12.390039443969727,3.916559934616089,0.09019669145345688,0.001,54.33201885223389
362,3,54,46090,128,7.266611576080322,6.912394046783447,3.5324156284332275,0.09759704023599625,0.001,54.476248025894165
363,3,55,46218,128,6.882604122161865,6.46511697769165,4.165663242340088,0.0920967385172844,0.001,54.61731553077698
364,3,56,46346,128,10.415857315063477,9.982282638549805,4.32673454284668,0.090094193816185,0.001,54.75850296020508
365,3,57,46474,128,10.949262619018555,10.533123016357422,4.151952743530273,0.09445793181657791,0.001,54.90015244483948
366,3,58,46602,128,10.416208267211914,10.004776000976562,4.103604793548584,0.10717437416315079,0.001,55.045358180999756
367,3,59,46730,128,8.133617401123047,7.742342472076416,3.905386209487915,0.07359509915113449,0.001,55.1879448890686
368,3,60,46858,128,7.507626056671143,7.151353359222412,3.551624059677124,0.11102095991373062,0.001,55.32924246788025
369,3,61,46986,128,11.350166320800781,10.968389511108398,3.8065788745880127,0.11182621866464615,0.001,55.47292947769165
370,3,62,47114,128,8.330336570739746,7.944887638092041,3.840940237045288,0.13551582396030426,0.001,55.61601424217224
371,3,63,47242,128,11.87733268737793,11.514275550842285,3.619661808013916,0.1090998649597168,0.001,55.75733423233032
372,3,64,47370,128,10.191162109375,9.809709548950195,3.8018858432769775,0.12635573744773865,0.001,55.897406816482544
373,3,65,47498,128,9.553053855895996,9.15650749206543,3.956899642944336,0.08564560115337372,0.001,56.03712797164917
374,3,66,47626,128,7.385392189025879,7.015520095825195,3.687910318374634,0.10810116678476334,0.001,56.179370641708374
375,3,67,47754,128,9.692963600158691,9.325922012329102,3.659698486328125,0.10716278105974197,0.001,56.3197500705719
376,3,68,47882,128,11.505891799926758,11.115880012512207,3.8906521797180176,0.09470628201961517,0.001,56.462738275527954
377,3,69,48010,128,8.624128341674805,8.208220481872559,4.150925636291504,0.08154962956905365,0.001,56.60282897949219
378,3,70,48138,128,9.339591979980469,8.962347030639648,3.7629058361053467,0.09545519948005676,0.001,56.742913246154785
379,3,71,48266,128,10.033642768859863,9.63046646118164,4.02094030380249,0.10823188722133636,0.001,56.8814811706543
380,3,72,48394,128,9.683281898498535,9.304601669311523,3.7759621143341064,0.10845836251974106,0.001,57.02210354804993
381,3,73,48522,128,11.49575424194336,11.122843742370605,3.7187488079071045,0.10357785224914551,0.001,57.163989305496216
382,3,74,48650,128,10.018261909484863,9.625831604003906,3.914381742477417,0.09920059889554977,0.001,57.30578589439392
383,3,75,48778,128,9.993979454040527,9.619081497192383,3.74088978767395,0.08091743290424347,0.001,57.44747805595398
384,3,76,48906,128,10.961499214172363,10.516678810119629,4.437690734863281,0.10508255660533905,0.001,57.58942413330078
385,3,77,49034,128,11.547364234924316,11.155696868896484,3.905444860458374,0.11226337403059006,0.001,57.73074293136597
386,3,78,49162,128,9.644418716430664,9.25037956237793,3.9304685592651367,0.09917483478784561,0.001,57.871461391448975
387,3,79,49290,128,7.759424209594727,7.3919806480407715,3.663722515106201,0.10713233798742294,0.001,58.011980056762695
388,3,80,49418,128,8.864531517028809,8.499110221862793,3.6411759853363037,0.13033580780029297,0.001,58.15393781661987
389,3,81,49546,128,12.814070701599121,12.461687088012695,3.5117363929748535,0.12103385478258133,0.001,58.29393410682678
390,3,82,49674,128,7.671266078948975,7.310362339019775,3.598886013031006,0.10151755809783936,0.001,58.43466544151306
391,3,83,49802,128,9.071571350097656,8.677332878112793,3.9313876628875732,0.10997068136930466,0.001,58.5766921043396
392,3,84,49930,128,12.4609375,12.05920124053955,4.006302356719971,0.11064710468053818,0.001,58.72379541397095
393,3,85,50058,128,9.411452293395996,9.004594802856445,4.058004856109619,0.10563936084508896,0.001,58.86422371864319
394,3,86,50186,128,8.019186973571777,7.659399509429932,3.5907866954803467,0.07081859558820724,0.001,59.006043434143066
395,3,87,50314,128,9.001032829284668,8.617549896240234,3.8265554904937744,0.08280805498361588,0.001,59.14640712738037
396,3,88,50442,128,7.823655128479004,7.455078601837158,3.676210880279541,0.09554727375507355,0.001,59.28634238243103
397,3,89,50570,128,10.381525039672852,9.98216438293457,3.9785051345825195,0.15103159844875336,0.001,59.426368713378906
398,3,90,50698,128,9.082104682922363,8.68215274810791,3.9886608123779297,0.1086413636803627,0.001,59.566248416900635
399,3,91,50826,128,9.124512672424316,8.703434944152832,4.19981575012207,0.10956060141324997,0.001,59.70607352256775
400,3,92,50954,128,7.245650768280029,6.854257583618164,3.903005838394165,0.10923811048269272,0.001,59.84509611129761
401,3,93,51082,128,8.499591827392578,8.128177642822266,3.7033400535583496,0.10800699144601822,0.001,59.984403133392334
402,3,94,51210,128,8.869598388671875,8.484976768493652,3.8372561931610107,0.08964195102453232,0.001,60.1256685256958
403,3,95,51338,128,9.508340835571289,9.139287948608398,3.678616762161255,0.11910005658864975,0.001,60.26448917388916
404,3,96,51466,128,8.002791404724121,7.662397861480713,3.3927080631256104,0.11220399290323257,0.001,60.40374422073364
405,3,97,51594,128,9.410741806030273,9.017522811889648,3.921189546585083,0.1099325567483902,0.001,60.542901039123535
406,3,98,51722,128,11.490394592285156,11.097944259643555,3.916487693786621,0.0800778865814209,0.001,60.68242287635803
407,3,99,51850,128,9.093594551086426,8.715861320495605,3.7672436237335205,0.1008710041642189,0.001,60.8225257396698
408,3,100,51978,128,7.6038432121276855,7.192660331726074,4.1015472412109375,0.1027875617146492,0.001,60.962223529815674
409,3,101,52106,128,10.756426811218262,10.368223190307617,3.8726582527160645,0.09377048164606094,0.001,61.10391616821289
410,3,102,52234,128,7.644664287567139,7.2732625007629395,3.7035701274871826,0.10446424037218094,0.001,61.244187116622925
411,3,103,52362,128,8.311931610107422,7.93611478805542,3.745767116546631,0.12396453320980072,0.001,61.38582968711853
412,3,104,52490,128,9.02163314819336,8.661455154418945,3.590874671936035,0.1090584546327591,0.001,61.532394886016846
413,3,105,52618,128,9.196625709533691,8.812753677368164,3.8270347118377686,0.1168634295463562,0.001,61.67435646057129
414,3,106,52746,128,8.959439277648926,8.605829238891602,3.524945020675659,0.11159051954746246,0.001,61.81479859352112
415,3,107,52874,128,6.759350299835205,6.384592056274414,3.73736572265625,0.10216246545314789,0.001,61.95531749725342
416,3,108,53002,128,11.132436752319336,10.762454986572266,3.6893413066864014,0.10483595728874207,0.001,62.09868121147156
417,3,109,53130,128,8.404363632202148,8.006451606750488,3.9684829711914062,0.10634481906890869,0.001,62.24170994758606
418,3,110,53258,128,10.637170791625977,10.22907829284668,4.069207668304443,0.1172218844294548,0.001,62.381136894226074
419,3,111,53386,128,10.610380172729492,10.201902389526367,4.073459148406982,0.11320529878139496,0.001,62.52396512031555
420,3,112,53514,128,9.393477439880371,9.008106231689453,3.84468150138855,0.09032172709703445,0.001,62.66873908042908
421,3,113,53642,128,10.673617362976074,10.298385620117188,3.7435197830200195,0.0880507379770279,0.001,62.81032681465149
422,3,114,53770,128,8.913634300231934,8.518091201782227,3.9474034309387207,0.08026443421840668,0.001,62.951415061950684
423,3,115,53898,128,11.038217544555664,10.636616706848145,4.006276607513428,0.09730660915374756,0.001,63.09325838088989
424,3,116,54026,128,8.811450004577637,8.430635452270508,3.796067953109741,0.1207035481929779,0.001,63.23445272445679
425,3,117,54154,128,8.588417053222656,8.202750205993652,3.8476693630218506,0.08998105674982071,0.001,63.37387132644653
426,3,118,54282,128,9.457855224609375,9.0696439743042,3.873936176300049,0.08174782246351242,0.001,63.514530658721924
427,3,119,54410,128,8.915582656860352,8.5374174118042,3.7709176540374756,0.10739471018314362,0.001,63.65668344497681
428,3,120,54538,128,11.179612159729004,10.774080276489258,4.047548770904541,0.07775203883647919,0.001,63.79691791534424
429,3,121,54666,128,7.74643087387085,7.335804462432861,4.096409320831299,0.09854570031166077,0.001,63.937520027160645
430,3,122,54794,128,9.702654838562012,9.312747955322266,3.891052722930908,0.08021574467420578,0.001,64.07869267463684
431,3,123,54922,128,10.441899299621582,10.03973388671875,4.012067794799805,0.09586682915687561,0.001,64.22059845924377
432,3,124,55050,128,9.96713638305664,9.583648681640625,3.8253135681152344,0.09565974771976471,0.001,64.36196255683899
433,3,125,55178,128,10.477916717529297,10.109535217285156,3.6740081310272217,0.09801726788282394,0.001,64.5008111000061
434,3,126,55306,128,9.794373512268066,9.441426277160645,3.5193448066711426,0.10127009451389313,0.001,64.64077591896057
435,3,127,55434,128,9.244545936584473,8.869895935058594,3.7369983196258545,0.09493950009346008,0.001,64.77984428405762
436,3,128,55562,128,9.19631576538086,8.825575828552246,3.6965062618255615,0.10894054174423218,0.001,64.92006421089172
437,3,129,55690,128,7.315260410308838,6.929064750671387,3.8502726554870605,0.11682061851024628,0.001,65.061354637146
438,3,130,55818,128,10.02135944366455,9.633152961730957,3.872988224029541,0.09080169349908829,0.001,65.20325756072998
439,3,131,55946,128,10.348055839538574,9.932689666748047,4.143161296844482,0.1050429716706276,0.001,65.34294176101685
440,3,132,56074,128,9.737691879272461,9.316829681396484,4.198746681213379,0.09882093220949173,0.001,65.48298621177673
441,3,133,56202,128,6.73061466217041,6.318730354309082,4.109502792358398,0.09341533482074738,0.001,65.62413024902344
442,3,134,56330,128,9.378183364868164,9.006270408630371,3.7088520526885986,0.10281795263290405,0.001,65.76414513587952
443,3,135,56458,128,10.673136711120605,10.313597679138184,3.585299015045166,0.10090402513742447,0.001,65.9044668674469
444,3,136,56586,128,8.557333946228027,8.2033052444458,3.525481700897217,0.14803841710090637,0.001,66.04559373855591
445,3,137,56714,128,9.525728225708008,9.176578521728516,3.4785826206207275,0.1291193813085556,0.001,66.18768167495728
446,3,138,56842,128,9.443095207214355,9.074647903442383,3.6751976013183594,0.0928342193365097,0.001,66.3282859325409
447,3,139,56970,128,10.912715911865234,10.514921188354492,3.967410087585449,0.1053810566663742,0.001,66.47080779075623
448,3,140,57098,128,10.53649616241455,10.13351058959961,4.0229105949401855,0.06939303129911423,0.001,66.61259818077087
449,3,141,57226,128,9.58686637878418,9.170358657836914,4.1567912101745605,0.0829002633690834,0.001,66.75455713272095
450,3,142,57354,128,9.449385643005371,9.025903701782227,4.227085590362549,0.07738793641328812,0.001,66.89377284049988
451,3,143,57482,128,8.888725280761719,8.501896858215332,3.8611114025115967,0.07175298780202866,0.001,67.033531665802
452,3,144,57610,128,7.863955497741699,7.493731498718262,3.691610097885132,0.10630747675895691,0.001,67.17975974082947
453,3,145,57738,128,7.938891887664795,7.581875801086426,3.5573558807373047,0.1280224621295929,0.001,67.31857371330261
454,3,146,57866,128,7.726348876953125,7.375682353973389,3.494765520095825,0.11903110891580582,0.001,67.46040797233582
455,3,147,57994,128,8.589159965515137,8.227295875549316,3.609898805618286,0.08741901814937592,0.001,67.6013765335083
456,3,148,58122,128,9.949353218078613,9.57237720489502,3.761387825012207,0.08373057842254639,0.001,67.74162936210632
457,3,149,58250,128,10.170010566711426,9.790573120117188,3.784754514694214,0.09619229286909103,0.001,67.8805902004242
458,3,150,58378,128,8.806285858154297,8.439995765686035,3.654966354370117,0.07932259142398834,0.001,68.02188920974731
459,3,151,58506,128,9.791157722473145,9.42310905456543,3.6703720092773438,0.10119542479515076,0.001,68.16375756263733
460,3,152,58634,128,8.936864852905273,8.577505111694336,3.5814387798309326,0.12161055207252502,0.001,68.30525517463684
461,3,153,58762,128,8.454636573791504,8.091852188110352,3.61678147315979,0.11065778136253357,0.001,68.44713068008423
462,3,154,58767,5,4.80970573425293,4.476720809936523,3.316924571990967,0.12923505902290344,0.001,68.58416366577148
463,4,1,58895,128,8.926105499267578,8.527981758117676,3.9714982509613037,0.09739280492067337,0.001,70.080002784729
464,4,2,59023,128,10.541046142578125,10.149490356445312,3.9057140350341797,0.09846176207065582,0.001,70.22002530097961
465,4,3,59151,128,7.7595953941345215,7.369775295257568,3.888378143310547,0.09821028262376785,0.001,70.35894107818604
466,4,4,59279,128,8.651592254638672,8.23328971862793,4.174012184143066,0.09010563045740128,0.001,70.49813294410706
467,4,5,59407,128,7.765664577484131,7.3887553215026855,3.7584896087646484,0.1060347929596901,0.001,70.6377625465393
468,4,6,59535,128,11.06223201751709,10.649748802185059,4.1143364906311035,0.10503320395946503,0.001,70.77706933021545
469,4,7,59663,128,11.448524475097656,11.079724311828613,3.676762104034424,0.11245602369308472,0.001,70.91619277000427
470,4,8,59791,128,7.601526737213135,7.221848011016846,3.7840445041656494,0.1274295598268509,0.001,71.05649089813232
471,4,9,59919,128,10.185029983520508,9.789789199829102,3.941612482070923,0.107943095266819,0.001,71.19741535186768
472,4,10,60047,128,10.07478141784668,9.6936616897583,3.79957914352417,0.11613880842924118,0.001,71.33684730529785
473,4,11,60175,128,9.354353904724121,8.999747276306152,3.5299296379089355,0.16140563786029816,0.001,71.47699165344238
474,4,12,60303,128,11.641912460327148,11.27855110168457,3.620429039001465,0.13176527619361877,0.001,71.61680436134338
475,4,13,60431,128,9.887062072753906,9.522953987121582,3.625775098800659,0.15307684242725372,0.001,71.75561928749084
476,4,14,60559,128,9.217602729797363,8.87039566040039,3.462127685546875,0.09942608326673508,0.001,71.89384889602661
477,4,15,60687,128,8.582837104797363,8.22031307220459,3.6125152111053467,0.1271728128194809,0.001,72.03325200080872
478,4,16,60815,128,10.000690460205078,9.597295761108398,4.025583744049072,0.08367028087377548,0.001,72.17329859733582
479,4,17,60943,128,9.474095344543457,9.066859245300293,4.060891628265381,0.1147441565990448,0.001,72.31257152557373
480,4,18,61071,128,8.502572059631348,8.10233211517334,3.9899280071258545,0.12478109449148178,0.001,72.45301556587219
481,4,19,61199,128,9.124125480651855,8.688085556030273,4.348397731781006,0.11994617432355881,0.001,72.59289789199829
482,4,20,61327,128,8.83635139465332,8.45069408416748,3.8450047969818115,0.11570386588573456,0.001,72.7327675819397
483,4,21,61455,128,6.652015209197998,6.297677516937256,3.5311644077301025,0.12211617827415466,0.001,72.87362957000732
484,4,22,61583,128,10.80810546875,10.42972183227539,3.771535634994507,0.12303148210048676,0.001,73.0125207901001
485,4,23,61711,128,11.964613914489746,11.610483169555664,3.5277934074401855,0.13510200381278992,0.001,73.15234279632568
486,4,24,61839,128,11.997234344482422,11.597786903381348,3.9816229343414307,0.1285606324672699,0.001,73.29185676574707
487,4,25,61967,128,8.917905807495117,8.502111434936523,4.147675514221191,0.10273177921772003,0.001,73.43175673484802
488,4,26,62095,128,10.084612846374512,9.680553436279297,4.030437469482422,0.10160849988460541,0.001,73.57395553588867
489,4,27,62223,128,8.103374481201172,7.707056522369385,3.9549005031585693,0.08280874788761139,0.001,73.7144730091095
490,4,28,62351,128,8.295585632324219,7.919139862060547,3.7561614513397217,0.08294069766998291,0.001,73.85213422775269
491,4,29,62479,128,6.642976760864258,6.260669708251953,3.812218427658081,0.10850627720355988,0.001,73.99176025390625
492,4,30,62607,128,7.958725929260254,7.5955915451049805,3.620450973510742,0.1089048907160759,0.001,74.1314423084259
493,4,31,62735,128,8.053812026977539,7.697601318359375,3.5518579483032227,0.10247913002967834,0.001,74.26952958106995
494,4,32,62863,128,8.51371955871582,8.149334907531738,3.629643440246582,0.14195702970027924,0.001,74.40523481369019
495,4,33,62991,128,7.623348712921143,7.2704596519470215,3.5206663608551025,0.08225972950458527,0.001,74.54564547538757
496,4,34,63119,128,9.607539176940918,9.223974227905273,3.826585054397583,0.09059450030326843,0.001,74.68866991996765
497,4,35,63247,128,10.474907875061035,10.118741035461426,3.5509159564971924,0.10744038969278336,0.001,74.83014130592346
498,4,36,63375,128,7.71420431137085,7.337841033935547,3.7531237602233887,0.10510646551847458,0.001,74.97147130966187
499,4,37,63503,128,8.607508659362793,8.21534538269043,3.9126956462860107,0.08940526843070984,0.001,75.11600637435913
500,4,38,63631,128,9.636401176452637,9.220651626586914,4.148731708526611,0.08760207146406174,0.001,75.25599384307861
501,4,39,63759,128,9.829825401306152,9.436155319213867,3.926208019256592,0.10490022599697113,0.001,75.39710974693298
502,4,40,63887,128,7.491191864013672,7.083146095275879,4.069531440734863,0.10925120860338211,0.001,75.53899431228638
503,4,41,64015,128,8.834798812866211,8.47220516204834,3.6156303882598877,0.10309294611215591,0.001,75.67929673194885
504,4,42,64143,128,10.438084602355957,10.051482200622559,3.8547439575195312,0.11280271410942078,0.001,75.82017636299133
505,4,43,64271,128,9.544275283813477,9.208039283752441,3.3514342308044434,0.10933360457420349,0.001,75.95986223220825
506,4,44,64399,128,8.21096134185791,7.877080917358398,3.32248592376709,0.16314242780208588,0.001,76.10466170310974
507,4,45,64527,128,9.12275218963623,8.773880958557129,3.47678279876709,0.11934594810009003,0.001,76.24767112731934
508,4,46,64655,128,10.174139022827148,9.811932563781738,3.6111695766448975,0.10892429202795029,0.001,76.38982224464417
509,4,47,64783,128,9.248364448547363,8.874754905700684,3.721609354019165,0.14483168721199036,0.001,76.53292465209961
510,4,48,64911,128,6.754490852355957,6.360406398773193,3.930774688720703,0.10071704536676407,0.001,76.67464852333069
511,4,49,65039,128,10.833419799804688,10.41137409210205,4.211098670959473,0.09356427192687988,0.001,76.81277203559875
512,4,50,65167,128,9.426712989807129,8.980273246765137,4.456349849700928,0.08046392351388931,0.001,76.95482110977173
513,4,51,65295,128,8.637872695922852,8.239624977111816,3.971723794937134,0.1076069325208664,0.001,77.09693479537964
514,4,52,65423,128,9.211352348327637,8.810914993286133,3.9952001571655273,0.09178046882152557,0.001,77.2381227016449
515,4,53,65551,128,7.382472515106201,7.002602577209473,3.788790225982666,0.09909144043922424,0.001,77.3783552646637
516,4,54,65679,128,9.694972038269043,9.302862167358398,3.911465883255005,0.09631168842315674,0.001,77.52106070518494
517,4,55,65807,128,7.181710243225098,6.8283257484436035,3.5237438678741455,0.10100303590297699,0.001,77.66228795051575
518,4,56,65935,128,8.06933307647705,7.7077531814575195,3.605977773666382,0.09820592403411865,0.001,77.8029191493988
519,4,57,66063,128,7.167236328125,6.7764058113098145,3.8978216648101807,0.10485981404781342,0.001,77.94757676124573
520,4,58,66191,128,8.87485408782959,8.506701469421387,3.6710047721862793,0.10518760234117508,0.001,78.09106779098511
521,4,59,66319,128,9.430732727050781,9.057744026184082,3.720468759536743,0.09421185404062271,0.001,78.23159861564636
522,4,60,66447,128,9.280501365661621,8.870512008666992,4.091180801391602,0.08716754615306854,0.001,78.37147498130798
523,4,61,66575,128,7.285515308380127,6.914927959442139,3.6950292587280273,0.10842610895633698,0.001,78.51275062561035
524,4,62,66703,128,9.263927459716797,8.875887870788574,3.868835687637329,0.11559583991765976,0.001,78.65602660179138
525,4,63,66831,128,11.273626327514648,10.889328956604004,3.833522319793701,0.09452454000711441,0.001,78.7979576587677
526,4,64,66959,128,8.898508071899414,8.53001880645752,3.67655873298645,0.08337897807359695,0.001,78.93995904922485
527,4,65,67087,128,9.5574951171875,9.168376922607422,3.880154609680176,0.1101994514465332,0.001,79.08164191246033
528,4,66,67215,128,11.344100952148438,10.951231956481934,3.9177019596099854,0.10988031327724457,0.001,79.22247052192688
529,4,67,67343,128,7.781358242034912,7.360504627227783,4.199173927307129,0.09360168129205704,0.001,79.3627393245697
530,4,68,67471,128,9.597016334533691,9.191070556640625,4.0504302978515625,0.0903138816356659,0.001,79.50390005111694
531,4,69,67599,128,9.01133918762207,8.627702713012695,3.8264596462249756,0.09906771779060364,0.001,79.64610195159912
532,4,70,67727,128,9.190099716186523,8.780008316040039,4.090555191040039,0.10359983146190643,0.001,79.78687047958374
533,4,71,67855,128,7.642880439758301,7.256112098693848,3.8572146892547607,0.10468095541000366,0.001,79.92666912078857
534,4,72,67983,128,7.742746829986572,7.335641860961914,4.060987949371338,0.10061851143836975,0.001,80.06944847106934
535,4,73,68111,128,12.791238784790039,12.425078392028809,3.6534640789031982,0.0814734548330307,0.001,80.21093940734863
536,4,74,68239,128,7.457034111022949,7.075409412384033,3.80535888671875,0.10887391865253448,0.001,80.35107803344727
537,4,75,68367,128,8.353680610656738,7.965309143066406,3.8730547428131104,0.10664422065019608,0.001,80.49193239212036
538,4,76,68495,128,7.653540134429932,7.285032272338867,3.672370195388794,0.1270807385444641,0.001,80.63394808769226
539,4,77,68623,128,8.673276901245117,8.287561416625977,3.8456504344940186,0.11500870436429977,0.001,80.77391815185547
540,4,78,68751,128,8.221457481384277,7.844610691070557,3.7574408054351807,0.11029219627380371,0.001,80.91379952430725
541,4,79,68879,128,6.302093029022217,5.9315505027771,3.6962573528289795,0.0917140394449234,0.001,81.05569553375244
542,4,80,69007,128,9.593966484069824,9.207830429077148,3.847630262374878,0.1373138278722763,0.001,81.19751167297363
543,4,81,69135,128,13.466197967529297,13.093537330627441,3.712862491607666,0.13739711046218872,0.001,81.33851623535156
544,4,82,69263,128,8.503339767456055,8.167518615722656,3.3462908267974854,0.1192440316081047,0.001,81.48003649711609
545,4,83,69391,128,7.555420875549316,7.200565814971924,3.536200761795044,0.12351853400468826,0.001,81.9588189125061
546,4,84,69519,128,8.920446395874023,8.5554780960083,3.640079975128174,0.09599661827087402,0.001,82.10081696510315
547,4,85,69647,128,11.582098960876465,11.195996284484863,3.8504481315612793,0.10580192506313324,0.001,82.2429256439209
548,4,86,69775,128,8.1505765914917,7.769176959991455,3.801548957824707,0.12442376464605331,0.001,82.38396716117859
549,4,87,69903,128,10.530990600585938,10.097785949707031,4.320195198059082,0.11854948848485947,0.001,82.52553510665894
550,4,88,70031,128,8.053418159484863,7.6260271072387695,4.262732028961182,0.11174434423446655,0.001,82.66859984397888
551,4,89,70159,128,8.339791297912598,7.918879508972168,4.200531482696533,0.08581549674272537,0.001,82.8103096485138
552,4,90,70287,128,10.732267379760742,10.343045234680176,3.8827314376831055,0.0948539599776268,0.001,82.9508068561554
553,4,91,70415,128,9.460562705993652,9.075706481933594,3.839484214782715,0.09080211073160172,0.001,83.09089374542236
554,4,92,70543,128,9.71807861328125,9.335441589355469,3.815617561340332,0.1075923964381218,0.001,83.23251938819885
555,4,93,70671,128,8.049864768981934,7.651747703552246,3.969373941421509,0.11792738735675812,0.001,83.37305164337158
556,4,94,70799,128,8.095939636230469,7.674776077270508,4.20231294631958,0.0932818204164505,0.001,83.51353478431702
557,4,95,70927,128,7.0988030433654785,6.709585666656494,3.882798910140991,0.09372928738594055,0.001,83.65588879585266
558,4,96,71055,128,8.58894157409668,8.199441909790039,3.8853275775909424,0.09667747467756271,0.001,83.79672431945801
559,4,97,71183,128,8.077601432800293,7.7185564041137695,3.5759222507476807,0.1452171355485916,0.001,83.93761467933655
560,4,98,71311,128,10.051697731018066,9.687013626098633,3.6342525482177734,0.12591403722763062,0.001,84.0789966583252
561,4,99,71439,128,7.277342796325684,6.927812576293945,3.4821386337280273,0.1316499263048172,0.001,84.22110080718994
562,4,100,71567,128,7.579502105712891,7.223238945007324,3.5521562099456787,0.10474589467048645,0.001,84.36169958114624
563,4,101,71695,128,9.666656494140625,9.312629699707031,3.527937650680542,0.12328604608774185,0.001,84.50239849090576
564,4,102,71823,128,6.067290782928467,5.707254886627197,3.5860249996185303,0.14335815608501434,0.001,84.64433693885803
565,4,103,71951,128,9.750986099243164,9.380743980407715,3.68833065032959,0.1409284919500351,0.001,84.78500986099243
566,4,104,72079,128,11.151202201843262,10.740602493286133,4.093656063079834,0.12337005138397217,0.001,84.92494106292725
567,4,105,72207,128,8.493078231811523,8.118831634521484,3.733571767807007,0.08900170028209686,0.001,85.06524443626404
568,4,106,72335,128,11.437689781188965,11.069181442260742,3.6720550060272217,0.1302267163991928,0.001,85.20480537414551
569,4,107,72463,128,6.8261399269104,6.434145450592041,3.910309314727783,0.09637967497110367,0.001,85.34455227851868
570,4,108,72591,128,10.291894912719727,9.892139434814453,3.987818479537964,0.09741469472646713,0.001,85.48508667945862
571,4,109,72719,128,7.432116508483887,7.052538871765137,3.7841954231262207,0.1158369779586792,0.001,85.62641716003418
572,4,110,72847,128,9.354247093200684,8.970545768737793,3.823601007461548,0.13408540189266205,0.001,85.76634740829468
573,4,111,72975,128,9.749519348144531,9.359329223632812,3.89174485206604,0.10151965916156769,0.001,85.90615606307983
574,4,112,73103,128,8.514459609985352,8.143416404724121,3.69773006439209,0.12700426578521729,0.001,86.04555797576904
575,4,113,73231,128,7.76666784286499,7.39897346496582,3.6638896465301514,0.13056153059005737,0.001,86.18496108055115
576,4,114,73359,128,8.46462631225586,8.102627754211426,3.605041027069092,0.14941105246543884,0.001,86.33557534217834
577,4,115,73487,128,11.062529563903809,10.708154678344727,3.533177375793457,0.10574924945831299,0.001,86.47681427001953
578,4,116,73615,128,10.002104759216309,9.627617835998535,3.733128547668457,0.11740114539861679,0.001,86.617516040802
579,4,117,73743,128,8.531505584716797,8.133371353149414,3.969332456588745,0.12008508294820786,0.001,86.75612425804138
580,4,118,73871,128,7.316559314727783,6.91877555847168,3.968146324157715,0.09691589325666428,0.001,86.89484786987305
581,4,119,73999,128,6.99064302444458,6.570381164550781,4.19146203994751,0.11159864813089371,0.001,87.0345606803894
582,4,120,74127,128,7.93548059463501,7.5662736892700195,3.682634115219116,0.09436339884996414,0.001,87.17439937591553
583,4,121,74255,128,8.81413745880127,8.461553573608398,3.515470504760742,0.1036527007818222,0.001,87.31359076499939
584,4,122,74383,128,9.792708396911621,9.448492050170898,3.4292619228363037,0.12898658215999603,0.001,87.45498538017273
585,4,123,74511,128,9.09965705871582,8.713894844055176,3.845912456512451,0.11710643768310547,0.001,87.59638857841492
586,4,124,74639,128,6.880611896514893,6.4803571701049805,3.9896764755249023,0.12868601083755493,0.001,87.73548150062561
587,4,125,74767,128,6.937685966491699,6.539671421051025,3.9672679901123047,0.12877458333969116,0.001,87.87455892562866
588,4,126,74895,128,8.606950759887695,8.221477508544922,3.846431255340576,0.08301626145839691,0.001,88.01388645172119
589,4,127,75023,128,7.780045509338379,7.395717144012451,3.8328158855438232,0.10468140989542007,0.001,88.15689897537231
590,4,128,75151,128,8.491682052612305,8.126766204833984,3.638547897338867,0.10611991584300995,0.001,88.29743218421936
591,4,129,75279,128,8.555929183959961,8.191153526306152,3.635310649871826,0.12442799657583237,0.001,88.43622159957886
592,4,130,75407,128,8.136394500732422,7.817622661590576,3.1762783527374268,0.11447525024414062,0.001,88.57791686058044
593,4,131,75535,128,9.967494010925293,9.615816116333008,3.5066986083984375,0.10084995627403259,0.001,88.72040605545044
594,4,132,75663,128,8.437321662902832,8.030616760253906,4.0565009117126465,0.10548678040504456,0.001,88.86144256591797
595,4,133,75791,128,10.008057594299316,9.592036247253418,4.151843547821045,0.08370383083820343,0.001,89.00121688842773
596,4,134,75919,128,11.354702949523926,10.9398193359375,4.1382904052734375,0.10548558086156845,0.001,89.14213418960571
597,4,135,76047,128,7.35931921005249,7.006748199462891,3.5149738788604736,0.10740086436271667,0.001,89.28275847434998
598,4,136,76175,128,7.700305461883545,7.3680830001831055,3.3084771633148193,0.13746732473373413,0.001,89.42195558547974
599,4,137,76303,128,8.83894157409668,8.491703987121582,3.4540586471557617,0.18322890996932983,0.001,89.56278991699219
600,4,138,76431,128,8.095172882080078,7.740004062652588,3.5364205837249756,0.15270280838012695,0.001,89.70390367507935
601,4,139,76559,128,11.309741020202637,10.963203430175781,3.4542510509490967,0.11132878810167313,0.001,89.84480357170105
602,4,140,76687,128,11.577628135681152,11.191107749938965,3.8549373149871826,0.10267427563667297,0.001,89.98771905899048
603,4,141,76815,128,9.59091854095459,9.201446533203125,3.8852806091308594,0.09437225013971329,0.001,90.12924027442932
604,4,142,76943,128,7.9904093742370605,7.602870941162109,3.8660202026367188,0.09364990144968033,0.001,90.26861357688904
605,4,143,77071,128,9.258231163024902,8.897489547729492,3.594675302505493,0.1274116039276123,0.001,90.40820527076721
606,4,144,77199,128,8.31371021270752,7.935176372528076,3.7715904712677,0.1375153362751007,0.001,90.5476644039154
607,4,145,77327,128,9.506437301635742,9.114598274230957,3.9088406562805176,0.09542621672153473,0.001,90.6870379447937
608,4,146,77455,128,9.679160118103027,9.308738708496094,3.695848226547241,0.08359973877668381,0.001,90.82610559463501
609,4,147,77583,128,8.46794319152832,8.064375877380371,4.025852680206299,0.09820646047592163,0.001,90.96553039550781
610,4,148,77711,128,8.577613830566406,8.144721031188965,4.316742897033691,0.12189458310604095,0.001,91.1052668094635
611,4,149,77839,128,8.995351791381836,8.595142364501953,3.992967367172241,0.09129954129457474,0.001,91.24493098258972
612,4,150,77967,128,7.894240379333496,7.4924163818359375,4.009352207183838,0.0889037474989891,0.001,91.38412356376648
613,4,151,78095,128,9.512601852416992,9.138448715209961,3.732224941253662,0.09311849623918533,0.001,91.5244414806366
614,4,152,78223,128,7.4727463722229,7.093944549560547,3.775458335876465,0.1255875527858734,0.001,91.66402888298035
615,4,153,78351,128,10.61044979095459,10.271361351013184,3.3795080184936523,0.1137806847691536,0.001,91.80281686782837
616,4,154,78356,5,7.081855773925781,6.74057674407959,3.3986706733703613,0.1412043571472168,0.001,91.936603307724
617,5,1,78484,128,9.349788665771484,8.97933578491211,3.6955549716949463,0.0897015631198883,0.001,93.42088866233826
618,5,2,78612,128,11.00158977508545,10.603011131286621,3.9755570888519287,0.10233437269926071,0.001,93.56277966499329
619,5,3,78740,128,9.619128227233887,9.232698440551758,3.8522093296051025,0.12090275436639786,0.001,93.70232009887695
620,5,4,78868,128,9.093674659729004,8.706156730651855,3.8654534816741943,0.09729543328285217,0.001,93.84225392341614
621,5,5,78996,128,8.66721248626709,8.294052124023438,3.720940113067627,0.10662758350372314,0.001,93.9833881855011
622,5,6,79124,128,8.969210624694824,8.578296661376953,3.8992693424224854,0.09870809316635132,0.001,94.12416887283325
623,5,7,79252,128,8.775525093078613,8.395496368408203,3.788346529006958,0.11940928548574448,0.001,94.26302695274353
624,5,8,79380,128,9.70718002319336,9.318587303161621,3.8742246627807617,0.11700540035963058,0.001,94.40152311325073
625,5,9,79508,128,10.433942794799805,10.0637788772583,3.69162654876709,0.10010775923728943,0.001,94.54093408584595
626,5,10,79636,128,8.387743949890137,7.981530666351318,4.0504350662231445,0.11697316914796829,0.001,94.68105816841125
627,5,11,79764,128,8.827619552612305,8.423256874084473,4.0316290855407715,0.11997073143720627,0.001,94.82201433181763
628,5,12,79892,128,8.987974166870117,8.583622932434082,4.032801151275635,0.10706554353237152,0.001,94.96293663978577
629,5,13,80020,128,9.353307723999023,8.97482681274414,3.771498441696167,0.13309434056282043,0.001,95.1056797504425
630,5,14,80148,128,8.362878799438477,8.000913619995117,3.603752374649048,0.15900401771068573,0.001,95.24867510795593
631,5,15,80276,128,10.22494125366211,9.860331535339355,3.6353046894073486,0.10794265568256378,0.001,95.38994097709656
632,5,16,80404,128,9.959345817565918,9.602616310119629,3.5540688037872314,0.132303386926651,0.001,95.53177571296692
633,5,17,80532,128,8.326881408691406,7.951677322387695,3.740356922149658,0.11680443584918976,0.001,95.6751081943512
634,5,18,80660,128,8.905647277832031,8.508111000061035,3.963622570037842,0.11736854165792465,0.001,95.81611013412476
635,5,19,80788,128,8.419270515441895,8.055667877197266,3.6228785514831543,0.13151326775550842,0.001,95.95531845092773
636,5,20,80916,128,7.489292621612549,7.157853126525879,3.3026652336120605,0.11730191111564636,0.001,96.09509539604187
637,5,21,81044,128,11.427433013916016,11.048141479492188,3.780069589614868,0.1284521371126175,0.001,96.23478603363037
638,5,22,81172,128,7.1361165046691895,6.749993324279785,3.850604772567749,0.10629796981811523,0.001,96.37556552886963
639,5,23,81300,128,7.998928546905518,7.604228496551514,3.936894655227661,0.1010289341211319,0.001,96.5168104171753
640,5,24,81428,128,7.840203285217285,7.452697277069092,3.8617160320281982,0.13339616358280182,0.001,96.65827465057373
641,5,25,81556,128,8.313995361328125,7.936084270477295,3.769179582595825,0.09924790263175964,0.001,96.79891204833984
642,5,26,81684,128,9.68542766571045,9.283905029296875,4.005532264709473,0.09702121466398239,0.001,96.93882727622986
643,5,27,81812,128,6.6689839363098145,6.260390281677246,4.071984767913818,0.1395042985677719,0.001,97.08067965507507
644,5,28,81940,128,7.803986549377441,7.39495325088501,4.077471733093262,0.12861615419387817,0.001,97.22141098976135
645,5,29,82068,128,5.656531810760498,5.298092365264893,3.5733325481414795,0.11063684523105621,0.001,97.36131858825684
646,5,30,82196,128,7.709524154663086,7.35059118270874,3.579078197479248,0.10249733924865723,0.001,97.50145435333252
647,5,31,82324,128,7.424951553344727,7.075900077819824,3.4743223190307617,0.16192027926445007,0.001,97.64191842079163
648,5,32,82452,128,7.483372688293457,7.127010345458984,3.551629066467285,0.1199309453368187,0.001,97.78114223480225
649,5,33,82580,128,8.695259094238281,8.30928897857666,3.8461034297943115,0.13598209619522095,0.001,97.92024827003479
650,5,34,82708,128,10.199684143066406,9.8284330368042,3.7010340690612793,0.11474815756082535,0.001,98.06359434127808
651,5,35,82836,128,9.75588321685791,9.354483604431152,4.002443790435791,0.11552634090185165,0.001,98.20347046852112
652,5,36,82964,128,7.332085132598877,6.9200334548950195,4.108806610107422,0.11712149530649185,0.001,98.34266138076782
653,5,37,83092,128,7.825437068939209,7.419366836547852,4.049467086791992,0.11233380436897278,0.001,98.4812080860138
654,5,38,83220,128,7.535803318023682,7.175321102142334,3.5930755138397217,0.11742379516363144,0.001,98.62277555465698
655,5,39,83348,128,8.064897537231445,7.715714454650879,3.47918701171875,0.12647131085395813,0.001,98.76258778572083
656,5,40,83476,128,9.606292724609375,9.24653148651123,3.5863091945648193,0.11302675306797028,0.001,98.90268421173096
657,5,41,83604,128,5.078662872314453,4.698328018188477,3.78937029838562,0.13973909616470337,0.001,99.04283261299133
658,5,42,83732,128,9.233598709106445,8.838047981262207,3.94283127784729,0.12669721245765686,0.001,99.18313336372375
659,5,43,83860,128,5.59588623046875,5.2327775955200195,3.618173837661743,0.12914840877056122,0.001,99.32525753974915
660,5,44,83988,128,8.497054100036621,8.106257438659668,3.8970415592193604,0.10930696129798889,0.001,99.46661806106567
661,5,45,84116,128,7.778438091278076,7.390474319458008,3.866824150085449,0.1281062811613083,0.001,99.60777926445007
662,5,46,84244,128,7.692323207855225,7.305408000946045,3.858438730239868,0.10712940245866776,0.001,99.74836301803589
663,5,47,84372,128,8.034886360168457,7.641726493835449,3.9182679653167725,0.13328859210014343,0.001,99.88855719566345
664,5,48,84500,128,6.487809658050537,6.106761455535889,3.7975358963012695,0.1294790804386139,0.001,100.0305848121643
665,5,49,84628,128,8.394640922546387,8.02828311920166,3.652493715286255,0.11081072688102722,0.001,100.17311787605286
666,5,50,84756,128,6.076688289642334,5.721069812774658,3.5398144721984863,0.16370415687561035,0.001,100.31364965438843
667,5,51,84884,128,7.617190837860107,7.241662979125977,3.7421886920928955,0.13090163469314575,0.001,100.45292925834656
668,5,52,85012,128,6.821143627166748,6.468217849731445,3.514784812927246,0.14471319317817688,0.001,100.59300446510315
669,5,53,85140,128,10.807456970214844,10.437045097351074,3.6916332244873047,0.12478835880756378,0.001,100.73417210578918
670,5,54,85268,128,11.650334358215332,11.257383346557617,3.920600414276123,0.08911937475204468,0.001,100.8746235370636
671,5,55,85396,128,8.561140060424805,8.128607749938965,4.314971923828125,0.10347751528024673,0.001,101.01362562179565
672,5,56,85524,128,9.569391250610352,9.154461860656738,4.138339519500732,0.10961723327636719,0.001,101.15495705604553
673,5,57,85652,128,6.203328609466553,5.829728126525879,3.7224059104919434,0.13598953187465668,0.001,101.29559445381165
674,5,58,85780,128,7.746379375457764,7.355800628662109,3.8974130153656006,0.08372806012630463,0.001,101.43741273880005
675,5,59,85908,128,9.3226900100708,8.952919960021973,3.685154676437378,0.12551243603229523,0.001,101.57861137390137
676,5,60,86036,128,8.417309761047363,8.035274505615234,3.810527801513672,0.09826381504535675,0.001,101.71881031990051
677,5,61,86164,128,7.130178451538086,6.748836040496826,3.8049824237823486,0.08441051095724106,0.001,101.8600401878357
678,5,62,86292,128,7.776237964630127,7.386806011199951,3.88535213470459,0.08969250321388245,0.001,102.00185823440552
679,5,63,86420,128,8.067015647888184,7.704709529876709,3.6127779483795166,0.10276208817958832,0.001,102.14404273033142
680,5,64,86548,128,7.651975154876709,7.274850368499756,3.7596936225891113,0.11555418372154236,0.001,102.28605270385742
681,5,65,86676,128,6.112273693084717,5.724791526794434,3.8621647357940674,0.12654106318950653,0.001,102.42801141738892
682,5,66,86804,128,8.019330978393555,7.652982711791992,3.6508359909057617,0.12643277645111084,0.001,102.56982183456421
683,5,67,86932,128,7.438059329986572,7.082228660583496,3.546983003616333,0.11324167251586914,0.001,102.71173405647278
684,5,68,87060,128,6.182897567749023,5.805190563201904,3.763422727584839,0.13645517826080322,0.001,102.85281658172607
685,5,69,87188,128,8.833944320678711,8.450567245483398,3.820280075073242,0.13495570421218872,0.001,102.99366736412048
686,5,70,87316,128,6.7587761878967285,6.397235870361328,3.6040844917297363,0.11320459097623825,0.001,103.13906073570251
687,5,71,87444,128,8.300509452819824,7.923105239868164,3.760948896408081,0.1309705227613449,0.001,103.2784070968628
688,5,72,87572,128,8.340360641479492,7.971560001373291,3.6745452880859375,0.13468629121780396,0.001,103.41765213012695
689,5,73,87700,128,7.541600227355957,7.171213626861572,3.68397855758667,0.19886568188667297,0.001,103.56110644340515
690,5,74,87828,128,6.7145586013793945,6.32851505279541,3.8494713306427,0.1096472516655922,0.001,103.70334124565125
691,5,75,87956,128,8.831941604614258,8.42209243774414,4.089597702026367,0.08898898214101791,0.001,103.84295701980591
692,5,76,88084,128,8.5000581741333,8.09395694732666,4.04710054397583,0.13912950456142426,0.001,103.98465919494629
693,5,77,88212,128,9.358234405517578,8.964982986450195,3.9223265647888184,0.10180509090423584,0.001,104.12771511077881
694,5,78,88340,128,7.625724792480469,7.249506950378418,3.75053334236145,0.11645785719156265,0.001,104.26940965652466
695,5,79,88468,128,7.544579982757568,7.1932759284973145,3.4968228340148926,0.16214999556541443,0.001,104.4105293750763
696,5,80,88596,128,7.369919776916504,7.0225725173950195,3.4603796005249023,0.13093255460262299,0.001,104.55247449874878
697,5,81,88724,128,9.086091995239258,8.766915321350098,3.1758227348327637,0.1594202071428299,0.001,104.69307065010071
698,5,82,88852,128,6.871059417724609,6.522251605987549,3.476163864135742,0.11915893107652664,0.001,104.83486080169678
699,5,83,88980,128,6.82835054397583,6.478326797485352,3.489375591278076,0.10860269516706467,0.001,104.97550392150879
700,5,84,89108,128,8.606525421142578,8.194303512573242,4.113232135772705,0.08984901010990143,0.001,105.11826491355896
701,5,85,89236,128,9.824029922485352,9.416402816772461,4.064400672912598,0.11873437464237213,0.001,105.26029372215271
702,5,86,89364,128,8.57630443572998,8.178932189941406,3.9637138843536377,0.10003465414047241,0.001,105.40217423439026
703,5,87,89492,128,10.6466646194458,10.215968132019043,4.294737815856934,0.12224487215280533,0.001,105.54348850250244
704,5,88,89620,128,8.29702377319336,7.921899318695068,3.7411675453186035,0.10085022449493408,0.001,105.69024848937988
705,5,89,89748,128,10.609832763671875,10.228180885314941,3.8045403957366943,0.1197342649102211,0.001,105.83101344108582
706,5,90,89876,128,8.595396995544434,8.176263809204102,4.17859411239624,0.12739944458007812,0.001,105.97232389450073
707,5,91,90004,128,6.225795269012451,5.845400810241699,3.7936625480651855,0.10281607508659363,0.001,106.1160352230072
708,5,92,90132,128,5.8487772941589355,5.45074462890625,3.9699184894561768,0.10410348325967789,0.001,106.25887846946716
709,5,93,90260,128,9.11812973022461,8.740781784057617,3.7614850997924805,0.1199803501367569,0.001,106.39880132675171
710,5,94,90388,128,7.440229415893555,7.105097770690918,3.339305877685547,0.12010224908590317,0.001,106.53936076164246
711,5,95,90516,128,6.219607830047607,5.89841365814209,3.1963624954223633,0.15578040480613708,0.001,106.679616689682
712,5,96,90644,128,8.092555046081543,7.729251384735107,3.625034809112549,0.08003702014684677,0.001,106.8188123703003
713,5,97,90772,128,6.97670841217041,6.583155632019043,3.9270904064178467,0.08433017879724503,0.001,106.9567756652832
714,5,98,90900,128,7.306248188018799,6.929006576538086,3.7599358558654785,0.12480760365724564,0.001,107.0964708328247
715,5,99,91028,128,7.4624786376953125,7.079453468322754,3.8150997161865234,0.15152393281459808,0.001,107.2349750995636
716,5,100,91156,128,6.777318954467773,6.400093078613281,3.763275623321533,0.08984950929880142,0.001,107.37372374534607
717,5,101,91284,128,8.211576461791992,7.841686248779297,3.687511920928955,0.11384190618991852,0.001,107.51338863372803
718,5,102,91412,128,9.249529838562012,8.90427017211914,3.4399752616882324,0.12617747485637665,0.001,107.65329837799072
719,5,103,91540,128,7.263543128967285,6.925853729248047,3.3647117614746094,0.12182121723890305,0.001,107.79271030426025
720,5,104,91668,128,6.252033710479736,5.903416633605957,3.4759538173675537,0.10220815241336823,0.001,107.93381404876709
721,5,105,91796,128,6.843756675720215,6.4613423347473145,3.8095550537109375,0.14584332704544067,0.001,108.07568526268005
722,5,106,91924,128,6.527154922485352,6.141853332519531,3.840057849884033,0.12960192561149597,0.001,108.2177426815033
723,5,107,92052,128,8.456316947937012,8.083976745605469,3.710283041000366,0.13127070665359497,0.001,108.35806560516357
724,5,108,92180,128,7.918872833251953,7.555037021636963,3.629180908203125,0.09180603921413422,0.001,108.49820232391357
725,5,109,92308,128,9.82305908203125,9.438326835632324,3.830888509750366,0.16428779065608978,0.001,108.64309167861938
726,5,110,92436,128,9.119288444519043,8.742098808288574,3.7586402893066406,0.13259249925613403,0.001,108.78557133674622
727,5,111,92564,128,6.590007781982422,6.209264755249023,3.796611785888672,0.10818067193031311,0.001,108.92653560638428
728,5,112,92692,128,5.844783782958984,5.451669692993164,3.918299674987793,0.12841254472732544,0.001,109.06908845901489
729,5,113,92820,128,7.228582859039307,6.838704586029053,3.8856139183044434,0.13168965280056,0.001,109.21038103103638
730,5,114,92948,128,6.766345977783203,6.409479141235352,3.556472063064575,0.12198568880558014,0.001,109.35191464424133
731,5,115,93076,128,6.112492561340332,5.758982181549072,3.5220069885253906,0.13096563518047333,0.001,109.49315047264099
732,5,116,93204,128,7.8484978675842285,7.4664716720581055,3.807457208633423,0.12802045047283173,0.001,109.63450622558594
733,5,117,93332,128,8.621384620666504,8.244684219360352,3.752340078353882,0.14664673805236816,0.001,109.7748818397522
734,5,118,93460,128,8.0451021194458,7.652431964874268,3.9118545055389404,0.14853131771087646,0.001,109.9162003993988
735,5,119,93588,128,6.311767578125,5.920331954956055,3.897059202194214,0.17295895516872406,0.001,110.05977869033813
736,5,120,93716,128,8.781508445739746,8.42733097076416,3.5293846130371094,0.12389159202575684,0.001,110.20446038246155
737,5,121,93844,128,7.282895088195801,6.946993827819824,3.344757556915283,0.14257943630218506,0.001,110.34527230262756
738,5,122,93972,128,8.436755180358887,8.088111877441406,3.4731621742248535,0.1327051967382431,0.001,110.4866898059845
739,5,123,94100,128,8.4606294631958,8.104605674743652,3.5467705726623535,0.13466282188892365,0.001,110.62896084785461
740,5,124,94228,128,7.801191329956055,7.428924083709717,3.7144381999969482,0.08232967555522919,0.001,110.77063274383545
741,5,125,94356,128,7.623110771179199,7.240874290466309,3.8114781379699707,0.10887262225151062,0.001,110.91248440742493
742,5,126,94484,128,8.308072090148926,7.886592864990234,4.204531669616699,0.1025683656334877,0.001,111.05583000183105
743,5,127,94612,128,6.107136249542236,5.708667755126953,3.9731037616729736,0.11582628637552261,0.001,111.19770979881287
744,5,128,94740,128,8.019983291625977,7.637689113616943,3.814028024673462,0.0892159566283226,0.001,111.33896231651306
745,5,129,94868,128,7.116198539733887,6.72368860244751,3.9168593883514404,0.082384392619133,0.001,111.48066282272339
746,5,130,94996,128,9.189591407775879,8.80112075805664,3.873972177505493,0.10741963237524033,0.001,111.62271046638489
747,5,131,95124,128,9.031590461730957,8.675431251525879,3.553321123123169,0.0827014297246933,0.001,111.7629132270813
748,5,132,95252,128,6.018157005310059,5.655459403991699,3.6138224601745605,0.13150912523269653,0.001,111.90486645698547
749,5,133,95380,128,6.073978900909424,5.7133870124816895,3.594583034515381,0.11336435377597809,0.001,112.04605722427368
750,5,134,95508,128,9.151082992553711,8.745433807373047,4.046313285827637,0.10175245255231857,0.001,112.18822240829468
751,5,135,95636,128,7.773989200592041,7.378928184509277,3.940293550491333,0.10317761451005936,0.001,112.32796597480774
752,5,136,95764,128,8.04218578338623,7.643072128295898,3.9803853034973145,0.10747839510440826,0.001,112.46906185150146
753,5,137,95892,128,7.945838451385498,7.554853439331055,3.9000205993652344,0.09825731813907623,0.001,112.61145162582397
754,5,138,96020,128,6.426312446594238,6.088902950286865,3.3625664710998535,0.11528163403272629,0.001,112.75298142433167
755,5,139,96148,128,8.419573783874512,8.074226379394531,3.440537691116333,0.12935705482959747,0.001,112.89445877075195
756,5,140,96276,128,7.001481533050537,6.654428005218506,3.460277557373047,0.10259019583463669,0.001,113.03584265708923
757,5,141,96404,128,6.72456693649292,6.344433784484863,3.7904212474823,0.10909675061702728,0.001,113.1786892414093
758,5,142,96532,128,7.733068466186523,7.318422317504883,4.135687828063965,0.10772541165351868,0.001,113.32075905799866
759,5,143,96660,128,10.649022102355957,10.240640640258789,4.075581073760986,0.08231933414936066,0.001,113.46559381484985
760,5,144,96788,128,10.814298629760742,10.41390609741211,3.9931907653808594,0.1074104979634285,0.001,113.60866808891296
761,5,145,96916,128,7.4485273361206055,7.069622993469238,3.777824878692627,0.11221732199192047,0.001,113.74635052680969
762,5,146,97044,128,7.608976364135742,7.23697566986084,3.7089571952819824,0.11047343164682388,0.001,113.88905119895935
763,5,147,97172,128,7.26146125793457,6.871710777282715,3.8858439922332764,0.116569384932518,0.001,114.03090357780457
764,5,148,97300,128,6.6341552734375,6.257974147796631,3.752274751663208,0.09536178410053253,0.001,114.17488169670105
765,5,149,97428,128,9.02475357055664,8.628026008605957,3.956857204437256,0.10418456792831421,0.001,114.31654572486877
766,5,150,97556,128,7.7282867431640625,7.346245288848877,3.8049769401550293,0.15440359711647034,0.001,114.45833683013916
767,5,151,97684,128,6.294384479522705,5.957574367523193,3.3548412322998047,0.13261538743972778,0.001,114.60066747665405
768,5,152,97812,128,9.039260864257812,8.687982559204102,3.4996743202209473,0.13111458718776703,0.001,114.74195075035095
769,5,153,97940,128,6.617168426513672,6.26082181930542,3.553786039352417,0.09681852161884308,0.001,114.88332867622375
770,5,154,97945,5,5.2530012130737305,4.912113666534424,3.3906588554382324,0.1821533441543579,0.001,115.01979231834412
771,6,1,98073,128,8.82666015625,8.423636436462402,4.019388198852539,0.10849051922559738,0.001,116.85311269760132
772,6,2,98201,128,7.24260139465332,6.8231611251831055,4.182718276977539,0.1168476939201355,0.001,116.992830991745
773,6,3,98329,128,7.32173490524292,6.910195827484131,4.104251384735107,0.11140155792236328,0.001,117.13328766822815
774,6,4,98457,128,6.803435325622559,6.404562950134277,3.9771716594696045,0.11554413288831711,0.001,117.27313661575317
775,6,5,98585,128,9.437699317932129,9.053945541381836,3.825165271759033,0.12372241914272308,0.001,117.41460752487183
776,6,6,98713,128,5.5774455070495605,5.242382049560547,3.3346714973449707,0.15965156257152557,0.001,117.55743336677551
777,6,7,98841,128,7.071859836578369,6.683908939361572,3.8670692443847656,0.12440134584903717,0.001,117.70021080970764
778,6,8,98969,128,7.587451934814453,7.215855121612549,3.705922842025757,0.10048779845237732,0.001,117.83616924285889
779,6,9,99097,128,8.451594352722168,8.09003734588623,3.6049890518188477,0.10576873272657394,0.001,117.97414827346802
780,6,10,99225,128,6.3916168212890625,5.991212844848633,3.991103172302246,0.12937358021736145,0.001,118.11607313156128
781,6,11,99353,128,6.841736316680908,6.450599670410156,3.8974876403808594,0.13879887759685516,0.001,118.25497770309448
782,6,12,99481,128,5.279372215270996,4.911932468414307,3.660283088684082,0.14114080369472504,0.001,118.39536094665527
783,6,13,99609,128,5.702442169189453,5.352015495300293,3.4901909828186035,0.14075754582881927,0.001,118.53662061691284
784,6,14,99737,128,7.395134925842285,7.03983736038208,3.5396533012390137,0.1332300305366516,0.001,118.67770981788635
785,6,15,99865,128,7.695909023284912,7.308465003967285,3.861858367919922,0.1258239597082138,0.001,118.81786680221558
786,6,16,99993,128,7.875219345092773,7.4763360023498535,3.977267026901245,0.1156758964061737,0.001,118.95785617828369
787,6,17,100121,128,6.375560760498047,5.9734673500061035,4.0069379806518555,0.1399708092212677,0.001,119.09913992881775
788,6,18,100249,128,8.222925186157227,7.834381103515625,3.8758838176727295,0.095575712621212,0.001,119.24072098731995
789,6,19,100377,128,6.441264629364014,6.087410926818848,3.5265088081359863,0.12028512358665466,0.001,119.38184309005737
790,6,20,100505,128,7.989994049072266,7.628532886505127,3.6032192707061768,0.11390567570924759,0.001,119.52359437942505
791,6,21,100633,128,7.455155372619629,7.072443962097168,3.8154914379119873,0.11622337996959686,0.001,119.66307067871094
792,6,22,100761,128,6.961884498596191,6.57771110534668,3.8290855884552,0.12651899456977844,0.001,119.80299687385559
793,6,23,100889,128,9.009858131408691,8.613627433776855,3.9511425495147705,0.11164946109056473,0.001,119.94349551200867
794,6,24,101017,128,7.921183109283447,7.5312604904174805,3.8898611068725586,0.09363889694213867,0.001,120.08581852912903
795,6,25,101145,128,6.724946975708008,6.361185550689697,3.622870445251465,0.1474561244249344,0.001,120.22809219360352
796,6,26,101273,128,6.5643415451049805,6.186966419219971,3.75740385055542,0.16348347067832947,0.001,120.37026023864746
797,6,27,101401,128,7.622288703918457,7.266304016113281,3.548494577407837,0.11351379007101059,0.001,120.51230645179749
798,6,28,101529,128,6.572863578796387,6.182272434234619,3.8923420906066895,0.1357242912054062,0.001,120.65450978279114
799,6,29,101657,128,6.7766828536987305,6.395707607269287,3.7942817211151123,0.15468616783618927,0.001,120.79259395599365
800,6,30,101785,128,7.681047439575195,7.288460731506348,3.9105770587921143,0.1529219150543213,0.001,120.92976450920105
801,6,31,101913,128,8.668405532836914,8.329204559326172,3.3773772716522217,0.1463327556848526,0.001,121.06800842285156
802,6,32,102041,128,6.882997512817383,6.522733688354492,3.586923837661743,0.15718865394592285,0.001,121.20929789543152
803,6,33,102169,128,7.990691661834717,7.594985008239746,3.940418243408203,0.16648171842098236,0.001,121.34805679321289
804,6,34,102297,128,6.208619594573975,5.809084892272949,3.9822545051574707,0.13092976808547974,0.001,121.50369048118591
805,6,35,102425,128,5.862227916717529,5.499189853668213,3.618284225463867,0.12096735835075378,0.001,121.65433979034424
806,6,36,102553,128,8.712937355041504,8.360506057739258,3.5094099044799805,0.14901688694953918,0.001,121.79164290428162
807,6,37,102681,128,8.54724407196045,8.190611839294434,3.5549960136413574,0.11332202702760696,0.001,121.93340253829956
808,6,38,102809,128,7.531344413757324,7.152008533477783,3.781191825866699,0.12169526517391205,0.001,122.07472777366638
809,6,39,102937,128,6.519588947296143,6.104362964630127,4.1394171714782715,0.1283959299325943,0.001,122.2155191898346
810,6,40,103065,128,9.235808372497559,8.788627624511719,4.4590606689453125,0.12751778960227966,0.001,122.35615015029907
811,6,41,103193,128,6.99932861328125,6.59929084777832,3.984790802001953,0.15586547553539276,0.001,122.49721312522888
812,6,42,103321,128,7.628597259521484,7.233283042907715,3.9408366680145264,0.1230863705277443,0.001,122.63946509361267
813,6,43,103449,128,7.089451313018799,6.712604999542236,3.756686210632324,0.11776268482208252,0.001,122.77968311309814
814,6,44,103577,128,7.587563514709473,7.2311506271362305,3.548387050628662,0.1574276089668274,0.001,122.92219686508179
815,6,45,103705,128,8.015036582946777,7.660710334777832,3.52934193611145,0.1392417550086975,0.001,123.06310200691223
816,6,46,103833,128,8.204790115356445,7.822068214416504,3.8166584968566895,0.10554907470941544,0.001,123.20504641532898
817,6,47,103961,128,9.848210334777832,9.456259727478027,3.9099931716918945,0.09504029899835587,0.001,123.34518551826477
818,6,48,104089,128,9.40795612335205,8.984846115112305,4.220301628112793,0.10791762918233871,0.001,123.48410272598267
819,6,49,104217,128,7.893935203552246,7.489604473114014,4.031047344207764,0.12258114665746689,0.001,123.62530589103699
820,6,50,104345,128,6.959009170532227,6.568299770355225,3.8960227966308594,0.11070655286312103,0.001,123.76612782478333
821,6,51,104473,128,7.369389057159424,6.987778186798096,3.8063535690307617,0.09754129499197006,0.001,123.9056704044342
822,6,52,104601,128,10.124678611755371,9.770383834838867,3.5281169414520264,0.1483319252729416,0.001,124.04559016227722
823,6,53,104729,128,10.905192375183105,10.549947738647461,3.5416831970214844,0.10769189894199371,0.001,124.18519568443298
824,6,54,104857,128,8.475625991821289,8.103400230407715,3.71121883392334,0.11045846343040466,0.001,124.32373595237732
825,6,55,104985,128,8.645018577575684,8.2501220703125,3.9388816356658936,0.10081616044044495,0.001,124.46246266365051
826,6,56,105113,128,7.439472198486328,7.019820213317871,4.187163829803467,0.09357559680938721,0.001,124.60277605056763
827,6,57,105241,128,7.776905059814453,7.360544204711914,4.1508097648620605,0.12796005606651306,0.001,124.74369525909424
828,6,58,105369,128,8.742942810058594,8.351276397705078,3.904334545135498,0.12333318591117859,0.001,124.88471984863281
829,6,59,105497,128,6.904087066650391,6.516829967498779,3.8608574867248535,0.11709817498922348,0.001,125.02610683441162
830,6,60,105625,128,8.91767692565918,8.554366111755371,3.621964931488037,0.11136142164468765,0.001,125.16785454750061
831,6,61,105753,128,11.108429908752441,10.761513710021973,3.452822208404541,0.1633497178554535,0.001,125.31022214889526
832,6,62,105881,128,9.219592094421387,8.825522422790527,3.927798271179199,0.12906387448310852,0.001,125.45240449905396
833,6,63,106009,128,11.294035911560059,10.940977096557617,3.519216775894165,0.11371838301420212,0.001,125.59615850448608
834,6,64,106137,128,7.900833606719971,7.49183464050293,4.074581623077393,0.15406319499015808,0.001,125.73850131034851
835,6,65,106265,128,6.824955463409424,6.43663215637207,3.8681511878967285,0.150834321975708,0.001,125.88169813156128
836,6,66,106393,128,6.368035316467285,5.973227500915527,3.935434103012085,0.1264711320400238,0.001,126.02495241165161
837,6,67,106521,128,5.908665657043457,5.547166347503662,3.5998024940490723,0.15191838145256042,0.001,126.16770339012146
838,6,68,106649,128,9.139305114746094,8.8092041015625,3.2871153354644775,0.1389041692018509,0.001,126.30876755714417
839,6,69,106777,128,8.750906944274902,8.399423599243164,3.501445770263672,0.13391917943954468,0.001,126.45049214363098
840,6,70,106905,128,8.788966178894043,8.450299263000488,3.372065305709839,0.14598464965820312,0.001,126.59102129936218
841,6,71,107033,128,8.956463813781738,8.580526351928711,3.749420166015625,0.09953810274600983,0.001,126.7318184375763
842,6,72,107161,128,7.699536323547363,7.318755626678467,3.797396659851074,0.10411437600851059,0.001,126.87148857116699
843,6,73,107289,128,8.91832447052002,8.518637657165527,3.9897050857543945,0.07163872569799423,0.001,127.0119776725769
844,6,74,107417,128,8.836544036865234,8.387091636657715,4.486471652984619,0.0804767906665802,0.001,127.15249681472778
845,6,75,107545,128,8.316128730773926,7.868656635284424,4.467105388641357,0.07618039101362228,0.001,127.29285025596619
846,6,76,107673,128,6.364044666290283,5.9335408210754395,4.295808792114258,0.0923222154378891,0.001,127.43419170379639
847,6,77,107801,128,7.794492244720459,7.4145660400390625,3.7904837131500244,0.08778529614210129,0.001,127.57452869415283
848,6,78,107929,128,7.390480995178223,7.037425994873047,3.519561767578125,0.10986935347318649,0.001,127.71434545516968
849,6,79,108057,128,7.872005462646484,7.527555465698242,3.4305272102355957,0.1397247314453125,0.001,127.8536171913147
850,6,80,108185,128,7.979575157165527,7.6204023361206055,3.5773680210113525,0.14362908899784088,0.001,127.99292302131653
851,6,81,108313,128,8.591268539428711,8.228225708007812,3.619948148727417,0.1047963947057724,0.001,128.13383626937866
852,6,82,108441,128,6.825489044189453,6.473598480224609,3.5028741359710693,0.16031132638454437,0.001,128.27423930168152
853,6,83,108569,128,7.8201189041137695,7.479618072509766,3.391195058822632,0.13815881311893463,0.001,128.41399765014648
854,6,84,108697,128,7.817516803741455,7.484015464782715,3.3242886066436768,0.10722409933805466,0.001,128.55595207214355
855,6,85,108825,128,8.262710571289062,7.870662689208984,3.9072718620300293,0.13208746910095215,0.001,128.6970500946045
856,6,86,108953,128,8.264120101928711,7.883964538574219,3.789398670196533,0.12163598835468292,0.001,128.8407163619995
857,6,87,109081,128,7.1316728591918945,6.743455410003662,3.872692108154297,0.09484449028968811,0.001,128.98098802566528
858,6,88,109209,128,7.374172687530518,6.998191833496094,3.748455762863159,0.11355047672986984,0.001,129.12299180030823
859,6,89,109337,128,5.404137134552002,5.020569324493408,3.8244011402130127,0.11276311427354813,0.001,129.2629849910736
860,6,90,109465,128,6.865312099456787,6.512513160705566,3.513890027999878,0.14101897180080414,0.001,129.40339374542236
861,6,91,109593,128,8.250469207763672,7.884909152984619,3.6449668407440186,0.10628799349069595,0.001,129.5446321964264
862,6,92,109721,128,8.581174850463867,8.2365140914917,3.4315555095672607,0.15051878988742828,0.001,129.68600392341614
863,6,93,109849,128,9.116927146911621,8.769205093383789,3.4652581214904785,0.11954856663942337,0.001,129.8262164592743
864,6,94,109977,128,5.902352809906006,5.531198024749756,3.696970224380493,0.1457797884941101,0.001,129.96681761741638
865,6,95,110105,128,8.912299156188965,8.532147407531738,3.7908740043640137,0.10641511529684067,0.001,130.1078760623932
866,6,96,110233,128,11.988719940185547,11.60162353515625,3.862882614135742,0.08076222985982895,0.001,130.24745321273804
867,6,97,110361,128,7.16840124130249,6.7890729904174805,3.7849583625793457,0.08326415717601776,0.001,130.3874545097351
868,6,98,110489,128,8.770221710205078,8.390849113464355,3.7825191020965576,0.11207906156778336,0.001,130.52738523483276
869,6,99,110617,128,10.572492599487305,10.173054695129395,3.9849395751953125,0.09438484162092209,0.001,130.66747665405273
870,6,100,110745,128,8.356437683105469,7.957581043243408,3.9776530265808105,0.10909820348024368,0.001,130.8067183494568
871,6,101,110873,128,5.899847507476807,5.510305881500244,3.885727643966675,0.09690506011247635,0.001,130.94625973701477
872,6,102,111001,128,7.709133148193359,7.335389614105225,3.7259271144866943,0.11507320404052734,0.001,131.0884199142456
873,6,103,111129,128,8.053887367248535,7.672268867492676,3.8014233112335205,0.14758586883544922,0.001,131.22746467590332
874,6,104,111257,128,8.968354225158691,8.631657600402832,3.3544163703918457,0.1255393624305725,0.001,131.36838674545288
875,6,105,111385,128,5.055285453796387,4.695709228515625,3.583380699157715,0.1238350048661232,0.001,131.511483669281
876,6,106,111513,128,7.1605987548828125,6.800170421600342,3.5946056842803955,0.09679913520812988,0.001,131.65371894836426
877,6,107,111641,128,7.5142340660095215,7.112791061401367,4.004168510437012,0.10263530164957047,0.001,131.79681396484375
878,6,108,111769,128,6.257699489593506,5.862743854522705,3.939523935317993,0.1003032848238945,0.001,131.93825244903564
879,6,109,111897,128,7.960760116577148,7.560354709625244,3.9925315380096436,0.11522135138511658,0.001,132.08065485954285
880,6,110,112025,128,6.8554301261901855,6.473153114318848,3.811333179473877,0.11440481245517731,0.001,132.22784996032715
881,6,111,112153,128,8.202465057373047,7.832427501678467,3.688307046890259,0.12060371041297913,0.001,132.36748814582825
882,6,112,112281,128,6.17156457901001,5.808351516723633,3.61899471282959,0.13139121234416962,0.001,132.509516954422
883,6,113,112409,128,7.904899597167969,7.535377502441406,3.684361457824707,0.10859501361846924,0.001,132.65224814414978
884,6,114,112537,128,7.446501731872559,7.072849273681641,3.7235329151153564,0.12994058430194855,0.001,132.79331398010254
885,6,115,112665,128,7.452125072479248,7.081489086151123,3.694695234298706,0.11663668602705002,0.001,132.9340283870697
886,6,116,112793,128,6.257723331451416,5.869554042816162,3.8719770908355713,0.09717297554016113,0.001,133.07572722434998
887,6,117,112921,128,7.458829402923584,7.085065841674805,3.724592924118042,0.1304144561290741,0.001,133.21740174293518
888,6,118,113049,128,6.709176063537598,6.345478057861328,3.6234469413757324,0.1353374421596527,0.001,133.3594307899475
889,6,119,113177,128,7.556542873382568,7.212878704071045,3.4248931407928467,0.11749700456857681,0.001,133.50256633758545
890,6,120,113305,128,6.872153282165527,6.495229721069336,3.7593517303466797,0.09883243590593338,0.001,133.64783549308777
891,6,121,113433,128,8.241815567016602,7.8622541427612305,3.7839434146881104,0.1166941449046135,0.001,133.7893397808075
892,6,122,113561,128,7.22967004776001,6.910554885864258,3.178713321685791,0.12441743910312653,0.001,133.9303605556488
893,6,123,113689,128,10.442463874816895,10.076775550842285,3.647099256515503,0.09788558632135391,0.001,134.07086730003357
894,6,124,113817,128,5.609864234924316,5.234801769256592,3.740286111831665,0.10335874557495117,0.001,134.21212816238403
895,6,125,113945,128,8.379864692687988,7.985160827636719,3.9311623573303223,0.15883220732212067,0.001,134.35296630859375
896,6,126,114073,128,8.092514038085938,7.68289041519165,4.08475923538208,0.11476802825927734,0.001,134.49583768844604
897,6,127,114201,128,9.142034530639648,8.74678897857666,3.942610502243042,0.09839790314435959,0.001,134.64028668403625
898,6,128,114329,128,6.9486565589904785,6.571197509765625,3.7640535831451416,0.10538535565137863,0.001,134.78151035308838
899,6,129,114457,128,7.993862152099609,7.643105506896973,3.4950225353240967,0.12544460594654083,0.001,134.92662072181702
900,6,130,114585,128,7.4989237785339355,7.147427082061768,3.505552291870117,0.09412942826747894,0.001,135.0687358379364
901,6,131,114713,128,6.781610488891602,6.391730308532715,3.886533737182617,0.12268305569887161,0.001,135.21029782295227
902,6,132,114841,128,8.603100776672363,8.188645362854004,4.136067867279053,0.08484712243080139,0.001,135.3476483821869
903,6,133,114969,128,6.647414207458496,6.273944854736328,3.7214279174804688,0.13267642259597778,0.001,135.48779201507568
904,6,134,115097,128,6.027817249298096,5.67216157913208,3.5450565814971924,0.11501166969537735,0.001,135.63218069076538
905,6,135,115225,128,7.844789505004883,7.461832523345947,3.816375732421875,0.1319236010313034,0.001,135.77517080307007
906,6,136,115353,128,6.961308479309082,6.601136207580566,3.593226909637451,0.08496759086847305,0.001,135.91644287109375
907,6,137,115481,128,9.090975761413574,8.721620559692383,3.682023286819458,0.1153000220656395,0.001,136.0586657524109
908,6,138,115609,128,7.011897563934326,6.6061692237854,4.044273376464844,0.1300847977399826,0.001,136.20183444023132
909,6,139,115737,128,5.939343452453613,5.553897857666016,3.8447794914245605,0.09673979878425598,0.001,136.34557795524597
910,6,140,115865,128,7.158041000366211,6.796957969665527,3.600412130355835,0.10420237481594086,0.001,136.48884558677673
911,6,141,115993,128,5.810949802398682,5.432818412780762,3.7697906494140625,0.11525822430849075,0.001,136.63110995292664
912,6,142,116121,128,5.909402847290039,5.552066326141357,3.5593831539154053,0.1397908329963684,0.001,136.7727153301239
913,6,143,116249,128,8.902992248535156,8.53916072845459,3.625462532043457,0.1285856068134308,0.001,136.91463470458984
914,6,144,116377,128,8.022502899169922,7.673046112060547,3.4804751873016357,0.14097309112548828,0.001,137.05825662612915
915,6,145,116505,128,8.101639747619629,7.748379230499268,3.514901876449585,0.1770033836364746,0.001,137.19999313354492
916,6,146,116633,128,6.337821006774902,6.006203651428223,3.299823522567749,0.16352479159832,0.001,137.34254145622253
917,6,147,116761,128,8.339115142822266,7.993742942810059,3.439741849899292,0.1398087590932846,0.001,137.48748207092285
918,6,148,116889,128,7.014739036560059,6.625174522399902,3.880337953567505,0.1530507504940033,0.001,137.6315565109253
919,6,149,117017,128,7.479648113250732,7.106950283050537,3.716701030731201,0.10277234762907028,0.001,137.76936602592468
920,6,150,117145,128,6.921374320983887,6.544736862182617,3.7523558139801025,0.14019855856895447,0.001,137.90744161605835
921,6,151,117273,128,6.675960063934326,6.260066509246826,4.14552640914917,0.13407489657402039,0.001,138.0503420829773
922,6,152,117401,128,11.160346984863281,10.752511978149414,4.067014217376709,0.11340337246656418,0.001,138.19234824180603
923,6,153,117529,128,8.981780052185059,8.592202186584473,3.882368326187134,0.13405412435531616,0.001,138.3368673324585
924,6,154,117534,5,6.19431209564209,5.9137797355651855,2.7929461002349854,0.12377087771892548,0.001,138.47240710258484
925,7,1,117662,128,7.986968517303467,7.591379642486572,3.9458248615264893,0.10065900534391403,0.001,139.968111038208
926,7,2,117790,128,10.050929069519043,9.669339179992676,3.802037239074707,0.13852615654468536,0.001,140.1119122505188
927,7,3,117918,128,8.124384880065918,7.745317459106445,3.777794122695923,0.12882255017757416,0.001,140.25421738624573
928,7,4,118046,128,9.129081726074219,8.771785736083984,3.559030055999756,0.1393027901649475,0.001,140.39843368530273
929,7,5,118174,128,8.77660846710205,8.39138412475586,3.841261625289917,0.10986936092376709,0.001,140.54134893417358
930,7,6,118302,128,7.2480573654174805,6.8384575843811035,4.079194068908691,0.16805444657802582,0.001,140.6839473247528
931,7,7,118430,128,9.797307968139648,9.389538764953613,4.0673017501831055,0.10399093478918076,0.001,140.82616877555847
932,7,8,118558,128,10.608288764953613,10.187677383422852,4.192626953125,0.1348491758108139,0.001,140.96859216690063
933,7,9,118686,128,9.234321594238281,8.829384803771973,4.038473129272461,0.10893205553293228,0.001,141.11154055595398
934,7,10,118814,128,6.628767013549805,6.259017467498779,3.686086654663086,0.11409787833690643,0.001,141.25350713729858
935,7,11,118942,128,7.560758590698242,7.200331211090088,3.590672492980957,0.13600324094295502,0.001,141.39528965950012
936,7,12,119070,128,9.478503227233887,9.157444953918457,3.1950552463531494,0.15528197586536407,0.001,141.53757739067078
937,7,13,119198,128,8.710958480834961,8.380010604858398,3.29491925239563,0.14559459686279297,0.001,141.67765140533447
938,7,14,119326,128,8.740164756774902,8.376640319824219,3.6216979026794434,0.13545165956020355,0.001,141.81708979606628
939,7,15,119454,128,6.927749156951904,6.527541637420654,3.991102933883667,0.10970170795917511,0.001,141.9563808441162
940,7,16,119582,128,7.140305995941162,6.728323459625244,4.105747222900391,0.1407402753829956,0.001,142.09677648544312
941,7,17,119710,128,7.698886871337891,7.303934097290039,3.9397222995758057,0.09803193807601929,0.001,142.2364399433136
942,7,18,119838,128,7.745360851287842,7.364339828491211,3.7981719970703125,0.12039531767368317,0.001,142.37625169754028
943,7,19,119966,128,7.644412994384766,7.274680137634277,3.6850457191467285,0.12281952798366547,0.001,142.51967906951904
944,7,20,120094,128,8.429351806640625,8.074146270751953,3.5393800735473633,0.12677092850208282,0.001,142.6611988544464
945,7,21,120222,128,8.106471061706543,7.75180196762085,3.52974796295166,0.1694866567850113,0.001,142.80311703681946
946,7,22,120350,128,7.798436641693115,7.444337844848633,3.528866767883301,0.12122801691293716,0.001,142.9453113079071
947,7,23,120478,128,7.72603702545166,7.337635517120361,3.8712589740753174,0.1275358498096466,0.001,143.0876488685608
948,7,24,120606,128,8.050958633422852,7.666057109832764,3.8382153511047363,0.10792882740497589,0.001,143.23002815246582
949,7,25,120734,128,6.4314284324646,6.030674934387207,3.9984495639801025,0.0908481702208519,0.001,143.37050700187683
950,7,26,120862,128,8.344734191894531,7.9653143882751465,3.78088116645813,0.1331479847431183,0.001,143.5121352672577
951,7,27,120990,128,7.802039623260498,7.427136421203613,3.7365376949310303,0.12493468075990677,0.001,143.65418767929077
952,7,28,121118,128,9.379622459411621,8.970455169677734,4.081825256347656,0.09853168576955795,0.001,143.79682064056396
953,7,29,121246,128,6.600876331329346,6.205174446105957,3.9480814933776855,0.08937055617570877,0.001,143.93793892860413
954,7,30,121374,128,5.829607009887695,5.448004722595215,3.803678512573242,0.12345144152641296,0.001,144.08034658432007
955,7,31,121502,128,7.294006824493408,6.905444622039795,3.877126932144165,0.08495831489562988,0.001,144.22217345237732
956,7,32,121630,128,6.908264636993408,6.556617736816406,3.50504994392395,0.1141955554485321,0.001,144.3607132434845
957,7,33,121758,128,6.573319435119629,6.212405681610107,3.59594464302063,0.13195174932479858,0.001,144.50273633003235
958,7,34,121886,128,6.487774848937988,6.104651927947998,3.8194377422332764,0.11791550368070602,0.001,144.6455533504486
959,7,35,122014,128,5.591078758239746,5.209229946136475,3.8093879222869873,0.09096647799015045,0.001,144.786865234375
960,7,36,122142,128,7.175176620483398,6.807033538818359,3.667942523956299,0.13491734862327576,0.001,144.9280936717987
961,7,37,122270,128,6.204768180847168,5.860084533691406,3.4348020553588867,0.12036880105733871,0.001,145.06856966018677
962,7,38,122398,128,7.355664253234863,6.993463039398193,3.6097309589385986,0.12281680852174759,0.001,145.21229028701782
963,7,39,122526,128,6.198304176330566,5.8110175132751465,3.8558428287506104,0.17021436989307404,0.001,145.35480403900146
964,7,40,122654,128,8.853365898132324,8.460229873657227,3.9206414222717285,0.10714893043041229,0.001,145.49442410469055
965,7,41,122782,128,5.129796028137207,4.7792863845825195,3.4915404319763184,0.1355513036251068,0.001,145.63566851615906
966,7,42,122910,128,10.353906631469727,9.968338966369629,3.8401741981506348,0.15509700775146484,0.001,145.77677369117737
967,7,43,123038,128,7.635310173034668,7.267468452453613,3.6657660007476807,0.12649457156658173,0.001,145.91838383674622
968,7,44,123166,128,7.108969688415527,6.721258640289307,3.864880323410034,0.12230119109153748,0.001,146.05714869499207
969,7,45,123294,128,6.277534484863281,5.8746185302734375,4.018402099609375,0.1075776070356369,0.001,146.19900226593018
970,7,46,123422,128,7.283688068389893,6.906030654907227,3.7642905712127686,0.12284364551305771,0.001,146.3410611152649
971,7,47,123550,128,6.7178874015808105,6.3496904373168945,3.6706669330596924,0.11301212757825851,0.001,146.48255062103271
972,7,48,123678,128,7.15889310836792,6.8022141456604,3.5519890785217285,0.14802557229995728,0.001,146.62485027313232
973,7,49,123806,128,6.011114120483398,5.617815017700195,3.9202165603637695,0.12774237990379333,0.001,146.76424598693848
974,7,50,123934,128,9.799345970153809,9.403105735778809,3.953819513320923,0.08579406887292862,0.001,146.90521359443665
975,7,51,124062,128,7.8575215339660645,7.4607086181640625,3.957145929336548,0.10981959849596024,0.001,147.0460979938507
976,7,52,124190,128,7.897970676422119,7.497607707977295,3.993138074874878,0.1048898696899414,0.001,147.18878769874573
977,7,53,124318,128,9.003458023071289,8.613334655761719,3.889528512954712,0.11703242361545563,0.001,147.32938504219055
978,7,54,124446,128,7.519124984741211,7.168659210205078,3.49369740486145,0.10964106023311615,0.001,147.47085618972778
979,7,55,124574,128,9.00283145904541,8.644757270812988,3.569460868835449,0.11285405606031418,0.001,147.6148340702057
980,7,56,124702,128,9.295182228088379,8.92359733581543,3.7025206089019775,0.13332204520702362,0.001,147.75866603851318
981,7,57,124830,128,8.030068397521973,7.666281223297119,3.627747058868408,0.1013239249587059,0.001,147.89813876152039
982,7,58,124958,128,6.182110786437988,5.7827534675598145,3.979771137237549,0.13799649477005005,0.001,148.03850555419922
983,7,59,125086,128,6.826648712158203,6.437006950378418,3.8873796463012695,0.09035025537014008,0.001,148.17770099639893
984,7,60,125214,128,8.264650344848633,7.8714070320129395,3.9201738834381104,0.122577004134655,0.001,148.316260099411
985,7,61,125342,128,6.748793601989746,6.348584175109863,3.9878933429718018,0.14202086627483368,0.001,148.4579565525055
986,7,62,125470,128,6.987838268280029,6.634590148925781,3.516819953918457,0.15659767389297485,0.001,148.59610414505005
987,7,63,125598,128,7.603382587432861,7.236907482147217,3.6506223678588867,0.141281396150589,0.001,148.7370090484619
988,7,64,125726,128,7.425975799560547,7.072012424468994,3.525743007659912,0.1388929933309555,0.001,148.8761022090912
989,7,65,125854,128,6.872982501983643,6.508712291717529,3.6306450366973877,0.12059598416090012,0.001,149.0138337612152
990,7,66,125982,128,6.798435211181641,6.410686016082764,3.865792751312256,0.11701154708862305,0.001,149.15650177001953
991,7,67,126110,128,5.450412273406982,5.072690963745117,3.764026641845703,0.13184212148189545,0.001,149.29599833488464
992,7,68,126238,128,5.653553485870361,5.294382572174072,3.579383373260498,0.12327089160680771,0.001,149.43728375434875
993,7,69,126366,128,7.30474853515625,6.930086612701416,3.736767530441284,0.09853295236825943,0.001,149.580064535141
994,7,70,126494,128,7.672519683837891,7.279906272888184,3.9120986461639404,0.14034155011177063,0.001,149.72150373458862
995,7,71,126622,128,5.656821250915527,5.279956817626953,3.75492787361145,0.1371690183877945,0.001,149.86037492752075
996,7,72,126750,128,5.351840019226074,5.000432014465332,3.500014066696167,0.14064547419548035,0.001,150.00099754333496
997,7,73,126878,128,7.69985294342041,7.3728413581848145,3.2573673725128174,0.12749725580215454,0.001,150.1444137096405
998,7,74,127006,128,7.723569393157959,7.368544101715088,3.53936767578125,0.10883867740631104,0.001,150.61728930473328
999,7,75,127134,128,7.0745978355407715,6.734428405761719,3.3925187587738037,0.09174037724733353,0.001,150.75968527793884
1000,7,76,127262,128,7.366195201873779,6.994744300842285,3.703986167907715,0.10522172600030899,0.001,150.9026641845703
1001,7,77,127390,128,7.629196643829346,7.238392353057861,3.897984027862549,0.10056036710739136,0.001,151.04985523223877
1002,7,78,127518,128,6.099238395690918,5.745387077331543,3.5271289348602295,0.11379764974117279,0.001,151.1943235397339
1003,7,79,127646,128,9.891101837158203,9.521454811096191,3.68334698677063,0.13119131326675415,0.001,151.34077787399292
1004,7,80,127774,128,6.720179080963135,6.335711479187012,3.8279521465301514,0.16723178327083588,0.001,151.48574900627136
1005,7,81,127902,128,6.262393951416016,5.875130653381348,3.86087703704834,0.11753477901220322,0.001,151.62768173217773
1006,7,82,128030,128,8.184308052062988,7.804222583770752,3.789128303527832,0.11728383600711823,0.001,151.76577591896057
1007,7,83,128158,128,6.245804786682129,5.856143474578857,3.882017135620117,0.14593611657619476,0.001,151.90611720085144
1008,7,84,128286,128,6.79031229019165,6.427911281585693,3.610157012939453,0.1385306864976883,0.001,152.0478355884552
1009,7,85,128414,128,8.55521011352539,8.191638946533203,3.621563673019409,0.14149311184883118,0.001,152.18889451026917
1010,7,86,128542,128,7.514619827270508,7.139197826385498,3.7408549785614014,0.13366185128688812,0.001,152.32626295089722
1011,7,87,128670,128,6.271249294281006,5.91241455078125,3.5753800868988037,0.12964759767055511,0.001,152.46525955200195
1012,7,88,128798,128,7.127800464630127,6.7776055335998535,3.486973285675049,0.14976535737514496,0.001,152.6079125404358
1013,7,89,128926,128,6.042326927185059,5.686401844024658,3.5463104248046875,0.12939433753490448,0.001,152.74706411361694
1014,7,90,129054,128,7.296797275543213,6.909090042114258,3.8646767139434814,0.12395957857370377,0.001,152.8842134475708
1015,7,91,129182,128,5.622174263000488,5.240593433380127,3.8011882305145264,0.146178737282753,0.001,153.0239222049713
1016,7,92,129310,128,6.588527679443359,6.188176155090332,3.9911913871765137,0.12322103977203369,0.001,153.16378736495972
1017,7,93,129438,128,5.766413688659668,5.387506484985352,3.7773735523223877,0.11694908142089844,0.001,153.30059170722961
1018,7,94,129566,128,6.467351913452148,6.086756706237793,3.7950127124786377,0.10937950015068054,0.001,153.43727111816406
1019,7,95,129694,128,7.319630146026611,6.969318866729736,3.4898903369903564,0.13222499191761017,0.001,153.5795681476593
1020,7,96,129822,128,6.355491638183594,5.989972114562988,3.639641523361206,0.1555625945329666,0.001,153.73751783370972
1021,7,97,129950,128,7.240272521972656,6.844504356384277,3.9476006031036377,0.10081001371145248,0.001,153.87813448905945
1022,7,98,130078,128,8.177223205566406,7.76591157913208,4.098864555358887,0.14245104789733887,0.001,154.02153754234314
1023,7,99,130206,128,5.035739421844482,4.653890609741211,3.8075194358825684,0.10966989398002625,0.001,154.1616358757019
1024,7,100,130334,128,6.494309902191162,6.127060890197754,3.660972833633423,0.11514720320701599,0.001,154.30327081680298
1025,7,101,130462,128,6.833097457885742,6.4684271812438965,3.6365373134613037,0.10164902359247208,0.001,154.44122195243835
1026,7,102,130590,128,6.880136489868164,6.539316654205322,3.3976049423217773,0.10594113916158676,0.001,154.5818371772766
1027,7,103,130718,128,6.690214157104492,6.320024490356445,3.687864303588867,0.14034216105937958,0.001,154.7209029197693
1028,7,104,130846,128,7.305957794189453,6.920278072357178,3.843280553817749,0.13520126044750214,0.001,154.86223149299622
1029,7,105,130974,128,7.709542751312256,7.338586807250977,3.696139335632324,0.13420461118221283,0.001,155.00460195541382
1030,7,106,131102,128,7.108205795288086,6.705786228179932,4.013711929321289,0.10485555231571198,0.001,155.148823261261
1031,7,107,131230,128,7.569817066192627,7.192761421203613,3.7551770210266113,0.15379954874515533,0.001,155.28783321380615
1032,7,108,131358,128,7.221920013427734,6.852158546447754,3.6830849647521973,0.1452702134847641,0.001,155.4270703792572
1033,7,109,131486,128,7.368902206420898,7.024707794189453,3.428361177444458,0.13587422668933868,0.001,155.56587100028992
1034,7,110,131614,128,6.033621788024902,5.680629253387451,3.511353015899658,0.1857164353132248,0.001,155.70511746406555
1035,7,111,131742,128,8.855034828186035,8.503450393676758,3.498223304748535,0.1762222945690155,0.001,155.84257078170776
1036,7,112,131870,128,7.178159236907959,6.790516376495361,3.85855770111084,0.1786995232105255,0.001,155.9812617301941
1037,7,113,131998,128,6.125056266784668,5.7326884269714355,3.9112701416015625,0.12408332526683807,0.001,156.1224913597107
1038,7,114,132126,128,6.35673189163208,5.973855972290039,3.8182647228240967,0.10496082901954651,0.001,156.26058268547058
1039,7,115,132254,128,7.841687202453613,7.46795129776001,3.724492311477661,0.12866543233394623,0.001,156.39977264404297
1040,7,116,132382,128,6.796611309051514,6.410638332366943,3.8459484577178955,0.13778753578662872,0.001,156.5442509651184
1041,7,117,132510,128,6.911388397216797,6.527247905731201,3.8276660442352295,0.13737371563911438,0.001,156.68333458900452
1042,7,118,132638,128,6.076564788818359,5.686890602111816,3.884937047958374,0.1180705800652504,0.001,156.82427310943604
1043,7,119,132766,128,5.821053504943848,5.443073749542236,3.768982172012329,0.10815116763114929,0.001,156.9661545753479
1044,7,120,132894,128,6.864030838012695,6.4942450523376465,3.683231830596924,0.1462521106004715,0.001,157.11091804504395
1045,7,121,133022,128,8.260587692260742,7.901955604553223,3.573418140411377,0.1290673017501831,0.001,157.2520191669464
1046,7,122,133150,128,6.210621356964111,5.8589959144592285,3.50514817237854,0.11104438453912735,0.001,157.39374613761902
1047,7,123,133278,128,6.990057468414307,6.613327503204346,3.7517247200012207,0.15573011338710785,0.001,157.53820776939392
1048,7,124,133406,128,7.035937309265137,6.623367786407471,4.114680290222168,0.1101604551076889,0.001,157.68115830421448
1049,7,125,133534,128,5.99259614944458,5.58318567276001,4.080776691436768,0.133270725607872,0.001,157.8221790790558
1050,7,126,133662,128,7.175968170166016,6.806366443634033,3.6865007877349854,0.09516101330518723,0.001,157.9648265838623
1051,7,127,133790,128,7.523988246917725,7.129523277282715,3.9355719089508057,0.09077464789152145,0.001,158.10857391357422
1052,7,128,133918,128,4.338665962219238,3.9635813236236572,3.739527702331543,0.11318191885948181,0.001,158.24950003623962
1053,7,129,134046,128,9.837143898010254,9.4736909866333,3.6236424446105957,0.10893486440181732,0.001,158.39155220985413
1054,7,130,134174,128,5.803625106811523,5.4552001953125,3.471163272857666,0.13083358108997345,0.001,158.5328333377838
1055,7,131,134302,128,7.394395351409912,7.030180931091309,3.6327922344207764,0.09351823478937149,0.001,158.6719605922699
1056,7,132,134430,128,9.07636833190918,8.670666694641113,4.047247886657715,0.09764940291643143,0.001,158.8140640258789
1057,7,133,134558,128,8.34257698059082,7.936137676239014,4.054274082183838,0.10114900022745132,0.001,158.95304369926453
1058,7,134,134686,128,7.072681903839111,6.662481307983398,4.089164733886719,0.12839484214782715,0.001,159.09559059143066
1059,7,135,134814,128,6.697223663330078,6.310806751251221,3.8521292209625244,0.12037815898656845,0.001,159.2386691570282
1060,7,136,134942,128,7.202852249145508,6.835122108459473,3.6596617698669434,0.17637035250663757,0.001,159.38037729263306
1061,7,137,135070,128,7.17112398147583,6.785137176513672,3.8498313426971436,0.10038813948631287,0.001,159.5229766368866
1062,7,138,135198,128,6.410086631774902,6.04561710357666,3.6284873485565186,0.1620888113975525,0.001,159.6639564037323
1063,7,139,135326,128,7.898716926574707,7.526286602020264,3.710808515548706,0.1349354386329651,0.001,159.8048677444458
1064,7,140,135454,128,12.209766387939453,11.810345649719238,3.982090950012207,0.12113688141107559,0.001,159.9428949356079
1065,7,141,135582,128,11.579026222229004,11.195261001586914,3.826133966445923,0.11524730175733566,0.001,160.08588337898254
1066,7,142,135710,128,9.772468566894531,9.414523124694824,3.5653557777404785,0.14095811545848846,0.001,160.22902631759644
1067,7,143,135838,128,6.338963508605957,5.9886016845703125,3.487494945526123,0.16119827330112457,0.001,160.3691804409027
1068,7,144,135966,128,5.887934684753418,5.546107292175293,3.4042129516601562,0.14063803851604462,0.001,160.51006031036377
1069,7,145,136094,128,7.685492515563965,7.322939872741699,3.615851879119873,0.09672893583774567,0.001,160.6503622531891
1070,7,146,136222,128,7.697717666625977,7.33243465423584,3.639353036880493,0.1347620189189911,0.001,160.78931713104248
1071,7,147,136350,128,5.908559322357178,5.534512519836426,3.730725049972534,0.09741181880235672,0.001,160.9271674156189
1072,7,148,136478,128,7.1908087730407715,6.760324001312256,4.293529987335205,0.11316662281751633,0.001,161.06611967086792
1073,7,149,136606,128,7.491504192352295,7.076452732086182,4.138453960418701,0.12061233073472977,0.001,161.2058548927307
1074,7,150,136734,128,5.619919300079346,5.235909461975098,3.829275369644165,0.1082301139831543,0.001,161.34348154067993
1075,7,151,136862,128,7.731051445007324,7.369600296020508,3.60355281829834,0.10958537459373474,0.001,161.48255372047424
1076,7,152,136990,128,5.76467227935791,5.438178539276123,3.250102996826172,0.14833617210388184,0.001,161.62568473815918
1077,7,153,137118,128,6.703521251678467,6.359262466430664,3.42838191986084,0.14205925166606903,0.001,161.7654161453247
1078,7,154,137123,5,1.603527307510376,1.3472055196762085,2.55110502243042,0.12113408744335175,0.001,161.90179586410522
1079,8,1,137251,128,7.578309059143066,7.219583511352539,3.5739011764526367,0.13358084857463837,0.001,163.4154257774353
1080,8,2,137379,128,7.651298522949219,7.305646896362305,3.44553542137146,0.10983652621507645,0.001,163.5585150718689
1081,8,3,137507,128,6.235270023345947,5.83234167098999,4.019355773925781,0.09925710409879684,0.001,163.7007601261139
1082,8,4,137635,128,7.488829612731934,7.105769157409668,3.821800947189331,0.08804432302713394,0.001,163.8430256843567
1083,8,5,137763,128,7.388269901275635,6.965388774871826,4.218722343444824,0.10088689625263214,0.001,163.98494601249695
1084,8,6,137891,128,6.0970354080200195,5.68451452255249,4.11690092086792,0.08308874070644379,0.001,164.12843012809753
1085,8,7,138019,128,7.788023948669434,7.390142440795898,3.969128370285034,0.09682311862707138,0.001,164.270325422287
1086,8,8,138147,128,7.957916259765625,7.547867298126221,4.091604709625244,0.08883699029684067,0.001,164.41165208816528
1087,8,9,138275,128,7.249680042266846,6.850996017456055,3.979240655899048,0.07598482072353363,0.001,164.55360460281372
1088,8,10,138403,128,9.531587600708008,9.139829635620117,3.906783103942871,0.1079142764210701,0.001,164.69698357582092
1089,8,11,138531,128,7.854191303253174,7.498367786407471,3.5483782291412354,0.09854207932949066,0.001,164.83606219291687
1090,8,12,138659,128,7.195644378662109,6.834236145019531,3.600438117980957,0.13642603158950806,0.001,164.97347140312195
1091,8,13,138787,128,7.420291423797607,7.062926769256592,3.555837869644165,0.1781078726053238,0.001,165.11664748191833
1092,8,14,138915,128,6.6605963706970215,6.318312168121338,3.408921957015991,0.13918933272361755,0.001,165.25623273849487
1093,8,15,139043,128,7.155991077423096,6.734916687011719,4.202737808227539,0.08006630092859268,0.001,165.39500761032104
1094,8,16,139171,128,7.096245288848877,6.707211494445801,3.8789665699005127,0.11371760815382004,0.001,165.5362467765808
1095,8,17,139299,128,7.211279392242432,6.791234493255615,4.190286159515381,0.10159768909215927,0.001,165.67830753326416
1096,8,18,139427,128,5.943909168243408,5.56724739074707,3.7557146549224854,0.10904855281114578,0.001,165.81713223457336
1097,8,19,139555,128,7.430008888244629,7.068694591522217,3.6015286445617676,0.11615750193595886,0.001,165.95812511444092
1098,8,20,139683,128,8.413912773132324,8.063189506530762,3.494706153869629,0.1252107471227646,0.001,166.10513520240784
1099,8,21,139811,128,6.047242164611816,5.716618061065674,3.288477897644043,0.17761299014091492,0.001,166.24595093727112
1100,8,22,139939,128,5.7184343338012695,5.383219242095947,3.3398852348327637,0.12264993041753769,0.001,166.38504838943481
1101,8,23,140067,128,8.719839096069336,8.386981010437012,3.3127715587615967,0.158163920044899,0.001,166.52565169334412
1102,8,24,140195,128,5.33408784866333,4.975813865661621,3.568758487701416,0.13980376720428467,0.001,166.66608595848083
1103,8,25,140323,128,5.183030605316162,4.822687149047852,3.5904970169067383,0.1293715238571167,0.001,166.80627179145813
1104,8,26,140451,128,5.880916595458984,5.496201992034912,3.8355963230133057,0.11548789590597153,0.001,166.94888639450073
1105,8,27,140579,128,6.29973030090332,5.897175312042236,4.010670185089111,0.14875946938991547,0.001,167.0930871963501
1106,8,28,140707,128,8.295580863952637,7.86899471282959,4.2531843185424805,0.12676656246185303,0.001,167.23334169387817
1107,8,29,140835,128,9.584418296813965,9.173888206481934,4.091554164886475,0.1373797357082367,0.001,167.3746943473816
1108,8,30,140963,128,7.254524230957031,6.838119983673096,4.153858661651611,0.10186156630516052,0.001,167.51614713668823
1109,8,31,141091,128,6.995340347290039,6.596847057342529,3.9700770378112793,0.14856931567192078,0.001,167.6557731628418
1110,8,32,141219,128,5.698616981506348,5.354817867279053,3.425570011138916,0.12419985234737396,0.001,167.795583486557
1111,8,33,141347,128,8.743609428405762,8.390564918518066,3.5177574157714844,0.12682336568832397,0.001,167.93496346473694
1112,8,34,141475,128,8.20108699798584,7.86764669418335,3.320833683013916,0.13573352992534637,0.001,168.0751416683197
1113,8,35,141603,128,6.825825214385986,6.465414047241211,3.594377040863037,0.09731302410364151,0.001,168.22029733657837
1114,8,36,141731,128,6.128006458282471,5.753584384918213,3.732187032699585,0.1203605979681015,0.001,168.36196613311768
1115,8,37,141859,128,6.856804370880127,6.472775936126709,3.830901622772217,0.09385088831186295,0.001,168.499995470047
1116,8,38,141987,128,6.623978614807129,6.251430988311768,3.715324640274048,0.10150369256734848,0.001,168.63963413238525
1117,8,39,142115,128,5.826487064361572,5.434225559234619,3.9138622283935547,0.08755809813737869,0.001,168.77868032455444
1118,8,40,142243,128,6.723357200622559,6.347589492797852,3.7481608390808105,0.09516198933124542,0.001,168.91637659072876
1119,8,41,142371,128,6.322089195251465,5.90189790725708,4.192664623260498,0.09252992272377014,0.001,169.06003379821777
1120,8,42,142499,128,5.607751369476318,5.24821662902832,3.585374593734741,0.09969143569469452,0.001,169.20255613327026
1121,8,43,142627,128,6.554107666015625,6.174694061279297,3.7844598293304443,0.09675752371549606,0.001,169.3427450656891
1122,8,44,142755,128,6.925477027893066,6.563004493713379,3.6145339012145996,0.10192380845546722,0.001,169.48143529891968
1123,8,45,142883,128,6.200133800506592,5.845181941986084,3.537100076675415,0.12416467070579529,0.001,169.62380027770996
1124,8,46,143011,128,8.960506439208984,8.576960563659668,3.821944236755371,0.135103240609169,0.001,169.7659876346588
1125,8,47,143139,128,9.196429252624512,8.821744918823242,3.731313943862915,0.15523044764995575,0.001,169.90536618232727
1126,8,48,143267,128,7.035429954528809,6.66417121887207,3.702982187271118,0.09603798389434814,0.001,170.0482213497162
1127,8,49,143395,128,5.853316307067871,5.459033489227295,3.9310619831085205,0.11769073456525803,0.001,170.1907479763031
1128,8,50,143523,128,5.848816871643066,5.444578170776367,4.030187129974365,0.12195292860269547,0.001,170.32966947555542
1129,8,51,143651,128,9.535118103027344,9.153101921081543,3.8097124099731445,0.10450133681297302,0.001,170.46655821800232
1130,8,52,143779,128,8.812515258789062,8.414023399353027,3.9750895500183105,0.09831506758928299,0.001,170.60848259925842
1131,8,53,143907,128,6.473837852478027,6.099071025848389,3.7329137325286865,0.14752234518527985,0.001,170.74551510810852
1132,8,54,144035,128,6.8648681640625,6.483181953430176,3.802043914794922,0.148188516497612,0.001,170.88326835632324
1133,8,55,144163,128,6.477722644805908,6.133342742919922,3.4286320209503174,0.15169665217399597,0.001,171.02576661109924
1134,8,56,144291,128,8.094138145446777,7.708521366119385,3.8432393074035645,0.12930741906166077,0.001,171.16816568374634
1135,8,57,144419,128,6.990943908691406,6.635624408721924,3.5391414165496826,0.14051032066345215,0.001,171.30856084823608
1136,8,58,144547,128,6.2288336753845215,5.858585357666016,3.688575267791748,0.1390777975320816,0.001,171.45041632652283
1137,8,59,144675,128,9.275849342346191,8.909693717956543,3.648052215576172,0.13500601053237915,0.001,171.5929627418518
1138,8,60,144803,128,6.511965751647949,6.144583225250244,3.65801739692688,0.1580820381641388,0.001,171.7319052219391
1139,8,61,144931,128,5.812941551208496,5.44707727432251,3.6462833881378174,0.1235952153801918,0.001,171.87018299102783
1140,8,62,145059,128,5.989851951599121,5.640762805938721,3.478447914123535,0.12446785718202591,0.001,172.0115261077881
1141,8,63,145187,128,5.52056884765625,5.135809898376465,3.834845542907715,0.12748059630393982,0.001,172.15380430221558
1142,8,64,145315,128,8.079550743103027,7.672749042510986,4.054873943328857,0.13137555122375488,0.001,172.2952401638031
1143,8,65,145443,128,7.698479175567627,7.30527925491333,3.9164581298828125,0.15538360178470612,0.001,172.43801832199097
1144,8,66,145571,128,6.924724102020264,6.573794364929199,3.4942729473114014,0.1502387672662735,0.001,172.5792784690857
1145,8,67,145699,128,6.135891437530518,5.7702131271362305,3.645578622817993,0.11205630004405975,0.001,172.72052526474
1146,8,68,145827,128,6.584603786468506,6.22598123550415,3.572657346725464,0.13566814363002777,0.001,172.85980415344238
1147,8,69,145955,128,8.709296226501465,8.375693321228027,3.320768117904663,0.15262256562709808,0.001,173.00277090072632
1148,8,70,146083,128,5.666036605834961,5.31660270690918,3.483081340789795,0.11258430033922195,0.001,173.1468677520752
1149,8,71,146211,128,6.0731611251831055,5.665207386016846,4.0690765380859375,0.10460565239191055,0.001,173.28645157814026
1150,8,72,146339,128,6.652506351470947,6.236607074737549,4.148217678070068,0.1077723354101181,0.001,173.43269777297974
1151,8,73,146467,128,8.537898063659668,8.130105018615723,4.065767765045166,0.12161228060722351,0.001,173.5734760761261
1152,8,74,146595,128,5.654171943664551,5.2926926612854,3.603672742843628,0.11118122190237045,0.001,173.71659517288208
1153,8,75,146723,128,5.177635669708252,4.806601524353027,3.6988837718963623,0.11460664123296738,0.001,173.85693955421448
1154,8,76,146851,128,5.882894515991211,5.514496326446533,3.6674880981445312,0.16495990753173828,0.001,173.99933218955994
1155,8,77,146979,128,7.80388879776001,7.437450408935547,3.6500065326690674,0.1437566876411438,0.001,174.14158010482788
1156,8,78,147107,128,6.324223041534424,5.969918727874756,3.53192138671875,0.11119513213634491,0.001,174.28133130073547
1157,8,79,147235,128,5.944518566131592,5.589313983917236,3.537102699279785,0.14945019781589508,0.001,174.42008566856384
1158,8,80,147363,128,6.986664295196533,6.613746166229248,3.718475818634033,0.1070513129234314,0.001,174.5599660873413
1159,8,81,147491,128,5.274962902069092,4.896758079528809,3.7705252170562744,0.11526893079280853,0.001,174.69952058792114
1160,8,82,147619,128,6.868021011352539,6.490283012390137,3.7641212940216064,0.13261665403842926,0.001,174.84031105041504
1161,8,83,147747,128,6.547455310821533,6.162886142730713,3.831585645675659,0.1410250961780548,0.001,174.983056306839
1162,8,84,147875,128,6.842329502105713,6.4446563720703125,3.963749647140503,0.12980619072914124,0.001,175.12683701515198
1163,8,85,148003,128,6.874160289764404,6.494211673736572,3.785935640335083,0.1355140060186386,0.001,175.2673180103302
1164,8,86,148131,128,6.462573051452637,6.09623908996582,3.648685932159424,0.14654333889484406,0.001,175.40650272369385
1165,8,87,148259,128,5.485052108764648,5.108226299285889,3.7537238597869873,0.1453537940979004,0.001,175.5465371608734
1166,8,88,148387,128,7.627607345581055,7.259687423706055,3.663834810256958,0.15364129841327667,0.001,175.68634796142578
1167,8,89,148515,128,7.082579135894775,6.720556259155273,3.6068193912506104,0.13407869637012482,0.001,175.82533192634583
1168,8,90,148643,128,8.626173973083496,8.240765571594238,3.840895652770996,0.131937637925148,0.001,175.96515369415283
1169,8,91,148771,128,7.13365364074707,6.749497890472412,3.8282628059387207,0.1329413801431656,0.001,176.10606622695923
1170,8,92,148899,128,6.066730976104736,5.669985771179199,3.9565107822418213,0.10943558812141418,0.001,176.2463755607605
1171,8,93,149027,128,4.836522102355957,4.451928615570068,3.8314225673675537,0.14509408175945282,0.001,176.38601183891296
1172,8,94,149155,128,6.505836009979248,6.166128635406494,3.376664400100708,0.20409256219863892,0.001,176.52744340896606
1173,8,95,149283,128,5.268704891204834,4.902008533477783,3.6528396606445312,0.1412217617034912,0.001,176.66710233688354
1174,8,96,149411,128,6.878174781799316,6.542888164520264,3.333146333694458,0.19723595678806305,0.001,176.80595803260803
1175,8,97,149539,128,7.918290615081787,7.550624370574951,3.6614928245544434,0.1516861468553543,0.001,176.9452166557312
1176,8,98,149667,128,11.831014633178711,11.451622009277344,3.7834620475769043,0.10458110272884369,0.001,177.0919065475464
1177,8,99,149795,128,6.7109375,6.353768825531006,3.559157133102417,0.1253017634153366,0.001,177.23319578170776
1178,8,100,149923,128,7.278470993041992,6.914038181304932,3.6325061321258545,0.11821284890174866,0.001,177.37666535377502
1179,8,101,150051,128,6.720123291015625,6.347724914550781,3.714158296585083,0.09826800972223282,0.001,177.52459383010864
1180,8,102,150179,128,7.049623012542725,6.670726299285889,3.7790966033935547,0.0986914113163948,0.001,177.66729426383972
1181,8,103,150307,128,7.5964436531066895,7.217862129211426,3.7757482528686523,0.10067709535360336,0.001,177.80694150924683
1182,8,104,150435,128,6.2945404052734375,5.892300605773926,4.013256549835205,0.09138902276754379,0.001,177.9481372833252
1183,8,105,150563,128,7.273926734924316,6.876019477844238,3.969877243041992,0.09191904217004776,0.001,178.09010815620422
1184,8,106,150691,128,6.908008098602295,6.544839382171631,3.620321035385132,0.11365670710802078,0.001,178.2297773361206
1185,8,107,150819,128,7.593513011932373,7.2178473472595215,3.747636079788208,0.09021375328302383,0.001,178.36902785301208
1186,8,108,150947,128,9.122701644897461,8.75174617767334,3.6979424953460693,0.11619561910629272,0.001,178.50840282440186
1187,8,109,151075,128,9.942523002624512,9.563525199890137,3.7823896408081055,0.07586780190467834,0.001,178.6484296321869
1188,8,110,151203,128,8.780951499938965,8.393561363220215,3.8626012802124023,0.11297275125980377,0.001,178.78780364990234
1189,8,111,151331,128,7.855154037475586,7.431492805480957,4.222244739532471,0.1436658501625061,0.001,178.9288022518158
1190,8,112,151459,128,7.914745330810547,7.510575294494629,4.030293941497803,0.11404230445623398,0.001,179.0704483985901
1191,8,113,151587,128,6.626855373382568,6.2427496910095215,3.829669713973999,0.11389194428920746,0.001,179.2120668888092
1192,8,114,151715,128,8.136987686157227,7.772238731384277,3.6363701820373535,0.11115312576293945,0.001,179.35437035560608
1193,8,115,151843,128,7.7853312492370605,7.437864303588867,3.4602465629577637,0.14424286782741547,0.001,179.49442076683044
1194,8,116,151971,128,8.5794095993042,8.216307640075684,3.617600679397583,0.13419076800346375,0.001,179.6368088722229
1195,8,117,152099,128,7.358841419219971,6.97815465927124,3.7973480224609375,0.09516089409589767,0.001,179.77710437774658
1196,8,118,152227,128,6.143770694732666,5.7511820793151855,3.9139416217803955,0.11943291127681732,0.001,179.91778683662415
1197,8,119,152355,128,6.011928081512451,5.607004642486572,4.03701639175415,0.12216319888830185,0.001,180.0590624809265
1198,8,120,152483,128,6.489365577697754,6.112627029418945,3.755735158920288,0.11646758764982224,0.001,180.20109033584595
1199,8,121,152611,128,6.700140476226807,6.335586071014404,3.632540702819824,0.13005034625530243,0.001,180.34220719337463
1200,8,122,152739,128,5.876395225524902,5.5092058181762695,3.656095504760742,0.15798744559288025,0.001,180.48294115066528
1201,8,123,152867,128,6.879870414733887,6.5278778076171875,3.5095107555389404,0.1041569784283638,0.001,180.62477946281433
1202,8,124,152995,128,4.925195693969727,4.585707187652588,3.384643793106079,0.10243936628103256,0.001,180.76619338989258
1203,8,125,153123,128,7.001512050628662,6.650515079498291,3.4992339611053467,0.1073593720793724,0.001,180.90722680091858
1204,8,126,153251,128,5.61838960647583,5.239629745483398,3.776930093765259,0.10666204243898392,0.001,181.04928398132324
1205,8,127,153379,128,6.018626689910889,5.652200698852539,3.6529698371887207,0.1128915399312973,0.001,181.19099879264832
1206,8,128,153507,128,5.395552635192871,5.0262227058410645,3.6832563877105713,0.10040836036205292,0.001,181.3322024345398
1207,8,129,153635,128,5.177789688110352,4.820103168487549,3.566758871078491,0.10104426741600037,0.001,181.47398376464844
1208,8,130,153763,128,6.0976362228393555,5.736461162567139,3.600612163543701,0.1113855168223381,0.001,181.61672186851501
1209,8,131,153891,128,5.234253406524658,4.875705242156982,3.5714612007141113,0.1402115672826767,0.001,181.7570242881775
1210,8,132,154019,128,6.118636608123779,5.7812724113464355,3.361522674560547,0.12120626121759415,0.001,181.89798879623413
1211,8,133,154147,128,6.8459906578063965,6.45534610748291,3.896134614944458,0.10307928174734116,0.001,182.03970384597778
1212,8,134,154275,128,8.137746810913086,7.734676837921143,4.018197536468506,0.1249927282333374,0.001,182.18111753463745
1213,8,135,154403,128,6.89886474609375,6.49251127243042,4.05026912689209,0.13265742361545563,0.001,182.32074403762817
1214,8,136,154531,128,5.56939172744751,5.196239471435547,3.7190709114074707,0.12451238185167313,0.001,182.46171808242798
1215,8,137,154659,128,9.103012084960938,8.725970268249512,3.7560551166534424,0.14359013736248016,0.001,182.60260009765625
1216,8,138,154787,128,7.323681831359863,6.968696117401123,3.5354838371276855,0.14370791614055634,0.001,182.74441385269165
1217,8,139,154915,128,6.687008857727051,6.317081928253174,3.686156749725342,0.13111335039138794,0.001,182.88577961921692
1218,8,140,155043,128,7.372228622436523,7.010745525360107,3.6040825843811035,0.10746961086988449,0.001,183.02718591690063
1219,8,141,155171,128,9.379305839538574,9.003836631774902,3.7416932582855225,0.12999743223190308,0.001,183.16914701461792
1220,8,142,155299,128,8.730443000793457,8.306106567382812,4.23347282409668,0.09885270148515701,0.001,183.31249594688416
1221,8,143,155427,128,9.149933815002441,8.686115264892578,4.626339912414551,0.11842495948076248,0.001,183.4531455039978
1222,8,144,155555,128,6.477455139160156,6.06266975402832,4.134713172912598,0.13141897320747375,0.001,183.59547519683838
1223,8,145,155683,128,8.698217391967773,8.287867546081543,4.092138767242432,0.1136191263794899,0.001,184.08103609085083
1224,8,146,155811,128,8.028447151184082,7.614001750946045,4.1332316398620605,0.11226366460323334,0.001,184.22291135787964
1225,8,147,155939,128,5.556422233581543,5.2140936851501465,3.4096765518188477,0.13609178364276886,0.001,184.36777520179749
1226,8,148,156067,128,6.000539302825928,5.653899192810059,3.4515984058380127,0.14800040423870087,0.001,184.50865697860718
1227,8,149,156195,128,5.928738594055176,5.567889213562012,3.593312978744507,0.15182946622371674,0.001,184.65140104293823
1228,8,150,156323,128,7.14893102645874,6.805441379547119,3.419447898864746,0.15449734032154083,0.001,184.79132914543152
1229,8,151,156451,128,5.406468391418457,5.064450263977051,3.4070653915405273,0.1311555802822113,0.001,184.9305317401886
1230,8,152,156579,128,6.435943603515625,6.058138370513916,3.7631425857543945,0.1491127610206604,0.001,185.07062220573425
1231,8,153,156707,128,7.428711891174316,7.024805068969727,4.028557300567627,0.10509733110666275,0.001,185.21054434776306
1232,8,154,156712,5,14.588772773742676,14.241592407226562,3.462780475616455,0.09026308357715607,0.001,185.34519124031067
1233,9,1,156840,128,6.2976226806640625,5.8879008293151855,4.0828166007995605,0.14401216804981232,0.001,186.83896660804749
1234,9,2,156968,128,8.019458770751953,7.632176876068115,3.8591909408569336,0.1363164633512497,0.001,186.97930574417114
1235,9,3,157096,128,7.58071756362915,7.225927829742432,3.534179210662842,0.13717767596244812,0.001,187.12182998657227
1236,9,4,157224,128,5.91472864151001,5.551144599914551,3.6208105087280273,0.15028591454029083,0.001,187.2619526386261
1237,9,5,157352,128,5.90463399887085,5.520542621612549,3.829474925994873,0.11439723521471024,0.001,187.40641570091248
1238,9,6,157480,128,5.371050834655762,5.009696960449219,3.5986647605895996,0.1487392783164978,0.001,187.5488476753235
1239,9,7,157608,128,5.986917972564697,5.596637725830078,3.8943028450012207,0.08500511199235916,0.001,187.69384837150574
1240,9,8,157736,128,6.273130416870117,5.911808490753174,3.5979838371276855,0.1523696333169937,0.001,187.8337767124176
1241,9,9,157864,128,7.526908874511719,7.158388137817383,3.672555446624756,0.12648725509643555,0.001,187.97464179992676
1242,9,10,157992,128,7.168072700500488,6.812117099761963,3.5475401878356934,0.12015077471733093,0.001,188.1166477203369
1243,9,11,158120,128,6.380366802215576,5.991025924682617,3.878655195236206,0.14753803610801697,0.001,188.26039385795593
1244,9,12,158248,128,5.971035003662109,5.566502571105957,4.036189079284668,0.09134963899850845,0.001,188.40157103538513
1245,9,13,158376,128,6.116560935974121,5.752867221832275,3.6230125427246094,0.1392517387866974,0.001,188.54588317871094
1246,9,14,158504,128,6.77856969833374,6.395371913909912,3.8208351135253906,0.11145961284637451,0.001,188.68594241142273
1247,9,15,158632,128,7.15208101272583,6.7742919921875,3.7663447856903076,0.11543990671634674,0.001,188.82294392585754
1248,9,16,158760,128,6.524699687957764,6.185202598571777,3.381591796875,0.13380560278892517,0.001,188.96460962295532
1249,9,17,158888,128,7.1538519859313965,6.7892656326293945,3.634315013885498,0.11549827456474304,0.001,189.10611414909363
1250,9,18,159016,128,6.92106819152832,6.5509514808654785,3.689274311065674,0.11892581731081009,0.001,189.24809193611145
1251,9,19,159144,128,7.2957916259765625,6.9065632820129395,3.8831613063812256,0.09121821075677872,0.001,189.389328956604
1252,9,20,159272,128,7.253241539001465,6.878028392791748,3.741752862930298,0.10381820797920227,0.001,189.53073692321777
1253,9,21,159400,128,6.493967533111572,6.118980407714844,3.7394304275512695,0.10441640764474869,0.001,189.6715385913849
1254,9,22,159528,128,6.615925312042236,6.254415988922119,3.6019792556762695,0.13113582134246826,0.001,189.81539821624756
1255,9,23,159656,128,6.954169750213623,6.601161479949951,3.51511287689209,0.1496661901473999,0.001,189.95593523979187
1256,9,24,159784,128,6.352192401885986,5.989774703979492,3.612840414047241,0.1133478507399559,0.001,190.0970013141632
1257,9,25,159912,128,7.108465194702148,6.746676921844482,3.605830192565918,0.12056184560060501,0.001,190.2360327243805
1258,9,26,160040,128,7.109721660614014,6.722723960876465,3.8566830158233643,0.13296349346637726,0.001,190.37515926361084
1259,9,27,160168,128,7.737271308898926,7.361963748931885,3.737267255783081,0.15808619558811188,0.001,190.51558709144592
1260,9,28,160296,128,8.29418659210205,7.923279285430908,3.693866491317749,0.15213018655776978,0.001,190.65676641464233
1261,9,29,160424,128,6.341541290283203,5.923900604248047,4.162984848022461,0.13423505425453186,0.001,190.79707312583923
1262,9,30,160552,128,7.369528293609619,6.992950439453125,3.752142906188965,0.13638363778591156,0.001,190.9375946521759
1263,9,31,160680,128,7.178945541381836,6.80275821685791,3.7499194145202637,0.11953553557395935,0.001,191.07900953292847
1264,9,32,160808,128,6.119345188140869,5.703507900238037,4.143068790435791,0.15302231907844543,0.001,191.21864414215088
1265,9,33,160936,128,6.4652509689331055,6.077912330627441,3.862551689147949,0.10832015424966812,0.001,191.35693621635437
1266,9,34,161064,128,7.411561012268066,7.014284610748291,3.960900068283081,0.11865636706352234,0.001,191.49825859069824
1267,9,35,161192,128,7.483072280883789,7.084159851074219,3.9742939472198486,0.14828890562057495,0.001,191.63975143432617
1268,9,36,161320,128,7.4649200439453125,7.086884021759033,3.7700037956237793,0.10358039289712906,0.001,191.7803635597229
1269,9,37,161448,128,5.949973106384277,5.571550369262695,3.7698774337768555,0.1434987634420395,0.001,191.921222448349
1270,9,38,161576,128,6.707617282867432,6.325201034545898,3.8128302097320557,0.11334560066461563,0.001,192.06223559379578
1271,9,39,161704,128,6.413489818572998,6.044833183288574,3.675311803817749,0.1125163659453392,0.001,192.20219826698303
1272,9,40,161832,128,7.032198905944824,6.6551103591918945,3.762491464614868,0.08392006903886795,0.001,192.34756016731262
1273,9,41,161960,128,5.914916038513184,5.547749042510986,3.6584835052490234,0.13186796009540558,0.001,192.48874306678772
1274,9,42,162088,128,6.741012096405029,6.380627632141113,3.590738534927368,0.13109292089939117,0.001,192.63111114501953
1275,9,43,162216,128,5.421276569366455,5.047320365905762,3.728008270263672,0.11552804708480835,0.001,192.77256441116333
1276,9,44,162344,128,5.635727882385254,5.2761030197143555,3.582956552505493,0.13293956220149994,0.001,192.91326546669006
1277,9,45,162472,128,5.385544300079346,5.024881362915039,3.5941925048828125,0.12434712797403336,0.001,193.05541157722473
1278,9,46,162600,128,5.905544281005859,5.56680154800415,3.37483811378479,0.12590831518173218,0.001,193.19624733924866
1279,9,47,162728,128,9.696184158325195,9.317845344543457,3.769071340560913,0.14319062232971191,0.001,193.33701133728027
1280,9,48,162856,128,6.647393703460693,6.254919528961182,3.914044141769409,0.10696418583393097,0.001,193.47761130332947
1281,9,49,162984,128,6.599688529968262,6.19246768951416,4.057013511657715,0.15198169648647308,0.001,193.61961388587952
1282,9,50,163112,128,8.132495880126953,7.743967056274414,3.8743979930877686,0.10894095152616501,0.001,193.7603096961975
1283,9,51,163240,128,10.339128494262695,9.936222076416016,4.016921520233154,0.1214323416352272,0.001,193.9019706249237
1284,9,52,163368,128,8.306441307067871,7.906772136688232,3.985520601272583,0.11163341999053955,0.001,194.0445532798767
1285,9,53,163496,128,6.652377128601074,6.28483247756958,3.660520553588867,0.14925536513328552,0.001,194.1869125366211
1286,9,54,163624,128,7.9032135009765625,7.508513927459717,3.9366633892059326,0.10330894589424133,0.001,194.3278775215149
1287,9,55,163752,128,6.430243015289307,6.0413947105407715,3.875286102294922,0.13200494647026062,0.001,194.4697389602661
1288,9,56,163880,128,6.20952844619751,5.817768096923828,3.90524959564209,0.12353229522705078,0.001,194.6122019290924
1289,9,57,164008,128,6.528439044952393,6.131480693817139,3.9574668407440186,0.12115417420864105,0.001,194.7541103363037
1290,9,58,164136,128,5.743213653564453,5.3358049392700195,4.0622148513793945,0.11875144392251968,0.001,194.89559483528137
1291,9,59,164264,128,7.364016532897949,6.9893364906311035,3.731720447540283,0.15075740218162537,0.001,195.03690147399902
1292,9,60,164392,128,5.831831932067871,5.459765911102295,3.7067747116088867,0.13883160054683685,0.001,195.17887687683105
1293,9,61,164520,128,5.9096879959106445,5.553529739379883,3.54695987701416,0.14623020589351654,0.001,195.32017588615417
1294,9,62,164648,128,5.216134071350098,4.857753276824951,3.5699315071105957,0.1387670785188675,0.001,195.46101880073547
1295,9,63,164776,128,5.4106597900390625,5.0433030128479,3.6610708236694336,0.1249680295586586,0.001,195.60631585121155
1296,9,64,164904,128,6.281973361968994,5.913865089416504,3.6648354530334473,0.1624409407377243,0.001,195.74776148796082
1297,9,65,165032,128,8.81662368774414,8.450143814086914,3.650838613510132,0.1396263986825943,0.001,195.88855719566345
1298,9,66,165160,128,7.2917399406433105,6.936197757720947,3.5424816608428955,0.12942470610141754,0.001,196.03003692626953
1299,9,67,165288,128,7.5183563232421875,7.120845317840576,3.962825298309326,0.1228538304567337,0.001,196.1706075668335
1300,9,68,165416,128,6.051346302032471,5.685578346252441,3.647498607635498,0.10178598761558533,0.001,196.30933356285095
1301,9,69,165544,128,7.918941020965576,7.548202991485596,3.6977756023406982,0.09603231400251389,0.001,196.4499945640564
1302,9,70,165672,128,6.525142669677734,6.1362714767456055,3.879533052444458,0.0918012335896492,0.001,196.5912127494812
1303,9,71,165800,128,7.147780418395996,6.787890911102295,3.588528871536255,0.10367319732904434,0.001,196.73130631446838
1304,9,72,165928,128,6.084056377410889,5.7411112785339355,3.4176008701324463,0.11847739666700363,0.001,196.87132740020752
1305,9,73,166056,128,6.592042922973633,6.228575706481934,3.6221063137054443,0.12565898895263672,0.001,197.01118564605713
1306,9,74,166184,128,6.841623783111572,6.468470573425293,3.716407060623169,0.1512669026851654,0.001,197.15152192115784
1307,9,75,166312,128,6.015876293182373,5.639190673828125,3.757986307144165,0.08870536834001541,0.001,197.29128217697144
1308,9,76,166440,128,6.675084590911865,6.265191078186035,4.088511943817139,0.10424774140119553,0.001,197.43110752105713
1309,9,77,166568,128,6.33518648147583,5.959804534912109,3.741434335708618,0.12381691485643387,0.001,197.57079362869263
1310,9,78,166696,128,6.16626501083374,5.7912116050720215,3.741793632507324,0.08740445971488953,0.001,197.71111750602722
1311,9,79,166824,128,7.412735939025879,7.054315090179443,3.57500958442688,0.09198884665966034,0.001,197.85069870948792
1312,9,80,166952,128,8.405047416687012,8.021058082580566,3.8274619579315186,0.12435533106327057,0.001,197.98976635932922
1313,9,81,167080,128,6.8179426193237305,6.450807571411133,3.6598401069641113,0.11511269956827164,0.001,198.13036441802979
1314,9,82,167208,128,5.72885274887085,5.343511581420898,3.841362476348877,0.12049189954996109,0.001,198.26982259750366
1315,9,83,167336,128,7.283701419830322,6.903721809387207,3.785490036010742,0.1430395543575287,0.001,198.40891313552856
1316,9,84,167464,128,6.532912731170654,6.156026840209961,3.75825572013855,0.10604365915060043,0.001,198.54913353919983
1317,9,85,167592,128,6.404641628265381,6.041049957275391,3.6240756511688232,0.11839507520198822,0.001,198.68855500221252
1318,9,86,167720,128,5.664458751678467,5.290042400360107,3.731358289718628,0.12803712487220764,0.001,198.82768750190735
1319,9,87,167848,128,6.371783256530762,6.002668857574463,3.677271604537964,0.13873237371444702,0.001,198.96691751480103
1320,9,88,167976,128,6.80778694152832,6.429166793823242,3.774864435195923,0.1133827343583107,0.001,199.1071879863739
1321,9,89,168104,128,7.458284378051758,7.077030658721924,3.796863555908203,0.15674839913845062,0.001,199.24653005599976
1322,9,90,168232,128,7.155457019805908,6.793970584869385,3.6003944873809814,0.14470180869102478,0.001,199.38569474220276
1323,9,91,168360,128,7.235644340515137,6.845658302307129,3.883402109146118,0.16460169851779938,0.001,199.52564001083374
1324,9,92,168488,128,6.36659049987793,6.036458492279053,3.286397695541382,0.14922386407852173,0.001,199.66582608222961
1325,9,93,168616,128,7.198549747467041,6.823155403137207,3.741893768310547,0.12049148976802826,0.001,199.80545949935913
1326,9,94,168744,128,8.041540145874023,7.664062976837158,3.760399341583252,0.14372357726097107,0.001,199.9453797340393
1327,9,95,168872,128,7.785511016845703,7.371574401855469,4.125755786895752,0.13608121871948242,0.001,200.08658838272095
1328,9,96,169000,128,9.377893447875977,8.94997501373291,4.265330791473389,0.13852909207344055,0.001,200.22698521614075
1329,9,97,169128,128,7.824404239654541,7.402304172515869,4.208629131317139,0.12374013662338257,0.001,200.3674373626709
1330,9,98,169256,128,6.709007263183594,6.28586483001709,4.220703601837158,0.10717041790485382,0.001,200.50793147087097
1331,9,99,169384,128,7.381780624389648,6.977072715759277,4.032870292663574,0.142084002494812,0.001,200.64814519882202
1332,9,100,169512,128,5.197869777679443,4.819095134735107,3.776664972305298,0.11083295941352844,0.001,200.7877905368805
1333,9,101,169640,128,5.49150276184082,5.133756637573242,3.56469464302063,0.12766967713832855,0.001,200.92856645584106
1334,9,102,169768,128,8.278705596923828,7.890657901763916,3.864597797393799,0.15875177085399628,0.001,201.07131242752075
1335,9,103,169896,128,8.386310577392578,8.033719062805176,3.5087697505950928,0.17146402597427368,0.001,201.21388983726501
1336,9,104,170024,128,7.290251731872559,6.929527759552002,3.5936248302459717,0.13613523542881012,0.001,201.35427141189575
1337,9,105,170152,128,7.4940185546875,7.1390380859375,3.5343923568725586,0.15413454174995422,0.001,201.4956817626953
1338,9,106,170280,128,5.675921440124512,5.288496971130371,3.861553192138672,0.12691526114940643,0.001,201.6379852294922
1339,9,107,170408,128,6.551393032073975,6.186934947967529,3.6298980712890625,0.14681535959243774,0.001,201.77731561660767
1340,9,108,170536,128,5.2984724044799805,4.919713497161865,3.7767717838287354,0.10820280015468597,0.001,201.9195215702057
1341,9,109,170664,128,7.579112529754639,7.172889232635498,4.046882152557373,0.1535126268863678,0.001,202.0597379207611
1342,9,110,170792,128,5.864281177520752,5.4819865226745605,3.8108508586883545,0.12097491323947906,0.001,202.2002077102661
1343,9,111,170920,128,7.554924488067627,7.171319961547852,3.822834014892578,0.1321374475955963,0.001,202.33929300308228
1344,9,112,171048,128,7.372182846069336,7.0124077796936035,3.586097240447998,0.11653376370668411,0.001,202.4808955192566
1345,9,113,171176,128,7.815864086151123,7.4433817863464355,3.711014986038208,0.13811111450195312,0.001,202.6248016357422
1346,9,114,171304,128,5.712191104888916,5.330339431762695,3.8075320720672607,0.10985183715820312,0.001,202.76574516296387
1347,9,115,171432,128,4.765232086181641,4.385010719299316,3.791867256164551,0.10345245152711868,0.001,202.9063708782196
1348,9,116,171560,128,6.172980785369873,5.796656608581543,3.7483644485473633,0.14876484870910645,0.001,203.05065321922302
1349,9,117,171688,128,5.89715576171875,5.538712978363037,3.571208953857422,0.1321834921836853,0.001,203.19093871116638
1350,9,118,171816,128,7.060328960418701,6.684389114379883,3.7468419075012207,0.12553170323371887,0.001,203.3335826396942
1351,9,119,171944,128,6.322059154510498,5.945511817932129,3.752319574356079,0.1315821260213852,0.001,203.47387552261353
1352,9,120,172072,128,6.4482293128967285,6.092224597930908,3.547982692718506,0.12062019854784012,0.001,203.62009572982788
1353,9,121,172200,128,5.713754653930664,5.338277339935303,3.7443177700042725,0.1045852079987526,0.001,203.76060700416565
1354,9,122,172328,128,7.062259197235107,6.725088119506836,3.358393430709839,0.13317334651947021,0.001,203.90128421783447
1355,9,123,172456,128,6.812203884124756,6.422157287597656,3.888747453689575,0.11722992360591888,0.001,204.0457992553711
1356,9,124,172584,128,6.92568826675415,6.546525001525879,3.7787938117980957,0.12840691208839417,0.001,204.18781805038452
1357,9,125,172712,128,6.443944931030273,6.050882339477539,3.9185118675231934,0.12112322449684143,0.001,204.32929134368896
1358,9,126,172840,128,5.688093662261963,5.300329685211182,3.86850643157959,0.09129085391759872,0.001,204.4698703289032
1359,9,127,172968,128,4.729259967803955,4.3589935302734375,3.687570095062256,0.15090307593345642,0.001,204.6119101047516
1360,9,128,173096,128,6.309892177581787,5.946575164794922,3.6208250522613525,0.1234409287571907,0.001,204.7518961429596
1361,9,129,173224,128,6.277198791503906,5.915289878845215,3.604949951171875,0.1413833349943161,0.001,204.8920922279358
1362,9,130,173352,128,5.086390495300293,4.708543300628662,3.765481472015381,0.12989076972007751,0.001,205.0344603061676
1363,9,131,173480,128,6.210968971252441,5.842422962188721,3.671349287033081,0.14111602306365967,0.001,205.17577028274536
1364,9,132,173608,128,5.997707843780518,5.62833309173584,3.679320812225342,0.14422114193439484,0.001,205.3167519569397
1365,9,133,173736,128,6.419821739196777,6.011252403259277,4.0732741355896,0.12415801733732224,0.001,205.45668935775757
1366,9,134,173864,128,6.9566144943237305,6.5443925857543945,4.110658645629883,0.11558641493320465,0.001,205.5998239517212
1367,9,135,173992,128,6.696269989013672,6.311103820800781,3.8409626483917236,0.10701901465654373,0.001,205.7402548789978
1368,9,136,174120,128,5.5580549240112305,5.186907768249512,3.6946873664855957,0.16787001490592957,0.001,205.88056588172913
1369,9,137,174248,128,8.22993278503418,7.89678955078125,3.3144171237945557,0.1701778769493103,0.001,206.0217707157135
1370,9,138,174376,128,6.295516014099121,5.973966598510742,3.2028913497924805,0.12602482736110687,0.001,206.1647982597351
1371,9,139,174504,128,10.69699764251709,10.318426132202148,3.7739360332489014,0.11781313270330429,0.001,206.3024845123291
1372,9,140,174632,128,11.902003288269043,11.554594993591309,3.4616994857788086,0.12392660230398178,0.001,206.4434781074524
1373,9,141,174760,128,13.820391654968262,13.439706802368164,3.7924675941467285,0.14383558928966522,0.001,206.58389735221863
1374,9,142,174888,128,9.917240142822266,9.52092456817627,3.9468071460723877,0.16345080733299255,0.001,206.723406791687
1375,9,143,175016,128,7.128809928894043,6.766793251037598,3.6076371669769287,0.12530966103076935,0.001,206.86249947547913
1376,9,144,175144,128,5.579050540924072,5.226657867431641,3.5114705562591553,0.12455788999795914,0.001,207.0017294883728
1377,9,145,175272,128,6.053793430328369,5.693234920501709,3.592930316925049,0.1265544444322586,0.001,207.14173460006714
1378,9,146,175400,128,6.7214179039001465,6.30576753616333,4.141817569732666,0.14685596525669098,0.001,207.2809920310974
1379,9,147,175528,128,9.87376594543457,9.471923828125,4.007108688354492,0.11307701468467712,0.001,207.42016911506653
1380,9,148,175656,128,6.254860877990723,5.845911502838135,4.0760908126831055,0.1340419203042984,0.001,207.56017398834229
1381,9,149,175784,128,5.683589458465576,5.285591125488281,3.967432975769043,0.12551827728748322,0.001,207.69963598251343
1382,9,150,175912,128,7.633503437042236,7.256217956542969,3.760765790939331,0.12089873850345612,0.001,207.83846592903137
1383,9,151,176040,128,5.955410003662109,5.604599475860596,3.4967527389526367,0.11352138221263885,0.001,207.97809767723083
1384,9,152,176168,128,8.58552074432373,8.224209785461426,3.5991649627685547,0.13946305215358734,0.001,208.11793541908264
1385,9,153,176296,128,5.801540851593018,5.458450794219971,3.4205427169799805,0.103573739528656,0.001,208.2576973438263
1386,9,154,176301,5,4.110371112823486,3.7269504070281982,3.8297829627990723,0.044271256774663925,0.001,208.39335322380066
1387,10,1,176429,128,7.982677459716797,7.600781440734863,3.808530807495117,0.10429149121046066,0.001,209.8805332183838
1388,10,2,176557,128,6.548427581787109,6.168925762176514,3.781726837158203,0.1328810304403305,0.001,210.02100729942322
1389,10,3,176685,128,6.848515033721924,6.505126476287842,3.417916774749756,0.1596713662147522,0.001,210.16064381599426
1390,10,4,176813,128,6.347884178161621,5.959564208984375,3.867565155029297,0.15633350610733032,0.001,210.3017861843109
1391,10,5,176941,128,6.735763072967529,6.337956428527832,3.961477041244507,0.1659042090177536,0.001,210.44144797325134
1392,10,6,177069,128,8.175287246704102,7.8141021728515625,3.595308542251587,0.1654547154903412,0.001,210.5839741230011
1393,10,7,177197,128,7.270197868347168,6.878023147583008,3.9062130451202393,0.15533360838890076,0.001,210.72510433197021
1394,10,8,177325,128,8.438040733337402,7.983382701873779,4.530234336853027,0.1634734570980072,0.001,210.86607551574707
1395,10,9,177453,128,7.241007328033447,6.795901298522949,4.432870864868164,0.18191646039485931,0.001,211.00654220581055
1396,10,10,177581,128,8.309270858764648,7.889792442321777,4.183201313018799,0.11582890152931213,0.001,211.14931440353394
1397,10,11,177709,128,6.043764114379883,5.639087200164795,4.036320686340332,0.10446284711360931,0.001,211.2908070087433
1398,10,12,177837,128,7.880242347717285,7.484645366668701,3.945575475692749,0.10394134372472763,0.001,211.43382501602173
1399,10,13,177965,128,6.540266036987305,6.171962738037109,3.6706554889678955,0.12378410995006561,0.001,211.57446813583374
1400,10,14,178093,128,8.085022926330566,7.747365474700928,3.361781597137451,0.14792928099632263,0.001,211.71527457237244
1401,10,15,178221,128,6.947384357452393,6.600386619567871,3.4571714401245117,0.1280815601348877,0.001,211.85608911514282
1402,10,16,178349,128,6.507009506225586,6.163641452789307,3.4184365272521973,0.15243254601955414,0.001,211.99736785888672
1403,10,17,178477,128,4.957184791564941,4.59761905670166,3.582343339920044,0.13311728835105896,0.001,212.1396825313568
1404,10,18,178605,128,5.663440704345703,5.29387903213501,3.684641122817993,0.10977815091609955,0.001,212.28068804740906
1405,10,19,178733,128,5.842097282409668,5.488908767700195,3.519289493560791,0.1259922981262207,0.001,212.42158889770508
1406,10,20,178861,128,4.98376989364624,4.619943141937256,3.627365827560425,0.10901620984077454,0.001,212.5636031627655
1407,10,21,178989,128,7.859681129455566,7.4684576988220215,3.9018728733062744,0.10363589972257614,0.001,212.70503878593445
1408,10,22,179117,128,5.883463382720947,5.47810697555542,4.042190074920654,0.11371167749166489,0.001,212.84605073928833
1409,10,23,179245,128,5.364416122436523,4.9843549728393555,3.7917776107788086,0.08833743631839752,0.001,212.9866178035736
1410,10,24,179373,128,5.744826793670654,5.370741367340088,3.7292425632476807,0.11611755937337875,0.001,213.12831830978394
1411,10,25,179501,128,7.274474620819092,6.899481773376465,3.7335643768310547,0.16363787651062012,0.001,213.26877546310425
1412,10,26,179629,128,4.9895124435424805,4.651785850524902,3.3631842136383057,0.14078651368618011,0.001,213.408935546875
1413,10,27,179757,128,5.974987506866455,5.626469612121582,3.473388910293579,0.11792770773172379,0.001,213.5527868270874
1414,10,28,179885,128,5.49584436416626,5.146174907684326,3.486933708190918,0.09762795269489288,0.001,213.69331312179565
1415,10,29,180013,128,5.779293060302734,5.411694049835205,3.664260149002075,0.11729028075933456,0.001,213.8334822654724
1416,10,30,180141,128,6.456651210784912,6.06429386138916,3.911447763442993,0.12127900123596191,0.001,213.97488927841187
1417,10,31,180269,128,6.837488174438477,6.453237533569336,3.8322503566741943,0.10258743911981583,0.001,214.117693901062
1418,10,32,180397,128,5.356573581695557,4.983098983764648,3.724968433380127,0.09779766201972961,0.001,214.25991129875183
1419,10,33,180525,128,5.720318794250488,5.381188869476318,3.3802103996276855,0.1109270453453064,0.001,214.40458250045776
1420,10,34,180653,128,5.892434597015381,5.507301330566406,3.8396079540252686,0.11724185943603516,0.001,214.5464949607849
1421,10,35,180781,128,7.4394965171813965,7.0347514152526855,4.034153461456299,0.13299360871315002,0.001,214.6882393360138
1422,10,36,180909,128,6.044261932373047,5.666905403137207,3.761052131652832,0.12513677775859833,0.001,214.82847023010254
1423,10,37,181037,128,7.565523624420166,7.190021514892578,3.744133710861206,0.10888387262821198,0.001,214.97045993804932
1424,10,38,181165,128,6.478874683380127,6.101151466369629,3.7631072998046875,0.14121654629707336,0.001,215.11259961128235
1425,10,39,181293,128,5.825201511383057,5.462266445159912,3.6164462566375732,0.1290356069803238,0.001,215.25550317764282
1426,10,40,181421,128,5.666654586791992,5.317389965057373,3.4808690547943115,0.11779264360666275,0.001,215.3973832130432
1427,10,41,181549,128,5.685173988342285,5.336033344268799,3.4788286685943604,0.12577174603939056,0.001,215.54136753082275
1428,10,42,181677,128,6.729214668273926,6.356753349304199,3.7100419998168945,0.1457223892211914,0.001,215.68232011795044
1429,10,43,181805,128,8.428452491760254,8.02286434173584,4.042724132537842,0.1316053867340088,0.001,215.82171273231506
1430,10,44,181933,128,4.5291218757629395,4.156510353088379,3.7164158821105957,0.09700388461351395,0.001,215.96279740333557
1431,10,45,182061,128,4.940285682678223,4.590233325958252,3.4903483390808105,0.10177873075008392,0.001,216.1074345111847
1432,10,46,182189,128,6.741966724395752,6.393014907836914,3.4793171882629395,0.10198209434747696,0.001,216.24958539009094
1433,10,47,182317,128,6.412225723266602,6.07352876663208,3.3715922832489014,0.15378662943840027,0.001,216.3925905227661
1434,10,48,182445,128,4.958522319793701,4.575185775756836,3.8198535442352295,0.1351412981748581,0.001,216.53523063659668
1435,10,49,182573,128,5.683117866516113,5.293503761291504,3.885784864425659,0.10356250405311584,0.001,216.67618131637573
1436,10,50,182701,128,5.3180670738220215,4.932056903839111,3.848599672317505,0.11500248312950134,0.001,216.81746745109558
1437,10,51,182829,128,5.877819061279297,5.476809024810791,3.997028112411499,0.13070634007453918,0.001,216.95817852020264
1438,10,52,182957,128,8.66437816619873,8.260703086853027,4.0225982666015625,0.1415593922138214,0.001,217.10068488121033
1439,10,53,183085,128,5.394839286804199,5.0120086669921875,3.813000440597534,0.15307126939296722,0.001,217.24178910255432
1440,10,54,183213,128,8.452486038208008,8.103991508483887,3.472196578979492,0.1275181919336319,0.001,217.38260126113892
1441,10,55,183341,128,7.563083171844482,7.203592300415039,3.5819671154022217,0.12942275404930115,0.001,217.5235311985016
1442,10,56,183469,128,7.165915012359619,6.787027359008789,3.7758586406707764,0.13017918169498444,0.001,217.66474390029907
1443,10,57,183597,128,6.562538146972656,6.192476749420166,3.686164379119873,0.1444907933473587,0.001,217.80526041984558
1444,10,58,183725,128,5.885313510894775,5.503903865814209,3.804110050201416,0.09986209869384766,0.001,217.9451768398285
1445,10,59,183853,128,8.729755401611328,8.349215507507324,3.794733762741089,0.10659122467041016,0.001,218.0866425037384
1446,10,60,183981,128,6.3198676109313965,5.909234046936035,4.098435401916504,0.07898931205272675,0.001,218.22858047485352
1447,10,61,184109,128,8.883316993713379,8.498381614685059,3.837496757507324,0.1185707226395607,0.001,218.36962485313416
1448,10,62,184237,128,5.242208957672119,4.866585731506348,3.74444580078125,0.11785431951284409,0.001,218.85091423988342
1449,10,63,184365,128,5.960808753967285,5.57287073135376,3.869255542755127,0.101250559091568,0.001,218.9924066066742
1450,10,64,184493,128,6.532894611358643,6.163563251495361,3.682817220687866,0.10497406125068665,0.001,219.13457202911377
1451,10,65,184621,128,5.935103893280029,5.576240062713623,3.577453136444092,0.11185082793235779,0.001,219.27531123161316
1452,10,66,184749,128,6.551324844360352,6.167536735534668,3.825345993041992,0.12537182867527008,0.001,219.41615986824036
1453,10,67,184877,128,6.316298007965088,5.952024459838867,3.627382755279541,0.15354609489440918,0.001,219.55777263641357
1454,10,68,185005,128,6.106454372406006,5.7251482009887695,3.7991957664489746,0.1386501044034958,0.001,219.70260858535767
1455,10,69,185133,128,7.201663494110107,6.817000865936279,3.8335838317871094,0.13040049374103546,0.001,219.8414270877838
1456,10,70,185261,128,5.492677211761475,5.138960838317871,3.5248959064483643,0.12266816943883896,0.001,219.98578333854675
1457,10,71,185389,128,6.374423027038574,6.011974811553955,3.612602472305298,0.11879649013280869,0.001,220.1280484199524
1458,10,72,185517,128,6.409676551818848,6.051026344299316,3.5735960006713867,0.12908118963241577,0.001,220.27010798454285
1459,10,73,185645,128,7.421392917633057,7.048365592956543,3.717604398727417,0.1267111897468567,0.001,220.41153359413147
1460,10,74,185773,128,6.8194966316223145,6.414006233215332,4.040470123291016,0.14432679116725922,0.001,220.55322933197021
1461,10,75,185901,128,6.687350273132324,6.309379577636719,3.761503219604492,0.18205830454826355,0.001,220.69273924827576
1462,10,76,186029,128,5.105823993682861,4.721176624298096,3.82977557182312,0.1670103222131729,0.001,220.8318166732788
1463,10,77,186157,128,7.184807777404785,6.819974899291992,3.63757061958313,0.10759822279214859,0.001,220.971919298172
1464,10,78,186285,128,6.192253112792969,5.846163749694824,3.4440836906433105,0.1681026965379715,0.001,221.11515831947327
1465,10,79,186413,128,9.87303352355957,9.515947341918945,3.558429718017578,0.12431491911411285,0.001,221.255188703537
1466,10,80,186541,128,6.642392635345459,6.258713722229004,3.826721668243408,0.10067638754844666,0.001,221.396657705307
1467,10,81,186669,128,5.17671012878418,4.791383743286133,3.843630075454712,0.09630463272333145,0.001,221.5385284423828
1468,10,82,186797,128,7.218783855438232,6.846399307250977,3.710956573486328,0.12889930605888367,0.001,221.68327856063843
1469,10,83,186925,128,6.1176676750183105,5.723255634307861,3.9333386421203613,0.10782869160175323,0.001,221.82113242149353
1470,10,84,187053,128,6.277507305145264,5.895858287811279,3.80452561378479,0.11965592950582504,0.001,221.96474075317383
1471,10,85,187181,128,6.008535385131836,5.661273002624512,3.4641833305358887,0.08438489586114883,0.001,222.10740184783936
1472,10,86,187309,128,6.8472185134887695,6.4579548835754395,3.8807997703552246,0.11837273091077805,0.001,222.2496314048767
1473,10,87,187437,128,6.905072212219238,6.537178993225098,3.6695427894592285,0.09389682859182358,0.001,222.39072465896606
1474,10,88,187565,128,7.383208274841309,7.021119594573975,3.608708381652832,0.12179994583129883,0.001,222.53267335891724
1475,10,89,187693,128,5.305627822875977,4.941497802734375,3.633096218109131,0.08202045410871506,0.001,222.67211318016052
1476,10,90,187821,128,6.926416873931885,6.535043239593506,3.902855157852173,0.10881386697292328,0.001,222.8121178150177
1477,10,91,187949,128,5.979483127593994,5.585794448852539,3.9263694286346436,0.10517530143260956,0.001,222.95144844055176
1478,10,92,188077,128,7.457569122314453,7.0656819343566895,3.9076380729675293,0.11235456168651581,0.001,223.09103679656982
1479,10,93,188205,128,7.9742841720581055,7.581208229064941,3.9171998500823975,0.13560931384563446,0.001,223.23126816749573
1480,10,94,188333,128,9.31350326538086,8.928411483764648,3.838618755340576,0.12304796278476715,0.001,223.37572503089905
1481,10,95,188461,128,6.7736101150512695,6.373922348022461,3.982177257537842,0.14699752628803253,0.001,223.51851201057434
1482,10,96,188589,128,5.7911272048950195,5.415589809417725,3.741347551345825,0.14029958844184875,0.001,223.66189742088318
1483,10,97,188717,128,6.551596641540527,6.154151916503906,3.961886405944824,0.12559737265110016,0.001,223.80565237998962
1484,10,98,188845,128,5.5440778732299805,5.191680908203125,3.5107927322387695,0.13175000250339508,0.001,223.9479479789734
1485,10,99,188973,128,8.137520790100098,7.775883674621582,3.6023876667022705,0.13980698585510254,0.001,224.10519766807556
1486,10,100,189101,128,6.40468692779541,6.032220840454102,3.708097457885742,0.16565780341625214,0.001,224.24359321594238
1487,10,101,189229,128,7.545375823974609,7.151331901550293,3.929450511932373,0.10986807942390442,0.001,224.3795075416565
1488,10,102,189357,128,8.324569702148438,7.927030563354492,3.962937593460083,0.12458642572164536,0.001,224.5195915699005
1489,10,103,189485,128,5.337944030761719,4.9498372077941895,3.871004581451416,0.10061676800251007,0.001,224.66210103034973
1490,10,104,189613,128,6.004340171813965,5.633312702178955,3.694683790206909,0.15593823790550232,0.001,224.8040919303894
1491,10,105,189741,128,6.917196273803711,6.551105499267578,3.6459319591522217,0.1497662514448166,0.001,224.94867706298828
1492,10,106,189869,128,7.350588798522949,7.000418186187744,3.4887378215789795,0.12968631088733673,0.001,225.0899465084076
1493,10,107,189997,128,6.9742560386657715,6.607403755187988,3.654773473739624,0.1374807357788086,0.001,225.23036098480225
1494,10,108,190125,128,6.335781097412109,5.958633899688721,3.7573068141937256,0.14166700839996338,0.001,225.37026190757751
1495,10,109,190253,128,7.404603004455566,7.019835948944092,3.83685040473938,0.10818000882863998,0.001,225.51540446281433
1496,10,110,190381,128,6.63054084777832,6.244350433349609,3.8479087352752686,0.13997016847133636,0.001,225.66911125183105
1497,10,111,190509,128,6.737419605255127,6.372471809387207,3.635930061340332,0.13548406958580017,0.001,225.81357645988464
1498,10,112,190637,128,5.772515773773193,5.377923965454102,3.933486223220825,0.12432616949081421,0.001,225.9550359249115
1499,10,113,190765,128,6.47783899307251,6.071164608001709,4.055261135101318,0.11484601348638535,0.001,226.09835696220398
1500,10,114,190893,128,9.45589828491211,9.03792953491211,4.171047687530518,0.08637574315071106,0.001,226.24627590179443
1501,10,115,191021,128,7.499287128448486,7.072628021240234,4.251717567443848,0.14872980117797852,0.001,226.39060163497925
1502,10,116,191149,128,6.8001790046691895,6.404950141906738,3.9389050006866455,0.13384461402893066,0.001,226.5322287082672
1503,10,117,191277,128,6.507110595703125,6.118560314178467,3.8693549633026123,0.16145019233226776,0.001,226.67354202270508
1504,10,118,191405,128,7.840709209442139,7.499527931213379,3.3992719650268555,0.125408336520195,0.001,226.81565189361572
1505,10,119,191533,128,5.350127696990967,4.9845733642578125,3.6398322582244873,0.15712478756904602,0.001,226.9574954509735
1506,10,120,191661,128,5.692158222198486,5.331174373626709,3.5959017276763916,0.13940151035785675,0.001,227.09945106506348
1507,10,121,191789,128,7.238678455352783,6.866933822631836,3.7004852294921875,0.1695980727672577,0.001,227.24210715293884
1508,10,122,191917,128,8.666378021240234,8.25283145904541,4.125421524047852,0.10043516010046005,0.001,227.3836624622345
1509,10,123,192045,128,7.332007884979248,6.922341823577881,4.082327365875244,0.14333795011043549,0.001,227.52703070640564
1510,10,124,192173,128,6.553842067718506,6.161924839019775,3.9077606201171875,0.11409099400043488,0.001,227.66975784301758
1511,10,125,192301,128,5.027554512023926,4.6467180252075195,3.7946715354919434,0.13696321845054626,0.001,227.81368780136108
1512,10,126,192429,128,5.584900379180908,5.209805011749268,3.7394378185272217,0.1151375100016594,0.001,227.9561378955841
1513,10,127,192557,128,4.959633827209473,4.636981964111328,3.210493326187134,0.1602722555398941,0.001,228.0983817577362
1514,10,128,192685,128,6.180482864379883,5.843679904937744,3.3512983322143555,0.1673109084367752,0.001,228.23900151252747
1515,10,129,192813,128,6.2356157302856445,5.884180068969727,3.498098134994507,0.1625809669494629,0.001,228.37693691253662
1516,10,130,192941,128,7.1743974685668945,6.7819647789001465,3.9118385314941406,0.12486264854669571,0.001,228.51772356033325
1517,10,131,193069,128,7.980813026428223,7.593790531158447,3.8563616275787354,0.13860104978084564,0.001,228.65759134292603
1518,10,132,193197,128,7.508976936340332,7.116608142852783,3.91449236869812,0.091938816010952,0.001,228.79713082313538
1519,10,133,193325,128,6.606648921966553,6.207544326782227,3.9780683517456055,0.12981227040290833,0.001,228.9368257522583
1520,10,134,193453,128,6.6937665939331055,6.2957844734191895,3.9677226543426514,0.12099012732505798,0.001,229.07834339141846
1521,10,135,193581,128,6.330677509307861,5.963737964630127,3.6588218212127686,0.10570763051509857,0.001,229.2198247909546
1522,10,136,193709,128,5.996143341064453,5.648342132568359,3.468120574951172,0.09888972342014313,0.001,229.36039924621582
1523,10,137,193837,128,4.977452754974365,4.614465713500977,3.6189990043640137,0.10870767384767532,0.001,229.50177717208862
1524,10,138,193965,128,6.880001068115234,6.500827312469482,3.7804675102233887,0.11274302005767822,0.001,229.64253067970276
1525,10,139,194093,128,4.756546974182129,4.38511848449707,3.7009670734405518,0.133157417178154,0.001,229.78190302848816
1526,10,140,194221,128,6.163207530975342,5.750172138214111,4.118769645690918,0.11584058403968811,0.001,229.92497992515564
1527,10,141,194349,128,6.885305881500244,6.4997076988220215,3.84448504447937,0.11497123539447784,0.001,230.06768536567688
1528,10,142,194477,128,6.022695064544678,5.63732385635376,3.8432579040527344,0.10453685373067856,0.001,230.20988750457764
1529,10,143,194605,128,7.142037391662598,6.790069103240967,3.5012810230255127,0.1839885115623474,0.001,230.3532199859619
1530,10,144,194733,128,7.728447914123535,7.369654178619385,3.5737805366516113,0.14157918095588684,0.001,230.49376249313354
1531,10,145,194861,128,5.9355974197387695,5.581236839294434,3.5289573669433594,0.14646083116531372,0.001,230.6352608203888
1532,10,146,194989,128,6.573158264160156,6.222733974456787,3.4911043643951416,0.13135676085948944,0.001,230.7761788368225
1533,10,147,195117,128,7.664285659790039,7.305072784423828,3.5749034881591797,0.17225614190101624,0.001,230.9173014163971
1534,10,148,195245,128,7.6655120849609375,7.2938971519470215,3.6967241764068604,0.1942785233259201,0.001,231.05901312828064
1535,10,149,195373,128,6.732149600982666,6.352329254150391,3.7833175659179688,0.14886346459388733,0.001,231.20134592056274
1536,10,150,195501,128,6.405402183532715,6.018155097961426,3.8560631275177,0.1640917807817459,0.001,231.34261846542358
1537,10,151,195629,128,5.532319068908691,5.160933494567871,3.7034590244293213,0.10397277772426605,0.001,231.48740339279175
1538,10,152,195757,128,6.849865913391113,6.457826614379883,3.90380859375,0.1658291220664978,0.001,231.63132238388062
1539,10,153,195885,128,7.315647125244141,6.929842948913574,3.8429837226867676,0.15056179463863373,0.001,231.7716052532196
1540,10,154,195890,5,9.443683624267578,9.153468132019043,2.8912851810455322,0.10870195925235748,0.001,231.90728163719177
1541,11,1,196018,128,6.0002360343933105,5.634234428405762,3.6469104290008545,0.1310243159532547,0.001,233.40535259246826
1542,11,2,196146,128,6.224686622619629,5.868996620178223,3.542630195617676,0.1427036076784134,0.001,233.5458402633667
1543,11,3,196274,128,6.989699840545654,6.60325288772583,3.8407652378082275,0.23703545331954956,0.001,233.6882815361023
1544,11,4,196402,128,6.185397624969482,5.806489944458008,3.7741143703460693,0.14961811900138855,0.001,233.82788753509521
1545,11,5,196530,128,7.7309722900390625,7.334943771362305,3.9459736347198486,0.14312146604061127,0.001,233.96844387054443
1546,11,6,196658,128,5.884446144104004,5.503045558929443,3.801719903945923,0.12286624312400818,0.001,234.10926866531372
1547,11,7,196786,128,6.345359802246094,5.932948589324951,4.111995220184326,0.1211441233754158,0.001,234.24981451034546
1548,11,8,196914,128,7.791930198669434,7.399644374847412,3.91064190864563,0.12214532494544983,0.001,234.3898012638092
1549,11,9,197042,128,7.48166036605835,7.101394176483154,3.7935826778411865,0.0908108502626419,0.001,234.5329451560974
1550,11,10,197170,128,7.029238700866699,6.644301891326904,3.8368754386901855,0.12491342425346375,0.001,234.6811146736145
1551,11,11,197298,128,9.890826225280762,9.517804145812988,3.716484785079956,0.13736219704151154,0.001,234.82056522369385
1552,11,12,197426,128,6.835069179534912,6.492321014404297,3.411283493041992,0.16196738183498383,0.001,234.96033668518066
1553,11,13,197554,128,6.916781425476074,6.559625625610352,3.5562193393707275,0.1533784568309784,0.001,235.10083842277527
1554,11,14,197682,128,6.683099746704102,6.308072566986084,3.7391350269317627,0.11140592396259308,0.001,235.242178440094
1555,11,15,197810,128,8.839415550231934,8.437538146972656,4.007664203643799,0.11111491173505783,0.001,235.3823790550232
1556,11,16,197938,128,8.612212181091309,8.20287036895752,4.083455562591553,0.09963937848806381,0.001,235.52396488189697
1557,11,17,198066,128,4.641213893890381,4.245811462402344,3.943638801574707,0.10387594252824783,0.001,235.66602206230164
1558,11,18,198194,128,8.327709197998047,7.9439592361450195,3.824880838394165,0.12620989978313446,0.001,235.80569434165955
1559,11,19,198322,128,7.706384181976318,7.312027931213379,3.9334685802459717,0.1009310856461525,0.001,235.9465935230255
1560,11,20,198450,128,6.66823673248291,6.27172327041626,3.9520909786224365,0.13041597604751587,0.001,236.08647656440735
1561,11,21,198578,128,6.739450454711914,6.383671283721924,3.5472843647003174,0.10509659349918365,0.001,236.22753620147705
1562,11,22,198706,128,6.761706352233887,6.4097700119018555,3.506395101547241,0.12970207631587982,0.001,236.36753273010254
1563,11,23,198834,128,5.745035648345947,5.374300003051758,3.6932005882263184,0.14157076179981232,0.001,236.5096161365509
1564,11,24,198962,128,5.282698154449463,4.910643577575684,3.702984571456909,0.175618514418602,0.001,236.6533637046814
1565,11,25,199090,128,5.448702335357666,5.08740234375,3.5979390144348145,0.15064078569412231,0.001,236.79441356658936
1566,11,26,199218,128,6.651820659637451,6.250047206878662,4.006105422973633,0.11631853133440018,0.001,236.93445777893066
1567,11,27,199346,128,4.832470893859863,4.436249732971191,3.9502358436584473,0.11978767067193985,0.001,237.073472738266
1568,11,28,199474,128,5.871907711029053,5.486655235290527,3.839299440383911,0.13228383660316467,0.001,237.21388578414917
1569,11,29,199602,128,6.72344446182251,6.333206653594971,3.8862056732177734,0.16176648437976837,0.001,237.35466980934143
1570,11,30,199730,128,4.472869396209717,4.116925239562988,3.5461690425872803,0.13272683322429657,0.001,237.49700164794922
1571,11,31,199858,128,5.686263084411621,5.336887359619141,3.4779303073883057,0.15826278924942017,0.001,237.64042687416077
1572,11,32,199986,128,6.642623424530029,6.282880783081055,3.585785388946533,0.11639119684696198,0.001,237.78185033798218
1573,11,33,200114,128,4.646868705749512,4.291810512542725,3.536959171295166,0.13625222444534302,0.001,237.92306470870972
1574,11,34,200242,128,6.176796913146973,5.817127704620361,3.583078622817993,0.136117622256279,0.001,238.06418371200562
1575,11,35,200370,128,5.917888164520264,5.540771961212158,3.7579104900360107,0.13253670930862427,0.001,238.20291543006897
1576,11,36,200498,128,5.887141704559326,5.4946794509887695,3.909909963607788,0.14711327850818634,0.001,238.3423764705658
1577,11,37,200626,128,5.606562614440918,5.2396745681762695,3.6596758365631104,0.09204401075839996,0.001,238.48270463943481
1578,11,38,200754,128,4.878904819488525,4.505777359008789,3.718439817428589,0.12836144864559174,0.001,238.62331581115723
1579,11,39,200882,128,6.176567554473877,5.785254955291748,3.901638984680176,0.11485492438077927,0.001,238.76233315467834
1580,11,40,201010,128,6.718818187713623,6.338016510009766,3.7934460639953613,0.14574488997459412,0.001,238.9010944366455
1581,11,41,201138,128,7.002579212188721,6.60896110534668,3.919602632522583,0.16581891477108002,0.001,239.04061841964722
1582,11,42,201266,128,6.018518924713135,5.646810054779053,3.705548048019409,0.11538581550121307,0.001,239.17990469932556
1583,11,43,201394,128,5.701001167297363,5.322171211242676,3.775123119354248,0.13174405694007874,0.001,239.31853580474854
1584,11,44,201522,128,5.768740177154541,5.368971824645996,3.9805400371551514,0.1714377999305725,0.001,239.45702242851257
1585,11,45,201650,128,6.484837532043457,6.112489223480225,3.709324598312378,0.14157985150814056,0.001,239.59734559059143
1586,11,46,201778,128,5.343157768249512,4.961999893188477,3.7958781719207764,0.1570456624031067,0.001,239.73713088035583
1587,11,47,201906,128,8.718487739562988,8.309518814086914,4.076618671417236,0.13076522946357727,0.001,239.87783908843994
1588,11,48,202034,128,3.9038400650024414,3.5372657775878906,3.6503896713256836,0.15353740751743317,0.001,240.01927185058594
1589,11,49,202162,128,5.739972114562988,5.396291732788086,3.4188125133514404,0.17989203333854675,0.001,240.15916538238525
1590,11,50,202290,128,5.878227710723877,5.528554916381836,3.482391595840454,0.1434057056903839,0.001,240.30008149147034
1591,11,51,202418,128,8.237173080444336,7.9148969650268555,3.2099227905273438,0.12833231687545776,0.001,240.4406394958496
1592,11,52,202546,128,6.515699863433838,6.151260852813721,3.6326332092285156,0.11760362982749939,0.001,240.58241939544678
1593,11,53,202674,128,5.922733783721924,5.570618629455566,3.504755973815918,0.1639554500579834,0.001,240.72263836860657
1594,11,54,202802,128,4.118345737457275,3.756572961807251,3.605837106704712,0.11892541497945786,0.001,240.86220121383667
1595,11,55,202930,128,6.1143903732299805,5.71212911605835,4.012325763702393,0.10283859819173813,0.001,241.0059142112732
1596,11,56,203058,128,6.906221866607666,6.501957416534424,4.031544208526611,0.11099082976579666,0.001,241.146000623703
1597,11,57,203186,128,7.6353535652160645,7.243692398071289,3.900273323059082,0.16334731876850128,0.001,241.28478002548218
1598,11,58,203314,128,5.983713150024414,5.593071460723877,3.8950908184051514,0.11323077976703644,0.001,241.42478370666504
1599,11,59,203442,128,6.790882587432861,6.423929691314697,3.656952142715454,0.12578843533992767,0.001,241.5646345615387
1600,11,60,203570,128,5.882692337036133,5.521625518798828,3.598876953125,0.11793956160545349,0.001,241.70541739463806
1601,11,61,203698,128,5.561991214752197,5.16758918762207,3.929152727127075,0.14868876338005066,0.001,241.84408140182495
1602,11,62,203826,128,5.0889058113098145,4.720460891723633,3.672243595123291,0.12204879522323608,0.001,241.98489141464233
1603,11,63,203954,128,6.9326324462890625,6.560080528259277,3.714327335357666,0.1118980273604393,0.001,242.1252417564392
1604,11,64,204082,128,5.811842918395996,5.439398288726807,3.7123570442199707,0.12088418751955032,0.001,242.26483464241028
1605,11,65,204210,128,5.881968021392822,5.53044319152832,3.5034124851226807,0.11836080998182297,0.001,242.4043128490448
1606,11,66,204338,128,5.305727481842041,4.905236721038818,3.99381947517395,0.11084765940904617,0.001,242.54440712928772
1607,11,67,204466,128,5.770893573760986,5.379901885986328,3.896763563156128,0.13152484595775604,0.001,242.6846706867218
1608,11,68,204594,128,5.313324928283691,4.9609270095825195,3.50789737701416,0.16083049774169922,0.001,242.82620000839233
1609,11,69,204722,128,4.055006980895996,3.7163174152374268,3.370469093322754,0.164275661110878,0.001,242.9659194946289
1610,11,70,204850,128,5.710005760192871,5.344256401062012,3.642847776412964,0.14643171429634094,0.001,243.10652446746826
1611,11,71,204978,128,4.994184970855713,4.658466815948486,3.3417723178863525,0.15411008894443512,0.001,243.25192308425903
1612,11,72,205106,128,5.923678874969482,5.543095588684082,3.791581869125366,0.1425396353006363,0.001,243.39174461364746
1613,11,73,205234,128,6.226385593414307,5.845149993896484,3.7999281883239746,0.12424208223819733,0.001,243.53340125083923
1614,11,74,205362,128,6.136735439300537,5.753069877624512,3.8223302364349365,0.1432209312915802,0.001,243.67590355873108
1615,11,75,205490,128,6.278448104858398,5.891027450561523,3.8605563640594482,0.136519193649292,0.001,243.81819677352905
1616,11,76,205618,128,6.338829040527344,5.950173854827881,3.8778176307678223,0.08735964447259903,0.001,243.95981693267822
1617,11,77,205746,128,5.6881842613220215,5.296170234680176,3.908627510070801,0.11509788036346436,0.001,244.10088872909546
1618,11,78,205874,128,5.86318302154541,5.4693450927734375,3.9212584495544434,0.17116542160511017,0.001,244.24313616752625
1619,11,79,206002,128,5.622727870941162,5.262093544006348,3.5920281410217285,0.1431313455104828,0.001,244.38288712501526
1620,11,80,206130,128,5.606469631195068,5.244755744934082,3.6041641235351562,0.12976348400115967,0.001,244.52251267433167
1621,11,81,206258,128,7.824128150939941,7.441065788269043,3.8199708461761475,0.10651582479476929,0.001,244.6632158756256
1622,11,82,206386,128,7.819244861602783,7.420636177062988,3.9722728729248047,0.13815246522426605,0.001,244.80221390724182
1623,11,83,206514,128,4.9425787925720215,4.594650745391846,3.4629924297332764,0.16288913786411285,0.001,244.9410572052002
1624,11,84,206642,128,6.199829578399658,5.847370624542236,3.508092164993286,0.1649785041809082,0.001,245.0817346572876
1625,11,85,206770,128,6.584683895111084,6.211068630218506,3.721421957015991,0.1473090946674347,0.001,245.22146487236023
1626,11,86,206898,128,6.62286901473999,6.231197357177734,3.9032223224639893,0.13495191931724548,0.001,245.36073970794678
1627,11,87,207026,128,4.644308090209961,4.263829231262207,3.7907609939575195,0.1402745544910431,0.001,245.49997234344482
1628,11,88,207154,128,6.610681533813477,6.24041223526001,3.6896865367889404,0.13006219267845154,0.001,245.64042735099792
1629,11,89,207282,128,7.104406356811523,6.7125701904296875,3.906235933303833,0.12125148624181747,0.001,245.7798571586609
1630,11,90,207410,128,5.261360168457031,4.870251655578613,3.899282693862915,0.11803501099348068,0.001,245.91903281211853
1631,11,91,207538,128,7.085438251495361,6.711955547332764,3.7204418182373047,0.14384980499744415,0.001,246.0588562488556
1632,11,92,207666,128,6.284312725067139,5.919971942901611,3.6335742473602295,0.09831639379262924,0.001,246.19895386695862
1633,11,93,207794,128,6.147615432739258,5.7786664962768555,3.678722381591797,0.10767984390258789,0.001,246.33838176727295
1634,11,94,207922,128,5.12238073348999,4.749131679534912,3.7221763134002686,0.10313303023576736,0.001,246.47904658317566
1635,11,95,208050,128,5.69793701171875,5.314345359802246,3.824575424194336,0.11341190338134766,0.001,246.61924481391907
1636,11,96,208178,128,4.63071346282959,4.302189350128174,3.274165630340576,0.11077240109443665,0.001,246.75763535499573
1637,11,97,208306,128,6.143772602081299,5.787598609924316,3.5501251220703125,0.11616427451372147,0.001,246.89713788032532
1638,11,98,208434,128,4.720495700836182,4.3662800788879395,3.5295960903167725,0.12561818957328796,0.001,247.0365378856659
1639,11,99,208562,128,4.3091912269592285,3.9302890300750732,3.7737934589385986,0.15228745341300964,0.001,247.17708492279053
1640,11,100,208690,128,4.366183280944824,3.986052989959717,3.788302421569824,0.12998239696025848,0.001,247.3168478012085
1641,11,101,208818,128,6.204806327819824,5.857386589050293,3.462787628173828,0.11409753561019897,0.001,247.4563353061676
1642,11,102,208946,128,5.342071533203125,4.987188339233398,3.537609100341797,0.11226732283830643,0.001,247.6008322238922
1643,11,103,209074,128,4.687498569488525,4.336698055267334,3.493126153945923,0.1487606018781662,0.001,247.74126482009888
1644,11,104,209202,128,7.462467193603516,7.105092525482178,3.5623388290405273,0.11407124996185303,0.001,247.8786084651947
1645,11,105,209330,128,5.933925151824951,5.560789585113525,3.7155520915985107,0.1580221801996231,0.001,248.02479434013367
1646,11,106,209458,128,6.514339447021484,6.140137195587158,3.726900815963745,0.15119513869285583,0.001,248.16692566871643
1647,11,107,209586,128,4.754960060119629,4.348846912384033,4.048437118530273,0.1269543170928955,0.001,248.30735540390015
1648,11,108,209714,128,5.210011005401611,4.855696678161621,3.528534412384033,0.14608246088027954,0.001,248.44773530960083
1649,11,109,209842,128,6.127254009246826,5.784737586975098,3.405733585357666,0.19430872797966003,0.001,248.5881233215332
1650,11,110,209970,128,5.057200908660889,4.736961364746094,3.18603515625,0.1635969877243042,0.001,248.73038053512573
1651,11,111,210098,128,5.3799662590026855,5.044158458709717,3.3436686992645264,0.14407853782176971,0.001,248.8718512058258
1652,11,112,210226,128,5.530057907104492,5.171783447265625,3.5666961669921875,0.16050788760185242,0.001,249.01188564300537
1653,11,113,210354,128,5.836940765380859,5.458728790283203,3.769404172897339,0.1271684169769287,0.001,249.15522050857544
1654,11,114,210482,128,5.330514430999756,4.954373359680176,3.749046802520752,0.12366057932376862,0.001,249.2969195842743
1655,11,115,210610,128,6.264520645141602,5.869929790496826,3.937758207321167,0.08148128539323807,0.001,249.4363031387329
1656,11,116,210738,128,5.486478805541992,5.098287105560303,3.8733339309692383,0.08585091680288315,0.001,249.57608342170715
1657,11,117,210866,128,5.360767364501953,4.982223033905029,3.7717769145965576,0.13664183020591736,0.001,249.7162902355194
1658,11,118,210994,128,5.465782165527344,5.082874298095703,3.8181638717651367,0.10915590077638626,0.001,249.8560483455658
1659,11,119,211122,128,6.244046688079834,5.877281188964844,3.654435873031616,0.13216739892959595,0.001,249.9961178302765
1660,11,120,211250,128,5.424053192138672,5.088247299194336,3.3461382389068604,0.11918599903583527,0.001,250.1370451450348
1661,11,121,211378,128,6.856136798858643,6.5170674324035645,3.378361701965332,0.12331098318099976,0.001,250.2762792110443
1662,11,122,211506,128,6.650355815887451,6.302526473999023,3.465451955795288,0.12840965390205383,0.001,250.41621136665344
1663,11,123,211634,128,7.126595497131348,6.750836372375488,3.7488789558410645,0.08712223172187805,0.001,250.5559697151184
1664,11,124,211762,128,7.504337310791016,7.127472400665283,3.759319305419922,0.0933046042919159,0.001,250.70975399017334
1665,11,125,211890,128,6.566583633422852,6.161887168884277,4.034336566925049,0.12626315653324127,0.001,250.85210704803467
1666,11,126,212018,128,5.245805263519287,4.832767009735107,4.118617057800293,0.11762120574712753,0.001,250.99475622177124
1667,11,127,212146,128,9.107937812805176,8.679783821105957,4.270869255065918,0.10667665302753448,0.001,251.13879418373108
1668,11,128,212274,128,7.714924335479736,7.317049026489258,3.9671807289123535,0.11572042107582092,0.001,251.27932906150818
1669,11,129,212402,128,6.127108573913574,5.757843971252441,3.683763265609741,0.08881630748510361,0.001,251.42287135124207
1670,11,130,212530,128,5.554101943969727,5.172623634338379,3.803528308868408,0.11252368986606598,0.001,251.5721037387848
1671,11,131,212658,128,6.589566230773926,6.219179630279541,3.693392753601074,0.10470081120729446,0.001,252.0516414642334
1672,11,132,212786,128,4.550825119018555,4.218955993652344,3.3063347339630127,0.12356189638376236,0.001,252.19837713241577
1673,11,133,212914,128,6.659164905548096,6.296393871307373,3.6133663654327393,0.143411323428154,0.001,252.34030151367188
1674,11,134,213042,128,7.31599760055542,6.9578938484191895,3.5701169967651367,0.10918792337179184,0.001,252.4804470539093
1675,11,135,213170,128,4.218950271606445,3.852041721343994,3.654783010482788,0.14301356673240662,0.001,252.6249074935913
1676,11,136,213298,128,6.339737415313721,5.94271183013916,3.9581868648529053,0.12070751935243607,0.001,252.77751779556274
1677,11,137,213426,128,5.724694728851318,5.330657482147217,3.930852174758911,0.09521535784006119,0.001,252.92001938819885
1678,11,138,213554,128,6.392154693603516,5.974305152893066,4.165579319000244,0.1291918307542801,0.001,253.0633146762848
1679,11,139,213682,128,5.425778865814209,5.044988632202148,3.7968664169311523,0.1103639304637909,0.001,253.2061505317688
1680,11,140,213810,128,6.776223182678223,6.40443754196167,3.70407772064209,0.1377962976694107,0.001,253.34901404380798
1681,11,141,213938,128,5.203751087188721,4.822888374328613,3.795534610748291,0.13094733655452728,0.001,253.49143481254578
1682,11,142,214066,128,5.369283199310303,5.0370097160339355,3.308767557144165,0.13965758681297302,0.001,253.63224911689758
1683,11,143,214194,128,8.219179153442383,7.863914489746094,3.5414648056030273,0.11176291853189468,0.001,253.7720491886139
1684,11,144,214322,128,4.718736171722412,4.353943824768066,3.634122848510742,0.13800403475761414,0.001,253.9114453792572
1685,11,145,214450,128,6.303461074829102,5.941001892089844,3.614755868911743,0.09835122525691986,0.001,254.05154132843018
1686,11,146,214578,128,7.621215343475342,7.229055881500244,3.912039041519165,0.09558151662349701,0.001,254.19425988197327
1687,11,147,214706,128,5.980076313018799,5.567834854125977,4.109058856964111,0.1335698515176773,0.001,254.33590126037598
1688,11,148,214834,128,5.746844291687012,5.340093612670898,4.058094501495361,0.09414692968130112,0.001,254.4814486503601
1689,11,149,214962,128,4.759097099304199,4.395437717437744,3.6273393630981445,0.09256179630756378,0.001,254.62193536758423
1690,11,150,215090,128,5.84050178527832,5.4531145095825195,3.862931489944458,0.10945796966552734,0.001,254.76176571846008
1691,11,151,215218,128,7.982304573059082,7.617753028869629,3.633005380630493,0.12514333426952362,0.001,254.90093183517456
1692,11,152,215346,128,5.423536777496338,5.092924118041992,3.291975736618042,0.14150913059711456,0.001,255.04137516021729
1693,11,153,215474,128,6.4050493240356445,6.072251319885254,3.312870740890503,0.1511079967021942,0.001,255.18187737464905
1694,11,154,215479,5,11.579672813415527,11.255882263183594,3.231353282928467,0.0655524805188179,0.001,255.31646943092346
1695,12,1,215607,128,5.523166656494141,5.17830228805542,3.438871383666992,0.09770181775093079,0.001,256.8214282989502
1696,12,2,215735,128,5.956941604614258,5.588983535766602,3.667494058609009,0.1208941787481308,0.001,256.9639756679535
1697,12,3,215863,128,5.22149658203125,4.843254566192627,3.770944118499756,0.11476141959428787,0.001,257.104665517807
1698,12,4,215991,128,5.422207832336426,5.043099403381348,3.7815191745758057,0.09563607722520828,0.001,257.2443895339966
1699,12,5,216119,128,6.992032051086426,6.60487174987793,3.8603320121765137,0.11272956430912018,0.001,257.38253116607666
1700,12,6,216247,128,5.000511646270752,4.640751838684082,3.5856504440307617,0.11951614171266556,0.001,257.52196741104126
1701,12,7,216375,128,4.930400848388672,4.569560527801514,3.5985193252563477,0.09883907437324524,0.001,257.6615357398987
1702,12,8,216503,128,5.869959354400635,5.513180732727051,3.5519747734069824,0.15811167657375336,0.001,257.80073523521423
1703,12,9,216631,128,4.391664505004883,4.026902675628662,3.6346797943115234,0.12937456369400024,0.001,257.93951654434204
1704,12,10,216759,128,6.634303569793701,6.261133193969727,3.7163455486297607,0.15357215702533722,0.001,258.0793125629425
1705,12,11,216887,128,4.641097545623779,4.274792194366455,3.651615858078003,0.1144007071852684,0.001,258.21888732910156
1706,12,12,217015,128,4.039583206176758,3.692131757736206,3.4612667560577393,0.1324603110551834,0.001,258.35775232315063
1707,12,13,217143,128,4.989406108856201,4.601884365081787,3.8563413619995117,0.18879085779190063,0.001,258.49668884277344
1708,12,14,217271,128,5.9570488929748535,5.571935653686523,3.839005708694458,0.12127356976270676,0.001,258.63733649253845
1709,12,15,217399,128,5.794198513031006,5.413597106933594,3.793252468109131,0.12759719789028168,0.001,258.77751088142395
1710,12,16,217527,128,5.4591064453125,5.080830097198486,3.767584800720215,0.15178243815898895,0.001,258.9191372394562
1711,12,17,217655,128,6.412125110626221,6.02760648727417,3.83003830909729,0.15151268243789673,0.001,259.06153655052185
1712,12,18,217783,128,8.39354133605957,8.010300636291504,3.819695234298706,0.12710468471050262,0.001,259.2016923427582
1713,12,19,217911,128,5.9731926918029785,5.5814924240112305,3.9052300453186035,0.11774448305368423,0.001,259.3400688171387
1714,12,20,218039,128,6.603996276855469,6.227031230926514,3.756641387939453,0.13008466362953186,0.001,259.47945857048035
1715,12,21,218167,128,6.476918697357178,6.065675258636475,4.098488807678223,0.13947895169258118,0.001,259.6191098690033
1716,12,22,218295,128,5.7102274894714355,5.330620288848877,3.778301239013672,0.17769460380077362,0.001,259.7584493160248
1717,12,23,218423,128,5.772433280944824,5.382720947265625,3.882141590118408,0.14983803033828735,0.001,259.89771342277527
1718,12,24,218551,128,4.4619879722595215,4.085696697235107,3.7479100227355957,0.1500253975391388,0.001,260.03908348083496
1719,12,25,218679,128,6.610690116882324,6.25140905380249,3.577413320541382,0.15397806465625763,0.001,260.18102169036865
1720,12,26,218807,128,8.082792282104492,7.735997200012207,3.454087972640991,0.13861693441867828,0.001,260.3222658634186
1721,12,27,218935,128,7.703837871551514,7.347157955169678,3.5546467304229736,0.12155425548553467,0.001,260.46229338645935
1722,12,28,219063,128,4.110351085662842,3.7136659622192383,3.9536988735198975,0.13151659071445465,0.001,260.604421377182
1723,12,29,219191,128,5.2291998863220215,4.850896835327148,3.771247386932373,0.11784263700246811,0.001,260.7452919483185
1724,12,30,219319,128,7.164082050323486,6.78336238861084,3.795687437057495,0.11509248614311218,0.001,260.88575077056885
1725,12,31,219447,128,7.783962726593018,7.405247211456299,3.7741241455078125,0.13030089437961578,0.001,261.02771639823914
1726,12,32,219575,128,6.714596748352051,6.320689678192139,3.929971933364868,0.09097744524478912,0.001,261.1705162525177
1727,12,33,219703,128,5.822486400604248,5.436116695404053,3.854390859603882,0.09306029975414276,0.001,261.31155276298523
1728,12,34,219831,128,7.6214213371276855,7.24704122543335,3.732215404510498,0.11586739867925644,0.001,261.4540693759918
1729,12,35,219959,128,5.448084354400635,5.105257034301758,3.414018392562866,0.1425299197435379,0.001,261.59689116477966
1730,12,36,220087,128,4.749090671539307,4.380403995513916,3.6730339527130127,0.13831616938114166,0.001,261.7386312484741
1731,12,37,220215,128,5.213385581970215,4.8410820960998535,3.712655782699585,0.10378503799438477,0.001,261.879643201828
1732,12,38,220343,128,4.271128177642822,3.9084086418151855,3.616237163543701,0.10957565158605576,0.001,262.0214343070984
1733,12,39,220471,128,5.912428379058838,5.5317559242248535,3.7941668033599854,0.1255938857793808,0.001,262.16123390197754
1734,12,40,220599,128,5.1817731857299805,4.826600074768066,3.540555238723755,0.11178398132324219,0.001,262.30048394203186
1735,12,41,220727,128,5.916079044342041,5.548352241516113,3.664257049560547,0.13010692596435547,0.001,262.4413733482361
1736,12,42,220855,128,5.497724533081055,5.115543365478516,3.8082847595214844,0.135301411151886,0.001,262.5826406478882
1737,12,43,220983,128,6.558588027954102,6.185120105743408,3.7221837043762207,0.12491252273321152,0.001,262.72335147857666
1738,12,44,221111,128,6.558775424957275,6.202284336090088,3.5468106269836426,0.1809927374124527,0.001,262.8653688430786
1739,12,45,221239,128,6.384896755218506,6.020125389099121,3.633129596710205,0.14584918320178986,0.001,263.00594544410706
1740,12,46,221367,128,6.985393047332764,6.6165452003479,3.6778602600097656,0.1061834990978241,0.001,263.147084236145
1741,12,47,221495,128,5.300705909729004,4.938602447509766,3.607523202896118,0.13512344658374786,0.001,263.2866470813751
1742,12,48,221623,128,4.817078113555908,4.411211967468262,4.0456342697143555,0.1302650272846222,0.001,263.4275612831116
1743,12,49,221751,128,5.879612922668457,5.486730575561523,3.9138197898864746,0.15001411736011505,0.001,263.5696315765381
1744,12,50,221879,128,6.864062309265137,6.485063076019287,3.7765069007873535,0.13486610352993011,0.001,263.7107379436493
1745,12,51,222007,128,4.585479736328125,4.193514347076416,3.90134334564209,0.18311209976673126,0.001,263.8493812084198
1746,12,52,222135,128,4.891691207885742,4.5215959548950195,3.6886656284332275,0.12286170572042465,0.001,263.98986053466797
1747,12,53,222263,128,5.859583854675293,5.515446186065674,3.429482936859131,0.11893590539693832,0.001,264.13181233406067
1748,12,54,222391,128,4.457360744476318,4.103224277496338,3.527552366256714,0.13815546035766602,0.001,264.2722215652466
1749,12,55,222519,128,5.694819927215576,5.3278489112854,3.655332565307617,0.14377716183662415,0.001,264.41050601005554
1750,12,56,222647,128,6.721958160400391,6.351495742797852,3.684326410293579,0.20298270881175995,0.001,264.55193424224854
1751,12,57,222775,128,5.6778788566589355,5.319718360900879,3.5657873153686523,0.15816357731819153,0.001,264.6933844089508
1752,12,58,222903,128,6.674345016479492,6.314515113830566,3.586395263671875,0.11902342736721039,0.001,264.8333842754364
1753,12,59,223031,128,6.327958106994629,5.983436584472656,3.4335217475891113,0.11690127104520798,0.001,264.9708671569824
1754,12,60,223159,128,4.99220085144043,4.608424663543701,3.827885627746582,0.09876197576522827,0.001,265.1121184825897
1755,12,61,223287,128,6.0149078369140625,5.629757881164551,3.8407115936279297,0.10783995687961578,0.001,265.25235199928284
1756,12,62,223415,128,5.124111175537109,4.773614883422852,3.4924261569976807,0.12536552548408508,0.001,265.39110803604126
1757,12,63,223543,128,5.072721481323242,4.690064430236816,3.8127989768981934,0.1377263218164444,0.001,265.53100419044495
1758,12,64,223671,128,4.04611349105835,3.6887295246124268,3.561833381652832,0.12005186825990677,0.001,265.6718018054962
1759,12,65,223799,128,5.3837738037109375,5.031326770782471,3.5104753971099854,0.13997377455234528,0.001,265.8100543022156
1760,12,66,223927,128,5.919179916381836,5.54954195022583,3.6829686164855957,0.1340702474117279,0.001,265.94743609428406
1761,12,67,224055,128,6.401764869689941,6.012087345123291,3.884026288986206,0.1275247186422348,0.001,266.088862657547
1762,12,68,224183,128,5.289113998413086,4.900864124298096,3.8717854022979736,0.10713163018226624,0.001,266.232164144516
1763,12,69,224311,128,6.085407733917236,5.698700904846191,3.855471134185791,0.1159728467464447,0.001,266.3705322742462
1764,12,70,224439,128,5.168148517608643,4.780694007873535,3.8628063201904297,0.11740508675575256,0.001,266.5126256942749
1765,12,71,224567,128,5.5718536376953125,5.171383380889893,3.9930169582366943,0.1168653666973114,0.001,266.65117621421814
1766,12,72,224695,128,7.1377644538879395,6.745697021484375,3.9072682857513428,0.13402390480041504,0.001,266.7883768081665
1767,12,73,224823,128,5.647459983825684,5.279290199279785,3.667060375213623,0.14636842906475067,0.001,266.92445254325867
1768,12,74,224951,128,4.619664669036865,4.2787299156188965,3.3961358070373535,0.13215158879756927,0.001,267.06167459487915
1769,12,75,225079,128,4.589568614959717,4.236806869506836,3.5141963958740234,0.1342291384935379,0.001,267.1999189853668
1770,12,76,225207,128,7.713298320770264,7.367733001708984,3.4413135051727295,0.14340347051620483,0.001,267.33781480789185
1771,12,77,225335,128,5.725440502166748,5.369358062744141,3.5472192764282227,0.13603900372982025,0.001,267.47613048553467
1772,12,78,225463,128,6.48353910446167,6.090452671051025,3.9171671867370605,0.1370016634464264,0.001,267.61471033096313
1773,12,79,225591,128,7.689921855926514,7.264847278594971,4.239190101623535,0.1155610978603363,0.001,267.75151348114014
1774,12,80,225719,128,6.768931865692139,6.377369403839111,3.9027230739593506,0.1290399581193924,0.001,267.889967918396
1775,12,81,225847,128,7.38657808303833,6.963473320007324,4.219629287719727,0.11421903222799301,0.001,268.0300188064575
1776,12,82,225975,128,7.673829078674316,7.255829811096191,4.168005466461182,0.11989454925060272,0.001,268.1739113330841
1777,12,83,226103,128,8.889060020446777,8.50495719909668,3.825798273086548,0.15225426852703094,0.001,268.31336212158203
1778,12,84,226231,128,7.397812843322754,7.033520221710205,3.629335880279541,0.13588809967041016,0.001,268.45141315460205
1779,12,85,226359,128,8.30090045928955,7.935597896575928,3.6392016410827637,0.1382998675107956,0.001,268.5897400379181
1780,12,86,226487,128,6.2066874504089355,5.834471225738525,3.7117865085601807,0.10375654697418213,0.001,268.7278115749359
1781,12,87,226615,128,5.666454315185547,5.3156418800354,3.4967737197875977,0.11350522935390472,0.001,268.86607789993286
1782,12,88,226743,128,5.972020149230957,5.592367172241211,3.783672332763672,0.1285535842180252,0.001,269.00530791282654
1783,12,89,226871,128,7.007445812225342,6.630176067352295,3.7579123973846436,0.14785128831863403,0.001,269.14540576934814
1784,12,90,226999,128,8.296792030334473,7.894981384277344,4.007461071014404,0.1064479649066925,0.001,269.2825312614441
1785,12,91,227127,128,6.399133682250977,6.032793045043945,3.6485400199890137,0.1486668586730957,0.001,269.42078375816345
1786,12,92,227255,128,6.8598761558532715,6.4605021476745605,3.981116533279419,0.1262185424566269,0.001,269.5613651275635
1787,12,93,227383,128,7.377480983734131,6.964662075042725,4.112414360046387,0.15774348378181458,0.001,269.70118594169617
1788,12,94,227511,128,6.535421848297119,6.162312030792236,3.718663215637207,0.12436841428279877,0.001,269.8389139175415
1789,12,95,227639,128,5.4453606605529785,5.087337970733643,3.5636558532714844,0.1657005250453949,0.001,269.9798300266266
1790,12,96,227767,128,5.351808547973633,4.962943077087402,3.872098922729492,0.16556550562381744,0.001,270.11846947669983
1791,12,97,227895,128,4.73330545425415,4.384126663208008,3.4769210815429688,0.14866474270820618,0.001,270.25638484954834
1792,12,98,228023,128,7.994114875793457,7.615304946899414,3.7740917205810547,0.1400819569826126,0.001,270.3987033367157
1793,12,99,228151,128,6.316857814788818,5.911186218261719,4.045656681060791,0.11057712137699127,0.001,270.5408504009247
1794,12,100,228279,128,4.6472039222717285,4.25152587890625,3.9451510906219482,0.11628900468349457,0.001,270.6818108558655
1795,12,101,228407,128,7.299975395202637,6.881542205810547,4.169526100158691,0.14807724952697754,0.001,270.81864833831787
1796,12,102,228535,128,7.155914306640625,6.766099452972412,3.8834807872772217,0.14666803181171417,0.001,270.9556202888489
1797,12,103,228663,128,5.9496636390686035,5.587368011474609,3.603785991668701,0.19169794023036957,0.001,271.0934317111969
1798,12,104,228791,128,8.178305625915527,7.819948196411133,3.569035291671753,0.14544224739074707,0.001,271.2307436466217
1799,12,105,228919,128,5.7344770431518555,5.394591331481934,3.385283946990967,0.1357097327709198,0.001,271.37175154685974
1800,12,106,229047,128,5.66440486907959,5.285671710968018,3.7705278396606445,0.16802579164505005,0.001,271.5159661769867
1801,12,107,229175,128,6.346781253814697,5.948114395141602,3.97548508644104,0.11179587990045547,0.001,271.657763004303
1802,12,108,229303,128,4.479257106781006,4.083850860595703,3.939445734024048,0.14617009460926056,0.001,271.79732036590576
1803,12,109,229431,128,6.381102561950684,5.990916728973389,3.8909239768981934,0.10932961851358414,0.001,271.937983751297
1804,12,110,229559,128,5.572254657745361,5.188992500305176,3.8221354484558105,0.10485504567623138,0.001,272.0787103176117
1805,12,111,229687,128,5.1502685546875,4.797928333282471,3.50887131690979,0.1452842652797699,0.001,272.22061371803284
1806,12,112,229815,128,5.764422416687012,5.44257116317749,3.201723337173462,0.1678876131772995,0.001,272.364933013916
1807,12,113,229943,128,4.981752872467041,4.6349077224731445,3.4561595916748047,0.12291211634874344,0.001,272.50804257392883
1808,12,114,230071,128,4.413186550140381,4.058330535888672,3.536562919616699,0.11999545991420746,0.001,272.64816546440125
1809,12,115,230199,128,5.075562000274658,4.6934733390808105,3.810018301010132,0.10866221785545349,0.001,272.788955450058
1810,12,116,230327,128,6.081265449523926,5.719027996063232,3.6075503826141357,0.14824862778186798,0.001,272.92986273765564
1811,12,117,230455,128,7.585686206817627,7.19410514831543,3.903822660446167,0.11989990621805191,0.001,273.07360100746155
1812,12,118,230583,128,5.203035354614258,4.809651851654053,3.917626142501831,0.16205644607543945,0.001,273.216157913208
1813,12,119,230711,128,5.883622646331787,5.4875946044921875,3.949648857116699,0.10633677989244461,0.001,273.3570463657379
1814,12,120,230839,128,5.222435474395752,4.852564334869385,3.685136556625366,0.13577331602573395,0.001,273.4983274936676
1815,12,121,230967,128,5.383071422576904,4.994446754455566,3.86881947517395,0.17427144944667816,0.001,273.6409821510315
1816,12,122,231095,128,4.582461357116699,4.199551582336426,3.8153867721557617,0.13710834085941315,0.001,273.7834241390228
1817,12,123,231223,128,6.750863552093506,6.38270378112793,3.669095277786255,0.1250486969947815,0.001,273.92298769950867
1818,12,124,231351,128,7.028369903564453,6.665871620178223,3.6099891662597656,0.14993791282176971,0.001,274.0652117729187
1819,12,125,231479,128,6.505590915679932,6.1604132652282715,3.4366815090179443,0.15094341337680817,0.001,274.2069730758667
1820,12,126,231607,128,5.19685173034668,4.808829307556152,3.8660826683044434,0.1414409577846527,0.001,274.34659790992737
1821,12,127,231735,128,7.1371870040893555,6.75475549697876,3.8079259395599365,0.16387565433979034,0.001,274.48406076431274
1822,12,128,231863,128,6.412002086639404,6.038556098937988,3.7229788303375244,0.1148364245891571,0.001,274.62706685066223
1823,12,129,231991,128,6.5489301681518555,6.161787033081055,3.855436325073242,0.15993180871009827,0.001,274.76549077033997
1824,12,130,232119,128,5.110782146453857,4.73943567276001,3.7007200717926025,0.12747637927532196,0.001,274.9066970348358
1825,12,131,232247,128,4.701336860656738,4.3353095054626465,3.6480095386505127,0.12263454496860504,0.001,275.0448305606842
1826,12,132,232375,128,6.01865816116333,5.638620853424072,3.7874293327331543,0.12946152687072754,0.001,275.1867423057556
1827,12,133,232503,128,6.272661209106445,5.914356231689453,3.5739848613739014,0.09065557271242142,0.001,275.33172702789307
1828,12,134,232631,128,5.947667121887207,5.5762152671813965,3.703028440475464,0.11491600424051285,0.001,275.4717972278595
1829,12,135,232759,128,5.830328464508057,5.4377264976501465,3.9149205684661865,0.11098390072584152,0.001,275.6138803958893
1830,12,136,232887,128,4.828127384185791,4.458237648010254,3.688405752182007,0.10489402711391449,0.001,275.76451110839844
1831,12,137,233015,128,6.96722412109375,6.565237522125244,4.010417461395264,0.09451450407505035,0.001,275.9065270423889
1832,12,138,233143,128,5.443561553955078,5.083335876464844,3.592142343521118,0.10115392506122589,0.001,276.04912781715393
1833,12,139,233271,128,6.6399078369140625,6.2493767738342285,3.8946244716644287,0.10685009509325027,0.001,276.19149708747864
1834,12,140,233399,128,6.941912651062012,6.57626485824585,3.6453540325164795,0.11125217378139496,0.001,276.3332598209381
1835,12,141,233527,128,6.077859878540039,5.696445465087891,3.8003180027008057,0.1382623016834259,0.001,276.4750051498413
1836,12,142,233655,128,4.479223251342773,4.1230340003967285,3.550537586212158,0.1135324239730835,0.001,276.6163353919983
1837,12,143,233783,128,4.660351753234863,4.311488628387451,3.4760758876800537,0.1255308836698532,0.001,276.7565484046936
1838,12,144,233911,128,5.576754570007324,5.199790954589844,3.758741617202759,0.10895365476608276,0.001,276.8985559940338
1839,12,145,234039,128,5.80000638961792,5.3924760818481445,4.0641984939575195,0.11106971651315689,0.001,277.0396032333374
1840,12,146,234167,128,4.7408952713012695,4.3760504722595215,3.6371498107910156,0.11297818273305893,0.001,277.1800458431244
1841,12,147,234295,128,5.823591232299805,5.428431987762451,3.9416491985321045,0.09941800683736801,0.001,277.3195767402649
1842,12,148,234423,128,5.17520809173584,4.810797214508057,3.634023427963257,0.1008710265159607,0.001,277.4605212211609
1843,12,149,234551,128,6.0180463790893555,5.643185615539551,3.7376549243927,0.10955064743757248,0.001,277.60263657569885
1844,12,150,234679,128,6.185482025146484,5.79682731628418,3.870512008666992,0.16037306189537048,0.001,277.74190402030945
1845,12,151,234807,128,6.674398899078369,6.283238410949707,3.89595103263855,0.15652680397033691,0.001,277.8845953941345
1846,12,152,234935,128,6.324584484100342,5.938746929168701,3.843921184539795,0.14450865983963013,0.001,278.0300078392029
1847,12,153,235063,128,6.507174491882324,6.11235237121582,3.9338793754577637,0.1434548795223236,0.001,278.17425441741943
1848,12,154,235068,5,2.6729681491851807,2.3092925548553467,3.625275135040283,0.11479738354682922,0.001,278.3110280036926
1849,13,1,235196,128,10.699666976928711,10.361661911010742,3.3600523471832275,0.1999671459197998,0.001,279.80900382995605
1850,13,2,235324,128,10.385295867919922,10.061408996582031,3.2165353298187256,0.2233598530292511,0.001,279.95074558258057
1851,13,3,235452,128,13.902387619018555,13.5996675491333,3.002794027328491,0.24406279623508453,0.001,280.0915789604187
1852,13,4,235580,128,13.302364349365234,13.011302947998047,2.890963315963745,0.19655540585517883,0.001,280.2318162918091
1853,13,5,235708,128,10.447159767150879,10.105189323425293,3.4038238525390625,0.15876665711402893,0.001,280.3726124763489
1854,13,6,235836,128,10.313970565795898,9.945418357849121,3.6749086380004883,0.10615066438913345,0.001,280.51293563842773
1855,13,7,235964,128,8.121794700622559,7.733531475067139,3.8714404106140137,0.11195456236600876,0.001,280.65412521362305
1856,13,8,236092,128,9.484997749328613,9.041010856628418,4.427035808563232,0.12832777202129364,0.001,280.79426288604736
1857,13,9,236220,128,9.343781471252441,8.896358489990234,4.46235466003418,0.11875098943710327,0.001,280.9339191913605
1858,13,10,236348,128,7.379519462585449,6.933346748352051,4.448628902435303,0.13097240030765533,0.001,281.07351756095886
1859,13,11,236476,128,6.624294281005859,6.184386253356934,4.391499996185303,0.0758104994893074,0.001,281.217627286911
1860,13,12,236604,128,7.973721504211426,7.5987653732299805,3.7395870685577393,0.09973428398370743,0.001,281.35651755332947
1861,13,13,236732,128,7.110207557678223,6.738696098327637,3.701878547668457,0.1323910802602768,0.001,281.4971215724945
1862,13,14,236860,128,7.324477195739746,6.977319240570068,3.4597625732421875,0.11818204820156097,0.001,281.6373498439789
1863,13,15,236988,128,5.619301795959473,5.294253349304199,3.233337640762329,0.17145457863807678,0.001,281.77627396583557
1864,13,16,237116,128,6.887118339538574,6.558481216430664,3.2695727348327637,0.16801337897777557,0.001,281.9162633419037
1865,13,17,237244,128,6.598452568054199,6.2630462646484375,3.339040756225586,0.1501932293176651,0.001,282.057430267334
1866,13,18,237372,128,6.481080055236816,6.128180027008057,3.5175886154174805,0.1141061931848526,0.001,282.1998543739319
1867,13,19,237500,128,7.739456653594971,7.350697994232178,3.8759231567382812,0.11661349982023239,0.001,282.33900117874146
1868,13,20,237628,128,5.871951580047607,5.481263160705566,3.8964760303497314,0.10411062091588974,0.001,282.47830176353455
1869,13,21,237756,128,6.702764987945557,6.300177097320557,4.013283729553223,0.12592777609825134,0.001,282.6180217266083
1870,13,22,237884,128,5.092940807342529,4.71027135848999,3.812321662902832,0.14372886717319489,0.001,282.7565622329712
1871,13,23,238012,128,5.389542102813721,4.97879695892334,4.094837665557861,0.12613564729690552,0.001,282.8950777053833
1872,13,24,238140,128,6.494457721710205,6.1197028160095215,3.733628749847412,0.13919807970523834,0.001,283.0346665382385
1873,13,25,238268,128,6.457132816314697,6.101962566375732,3.53584885597229,0.1585395187139511,0.001,283.17433404922485
1874,13,26,238396,128,6.070646286010742,5.731834411621094,3.37186336517334,0.1625775545835495,0.001,283.313658952713
1875,13,27,238524,128,5.788752555847168,5.459719657897949,3.2759809494018555,0.14350390434265137,0.001,283.45248222351074
1876,13,28,238652,128,7.138589859008789,6.7935872077941895,3.439897298812866,0.10129686444997787,0.001,283.59273886680603
1877,13,29,238780,128,6.1953043937683105,5.840423583984375,3.534876585006714,0.13934631645679474,0.001,283.732008934021
1878,13,30,238908,128,6.766835689544678,6.387336730957031,3.781656503677368,0.13331113755702972,0.001,283.8712863922119
1879,13,31,239036,128,6.542145729064941,6.1683502197265625,3.724307060241699,0.13646042346954346,0.001,284.0116517543793
1880,13,32,239164,128,6.482229232788086,6.044447422027588,4.369095802307129,0.0872042328119278,0.001,284.1517450809479
1881,13,33,239292,128,5.978660583496094,5.587455749511719,3.901386022567749,0.10662080347537994,0.001,284.29116559028625
1882,13,34,239420,128,6.374087810516357,5.981304168701172,3.91727352142334,0.10563654452562332,0.001,284.4303994178772
1883,13,35,239548,128,6.020291805267334,5.646162033081055,3.7321791648864746,0.09115495532751083,0.001,284.570029258728
1884,13,36,239676,128,4.795992374420166,4.415603160858154,3.790896415710449,0.12995794415473938,0.001,284.70969009399414
1885,13,37,239804,128,4.521312236785889,4.148231506347656,3.720287799835205,0.10519464313983917,0.001,284.8489408493042
1886,13,38,239932,128,5.620019912719727,5.25995397567749,3.587427854537964,0.13234539330005646,0.001,284.9888117313385
1887,13,39,240060,128,6.2647504806518555,5.907843589782715,3.555546760559082,0.13523194193840027,0.001,285.12897300720215
1888,13,40,240188,128,4.957411289215088,4.63217306137085,3.2363829612731934,0.15996406972408295,0.001,285.26888728141785
1889,13,41,240316,128,5.451696395874023,5.0721282958984375,3.786527633666992,0.0915462076663971,0.001,285.4090476036072
1890,13,42,240444,128,7.278553009033203,6.902133941650391,3.751628875732422,0.12558160722255707,0.001,285.54914569854736
1891,13,43,240572,128,4.758017063140869,4.3759446144104,3.808009624481201,0.12717144191265106,0.001,285.68829917907715
1892,13,44,240700,128,5.88701057434082,5.503556251525879,3.8250856399536133,0.09455599635839462,0.001,285.8272614479065
1893,13,45,240828,128,4.781412124633789,4.384812831878662,3.953108787536621,0.12885940074920654,0.001,285.9672677516937
1894,13,46,240956,128,4.9066667556762695,4.561578750610352,3.4381277561187744,0.1274825483560562,0.001,286.10673689842224
1895,13,47,241084,128,6.170703887939453,5.844208240509033,3.2493484020233154,0.15608806908130646,0.001,286.57123589515686
1896,13,48,241212,128,6.323899269104004,5.962820053100586,3.5961058139801025,0.14685435593128204,0.001,286.7118971347809
1897,13,49,241340,128,7.921937465667725,7.554462432861328,3.661393404006958,0.13354654610157013,0.001,286.8513379096985
1898,13,50,241468,128,5.688216209411621,5.289853096008301,3.9724678993225098,0.11163889616727829,0.001,286.9901466369629
1899,13,51,241596,128,6.723849773406982,6.339386463165283,3.8295555114746094,0.15079955756664276,0.001,287.13021874427795
1900,13,52,241724,128,5.9379754066467285,5.531363010406494,4.051152229309082,0.1497306376695633,0.001,287.26982498168945
1901,13,53,241852,128,6.173868179321289,5.774777889251709,3.9785335063934326,0.12367089837789536,0.001,287.40871477127075
1902,13,54,241980,128,5.204469203948975,4.821552276611328,3.816986560821533,0.12182559818029404,0.001,287.54893922805786
1903,13,55,242108,128,4.9203081130981445,4.567654132843018,3.5148706436157227,0.1166781559586525,0.001,287.6892149448395
1904,13,56,242236,128,5.7721848487854,5.420392036437988,3.502042055130005,0.15888601541519165,0.001,287.82875990867615
1905,13,57,242364,128,6.388220310211182,6.080222129821777,3.063877582550049,0.1610487401485443,0.001,287.9675691127777
1906,13,58,242492,128,5.023491382598877,4.672431468963623,3.494997978210449,0.15603044629096985,0.001,288.10765743255615
1907,13,59,242620,128,8.33658218383789,7.968782424926758,3.6631388664245605,0.14859139919281006,0.001,288.2471044063568
1908,13,60,242748,128,6.244812965393066,5.844910621643066,3.9840056896209717,0.15014119446277618,0.001,288.3860764503479
1909,13,61,242876,128,4.912336826324463,4.542234897613525,3.6892895698547363,0.117303766310215,0.001,288.52653217315674
1910,13,62,243004,128,8.462356567382812,8.076227188110352,3.846440315246582,0.1486046016216278,0.001,288.66676139831543
1911,13,63,243132,128,4.783692359924316,4.4082159996032715,3.7433972358703613,0.1136641576886177,0.001,288.8055908679962
1912,13,64,243260,128,8.484626770019531,8.107101440429688,3.763434886932373,0.11819414794445038,0.001,288.9454343318939
1913,13,65,243388,128,6.259900093078613,5.865257740020752,3.935299873352051,0.11126567423343658,0.001,289.0856120586395
1914,13,66,243516,128,6.375477313995361,5.997772216796875,3.7626161575317383,0.1443260908126831,0.001,289.22610449790955
1915,13,67,243644,128,9.281981468200684,8.845646858215332,4.351936340332031,0.11408623307943344,0.001,289.365296125412
1916,13,68,243772,128,8.863862037658691,8.440181732177734,4.222264289855957,0.1454656422138214,0.001,289.50496888160706
1917,13,69,243900,128,8.517416000366211,8.094220161437988,4.218191623687744,0.13766904175281525,0.001,289.64541459083557
1918,13,70,244028,128,7.611128807067871,7.196887493133545,4.129507541656494,0.12902572751045227,0.001,289.7846338748932
1919,13,71,244156,128,6.812809944152832,6.438876152038574,3.7292168140411377,0.1012386903166771,0.001,289.92444252967834
1920,13,72,244284,128,5.389456272125244,5.037030220031738,3.510655164718628,0.13603082299232483,0.001,290.0648889541626
1921,13,73,244412,128,5.2790846824646,4.893287658691406,3.8405885696411133,0.17381252348423004,0.001,290.2066671848297
1922,13,74,244540,128,6.077285289764404,5.7251057624816895,3.5093517303466797,0.12446574866771698,0.001,290.34744453430176
1923,13,75,244668,128,5.324290752410889,4.975249290466309,3.4778103828430176,0.12600983679294586,0.001,290.48659443855286
1924,13,76,244796,128,5.515836238861084,5.174262046813965,3.403359889984131,0.12383768707513809,0.001,290.6279001235962
1925,13,77,244924,128,5.106934547424316,4.725597381591797,3.801062822341919,0.12305696308612823,0.001,290.7692856788635
1926,13,78,245052,128,6.639152526855469,6.259525775909424,3.787299633026123,0.08969902992248535,0.001,290.91138648986816
1927,13,79,245180,128,5.454967975616455,5.069310665130615,3.8436574935913086,0.1291891485452652,0.001,291.05378675460815
1928,13,80,245308,128,5.33274507522583,4.924861431121826,4.066681385040283,0.12152455747127533,0.001,291.1959128379822
1929,13,81,245436,128,6.079397678375244,5.720266342163086,3.576080799102783,0.15233387053012848,0.001,291.3363456726074
1930,13,82,245564,128,5.629715442657471,5.275787353515625,3.525592803955078,0.1368853598833084,0.001,291.4790623188019
1931,13,83,245692,128,4.317143440246582,3.9363694190979004,3.790383815765381,0.17356303334236145,0.001,291.62025451660156
1932,13,84,245820,128,5.937159538269043,5.564507007598877,3.71136212348938,0.15163873136043549,0.001,291.7594187259674
1933,13,85,245948,128,6.71173620223999,6.351059913635254,3.591376304626465,0.15385466814041138,0.001,291.89857602119446
1934,13,86,246076,128,7.9871296882629395,7.636954307556152,3.4855241775512695,0.16231928765773773,0.001,292.03816270828247
1935,13,87,246204,128,7.773863315582275,7.422361850738525,3.501263380050659,0.13753829896450043,0.001,292.17860221862793
1936,13,88,246332,128,4.710763931274414,4.349146842956543,3.600438356399536,0.1572856307029724,0.001,292.3194308280945
1937,13,89,246460,128,6.775632381439209,6.407946586608887,3.6646368503570557,0.12221848964691162,0.001,292.46112990379333
1938,13,90,246588,128,5.112907886505127,4.731985092163086,3.79764461517334,0.11580225080251694,0.001,292.602210521698
1939,13,91,246716,128,6.035606861114502,5.637692451477051,3.9667069911956787,0.12433852255344391,0.001,292.74267411231995
1940,13,92,246844,128,7.665316581726074,7.230656623840332,4.332176208496094,0.144241601228714,0.001,292.8846378326416
1941,13,93,246972,128,8.168718338012695,7.760315418243408,4.073382377624512,0.10639156401157379,0.001,293.0260555744171
1942,13,94,247100,128,8.142661094665527,7.7535200119018555,3.879279136657715,0.12133555114269257,0.001,293.1686019897461
1943,13,95,247228,128,8.24802017211914,7.837316036224365,4.09262752532959,0.144082710146904,0.001,293.3115110397339
1944,13,96,247356,128,6.5731635093688965,6.197071552276611,3.748616933822632,0.12301027029752731,0.001,293.4539566040039
1945,13,97,247484,128,5.712546348571777,5.33415412902832,3.7696540355682373,0.14264653623104095,0.001,293.5976483821869
1946,13,98,247612,128,5.258056163787842,4.911775588989258,3.4444150924682617,0.18392974138259888,0.001,293.7406542301178
1947,13,99,247740,128,5.35317850112915,4.988553047180176,3.6332244873046875,0.13032667338848114,0.001,293.88475799560547
1948,13,100,247868,128,6.591209888458252,6.252396583557129,3.3700616359710693,0.1807207465171814,0.001,294.0252802371979
1949,13,101,247996,128,5.9690680503845215,5.601803302764893,3.6580119132995605,0.14635907113552094,0.001,294.16966128349304
1950,13,102,248124,128,5.806268215179443,5.39422082901001,4.106635093688965,0.13836021721363068,0.001,294.31201338768005
1951,13,103,248252,128,5.316898822784424,4.926397323608398,3.8946712017059326,0.1034064069390297,0.001,294.4547863006592
1952,13,104,248380,128,5.227285861968994,4.833629131317139,3.9221110343933105,0.14459474384784698,0.001,294.59792494773865
1953,13,105,248508,128,6.1156229972839355,5.725645065307617,3.8895134925842285,0.10267198085784912,0.001,294.7387762069702
1954,13,106,248636,128,4.7673187255859375,4.4103007316589355,3.560354471206665,0.09827379137277603,0.001,294.88023710250854
1955,13,107,248764,128,9.04906177520752,8.688864707946777,3.5899696350097656,0.11996858566999435,0.001,295.0207076072693
1956,13,108,248892,128,5.173104763031006,4.8284454345703125,3.434375524520874,0.12216731905937195,0.001,295.16087770462036
1957,13,109,249020,128,4.687640190124512,4.349626064300537,3.3640012741088867,0.16140668094158173,0.001,295.3012819290161
1958,13,110,249148,128,8.141397476196289,7.767709732055664,3.7257888317108154,0.11089900135993958,0.001,295.4438154697418
1959,13,111,249276,128,6.530978679656982,6.148209571838379,3.8134889602661133,0.1420152485370636,0.001,295.5872025489807
1960,13,112,249404,128,5.603137016296387,5.207752704620361,3.9415783882141113,0.12265127152204514,0.001,295.7345051765442
1961,13,113,249532,128,6.00360107421875,5.595470905303955,4.067982196807861,0.13315816223621368,0.001,295.87652611732483
1962,13,114,249660,128,6.4785966873168945,6.108762741088867,3.6850764751434326,0.13259612023830414,0.001,296.01748061180115
1963,13,115,249788,128,5.3567891120910645,4.9925360679626465,3.6286871433258057,0.13843613862991333,0.001,296.15881848335266
1964,13,116,249916,128,5.992056369781494,5.647034645080566,3.4341812133789062,0.16035141050815582,0.001,296.3019893169403
1965,13,117,250044,128,8.487967491149902,8.130145072937012,3.5610432624816895,0.17184136807918549,0.001,296.44490146636963
1966,13,118,250172,128,5.099844932556152,4.725571155548096,3.7289652824401855,0.1377200037240982,0.001,296.58596205711365
1967,13,119,250300,128,5.303377628326416,4.9251251220703125,3.770613670349121,0.11913376301527023,0.001,296.72670340538025
1968,13,120,250428,128,6.482367038726807,6.071652889251709,4.090829849243164,0.16314655542373657,0.001,296.86834812164307
1969,13,121,250556,128,5.660699844360352,5.256631851196289,4.029414653778076,0.11260965466499329,0.001,297.0107033252716
1970,13,122,250684,128,6.13193416595459,5.731255531311035,3.9918627738952637,0.1492592990398407,0.001,297.15342354774475
1971,13,123,250812,128,5.646480083465576,5.279773235321045,3.652299642562866,0.14766529202461243,0.001,297.29286217689514
1972,13,124,250940,128,5.322978973388672,4.96610164642334,3.558030366897583,0.1074490025639534,0.001,297.43327951431274
1973,13,125,251068,128,5.366965293884277,5.020717620849609,3.447666883468628,0.14812397956848145,0.001,297.5736789703369
1974,13,126,251196,128,5.596870422363281,5.270708084106445,3.2473223209381104,0.14299143850803375,0.001,297.71616101264954
1975,13,127,251324,128,7.775219440460205,7.436390399932861,3.3713936805725098,0.16892009973526,0.001,297.8577082157135
1976,13,128,251452,128,6.258533000946045,5.921426773071289,3.3572258949279785,0.1383812576532364,0.001,297.99946999549866
1977,13,129,251580,128,6.006333351135254,5.644071102142334,3.6053991317749023,0.17225728929042816,0.001,298.14255356788635
1978,13,130,251708,128,5.981605052947998,5.6133527755737305,3.6691038608551025,0.13420289754867554,0.001,298.2841877937317
1979,13,131,251836,128,6.3842010498046875,5.988824844360352,3.9414238929748535,0.12342876195907593,0.001,298.42576479911804
1980,13,132,251964,128,6.3725433349609375,5.930810928344727,4.403498649597168,0.1382393091917038,0.001,298.56817269325256
1981,13,133,252092,128,5.451402187347412,5.039393901824951,4.106614589691162,0.13472197949886322,0.001,298.7108781337738
1982,13,134,252220,128,5.38322639465332,4.979905605316162,4.020159721374512,0.13043935596942902,0.001,298.8526363372803
1983,13,135,252348,128,6.355879306793213,5.965221405029297,3.8964684009552,0.10111206769943237,0.001,298.9944019317627
1984,13,136,252476,128,4.6915812492370605,4.345723628997803,3.446208953857422,0.12371483445167542,0.001,299.1372699737549
1985,13,137,252604,128,5.904187202453613,5.564351558685303,3.3866469860076904,0.11711689829826355,0.001,299.2792248725891
1986,13,138,252732,128,8.74106216430664,8.385207176208496,3.5447137355804443,0.1383398324251175,0.001,299.42056608200073
1987,13,139,252860,128,5.3893609046936035,5.034119606018066,3.5388903617858887,0.13523969054222107,0.001,299.5614984035492
1988,13,140,252988,128,7.131247043609619,6.736079692840576,3.9402501583099365,0.11425260454416275,0.001,299.70249938964844
1989,13,141,253116,128,7.26843786239624,6.892486095428467,3.7477238178253174,0.11791858077049255,0.001,299.8418598175049
1990,13,142,253244,128,5.941179275512695,5.551320552825928,3.8843255043029785,0.14260396361351013,0.001,299.9819495677948
1991,13,143,253372,128,5.791478633880615,5.395363807678223,3.9514524936676025,0.09692420810461044,0.001,300.1248507499695
1992,13,144,253500,128,5.805543422698975,5.425292015075684,3.789944887161255,0.12569627165794373,0.001,300.26691150665283
1993,13,145,253628,128,5.695919036865234,5.308093547821045,3.8657848834991455,0.12467338889837265,0.001,300.4078440666199
1994,13,146,253756,128,5.096377849578857,4.726778030395508,3.683513641357422,0.12481951713562012,0.001,300.5508818626404
1995,13,147,253884,128,5.7138671875,5.361751556396484,3.5068511962890625,0.1430622935295105,0.001,300.6940312385559
1996,13,148,254012,128,6.14647912979126,5.787751197814941,3.5752532482147217,0.12025104463100433,0.001,300.8363080024719
1997,13,149,254140,128,4.803563594818115,4.4356536865234375,3.664926767349243,0.14171455800533295,0.001,300.97657465934753
1998,13,150,254268,128,5.9278693199157715,5.526895523071289,3.997847318649292,0.11892203241586685,0.001,301.118803024292
1999,13,151,254396,128,4.921562671661377,4.548635005950928,3.7154693603515625,0.13807979226112366,0.001,301.26023745536804
2000,13,152,254524,128,5.240582466125488,4.864520072937012,3.748724937438965,0.11899300664663315,0.001,301.40307879447937
2001,13,153,254652,128,6.706501007080078,6.342348098754883,3.631009340286255,0.1052096039056778,0.001,301.5465250015259
2002,13,154,254657,5,1.9070974588394165,1.621344804763794,2.8474607467651367,0.10065989941358566,0.001,301.68125891685486
2003,14,1,254785,128,4.677905082702637,4.305059432983398,3.712710380554199,0.15746213495731354,0.001,303.19951725006104
2004,14,2,254913,128,4.718850135803223,4.316005229949951,4.01649284362793,0.11954308301210403,0.001,303.3406181335449
2005,14,3,255041,128,6.008371353149414,5.617462158203125,3.8972785472869873,0.11809396743774414,0.001,303.4851179122925
2006,14,4,255169,128,7.13969087600708,6.765632152557373,3.725938558578491,0.1464928537607193,0.001,303.6288571357727
2007,14,5,255297,128,4.023317813873291,3.6610076427459717,3.6122710704803467,0.10829193145036697,0.001,303.7689435482025
2008,14,6,255425,128,5.7634382247924805,5.399433612823486,3.6290416717529297,0.11003852635622025,0.001,303.9096670150757
2009,14,7,255553,128,5.54746150970459,5.210820198059082,3.353311061859131,0.13102272152900696,0.001,304.053848028183
2010,14,8,255681,128,5.868356227874756,5.511249542236328,3.55875301361084,0.12312658131122589,0.001,304.1947944164276
2011,14,9,255809,128,6.326394081115723,5.975623607635498,3.4962077140808105,0.11496689170598984,0.001,304.3347249031067
2012,14,10,255937,128,5.465005874633789,5.092927932739258,3.7059929370880127,0.1478593349456787,0.001,304.47609281539917
2013,14,11,256065,128,4.890859127044678,4.4972028732299805,3.925234317779541,0.11331837624311447,0.001,304.6189544200897
2014,14,12,256193,128,5.3335466384887695,4.936230659484863,3.959343671798706,0.13811852037906647,0.001,304.7610945701599
2015,14,13,256321,128,5.298211574554443,4.912483215332031,3.846503257751465,0.10780208557844162,0.001,304.9018087387085
2016,14,14,256449,128,4.851766586303711,4.497995853424072,3.5229225158691406,0.14786946773529053,0.001,305.04315280914307
2017,14,15,256577,128,4.329344272613525,3.975576639175415,3.522911310195923,0.14763133227825165,0.001,305.1858675479889
2018,14,16,256705,128,4.497379779815674,4.149435043334961,3.4607949256896973,0.1865168958902359,0.001,305.32457065582275
2019,14,17,256833,128,7.507745265960693,7.160549640655518,3.452826976776123,0.19129705429077148,0.001,305.4660086631775
2020,14,18,256961,128,5.915877819061279,5.535447597503662,3.7916176319122314,0.1268267184495926,0.001,305.60869550704956
2021,14,19,257089,128,7.543874263763428,7.169407367706299,3.7279248237609863,0.16741065680980682,0.001,305.75041913986206
2022,14,20,257217,128,6.165239334106445,5.8006181716918945,3.632298231124878,0.13914872705936432,0.001,305.89158606529236
2023,14,21,257345,128,6.789830207824707,6.41456937789917,3.741750478744507,0.10856672376394272,0.001,306.0320611000061
2024,14,22,257473,128,4.956655025482178,4.583043575286865,3.7225542068481445,0.1356125921010971,0.001,306.1749677658081
2025,14,23,257601,128,4.637730598449707,4.268895626068115,3.6779849529266357,0.10366702079772949,0.001,306.31526279449463
2026,14,24,257729,128,4.970284461975098,4.61598539352417,3.5254719257354736,0.17518305778503418,0.001,306.4602406024933
2027,14,25,257857,128,4.7788567543029785,4.3926568031311035,3.847259521484375,0.14740562438964844,0.001,306.60107016563416
2028,14,26,257985,128,6.324426174163818,5.967430114746094,3.557549476623535,0.12411130964756012,0.001,306.74209427833557
2029,14,27,258113,128,7.0933837890625,6.702220916748047,3.9017491340637207,0.09880214184522629,0.001,306.88199162483215
2030,14,28,258241,128,5.032643795013428,4.645453929901123,3.857574462890625,0.14322452247142792,0.001,307.02308177948
2031,14,29,258369,128,5.356419563293457,4.960354328155518,3.945383310317993,0.15268518030643463,0.001,307.1674942970276
2032,14,30,258497,128,5.9248881340026855,5.559067249298096,3.647554874420166,0.10652637481689453,0.001,307.3084168434143
2033,14,31,258625,128,5.092562198638916,4.724152565002441,3.6705663204193115,0.13526307046413422,0.001,307.4571888446808
2034,14,32,258753,128,4.65886116027832,4.264937877655029,3.9271600246429443,0.12073837965726852,0.001,307.5996015071869
2035,14,33,258881,128,4.396946907043457,4.025645732879639,3.6984612941741943,0.1454768031835556,0.001,307.7414321899414
2036,14,34,259009,128,5.530783653259277,5.160889625549316,3.6856303215026855,0.13307714462280273,0.001,307.88503527641296
2037,14,35,259137,128,5.750160217285156,5.390407085418701,3.5826122760772705,0.1492031216621399,0.001,308.02681255340576
2038,14,36,259265,128,5.708650588989258,5.323001384735107,3.843111991882324,0.13378596305847168,0.001,308.1695246696472
2039,14,37,259393,128,4.745851039886475,4.421140193939209,3.233832836151123,0.13274262845516205,0.001,308.313334941864
2040,14,38,259521,128,4.690946578979492,4.322651386260986,3.6700901985168457,0.12862418591976166,0.001,308.4547414779663
2041,14,39,259649,128,5.331478118896484,4.960981845855713,3.6963255405426025,0.08633865416049957,0.001,308.61376953125
2042,14,40,259777,128,4.948945999145508,4.58797550201416,3.5965635776519775,0.13143181800842285,0.001,308.75647234916687
2043,14,41,259905,128,5.898623943328857,5.496757507324219,4.004512310028076,0.14153890311717987,0.001,308.8983657360077
2044,14,42,260033,128,5.641928195953369,5.271856307983398,3.686782121658325,0.13935887813568115,0.001,309.03849840164185
2045,14,43,260161,128,6.22434663772583,5.8302459716796875,3.926870107650757,0.14136314392089844,0.001,309.18026971817017
2046,14,44,260289,128,5.703888893127441,5.317666053771973,3.8501646518707275,0.12066113948822021,0.001,309.3297336101532
2047,14,45,260417,128,5.463436126708984,5.075691223144531,3.8671653270721436,0.10286661982536316,0.001,309.47298669815063
2048,14,46,260545,128,5.034106254577637,4.644139766693115,3.8855907917022705,0.14074239134788513,0.001,309.61516666412354
2049,14,47,260673,128,5.9445109367370605,5.562164306640625,3.8093087673187256,0.14155788719654083,0.001,309.7557375431061
2050,14,48,260801,128,6.182311534881592,5.8003315925598145,3.802509069442749,0.17288820445537567,0.001,309.8968024253845
2051,14,49,260929,128,5.646209239959717,5.278794765472412,3.661830425262451,0.12318440526723862,0.001,310.03786516189575
2052,14,50,261057,128,5.1975603103637695,4.84139347076416,3.546114683151245,0.1555241048336029,0.001,310.1779501438141
2053,14,51,261185,128,7.827325344085693,7.453230857849121,3.727989912033081,0.12957501411437988,0.001,310.3206217288971
2054,14,52,261313,128,6.398372173309326,6.041386127471924,3.5535855293273926,0.16272523999214172,0.001,310.4638307094574
2055,14,53,261441,128,5.261574745178223,4.89351224899292,3.668419599533081,0.12207420915365219,0.001,310.60853576660156
2056,14,54,261569,128,6.624311923980713,6.263545989990234,3.5924174785614014,0.15239137411117554,0.001,310.74920201301575
2057,14,55,261697,128,9.292015075683594,8.928130149841309,3.622339963912964,0.16509327292442322,0.001,310.88961577415466
2058,14,56,261825,128,7.348101615905762,6.968121528625488,3.786288022994995,0.13515889644622803,0.001,311.03408193588257
2059,14,57,261953,128,6.641617774963379,6.2826433181762695,3.576955556869507,0.12790833413600922,0.001,311.17982363700867
2060,14,58,262081,128,5.667626857757568,5.260548114776611,4.058617115020752,0.12170558422803879,0.001,311.32149291038513
2061,14,59,262209,128,7.051811218261719,6.637617111206055,4.127749443054199,0.14191995561122894,0.001,311.46284675598145
2062,14,60,262337,128,6.620210647583008,6.229074478149414,3.8994297981262207,0.11929633468389511,0.001,311.60589933395386
2063,14,61,262465,128,8.206219673156738,7.803898334503174,4.012354850769043,0.10863758623600006,0.001,311.75032019615173
2064,14,62,262593,128,6.558046817779541,6.14763069152832,4.092459201812744,0.11703246831893921,0.001,311.89276933670044
2065,14,63,262721,128,6.093237400054932,5.703824520111084,3.8826744556427,0.11454252153635025,0.001,312.0337600708008
2066,14,64,262849,128,5.903308391571045,5.556024074554443,3.460970401763916,0.11873401701450348,0.001,312.1753213405609
2067,14,65,262977,128,6.641008377075195,6.275914669036865,3.6367862224578857,0.14154499769210815,0.001,312.31693267822266
2068,14,66,263105,128,5.9384446144104,5.566344738006592,3.7026171684265137,0.18379813432693481,0.001,312.4593346118927
2069,14,67,263233,128,6.4281535148620605,6.08080530166626,3.4623851776123047,0.11098228394985199,0.001,312.60314178466797
2070,14,68,263361,128,5.406460285186768,5.099660873413086,3.0532336235046387,0.1475662738084793,0.001,312.74623131752014
2071,14,69,263489,128,6.54103422164917,6.168882369995117,3.710172653198242,0.11342053860425949,0.001,312.8885564804077
2072,14,70,263617,128,6.084259510040283,5.702970504760742,3.7943336963653564,0.1855786144733429,0.001,313.03138756752014
2073,14,71,263745,128,6.264889717102051,5.873363018035889,3.900114059448242,0.15153101086616516,0.001,313.1889443397522
2074,14,72,263873,128,6.482356071472168,6.066595554351807,4.146215915679932,0.11388056725263596,0.001,313.332156419754
2075,14,73,264001,128,6.284114360809326,5.892858028411865,3.903143882751465,0.0941871628165245,0.001,313.47429299354553
2076,14,74,264129,128,6.544806480407715,6.163256645202637,3.8037304878234863,0.11766673624515533,0.001,313.6158764362335
2077,14,75,264257,128,8.050675392150879,7.6714606285095215,3.781611442565918,0.10533483326435089,0.001,313.76014971733093
2078,14,76,264385,128,6.916224002838135,6.5624189376831055,3.5267324447631836,0.11319230496883392,0.001,313.9012248516083
2079,14,77,264513,128,6.860593795776367,6.513017654418945,3.463484525680542,0.12276755273342133,0.001,314.042373418808
2080,14,78,264641,128,6.02358341217041,5.642149448394775,3.803358793258667,0.10982739925384521,0.001,314.1841621398926
2081,14,79,264769,128,5.892916202545166,5.478323459625244,4.133796691894531,0.12132705748081207,0.001,314.3241968154907
2082,14,80,264897,128,5.202210903167725,4.791684627532959,4.091456890106201,0.13803720474243164,0.001,314.46587014198303
2083,14,81,265025,128,4.391050338745117,4.023746967315674,3.660710096359253,0.12320489436388016,0.001,314.6058671474457
2084,14,82,265153,128,4.46579647064209,4.0917439460754395,3.728131055831909,0.12393691390752792,0.001,314.746707201004
2085,14,83,265281,128,6.591119289398193,6.191130638122559,3.985292911529541,0.14595328271389008,0.001,314.8874981403351
2086,14,84,265409,128,6.096302032470703,5.73871374130249,3.564366579055786,0.11513430625200272,0.001,315.03077006340027
2087,14,85,265537,128,5.195116996765137,4.8279523849487305,3.658353090286255,0.13295461237430573,0.001,315.17270040512085
2088,14,86,265665,128,7.782123565673828,7.440541744232178,3.3994252681732178,0.16392681002616882,0.001,315.31328797340393
2089,14,87,265793,128,5.303281784057617,4.947587013244629,3.5411150455474854,0.15829406678676605,0.001,315.45401430130005
2090,14,88,265921,128,6.288789749145508,5.916555404663086,3.7090983390808105,0.13248904049396515,0.001,315.5945608615875
2091,14,89,266049,128,6.8042521476745605,6.444915294647217,3.5786983966827393,0.14673930406570435,0.001,315.7352018356323
2092,14,90,266177,128,6.458603858947754,6.100056171417236,3.571488618850708,0.1398998200893402,0.001,315.8761546611786
2093,14,91,266305,128,4.465149879455566,4.09845495223999,3.65763521194458,0.09312841296195984,0.001,316.01521730422974
2094,14,92,266433,128,8.10423755645752,7.710720539093018,3.92490553855896,0.10259813070297241,0.001,316.15829849243164
2095,14,93,266561,128,5.743722915649414,5.349562168121338,3.9272758960723877,0.14333344995975494,0.001,316.3008282184601
2096,14,94,266689,128,6.897902965545654,6.506765842437744,3.8977012634277344,0.13671283423900604,0.001,316.4448616504669
2097,14,95,266817,128,5.94486665725708,5.5364484786987305,4.071005821228027,0.13176891207695007,0.001,316.58574962615967
2098,14,96,266945,128,5.783410549163818,5.421084403991699,3.609239101409912,0.14022473990917206,0.001,316.7282099723816
2099,14,97,267073,128,5.903875350952148,5.521780490875244,3.806100368499756,0.14849378168582916,0.001,316.86971783638
2100,14,98,267201,128,6.186214447021484,5.823817729949951,3.6104118824005127,0.13558481633663177,0.001,317.0113923549652
2101,14,99,267329,128,6.898609638214111,6.559372901916504,3.3741893768310547,0.18177352845668793,0.001,317.15411591529846
2102,14,100,267457,128,5.7781219482421875,5.419564723968506,3.570401430130005,0.15172593295574188,0.001,317.29488253593445
2103,14,101,267585,128,4.826007843017578,4.471798896789551,3.526432514190674,0.15659429132938385,0.001,317.4369692802429
2104,14,102,267713,128,6.209695339202881,5.863683223724365,3.448204278945923,0.11915303766727448,0.001,317.5798318386078
2105,14,103,267841,128,5.272985458374023,4.892552375793457,3.793893337249756,0.1044021025300026,0.001,317.7245235443115
2106,14,104,267969,128,4.831592082977295,4.4559502601623535,3.7462334632873535,0.10183484107255936,0.001,317.8658757209778
2107,14,105,268097,128,5.8237175941467285,5.475978374481201,3.465595006942749,0.11795804649591446,0.001,318.00703048706055
2108,14,106,268225,128,6.882198810577393,6.5087199211120605,3.7231876850128174,0.11599378287792206,0.001,318.1486701965332
2109,14,107,268353,128,5.1914238929748535,4.825190544128418,3.649562358856201,0.12771841883659363,0.001,318.29261779785156
2110,14,108,268481,128,3.985316753387451,3.608124256134033,3.7628068923950195,0.09116876125335693,0.001,318.43540143966675
2111,14,109,268609,128,6.4112677574157715,6.029503345489502,3.8051977157592773,0.12446809560060501,0.001,318.5752549171448
2112,14,110,268737,128,6.038418769836426,5.662755489349365,3.7425830364227295,0.14046283066272736,0.001,318.71507501602173
2113,14,111,268865,128,5.078639984130859,4.716517925262451,3.608246088027954,0.1297512650489807,0.001,318.8558187484741
2114,14,112,268993,128,6.6582417488098145,6.27258825302124,3.8422367572784424,0.14301666617393494,0.001,318.9984893798828
2115,14,113,269121,128,5.185988903045654,4.815155982971191,3.6956443786621094,0.1268472671508789,0.001,319.1396508216858
2116,14,114,269249,128,6.133769512176514,5.762277126312256,3.701686382293701,0.13237734138965607,0.001,319.28066301345825
2117,14,115,269377,128,5.26193904876709,4.865996360778809,3.945711612701416,0.1371229737997055,0.001,319.4258291721344
2118,14,116,269505,128,4.794460773468018,4.4103007316589355,3.8289201259613037,0.12678302824497223,0.001,319.56878089904785
2119,14,117,269633,128,4.666427135467529,4.279450416564941,3.8571953773498535,0.12575823068618774,0.001,319.7120373249054
2120,14,118,269761,128,4.93602991104126,4.547929763793945,3.8693275451660156,0.11674562096595764,0.001,319.8518829345703
2121,14,119,269889,128,5.698601722717285,5.2997870445251465,3.9723997116088867,0.15743722021579742,0.001,320.33075618743896
2122,14,120,270017,128,5.343842029571533,4.9570417404174805,3.8522207736968994,0.15785084664821625,0.001,320.4703211784363
2123,14,121,270145,128,4.995253562927246,4.633937835693359,3.599849224090576,0.13309942185878754,0.001,320.61194348335266
2124,14,122,270273,128,5.686282157897949,5.338414669036865,3.4643914699554443,0.1427936851978302,0.001,320.75214886665344
2125,14,123,270401,128,5.080545425415039,4.724156856536865,3.552262544631958,0.11624947190284729,0.001,320.89478945732117
2126,14,124,270529,128,6.959488391876221,6.609272480010986,3.49173641204834,0.10423608869314194,0.001,321.0370419025421
2127,14,125,270657,128,5.156137466430664,4.780638694763184,3.7409684658050537,0.14020898938179016,0.001,321.18006110191345
2128,14,126,270785,128,4.441390037536621,4.069506645202637,3.707507848739624,0.11324434727430344,0.001,321.31986379623413
2129,14,127,270913,128,5.436878204345703,5.0334391593933105,4.025374412536621,0.09017792344093323,0.001,321.461222410202
2130,14,128,271041,128,4.217276573181152,3.8256494998931885,3.904560089111328,0.1171121746301651,0.001,321.60469150543213
2131,14,129,271169,128,6.440045356750488,6.044638156890869,3.9421865940093994,0.11888574063777924,0.001,321.74730610847473
2132,14,130,271297,128,4.725459575653076,4.3547186851501465,3.6931097507476807,0.14298957586288452,0.001,321.88891196250916
2133,14,131,271425,128,5.177046775817871,4.7948760986328125,3.808872699737549,0.12836286425590515,0.001,322.03042006492615
2134,14,132,271553,128,4.762099266052246,4.391476631164551,3.6869895458221436,0.19236750900745392,0.001,322.17020320892334
2135,14,133,271681,128,4.915675163269043,4.561398029327393,3.5243990421295166,0.18373122811317444,0.001,322.310595035553
2136,14,134,271809,128,6.979526519775391,6.610850811004639,3.67600679397583,0.10745526850223541,0.001,322.452116727829
2137,14,135,271937,128,6.166378021240234,5.779257774353027,3.8600125312805176,0.11192245036363602,0.001,322.59275245666504
2138,14,136,272065,128,5.12630033493042,4.739177227020264,3.8582451343536377,0.12984667718410492,0.001,322.73416471481323
2139,14,137,272193,128,4.772050857543945,4.399369716644287,3.715635299682617,0.11175886541604996,0.001,322.87645626068115
2140,14,138,272321,128,4.503459930419922,4.13024377822876,3.7196044921875,0.12555931508541107,0.001,323.01917815208435
2141,14,139,272449,128,5.136549949645996,4.775502681732178,3.5913078784942627,0.191663458943367,0.001,323.16187834739685
2142,14,140,272577,128,5.864057540893555,5.522481441497803,3.402287244796753,0.1347687691450119,0.001,323.3021385669708
2143,14,141,272705,128,4.437865257263184,4.079629898071289,3.5686821937561035,0.13671952486038208,0.001,323.444607257843
2144,14,142,272833,128,6.973958492279053,6.573298454284668,3.994812250137329,0.1178799495100975,0.001,323.58499336242676
2145,14,143,272961,128,9.134407997131348,8.722953796386719,4.104585647583008,0.09958373755216599,0.001,323.7257902622223
2146,14,144,273089,128,5.6948394775390625,5.274355888366699,4.194619178771973,0.10216639935970306,0.001,323.8690140247345
2147,14,145,273217,128,4.29689359664917,3.8864991664886475,4.0881028175354,0.1584225594997406,0.001,324.01006841659546
2148,14,146,273345,128,3.919865608215332,3.547597885131836,3.7074227333068848,0.15255023539066315,0.001,324.149733543396
2149,14,147,273473,128,5.573057174682617,5.197868824005127,3.734511375427246,0.17369195818901062,0.001,324.2898449897766
2150,14,148,273601,128,5.415961265563965,5.086225986480713,3.281022310256958,0.16329991817474365,0.001,324.43060970306396
2151,14,149,273729,128,6.19567346572876,5.863084316253662,3.309319496154785,0.16570018231868744,0.001,324.57249569892883
2152,14,150,273857,128,4.62590217590332,4.277683258056641,3.4687674045562744,0.13422791659832,0.001,324.714595079422
2153,14,151,273985,128,4.871522903442383,4.495583534240723,3.748896360397339,0.10496434569358826,0.001,324.8555257320404
2154,14,152,274113,128,4.983885765075684,4.5997748374938965,3.8298234939575195,0.11285136640071869,0.001,324.995578289032
2155,14,153,274241,128,6.602864742279053,6.211194038391113,3.9059200286865234,0.10787437111139297,0.001,325.1410005092621
2156,14,154,274246,5,7.478626251220703,7.259294509887695,2.185868740081787,0.07448624074459076,0.001,325.276264667511
2157,15,1,274374,128,4.64335298538208,4.2540459632873535,3.882319927215576,0.10752412676811218,0.001,326.79260635375977
2158,15,2,274502,128,7.127244472503662,6.743350982666016,3.8260726928710938,0.12860248982906342,0.001,326.93410992622375
2159,15,3,274630,128,3.9410951137542725,3.571277141571045,3.684687614440918,0.13493074476718903,0.001,327.07711362838745
2160,15,4,274758,128,5.455163955688477,5.064096927642822,3.8980000019073486,0.12669041752815247,0.001,327.2187054157257
2161,15,5,274886,128,5.796368598937988,5.415638446807861,3.7960755825042725,0.11223529279232025,0.001,327.3590507507324
2162,15,6,275014,128,4.743066310882568,4.366405010223389,3.7510149478912354,0.1559913158416748,0.001,327.50129532814026
2163,15,7,275142,128,4.943328857421875,4.555146217346191,3.867053747177124,0.14770565927028656,0.001,327.64301228523254
2164,15,8,275270,128,5.777629375457764,5.401023864746094,3.7512567043304443,0.14795836806297302,0.001,327.7876708507538
2165,15,9,275398,128,5.3290510177612305,4.949603080749512,3.778949499130249,0.15529513359069824,0.001,327.9286940097809
2166,15,10,275526,128,5.3983988761901855,5.004454135894775,3.9199302196502686,0.19518081843852997,0.001,328.0692460536957
2167,15,11,275654,128,7.095742225646973,6.699748992919922,3.945801258087158,0.1413121372461319,0.001,328.210120677948
2168,15,12,275782,128,5.485389232635498,5.112593173980713,3.712822437286377,0.1513756960630417,0.001,328.3526484966278
2169,15,13,275910,128,4.300946235656738,3.944634199142456,3.5493199825286865,0.1379910111427307,0.001,328.49456453323364
2170,15,14,276038,128,5.661485195159912,5.300531387329102,3.593078136444092,0.16462409496307373,0.001,328.6368508338928
2171,15,15,276166,128,5.482944488525391,5.147008419036865,3.3444128036499023,0.14951039850711823,0.001,328.7768609523773
2172,15,16,276294,128,5.008620262145996,4.63249397277832,3.7437853813171387,0.17477266490459442,0.001,328.9179358482361
2173,15,17,276422,128,5.177511215209961,4.764931678771973,4.11068058013916,0.15116000175476074,0.001,329.0589220523834
2174,15,18,276550,128,4.703790187835693,4.362799167633057,3.3990869522094727,0.10823535919189453,0.001,329.20304560661316
2175,15,19,276678,128,5.407022476196289,5.0413312911987305,3.6460325717926025,0.10882586985826492,0.001,329.3421792984009
2176,15,20,276806,128,4.797192096710205,4.431624412536621,3.6429765224456787,0.1269981414079666,0.001,329.4816300868988
2177,15,21,276934,128,4.494358539581299,4.14463996887207,3.4820196628570557,0.1516674906015396,0.001,329.6219162940979
2178,15,22,277062,128,4.5980000495910645,4.201872825622559,3.951381206512451,0.09890832751989365,0.001,329.7646744251251
2179,15,23,277190,128,5.362503528594971,5.01059627532959,3.511305570602417,0.07766536623239517,0.001,329.90415358543396
2180,15,24,277318,128,4.717336177825928,4.311868190765381,4.040733337402344,0.13948287069797516,0.001,330.0446994304657
2181,15,25,277446,128,4.234527587890625,3.86319899559021,3.7014079093933105,0.11875827610492706,0.001,330.18538784980774
2182,15,26,277574,128,5.307375907897949,4.943767547607422,3.6206676959991455,0.15415944159030914,0.001,330.32719254493713
2183,15,27,277702,128,7.819668292999268,7.468489646911621,3.4979631900787354,0.13821466267108917,0.001,330.46729135513306
2184,15,28,277830,128,5.814418315887451,5.426815509796143,3.8612616062164307,0.14768841862678528,0.001,330.6070656776428
2185,15,29,277958,128,3.6588516235351562,3.2957117557525635,3.6153347492218018,0.16063493490219116,0.001,330.7466790676117
2186,15,30,278086,128,5.359945774078369,4.970746994018555,3.8763999938964844,0.15587922930717468,0.001,330.88619470596313
2187,15,31,278214,128,8.47843074798584,8.071044921875,4.057031154632568,0.16825011372566223,0.001,331.0262761116028
2188,15,32,278342,128,5.986729621887207,5.580183506011963,4.050899982452393,0.1456456482410431,0.001,331.17049860954285
2189,15,33,278470,128,5.354276180267334,4.964788913726807,3.8809328079223633,0.13939428329467773,0.001,331.3096191883087
2190,15,34,278598,128,5.120379447937012,4.7209649085998535,3.9774670600891113,0.16678370535373688,0.001,331.4507122039795
2191,15,35,278726,128,7.444849014282227,7.0991926193237305,3.442203998565674,0.14364184439182281,0.001,331.59140181541443
2192,15,36,278854,128,6.274077892303467,5.924014091491699,3.4850683212280273,0.155666321516037,0.001,331.73102712631226
2193,15,37,278982,128,6.2049970626831055,5.84891939163208,3.5441625118255615,0.1661069244146347,0.001,331.8708121776581
2194,15,38,279110,128,5.485682010650635,5.125833511352539,3.5839810371398926,0.14507050812244415,0.001,332.0107982158661
2195,15,39,279238,128,4.9346771240234375,4.547451019287109,3.8563344478607178,0.1592847853899002,0.001,332.15263986587524
2196,15,40,279366,128,7.597686767578125,7.201684474945068,3.9505128860473633,0.09507957100868225,0.001,332.2940721511841
2197,15,41,279494,128,6.456155776977539,6.030437469482422,4.243344783782959,0.13839736580848694,0.001,332.43560004234314
2198,15,42,279622,128,5.115494728088379,4.748093605041504,3.6639602184295654,0.10051238536834717,0.001,332.57782530784607
2199,15,43,279750,128,4.709670543670654,4.347474098205566,3.6114211082458496,0.10543450713157654,0.001,332.7201085090637
2200,15,44,279878,128,5.30666446685791,4.95988655090332,3.4546992778778076,0.13078512251377106,0.001,332.8611259460449
2201,15,45,280006,128,5.070767402648926,4.7273149490356445,3.42032790184021,0.14195913076400757,0.001,333.00210428237915
2202,15,46,280134,128,4.801816463470459,4.476121425628662,3.240238666534424,0.167134627699852,0.001,333.1442356109619
2203,15,47,280262,128,6.583118438720703,6.224878311157227,3.566915273666382,0.15487603843212128,0.001,333.28533911705017
2204,15,48,280390,128,5.575009822845459,5.199849605560303,3.739588499069214,0.12012258172035217,0.001,333.42698907852173
2205,15,49,280518,128,4.9319376945495605,4.545173168182373,3.8572142124176025,0.10431814193725586,0.001,333.5696611404419
2206,15,50,280646,128,5.684196472167969,5.275714874267578,4.071621417999268,0.13194802403450012,0.001,333.7108938694
2207,15,51,280774,128,4.6233649253845215,4.238909721374512,3.8333353996276855,0.1121431216597557,0.001,333.85156893730164
2208,15,52,280902,128,5.629881858825684,5.2294816970825195,3.993245840072632,0.10758096724748611,0.001,333.99209928512573
2209,15,53,281030,128,5.04048490524292,4.646573066711426,3.9248571395874023,0.14262725412845612,0.001,334.13365721702576
2210,15,54,281158,128,4.725488662719727,4.355037689208984,3.6908531188964844,0.13656646013259888,0.001,334.27601385116577
2211,15,55,281286,128,4.854311466217041,4.5001983642578125,3.5265820026397705,0.14546479284763336,0.001,334.4167654514313
2212,15,56,281414,128,6.070193767547607,5.725881099700928,3.427494525909424,0.15630638599395752,0.001,334.5595350265503
2213,15,57,281542,128,4.858592510223389,4.493712425231934,3.632920980453491,0.15876935422420502,0.001,334.70194029808044
2214,15,58,281670,128,5.317379474639893,4.937231063842773,3.7850170135498047,0.1646440625190735,0.001,334.84646677970886
2215,15,59,281798,128,5.376946449279785,4.980406284332275,3.950899839401245,0.14500820636749268,0.001,334.98428773880005
2216,15,60,281926,128,6.522378921508789,6.121088981628418,3.99904465675354,0.1385667771100998,0.001,335.12719321250916
2217,15,61,282054,128,6.529107570648193,6.1607561111450195,3.667989492416382,0.1552736759185791,0.001,335.26848697662354
2218,15,62,282182,128,5.8116888999938965,5.447201251983643,3.630197048187256,0.1468343883752823,0.001,335.4095959663391
2219,15,63,282310,128,6.064763069152832,5.667799472808838,3.9556524753570557,0.13983654975891113,0.001,335.55198407173157
2220,15,64,282438,128,7.24700403213501,6.836756706237793,4.090245246887207,0.12225364148616791,0.001,335.69406962394714
2221,15,65,282566,128,6.634078025817871,6.261886119842529,3.7059903144836426,0.1592712700366974,0.001,335.83476305007935
2222,15,66,282694,128,6.4641947746276855,6.095462322235107,3.672924518585205,0.1439872682094574,0.001,335.9754991531372
2223,15,67,282822,128,7.216071605682373,6.847180366516113,3.674823522567749,0.14090673625469208,0.001,336.11857771873474
2224,15,68,282950,128,5.335003852844238,5.001108169555664,3.322315216064453,0.16642265021800995,0.001,336.2603666782379
2225,15,69,283078,128,6.197775363922119,5.814514636993408,3.817070245742798,0.1553533375263214,0.001,336.400497674942
2226,15,70,283206,128,6.15492057800293,5.767208099365234,3.865550994873047,0.11571037024259567,0.001,336.5422730445862
2227,15,71,283334,128,6.09733772277832,5.691744804382324,4.046135902404785,0.09792841970920563,0.001,336.68423533439636
2228,15,72,283462,128,4.434834003448486,4.044530868530273,3.8900256156921387,0.1300559937953949,0.001,336.8246169090271
2229,15,73,283590,128,5.680666923522949,5.280877590179443,3.986690044403076,0.11206362396478653,0.001,336.9658899307251
2230,15,74,283718,128,4.847419738769531,4.44838809967041,3.9771718978881836,0.13144192099571228,0.001,337.10849046707153
2231,15,75,283846,128,4.407886028289795,4.04432487487793,3.621697425842285,0.13915587961673737,0.001,337.2499363422394
2232,15,76,283974,128,5.187061309814453,4.8206987380981445,3.6454551219940186,0.181720569729805,0.001,337.3908369541168
2233,15,77,284102,128,4.830541610717773,4.471521377563477,3.5745043754577637,0.15697607398033142,0.001,337.53120708465576
2234,15,78,284230,128,4.196610927581787,3.814119338989258,3.8113181591033936,0.1360062062740326,0.001,337.671582698822
2235,15,79,284358,128,5.045950412750244,4.684372425079346,3.6043646335601807,0.1141418069601059,0.001,337.8111340999603
2236,15,80,284486,128,5.750788688659668,5.353582382202148,3.957584857940674,0.14477472007274628,0.001,337.95049238204956
2237,15,81,284614,128,4.40967321395874,4.022681713104248,3.8597607612609863,0.10151228308677673,0.001,338.0912160873413
2238,15,82,284742,128,5.92212438583374,5.544238090515137,3.7633440494537354,0.15519428253173828,0.001,338.2316482067108
2239,15,83,284870,128,4.440334320068359,4.067052364349365,3.717533826828003,0.1528761386871338,0.001,338.3729295730591
2240,15,84,284998,128,5.287296295166016,4.916975021362305,3.688950777053833,0.14264582097530365,0.001,338.5146017074585
2241,15,85,285126,128,6.724684715270996,6.359107494354248,3.643588066101074,0.12184116244316101,0.001,338.65478253364563
2242,15,86,285254,128,4.919647693634033,4.535558223724365,3.827852487564087,0.13043712079524994,0.001,338.7943103313446
2243,15,87,285382,128,5.844520568847656,5.452515125274658,3.9022350311279297,0.17819583415985107,0.001,338.9339463710785
2244,15,88,285510,128,4.450364112854004,4.065281867980957,3.841238021850586,0.09583661705255508,0.001,339.07855248451233
2245,15,89,285638,128,5.651122093200684,5.251450538635254,3.9856784343719482,0.11037267744541168,0.001,339.219096660614
2246,15,90,285766,128,5.561065673828125,5.18994665145874,3.6971001625061035,0.1409190595149994,0.001,339.35985040664673
2247,15,91,285894,128,4.524550437927246,4.182934761047363,3.4027976989746094,0.1336136907339096,0.001,339.50138902664185
2248,15,92,286022,128,5.407907485961914,5.002994537353516,4.035172462463379,0.13957980275154114,0.001,339.6424844264984
2249,15,93,286150,128,5.473635196685791,5.0951385498046875,3.774566650390625,0.10401821881532669,0.001,339.78435015678406
2250,15,94,286278,128,5.1104044914245605,4.734659194946289,3.7446694374084473,0.12783922255039215,0.001,339.92425894737244
2251,15,95,286406,128,5.389743328094482,5.003339767456055,3.852104902267456,0.11931400001049042,0.001,340.06455159187317
2252,15,96,286534,128,5.1003594398498535,4.699455738067627,4.00154972076416,0.07485076040029526,0.001,340.20477509498596
2253,15,97,286662,128,6.121822357177734,5.701343059539795,4.190907955169678,0.13885398209095,0.001,340.34442925453186
2254,15,98,286790,128,5.489190101623535,5.096517562866211,3.914693593978882,0.1202922910451889,0.001,340.4852395057678
2255,15,99,286918,128,5.1360087394714355,4.7391510009765625,3.9539525508880615,0.14625965058803558,0.001,340.62577080726624
2256,15,100,287046,128,5.043379306793213,4.677094459533691,3.648311138153076,0.14537963271141052,0.001,340.76488399505615
2257,15,101,287174,128,5.782131671905518,5.4309892654418945,3.4984447956085205,0.1297914832830429,0.001,340.90352749824524
2258,15,102,287302,128,6.305014610290527,5.942022323608398,3.6166021823883057,0.1332145780324936,0.001,341.0430190563202
2259,15,103,287430,128,8.023221969604492,7.617313385009766,4.04549503326416,0.13590574264526367,0.001,341.1872766017914
2260,15,104,287558,128,6.519214630126953,6.115053176879883,4.025593280792236,0.16022256016731262,0.001,341.32727813720703
2261,15,105,287686,128,4.840719699859619,4.441442012786865,3.9808943271636963,0.11881574243307114,0.001,341.47064208984375
2262,15,106,287814,128,4.71674108505249,4.315035343170166,4.00244140625,0.14614693820476532,0.001,341.6123535633087
2263,15,107,287942,128,4.754940986633301,4.369609355926514,3.83797287940979,0.1534264236688614,0.001,341.75352907180786
2264,15,108,288070,128,5.4531145095825195,5.102413654327393,3.4932174682617188,0.1378963440656662,0.001,341.8946361541748
2265,15,109,288198,128,2.9647483825683594,2.640937566757202,3.222841739654541,0.15265332162380219,0.001,342.03595542907715
2266,15,110,288326,128,4.517258167266846,4.161609172821045,3.5393242835998535,0.17165660858154297,0.001,342.1792743206024
2267,15,111,288454,128,6.634694576263428,6.259564399719238,3.738042116165161,0.13260690867900848,0.001,342.319819688797
2268,15,112,288582,128,4.2759690284729,3.9068477153778076,3.6769256591796875,0.1428738534450531,0.001,342.4645755290985
2269,15,113,288710,128,5.573945045471191,5.160951614379883,4.119082927703857,0.10854306817054749,0.001,342.6052827835083
2270,15,114,288838,128,5.861727237701416,5.462957859039307,3.9763317108154297,0.11363600194454193,0.001,342.74623918533325
2271,15,115,288966,128,5.740177154541016,5.320166110992432,4.189606189727783,0.10503644496202469,0.001,342.88850474357605
2272,15,116,289094,128,4.68561315536499,4.288218021392822,3.9599380493164062,0.14012959599494934,0.001,343.03036999702454
2273,15,117,289222,128,4.741564750671387,4.340823650360107,3.997776746749878,0.09634493291378021,0.001,343.1711301803589
2274,15,118,289350,128,4.488777160644531,4.135573387145996,3.52060866355896,0.1143115758895874,0.001,343.31160068511963
2275,15,119,289478,128,5.786593437194824,5.43016242980957,3.5537304878234863,0.10582566261291504,0.001,343.4518926143646
2276,15,120,289606,128,4.541550159454346,4.192306995391846,3.4786107540130615,0.13819843530654907,0.001,343.59316754341125
2277,15,121,289734,128,4.8068671226501465,4.449929714202881,3.554732322692871,0.14644847810268402,0.001,343.7347979545593
2278,15,122,289862,128,4.316410541534424,3.948124408721924,3.6730217933654785,0.09835392981767654,0.001,343.87505769729614
2279,15,123,289990,128,5.665812015533447,5.285061359405518,3.797376871109009,0.1012575700879097,0.001,344.01538705825806
2280,15,124,290118,128,5.979294300079346,5.587630271911621,3.900848627090454,0.1579294055700302,0.001,344.1567180156708
2281,15,125,290246,128,4.847085475921631,4.457883358001709,3.8790135383605957,0.13009488582611084,0.001,344.2975561618805
2282,15,126,290374,128,5.976011753082275,5.592589855194092,3.821662425994873,0.12555666267871857,0.001,344.4349789619446
2283,15,127,290502,128,5.437541961669922,5.059536457061768,3.7641706466674805,0.15884201228618622,0.001,344.57610630989075
2284,15,128,290630,128,5.415158748626709,5.049332141876221,3.643024444580078,0.1523851901292801,0.001,344.7201302051544
2285,15,129,290758,128,5.677076816558838,5.285597324371338,3.8988988399505615,0.1589805632829666,0.001,344.8609673976898
2286,15,130,290886,128,7.300159931182861,6.909590244293213,3.8922252655029297,0.1346942037343979,0.001,345.0017330646515
2287,15,131,291014,128,5.739977836608887,5.358818054199219,3.796299934387207,0.1529862880706787,0.001,345.14369463920593
2288,15,132,291142,128,6.743697166442871,6.365725517272949,3.7668254375457764,0.1288849413394928,0.001,345.2833421230316
2289,15,133,291270,128,5.1556243896484375,4.778274059295654,3.758802652359009,0.1469852328300476,0.001,345.424156665802
2290,15,134,291398,128,4.57422399520874,4.195768356323242,3.7694478034973145,0.1510961949825287,0.001,345.565881729126
2291,15,135,291526,128,4.162055492401123,3.80403733253479,3.5658416748046875,0.14337649941444397,0.001,345.70712327957153
2292,15,136,291654,128,4.273918151855469,3.8993914127349854,3.7314674854278564,0.13798433542251587,0.001,345.8478376865387
2293,15,137,291782,128,3.8443431854248047,3.4660706520080566,3.768598794937134,0.1412745863199234,0.001,345.9876024723053
2294,15,138,291910,128,4.81473970413208,4.429672718048096,3.833498477935791,0.1717151254415512,0.001,346.1298723220825
2295,15,139,292038,128,5.037743091583252,4.681230068206787,3.545330762863159,0.19800643622875214,0.001,346.2706162929535
2296,15,140,292166,128,4.349049091339111,3.99589204788208,3.518911600112915,0.12660454213619232,0.001,346.4117133617401
2297,15,141,292294,128,4.908227443695068,4.542423248291016,3.6423985958099365,0.15645942091941833,0.001,346.5525481700897
2298,15,142,292422,128,6.514754295349121,6.133826732635498,3.7953624725341797,0.13915489614009857,0.001,346.69227385520935
2299,15,143,292550,128,4.107585430145264,3.7342617511749268,3.7168233394622803,0.16415023803710938,0.001,346.8362579345703
2300,15,144,292678,128,4.856100082397461,4.458762168884277,3.960338592529297,0.13043548166751862,0.001,346.97701478004456
2301,15,145,292806,128,5.814757347106934,5.4459967613220215,3.675283193588257,0.12322989851236343,0.001,347.1190228462219
2302,15,146,292934,128,6.350252628326416,5.965843200683594,3.830095052719116,0.13999909162521362,0.001,347.25862646102905
2303,15,147,293062,128,6.31150484085083,5.905956268310547,4.044100284576416,0.11386337131261826,0.001,347.41410732269287
2304,15,148,293190,128,4.852989673614502,4.453420639038086,3.985888957977295,0.09801345318555832,0.001,347.55571937561035
2305,15,149,293318,128,5.447287559509277,5.079395294189453,3.665963649749756,0.12961305677890778,0.001,347.6977524757385
2306,15,150,293446,128,4.5217814445495605,4.138216018676758,3.820312976837158,0.15339408814907074,0.001,347.83871483802795
2307,15,151,293574,128,4.537675857543945,4.175597190856934,3.6049578189849854,0.1583082228899002,0.001,347.9795858860016
2308,15,152,293702,128,7.593985080718994,7.224452018737793,3.6816039085388184,0.13727472722530365,0.001,348.12207555770874
2309,15,153,293830,128,7.395071029663086,7.0429840087890625,3.5021700859069824,0.18703314661979675,0.001,348.26230478286743
2310,15,154,293835,5,3.609318256378174,3.3021483421325684,3.058804750442505,0.12894633412361145,0.001,348.3972587585449
2311,16,1,293963,128,7.3099188804626465,6.904226303100586,4.043265342712402,0.1365978717803955,0.001,349.8740482330322
2312,16,2,294091,128,5.578116416931152,5.170081615447998,4.067597389221191,0.12749561667442322,0.001,350.0125892162323
2313,16,3,294219,128,5.505769729614258,5.089170455932617,4.147083282470703,0.18912486732006073,0.001,350.1544623374939
2314,16,4,294347,128,5.961206436157227,5.5668206214904785,3.930218458175659,0.13638049364089966,0.001,350.29562997817993
2315,16,5,294475,128,4.3502397537231445,3.9869260787963867,3.6182544231414795,0.14884236454963684,0.001,350.43546414375305
2316,16,6,294603,128,6.041388511657715,5.693784713745117,3.4618639945983887,0.14169849455356598,0.001,350.5777122974396
2317,16,7,294731,128,5.899625301361084,5.53887939453125,3.594383716583252,0.13074398040771484,0.001,350.7199308872223
2318,16,8,294859,128,5.320537090301514,4.972054958343506,3.4692606925964355,0.15560196340084076,0.001,350.8613932132721
2319,16,9,294987,128,6.072448253631592,5.711182117462158,3.597203254699707,0.15456709265708923,0.001,351.0025441646576
2320,16,10,295115,128,7.185952663421631,6.7566118240356445,4.278599262237549,0.14811083674430847,0.001,351.14259934425354
2321,16,11,295243,128,6.06295919418335,5.659921646118164,4.0150651931762695,0.15308889746665955,0.001,351.2813391685486
2322,16,12,295371,128,7.328593730926514,6.9201812744140625,4.070302486419678,0.13823895156383514,0.001,351.42144441604614
2323,16,13,295499,128,4.683322429656982,4.282267093658447,3.9975132942199707,0.13039693236351013,0.001,351.5619258880615
2324,16,14,295627,128,4.731841087341309,4.344411373138428,3.8593320846557617,0.14961566030979156,0.001,351.70349073410034
2325,16,15,295755,128,5.19594144821167,4.807005405426025,3.873976945877075,0.15383553504943848,0.001,351.844863653183
2326,16,16,295883,128,4.665724277496338,4.295325756072998,3.687678337097168,0.16308929026126862,0.001,351.9866144657135
2327,16,17,296011,128,6.788340091705322,6.4448957443237305,3.4161858558654785,0.18259687721729279,0.001,352.12957668304443
2328,16,18,296139,128,5.703250408172607,5.344227313995361,3.5775299072265625,0.12701205909252167,0.001,352.2696499824524
2329,16,19,296267,128,6.181329727172852,5.800105571746826,3.800419807434082,0.11819896101951599,0.001,352.4101643562317
2330,16,20,296395,128,5.798220157623291,5.396228313446045,4.00987434387207,0.10042563825845718,0.001,352.5508999824524
2331,16,21,296523,128,7.03156042098999,6.645390033721924,3.850123882293701,0.11583849042654037,0.001,352.6940064430237
2332,16,22,296651,128,6.738253593444824,6.3254289627075195,4.116360187530518,0.11886715888977051,0.001,352.83493089675903
2333,16,23,296779,128,8.438460350036621,8.012350082397461,4.251746654510498,0.09354768693447113,0.001,352.9754898548126
2334,16,24,296907,128,7.878820419311523,7.481581211090088,3.962348461151123,0.10041242092847824,0.001,353.11784291267395
2335,16,25,297035,128,6.627351760864258,6.225870609283447,4.003692626953125,0.11121736466884613,0.001,353.25723242759705
2336,16,26,297163,128,6.0748419761657715,5.709183216094971,3.6440815925598145,0.1250721514225006,0.001,353.39824414253235
2337,16,27,297291,128,5.324321746826172,4.977259635925293,3.461503505706787,0.0911661759018898,0.001,353.5380699634552
2338,16,28,297419,128,6.17890739440918,5.815364360809326,3.6229405403137207,0.12489745765924454,0.001,353.6791527271271
2339,16,29,297547,128,4.97224760055542,4.609443187713623,3.615941286087036,0.12101992964744568,0.001,353.82307028770447
2340,16,30,297675,128,5.298402786254883,4.922672271728516,3.7441368103027344,0.13168975710868835,0.001,353.96267342567444
2341,16,31,297803,128,5.757676601409912,5.401223182678223,3.5483620166778564,0.16173575818538666,0.001,354.4401915073395
2342,16,32,297931,128,5.8365936279296875,5.4524149894714355,3.8242876529693604,0.174997940659523,0.001,354.5855522155762
2343,16,33,298059,128,5.440883636474609,5.043492317199707,3.958329916000366,0.1558363288640976,0.001,354.7268991470337
2344,16,34,298187,128,4.830626010894775,4.439366340637207,3.9012694358825684,0.11324743181467056,0.001,354.8688063621521
2345,16,35,298315,128,5.560476303100586,5.200160980224609,3.5893394947052,0.13812905550003052,0.001,355.0077061653137
2346,16,36,298443,128,5.739807605743408,5.397561550140381,3.410710096359253,0.11748874187469482,0.001,355.15776014328003
2347,16,37,298571,128,7.163696765899658,6.7953104972839355,3.6660146713256836,0.17846447229385376,0.001,355.2979953289032
2348,16,38,298699,128,5.373905658721924,4.974967002868652,3.974205493927002,0.15181763470172882,0.001,355.4366400241852
2349,16,39,298827,128,4.930593967437744,4.539431571960449,3.89430832862854,0.17315669357776642,0.001,355.5778248310089
2350,16,40,298955,128,6.10817289352417,5.735964775085449,3.710719585418701,0.11361638456583023,0.001,355.7215485572815
2351,16,41,299083,128,5.071685314178467,4.691576957702637,3.786318778991699,0.1476433277130127,0.001,355.85720109939575
2352,16,42,299211,128,5.9621477127075195,5.6072258949279785,3.5353944301605225,0.1382434368133545,0.001,355.99948740005493
2353,16,43,299339,128,5.57297945022583,5.196646213531494,3.749396324157715,0.13935701549053192,0.001,356.14389204978943
2354,16,44,299467,128,4.347025394439697,3.977909803390503,3.6770098209381104,0.14149527251720428,0.001,356.2852032184601
2355,16,45,299595,128,3.92386531829834,3.5694491863250732,3.532447338104248,0.1171414703130722,0.001,356.4254205226898
2356,16,46,299723,128,4.796443462371826,4.423379421234131,3.71916127204895,0.11477594077587128,0.001,356.56673979759216
2357,16,47,299851,128,5.077296257019043,4.708959102630615,3.672391891479492,0.10979257524013519,0.001,356.7043378353119
2358,16,48,299979,128,4.839862823486328,4.468506813049316,3.702111005783081,0.11448673903942108,0.001,356.8408396244049
2359,16,49,300107,128,4.899895191192627,4.5435004234313965,3.552501678466797,0.11444226652383804,0.001,356.9787130355835
2360,16,50,300235,128,5.314742088317871,4.947183609008789,3.664665460586548,0.10921209305524826,0.001,357.1200108528137
2361,16,51,300363,128,6.290037155151367,5.906998634338379,3.8176145553588867,0.12769421935081482,0.001,357.25892162323
2362,16,52,300491,128,6.856128215789795,6.464230060577393,3.904775381088257,0.14202913641929626,0.001,357.3950779438019
2363,16,53,300619,128,5.561254501342773,5.1800150871276855,3.7993810176849365,0.13014894723892212,0.001,357.53731203079224
2364,16,54,300747,128,6.414248943328857,6.02178430557251,3.91318678855896,0.11458493769168854,0.001,357.68207335472107
2365,16,55,300875,128,6.49339485168457,6.104544162750244,3.8706700801849365,0.17839393019676208,0.001,357.8251073360443
2366,16,56,301003,128,6.04034423828125,5.666751861572266,3.7227485179901123,0.13173209130764008,0.001,357.964462518692
2367,16,57,301131,128,5.539257049560547,5.149070739746094,3.8883984088897705,0.13466662168502808,0.001,358.1065969467163
2368,16,58,301259,128,7.8472900390625,7.489785671234131,3.5609939098358154,0.1404753178358078,0.001,358.24751925468445
2369,16,59,301387,128,9.509156227111816,9.146039009094238,3.6159746646881104,0.15201984345912933,0.001,358.3877532482147
2370,16,60,301515,128,6.893648624420166,6.528505325317383,3.6355068683624268,0.15925395488739014,0.001,358.5293734073639
2371,16,61,301643,128,6.587766647338867,6.221316814422607,3.652247905731201,0.1224915087223053,0.001,358.6705551147461
2372,16,62,301771,128,5.808308124542236,5.430576801300049,3.76373028755188,0.1358577162027359,0.001,358.81095457077026
2373,16,63,301899,128,4.022282123565674,3.6395468711853027,3.8156003952026367,0.11754533648490906,0.001,358.95107889175415
2374,16,64,302027,128,6.845645427703857,6.4385175704956055,4.055678844451904,0.1559755802154541,0.001,359.0911033153534
2375,16,65,302155,128,6.213505268096924,5.803408622741699,4.08940315246582,0.11564368009567261,0.001,359.23351669311523
2376,16,66,302283,128,5.1435441970825195,4.756834506988525,3.854801893234253,0.12291012704372406,0.001,359.37453627586365
2377,16,67,302411,128,4.920887470245361,4.532473564147949,3.867932081222534,0.16209526360034943,0.001,359.51476979255676
2378,16,68,302539,128,5.416421413421631,5.008978843688965,4.0626325607299805,0.1179194524884224,0.001,359.65471291542053
2379,16,69,302667,128,6.459891319274902,6.08311128616333,3.7541942596435547,0.13602352142333984,0.001,359.7922556400299
2380,16,70,302795,128,6.572101593017578,6.1777753829956055,3.924947738647461,0.1831357181072235,0.001,359.93345403671265
2381,16,71,302923,128,3.9480361938476562,3.5839550495147705,3.6248250007629395,0.15985994040966034,0.001,360.0735800266266
2382,16,72,303051,128,5.395028591156006,5.025947570800781,3.6752870082855225,0.15523332357406616,0.001,360.2174072265625
2383,16,73,303179,128,5.114731311798096,4.766558647155762,3.463884115219116,0.17844825983047485,0.001,360.3570899963379
2384,16,74,303307,128,6.023523330688477,5.656538009643555,3.654453992843628,0.15398231148719788,0.001,360.4969902038574
2385,16,75,303435,128,5.291083812713623,4.908413887023926,3.8127551078796387,0.13944724202156067,0.001,360.6392126083374
2386,16,76,303563,128,4.012069225311279,3.632643938064575,3.7805230617523193,0.1372661590576172,0.001,360.7801628112793
2387,16,77,303691,128,4.69888162612915,4.3317365646362305,3.658560037612915,0.12887099385261536,0.001,360.9213454723358
2388,16,78,303819,128,6.411975860595703,6.024989128112793,3.8533754348754883,0.16494369506835938,0.001,361.063027381897
2389,16,79,303947,128,5.580580711364746,5.206845760345459,3.725022554397583,0.12328185886144638,0.001,361.20433735847473
2390,16,80,304075,128,8.57462215423584,8.185174942016602,3.8843204975128174,0.10144206881523132,0.001,361.34495997428894
2391,16,81,304203,128,7.893823146820068,7.512200355529785,3.802865505218506,0.1336323767900467,0.001,361.4871914386749
2392,16,82,304331,128,6.644247531890869,6.2547407150268555,3.881612777709961,0.13458047807216644,0.001,361.6286087036133
2393,16,83,304459,128,4.559537410736084,4.188427448272705,3.6985387802124023,0.1255975067615509,0.001,361.7692494392395
2394,16,84,304587,128,4.582110404968262,4.237384796142578,3.433112382888794,0.14144884049892426,0.001,361.90961050987244
2395,16,85,304715,128,5.476490020751953,5.113346099853516,3.6138932704925537,0.1754695028066635,0.001,362.05088663101196
2396,16,86,304843,128,4.62369966506958,4.228902816772461,3.9313912391662598,0.16578492522239685,0.001,362.19160318374634
2397,16,87,304971,128,5.026626110076904,4.627568244934082,3.975184917449951,0.15393394231796265,0.001,362.3309326171875
2398,16,88,305099,128,4.90482759475708,4.503043174743652,4.005837440490723,0.12008218467235565,0.001,362.47080278396606
2399,16,89,305227,128,6.526068210601807,6.146505355834961,3.781902313232422,0.13726253807544708,0.001,362.6113193035126
2400,16,90,305355,128,4.886651992797852,4.517189979553223,3.675577402114868,0.19044844806194305,0.001,362.7508451938629
2401,16,91,305483,128,5.15080451965332,4.751128673553467,3.983525037765503,0.13234351575374603,0.001,362.8917179107666
2402,16,92,305611,128,4.756385326385498,4.374409198760986,3.8057100772857666,0.14052510261535645,0.001,363.0317533016205
2403,16,93,305739,128,4.799385070800781,4.4223833084106445,3.755235433578491,0.1478341519832611,0.001,363.1719448566437
2404,16,94,305867,128,5.109028339385986,4.72924280166626,3.7853589057922363,0.12495988607406616,0.001,363.3128595352173
2405,16,95,305995,128,5.252997875213623,4.9069108963012695,3.450029134750366,0.10840693861246109,0.001,363.4531090259552
2406,16,96,306123,128,5.579448699951172,5.236222267150879,3.4187185764312744,0.1354694962501526,0.001,363.59359526634216
2407,16,97,306251,128,6.12379264831543,5.771731376647949,3.506221294403076,0.14391909539699554,0.001,363.73366618156433
2408,16,98,306379,128,4.577389240264893,4.214470863342285,3.617520570755005,0.11662568151950836,0.001,363.8753581047058
2409,16,99,306507,128,4.603569030761719,4.218815803527832,3.835364818572998,0.12169255316257477,0.001,364.013605594635
2410,16,100,306635,128,6.338078498840332,5.94157075881958,3.953404426574707,0.11670719087123871,0.001,364.15555238723755
2411,16,101,306763,128,6.85328483581543,6.46655797958374,3.8540432453155518,0.13225555419921875,0.001,364.3092186450958
2412,16,102,306891,128,6.452963829040527,6.060500621795654,3.914940595626831,0.09690458327531815,0.001,364.4501700401306
2413,16,103,307019,128,6.520483493804932,6.142098903656006,3.7690727710723877,0.14774002134799957,0.001,364.5936417579651
2414,16,104,307147,128,4.827219009399414,4.441456317901611,3.840204954147339,0.17422977089881897,0.001,364.73535561561584
2415,16,105,307275,128,5.144791126251221,4.752030372619629,3.913094997406006,0.14508216083049774,0.001,364.8814973831177
2416,16,106,307403,128,4.969407558441162,4.5882649421691895,3.7927489280700684,0.18675725162029266,0.001,365.0235061645508
2417,16,107,307531,128,4.859564304351807,4.479718208312988,3.7847349643707275,0.1372910887002945,0.001,365.17430090904236
2418,16,108,307659,128,6.247991561889648,5.871254920959473,3.7502903938293457,0.1707681268453598,0.001,365.31520223617554
2419,16,109,307787,128,4.209046363830566,3.8055784702301025,4.016478061676025,0.18201304972171783,0.001,365.4563834667206
2420,16,110,307915,128,3.323981523513794,2.93816876411438,3.8445568084716797,0.13571558892726898,0.001,365.5978534221649
2421,16,111,308043,128,4.362840175628662,3.9980435371398926,3.6287245750427246,0.19239366054534912,0.001,365.7384088039398
2422,16,112,308171,128,4.779947757720947,4.3949809074401855,3.8382389545440674,0.11428899317979813,0.001,365.8857116699219
2423,16,113,308299,128,3.485713481903076,3.1554293632507324,3.285792827606201,0.17049972712993622,0.001,366.02250146865845
2424,16,114,308427,128,4.007036209106445,3.627953290939331,3.7757461071014404,0.15084397792816162,0.001,366.16488242149353
2425,16,115,308555,128,5.623794078826904,5.242002487182617,3.803677797317505,0.14240673184394836,0.001,366.30639815330505
2426,16,116,308683,128,4.77083683013916,4.386543273925781,3.8301656246185303,0.12770919501781464,0.001,366.44846963882446
2427,16,117,308811,128,6.106279373168945,5.7137932777404785,3.914217472076416,0.1064276322722435,0.001,366.5913498401642
2428,16,118,308939,128,5.250925540924072,4.835690021514893,4.139078140258789,0.13274964690208435,0.001,366.73221373558044
2429,16,119,309067,128,5.333448886871338,4.924581050872803,4.076221942901611,0.12456275522708893,0.001,366.8705060482025
2430,16,120,309195,128,5.659985542297363,5.268851280212402,3.8998124599456787,0.11530560255050659,0.001,367.014310836792
2431,16,121,309323,128,6.115837574005127,5.724000453948975,3.904977321624756,0.1339632123708725,0.001,367.1553795337677
2432,16,122,309451,128,4.93265962600708,4.535106182098389,3.964221954345703,0.11312717944383621,0.001,367.29428935050964
2433,16,123,309579,128,4.444112300872803,4.0375165939331055,4.053188800811768,0.1277151107788086,0.001,367.4355380535126
2434,16,124,309707,128,6.407461643218994,6.039124011993408,3.669785737991333,0.13589635491371155,0.001,367.57719469070435
2435,16,125,309835,128,4.384006977081299,4.0530805587768555,3.2920570373535156,0.1720927357673645,0.001,367.71981716156006
2436,16,126,309963,128,4.932260990142822,4.57714319229126,3.5359675884246826,0.15208841860294342,0.001,367.85947585105896
2437,16,127,310091,128,4.613330364227295,4.2455034255981445,3.6634392738342285,0.14831040799617767,0.001,368.0038788318634
2438,16,128,310219,128,4.023725986480713,3.6475400924682617,3.7452714443206787,0.16588129103183746,0.001,368.1450638771057
2439,16,129,310347,128,4.602382183074951,4.207879543304443,3.930868148803711,0.1415759176015854,0.001,368.2861135005951
2440,16,130,310475,128,6.281201362609863,5.900477409362793,3.7912211418151855,0.16016089916229248,0.001,368.4268844127655
2441,16,131,310603,128,5.313884258270264,4.889998912811279,4.220583915710449,0.18269973993301392,0.001,368.5687415599823
2442,16,132,310731,128,4.219734191894531,3.8156304359436035,4.024259567260742,0.16779690980911255,0.001,368.7102847099304
2443,16,133,310859,128,4.552088260650635,4.184481143951416,3.6580352783203125,0.18032434582710266,0.001,368.8509910106659
2444,16,134,310987,128,6.217160224914551,5.855867385864258,3.5961906909942627,0.16736331582069397,0.001,368.9912874698639
2445,16,135,311115,128,6.064428806304932,5.729865074157715,3.3271844387054443,0.1845337301492691,0.001,369.13311862945557
2446,16,136,311243,128,6.075984477996826,5.705153465270996,3.6853015422821045,0.2300938367843628,0.001,369.2742097377777
2447,16,137,311371,128,6.142398834228516,5.731067657470703,4.093603610992432,0.19706721603870392,0.001,369.414181470871
2448,16,138,311499,128,4.3291120529174805,3.920865774154663,4.062079906463623,0.20386002957820892,0.001,369.5558350086212
2449,16,139,311627,128,5.4777045249938965,5.055826187133789,4.201462745666504,0.17319217324256897,0.001,369.6954274177551
2450,16,140,311755,128,5.416860103607178,4.994058132171631,4.209207534790039,0.18812783062458038,0.001,369.8355655670166
2451,16,141,311883,128,4.1416168212890625,3.773646593093872,3.664318084716797,0.15384967625141144,0.001,369.97615694999695
2452,16,142,312011,128,5.04522180557251,4.689586639404297,3.5420358180999756,0.14312806725502014,0.001,370.1177456378937
2453,16,143,312139,128,6.1889495849609375,5.811526298522949,3.7591254711151123,0.15108494460582733,0.001,370.25980710983276
2454,16,144,312267,128,4.861898899078369,4.504063606262207,3.565723180770874,0.12629300355911255,0.001,370.4000861644745
2455,16,145,312395,128,3.9580929279327393,3.5889244079589844,3.6792123317718506,0.12471427768468857,0.001,370.5420067310333
2456,16,146,312523,128,4.627354145050049,4.277970314025879,3.4835352897644043,0.10303995013237,0.001,370.6852979660034
2457,16,147,312651,128,4.097265243530273,3.7307584285736084,3.652454137802124,0.12611524760723114,0.001,370.82574224472046
2458,16,148,312779,128,5.241876602172852,4.84975528717041,3.908378839492798,0.12835508584976196,0.001,370.96667313575745
2459,16,149,312907,128,4.497932434082031,4.1135430335998535,3.833087682723999,0.10806040465831757,0.001,371.10840010643005
2460,16,150,313035,128,6.1496992111206055,5.749074459075928,3.994605541229248,0.11642929911613464,0.001,371.24813175201416
2461,16,151,313163,128,5.430487155914307,5.045100212097168,3.841810941696167,0.12057516723871231,0.001,371.388463973999
2462,16,152,313291,128,4.606973648071289,4.225464344024658,3.802737236022949,0.12354859709739685,0.001,371.53053164482117
2463,16,153,313419,128,4.425151824951172,4.043763160705566,3.7977850437164307,0.16100753843784332,0.001,371.67233633995056
2464,16,154,313424,5,7.309551239013672,6.842567443847656,4.65869665145874,0.11138883233070374,0.001,371.8075461387634
2465,17,1,313552,128,6.687714576721191,6.32535982131958,3.60455584526062,0.18992707133293152,0.001,373.30900835990906
2466,17,2,313680,128,6.063051700592041,5.655903339385986,4.050151824951172,0.2133503258228302,0.001,373.449823141098
2467,17,3,313808,128,5.371393203735352,4.978525638580322,3.909000873565674,0.19675472378730774,0.001,373.59135937690735
2468,17,4,313936,128,6.241330623626709,5.843854904174805,3.9605932235717773,0.14162610471248627,0.001,373.73225259780884
2469,17,5,314064,128,6.160694122314453,5.745686054229736,4.1343584060668945,0.1572284996509552,0.001,373.87279438972473
2470,17,6,314192,128,6.093188285827637,5.688282489776611,4.0358734130859375,0.1318272054195404,0.001,374.0134627819061
2471,17,7,314320,128,4.429192543029785,4.037716388702393,3.8982982635498047,0.16466686129570007,0.001,374.1547794342041
2472,17,8,314448,128,4.736701965332031,4.354926109313965,3.7994329929351807,0.18325693905353546,0.001,374.29684615135193
2473,17,9,314576,128,6.315045356750488,5.9175872802734375,3.9549472332000732,0.19633594155311584,0.001,374.437796831131
2474,17,10,314704,128,4.992175579071045,4.602822780609131,3.877786874771118,0.15738196671009064,0.001,374.58068084716797
2475,17,11,314832,128,4.698830604553223,4.336714744567871,3.6060707569122314,0.15088531374931335,0.001,374.7212255001068
2476,17,12,314960,128,4.372634410858154,4.047536373138428,3.234567165374756,0.16413787007331848,0.001,374.8607335090637
2477,17,13,315088,128,4.570319175720215,4.181005001068115,3.8788998126983643,0.14244315028190613,0.001,374.9999897480011
2478,17,14,315216,128,5.108116149902344,4.720337867736816,3.865396022796631,0.1238916739821434,0.001,375.14129400253296
2479,17,15,315344,128,4.415940284729004,4.0304083824157715,3.845569372177124,0.09750933200120926,0.001,375.2823295593262
2480,17,16,315472,128,6.0774664878845215,5.655758380889893,4.205990314483643,0.11092443019151688,0.001,375.42443585395813
2481,17,17,315600,128,4.40556001663208,3.9950382709503174,4.093764781951904,0.11454795300960541,0.001,375.56420254707336
2482,17,18,315728,128,6.265565395355225,5.843199729919434,4.213982105255127,0.09673760831356049,0.001,375.70442843437195
2483,17,19,315856,128,4.34580659866333,3.950249195098877,3.943237781524658,0.12334828823804855,0.001,375.8452558517456
2484,17,20,315984,128,5.222459316253662,4.858127593994141,3.6326475143432617,0.10673967003822327,0.001,375.9854278564453
2485,17,21,316112,128,5.226734161376953,4.865426063537598,3.6029396057128906,0.10143580287694931,0.001,376.1309003829956
2486,17,22,316240,128,6.023133754730225,5.659257888793945,3.6252453327178955,0.13513897359371185,0.001,376.2727255821228
2487,17,23,316368,128,4.836173057556152,4.4860124588012695,3.4887688159942627,0.1283455193042755,0.001,376.413640499115
2488,17,24,316496,128,4.53560209274292,4.18043851852417,3.53084397315979,0.20788271725177765,0.001,376.5558817386627
2489,17,25,316624,128,4.516387462615967,4.163771152496338,3.511748790740967,0.1441461145877838,0.001,376.6982810497284
2490,17,26,316752,128,4.740204334259033,4.362669467926025,3.761453866958618,0.1389656960964203,0.001,376.8390438556671
2491,17,27,316880,128,5.254292011260986,4.853758811950684,3.9901607036590576,0.15173359215259552,0.001,376.9806241989136
2492,17,28,317008,128,5.535200595855713,5.135456085205078,3.981741189956665,0.15700313448905945,0.001,377.122597694397
2493,17,29,317136,128,5.838515281677246,5.432098388671875,4.0479865074157715,0.16183342039585114,0.001,377.264048576355
2494,17,30,317264,128,5.31442928314209,4.904037952423096,4.0879058837890625,0.1600823551416397,0.001,377.4041528701782
2495,17,31,317392,128,5.0796003341674805,4.670579433441162,4.071880340576172,0.18331746757030487,0.001,377.54469180107117
2496,17,32,317520,128,5.5417256355285645,5.128272533416748,4.119607925415039,0.14925391972064972,0.001,377.6862428188324
2497,17,33,317648,128,5.839133262634277,5.454672813415527,3.827465772628784,0.17139336466789246,0.001,377.826105594635
2498,17,34,317776,128,4.667502403259277,4.311595916748047,3.543506622314453,0.15557757019996643,0.001,377.9662911891937
2499,17,35,317904,128,3.424938678741455,3.024387836456299,3.9906423091888428,0.14866043627262115,0.001,378.107444524765
2500,17,36,318032,128,4.684469223022461,4.3139801025390625,3.6890971660614014,0.1579306423664093,0.001,378.2525477409363
2501,17,37,318160,128,4.836490631103516,4.472282886505127,3.6272706985473633,0.1480380743741989,0.001,378.39451360702515
2502,17,38,318288,128,4.226574897766113,3.877790689468384,3.4719908237457275,0.15850090980529785,0.001,378.53391432762146
2503,17,39,318416,128,3.517214298248291,3.1453516483306885,3.7059080600738525,0.12717634439468384,0.001,378.6738820075989
2504,17,40,318544,128,3.9090187549591064,3.533795118331909,3.7391576766967773,0.1308007836341858,0.001,378.8136553764343
2505,17,41,318672,128,5.971351623535156,5.565594673156738,4.044826984405518,0.12740446627140045,0.001,378.95271825790405
2506,17,42,318800,128,4.539364337921143,4.1323561668396,4.055934906005859,0.1414864957332611,0.001,379.09274768829346
2507,17,43,318928,128,4.598398208618164,4.233459949493408,3.634788751602173,0.14594557881355286,0.001,379.23162937164307
2508,17,44,319056,128,3.033905029296875,2.6492207050323486,3.833564281463623,0.1327989399433136,0.001,379.37103366851807
2509,17,45,319184,128,4.118132591247559,3.7685413360595703,3.4798948764801025,0.16015073657035828,0.001,379.5118305683136
2510,17,46,319312,128,4.405715465545654,4.061717510223389,3.4182329177856445,0.2174793928861618,0.001,379.6521625518799
2511,17,47,319440,128,5.607150077819824,5.232448577880859,3.7305259704589844,0.1648707538843155,0.001,379.79187870025635
2512,17,48,319568,128,5.2187652587890625,4.856507301330566,3.610011577606201,0.12568938732147217,0.001,379.93104314804077
2513,17,49,319696,128,4.683039665222168,4.305943012237549,3.7585179805755615,0.12448941916227341,0.001,380.0708019733429
2514,17,50,319824,128,3.941592216491699,3.5274572372436523,4.125966548919678,0.15383803844451904,0.001,380.21241521835327
2515,17,51,319952,128,5.455494403839111,5.044397830963135,4.096741676330566,0.14225567877292633,0.001,380.3530230522156
2516,17,52,320080,128,5.163294315338135,4.77829122543335,3.8382601737976074,0.11770909279584885,0.001,380.4945032596588
2517,17,53,320208,128,5.709851264953613,5.300775527954102,4.076358318328857,0.1440044492483139,0.001,380.63607144355774
2518,17,54,320336,128,5.194241523742676,4.772593021392822,4.202519416809082,0.13964885473251343,0.001,380.7775230407715
2519,17,55,320464,128,4.654182434082031,4.271327495574951,3.812415599822998,0.1613423079252243,0.001,380.9200165271759
2520,17,56,320592,128,4.843611240386963,4.449609279632568,3.924182415008545,0.1583545207977295,0.001,381.0598683357239
2521,17,57,320720,128,5.3032145500183105,4.88577938079834,4.159194469451904,0.15158694982528687,0.001,381.2000632286072
2522,17,58,320848,128,6.287534713745117,5.921538352966309,3.640045404434204,0.19918647408485413,0.001,381.34131026268005
2523,17,59,320976,128,4.280178546905518,3.913602113723755,3.6460909843444824,0.19673000276088715,0.001,381.4841978549957
2524,17,60,321104,128,5.493350028991699,5.118294715881348,3.73714280128479,0.1340930014848709,0.001,381.6271333694458
2525,17,61,321232,128,4.7834906578063965,4.413156986236572,3.6908280849456787,0.1250615417957306,0.001,381.7672996520996
2526,17,62,321360,128,5.0696258544921875,4.673282623291016,3.948672294616699,0.1475873589515686,0.001,381.9090430736542
2527,17,63,321488,128,5.238471031188965,4.833794593811035,4.033002853393555,0.13763348758220673,0.001,382.0498993396759
2528,17,64,321616,128,3.602128267288208,3.186307430267334,4.145924091339111,0.12282710522413254,0.001,382.19037675857544
2529,17,65,321744,128,4.954524040222168,4.5834808349609375,3.696230888366699,0.1419837921857834,0.001,382.33041620254517
2530,17,66,321872,128,4.401446342468262,4.038923263549805,3.607609987258911,0.1761711835861206,0.001,382.4698476791382
2531,17,67,322000,128,4.520187854766846,4.1506547927856445,3.680784225463867,0.14546796679496765,0.001,382.61428213119507
2532,17,68,322128,128,4.130885124206543,3.7742457389831543,3.547929048538208,0.1846189796924591,0.001,382.7539415359497
2533,17,69,322256,128,4.800651550292969,4.4357709884643555,3.632887125015259,0.15916571021080017,0.001,382.89409708976746
2534,17,70,322384,128,4.940876007080078,4.562617301940918,3.765265941619873,0.17316533625125885,0.001,383.03632378578186
2535,17,71,322512,128,5.226335048675537,4.8210835456848145,4.040266513824463,0.12249220907688141,0.001,383.17644739151
2536,17,72,322640,128,4.334466934204102,3.9170944690704346,4.157290458679199,0.16430380940437317,0.001,383.3151435852051
2537,17,73,322768,128,4.48307991027832,4.100210189819336,3.8102188110351562,0.18477500975131989,0.001,383.45989871025085
2538,17,74,322896,128,4.255423545837402,3.8581533432006836,3.954979181289673,0.17722781002521515,0.001,383.59997844696045
2539,17,75,323024,128,4.521061420440674,4.132724761962891,3.8712849617004395,0.12083449959754944,0.001,383.7396488189697
2540,17,76,323152,128,3.607118606567383,3.2689592838287354,3.366668939590454,0.14925500750541687,0.001,383.87863945961
2541,17,77,323280,128,5.58728551864624,5.216795444488525,3.6899633407592773,0.1493726372718811,0.001,384.01814222335815
2542,17,78,323408,128,3.407778024673462,3.0449047088623047,3.610964298248291,0.17769254744052887,0.001,384.15866565704346
2543,17,79,323536,128,5.2251105308532715,4.828510761260986,3.946699380874634,0.192970409989357,0.001,384.2995960712433
2544,17,80,323664,128,5.004852294921875,4.6079912185668945,3.9534358978271484,0.1517130583524704,0.001,384.4441223144531
2545,17,81,323792,128,4.875324726104736,4.445221424102783,4.281179904937744,0.19850988686084747,0.001,384.5849301815033
2546,17,82,323920,128,5.213174819946289,4.809138298034668,4.022353172302246,0.18010292947292328,0.001,384.7247836589813
2547,17,83,324048,128,5.864305019378662,5.443544387817383,4.19234037399292,0.1526138335466385,0.001,384.865234375
2548,17,84,324176,128,6.331538200378418,5.906008720397949,4.235589027404785,0.19708186388015747,0.001,385.0071723461151
2549,17,85,324304,128,5.6469926834106445,5.234198093414307,4.1130690574646,0.14876548945903778,0.001,385.15047216415405
2550,17,86,324432,128,6.722446441650391,6.334475517272949,3.85978627204895,0.19923172891139984,0.001,385.2907464504242
2551,17,87,324560,128,4.152787208557129,3.788529396057129,3.6223809719085693,0.2019907832145691,0.001,385.43069219589233
2552,17,88,324688,128,3.858870506286621,3.4911551475524902,3.659238815307617,0.17915549874305725,0.001,385.57095432281494
2553,17,89,324816,128,4.7513203620910645,4.327799320220947,4.219738483428955,0.1547144055366516,0.001,385.71164417266846
2554,17,90,324944,128,4.835662841796875,4.415628910064697,4.185421466827393,0.14915303885936737,0.001,385.85286712646484
2555,17,91,325072,128,4.874098777770996,4.464524269104004,4.080627918243408,0.15113449096679688,0.001,385.99345350265503
2556,17,92,325200,128,4.728445529937744,4.368031978607178,3.5885167121887207,0.15615685284137726,0.001,386.1350405216217
2557,17,93,325328,128,4.901988506317139,4.513444900512695,3.8662710189819336,0.19165490567684174,0.001,386.2809956073761
2558,17,94,325456,128,5.171899318695068,4.808173179626465,3.618431568145752,0.1883259415626526,0.001,386.4228136539459
2559,17,95,325584,128,4.432860374450684,4.047684192657471,3.833036422729492,0.18726567924022675,0.001,386.5634331703186
2560,17,96,325712,128,4.728043079376221,4.335207462310791,3.911736249923706,0.16619883477687836,0.001,386.70871472358704
2561,17,97,325840,128,4.59107780456543,4.163659572601318,4.258640766143799,0.15539979934692383,0.001,386.84993720054626
2562,17,98,325968,128,5.627290725708008,5.197115898132324,4.284959316253662,0.16789844632148743,0.001,386.9902067184448
2563,17,99,326096,128,4.6835126876831055,4.281527996063232,4.002719402313232,0.1712692230939865,0.001,387.13065361976624
2564,17,100,326224,128,5.1721577644348145,4.802576065063477,3.6810619831085205,0.14754752814769745,0.001,387.2694547176361
2565,17,101,326352,128,4.929492473602295,4.56429386138916,3.636827230453491,0.15156780183315277,0.001,387.40821075439453
2566,17,102,326480,128,5.203237533569336,4.826533794403076,3.7523772716522217,0.14659446477890015,0.001,387.8896861076355
2567,17,103,326608,128,5.092958450317383,4.727903842926025,3.6327426433563232,0.17806769907474518,0.001,388.02443408966064
2568,17,104,326736,128,5.3816728591918945,4.994785308837891,3.8513903617858887,0.17487819492816925,0.001,388.1595335006714
2569,17,105,326864,128,6.138001441955566,5.760794162750244,3.7550272941589355,0.1704729199409485,0.001,388.29573941230774
2570,17,106,326992,128,5.26223087310791,4.876674652099609,3.840970993041992,0.14590905606746674,0.001,388.43582129478455
2571,17,107,327120,128,5.011877536773682,4.640636444091797,3.691462278366089,0.20945708453655243,0.001,388.57698154449463
2572,17,108,327248,128,3.1540346145629883,2.77384614944458,3.7860488891601562,0.15836414694786072,0.001,388.7181270122528
2573,17,109,327376,128,4.88771915435791,4.458420753479004,4.278337478637695,0.14650693535804749,0.001,388.8569977283478
2574,17,110,327504,128,4.377005100250244,3.9931833744049072,3.8229634761810303,0.15256084501743317,0.001,388.99411273002625
2575,17,111,327632,128,4.042996406555176,3.6369941234588623,4.042079448699951,0.17944316565990448,0.001,389.13645005226135
2576,17,112,327760,128,3.890448808670044,3.5067248344421387,3.820909261703491,0.16328540444374084,0.001,389.27485847473145
2577,17,113,327888,128,5.140534400939941,4.7585129737854,3.8058319091796875,0.1438363492488861,0.001,389.4163589477539
2578,17,114,328016,128,6.123467922210693,5.739450454711914,3.824308395385742,0.15863242745399475,0.001,389.55880188941956
2579,17,115,328144,128,6.673495769500732,6.282914638519287,3.8901755809783936,0.15635770559310913,0.001,389.7017319202423
2580,17,116,328272,128,5.776066780090332,5.411421298980713,3.6289684772491455,0.17484787106513977,0.001,389.84282875061035
2581,17,117,328400,128,5.619604587554932,5.223848819732666,3.9380319118499756,0.19528239965438843,0.001,389.9842257499695
2582,17,118,328528,128,5.753737449645996,5.354946136474609,3.972660541534424,0.1525377780199051,0.001,390.12630677223206
2583,17,119,328656,128,4.9977545738220215,4.599008560180664,3.9688704013824463,0.18593327701091766,0.001,390.26740860939026
2584,17,120,328784,128,5.292062282562256,4.883724689483643,4.068908214569092,0.14466960728168488,0.001,390.4092240333557
2585,17,121,328912,128,4.14087438583374,3.7638802528381348,3.756502866744995,0.13437777757644653,0.001,390.55131363868713
2586,17,122,329040,128,3.6657567024230957,3.275968551635742,3.88200044631958,0.15881392359733582,0.001,390.69148445129395
2587,17,123,329168,128,4.011973857879639,3.644042491912842,3.662769079208374,0.16544772684574127,0.001,390.83209705352783
2588,17,124,329296,128,4.39099645614624,4.016982555389404,3.7209091186523438,0.19232501089572906,0.001,390.972718000412
2589,17,125,329424,128,4.8622822761535645,4.476200103759766,3.838904857635498,0.21913069486618042,0.001,391.114134311676
2590,17,126,329552,128,5.0741472244262695,4.669131755828857,4.029942035675049,0.20212119817733765,0.001,391.25664806365967
2591,17,127,329680,128,4.263444900512695,3.8685569763183594,3.9339439868927,0.1493367850780487,0.001,391.3965983390808
2592,17,128,329808,128,3.5229146480560303,3.140397310256958,3.809030055999756,0.16144134104251862,0.001,391.53857588768005
2593,17,129,329936,128,4.334230899810791,3.938852548599243,3.939897298812866,0.13885647058486938,0.001,391.67962193489075
2594,17,130,330064,128,6.7388739585876465,6.35033655166626,3.8684709072113037,0.16905289888381958,0.001,391.81902718544006
2595,17,131,330192,128,4.114532947540283,3.731116771697998,3.8131701946258545,0.20992329716682434,0.001,391.9590289592743
2596,17,132,330320,128,5.178281784057617,4.803514003753662,3.7288458347320557,0.1883266419172287,0.001,392.1006073951721
2597,17,133,330448,128,3.822695255279541,3.4197676181793213,4.010899066925049,0.1837751418352127,0.001,392.24084210395813
2598,17,134,330576,128,3.7266221046447754,3.363445520401001,3.6130354404449463,0.18730545043945312,0.001,392.3824882507324
2599,17,135,330704,128,5.186332702636719,4.798364162445068,3.8634393215179443,0.16248072683811188,0.001,392.52753829956055
2600,17,136,330832,128,4.539124488830566,4.158685207366943,3.78644061088562,0.17951162159442902,0.001,392.66752409935
2601,17,137,330960,128,4.240639686584473,3.843564510345459,3.949988842010498,0.20759108662605286,0.001,392.8069546222687
2602,17,138,331088,128,5.501548767089844,5.1008429527282715,3.9859864711761475,0.21069221198558807,0.001,392.9470999240875
2603,17,139,331216,128,6.846436500549316,6.451672554016113,3.9330146312713623,0.14622622728347778,0.001,393.09023690223694
2604,17,140,331344,128,4.787776947021484,4.358627796173096,4.2732391357421875,0.18251533806324005,0.001,393.23299074172974
2605,17,141,331472,128,4.421833038330078,4.017833709716797,4.019595146179199,0.20399543642997742,0.001,393.3737561702728
2606,17,142,331600,128,5.8001389503479,5.417782306671143,3.802309989929199,0.21257777512073517,0.001,393.51578283309937
2607,17,143,331728,128,5.980266094207764,5.597728729248047,3.8073527812957764,0.1801968514919281,0.001,393.6579473018646
2608,17,144,331856,128,5.225296497344971,4.804388523101807,4.1891608238220215,0.19916176795959473,0.001,393.7981460094452
2609,17,145,331984,128,4.314260959625244,3.9335315227508545,3.7905683517456055,0.16727904975414276,0.001,393.9383075237274
2610,17,146,332112,128,6.198387145996094,5.791704177856445,4.052290439605713,0.1453731656074524,0.001,394.08114552497864
2611,17,147,332240,128,4.877347469329834,4.503575325012207,3.721262216567993,0.16460175812244415,0.001,394.22318410873413
2612,17,148,332368,128,5.154794216156006,4.71769380569458,4.356372356414795,0.14633436501026154,0.001,394.3637328147888
2613,17,149,332496,128,6.23446798324585,5.806358814239502,4.266885280609131,0.14204369485378265,0.001,394.5034890174866
2614,17,150,332624,128,5.070049285888672,4.683276653289795,3.8507561683654785,0.1697043627500534,0.001,394.646235704422
2615,17,151,332752,128,4.129763126373291,3.721820592880249,4.065057754516602,0.14368905127048492,0.001,394.78513622283936
2616,17,152,332880,128,4.364847660064697,3.9816699028015137,3.812877655029297,0.18901076912879944,0.001,394.92729806900024
2617,17,153,333008,128,6.601709842681885,6.2190260887146,3.8065507411956787,0.20285049080848694,0.001,395.07001519203186
2618,17,154,333013,5,3.5542891025543213,3.3227903842926025,2.3041584491729736,0.10828812420368195,0.001,395.2070987224579
2619,18,1,333141,128,4.918695449829102,4.517739295959473,3.989360809326172,0.2019864171743393,0.001,396.71776390075684
2620,18,2,333269,128,6.508523464202881,6.092533111572266,4.141037940979004,0.18864472210407257,0.001,396.8607692718506
2621,18,3,333397,128,6.218340873718262,5.780990123748779,4.354306697845459,0.19203601777553558,0.001,397.0022990703583
2622,18,4,333525,128,4.516360759735107,4.08206033706665,4.322214126586914,0.20791347324848175,0.001,397.14325737953186
2623,18,5,333653,128,5.706054210662842,5.253643035888672,4.502432346343994,0.21679693460464478,0.001,397.2833139896393
2624,18,6,333781,128,4.958495616912842,4.5512375831604,4.05287504196167,0.19706304371356964,0.001,397.4239413738251
2625,18,7,333909,128,5.080913066864014,4.694441318511963,3.8472094535827637,0.17507940530776978,0.001,397.5644292831421
2626,18,8,334037,128,4.969991207122803,4.619359493255615,3.48396897315979,0.22348561882972717,0.001,397.70566058158875
2627,18,9,334165,128,4.705130100250244,4.322312355041504,3.8082118034362793,0.19964902102947235,0.001,397.84507989883423
2628,18,10,334293,128,2.9484663009643555,2.5742993354797363,3.724257230758667,0.17412620782852173,0.001,397.98729634284973
2629,18,11,334421,128,4.192607879638672,3.780808448791504,4.100604057312012,0.17390136420726776,0.001,398.1293411254883
2630,18,12,334549,128,5.954364776611328,5.583939075469971,3.6877901554107666,0.1646593064069748,0.001,398.2709572315216
2631,18,13,334677,128,5.221771240234375,4.844367027282715,3.7583818435668945,0.1566152125597,0.001,398.4134304523468
2632,18,14,334805,128,4.493398189544678,4.0925750732421875,3.9952473640441895,0.1298256814479828,0.001,398.5559175014496
2633,18,15,334933,128,3.8277556896209717,3.4331700801849365,3.9296751022338867,0.1618102788925171,0.001,398.69929337501526
2634,18,16,335061,128,5.969872951507568,5.576240062713623,3.92319393157959,0.13138927519321442,0.001,398.8413722515106
2635,18,17,335189,128,4.15296745300293,3.7753212451934814,3.762821674346924,0.13640794157981873,0.001,398.98395133018494
2636,18,18,335317,128,4.022755146026611,3.62054705619812,4.006094455718994,0.1598656177520752,0.001,399.12638878822327
2637,18,19,335445,128,4.390491008758545,3.9983668327331543,3.904073476791382,0.17166908085346222,0.001,399.2664873600006
2638,18,20,335573,128,4.369476795196533,3.980116128921509,3.878694772720337,0.14912551641464233,0.001,399.40658617019653
2639,18,21,335701,128,6.102197647094727,5.677096366882324,4.236044406890869,0.14970238506793976,0.001,399.54872488975525
2640,18,22,335829,128,4.299813270568848,3.8886823654174805,4.093419551849365,0.1789214164018631,0.001,399.6912112236023
2641,18,23,335957,128,4.563453197479248,4.1642374992370605,3.974404811859131,0.17751464247703552,0.001,399.8318612575531
2642,18,24,336085,128,5.546717166900635,5.169732093811035,3.7530388832092285,0.1681371033191681,0.001,399.97475028038025
2643,18,25,336213,128,3.592273473739624,3.2182860374450684,3.718107223510742,0.21768058836460114,0.001,400.11840772628784
2644,18,26,336341,128,4.649881362915039,4.267447471618652,3.8066184520721436,0.17721505463123322,0.001,400.26162981987
2645,18,27,336469,128,4.5113139152526855,4.120806694030762,3.886064291000366,0.19007806479930878,0.001,400.4024999141693
2646,18,28,336597,128,5.342284679412842,4.923826694488525,4.165470600128174,0.19106905162334442,0.001,400.543390750885
2647,18,29,336725,128,4.4772820472717285,4.095297813415527,3.8029496669769287,0.16895732283592224,0.001,400.6882953643799
2648,18,30,336853,128,5.312684059143066,4.9243998527526855,3.865727663040161,0.17115478217601776,0.001,400.82881331443787
2649,18,31,336981,128,4.4870524406433105,4.085171699523926,4.002803325653076,0.16004762053489685,0.001,400.9709417819977
2650,18,32,337109,128,4.305355548858643,3.9098851680755615,3.9378716945648193,0.16833168268203735,0.001,401.11253118515015
2651,18,33,337237,128,3.4968101978302,3.111203193664551,3.840574264526367,0.15495586395263672,0.001,401.254043340683
2652,18,34,337365,128,5.6399760246276855,5.2539801597595215,3.8411974906921387,0.18765892088413239,0.001,401.39802742004395
2653,18,35,337493,128,6.069549560546875,5.674414157867432,3.93522572517395,0.16125865280628204,0.001,401.54139852523804
2654,18,36,337621,128,5.468632698059082,5.066071510314941,4.0071001052856445,0.18511594831943512,0.001,401.68374705314636
2655,18,37,337749,128,4.805016040802002,4.402135848999023,4.012543678283691,0.16261734068393707,0.001,401.8247694969177
2656,18,38,337877,128,5.860426425933838,5.432709217071533,4.261451721191406,0.15721389651298523,0.001,401.965607881546
2657,18,39,338005,128,6.227844715118408,5.827809810638428,3.9846677780151367,0.15682420134544373,0.001,402.1081647872925
2658,18,40,338133,128,7.087397575378418,6.698361396789551,3.875239849090576,0.15122883021831512,0.001,402.2495741844177
2659,18,41,338261,128,4.328643321990967,3.9333279132843018,3.9321563243865967,0.20999592542648315,0.001,402.3872821331024
2660,18,42,338389,128,5.490869522094727,5.097334384918213,3.9180047512054443,0.17349039018154144,0.001,402.52989864349365
2661,18,43,338517,128,4.789305210113525,4.390880584716797,3.9632811546325684,0.2096838504076004,0.001,402.670978307724
2662,18,44,338645,128,4.552125453948975,4.151137351989746,3.9882194995880127,0.2166343629360199,0.001,402.80893778800964
2663,18,45,338773,128,4.3266777992248535,3.9330525398254395,3.91544508934021,0.20807592570781708,0.001,402.94546246528625
2664,18,46,338901,128,4.591649055480957,4.207427978515625,3.824218273162842,0.17991293966770172,0.001,403.0851447582245
2665,18,47,339029,128,4.897869110107422,4.508904933929443,3.8704116344451904,0.19232158362865448,0.001,403.2336995601654
2666,18,48,339157,128,4.499465465545654,4.100367069244385,3.975364923477173,0.15619494020938873,0.001,403.37285900115967
2667,18,49,339285,128,5.205321788787842,4.819158554077148,3.8407530784606934,0.20882819592952728,0.001,403.509845495224
2668,18,50,339413,128,5.569644451141357,5.174045562744141,3.939659833908081,0.16328540444374084,0.001,403.6515350341797
2669,18,51,339541,128,4.319704055786133,3.900268077850342,4.179932594299316,0.14428721368312836,0.001,403.7928366661072
2670,18,52,339669,128,5.817912578582764,5.409250736236572,4.073907375335693,0.12713366746902466,0.001,403.9332535266876
2671,18,53,339797,128,5.055089950561523,4.66340970993042,3.8990936279296875,0.17710720002651215,0.001,404.0752332210541
2672,18,54,339925,128,5.23493766784668,4.86358118057251,3.699354410171509,0.14211373031139374,0.001,404.2218074798584
2673,18,55,340053,128,5.7292561531066895,5.349164962768555,3.783979654312134,0.16931115090847015,0.001,404.3652386665344
2674,18,56,340181,128,4.073770046234131,3.712996244430542,3.590714693069458,0.17022231221199036,0.001,404.503466129303
2675,18,57,340309,128,5.101093769073486,4.706844806671143,3.925185441970825,0.17304964363574982,0.001,404.6470777988434
2676,18,58,340437,128,4.255692481994629,3.8379430770874023,4.161793231964111,0.1570030003786087,0.001,404.78474497795105
2677,18,59,340565,128,5.662391185760498,5.250575542449951,4.104274272918701,0.13878783583641052,0.001,404.9264004230499
2678,18,60,340693,128,4.066527366638184,3.674774408340454,3.902128219604492,0.15399663150310516,0.001,405.07042813301086
2679,18,61,340821,128,5.278830051422119,4.88187837600708,3.9538075923919678,0.15708228945732117,0.001,405.21260166168213
2680,18,62,340949,128,4.80848503112793,4.447210311889648,3.5959908962249756,0.16758231818675995,0.001,405.3538341522217
2681,18,63,341077,128,3.7782015800476074,3.396293878555298,3.7993438243865967,0.19732791185379028,0.001,405.4943220615387
2682,18,64,341205,128,4.576009273529053,4.1781697273254395,3.962498426437378,0.15899552404880524,0.001,405.6359968185425
2683,18,65,341333,128,4.944583415985107,4.551129341125488,3.915519952774048,0.1902153044939041,0.001,405.7771899700165
2684,18,66,341461,128,4.357435703277588,3.952110528945923,4.0358076095581055,0.17440639436244965,0.001,405.91863656044006
2685,18,67,341589,128,4.480454444885254,4.071776390075684,4.06807804107666,0.18701791763305664,0.001,406.0611231327057
2686,18,68,341717,128,4.450286865234375,4.086465835571289,3.6186070442199707,0.19602005183696747,0.001,406.20277428627014
2687,18,69,341845,128,4.672878742218018,4.278345584869385,3.9253838062286377,0.1994515061378479,0.001,406.3429288864136
2688,18,70,341973,128,7.070938587188721,6.652091979980469,4.168147087097168,0.20315760374069214,0.001,406.48379921913147
2689,18,71,342101,128,5.237974166870117,4.805876731872559,4.301095962524414,0.1988159716129303,0.001,406.62611174583435
2690,18,72,342229,128,6.237884521484375,5.815019130706787,4.209012508392334,0.19642695784568787,0.001,406.76859855651855
2691,18,73,342357,128,5.062200546264648,4.593734264373779,4.663022994995117,0.21639472246170044,0.001,406.9146680831909
2692,18,74,342485,128,4.264119625091553,3.8563170433044434,4.062767028808594,0.15258754789829254,0.001,407.058242559433
2693,18,75,342613,128,5.889345169067383,5.501626491546631,3.8581044673919678,0.1908300668001175,0.001,407.19923305511475
2694,18,76,342741,128,5.548351764678955,5.169346332550049,3.7712249755859375,0.1883002072572708,0.001,407.33988881111145
2695,18,77,342869,128,7.312472343444824,6.973307132720947,3.367138385772705,0.2451469749212265,0.001,407.4827380180359
2696,18,78,342997,128,5.8549299240112305,5.510270118713379,3.4228336811065674,0.2376413345336914,0.001,407.6256229877472
2697,18,79,343125,128,6.036077499389648,5.704504489898682,3.2965056896209717,0.19227120280265808,0.001,407.76640605926514
2698,18,80,343253,128,5.578128337860107,5.182159900665283,3.944678783416748,0.15004926919937134,0.001,407.90873646736145
2699,18,81,343381,128,4.002159118652344,3.622981309890747,3.776926279067993,0.1485113799571991,0.001,408.0516278743744
2700,18,82,343509,128,5.158183574676514,4.760983943939209,3.9590508937835693,0.12947162985801697,0.001,408.1936585903168
2701,18,83,343637,128,6.149750709533691,5.735641956329346,4.124520301818848,0.16566242277622223,0.001,408.3353147506714
2702,18,84,343765,128,4.529546737670898,4.113504409790039,4.1462554931640625,0.14164985716342926,0.001,408.478150844574
2703,18,85,343893,128,5.768273830413818,5.3669867515563965,3.9966814517974854,0.16187313199043274,0.001,408.6205081939697
2704,18,86,344021,128,5.591387748718262,5.218807697296143,3.71049427986145,0.15307658910751343,0.001,408.76370644569397
2705,18,87,344149,128,6.632966995239258,6.274773597717285,3.5683093070983887,0.13621273636817932,0.001,408.9033622741699
2706,18,88,344277,128,6.32097864151001,5.970497131347656,3.488309621810913,0.16501429677009583,0.001,409.04375529289246
2707,18,89,344405,128,5.793022632598877,5.448307514190674,3.433515787124634,0.13639675080776215,0.001,409.1867287158966
2708,18,90,344533,128,5.593425750732422,5.220096588134766,3.7139055728912354,0.1938999891281128,0.001,409.3268311023712
2709,18,91,344661,128,5.005918025970459,4.62060546875,3.8369407653808594,0.16185565292835236,0.001,409.4663894176483
2710,18,92,344789,128,6.054795742034912,5.647483825683594,4.056691646575928,0.16425421833992004,0.001,409.606636762619
2711,18,93,344917,128,5.940810680389404,5.523787498474121,4.154537200927734,0.1569238007068634,0.001,409.7464346885681
2712,18,94,345045,128,6.570497035980225,6.146670341491699,4.224315166473389,0.13953864574432373,0.001,409.8878197669983
2713,18,95,345173,128,5.9838643074035645,5.539797782897949,4.424339294433594,0.16326987743377686,0.001,410.03053426742554
2714,18,96,345301,128,3.459951162338257,3.0703420639038086,3.880011558532715,0.16077865660190582,0.001,410.1740391254425
2715,18,97,345429,128,5.6075544357299805,5.2046284675598145,4.017321586608887,0.11937659978866577,0.001,410.3169364929199
2716,18,98,345557,128,6.932258605957031,6.584027290344238,3.4650862216949463,0.17229537665843964,0.001,410.45936918258667
2717,18,99,345685,128,5.616917610168457,5.292801856994629,3.222684144973755,0.18473608791828156,0.001,410.6004469394684
2718,18,100,345813,128,5.279616355895996,4.9248151779174805,3.529165029525757,0.188422292470932,0.001,410.74087500572205
2719,18,101,345941,128,4.301941871643066,3.9627838134765625,3.373605251312256,0.17977771162986755,0.001,410.88410925865173
2720,18,102,346069,128,5.5856523513793945,5.210227012634277,3.7384512424468994,0.15804354846477509,0.001,411.0261378288269
2721,18,103,346197,128,5.01486873626709,4.63234806060791,3.810852527618408,0.14354223012924194,0.001,411.1732156276703
2722,18,104,346325,128,4.625580310821533,4.218849182128906,4.0537543296813965,0.1355850249528885,0.001,411.31393909454346
2723,18,105,346453,128,5.525266647338867,5.111671447753906,4.122467041015625,0.13482676446437836,0.001,411.4586308002472
2724,18,106,346581,128,5.620858192443848,5.195396900177002,4.239543914794922,0.15066033601760864,0.001,411.6008961200714
2725,18,107,346709,128,6.136488437652588,5.7641143798828125,3.708484411239624,0.15253202617168427,0.001,411.74258184432983
2726,18,108,346837,128,5.521482944488525,5.15352725982666,3.6671321392059326,0.12424823641777039,0.001,411.89936685562134
2727,18,109,346965,128,4.742777347564697,4.361777305603027,3.7948808670043945,0.15121370553970337,0.001,412.0419843196869
2728,18,110,347093,128,5.305392265319824,4.892353534698486,4.114889621734619,0.15496423840522766,0.001,412.18466997146606
2729,18,111,347221,128,5.446263790130615,5.03248405456543,4.124797344207764,0.12996968626976013,0.001,412.3263669013977
2730,18,112,347349,128,4.765204429626465,4.3618292808532715,4.015413284301758,0.18339316546916962,0.001,412.46670627593994
2731,18,113,347477,128,5.429747104644775,5.045828342437744,3.8258514404296875,0.13338907063007355,0.001,412.6064772605896
2732,18,114,347605,128,4.358404636383057,3.983211040496826,3.7322585582733154,0.19679522514343262,0.001,412.7488396167755
2733,18,115,347733,128,6.741255283355713,6.340991020202637,3.9832229614257812,0.1941961646080017,0.001,412.90057373046875
2734,18,116,347861,128,5.506385326385498,5.0900959968566895,4.146472930908203,0.16423660516738892,0.001,413.04618787765503
2735,18,117,347989,128,5.17521333694458,4.763350486755371,4.104758262634277,0.13870742917060852,0.001,413.1873860359192
2736,18,118,348117,128,6.513708114624023,6.087640285491943,4.2441935539245605,0.1648566573858261,0.001,413.3342218399048
2737,18,119,348245,128,5.798497676849365,5.405136585235596,3.915815591812134,0.1779487580060959,0.001,413.47670006752014
2738,18,120,348373,128,5.45860481262207,5.069296836853027,3.876258134841919,0.1682305485010147,0.001,413.6182816028595
2739,18,121,348501,128,6.459778785705566,6.058099746704102,3.9991838932037354,0.17605075240135193,0.001,413.760498046875
2740,18,122,348629,128,6.293448448181152,5.901131629943848,3.9072442054748535,0.1592852622270584,0.001,413.90567564964294
2741,18,123,348757,128,4.90736722946167,4.522078514099121,3.8388891220092773,0.13998061418533325,0.001,414.04846835136414
2742,18,124,348885,128,4.908470630645752,4.552881717681885,3.5397582054138184,0.16133369505405426,0.001,414.1895570755005
2743,18,125,349013,128,5.3980255126953125,5.008930206298828,3.87133526802063,0.19618722796440125,0.001,414.33221888542175
2744,18,126,349141,128,4.708982467651367,4.324410438537598,3.8270626068115234,0.1865633726119995,0.001,414.4748146533966
2745,18,127,349269,128,4.85092306137085,4.46209192276001,3.8727831840515137,0.15528790652751923,0.001,414.61968874931335
2746,18,128,349397,128,5.3995747566223145,4.9773688316345215,4.205635070800781,0.16423606872558594,0.001,414.76083111763
2747,18,129,349525,128,5.539529800415039,5.118213176727295,4.197392463684082,0.1577502191066742,0.001,414.9018931388855
2748,18,130,349653,128,4.125080585479736,3.6927502155303955,4.308743000030518,0.145633727312088,0.001,415.0449278354645
2749,18,131,349781,128,4.465976715087891,4.040848731994629,4.235969543457031,0.15311753749847412,0.001,415.1851398944855
2750,18,132,349909,128,4.390485763549805,4.014533519744873,3.7427854537963867,0.1673581451177597,0.001,415.3252136707306
2751,18,133,350037,128,3.814840316772461,3.4460055828094482,3.6694915294647217,0.18857479095458984,0.001,415.465544462204
2752,18,134,350165,128,4.9851250648498535,4.621789455413818,3.6160409450531006,0.17316201329231262,0.001,415.60652589797974
2753,18,135,350293,128,5.186286926269531,4.797886848449707,3.867795944213867,0.16203685104846954,0.001,415.74741101264954
2754,18,136,350421,128,3.9002022743225098,3.499399423599243,3.9898061752319336,0.18222345411777496,0.001,415.8874764442444
2755,18,137,350549,128,4.92190408706665,4.536865711212158,3.8317859172821045,0.1859554499387741,0.001,416.03001284599304
2756,18,138,350677,128,4.401422023773193,4.004842281341553,3.9511609077453613,0.14636223018169403,0.001,416.1742024421692
2757,18,139,350805,128,4.777963161468506,4.362215518951416,4.142652988433838,0.1482558250427246,0.001,416.32349038124084
2758,18,140,350933,128,3.4419543743133545,3.0517635345458984,3.89040207862854,0.11506915092468262,0.001,416.46582984924316
2759,18,141,351061,128,4.316361427307129,3.902008056640625,4.127279758453369,0.1625520884990692,0.001,416.60768961906433
2760,18,142,351189,128,4.2479071617126465,3.828343152999878,4.1806230545043945,0.1501712054014206,0.001,416.7501664161682
2761,18,143,351317,128,6.754116058349609,6.362829208374023,3.8975744247436523,0.1529008001089096,0.001,416.892049074173
2762,18,144,351445,128,5.240901947021484,4.8918914794921875,3.4746623039245605,0.15439863502979279,0.001,417.0354564189911
2763,18,145,351573,128,4.8730549812316895,4.494014739990234,3.7734179496765137,0.16985270380973816,0.001,417.18094635009766
2764,18,146,351701,128,3.7789676189422607,3.3638758659362793,4.134365558624268,0.16552205383777618,0.001,417.3245892524719
2765,18,147,351829,128,4.190699577331543,3.7961344718933105,3.930887460708618,0.14760588109493256,0.001,417.4665355682373
2766,18,148,351957,128,4.737852573394775,4.316592216491699,4.196028232574463,0.16573689877986908,0.001,417.6070556640625
2767,18,149,352085,128,3.810972213745117,3.43855619430542,3.7088406085968018,0.15321485698223114,0.001,417.75398659706116
2768,18,150,352213,128,4.044836044311523,3.67087721824646,3.723952054977417,0.15637631714344025,0.001,417.8974561691284
2769,18,151,352341,128,4.156270980834961,3.7992968559265137,3.5530576705932617,0.16684004664421082,0.001,418.0350637435913
2770,18,152,352469,128,5.309656620025635,4.953021049499512,3.547175884246826,0.1917930543422699,0.001,418.179315328598
2771,18,153,352597,128,3.8949530124664307,3.4971165657043457,3.95802903175354,0.20333993434906006,0.001,418.32234835624695
2772,18,154,352602,5,5.292724132537842,4.86836051940918,4.232070446014404,0.11562700569629669,0.001,418.4593172073364
2773,19,1,352730,128,7.626450061798096,7.230095386505127,3.946133852005005,0.17412111163139343,0.001,419.9665946960449
2774,19,2,352858,128,5.923928260803223,5.548162460327148,3.7399864196777344,0.1766969859600067,0.001,420.10756635665894
2775,19,3,352986,128,4.55195426940918,4.140053749084473,4.1001715660095215,0.18833304941654205,0.001,420.25032019615173
2776,19,4,353114,128,6.376931667327881,5.952704429626465,4.223516941070557,0.18753768503665924,0.001,420.390554189682
2777,19,5,353242,128,6.124055862426758,5.6865715980529785,4.357998371124268,0.16839607059955597,0.001,420.5329909324646
2778,19,6,353370,128,4.197019100189209,3.7785747051239014,4.1693243980407715,0.15120385587215424,0.001,420.67640113830566
2779,19,7,353498,128,5.4124345779418945,4.964317321777344,4.466483116149902,0.14689010381698608,0.001,420.81630635261536
2780,19,8,353626,128,3.9301066398620605,3.528374671936035,4.002586364746094,0.147342711687088,0.001,420.95642042160034
2781,19,9,353754,128,4.591306209564209,4.179877281188965,4.096839427947998,0.17449215054512024,0.001,421.0965940952301
2782,19,10,353882,128,5.1832380294799805,4.780167579650879,4.0135393142700195,0.17167210578918457,0.001,421.23865389823914
2783,19,11,354010,128,5.257946968078613,4.877920150756836,3.7789785861968994,0.2129046618938446,0.001,421.3809039592743
2784,19,12,354138,128,4.597105026245117,4.218947410583496,3.76462984085083,0.16945990920066833,0.001,421.5246183872223
2785,19,13,354266,128,5.325974464416504,4.955680847167969,3.6853110790252686,0.1762378215789795,0.001,421.66630721092224
2786,19,14,354394,128,4.18565034866333,3.814354419708252,3.6988115310668945,0.1414586752653122,0.001,421.8097302913666
2787,19,15,354522,128,4.25047492980957,3.8529415130615234,3.952960729598999,0.22373420000076294,0.001,421.94827604293823
2788,19,16,354650,128,5.637831211090088,5.206014633178711,4.301000595092773,0.17166869342327118,0.001,422.08760237693787
2789,19,17,354778,128,6.070093631744385,5.640433311462402,4.282134532928467,0.14469380676746368,0.001,422.22748255729675
2790,19,18,354906,128,6.067998886108398,5.651402473449707,4.151578903198242,0.14386577904224396,0.001,422.70147919654846
2791,19,19,355034,128,5.689231872558594,5.286325454711914,4.011867046356201,0.17195942997932434,0.001,422.8405911922455
2792,19,20,355162,128,6.274446964263916,5.87200927734375,4.009594917297363,0.14780884981155396,0.001,422.9788224697113
2793,19,21,355290,128,6.900609970092773,6.532278537750244,3.667079448699951,0.16235148906707764,0.001,423.13145327568054
2794,19,22,355418,128,5.133729934692383,4.720533847808838,4.116978168487549,0.14981582760810852,0.001,423.27018308639526
2795,19,23,355546,128,5.981009483337402,5.574835300445557,4.043917655944824,0.17822374403476715,0.001,423.40798258781433
2796,19,24,355674,128,7.051949977874756,6.627349853515625,4.2301130294799805,0.15890207886695862,0.001,423.550785779953
2797,19,25,355802,128,4.843780994415283,4.425991058349609,4.1635847091674805,0.14315512776374817,0.001,423.68939304351807
2798,19,26,355930,128,4.204840183258057,3.8178188800811768,3.8524227142333984,0.17788676917552948,0.001,423.8275656700134
2799,19,27,356058,128,4.75248908996582,4.359040260314941,3.9176864624023438,0.16805961728096008,0.001,423.9652421474457
2800,19,28,356186,128,4.762411117553711,4.379764080047607,3.8111462593078613,0.15325181186199188,0.001,424.1054503917694
2801,19,29,356314,128,5.145391464233398,4.784595489501953,3.5903875827789307,0.17573028802871704,0.001,424.2461881637573
2802,19,30,356442,128,5.520952224731445,5.15064811706543,3.678755521774292,0.24285316467285156,0.001,424.3829038143158
2803,19,31,356570,128,5.306746482849121,4.944688320159912,3.6026504039764404,0.17928268015384674,0.001,424.5199604034424
2804,19,32,356698,128,5.218061923980713,4.81925106048584,3.969155788421631,0.1895250678062439,0.001,424.6589915752411
2805,19,33,356826,128,4.307988166809082,3.8931236267089844,4.129133701324463,0.19512587785720825,0.001,424.795857667923
2806,19,34,356954,128,5.129483222961426,4.743588447570801,3.8384928703308105,0.20458409190177917,0.001,424.9380238056183
2807,19,35,357082,128,6.2457098960876465,5.831751823425293,4.122731685638428,0.16847442090511322,0.001,425.0803997516632
2808,19,36,357210,128,5.681588172912598,5.266307353973389,4.135661602020264,0.17148010432720184,0.001,425.22072291374207
2809,19,37,357338,128,4.091249942779541,3.693664312362671,3.9589450359344482,0.16912466287612915,0.001,425.36304688453674
2810,19,38,357466,128,5.749370574951172,5.357297897338867,3.9015820026397705,0.19145995378494263,0.001,425.5046634674072
2811,19,39,357594,128,4.727506637573242,4.340861797332764,3.8422622680664062,0.24184046685695648,0.001,425.64709186553955
2812,19,40,357722,128,4.555125713348389,4.156919002532959,3.9624526500701904,0.1961069405078888,0.001,425.78634905815125
2813,19,41,357850,128,5.388187885284424,4.990898609161377,3.9565269947052,0.16363470256328583,0.001,425.9272358417511
2814,19,42,357978,128,4.0294904708862305,3.6233794689178467,4.038196086883545,0.22910849750041962,0.001,426.0704035758972
2815,19,43,358106,128,5.775112628936768,5.372073173522949,4.011775970458984,0.18619772791862488,0.001,426.2132124900818
2816,19,44,358234,128,4.659689903259277,4.259143352508545,3.988328218460083,0.17137351632118225,0.001,426.3556032180786
2817,19,45,358362,128,5.301192760467529,4.895736217498779,4.0368242263793945,0.17744530737400055,0.001,426.4977903366089
2818,19,46,358490,128,4.8524699211120605,4.439630031585693,4.109956741333008,0.18444521725177765,0.001,426.6427204608917
2819,19,47,358618,128,4.709885597229004,4.304746627807617,4.036430358886719,0.14958564937114716,0.001,426.7848126888275
2820,19,48,358746,128,4.6120829582214355,4.208130359649658,4.0223164558410645,0.17208561301231384,0.001,426.9258415699005
2821,19,49,358874,128,4.778967380523682,4.3685994148254395,4.085852146148682,0.17829497158527374,0.001,427.06816244125366
2822,19,50,359002,128,4.954233646392822,4.5900163650512695,3.624929666519165,0.17242780327796936,0.001,427.20821714401245
2823,19,51,359130,128,5.068674564361572,4.687969207763672,3.7871813774108887,0.19869215786457062,0.001,427.3519639968872
2824,19,52,359258,128,4.382358074188232,4.000462055206299,3.7994942665100098,0.19463752210140228,0.001,427.494256734848
2825,19,53,359386,128,6.495100498199463,6.095287322998047,3.97836971282959,0.19760972261428833,0.001,427.6379632949829
2826,19,54,359514,128,6.415169715881348,6.021986484527588,3.910306215286255,0.21525366604328156,0.001,427.77912282943726
2827,19,55,359642,128,5.18079948425293,4.792619705200195,3.8623552322387695,0.19440153241157532,0.001,427.91896629333496
2828,19,56,359770,128,4.54909610748291,4.119603633880615,4.2760162353515625,0.18905653059482574,0.001,428.06036829948425
2829,19,57,359898,128,4.347325325012207,3.94162654876709,4.039172649383545,0.1781230866909027,0.001,428.20479702949524
2830,19,58,360026,128,4.506016254425049,4.098173141479492,4.056585788726807,0.21845221519470215,0.001,428.3459987640381
2831,19,59,360154,128,3.4949986934661865,3.0982158184051514,3.951477527618408,0.16349662840366364,0.001,428.49271631240845
2832,19,60,360282,128,6.597500324249268,6.224767208099365,3.7083709239959717,0.1895899921655655,0.001,428.6358177661896
2833,19,61,360410,128,6.029691696166992,5.653850078582764,3.7329936027526855,0.25424668192863464,0.001,428.7795078754425
2834,19,62,360538,128,4.251409530639648,3.8630282878875732,3.8640263080596924,0.19783830642700195,0.001,428.92123532295227
2835,19,63,360666,128,3.6607038974761963,3.2651543617248535,3.9368579387664795,0.18636532127857208,0.001,429.06445813179016
2836,19,64,360794,128,4.488984107971191,4.089004993438721,3.982494354248047,0.17296737432479858,0.001,429.2084081172943
2837,19,65,360922,128,4.529600143432617,4.114819526672363,4.129701614379883,0.18104910850524902,0.001,429.3505187034607
2838,19,66,361050,128,5.743873596191406,5.325782299041748,4.163697242736816,0.1721460521221161,0.001,429.4924113750458
2839,19,67,361178,128,5.990749835968018,5.580172538757324,4.089625358581543,0.16145889461040497,0.001,429.63515043258667
2840,19,68,361306,128,5.975640296936035,5.558400630950928,4.15684175491333,0.15552817285060883,0.001,429.7770528793335
2841,19,69,361434,128,4.805447101593018,4.3961310386657715,4.076747894287109,0.16415023803710938,0.001,429.91860008239746
2842,19,70,361562,128,6.618474960327148,6.226282596588135,3.9046034812927246,0.17320546507835388,0.001,430.06184244155884
2843,19,71,361690,128,4.70373010635376,4.3208513259887695,3.8115572929382324,0.1722770631313324,0.001,430.2020344734192
2844,19,72,361818,128,5.681117057800293,5.243563175201416,4.354165554046631,0.21372225880622864,0.001,430.3422577381134
2845,19,73,361946,128,4.5373029708862305,4.15213680267334,3.8369696140289307,0.146894171833992,0.001,430.4901132583618
2846,19,74,362074,128,6.6568169593811035,6.245624542236328,4.095330238342285,0.16594050824642181,0.001,430.63342094421387
2847,19,75,362202,128,7.486392498016357,7.0825958251953125,4.018684387207031,0.19281265139579773,0.001,430.77580308914185
2848,19,76,362330,128,5.199999809265137,4.776041030883789,4.222725868225098,0.1686052829027176,0.001,430.9174528121948
2849,19,77,362458,128,4.406167507171631,4.006925106048584,3.973430633544922,0.18991540372371674,0.001,431.0604131221771
2850,19,78,362586,128,3.786681890487671,3.4150657653808594,3.695298433303833,0.20863577723503113,0.001,431.2042121887207
2851,19,79,362714,128,4.187085151672363,3.818453550338745,3.664830207824707,0.21485164761543274,0.001,431.3524935245514
2852,19,80,362842,128,4.8612542152404785,4.489658832550049,3.694713592529297,0.21238172054290771,0.001,431.4949059486389
2853,19,81,362970,128,5.53383207321167,5.132237911224365,3.991910934448242,0.24030223488807678,0.001,431.6412217617035
2854,19,82,363098,128,5.702393531799316,5.2632927894592285,4.370197772979736,0.20807525515556335,0.001,431.78231143951416
2855,19,83,363226,128,4.625258922576904,4.176314353942871,4.4698333740234375,0.19610939919948578,0.001,431.92473816871643
2856,19,84,363354,128,5.680616855621338,5.248697280883789,4.296229362487793,0.2296358048915863,0.001,432.07130551338196
2857,19,85,363482,128,5.621498107910156,5.220749378204346,3.98502254486084,0.2246578335762024,0.001,432.21444034576416
2858,19,86,363610,128,5.873960018157959,5.471014976501465,4.004012584686279,0.2543697953224182,0.001,432.3566589355469
2859,19,87,363738,128,5.203506946563721,4.818014621734619,3.8331878185272217,0.21733485162258148,0.001,432.49793696403503
2860,19,88,363866,128,4.286709308624268,3.8937747478485107,3.909424304962158,0.19920752942562103,0.001,432.64003443717957
2861,19,89,363994,128,4.911323547363281,4.5228962898254395,3.860461711883545,0.2381136417388916,0.001,432.77911734580994
2862,19,90,364122,128,5.264166355133057,4.863368511199951,3.9889581203460693,0.19020403921604156,0.001,432.92000365257263
2863,19,91,364250,128,5.153829097747803,4.743150234222412,4.091066360473633,0.15723228454589844,0.001,433.0658383369446
2864,19,92,364378,128,4.515662670135498,4.069286823272705,4.445340633392334,0.18418185412883759,0.001,433.2081513404846
2865,19,93,364506,128,4.4037909507751465,3.9927241802215576,4.093026161193848,0.1764112412929535,0.001,433.3492534160614
2866,19,94,364634,128,4.403397083282471,3.9840171337127686,4.174637317657471,0.19165939092636108,0.001,433.4904999732971
2867,19,95,364762,128,5.237523078918457,4.841474533081055,3.9428343772888184,0.17651042342185974,0.001,433.6335084438324
2868,19,96,364890,128,4.848313808441162,4.474494457244873,3.7194812297821045,0.18713107705116272,0.001,433.77360582351685
2869,19,97,365018,128,4.719259738922119,4.357333183288574,3.5997350215911865,0.19530712068080902,0.001,433.9143648147583
2870,19,98,365146,128,4.719720363616943,4.3525190353393555,3.655284881591797,0.16727739572525024,0.001,434.0539243221283
2871,19,99,365274,128,4.238766670227051,3.8664281368255615,3.70586895942688,0.17515285313129425,0.001,434.19644498825073
2872,19,100,365402,128,5.124279975891113,4.722207546234131,4.004772663116455,0.1595170944929123,0.001,434.33663177490234
2873,19,101,365530,128,5.687774658203125,5.30057954788208,3.8583898544311523,0.13562317192554474,0.001,434.4793210029602
2874,19,102,365658,128,5.324947357177734,4.906331539154053,4.169364929199219,0.16795288026332855,0.001,434.62483048439026
2875,19,103,365786,128,4.667819499969482,4.261621952056885,4.0428900718688965,0.19089600443840027,0.001,434.76674580574036
2876,19,104,365914,128,4.626354694366455,4.209173679351807,4.156062126159668,0.15750572085380554,0.001,434.9086775779724
2877,19,105,366042,128,3.4901163578033447,3.1330666542053223,3.553157329559326,0.1734018325805664,0.001,435.04905915260315
2878,19,106,366170,128,4.452340126037598,4.065571308135986,3.8507652282714844,0.16924314200878143,0.001,435.1920382976532
2879,19,107,366298,128,5.56360387802124,5.175269603729248,3.870293378829956,0.1305272877216339,0.001,435.3336033821106
2880,19,108,366426,128,4.4795732498168945,4.112984657287598,3.6468911170959473,0.1899605095386505,0.001,435.4768991470337
2881,19,109,366554,128,5.30884313583374,4.922743797302246,3.842838764190674,0.18153226375579834,0.001,435.61940455436707
2882,19,110,366682,128,6.28631591796875,5.8824310302734375,4.024065017700195,0.1478024125099182,0.001,435.76163935661316
2883,19,111,366810,128,4.037725448608398,3.6616711616516113,3.7451021671295166,0.15439057350158691,0.001,435.9050979614258
2884,19,112,366938,128,4.916083335876465,4.5277509689331055,3.8644673824310303,0.18856170773506165,0.001,436.05059599876404
2885,19,113,367066,128,4.546932220458984,4.16414737701416,3.8133320808410645,0.14516086876392365,0.001,436.1930990219116
2886,19,114,367194,128,5.3019561767578125,4.894856929779053,4.051220417022705,0.1977105289697647,0.001,436.3336455821991
2887,19,115,367322,128,4.872408866882324,4.481734275817871,3.889284610748291,0.17461271584033966,0.001,436.475843667984
2888,19,116,367450,128,4.507641315460205,4.096714973449707,4.093015193939209,0.16244465112686157,0.001,436.6238832473755
2889,19,117,367578,128,5.1949591636657715,4.792036533355713,4.011830806732178,0.17396068572998047,0.001,436.7619171142578
2890,19,118,367706,128,4.467711925506592,4.062225818634033,4.039391994476318,0.15467879176139832,0.001,436.90476846694946
2891,19,119,367834,128,4.406707763671875,3.9966375827789307,4.0833258628845215,0.17377972602844238,0.001,437.0437047481537
2892,19,120,367962,128,4.7452898025512695,4.32955265045166,4.140109539031982,0.1725950539112091,0.001,437.18170619010925
2893,19,121,368090,128,4.948723316192627,4.529275417327881,4.174580097198486,0.19899173080921173,0.001,437.3229126930237
2894,19,122,368218,128,6.460888385772705,6.051656246185303,4.0731096267700195,0.19213029742240906,0.001,437.46404576301575
2895,19,123,368346,128,6.221665859222412,5.800175666809082,4.1915998458862305,0.23301005363464355,0.001,437.6063184738159
2896,19,124,368474,128,5.359987735748291,4.945366382598877,4.128847122192383,0.17364338040351868,0.001,437.74882912635803
2897,19,125,368602,128,4.3813958168029785,4.011723041534424,3.6797561645507812,0.1697174459695816,0.001,437.8913495540619
2898,19,126,368730,128,5.654604434967041,5.262996673583984,3.8967809677124023,0.19296614825725555,0.001,438.03852367401123
2899,19,127,368858,128,6.061091423034668,5.657195568084717,4.018258094787598,0.20699909329414368,0.001,438.18043971061707
2900,19,128,368986,128,5.27238655090332,4.895195484161377,3.7548937797546387,0.17016887664794922,0.001,438.3188474178314
2901,19,129,369114,128,4.29701566696167,3.889124631881714,4.055842876434326,0.23071397840976715,0.001,438.45900082588196
2902,19,130,369242,128,4.4838056564331055,4.059390068054199,4.223591327667236,0.20563945174217224,0.001,438.59877014160156
2903,19,131,369370,128,4.968319892883301,4.559833526611328,4.061905860900879,0.22960029542446136,0.001,438.7375383377075
2904,19,132,369498,128,3.8962950706481934,3.489123821258545,4.053218364715576,0.1849444955587387,0.001,438.8773329257965
2905,19,133,369626,128,4.270496845245361,3.8780784606933594,3.902127265930176,0.2205904722213745,0.001,439.01478695869446
2906,19,134,369754,128,4.7310662269592285,4.345417499542236,3.838513135910034,0.17971032857894897,0.001,439.1521499156952
2907,19,135,369882,128,4.141092300415039,3.720399856567383,4.185227394104004,0.2169712334871292,0.001,439.28904819488525
2908,19,136,370010,128,6.200409889221191,5.755234241485596,4.428507328033447,0.23249022662639618,0.001,439.4257130622864
2909,19,137,370138,128,4.8546247482299805,4.4416937828063965,4.110876560211182,0.18436847627162933,0.001,439.5653305053711
2910,19,138,370266,128,4.332785606384277,3.9199039936065674,4.111328125,0.17490145564079285,0.001,439.7066707611084
2911,19,139,370394,128,5.113779067993164,4.699923515319824,4.12017822265625,0.18379458785057068,0.001,439.84453201293945
2912,19,140,370522,128,4.160186767578125,3.765281915664673,3.9289731979370117,0.20074008405208588,0.001,439.98304200172424
2913,19,141,370650,128,4.654664039611816,4.260030269622803,3.9252965450286865,0.21042437851428986,0.001,440.12250804901123
2914,19,142,370778,128,4.712146282196045,4.303079128265381,4.070644855499268,0.200271874666214,0.001,440.26208329200745
2915,19,143,370906,128,4.837345123291016,4.4377970695495605,3.9746005535125732,0.2088262438774109,0.001,440.4029664993286
2916,19,144,371034,128,4.574135780334473,4.172089576721191,3.9987800121307373,0.21684159338474274,0.001,440.54476714134216
2917,19,145,371162,128,4.8097333908081055,4.3908772468566895,4.169373512268066,0.19187548756599426,0.001,440.68847918510437
2918,19,146,371290,128,3.78574275970459,3.358163833618164,4.252549171447754,0.2324034422636032,0.001,440.83075046539307
2919,19,147,371418,128,4.21364688873291,3.8239903450012207,3.879136323928833,0.17427131533622742,0.001,440.97164249420166
2920,19,148,371546,128,5.644603252410889,5.278528213500977,3.6406092643737793,0.20143526792526245,0.001,441.11409759521484
2921,19,149,371674,128,3.904118299484253,3.5453357696533203,3.564976215362549,0.2284967601299286,0.001,441.25516867637634
2922,19,150,371802,128,4.624807357788086,4.241504192352295,3.814298391342163,0.18732711672782898,0.001,441.3958475589752
2923,19,151,371930,128,4.580348968505859,4.202503204345703,3.7544257640838623,0.24034373462200165,0.001,441.53693199157715
2924,19,152,372058,128,4.616184234619141,4.197502136230469,4.168215274810791,0.18606022000312805,0.001,441.6751985549927
2925,19,153,372186,128,4.803713798522949,4.397551536560059,4.042529582977295,0.19091464579105377,0.001,441.8155038356781
2926,19,154,372191,5,1.9286847114562988,1.484704852104187,4.433693885803223,0.06104125827550888,0.001,441.947256565094
2927,20,1,372319,128,4.181495189666748,3.7897746562957764,3.9013659954071045,0.1583818942308426,0.001,443.4401080608368
2928,20,2,372447,128,4.161202907562256,3.7759788036346436,3.833885431289673,0.18353348970413208,0.001,443.583215713501
2929,20,3,372575,128,3.9111125469207764,3.5179529190063477,3.914268732070923,0.17327210307121277,0.001,443.72469782829285
2930,20,4,372703,128,3.925640106201172,3.562814474105835,3.609622001647949,0.1863594800233841,0.001,443.8673837184906
2931,20,5,372831,128,4.149263381958008,3.779618263244629,3.6747686862945557,0.21683676540851593,0.001,444.00822162628174
2932,20,6,372959,128,6.4299750328063965,6.055086135864258,3.726231098175049,0.22658157348632812,0.001,444.1509037017822
2933,20,7,373087,128,4.922421932220459,4.561649799346924,3.58416485786438,0.23555266857147217,0.001,444.2917811870575
2934,20,8,373215,128,4.9087042808532715,4.553333759307861,3.5333831310272217,0.2032504677772522,0.001,444.4336950778961
2935,20,9,373343,128,5.549246311187744,5.1490960121154785,3.980304479598999,0.21199853718280792,0.001,444.5767526626587
2936,20,10,373471,128,4.738219738006592,4.36079216003418,3.753350019454956,0.20921653509140015,0.001,444.71935749053955
2937,20,11,373599,128,4.37421989440918,3.951415538787842,4.206779479980469,0.2126455307006836,0.001,444.86195826530457
2938,20,12,373727,128,5.352289199829102,4.964895248413086,3.858976364135742,0.14962804317474365,0.001,445.00350546836853
2939,20,13,373855,128,5.072843551635742,4.652041912078857,4.188047885894775,0.19971901178359985,0.001,445.1428596973419
2940,20,14,373983,128,4.059727191925049,3.655834913253784,4.01840877532959,0.20512795448303223,0.001,445.2807309627533
2941,20,15,374111,128,4.843454837799072,4.457324028015137,3.838430166244507,0.22879630327224731,0.001,445.4184021949768
2942,20,16,374239,128,5.484084606170654,5.080723762512207,4.011631488800049,0.21977271139621735,0.001,445.5570876598358
2943,20,17,374367,128,6.242617607116699,5.832483768463135,4.080938816070557,0.20399600267410278,0.001,445.69627594947815
2944,20,18,374495,128,5.7659406661987305,5.331150531768799,4.327259540557861,0.20640824735164642,0.001,445.83710765838623
2945,20,19,374623,128,5.192198276519775,4.742066860198975,4.479148864746094,0.22163541615009308,0.001,445.9776120185852
2946,20,20,374751,128,5.582761764526367,5.124227523803711,4.562878131866455,0.2246517837047577,0.001,446.11981868743896
2947,20,21,374879,128,5.6344218254089355,5.207487106323242,4.2483649253845215,0.20978999137878418,0.001,446.2622265815735
2948,20,22,375007,128,4.038943290710449,3.628000497817993,4.089466571807861,0.19962584972381592,0.001,446.4053285121918
2949,20,23,375135,128,5.188388347625732,4.792872428894043,3.933913230895996,0.21247795224189758,0.001,446.5509760379791
2950,20,24,375263,128,5.657802104949951,5.258050441741943,3.9776721000671387,0.198470801115036,0.001,446.693959236145
2951,20,25,375391,128,4.320674896240234,3.95902419090271,3.599555015563965,0.16950920224189758,0.001,446.8332223892212
2952,20,26,375519,128,4.803215980529785,4.4035773277282715,3.9731218814849854,0.23265698552131653,0.001,446.97055435180664
2953,20,27,375647,128,5.123778820037842,4.752170562744141,3.693333625793457,0.2274836301803589,0.001,447.11038279533386
2954,20,28,375775,128,6.667306423187256,6.271678447723389,3.934781074523926,0.2150050699710846,0.001,447.2500681877136
2955,20,29,375903,128,5.749145984649658,5.316375255584717,4.307066917419434,0.20641101896762848,0.001,447.38777446746826
2956,20,30,376031,128,5.149758338928223,4.757889747619629,3.9037346839904785,0.14954718947410583,0.001,447.5291442871094
2957,20,31,376159,128,5.5321221351623535,5.142948150634766,3.8719072341918945,0.19833029806613922,0.001,447.6703565120697
2958,20,32,376287,128,4.156005382537842,3.759483575820923,3.948953151702881,0.16265182197093964,0.001,447.8117182254791
2959,20,33,376415,128,4.952245235443115,4.55858850479126,3.9201910495758057,0.16376611590385437,0.001,447.95338010787964
2960,20,34,376543,128,6.177937984466553,5.738224983215332,4.3770432472229,0.2008720189332962,0.001,448.0998501777649
2961,20,35,376671,128,4.728403091430664,4.323156356811523,4.033963680267334,0.18500372767448425,0.001,448.24179100990295
2962,20,36,376799,128,4.467324256896973,4.03935432434082,4.258601188659668,0.21099023520946503,0.001,448.38304018974304
2963,20,37,376927,128,4.5311455726623535,4.104345798492432,4.2477335929870605,0.20267623662948608,0.001,448.525518655777
2964,20,38,377055,128,3.622349262237549,3.2288761138916016,3.916975259780884,0.17757777869701385,0.001,448.6776578426361
2965,20,39,377183,128,5.607057094573975,5.210367202758789,3.95080304145813,0.160999596118927,0.001,448.8130280971527
2966,20,40,377311,128,4.717001438140869,4.32988977432251,3.854231595993042,0.1688588708639145,0.001,448.95431113243103
2967,20,41,377439,128,4.969123363494873,4.580808639526367,3.866955280303955,0.1619347333908081,0.001,449.0957691669464
2968,20,42,377567,128,4.34659481048584,3.957822322845459,3.8670032024383545,0.2072119116783142,0.001,449.23844933509827
2969,20,43,377695,128,5.009653568267822,4.625240802764893,3.8266208171844482,0.17505401372909546,0.001,449.3810920715332
2970,20,44,377823,128,5.1387410163879395,4.728679656982422,4.0828375816345215,0.17776775360107422,0.001,449.522607088089
2971,20,45,377951,128,3.755227565765381,3.3494560718536377,4.038294315338135,0.19421584904193878,0.001,449.6661672592163
2972,20,46,378079,128,4.464702606201172,4.083493232727051,3.794323682785034,0.17770929634571075,0.001,449.806759595871
2973,20,47,378207,128,4.232499599456787,3.833017110824585,3.9764506816864014,0.18372365832328796,0.001,449.94505429267883
2974,20,48,378335,128,5.610078811645508,5.207604885101318,4.0084967613220215,0.1624254584312439,0.001,450.0876929759979
2975,20,49,378463,128,4.634011268615723,4.243373394012451,3.890371561050415,0.16006210446357727,0.001,450.2276420593262
2976,20,50,378591,128,3.4259347915649414,3.027153253555298,3.97284197807312,0.14972274005413055,0.001,450.369167804718
2977,20,51,378719,128,5.584513187408447,5.1953911781311035,3.8711178302764893,0.20104075968265533,0.001,450.5137116909027
2978,20,52,378847,128,3.990447759628296,3.589749336242676,3.988064765930176,0.1891898661851883,0.001,450.6576578617096
2979,20,53,378975,128,5.236363887786865,4.828889846801758,4.052484512329102,0.22253960371017456,0.001,450.7991678714752
2980,20,54,379103,128,4.766602993011475,4.380215167999268,3.8490066528320312,0.14870885014533997,0.001,450.93783736228943
2981,20,55,379231,128,5.459329128265381,5.052928447723389,4.045136451721191,0.18867145478725433,0.001,451.0791931152344
2982,20,56,379359,128,5.082099437713623,4.665367126464844,4.147794246673584,0.19527402520179749,0.001,451.2274329662323
2983,20,57,379487,128,4.725126266479492,4.315378189086914,4.078461647033691,0.19019170105457306,0.001,451.37000370025635
2984,20,58,379615,128,4.321352481842041,3.894578695297241,4.247885704040527,0.19851085543632507,0.001,451.511670589447
2985,20,59,379743,128,4.946743488311768,4.513299942016602,4.315520286560059,0.18915212154388428,0.001,451.65491557121277
2986,20,60,379871,128,4.406905651092529,3.9970510005950928,4.0789337158203125,0.19611215591430664,0.001,451.8117792606354
2987,20,61,379999,128,5.99147891998291,5.6161322593688965,3.7278454303741455,0.2562258839607239,0.001,451.9503331184387
2988,20,62,380127,128,5.79501485824585,5.403524875640869,3.8879573345184326,0.26939162611961365,0.001,452.09296441078186
2989,20,63,380255,128,3.755679130554199,3.3725154399871826,3.8102080821990967,0.21427911520004272,0.001,452.23441529273987
2990,20,64,380383,128,4.926950454711914,4.551402568817139,3.729001045227051,0.2647682726383209,0.001,452.37853741645813
2991,20,65,380511,128,4.78691291809082,4.3437957763671875,4.411684989929199,0.19486957788467407,0.001,452.521687746048
2992,20,66,380639,128,4.583755016326904,4.146004676818848,4.361916542053223,0.15589846670627594,0.001,452.6644694805145
2993,20,67,380767,128,4.7562665939331055,4.326071262359619,4.287829875946045,0.14124499261379242,0.001,452.8011312484741
2994,20,68,380895,128,4.886725902557373,4.494582176208496,3.903488874435425,0.17949767410755157,0.001,452.93889594078064
2995,20,69,381023,128,4.543101787567139,4.16212272644043,3.793034076690674,0.16758151352405548,0.001,453.08209562301636
2996,20,70,381151,128,4.45805025100708,4.065950870513916,3.897221565246582,0.2376835197210312,0.001,453.2207293510437
2997,20,71,381279,128,5.8531341552734375,5.4606709480285645,3.9045281410217285,0.20103488862514496,0.001,453.35975217819214
2998,20,72,381407,128,3.8636059761047363,3.4846458435058594,3.769239664077759,0.20362091064453125,0.001,453.5028877258301
2999,20,73,381535,128,4.511109352111816,4.120339870452881,3.884460687637329,0.23235850036144257,0.001,453.64101004600525
3000,20,74,381663,128,4.401744365692139,3.9746947288513184,4.2494730949401855,0.21023963391780853,0.001,453.7820222377777
3001,20,75,381791,128,5.084571361541748,4.683660984039307,3.9888627529144287,0.20243872702121735,0.001,453.9188458919525
3002,20,76,381919,128,4.719357013702393,4.304538726806641,4.128391742706299,0.19793598353862762,0.001,454.0619854927063
3003,20,77,382047,128,5.599222660064697,5.152376174926758,4.449253559112549,0.19211003184318542,0.001,454.20320439338684
3004,20,78,382175,128,5.163013458251953,4.751560211181641,4.097665786743164,0.16864340007305145,0.001,454.3419826030731
3005,20,79,382303,128,4.919455528259277,4.504615306854248,4.131924152374268,0.1647978574037552,0.001,454.47931694984436
3006,20,80,382431,128,4.169108867645264,3.7455673217773438,4.21406888961792,0.21346503496170044,0.001,454.6174554824829
3007,20,81,382559,128,5.222399711608887,4.810578346252441,4.0993146896362305,0.18894822895526886,0.001,454.75521183013916
3008,20,82,382687,128,6.101800441741943,5.705784797668457,3.9428699016571045,0.17283861339092255,0.001,454.89646077156067
3009,20,83,382815,128,3.8267011642456055,3.4521472454071045,3.7270052433013916,0.1853487491607666,0.001,455.03871631622314
3010,20,84,382943,128,5.604091644287109,5.197464942932129,4.047486305236816,0.18784689903259277,0.001,455.180242061615
3011,20,85,383071,128,5.463512897491455,5.069442272186279,3.9227709770202637,0.17932452261447906,0.001,455.3206379413605
3012,20,86,383199,128,4.188996315002441,3.774876117706299,4.12534236907959,0.15861688554286957,0.001,455.462393283844
3013,20,87,383327,128,6.477304458618164,6.065864562988281,4.0947418212890625,0.19654104113578796,0.001,455.6064839363098
3014,20,88,383455,128,5.846120834350586,5.4338579177856445,4.1074323654174805,0.15196986496448517,0.001,455.7490186691284
3015,20,89,383583,128,4.692232131958008,4.288818359375,4.015882968902588,0.18253016471862793,0.001,455.89106249809265
3016,20,90,383711,128,4.521552562713623,4.141490459442139,3.781625986099243,0.18995341658592224,0.001,456.36318469047546
3017,20,91,383839,128,5.3339643478393555,4.937868595123291,3.9447386264801025,0.16216737031936646,0.001,456.507488489151
3018,20,92,383967,128,4.261078834533691,3.886899471282959,3.7243852615356445,0.1741059124469757,0.001,456.6511821746826
3019,20,93,384095,128,4.942276477813721,4.524726867675781,4.156069755554199,0.19426719844341278,0.001,456.79355216026306
3020,20,94,384223,128,4.138228416442871,3.7276229858398438,4.086549758911133,0.1950100064277649,0.001,456.93476128578186
3021,20,95,384351,128,3.816521167755127,3.421593427658081,3.93472957611084,0.14547984302043915,0.001,457.07806420326233
3022,20,96,384479,128,5.157223224639893,4.765064239501953,3.904472827911377,0.17117814719676971,0.001,457.2208454608917
3023,20,97,384607,128,3.624134063720703,3.242924928665161,3.790623188018799,0.2146802842617035,0.001,457.3629524707794
3024,20,98,384735,128,3.455944061279297,3.0753870010375977,3.7846319675445557,0.20936915278434753,0.001,457.50654768943787
3025,20,99,384863,128,4.392495632171631,3.9820995330810547,4.085452556610107,0.1850678026676178,0.001,457.6489939689636
3026,20,100,384991,128,3.7293920516967773,3.3363406658172607,3.9133055210113525,0.17208357155323029,0.001,457.7889132499695
3027,20,101,385119,128,5.0718092918396,4.650991916656494,4.189004898071289,0.19169993698596954,0.001,457.93016028404236
3028,20,102,385247,128,5.257763385772705,4.84675407409668,4.089258193969727,0.20831401646137238,0.001,458.0698313713074
3029,20,103,385375,128,3.9064908027648926,3.5134077072143555,3.9146766662597656,0.16154339909553528,0.001,458.2100508213043
3030,20,104,385503,128,4.909728050231934,4.506868362426758,4.0106048583984375,0.17991667985916138,0.001,458.3482246398926
3031,20,105,385631,128,5.195674896240234,4.807949066162109,3.8559634685516357,0.21297496557235718,0.001,458.48673963546753
3032,20,106,385759,128,4.239283084869385,3.8522558212280273,3.8464531898498535,0.2381829470396042,0.001,458.6305298805237
3033,20,107,385887,128,5.1886701583862305,4.835872650146484,3.5075225830078125,0.20451290905475616,0.001,458.77253103256226
3034,20,108,386015,128,5.16189432144165,4.751769065856934,4.079301834106445,0.2194998860359192,0.001,458.91550064086914
3035,20,109,386143,128,3.595546245574951,3.2125558853149414,3.8132565021514893,0.16645842790603638,0.001,459.0585587024689
3036,20,110,386271,128,5.455715179443359,5.051999092102051,4.017536640167236,0.1962469071149826,0.001,459.20191740989685
3037,20,111,386399,128,4.616985321044922,4.222589492797852,3.9253692626953125,0.1858566254377365,0.001,459.340012550354
3038,20,112,386527,128,5.1006059646606445,4.696255207061768,4.024822235107422,0.1868925839662552,0.001,459.4760069847107
3039,20,113,386655,128,5.33843469619751,4.9058756828308105,4.307009696960449,0.18580636382102966,0.001,459.61416125297546
3040,20,114,386783,128,5.04157829284668,4.606700897216797,4.330714702606201,0.18059764802455902,0.001,459.75564885139465
3041,20,115,386911,128,3.8547539710998535,3.4398703575134277,4.1319193840026855,0.16916541755199432,0.001,459.8963055610657
3042,20,116,387039,128,3.886749029159546,3.4757120609283447,4.092996120452881,0.17372627556324005,0.001,460.0428409576416
3043,20,117,387167,128,4.6050944328308105,4.222489833831787,3.8024210929870605,0.23626281321048737,0.001,460.1860842704773
3044,20,118,387295,128,4.809405326843262,4.461594104766846,3.459379196166992,0.18736712634563446,0.001,460.330442905426
3045,20,119,387423,128,4.86308479309082,4.5233893394470215,3.3778460025787354,0.19106104969978333,0.001,460.4727027416229
3046,20,120,387551,128,3.251213312149048,2.8850512504577637,3.641105890274048,0.20515264570713043,0.001,460.6143898963928
3047,20,121,387679,128,4.795505046844482,4.414490222930908,3.796595335006714,0.13551092147827148,0.001,460.75430727005005
3048,20,122,387807,128,4.816403865814209,4.40779972076416,4.069963455200195,0.16080646216869354,0.001,460.8962275981903
3049,20,123,387935,128,4.699506759643555,4.305540561676025,3.9236695766448975,0.1599421203136444,0.001,461.03905606269836
3050,20,124,388063,128,4.118444442749023,3.7201194763183594,3.967586040496826,0.15664884448051453,0.001,461.18091797828674
3051,20,125,388191,128,4.098208427429199,3.6908042430877686,4.059298038482666,0.14743977785110474,0.001,461.3206651210785
3052,20,126,388319,128,5.0531415939331055,4.654251575469971,3.9705889225006104,0.18310457468032837,0.001,461.4601263999939
3053,20,127,388447,128,4.91702938079834,4.53292989730835,3.81825852394104,0.22733619809150696,0.001,461.60036635398865
3054,20,128,388575,128,4.301013946533203,3.9291210174560547,3.700068473815918,0.1885853111743927,0.001,461.74263858795166
3055,20,129,388703,128,5.222475528717041,4.855469703674316,3.6483044624328613,0.21753257513046265,0.001,461.88322854042053
3056,20,130,388831,128,5.212096691131592,4.837465286254883,3.726637840270996,0.19674886763095856,0.001,462.0209777355194
3057,20,131,388959,128,3.932363510131836,3.5473105907440186,3.8307061195373535,0.1982223093509674,0.001,462.16099786758423
3058,20,132,389087,128,3.866511106491089,3.4790749549865723,3.8504931926727295,0.23867937922477722,0.001,462.3040986061096
3059,20,133,389215,128,4.430436611175537,3.998430013656616,4.299294471740723,0.20772844552993774,0.001,462.4468050003052
3060,20,134,389343,128,4.233755588531494,3.835581064224243,3.961977481842041,0.19769592583179474,0.001,462.5898494720459
3061,20,135,389471,128,3.798048973083496,3.3925514221191406,4.036187171936035,0.18786640465259552,0.001,462.73491072654724
3062,20,136,389599,128,4.819136142730713,4.417603969573975,3.993011951446533,0.22309386730194092,0.001,462.87530398368835
3063,20,137,389727,128,5.378726005554199,4.9882941246032715,3.883424997329712,0.2089429497718811,0.001,463.01747465133667
3064,20,138,389855,128,5.262347221374512,4.82936429977417,4.304305553436279,0.25527477264404297,0.001,463.16416025161743
3065,20,139,389983,128,4.338258266448975,3.9298532009124756,4.056644439697266,0.27403801679611206,0.001,463.30150389671326
3066,20,140,390111,128,6.551602363586426,6.126369476318359,4.2296061515808105,0.22719912230968475,0.001,463.4413607120514
3067,20,141,390239,128,4.379476070404053,3.9897212982177734,3.8768422603607178,0.20703929662704468,0.001,463.58268666267395
3068,20,142,390367,128,4.761626243591309,4.369650840759277,3.8998494148254395,0.1990187168121338,0.001,463.72939705848694
3069,20,143,390495,128,4.818419456481934,4.414181232452393,4.020915985107422,0.21465574204921722,0.001,463.8676497936249
3070,20,144,390623,128,5.425330638885498,5.041685104370117,3.8175673484802246,0.18887469172477722,0.001,464.0047519207001
3071,20,145,390751,128,4.6552534103393555,4.265634536743164,3.873119354248047,0.23067449033260345,0.001,464.14532470703125
3072,20,146,390879,128,4.784226894378662,4.4062957763671875,3.7570762634277344,0.22232811152935028,0.001,464.28286623954773
3073,20,147,391007,128,5.142640113830566,4.753539562225342,3.8720333576202393,0.1897360384464264,0.001,464.42631244659424
3074,20,148,391135,128,2.9066035747528076,2.511673927307129,3.9284183979034424,0.208779975771904,0.001,464.5649700164795
3075,20,149,391263,128,4.575347900390625,4.179296493530273,3.9410924911499023,0.19421443343162537,0.001,464.71464133262634
3076,20,150,391391,128,4.458869934082031,4.056095123291016,4.005683422088623,0.2206370085477829,0.001,464.85322999954224
3077,20,151,391519,128,4.8097920417785645,4.392391681671143,4.14969539642334,0.24310937523841858,0.001,464.9971511363983
3078,20,152,391647,128,4.955548286437988,4.55411958694458,3.997208833694458,0.17079134285449982,0.001,465.1402587890625
3079,20,153,391775,128,3.749796152114868,3.326507091522217,4.212782382965088,0.20108512043952942,0.001,465.28288435935974
3080,20,154,391780,5,1.1365858316421509,0.7987312078475952,3.3609635829925537,0.17582407593727112,0.001,465.41974091529846
3081,21,1,391908,128,4.462194919586182,4.077025890350342,3.831310272216797,0.20377840101718903,0.001,466.9423177242279
3082,21,2,392036,128,4.502390384674072,4.1189284324646,3.8137829303741455,0.20836026966571808,0.001,467.09840631484985
3083,21,3,392164,128,4.481155872344971,4.0883684158325195,3.9100542068481445,0.17819339036941528,0.001,467.2373003959656
3084,21,4,392292,128,5.9121174812316895,5.506618976593018,4.036211013793945,0.18770816922187805,0.001,467.3774576187134
3085,21,5,392420,128,4.411501884460449,4.022980690002441,3.864868640899658,0.20341522991657257,0.001,467.5191881656647
3086,21,6,392548,128,5.213538646697998,4.772124290466309,4.395039081573486,0.1910542994737625,0.001,467.65849208831787
3087,21,7,392676,128,4.789870262145996,4.386754035949707,4.0123162269592285,0.18846526741981506,0.001,467.79536271095276
3088,21,8,392804,128,4.32957649230957,3.909416437149048,4.1798553466796875,0.21742746233940125,0.001,467.93965315818787
3089,21,9,392932,128,4.270106315612793,3.8568382263183594,4.112058162689209,0.20624196529388428,0.001,468.0806174278259
3090,21,10,393060,128,5.028188228607178,4.6313090324401855,3.946898937225342,0.21890532970428467,0.001,468.2204532623291
3091,21,11,393188,128,7.126074314117432,6.720189571380615,4.03297758102417,0.2586633861064911,0.001,468.35964250564575
3092,21,12,393316,128,4.439498424530029,4.045647621154785,3.917508840560913,0.20999251306056976,0.001,468.49773645401
3093,21,13,393444,128,4.63551664352417,4.2224650382995605,4.100959777832031,0.2955229878425598,0.001,468.63827896118164
3094,21,14,393572,128,6.601076602935791,6.203068733215332,3.957469940185547,0.22608324885368347,0.001,468.77855682373047
3095,21,15,393700,128,6.172458171844482,5.757864952087402,4.12446928024292,0.21463871002197266,0.001,468.9181025028229
3096,21,16,393828,128,5.642662525177002,5.2142839431762695,4.265255451202393,0.1852947175502777,0.001,469.0556802749634
3097,21,17,393956,128,4.862268924713135,4.445728778839111,4.140965938568115,0.24440093338489532,0.001,469.19304513931274
3098,21,18,394084,128,5.060572624206543,4.639739513397217,4.186296463012695,0.22033709287643433,0.001,469.3363125324249
3099,21,19,394212,128,5.409572601318359,4.972027778625488,4.3540496826171875,0.21400664746761322,0.001,469.4760944843292
3100,21,20,394340,128,4.054478168487549,3.6487877368927,4.038384437561035,0.18522681295871735,0.001,469.6200556755066
3101,21,21,394468,128,4.49917459487915,4.1154632568359375,3.817917585372925,0.19196182489395142,0.001,469.75873351097107
3102,21,22,394596,128,3.6680266857147217,3.2848129272460938,3.810353994369507,0.21785226464271545,0.001,469.89538168907166
3103,21,23,394724,128,4.94248104095459,4.597876071929932,3.423584222793579,0.22464637458324432,0.001,470.0337038040161
3104,21,24,394852,128,5.660547256469727,5.274075984954834,3.8444457054138184,0.20263461768627167,0.001,470.17666029930115
3105,21,25,394980,128,4.952673435211182,4.5767011642456055,3.740665912628174,0.1905880719423294,0.001,470.3146290779114
3106,21,26,395108,128,4.3824143409729,3.9937944412231445,3.8692376613616943,0.1696218103170395,0.001,470.4547960758209
3107,21,27,395236,128,3.911473512649536,3.5161404609680176,3.9326858520507812,0.20645634829998016,0.001,470.5930767059326
3108,21,28,395364,128,3.4685685634613037,3.0545198917388916,4.11812686920166,0.2235773652791977,0.001,470.73354411125183
3109,21,29,395492,128,6.045523166656494,5.608584880828857,4.351570129394531,0.1781357079744339,0.001,470.8732466697693
3110,21,30,395620,128,4.897265434265137,4.472048759460449,4.234424114227295,0.17744681239128113,0.001,471.0135324001312
3111,21,31,395748,128,3.6082894802093506,3.2128424644470215,3.937748908996582,0.16721086204051971,0.001,471.15268421173096
3112,21,32,395876,128,4.803023338317871,4.393260478973389,4.082553386688232,0.15076562762260437,0.001,471.2915542125702
3113,21,33,396004,128,3.7597992420196533,3.3576152324676514,4.002278804779053,0.19562511146068573,0.001,471.43028450012207
3114,21,34,396132,128,4.085021495819092,3.692730188369751,3.9081616401672363,0.1475486010313034,0.001,471.57014322280884
3115,21,35,396260,128,4.962408065795898,4.551154136657715,4.0954694747924805,0.17069607973098755,0.001,471.7099099159241
3116,21,36,396388,128,4.459744453430176,4.063518047332764,3.9459621906280518,0.16303260624408722,0.001,471.8514063358307
3117,21,37,396516,128,4.74700927734375,4.351985931396484,3.931689977645874,0.18544764816761017,0.001,471.9944131374359
3118,21,38,396644,128,4.488275051116943,4.067312240600586,4.19118595123291,0.18444553017616272,0.001,472.13830852508545
3119,21,39,396772,128,5.546574592590332,5.133917808532715,4.109742164611816,0.16829150915145874,0.001,472.2796218395233
3120,21,40,396900,128,5.16549015045166,4.800062656402588,3.636298179626465,0.17977377772331238,0.001,472.4219558238983
3121,21,41,397028,128,4.184840679168701,3.761005401611328,4.217017650604248,0.213334321975708,0.001,472.5631196498871
3122,21,42,397156,128,5.018754482269287,4.652609825134277,3.638446569442749,0.22996799647808075,0.001,472.7076425552368
3123,21,43,397284,128,4.647969722747803,4.287261962890625,3.587095260620117,0.19985835254192352,0.001,472.8529324531555
3124,21,44,397412,128,5.760727882385254,5.37659215927124,3.8186745643615723,0.2268252670764923,0.001,472.996399641037
3125,21,45,397540,128,4.725615501403809,4.337352752685547,3.863072156906128,0.19556905329227448,0.001,473.139949798584
3126,21,46,397668,128,5.025232791900635,4.615314960479736,4.07905912399292,0.20116759836673737,0.001,473.28244948387146
3127,21,47,397796,128,3.579092025756836,3.1862387657165527,3.904510498046875,0.24023433029651642,0.001,473.4240679740906
3128,21,48,397924,128,5.295517444610596,4.877903461456299,4.153560161590576,0.22580483555793762,0.001,473.56682205200195
3129,21,49,398052,128,4.03241491317749,3.6416938304901123,3.887319803237915,0.19890500605106354,0.001,473.71522974967957
3130,21,50,398180,128,4.70924711227417,4.302454948425293,4.044566631317139,0.23354800045490265,0.001,473.8563928604126
3131,21,51,398308,128,5.475002765655518,5.091579914093018,3.8120977878570557,0.22132240235805511,0.001,473.99815678596497
3132,21,52,398436,128,4.366386890411377,3.9692940711975098,3.9489924907684326,0.21934592723846436,0.001,474.14169120788574
3133,21,53,398564,128,4.516192436218262,4.116044044494629,3.9840855598449707,0.1740037500858307,0.001,474.28336358070374
3134,21,54,398692,128,4.242671012878418,3.8344695568084717,4.066176891326904,0.15834054350852966,0.001,474.42554354667664
3135,21,55,398820,128,4.338447570800781,3.9077770709991455,4.2912678718566895,0.15436942875385284,0.001,474.5684218406677
3136,21,56,398948,128,4.209070682525635,3.8077266216278076,3.990975856781006,0.22462888062000275,0.001,474.71078658103943
3137,21,57,399076,128,5.500543117523193,5.090240001678467,4.0812602043151855,0.21771986782550812,0.001,474.85146594047546
3138,21,58,399204,128,5.515470504760742,5.107097625732422,4.0630784034729,0.20652808248996735,0.001,474.9933977127075
3139,21,59,399332,128,4.186254501342773,3.783238649368286,4.011565685272217,0.1859171986579895,0.001,475.136962890625
3140,21,60,399460,128,3.78743314743042,3.3849613666534424,4.0065460205078125,0.18172802031040192,0.001,475.2789180278778
3141,21,61,399588,128,4.444882392883301,4.035714626312256,4.072339057922363,0.19341877102851868,0.001,475.4204547405243
3142,21,62,399716,128,5.392685413360596,5.010598182678223,3.80328106880188,0.17590272426605225,0.001,475.564425945282
3143,21,63,399844,128,3.678828239440918,3.2886290550231934,3.8808038234710693,0.21188044548034668,0.001,475.70760107040405
3144,21,64,399972,128,5.269653797149658,4.8852219581604,3.822571277618408,0.2174764722585678,0.001,475.85013461112976
3145,21,65,400100,128,4.041362762451172,3.639742374420166,3.991708993911743,0.24496053159236908,0.001,476.00089478492737
3146,21,66,400228,128,4.384042739868164,3.9635918140411377,4.1833014488220215,0.2120920866727829,0.001,476.14373302459717
3147,21,67,400356,128,4.796266555786133,4.39984655380249,3.9455480575561523,0.1865609884262085,0.001,476.2853043079376
3148,21,68,400484,128,4.372608184814453,3.945859909057617,4.24351692199707,0.2396503984928131,0.001,476.42780590057373
3149,21,69,400612,128,4.623216152191162,4.204431533813477,4.16686487197876,0.20982906222343445,0.001,476.5708270072937
3150,21,70,400740,128,3.691415786743164,3.2795286178588867,4.0927886962890625,0.260818213224411,0.001,476.7131712436676
3151,21,71,400868,128,3.6957428455352783,3.2940495014190674,3.994213581085205,0.2271948605775833,0.001,476.8547143936157
3152,21,72,400996,128,5.607487678527832,5.217693328857422,3.871208429336548,0.2673528492450714,0.001,476.9968981742859
3153,21,73,401124,128,4.546368598937988,4.171371936798096,3.7287371158599854,0.21226665377616882,0.001,477.14007115364075
3154,21,74,401252,128,3.9997739791870117,3.6237053871154785,3.7371294498443604,0.2355482429265976,0.001,477.28187251091003
3155,21,75,401380,128,3.390990734100342,2.9909214973449707,3.9766509532928467,0.24043050408363342,0.001,477.42403531074524
3156,21,76,401508,128,4.544456481933594,4.128098011016846,4.142467975616455,0.2111436426639557,0.001,477.57080364227295
3157,21,77,401636,128,4.096126079559326,3.667937755584717,4.262386798858643,0.1949906349182129,0.001,477.7117793560028
3158,21,78,401764,128,6.130077362060547,5.675415515899658,4.527963638305664,0.18654942512512207,0.001,477.85777759552
3159,21,79,401892,128,5.469213962554932,5.039019584655762,4.282346248626709,0.19597870111465454,0.001,478.00077772140503
3160,21,80,402020,128,4.717315673828125,4.294044494628906,4.215818405151367,0.1689520925283432,0.001,478.1443338394165
3161,21,81,402148,128,3.5669872760772705,3.158642053604126,4.065179347991943,0.18272434175014496,0.001,478.2869174480438
3162,21,82,402276,128,5.323160171508789,4.9428815841674805,3.7811172008514404,0.21667201817035675,0.001,478.4291400909424
3163,21,83,402404,128,3.3831534385681152,2.9972522258758545,3.835376501083374,0.23637446761131287,0.001,478.5713505744934
3164,21,84,402532,128,4.099625587463379,3.7369279861450195,3.6092770099639893,0.17702177166938782,0.001,478.7171392440796
3165,21,85,402660,128,4.190800189971924,3.7968904972076416,3.9191503524780273,0.19947299361228943,0.001,478.85644125938416
3166,21,86,402788,128,4.004580020904541,3.6014506816864014,4.010819911956787,0.20473892986774445,0.001,478.99290323257446
3167,21,87,402916,128,4.544136047363281,4.132020473480225,4.10245943069458,0.18696385622024536,0.001,479.1317081451416
3168,21,88,403044,128,4.504802703857422,4.072188377380371,4.3050971031188965,0.21047674119472504,0.001,479.2688810825348
3169,21,89,403172,128,4.28701639175415,3.8932461738586426,3.9207780361175537,0.16923291981220245,0.001,479.4059352874756
3170,21,90,403300,128,5.6793389320373535,5.2433576583862305,4.337052345275879,0.2276131510734558,0.001,479.54691195487976
3171,21,91,403428,128,5.0296831130981445,4.632633209228516,3.950934410095215,0.19564078748226166,0.001,479.6898264884949
3172,21,92,403556,128,4.068410873413086,3.6878139972686768,3.7872912883758545,0.18678922951221466,0.001,479.8327388763428
3173,21,93,403684,128,3.892319440841675,3.4855294227600098,4.045870304107666,0.22029151022434235,0.001,479.99452924728394
3174,21,94,403812,128,4.289751052856445,3.893181800842285,3.9387121200561523,0.2698005139827728,0.001,480.1470274925232
3175,21,95,403940,128,3.656026840209961,3.2522201538085938,4.015031337738037,0.23036575317382812,0.001,480.2856297492981
3176,21,96,404068,128,4.056535720825195,3.686065196990967,3.6795666217803955,0.25140514969825745,0.001,480.4263701438904
3177,21,97,404196,128,4.552716255187988,4.126611232757568,4.240138530731201,0.20914019644260406,0.001,480.56852173805237
3178,21,98,404324,128,4.254284381866455,3.849740505218506,4.019590854644775,0.2584823668003082,0.001,480.711886882782
3179,21,99,404452,128,5.751479625701904,5.3426618576049805,4.064828395843506,0.23350177705287933,0.001,480.85230016708374
3180,21,100,404580,128,4.0460004806518555,3.6502797603607178,3.934222936630249,0.22981391847133636,0.001,480.98980617523193
3181,21,101,404708,128,4.130560874938965,3.737366199493408,3.9121291637420654,0.19815076887607574,0.001,481.12971091270447
3182,21,102,404836,128,3.9275219440460205,3.5242691040039062,4.0130743980407715,0.19454462826251984,0.001,481.26760172843933
3183,21,103,404964,128,4.765476703643799,4.3583455085754395,4.049380302429199,0.21928010880947113,0.001,481.40898275375366
3184,21,104,405092,128,5.358504295349121,4.945875644683838,4.10269021987915,0.23594260215759277,0.001,481.5517671108246
3185,21,105,405220,128,4.094758987426758,3.6975371837615967,3.9489762783050537,0.23241424560546875,0.001,481.693480014801
3186,21,106,405348,128,4.810360431671143,4.419742584228516,3.8861546516418457,0.20022530853748322,0.001,481.8341324329376
3187,21,107,405476,128,5.334664344787598,4.924842834472656,4.074551105499268,0.23664416372776031,0.001,481.9738621711731
3188,21,108,405604,128,6.245966911315918,5.805269718170166,4.382567882537842,0.24406199157238007,0.001,482.114946603775
3189,21,109,405732,128,5.378273010253906,4.933862686157227,4.421182155609131,0.22919853031635284,0.001,482.2577941417694
3190,21,110,405860,128,4.969122886657715,4.542466163635254,4.243353843688965,0.23214083909988403,0.001,482.39771723747253
3191,21,111,405988,128,4.516998291015625,4.078004360198975,4.365911483764648,0.24030034244060516,0.001,482.5422692298889
3192,21,112,406116,128,5.22270393371582,4.8054118156433105,4.148212432861328,0.24708326160907745,0.001,482.689204454422
3193,21,113,406244,128,5.504862308502197,5.102808952331543,3.995795249938965,0.24737071990966797,0.001,482.8315739631653
3194,21,114,406372,128,4.401643753051758,4.006907939910889,3.921229124069214,0.26129353046417236,0.001,482.9741361141205
3195,21,115,406500,128,4.770838260650635,4.345905303955078,4.226342678070068,0.22988612949848175,0.001,483.1159791946411
3196,21,116,406628,128,4.0251383781433105,3.6227848529815674,4.0015716552734375,0.2196306586265564,0.001,483.25858664512634
3197,21,117,406756,128,3.971834182739258,3.538893938064575,4.307925701141357,0.21475689113140106,0.001,483.40022706985474
3198,21,118,406884,128,3.473430633544922,3.0862278938293457,3.849837064743042,0.2219046950340271,0.001,483.5433659553528
3199,21,119,407012,128,5.00150203704834,4.618119716644287,3.8143131732940674,0.19510425627231598,0.001,483.6849400997162
3200,21,120,407140,128,4.844541072845459,4.439312934875488,4.031937122344971,0.20344974100589752,0.001,483.8264617919922
3201,21,121,407268,128,5.015896797180176,4.622073173522949,3.9179069995880127,0.20328494906425476,0.001,483.9708471298218
3202,21,122,407396,128,5.787872791290283,5.388346195220947,3.9749679565429688,0.20299077033996582,0.001,484.11496901512146
3203,21,123,407524,128,5.230218410491943,4.810068607330322,4.18091344833374,0.2058543711900711,0.001,484.2551300525665
3204,21,124,407652,128,5.876265048980713,5.459688663482666,4.146791934967041,0.18975703418254852,0.001,484.39372539520264
3205,21,125,407780,128,4.002460479736328,3.5966949462890625,4.031395435333252,0.26257216930389404,0.001,484.5362503528595
3206,21,126,407908,128,4.871715068817139,4.451831817626953,4.176788806915283,0.22046303749084473,0.001,484.68141770362854
3207,21,127,408036,128,4.923573970794678,4.4812493324279785,4.401644706726074,0.21601855754852295,0.001,484.82915592193604
3208,21,128,408164,128,4.599483013153076,4.221272945404053,3.7601213455200195,0.2197546660900116,0.001,484.9679284095764
3209,21,129,408292,128,4.629140377044678,4.244034767150879,3.830190896987915,0.20865380764007568,0.001,485.1064212322235
3210,21,130,408420,128,4.717202186584473,4.314208507537842,4.002215385437012,0.2772481441497803,0.001,485.2438151836395
3211,21,131,408548,128,4.678919792175293,4.295050621032715,3.8169679641723633,0.21723808348178864,0.001,485.38083720207214
3212,21,132,408676,128,4.561619758605957,4.18497896194458,3.7443439960479736,0.22064532339572906,0.001,485.5207302570343
3213,21,133,408804,128,6.052395343780518,5.660593032836914,3.8966896533966064,0.21333906054496765,0.001,485.66260719299316
3214,21,134,408932,128,4.127041816711426,3.71635103225708,4.0872721672058105,0.19635213911533356,0.001,485.80441522598267
3215,21,135,409060,128,5.05433988571167,4.612833499908447,4.396583080291748,0.18481650948524475,0.001,485.9459376335144
3216,21,136,409188,128,3.8643276691436768,3.4658472537994385,3.964937686920166,0.19867610931396484,0.001,486.09086084365845
3217,21,137,409316,128,4.606039047241211,4.184101581573486,4.20050573348999,0.18867406249046326,0.001,486.2326681613922
3218,21,138,409444,128,4.735297203063965,4.342221260070801,3.914803981781006,0.15956135094165802,0.001,486.37775707244873
3219,21,139,409572,128,4.602268218994141,4.208424091339111,3.918907403945923,0.19533883035182953,0.001,486.52078771591187
3220,21,140,409700,128,3.1208548545837402,2.725522518157959,3.934455394744873,0.18868465721607208,0.001,486.66308522224426
3221,21,141,409828,128,3.0533440113067627,2.682809591293335,3.6848983764648438,0.204457625746727,0.001,486.80477929115295
3222,21,142,409956,128,3.2075703144073486,2.8481829166412354,3.571493148803711,0.2238081842660904,0.001,486.9476799964905
3223,21,143,410084,128,4.710840225219727,4.301430702209473,4.072629451751709,0.21466319262981415,0.001,487.09349632263184
3224,21,144,410212,128,4.989626407623291,4.573283672332764,4.14555549621582,0.1787077635526657,0.001,487.23683047294617
3225,21,145,410340,128,4.956323146820068,4.539642333984375,4.147369384765625,0.1944296807050705,0.001,487.37828946113586
3226,21,146,410468,128,3.9554057121276855,3.5673818588256836,3.861147403717041,0.1909087747335434,0.001,487.5373914241791
3227,21,147,410596,128,4.102341651916504,3.672194719314575,4.280210494995117,0.21257926523685455,0.001,487.68077397346497
3228,21,148,410724,128,5.959624290466309,5.52642297744751,4.310378551483154,0.2163563370704651,0.001,487.82296204566956
3229,21,149,410852,128,5.390819072723389,4.958379745483398,4.300001621246338,0.24388575553894043,0.001,487.9626145362854
3230,21,150,410980,128,4.658751010894775,4.253549575805664,4.029173374176025,0.22841712832450867,0.001,488.1105864048004
3231,21,151,411108,128,3.037781000137329,2.6505796909332275,3.852430582046509,0.19582082331180573,0.001,488.2518398761749
3232,21,152,411236,128,3.5706565380096436,3.1761419773101807,3.924535036087036,0.2061140388250351,0.001,488.397479057312
3233,21,153,411364,128,3.715383529663086,3.304530382156372,4.088303565979004,0.20228442549705505,0.001,488.5404849052429
3234,21,154,411369,5,5.910338878631592,5.466483116149902,4.430271625518799,0.08286910504102707,0.001,488.6764233112335
3235,22,1,411497,128,4.20070219039917,3.803147315979004,3.9528932571411133,0.2265244424343109,0.001,490.5153441429138
3236,22,2,411625,128,3.9892005920410156,3.6199984550476074,3.6646132469177246,0.27408134937286377,0.001,490.6578121185303
3237,22,3,411753,128,3.629859209060669,3.2454423904418945,3.8244738578796387,0.19692976772785187,0.001,490.79924392700195
3238,22,4,411881,128,4.323957443237305,3.9075865745544434,4.138364315032959,0.25342637300491333,0.001,490.94173431396484
3239,22,5,412009,128,3.3936691284179688,2.998624801635742,3.930612325668335,0.1983056217432022,0.001,491.0844292640686
3240,22,6,412137,128,4.6656694412231445,4.272221088409424,3.912990093231201,0.21495305001735687,0.001,491.22685623168945
3241,22,7,412265,128,4.3469390869140625,3.946950674057007,3.9791038036346436,0.20782028138637543,0.001,491.36854362487793
3242,22,8,412393,128,4.470180034637451,4.057003021240234,4.107208251953125,0.2456262856721878,0.001,491.51218938827515
3243,22,9,412521,128,5.308345317840576,4.909507751464844,3.970118999481201,0.18256115913391113,0.001,491.6549665927887
3244,22,10,412649,128,4.742033958435059,4.3193440437316895,4.204766273498535,0.22134467959403992,0.001,491.79668831825256
3245,22,11,412777,128,4.687633037567139,4.286338806152344,3.9844982624053955,0.2844545245170593,0.001,491.9382631778717
3246,22,12,412905,128,5.808834552764893,5.38374662399292,4.22580623626709,0.250738263130188,0.001,492.08114099502563
3247,22,13,413033,128,4.295204162597656,3.8542392253875732,4.381373882293701,0.2827644348144531,0.001,492.2221210002899
3248,22,14,413161,128,6.128298759460449,5.6949920654296875,4.303022861480713,0.3004675507545471,0.001,492.3622715473175
3249,22,15,413289,128,4.843505382537842,4.444687843322754,3.961686849594116,0.2648921012878418,0.001,492.50398325920105
3250,22,16,413417,128,5.166420936584473,4.7708740234375,3.934190034866333,0.21282777190208435,0.001,492.6432075500488
3251,22,17,413545,128,5.066909313201904,4.6475396156311035,4.168174743652344,0.2551896870136261,0.001,492.78495693206787
3252,22,18,413673,128,4.700335502624512,4.258568286895752,4.38944673538208,0.2822546362876892,0.001,492.92670726776123
3253,22,19,413801,128,4.045243740081787,3.6236937046051025,4.19420862197876,0.21290351450443268,0.001,493.0772168636322
3254,22,20,413929,128,4.760996341705322,4.354706287384033,4.043873310089111,0.1902436763048172,0.001,493.2189338207245
3255,22,21,414057,128,5.49641752243042,5.090814590454102,4.036670207977295,0.19359029829502106,0.001,493.35986709594727
3256,22,22,414185,128,4.515918254852295,4.10506010055542,4.086280345916748,0.22299419343471527,0.001,493.50311970710754
3257,22,23,414313,128,5.070794582366943,4.680458068847656,3.8849432468414307,0.18418435752391815,0.001,493.64367866516113
3258,22,24,414441,128,6.5199294090271,6.123896598815918,3.9353716373443604,0.24959826469421387,0.001,493.7866859436035
3259,22,25,414569,128,5.183957576751709,4.802384853363037,3.7946841716766357,0.21043269336223602,0.001,493.92956924438477
3260,22,26,414697,128,5.359013080596924,4.991210460662842,3.6569926738739014,0.21034392714500427,0.001,494.07111525535583
3261,22,27,414825,128,3.8204548358917236,3.410306215286255,4.080776691436768,0.20708957314491272,0.001,494.2126157283783
3262,22,28,414953,128,4.209962368011475,3.795872449874878,4.1230878829956055,0.17810004949569702,0.001,494.35393261909485
3263,22,29,415081,128,4.279794692993164,3.8527255058288574,4.25150728225708,0.19184468686580658,0.001,494.4936435222626
3264,22,30,415209,128,6.370855331420898,5.948591232299805,4.205619812011719,0.170216903090477,0.001,494.63886547088623
3265,22,31,415337,128,5.0895771980285645,4.64924430847168,4.382848262786865,0.20481541752815247,0.001,494.7794771194458
3266,22,32,415465,128,5.248436450958252,4.848073959350586,3.985433578491211,0.18191027641296387,0.001,494.91965222358704
3267,22,33,415593,128,5.321908473968506,4.896615982055664,4.234457969665527,0.18466104567050934,0.001,495.06135630607605
3268,22,34,415721,128,2.9322152137756348,2.5438413619995117,3.8639931678771973,0.19745098054409027,0.001,495.2031772136688
3269,22,35,415849,128,4.448184967041016,4.043426990509033,4.027530670166016,0.2005235254764557,0.001,495.34283113479614
3270,22,36,415977,128,4.107577323913574,3.712125062942505,3.929934501647949,0.24585288763046265,0.001,495.50034189224243
3271,22,37,416105,128,3.845613956451416,3.4511728286743164,3.917894124984741,0.2651790976524353,0.001,495.64387106895447
3272,22,38,416233,128,5.224912166595459,4.835050106048584,3.8723363876342773,0.262838751077652,0.001,495.78581166267395
3273,22,39,416361,128,4.9605326652526855,4.549950122833252,4.081944465637207,0.2387801557779312,0.001,495.9272322654724
3274,22,40,416489,128,3.3169398307800293,2.931119203567505,3.835277557373047,0.22928062081336975,0.001,496.0699551105499
3275,22,41,416617,128,4.393747806549072,3.9474539756774902,4.439835071563721,0.23100875318050385,0.001,496.21049785614014
3276,22,42,416745,128,4.854340076446533,4.391993999481201,4.599194049835205,0.24265986680984497,0.001,496.35439920425415
3277,22,43,416873,128,4.66261100769043,4.249817848205566,4.103330135345459,0.2459844946861267,0.001,496.49588108062744
3278,22,44,417001,128,3.247140884399414,2.8454155921936035,3.9947264194488525,0.2252682000398636,0.001,496.6360855102539
3279,22,45,417129,128,4.851663112640381,4.489372253417969,3.6044960021972656,0.18409137427806854,0.001,496.7752056121826
3280,22,46,417257,128,6.570965766906738,6.183650493621826,3.853262186050415,0.1989060938358307,0.001,496.9185461997986
3281,22,47,417385,128,6.382051467895508,5.997668743133545,3.827205181121826,0.16621585190296173,0.001,497.05847573280334
3282,22,48,417513,128,4.276230812072754,3.8863401412963867,3.8798606395721436,0.19043265283107758,0.001,497.1990659236908
3283,22,49,417641,128,4.3019585609436035,3.9140400886535645,3.85673189163208,0.22456619143486023,0.001,497.3394935131073
3284,22,50,417769,128,6.583057880401611,6.196501731872559,3.839022159576416,0.26542431116104126,0.001,497.4797616004944
3285,22,51,417897,128,6.17484188079834,5.7797064781188965,3.93376088142395,0.17595839500427246,0.001,497.62087845802307
3286,22,52,418025,128,3.863696575164795,3.458932876586914,4.029296875,0.183397114276886,0.001,497.7636523246765
3287,22,53,418153,128,3.86311411857605,3.4469902515411377,4.138763904571533,0.22475287318229675,0.001,497.90366792678833
3288,22,54,418281,128,4.96225118637085,4.534815311431885,4.252624034881592,0.2173537164926529,0.001,498.04404520988464
3289,22,55,418409,128,4.531546592712402,4.099602699279785,4.29612922668457,0.23306339979171753,0.001,498.18472957611084
3290,22,56,418537,128,4.225610256195068,3.7995755672454834,4.236928462982178,0.23418287932872772,0.001,498.32518339157104
3291,22,57,418665,128,3.8154327869415283,3.4006783962249756,4.123498916625977,0.24043989181518555,0.001,498.46474862098694
3292,22,58,418793,128,4.229923248291016,3.834839105606079,3.9247851371765137,0.26054176688194275,0.001,498.60520124435425
3293,22,59,418921,128,5.469574451446533,5.0792460441589355,3.880748748779297,0.2253575474023819,0.001,498.74548840522766
3294,22,60,419049,128,4.840539455413818,4.433785438537598,4.04683256149292,0.20708316564559937,0.001,498.884881734848
3295,22,61,419177,128,5.052511215209961,4.642849922180176,4.07567024230957,0.20942717790603638,0.001,499.02609872817993
3296,22,62,419305,128,4.464540004730225,4.046902656555176,4.154930591583252,0.21444199979305267,0.001,499.16672348976135
3297,22,63,419433,128,4.906691551208496,4.516909599304199,3.878361225128174,0.1945735514163971,0.001,499.31269454956055
3298,22,64,419561,128,4.853708267211914,4.4272780418396,4.243341445922852,0.20961543917655945,0.001,499.45390796661377
3299,22,65,419689,128,4.679090976715088,4.292944431304932,3.840280055999756,0.21186339855194092,0.001,499.5966169834137
3300,22,66,419817,128,4.371629238128662,3.9702839851379395,3.9907448291778564,0.2270878106355667,0.001,499.7387270927429
3301,22,67,419945,128,3.510371446609497,3.0992515087127686,4.0852789878845215,0.2592150866985321,0.001,499.87817573547363
3302,22,68,420073,128,4.43071985244751,4.030587673187256,3.983255624771118,0.18065185844898224,0.001,500.0204327106476
3303,22,69,420201,128,4.637646198272705,4.228094577789307,4.074211597442627,0.2130730003118515,0.001,500.1607666015625
3304,22,70,420329,128,5.127872467041016,4.7216410636901855,4.041676998138428,0.20638208091259003,0.001,500.30140924453735
3305,22,71,420457,128,4.686473369598389,4.251053333282471,4.331424236297607,0.2277752012014389,0.001,500.44200897216797
3306,22,72,420585,128,3.9448466300964355,3.525585174560547,4.167319297790527,0.2529652416706085,0.001,500.58284091949463
3307,22,73,420713,128,4.439952373504639,4.020206928253174,4.1753411293029785,0.22109359502792358,0.001,500.728182554245
3308,22,74,420841,128,5.527626991271973,5.137523174285889,3.875953197479248,0.2508580684661865,0.001,500.8719618320465
3309,22,75,420969,128,4.256224155426025,3.850407361984253,4.0344624519348145,0.23702405393123627,0.001,501.0144419670105
3310,22,76,421097,128,3.19455623626709,2.815300226211548,3.7658653259277344,0.266945481300354,0.001,501.1549096107483
3311,22,77,421225,128,4.005393028259277,3.5976994037628174,4.05354642868042,0.23389247059822083,0.001,501.29506373405457
3312,22,78,421353,128,4.395777225494385,4.01844596862793,3.7444119453430176,0.2890237271785736,0.001,501.4378824234009
3313,22,79,421481,128,5.041318416595459,4.642533302307129,3.96799373626709,0.19854174554347992,0.001,501.58183336257935
3314,22,80,421609,128,4.239271640777588,3.7985000610351562,4.384715557098389,0.22999724745750427,0.001,501.7246358394623
3315,22,81,421737,128,5.073173999786377,4.666917324066162,4.0433526039123535,0.19210170209407806,0.001,501.8663561344147
3316,22,82,421865,128,6.391266345977783,5.934916973114014,4.546412467956543,0.17079544067382812,0.001,502.0067672729492
3317,22,83,421993,128,3.8724608421325684,3.465970993041992,4.049546241760254,0.15351048111915588,0.001,502.1498041152954
3318,22,84,422121,128,5.251582145690918,4.821096420288086,4.286306381225586,0.1854688972234726,0.001,502.29378962516785
3319,22,85,422249,128,5.4025163650512695,4.974696159362793,4.259570598602295,0.18628326058387756,0.001,502.43628191947937
3320,22,86,422377,128,3.8188118934631348,3.419506549835205,3.9717137813568115,0.21338137984275818,0.001,502.57940769195557
3321,22,87,422505,128,4.321758270263672,3.936906576156616,3.8282973766326904,0.20219233632087708,0.001,502.72265362739563
3322,22,88,422633,128,5.966107368469238,5.572454452514648,3.9177234172821045,0.1880592703819275,0.001,502.86292815208435
3323,22,89,422761,128,4.9899210929870605,4.616905689239502,3.7102339267730713,0.19920948147773743,0.001,503.0048108100891
3324,22,90,422889,128,4.284448146820068,3.896008014678955,3.8684260845184326,0.15972380340099335,0.001,503.14691948890686
3325,22,91,423017,128,5.717722415924072,5.293934345245361,4.220327377319336,0.1755402684211731,0.001,503.29264211654663
3326,22,92,423145,128,6.61599588394165,6.194669246673584,4.193948268890381,0.19317935407161713,0.001,503.43569016456604
3327,22,93,423273,128,6.684112548828125,6.252686500549316,4.29481840133667,0.19442914426326752,0.001,503.57835507392883
3328,22,94,423401,128,4.115178108215332,3.7080576419830322,4.051111221313477,0.20094500482082367,0.001,503.7221472263336
3329,22,95,423529,128,3.1591691970825195,2.759326696395874,3.976616144180298,0.2180759757757187,0.001,503.86286759376526
3330,22,96,423657,128,5.967386245727539,5.565879821777344,3.992889404296875,0.2217452973127365,0.001,504.003849029541
3331,22,97,423785,128,5.284073352813721,4.88381814956665,3.980471134185791,0.22080600261688232,0.001,504.1460111141205
3332,22,98,423913,128,5.3176374435424805,4.943077087402344,3.7224273681640625,0.2317282110452652,0.001,504.28788566589355
3333,22,99,424041,128,3.879828453063965,3.4748408794403076,4.021780490875244,0.28094282746315,0.001,504.4311594963074
3334,22,100,424169,128,4.9017109870910645,4.516918182373047,3.824169874191284,0.23757094144821167,0.001,504.5722734928131
3335,22,101,424297,128,4.311771869659424,3.9174375534057617,3.920868158340454,0.2247217446565628,0.001,504.7131145000458
3336,22,102,424425,128,4.942811489105225,4.530045509338379,4.107106685638428,0.20553503930568695,0.001,504.85314083099365
3337,22,103,424553,128,4.42584753036499,4.004316806793213,4.196754455566406,0.18555381894111633,0.001,504.9912142753601
3338,22,104,424681,128,4.227618217468262,3.79583477973938,4.297553539276123,0.20280906558036804,0.001,505.1327908039093
3339,22,105,424809,128,3.9624946117401123,3.569277763366699,3.9136359691619873,0.1853305846452713,0.001,505.2737293243408
3340,22,106,424937,128,4.053916931152344,3.6421496868133545,4.09713888168335,0.20531661808490753,0.001,505.41572189331055
3341,22,107,425065,128,4.452363014221191,4.081711769104004,3.6871554851531982,0.19353419542312622,0.001,505.55838918685913
3342,22,108,425193,128,3.361217498779297,2.98475980758667,3.745589017868042,0.18988220393657684,0.001,505.6996955871582
3343,22,109,425321,128,4.980419158935547,4.607282638549805,3.7110095024108887,0.20355193316936493,0.001,505.84070777893066
3344,22,110,425449,128,4.509244441986084,4.106654167175293,4.005222797393799,0.2068081647157669,0.001,505.97918248176575
3345,22,111,425577,128,4.5792765617370605,4.1855268478393555,3.9171142578125,0.20384788513183594,0.001,506.1222941875458
3346,22,112,425705,128,4.300656318664551,3.8876211643218994,4.109800815582275,0.2055286169052124,0.001,506.2639739513397
3347,22,113,425833,128,3.58418869972229,3.1849589347839355,3.9710710048675537,0.21227511763572693,0.001,506.40607738494873
3348,22,114,425961,128,4.707972526550293,4.341395854949951,3.642035961151123,0.237335205078125,0.001,506.5496151447296
3349,22,115,426089,128,4.362241268157959,3.943049669265747,4.171221733093262,0.20693263411521912,0.001,506.69169878959656
3350,22,116,426217,128,5.230938911437988,4.828524589538574,4.0071797370910645,0.16967439651489258,0.001,506.83334136009216
3351,22,117,426345,128,5.341022491455078,4.911412239074707,4.274022102355957,0.22081634402275085,0.001,506.973965883255
3352,22,118,426473,128,4.603720188140869,4.180755615234375,4.212127208709717,0.17521323263645172,0.001,507.11697483062744
3353,22,119,426601,128,3.9106502532958984,3.5181360244750977,3.902885675430298,0.2225571721792221,0.001,507.2586808204651
3354,22,120,426729,128,4.043743133544922,3.632251024246216,4.094910621643066,0.20010000467300415,0.001,507.3996682167053
3355,22,121,426857,128,4.385734558105469,3.994185447692871,3.89528489112854,0.20207993686199188,0.001,507.5420994758606
3356,22,122,426985,128,3.33990740776062,2.9466636180877686,3.9123899936676025,0.20047956705093384,0.001,507.684543132782
3357,22,123,427113,128,3.6521964073181152,3.2777793407440186,3.722193717956543,0.21977809071540833,0.001,507.8250389099121
3358,22,124,427241,128,3.583662271499634,3.18807315826416,3.9328484535217285,0.2304401397705078,0.001,507.96635222435
3359,22,125,427369,128,4.499213695526123,4.102102279663086,3.9466476440429688,0.24468199908733368,0.001,508.1098618507385
3360,22,126,427497,128,5.051610946655273,4.634181499481201,4.157534122467041,0.16761767864227295,0.001,508.25114727020264
3361,22,127,427625,128,3.833031415939331,3.4373939037323,3.9391627311706543,0.17211484909057617,0.001,508.3918375968933
3362,22,128,427753,128,4.854216575622559,4.4150285720825195,4.3724870681762695,0.19395221769809723,0.001,508.53310990333557
3363,22,129,427881,128,4.696080684661865,4.249622821807861,4.4433794021606445,0.21198056638240814,0.001,508.6766793727875
3364,22,130,428009,128,4.833745002746582,4.412039279937744,4.1959967613220215,0.21061557531356812,0.001,508.8169448375702
3365,22,131,428137,128,4.62369966506958,4.2049736976623535,4.162570476531982,0.24690096080303192,0.001,508.9583320617676
3366,22,132,428265,128,5.087190628051758,4.675853252410889,4.085262775421143,0.2810860276222229,0.001,509.1012098789215
3367,22,133,428393,128,4.579181671142578,4.207063674926758,3.693878650665283,0.2730492651462555,0.001,509.24241375923157
3368,22,134,428521,128,5.434982776641846,5.048505783081055,3.841080904006958,0.23691542446613312,0.001,509.3847987651825
3369,22,135,428649,128,4.252762794494629,3.8634729385375977,3.8689141273498535,0.2398482710123062,0.001,509.52439856529236
3370,22,136,428777,128,5.386575222015381,4.980739593505859,4.035394668579102,0.22958184778690338,0.001,509.6644961833954
3371,22,137,428905,128,4.3342132568359375,3.9312946796417236,4.011858940124512,0.17327328026294708,0.001,509.80420112609863
3372,22,138,429033,128,4.280551433563232,3.8742127418518066,4.0449371337890625,0.18447531759738922,0.001,509.9444353580475
3373,22,139,429161,128,5.257171630859375,4.826214790344238,4.289904594421387,0.19666039943695068,0.001,510.0855507850647
3374,22,140,429289,128,4.040173530578613,3.6266322135925293,4.116203308105469,0.19213458895683289,0.001,510.2292184829712
3375,22,141,429417,128,3.9777770042419434,3.579066514968872,3.968723773956299,0.1838097721338272,0.001,510.37158012390137
3376,22,142,429545,128,3.9813413619995117,3.58217453956604,3.9698846340179443,0.21784552931785583,0.001,510.5129175186157
3377,22,143,429673,128,4.073817253112793,3.677328586578369,3.9420692920684814,0.2281486988067627,0.001,510.6525573730469
3378,22,144,429801,128,4.755068778991699,4.3520731925964355,4.006319522857666,0.23634512722492218,0.001,510.79776644706726
3379,22,145,429929,128,4.985803127288818,4.607936382293701,3.7537689208984375,0.24901816248893738,0.001,510.9374840259552
3380,22,146,430057,128,4.407756805419922,4.019315242767334,3.8661458492279053,0.18269743025302887,0.001,511.0799219608307
3381,22,147,430185,128,4.456744194030762,4.007162094116211,4.472503185272217,0.23318791389465332,0.001,511.2247452735901
3382,22,148,430313,128,5.307492256164551,4.879833221435547,4.255732536315918,0.20856261253356934,0.001,511.3651793003082
3383,22,149,430441,128,4.274022579193115,3.8639719486236572,4.080467224121094,0.20040713250637054,0.001,511.5069477558136
3384,22,150,430569,128,4.790433883666992,4.35512638092041,4.33112096786499,0.2195584774017334,0.001,511.6516366004944
3385,22,151,430697,128,5.669279098510742,5.244831085205078,4.226136207580566,0.18345889449119568,0.001,511.79211258888245
3386,22,152,430825,128,4.0561652183532715,3.6419708728790283,4.121769905090332,0.20175594091415405,0.001,511.9329082965851
3387,22,153,430953,128,4.566707134246826,4.130987644195557,4.335510730743408,0.21682974696159363,0.001,512.0746207237244
3388,22,154,430958,5,1.3507195711135864,1.1377917528152466,2.098149061203003,0.3112907111644745,0.001,512.208930015564
3389,23,1,431086,128,3.669431209564209,3.288266658782959,3.78812837600708,0.2351868450641632,0.001,513.7101600170135
3390,23,2,431214,128,5.062808990478516,4.698859691619873,3.6182005405426025,0.21291787922382355,0.001,513.8502714633942
3391,23,3,431342,128,5.703604221343994,5.317978858947754,3.8353428840637207,0.2091086357831955,0.001,513.9906122684479
3392,23,4,431470,128,5.358591079711914,4.9751129150390625,3.8156230449676514,0.19159461557865143,0.001,514.1326251029968
3393,23,5,431598,128,5.190741062164307,4.799384593963623,3.899012327194214,0.14555174112319946,0.001,514.2738626003265
3394,23,6,431726,128,4.417758464813232,3.980342149734497,4.354990005493164,0.1917477697134018,0.001,514.4147181510925
3395,23,7,431854,128,5.585495948791504,5.15867805480957,4.249932289123535,0.18247012794017792,0.001,514.5562267303467
3396,23,8,431982,128,4.546820640563965,4.1369733810424805,4.0823822021484375,0.16087642312049866,0.001,514.6975989341736
3397,23,9,432110,128,4.3579511642456055,3.947894334793091,4.078454494476318,0.22117002308368683,0.001,514.838755607605
3398,23,10,432238,128,4.5448431968688965,4.140045166015625,4.027771949768066,0.2020687758922577,0.001,514.9792613983154
3399,23,11,432366,128,5.1845479011535645,4.809427261352539,3.7295873165130615,0.21619990468025208,0.001,515.1198551654816
3400,23,12,432494,128,5.581206798553467,5.181982517242432,3.965186595916748,0.27055442333221436,0.001,515.2596607208252
3401,23,13,432622,128,5.20722770690918,4.8209733963012695,3.838426113128662,0.24116365611553192,0.001,515.3992583751678
3402,23,14,432750,128,5.744417190551758,5.3333210945129395,4.084082126617432,0.26878854632377625,0.001,515.5392968654633
3403,23,15,432878,128,4.892495155334473,4.505188465118408,3.8456501960754395,0.2741900384426117,0.001,515.680172920227
3404,23,16,433006,128,5.2213215827941895,4.819799900054932,3.9935951232910156,0.2162105143070221,0.001,515.8228142261505
3405,23,17,433134,128,5.49230432510376,5.068969249725342,4.2132110595703125,0.20142436027526855,0.001,515.9619140625
3406,23,18,433262,128,4.9470109939575195,4.487422466278076,4.572649955749512,0.2323843091726303,0.001,516.1023995876312
3407,23,19,433390,128,5.500864505767822,5.062495231628418,4.3646240234375,0.19069001078605652,0.001,516.2462000846863
3408,23,20,433518,128,6.469396114349365,6.0131754875183105,4.542712211608887,0.1949150562286377,0.001,516.3876490592957
3409,23,21,433646,128,4.8674187660217285,4.4546685218811035,4.111374855041504,0.16127003729343414,0.001,516.5304138660431
3410,23,22,433774,128,4.168113708496094,3.7526495456695557,4.137991428375244,0.1665140837430954,0.001,516.6845803260803
3411,23,23,433902,128,4.821006774902344,4.4607720375061035,3.586257219314575,0.16090750694274902,0.001,516.8256118297577
3412,23,24,434030,128,5.959698677062988,5.606629371643066,3.514960289001465,0.15729132294654846,0.001,516.9699304103851
3413,23,25,434158,128,5.855376720428467,5.508927822113037,3.447784423828125,0.16703815758228302,0.001,517.1119854450226
3414,23,26,434286,128,4.387416362762451,4.026281356811523,3.593599796295166,0.17753630876541138,0.001,517.251962184906
3415,23,27,434414,128,4.014139175415039,3.672476291656494,3.40069580078125,0.15932722389698029,0.001,517.3947143554688
3416,23,28,434542,128,5.049633026123047,4.674952983856201,3.7290642261505127,0.1773865669965744,0.001,517.5372114181519
3417,23,29,434670,128,4.549149990081787,4.132046699523926,4.150149345397949,0.20885154604911804,0.001,517.6784882545471
3418,23,30,434798,128,4.89061975479126,4.466118335723877,4.228003978729248,0.1700882464647293,0.001,517.8192412853241
3419,23,31,434926,128,5.022632122039795,4.606706142425537,4.14142370223999,0.17839182913303375,0.001,517.9598381519318
3420,23,32,435054,128,4.617507457733154,4.175360679626465,4.402926445007324,0.1853976994752884,0.001,518.1025238037109
3421,23,33,435182,128,3.7471539974212646,3.3626017570495605,3.8281993865966797,0.17324523627758026,0.001,518.2418339252472
3422,23,34,435310,128,4.697891712188721,4.319282054901123,3.7646195888519287,0.21474765241146088,0.001,518.3848373889923
3423,23,35,435438,128,4.018618583679199,3.652644634246826,3.6430013179779053,0.16738730669021606,0.001,518.5460186004639
3424,23,36,435566,128,5.559174537658691,5.1768341064453125,3.804110050201416,0.19290511310100555,0.001,518.6873362064362
3425,23,37,435694,128,3.9466164112091064,3.5725841522216797,3.721221923828125,0.19098615646362305,0.001,518.8276944160461
3426,23,38,435822,128,4.744037628173828,4.342697620391846,3.992112874984741,0.21286524832248688,0.001,518.9691896438599
3427,23,39,435950,128,6.209658145904541,5.831874370574951,3.7591769695281982,0.18656717240810394,0.001,519.1112368106842
3428,23,40,436078,128,3.766873598098755,3.3834879398345947,3.812995433807373,0.20860576629638672,0.001,519.2522878646851
3429,23,41,436206,128,3.990114688873291,3.578315496444702,4.098639011383057,0.19353507459163666,0.001,519.3907911777496
3430,23,42,436334,128,5.789727687835693,5.366261005401611,4.2154998779296875,0.1916680932044983,0.001,519.5450587272644
3431,23,43,436462,128,4.013539791107178,3.611602544784546,4.002337455749512,0.17036427557468414,0.001,519.6857857704163
3432,23,44,436590,128,4.8717360496521,4.429701328277588,4.399941921234131,0.20401737093925476,0.001,519.8267657756805
3433,23,45,436718,128,2.7962090969085693,2.393465280532837,4.00838041305542,0.19057044386863708,0.001,519.968080997467
3434,23,46,436846,128,4.36521577835083,3.9399490356445312,4.2299275398254395,0.2273983508348465,0.001,520.1171839237213
3435,23,47,436974,128,3.7717833518981934,3.356383800506592,4.1332926750183105,0.20701442658901215,0.001,520.2567763328552
3436,23,48,437102,128,4.846229553222656,4.452742099761963,3.9126415252685547,0.22236010432243347,0.001,520.3998334407806
3437,23,49,437230,128,4.009191513061523,3.612351894378662,3.947486162185669,0.2090785950422287,0.001,520.5404002666473
3438,23,50,437358,128,4.108669281005859,3.723806142807007,3.8269202709198,0.21710868179798126,0.001,520.6802558898926
3439,23,51,437486,128,3.999281167984009,3.629142999649048,3.681116819381714,0.20264452695846558,0.001,520.8207931518555
3440,23,52,437614,128,5.2969512939453125,4.876158237457275,4.186191082000732,0.2174072414636612,0.001,520.9613575935364
3441,23,53,437742,128,3.548030376434326,3.118508815765381,4.274604320526123,0.2061029076576233,0.001,521.1023013591766
3442,23,54,437870,128,4.897088050842285,4.486186504364014,4.088104724884033,0.20911231637001038,0.001,521.2437517642975
3443,23,55,437998,128,4.039304256439209,3.6330151557922363,4.041567802429199,0.21322089433670044,0.001,521.3850445747375
3444,23,56,438126,128,4.289634704589844,3.8943419456481934,3.932711601257324,0.20219829678535461,0.001,521.530767917633
3445,23,57,438254,128,4.348596572875977,3.9581680297851562,3.8809566497802734,0.2332799881696701,0.001,521.6722888946533
3446,23,58,438382,128,3.792571544647217,3.399672746658325,3.906871795654297,0.22115524113178253,0.001,521.8152847290039
3447,23,59,438510,128,6.324698448181152,5.904273986816406,4.178290367126465,0.2595619261264801,0.001,521.9547226428986
3448,23,60,438638,128,4.301814556121826,3.890071392059326,4.096084117889404,0.21346747875213623,0.001,522.0952179431915
3449,23,61,438766,128,4.995260715484619,4.592514514923096,4.0079026222229,0.19560594856739044,0.001,522.2346694469452
3450,23,62,438894,128,5.230184555053711,4.784421443939209,4.435877799987793,0.21753373742103577,0.001,522.3796908855438
3451,23,63,439022,128,3.6591646671295166,3.2388405799865723,4.18161153793335,0.21630479395389557,0.001,522.5202603340149
3452,23,64,439150,128,4.933173656463623,4.542018890380859,3.891050338745117,0.204977348446846,0.001,522.6597468852997
3453,23,65,439278,128,5.0591020584106445,4.625939846038818,4.3067851066589355,0.2483721822500229,0.001,522.7988665103912
3454,23,66,439406,128,4.54015588760376,4.142383098602295,3.9568569660186768,0.20869414508342743,0.001,522.9382464885712
3455,23,67,439534,128,4.015185832977295,3.640442132949829,3.728724241256714,0.1871093362569809,0.001,523.0785267353058
3456,23,68,439662,128,4.777548313140869,4.392153739929199,3.8316028118133545,0.22344833612442017,0.001,523.2213566303253
3457,23,69,439790,128,4.074897766113281,3.7020645141601562,3.707167625427246,0.21165291965007782,0.001,523.3620684146881
3458,23,70,439918,128,4.459993362426758,4.070173740386963,3.873077869415283,0.25121280550956726,0.001,523.8452763557434
3459,23,71,440046,128,4.931461334228516,4.531723976135254,3.975283145904541,0.22092387080192566,0.001,523.9868652820587
3460,23,72,440174,128,3.886606454849243,3.477879524230957,4.0606865882873535,0.2658405303955078,0.001,524.1297430992126
3461,23,73,440302,128,4.828147888183594,4.400746822357178,4.252294540405273,0.21714116632938385,0.001,524.2722475528717
3462,23,74,440430,128,4.053878307342529,3.63769793510437,4.140895366668701,0.2090919017791748,0.001,524.4188854694366
3463,23,75,440558,128,4.16415548324585,3.765425443649292,3.9696998596191406,0.17599064111709595,0.001,524.5612790584564
3464,23,76,440686,128,4.759081840515137,4.354520797729492,4.027674674987793,0.17932958900928497,0.001,524.704797744751
3465,23,77,440814,128,4.800792217254639,4.383528709411621,4.150933265686035,0.21698735654354095,0.001,524.8464615345001
3466,23,78,440942,128,4.531564235687256,4.109697341918945,4.1984710693359375,0.20198607444763184,0.001,524.9884960651398
3467,23,79,441070,128,4.617153644561768,4.220335483551025,3.939700126647949,0.2848368287086487,0.001,525.1311028003693
3468,23,80,441198,128,5.160937786102295,4.767632961273193,3.9069576263427734,0.2609117329120636,0.001,525.2722325325012
3469,23,81,441326,128,5.625627040863037,5.254063606262207,3.6956822872161865,0.19952501356601715,0.001,525.4126169681549
3470,23,82,441454,128,5.806725025177002,5.419923782348633,3.843752384185791,0.24259719252586365,0.001,525.555205821991
3471,23,83,441582,128,4.691972255706787,4.296171188354492,3.938807249069214,0.19202619791030884,0.001,525.6964852809906
3472,23,84,441710,128,6.021547317504883,5.6218085289001465,3.9756689071655273,0.2172001600265503,0.001,525.8376626968384
3473,23,85,441838,128,4.721993446350098,4.312288284301758,4.0791015625,0.17947234213352203,0.001,525.9781503677368
3474,23,86,441966,128,4.178295135498047,3.7820351123809814,3.938112497329712,0.24487291276454926,0.001,526.1204500198364
3475,23,87,442094,128,4.610853672027588,4.200657367706299,4.082768440246582,0.19194942712783813,0.001,526.2616510391235
3476,23,88,442222,128,4.3861846923828125,3.973335027694702,4.109158992767334,0.19336116313934326,0.001,526.4010260105133
3477,23,89,442350,128,3.4094860553741455,3.0195305347442627,3.8795759677886963,0.1997990906238556,0.001,526.5419006347656
3478,23,90,442478,128,4.261984825134277,3.8668570518493652,3.9299583435058594,0.2131851315498352,0.001,526.6823117733002
3479,23,91,442606,128,5.653811931610107,5.238925933837891,4.128349304199219,0.20508667826652527,0.001,526.8224277496338
3480,23,92,442734,128,4.916628360748291,4.5209760665893555,3.9332473278045654,0.23272445797920227,0.001,526.9630382061005
3481,23,93,442862,128,5.678684711456299,5.299668312072754,3.765045642852783,0.2512189745903015,0.001,527.1085088253021
3482,23,94,442990,128,3.9434754848480225,3.5285332202911377,4.1286444664001465,0.20777729153633118,0.001,527.2498366832733
3483,23,95,443118,128,5.213104248046875,4.810478687286377,4.008355140686035,0.17899665236473083,0.001,527.3915042877197
3484,23,96,443246,128,2.852760076522827,2.438232898712158,4.1228437423706055,0.22428977489471436,0.001,527.5325949192047
3485,23,97,443374,128,4.178655624389648,3.7806644439697266,3.9638688564300537,0.1604238897562027,0.001,527.6723878383636
3486,23,98,443502,128,5.113962650299072,4.71580171585083,3.963921308517456,0.1768411546945572,0.001,527.8117437362671
3487,23,99,443630,128,5.121906280517578,4.7528557777404785,3.6719396114349365,0.18565534055233002,0.001,527.9526889324188
3488,23,100,443758,128,3.8601267337799072,3.4466781616210938,4.11049222946167,0.23995503783226013,0.001,528.0950989723206
3489,23,101,443886,128,3.826049327850342,3.4279117584228516,3.9599320888519287,0.21444159746170044,0.001,528.2367272377014
3490,23,102,444014,128,4.38439416885376,3.9640958309173584,4.1834282875061035,0.19557052850723267,0.001,528.3777120113373
3491,23,103,444142,128,3.435687303543091,3.025474786758423,4.079866409301758,0.22259415686130524,0.001,528.5192153453827
3492,23,104,444270,128,4.395843982696533,3.9958925247192383,3.976020097732544,0.23495063185691833,0.001,528.6616988182068
3493,23,105,444398,128,3.632863998413086,3.201282024383545,4.291162014007568,0.24656067788600922,0.001,528.8048250675201
3494,23,106,444526,128,4.844878196716309,4.4654541015625,3.772552967071533,0.21684376895427704,0.001,528.946035861969
3495,23,107,444654,128,3.7062318325042725,3.337747097015381,3.66153621673584,0.23310931026935577,0.001,529.0882241725922
3496,23,108,444782,128,4.52007532119751,4.129889011383057,3.8806962966918945,0.21165122091770172,0.001,529.2294299602509
3497,23,109,444910,128,6.458897113800049,6.0608320236206055,3.9602279663085938,0.20424464344978333,0.001,529.3713030815125
3498,23,110,445038,128,4.791355609893799,4.367887020111084,4.212523937225342,0.22162845730781555,0.001,529.5130558013916
3499,23,111,445166,128,4.428528308868408,3.985599994659424,4.409733772277832,0.19551129639148712,0.001,529.6554281711578
3500,23,112,445294,128,5.60587215423584,5.165301322937012,4.38380241394043,0.21903707087039948,0.001,529.7972958087921
3501,23,113,445422,128,4.8574628829956055,4.449990749359131,4.054538249969482,0.2018214762210846,0.001,529.939614534378
3502,23,114,445550,128,5.490584373474121,5.055010795593262,4.334249019622803,0.21487750113010406,0.001,530.0822322368622
3503,23,115,445678,128,4.285751819610596,3.8709113597869873,4.125123023986816,0.23283988237380981,0.001,530.2250506877899
3504,23,116,445806,128,5.374994277954102,4.946384429931641,4.262135028839111,0.23967981338500977,0.001,530.3673202991486
3505,23,117,445934,128,4.429684638977051,4.046685218811035,3.8088109493255615,0.21182627975940704,0.001,530.5092351436615
3506,23,118,446062,128,6.449675559997559,6.061117649078369,3.861802339553833,0.23774467408657074,0.001,530.6518914699554
3507,23,119,446190,128,6.321927547454834,5.934072017669678,3.848405122756958,0.3015173375606537,0.001,530.7928206920624
3508,23,120,446318,128,3.6118650436401367,3.2332489490509033,3.7627928256988525,0.23366233706474304,0.001,530.9330668449402
3509,23,121,446446,128,5.138448238372803,4.728394031524658,4.073534965515137,0.2700583040714264,0.001,531.0762455463409
3510,23,122,446574,128,4.406344413757324,3.993446111679077,4.106213092803955,0.22769895195960999,0.001,531.2188839912415
3511,23,123,446702,128,4.559484481811523,4.118765354156494,4.3859357833862305,0.2125592827796936,0.001,531.3611371517181
3512,23,124,446830,128,4.075016975402832,3.652907609939575,4.201128005981445,0.19962964951992035,0.001,531.5041017532349
3513,23,125,446958,128,3.818676710128784,3.3701138496398926,4.462121486663818,0.23508232831954956,0.001,531.6464235782623
3514,23,126,447086,128,4.023881435394287,3.6393470764160156,3.824246644973755,0.2109440118074417,0.001,531.7889959812164
3515,23,127,447214,128,3.3521676063537598,2.9371862411499023,4.126023292541504,0.237893745303154,0.001,531.9299266338348
3516,23,128,447342,128,3.7261126041412354,3.3135781288146973,4.098474979400635,0.26870813965797424,0.001,532.073842048645
3517,23,129,447470,128,4.727429389953613,4.341766357421875,3.834681272506714,0.21948249638080597,0.001,532.2150421142578
3518,23,130,447598,128,5.54515266418457,5.173038959503174,3.697528600692749,0.2360619455575943,0.001,532.3562829494476
3519,23,131,447726,128,5.717371463775635,5.344657897949219,3.706679105758667,0.2045549750328064,0.001,532.4981641769409
3520,23,132,447854,128,3.044649362564087,2.64886212348938,3.93245530128479,0.2541681230068207,0.001,532.6417715549469
3521,23,133,447982,128,4.690378189086914,4.296718597412109,3.914870023727417,0.217268705368042,0.001,532.7825930118561
3522,23,134,448110,128,4.111001968383789,3.6960277557373047,4.121724605560303,0.28019511699676514,0.001,532.9234666824341
3523,23,135,448238,128,4.906735897064209,4.489465713500977,4.1500325202941895,0.22668318450450897,0.001,533.0653822422028
3524,23,136,448366,128,5.105617046356201,4.6951518058776855,4.0817179679870605,0.2293681502342224,0.001,533.2085056304932
3525,23,137,448494,128,3.6685128211975098,3.2568416595458984,4.092569351196289,0.24143414199352264,0.001,533.3480529785156
3526,23,138,448622,128,3.8545868396759033,3.435035467147827,4.1691813468933105,0.26333487033843994,0.001,533.4874269962311
3527,23,139,448750,128,4.09051513671875,3.66477108001709,4.231222629547119,0.26217949390411377,0.001,533.627771615982
3528,23,140,448878,128,4.887853145599365,4.459258079528809,4.263596534729004,0.2235174924135208,0.001,533.7675573825836
3529,23,141,449006,128,5.005422592163086,4.569631576538086,4.332269191741943,0.25639668107032776,0.001,533.907999753952
3530,23,142,449134,128,4.779577255249023,4.390149116516113,3.868295907974243,0.25985923409461975,0.001,534.0514278411865
3531,23,143,449262,128,3.3329997062683105,2.9322400093078613,3.985193967819214,0.2240174114704132,0.001,534.1915574073792
3532,23,144,449390,128,4.519232749938965,4.130558490753174,3.8658416271209717,0.20900443196296692,0.001,534.3332951068878
3533,23,145,449518,128,5.6560587882995605,5.263137340545654,3.9068751335144043,0.22339831292629242,0.001,534.4739935398102
3534,23,146,449646,128,3.7912018299102783,3.4033613204956055,3.8571629524230957,0.21242612600326538,0.001,534.6170089244843
3535,23,147,449774,128,6.054599761962891,5.606538772583008,4.454376220703125,0.26235058903694153,0.001,534.7592840194702
3536,23,148,449902,128,5.573017120361328,5.136389255523682,4.341315269470215,0.24963387846946716,0.001,534.9015266895294
3537,23,149,450030,128,5.878366947174072,5.43195915222168,4.442444324493408,0.21635310351848602,0.001,535.044830083847
3538,23,150,450158,128,4.294389247894287,3.880655527114868,4.11883544921875,0.1849985271692276,0.001,535.1882050037384
3539,23,151,450286,128,3.884298801422119,3.4615180492401123,4.207573413848877,0.20234240591526031,0.001,535.3294901847839
3540,23,152,450414,128,4.719699859619141,4.3032660484313965,4.141862869262695,0.22475428879261017,0.001,535.4706656932831
3541,23,153,450542,128,4.230036735534668,3.8037314414978027,4.242082595825195,0.20970365405082703,0.001,535.6108746528625
3542,23,154,450547,5,4.2090020179748535,3.8083231449127197,3.9904630184173584,0.16325940191745758,0.001,535.7489705085754
3543,24,1,450675,128,3.5665299892425537,3.179469347000122,3.847743511199951,0.22861766815185547,0.001,537.2524490356445
3544,24,2,450803,128,3.948873519897461,3.5575249195098877,3.8931214809417725,0.20366507768630981,0.001,537.3914480209351
3545,24,3,450931,128,3.4849443435668945,3.0782878398895264,4.045688152313232,0.20875294506549835,0.001,537.5321726799011
3546,24,4,451059,128,4.106390953063965,3.705173969268799,3.9939353466033936,0.1823590099811554,0.001,537.6746113300323
3547,24,5,451187,128,4.150144577026367,3.733320713043213,4.143715858459473,0.24522297084331512,0.001,537.8152401447296
3548,24,6,451315,128,5.491447925567627,5.073760032653809,4.155923843383789,0.20959126949310303,0.001,537.9561126232147
3549,24,7,451443,128,3.881556510925293,3.5131185054779053,3.6616814136505127,0.2269723117351532,0.001,538.0982854366302
3550,24,8,451571,128,2.8459203243255615,2.454822540283203,3.8928587436676025,0.1811884641647339,0.001,538.2366652488708
3551,24,9,451699,128,5.028604984283447,4.619933605194092,4.064423561096191,0.22292037308216095,0.001,538.3747026920319
3552,24,10,451827,128,5.204953670501709,4.778927803039551,4.233193397521973,0.2706734538078308,0.001,538.5167741775513
3553,24,11,451955,128,4.209665298461914,3.8151402473449707,3.9208977222442627,0.24353231489658356,0.001,538.6577868461609
3554,24,12,452083,128,4.691270351409912,4.283934116363525,4.050807476043701,0.22554129362106323,0.001,538.7991726398468
3555,24,13,452211,128,3.672086000442505,3.251296281814575,4.183842182159424,0.24054603278636932,0.001,538.9414250850677
3556,24,14,452339,128,3.6233861446380615,3.2099249362945557,4.114874839782715,0.19735664129257202,0.001,539.0828368663788
3557,24,15,452467,128,3.750028610229492,3.340461254119873,4.07082462310791,0.24848593771457672,0.001,539.2305414676666
3558,24,16,452595,128,5.452419281005859,5.049546241760254,4.00638484954834,0.22343924641609192,0.001,539.3709018230438
3559,24,17,452723,128,3.840532064437866,3.440768241882324,3.977851390838623,0.19785505533218384,0.001,539.5115385055542
3560,24,18,452851,128,3.0298614501953125,2.6288554668426514,3.9886960983276367,0.21364733576774597,0.001,539.6528177261353
3561,24,19,452979,128,5.018064022064209,4.614538192749023,4.012584209442139,0.22671648859977722,0.001,539.7918872833252
3562,24,20,453107,128,4.626423358917236,4.213303089141846,4.104565620422363,0.2663712501525879,0.001,539.9349462985992
3563,24,21,453235,128,3.9327847957611084,3.5244762897491455,4.060500621795654,0.22584819793701172,0.001,540.0779407024384
3564,24,22,453363,128,3.830209970474243,3.4309353828430176,3.9710426330566406,0.21704211831092834,0.001,540.2208619117737
3565,24,23,453491,128,5.645443916320801,5.225703239440918,4.174656867980957,0.22749629616737366,0.001,540.361878156662
3566,24,24,453619,128,5.412562847137451,4.963013172149658,4.470766544342041,0.2472747564315796,0.001,540.4994051456451
3567,24,25,453747,128,4.939111232757568,4.513754367828369,4.233470916748047,0.2009984850883484,0.001,540.6448874473572
3568,24,26,453875,128,3.8977439403533936,3.4690492153167725,4.268599033355713,0.1834922879934311,0.001,540.7872354984283
3569,24,27,454003,128,4.076935768127441,3.674734354019165,3.999459743499756,0.22552326321601868,0.001,540.9289855957031
3570,24,28,454131,128,7.2798967361450195,6.850163459777832,4.274977207183838,0.22354182600975037,0.001,541.0725898742676
3571,24,29,454259,128,5.8498005867004395,5.4602508544921875,3.8724846839904785,0.23010237514972687,0.001,541.2145166397095
3572,24,30,454387,128,5.820333480834961,5.439292907714844,3.7849626541137695,0.2544468641281128,0.001,541.3561475276947
3573,24,31,454515,128,3.792011260986328,3.4092555046081543,3.803864002227783,0.2369338423013687,0.001,541.4992687702179
3574,24,32,454643,128,5.618736743927002,5.233270645141602,3.830585479736328,0.2407689094543457,0.001,541.6421549320221
3575,24,33,454771,128,4.561741352081299,4.158798694610596,4.009315490722656,0.2011471837759018,0.001,541.7829446792603
3576,24,34,454899,128,5.28849983215332,4.8734331130981445,4.131025314331055,0.19639775156974792,0.001,541.9239459037781
3577,24,35,455027,128,4.034101486206055,3.6308631896972656,4.012966632843018,0.19418056309223175,0.001,542.0674679279327
3578,24,36,455155,128,3.691274642944336,3.2742292881011963,4.15047025680542,0.19984103739261627,0.001,542.2110183238983
3579,24,37,455283,128,5.18409538269043,4.76906681060791,4.131143569946289,0.19141574203968048,0.001,542.3532884120941
3580,24,38,455411,128,4.32196044921875,3.929060220718384,3.908331871032715,0.20671764016151428,0.001,542.4961247444153
3581,24,39,455539,128,4.885711193084717,4.4926300048828125,3.910675525665283,0.20136253535747528,0.001,542.6400458812714
3582,24,40,455667,128,4.345949172973633,3.9181363582611084,4.255598068237305,0.22531642019748688,0.001,542.7818100452423
3583,24,41,455795,128,3.6812636852264404,3.2783102989196777,4.005143165588379,0.24389232695102692,0.001,542.921792268753
3584,24,42,455923,128,4.417675018310547,4.0202836990356445,3.9531097412109375,0.20803050696849823,0.001,543.0619332790375
3585,24,43,456051,128,4.5984392166137695,4.200841903686523,3.951413154602051,0.24560455977916718,0.001,543.2014636993408
3586,24,44,456179,128,3.9479875564575195,3.5713605880737305,3.7459259033203125,0.2034541815519333,0.001,543.3412184715271
3587,24,45,456307,128,5.7062602043151855,5.281463623046875,4.222090721130371,0.25874945521354675,0.001,543.48455286026
3588,24,46,456435,128,4.946203708648682,4.5449676513671875,3.9858086109161377,0.265501469373703,0.001,543.6301069259644
3589,24,47,456563,128,4.492051124572754,4.069900035858154,4.199734210968018,0.21778415143489838,0.001,543.7725291252136
3590,24,48,456691,128,4.517561435699463,4.09843111038208,4.1737542152404785,0.17545484006404877,0.001,543.9148516654968
3591,24,49,456819,128,4.83657693862915,4.402446269989014,4.322634696960449,0.18672320246696472,0.001,544.0582206249237
3592,24,50,456947,128,3.7352516651153564,3.309568405151367,4.237778663635254,0.1905326098203659,0.001,544.2034068107605
3593,24,51,457075,128,4.409792900085449,3.98274564743042,4.250617980957031,0.19857355952262878,0.001,544.344979763031
3594,24,52,457203,128,4.391462802886963,4.004500865936279,3.8472344875335693,0.2238365113735199,0.001,544.4868791103363
3595,24,53,457331,128,4.660434722900391,4.257105350494385,4.011318683624268,0.2197166234254837,0.001,544.6290521621704
3596,24,54,457459,128,3.998830795288086,3.6075778007507324,3.887637138366699,0.2489272952079773,0.001,544.7715499401093
3597,24,55,457587,128,3.545762538909912,3.124950408935547,4.184283256530762,0.2383795827627182,0.001,544.9139924049377
3598,24,56,457715,128,3.364452838897705,2.968547821044922,3.9348716735839844,0.24178045988082886,0.001,545.0574526786804
3599,24,57,457843,128,4.754607677459717,4.350632667541504,4.017605304718018,0.22146159410476685,0.001,545.1997244358063
3600,24,58,457971,128,5.20219612121582,4.7865681648254395,4.133228778839111,0.23049132525920868,0.001,545.3427312374115
3601,24,59,458099,128,3.7629754543304443,3.360074281692505,4.008649826049805,0.20361852645874023,0.001,545.4855630397797
3602,24,60,458227,128,5.179660797119141,4.759729862213135,4.176513671875,0.22796449065208435,0.001,545.6295206546783
3603,24,61,458355,128,4.210931301116943,3.7943835258483887,4.145989418029785,0.19487033784389496,0.001,545.7738635540009
3604,24,62,458483,128,3.65794038772583,3.255028247833252,4.006753444671631,0.22369204461574554,0.001,545.9143011569977
3605,24,63,458611,128,4.584521770477295,4.151321887969971,4.307797908782959,0.24201440811157227,0.001,546.0635943412781
3606,24,64,458739,128,3.5406031608581543,3.139192581176758,3.9883885383605957,0.2571828067302704,0.001,546.2081203460693
3607,24,65,458867,128,5.585577487945557,5.174979209899902,4.079604625701904,0.263765811920166,0.001,546.3452823162079
3608,24,66,458995,128,4.064398288726807,3.666642427444458,3.9533352851867676,0.24223732948303223,0.001,546.4909751415253
3609,24,67,459123,128,3.5541415214538574,3.146944761276245,4.047183513641357,0.24782471358776093,0.001,546.6325023174286
3610,24,68,459251,128,4.040487766265869,3.6357123851776123,4.027027606964111,0.20729681849479675,0.001,546.7707691192627
3611,24,69,459379,128,2.975440263748169,2.5669009685516357,4.064288139343262,0.21103908121585846,0.001,546.9141840934753
3612,24,70,459507,128,3.449192762374878,3.0378198623657227,4.08987283706665,0.2385602444410324,0.001,547.0568494796753
3613,24,71,459635,128,4.095127582550049,3.695631504058838,3.974567174911499,0.2039664089679718,0.001,547.2056694030762
3614,24,72,459763,128,5.189011096954346,4.8129072189331055,3.738786458969116,0.2225235551595688,0.001,547.3449416160583
3615,24,73,459891,128,5.83149528503418,5.427929878234863,4.015861511230469,0.1979207545518875,0.001,547.4857099056244
3616,24,74,460019,128,4.8444366455078125,4.418576717376709,4.232319355010986,0.26280832290649414,0.001,547.6321098804474
3617,24,75,460147,128,3.741786479949951,3.317927598953247,4.215538024902344,0.23049193620681763,0.001,547.7717578411102
3618,24,76,460275,128,5.259762763977051,4.806405544281006,4.509550094604492,0.2402222454547882,0.001,547.9108262062073
3619,24,77,460403,128,4.0293192863464355,3.618177652359009,4.0880937576293945,0.233233243227005,0.001,548.0550003051758
3620,24,78,460531,128,3.7143666744232178,3.306880474090576,4.05204963684082,0.22811640799045563,0.001,548.2057163715363
3621,24,79,460659,128,5.254512310028076,4.80618953704834,4.458397388458252,0.24830514192581177,0.001,548.3466248512268
3622,24,80,460787,128,3.5921390056610107,3.1936769485473633,3.956400156021118,0.2822113037109375,0.001,548.4873077869415
3623,24,81,460915,128,5.161386489868164,4.745779514312744,4.134922504425049,0.21145877242088318,0.001,548.633252620697
3624,24,82,461043,128,3.8760156631469727,3.4411234855651855,4.321657180786133,0.272659033536911,0.001,548.7718634605408
3625,24,83,461171,128,5.038773059844971,4.6325578689575195,4.033974647521973,0.28178146481513977,0.001,548.91153383255
3626,24,84,461299,128,4.248091697692871,3.8077032566070557,4.37691593170166,0.2697044014930725,0.001,549.0543885231018
3627,24,85,461427,128,4.681697845458984,4.2556610107421875,4.234992980957031,0.2537647485733032,0.001,549.1967594623566
3628,24,86,461555,128,3.9872405529022217,3.574052333831787,4.106888771057129,0.2499319463968277,0.001,549.3398153781891
3629,24,87,461683,128,5.211728572845459,4.781785011291504,4.270445346832275,0.289919376373291,0.001,549.4782993793488
3630,24,88,461811,128,4.218695163726807,3.8168938159942627,3.9898016452789307,0.28207457065582275,0.001,549.62375831604
3631,24,89,461939,128,4.514708042144775,4.097670555114746,4.145053386688232,0.2532212734222412,0.001,549.7668588161469
3632,24,90,462067,128,4.4360785484313965,4.006861686706543,4.270500659942627,0.2166687697172165,0.001,549.9118995666504
3633,24,91,462195,128,5.228860855102539,4.814805030822754,4.1164679527282715,0.24090775847434998,0.001,550.0549108982086
3634,24,92,462323,128,5.562286376953125,5.149752616882324,4.104755878448486,0.20580166578292847,0.001,550.1983704566956
3635,24,93,462451,128,3.8679144382476807,3.442089796066284,4.234144687652588,0.2410283237695694,0.001,550.3402466773987
3636,24,94,462579,128,3.917736291885376,3.4831366539001465,4.320742130279541,0.2525371015071869,0.001,550.4809677600861
3637,24,95,462707,128,3.6861586570739746,3.282735586166382,4.014216899871826,0.20012003183364868,0.001,550.6235315799713
3638,24,96,462835,128,3.3957724571228027,2.979724168777466,4.133417129516602,0.27064162492752075,0.001,550.764594078064
3639,24,97,462963,128,4.670557498931885,4.272090911865234,3.9594836235046387,0.2518279552459717,0.001,550.9035608768463
3640,24,98,463091,128,4.0907793045043945,3.7184553146362305,3.7005114555358887,0.2272818386554718,0.001,551.0443773269653
3641,24,99,463219,128,4.246128559112549,3.8433070182800293,4.001251220703125,0.2696378529071808,0.001,551.1838965415955
3642,24,100,463347,128,4.191174030303955,3.8237390518188477,3.65012264251709,0.2422632873058319,0.001,551.3246831893921
3643,24,101,463475,128,3.4326233863830566,3.0177745819091797,4.124204635620117,0.24283504486083984,0.001,551.4646894931793
3644,24,102,463603,128,3.177854061126709,2.7627618312835693,4.127901077270508,0.23021619021892548,0.001,551.6068720817566
3645,24,103,463731,128,4.187679767608643,3.795830011367798,3.8984694480895996,0.20028544962406158,0.001,551.7484867572784
3646,24,104,463859,128,4.036405563354492,3.6221351623535156,4.117203712463379,0.25501301884651184,0.001,551.888721704483
3647,24,105,463987,128,4.899132251739502,4.496350288391113,4.00766658782959,0.2014937549829483,0.001,552.0318329334259
3648,24,106,464115,128,5.087455749511719,4.645491600036621,4.397572994232178,0.22067025303840637,0.001,552.1718816757202
3649,24,107,464243,128,3.8553378582000732,3.437370538711548,4.158805847167969,0.20866380631923676,0.001,552.3105192184448
3650,24,108,464371,128,3.6745049953460693,3.2561824321746826,4.161479473114014,0.21746835112571716,0.001,552.4524793624878
3651,24,109,464499,128,3.232212543487549,2.823484182357788,4.067450046539307,0.19833163917064667,0.001,552.5937736034393
3652,24,110,464627,128,3.3019766807556152,2.9118142127990723,3.879702091217041,0.2192183881998062,0.001,552.7351021766663
3653,24,111,464755,128,4.673188209533691,4.281759262084961,3.8885490894317627,0.2573806345462799,0.001,552.8740656375885
3654,24,112,464883,128,4.315058708190918,3.9266788959503174,3.859598398208618,0.24201560020446777,0.001,553.0133156776428
3655,24,113,465011,128,3.683211326599121,3.2483954429626465,4.326712131500244,0.21445560455322266,0.001,553.1561634540558
3656,24,114,465139,128,3.608595371246338,3.2119548320770264,3.9479384422302246,0.1846885085105896,0.001,553.2975935935974
3657,24,115,465267,128,4.0820231437683105,3.6573407649993896,4.227102756500244,0.1972031593322754,0.001,553.4373152256012
3658,24,116,465395,128,4.625422477722168,4.199038982391357,4.241247177124023,0.2258545309305191,0.001,553.5779724121094
3659,24,117,465523,128,3.436821937561035,3.026984930038452,4.077521324157715,0.20850196480751038,0.001,553.7191479206085
3660,24,118,465651,128,4.286047458648682,3.892893075942993,3.9087066650390625,0.22835208475589752,0.001,553.8615539073944
3661,24,119,465779,128,4.288143634796143,3.8974668979644775,3.8828985691070557,0.23870505392551422,0.001,554.0021193027496
3662,24,120,465907,128,5.505375862121582,5.087287425994873,4.158923625946045,0.2196384221315384,0.001,554.1446738243103
3663,24,121,466035,128,5.035881996154785,4.663607120513916,3.6976256370544434,0.25126469135284424,0.001,554.286280632019
3664,24,122,466163,128,4.093204498291016,3.689175844192505,4.019325256347656,0.20963580906391144,0.001,554.4325323104858
3665,24,123,466291,128,4.67473840713501,4.2768635749816895,3.95297908782959,0.2576960027217865,0.001,554.5745236873627
3666,24,124,466419,128,5.222177028656006,4.789141654968262,4.305540561676025,0.24813655018806458,0.001,554.7153544425964
3667,24,125,466547,128,5.662351131439209,5.232428550720215,4.2769670486450195,0.22258563339710236,0.001,554.8545019626617
3668,24,126,466675,128,3.604363203048706,3.1976940631866455,4.04618501663208,0.20506423711776733,0.001,554.9991540908813
3669,24,127,466803,128,4.0638580322265625,3.6315548419952393,4.300638198852539,0.2239043414592743,0.001,555.1424403190613
3670,24,128,466931,128,3.8068034648895264,3.409822463989258,3.9446208477020264,0.25189894437789917,0.001,555.2834601402283
3671,24,129,467059,128,5.839140892028809,5.432853698730469,4.038741588592529,0.24128584563732147,0.001,555.4219534397125
3672,24,130,467187,128,4.416845321655273,4.006875514984131,4.0788493156433105,0.20846879482269287,0.001,555.564843416214
3673,24,131,467315,128,4.047579288482666,3.668905019760132,3.7640295028686523,0.22713711857795715,0.001,555.7082395553589
3674,24,132,467443,128,4.404043674468994,4.000324726104736,4.014217853546143,0.22969406843185425,0.001,555.8499271869659
3675,24,133,467571,128,5.006644248962402,4.586314678192139,4.182041645050049,0.21251064538955688,0.001,555.9918529987335
3676,24,134,467699,128,4.68742036819458,4.287319183349609,3.9804747104644775,0.20538240671157837,0.001,556.1328403949738
3677,24,135,467827,128,4.131265163421631,3.7464044094085693,3.825826406478882,0.22784511744976044,0.001,556.2727615833282
3678,24,136,467955,128,4.378572940826416,3.9835431575775146,3.9284801483154297,0.21817080676555634,0.001,556.4120757579803
3679,24,137,468083,128,4.6459879875183105,4.25024938583374,3.9332704544067383,0.24113787710666656,0.001,556.5536637306213
3680,24,138,468211,128,4.473788261413574,4.064245700836182,4.073198318481445,0.22226743400096893,0.001,556.6935715675354
3681,24,139,468339,128,3.24941349029541,2.8356006145477295,4.116796493530273,0.21331657469272614,0.001,556.8337943553925
3682,24,140,468467,128,3.8210105895996094,3.388023853302002,4.312501907348633,0.17366178333759308,0.001,556.9733519554138
3683,24,141,468595,128,3.9805774688720703,3.5548884868621826,4.235762119293213,0.21129144728183746,0.001,557.4550354480743
3684,24,142,468723,128,4.091553211212158,3.6602847576141357,4.289260387420654,0.23420922458171844,0.001,557.5958440303802
3685,24,143,468851,128,3.7757976055145264,3.3880932331085205,3.852386951446533,0.24656888842582703,0.001,557.7358345985413
3686,24,144,468979,128,4.23750114440918,3.8212785720825195,4.1418137550354,0.20413051545619965,0.001,557.8754372596741
3687,24,145,469107,128,3.094118356704712,2.727173089981079,3.6484596729278564,0.20992247760295868,0.001,558.0163640975952
3688,24,146,469235,128,3.1445682048797607,2.746025323867798,3.9594480991363525,0.25979578495025635,0.001,558.158988237381
3689,24,147,469363,128,5.023196220397949,4.615182876586914,4.05905818939209,0.2107481211423874,0.001,558.2982754707336
3690,24,148,469491,128,4.302305698394775,3.8814587593078613,4.181520462036133,0.2694873511791229,0.001,558.439700126648
3691,24,149,469619,128,4.492371559143066,4.06293249130249,4.2717132568359375,0.2267630398273468,0.001,558.5800061225891
3692,24,150,469747,128,3.9227428436279297,3.498897075653076,4.211483001708984,0.2697547674179077,0.001,558.7195632457733
3693,24,151,469875,128,4.516278266906738,4.081446170806885,4.324596881866455,0.237220898270607,0.001,558.8595559597015
3694,24,152,470003,128,3.541752815246582,3.1448161602020264,3.944850444793701,0.24515418708324432,0.001,559.0011067390442
3695,24,153,470131,128,5.333872318267822,4.922574996948242,4.088992595672607,0.23978523910045624,0.001,559.1419899463654
3696,24,154,470136,5,4.2808918952941895,3.801353693008423,4.774963855743408,0.20419752597808838,0.001,559.2768726348877
3697,25,1,470264,128,3.625176429748535,3.239945888519287,3.8302438259124756,0.22061660885810852,0.001,560.7849225997925
3698,25,2,470392,128,4.092965126037598,3.6994850635528564,3.9112048149108887,0.2359309196472168,0.001,560.9272015094757
3699,25,3,470520,128,4.2497382164001465,3.8306050300598145,4.16918420791626,0.22149521112442017,0.001,561.0695753097534
3700,25,4,470648,128,4.422459602355957,4.006714820861816,4.133788108825684,0.23660898208618164,0.001,561.2162370681763
3701,25,5,470776,128,3.13881778717041,2.723309278488159,4.133255481719971,0.21829025447368622,0.001,561.3574197292328
3702,25,6,470904,128,4.184371471405029,3.7694308757781982,4.130276203155518,0.19131475687026978,0.001,561.4997942447662
3703,25,7,471032,128,4.045748233795166,3.6097538471221924,4.339920997619629,0.2002040445804596,0.001,561.6412570476532
3704,25,8,471160,128,5.462107181549072,5.052308559417725,4.074857711791992,0.23125091195106506,0.001,561.7837784290314
3705,25,9,471288,128,4.140143871307373,3.750408887863159,3.8774309158325195,0.19917133450508118,0.001,561.9320211410522
3706,25,10,471416,128,4.02952766418457,3.592041492462158,4.344820499420166,0.30040115118026733,0.001,562.0751056671143
3707,25,11,471544,128,4.2051615715026855,3.8120360374450684,3.9075286388397217,0.2372913360595703,0.001,562.2175436019897
3708,25,12,471672,128,3.969439744949341,3.580298662185669,3.8673527240753174,0.24058543145656586,0.001,562.3591766357422
3709,25,13,471800,128,3.854872226715088,3.4735829830169678,3.790703058242798,0.2218933403491974,0.001,562.5028357505798
3710,25,14,471928,128,4.206921577453613,3.794093132019043,4.104683876037598,0.2359800785779953,0.001,562.6446976661682
3711,25,15,472056,128,4.692220687866211,4.27677059173584,4.127695560455322,0.2680792808532715,0.001,562.7849118709564
3712,25,16,472184,128,4.311155796051025,3.904001474380493,4.047475337982178,0.2406478375196457,0.001,562.9248015880585
3713,25,17,472312,128,3.9409408569335938,3.5130655765533447,4.256280899047852,0.22470876574516296,0.001,563.0675654411316
3714,25,18,472440,128,4.66188907623291,4.222316265106201,4.371310234069824,0.24417176842689514,0.001,563.2082989215851
3715,25,19,472568,128,4.527622222900391,4.123898983001709,4.014831066131592,0.22401516139507294,0.001,563.3500113487244
3716,25,20,472696,128,4.011935234069824,3.5926103591918945,4.169643878936768,0.23601368069648743,0.001,563.4962079524994
3717,25,21,472824,128,3.9640390872955322,3.5502936840057373,4.11168098449707,0.2577301561832428,0.001,563.6397128105164
3718,25,22,472952,128,5.527169227600098,5.122878551483154,4.020310878753662,0.22595727443695068,0.001,563.78195977211
3719,25,23,473080,128,5.543405532836914,5.170502185821533,3.7074389457702637,0.21595393121242523,0.001,563.9247875213623
3720,25,24,473208,128,3.9846575260162354,3.6107382774353027,3.716942548751831,0.2224918156862259,0.001,564.0686643123627
3721,25,25,473336,128,4.317802906036377,3.9469451904296875,3.689354658126831,0.19220829010009766,0.001,564.2093522548676
3722,25,26,473464,128,4.375049114227295,3.9476916790008545,4.247788429260254,0.25788938999176025,0.001,564.3518586158752
3723,25,27,473592,128,4.8242363929748535,4.404878616333008,4.169048309326172,0.24526561796665192,0.001,564.4935550689697
3724,25,28,473720,128,3.5309853553771973,3.122109889984131,4.065788269042969,0.22966153919696808,0.001,564.6373844146729
3725,25,29,473848,128,4.0417070388793945,3.6109399795532227,4.286255836486816,0.2141485959291458,0.001,564.7790536880493
3726,25,30,473976,128,4.143266677856445,3.750916004180908,3.9013144969940186,0.22193863987922668,0.001,564.9215168952942
3727,25,31,474104,128,4.149040699005127,3.722188949584961,4.239863395690918,0.286552757024765,0.001,565.063916683197
3728,25,32,474232,128,3.586386203765869,3.17802357673645,4.0598907470703125,0.23735667765140533,0.001,565.2066745758057
3729,25,33,474360,128,3.8585634231567383,3.4600107669830322,3.965871572494507,0.19655244052410126,0.001,565.3491985797882
3730,25,34,474488,128,4.270960330963135,3.862633466720581,4.060266494750977,0.2300073504447937,0.001,565.4913272857666
3731,25,35,474616,128,3.694809675216675,3.2750020027160645,4.1734466552734375,0.24630869925022125,0.001,565.6330192089081
3732,25,36,474744,128,3.4578616619110107,3.0480222702026367,4.076590061187744,0.21803241968154907,0.001,565.772522687912
3733,25,37,474872,128,3.413943290710449,3.0193727016448975,3.9245927333831787,0.21114571392536163,0.001,565.9111642837524
3734,25,38,475000,128,3.534485101699829,3.142040729522705,3.9011974334716797,0.2324695885181427,0.001,566.0514400005341
3735,25,39,475128,128,3.7745327949523926,3.3900294303894043,3.825310468673706,0.19722557067871094,0.001,566.19491147995
3736,25,40,475256,128,3.8752386569976807,3.444727659225464,4.281857967376709,0.2325398176908493,0.001,566.3369147777557
3737,25,41,475384,128,3.686345338821411,3.2753655910491943,4.080345153808594,0.2945140600204468,0.001,566.4793567657471
3738,25,42,475512,128,5.471746444702148,5.070459842681885,3.989563465118408,0.23302893340587616,0.001,566.6206331253052
3739,25,43,475640,128,4.039992332458496,3.6539902687072754,3.837801456451416,0.22219711542129517,0.001,566.7616147994995
3740,25,44,475768,128,6.084650039672852,5.719468593597412,3.63063645362854,0.21177233755588531,0.001,566.9014136791229
3741,25,45,475896,128,4.175680160522461,3.7628796100616455,4.101995944976807,0.26009103655815125,0.001,567.0419409275055
3742,25,46,476024,128,5.009024620056152,4.602079391479492,4.0470075607299805,0.22447022795677185,0.001,567.1824629306793
3743,25,47,476152,128,5.446418285369873,5.022741794586182,4.215299129486084,0.21468688547611237,0.001,567.3223705291748
3744,25,48,476280,128,5.505788803100586,5.039618968963623,4.641036033630371,0.20659488439559937,0.001,567.4655911922455
3745,25,49,476408,128,4.288559436798096,3.8539562225341797,4.323158264160156,0.22875630855560303,0.001,567.6058094501495
3746,25,50,476536,128,4.81496524810791,4.383361339569092,4.29392147064209,0.22117473185062408,0.001,567.7475576400757
3747,25,51,476664,128,4.384800434112549,3.9485301971435547,4.338595867156982,0.24102501571178436,0.001,567.8897993564606
3748,25,52,476792,128,3.133406400680542,2.749729871749878,3.816563129425049,0.20201563835144043,0.001,568.0321893692017
3749,25,53,476920,128,3.04477596282959,2.671619176864624,3.7078428268432617,0.23725128173828125,0.001,568.1754839420319
3750,25,54,477048,128,4.714363098144531,4.32634162902832,3.8561925888061523,0.2402091920375824,0.001,568.3170239925385
3751,25,55,477176,128,4.02073335647583,3.6133995056152344,4.050452709197998,0.22881488502025604,0.001,568.4577059745789
3752,25,56,477304,128,5.019349575042725,4.619077682495117,3.9780125617980957,0.24703025817871094,0.001,568.5985932350159
3753,25,57,477432,128,4.841745853424072,4.427835464477539,4.116523742675781,0.22579802572727203,0.001,568.7392389774323
3754,25,58,477560,128,5.479412078857422,5.058520793914795,4.183473587036133,0.2544028162956238,0.001,568.8808267116547
3755,25,59,477688,128,5.911990642547607,5.476474285125732,4.331259250640869,0.23902574181556702,0.001,569.02246260643
3756,25,60,477816,128,5.540907382965088,5.088383674621582,4.505104064941406,0.2013249546289444,0.001,569.1692471504211
3757,25,61,477944,128,5.262002944946289,4.8137311935424805,4.459076881408691,0.23642580211162567,0.001,569.3103332519531
3758,25,62,478072,128,4.550985813140869,4.115878105163574,4.33079195022583,0.20282365381717682,0.001,569.4522452354431
3759,25,63,478200,128,3.7864937782287598,3.3626210689544678,4.218194961547852,0.20533797144889832,0.001,569.593150138855
3760,25,64,478328,128,4.092312812805176,3.6716816425323486,4.1815009117126465,0.24808509647846222,0.001,569.7331125736237
3761,25,65,478456,128,4.887542724609375,4.4897589683532715,3.951784610748291,0.2605549395084381,0.001,569.8732359409332
3762,25,66,478584,128,3.7529866695404053,3.331324338912964,4.194331645965576,0.2229180932044983,0.001,570.0130150318146
3763,25,67,478712,128,5.484527111053467,5.07927131652832,4.030494689941406,0.22065451741218567,0.001,570.1530270576477
3764,25,68,478840,128,4.060938358306885,3.650137424468994,4.0872297286987305,0.20781846344470978,0.001,570.293785572052
3765,25,69,478968,128,4.647602081298828,4.272790431976318,3.7249162197113037,0.23197685182094574,0.001,570.4340617656708
3766,25,70,479096,128,3.936217784881592,3.533053398132324,4.010819435119629,0.20823203027248383,0.001,570.5793957710266
3767,25,71,479224,128,4.4966888427734375,4.096774578094482,3.9759891033172607,0.2315293848514557,0.001,570.7224514484406
3768,25,72,479352,128,5.022226810455322,4.608456134796143,4.111654758453369,0.26047900319099426,0.001,570.8574624061584
3769,25,73,479480,128,4.886651515960693,4.510706424713135,3.7382092475891113,0.212441548705101,0.001,570.9931347370148
3770,25,74,479608,128,3.6207730770111084,3.2391703128814697,3.7887063026428223,0.27321162819862366,0.001,571.1293025016785
3771,25,75,479736,128,5.073208808898926,4.677917957305908,3.932607889175415,0.20298650860786438,0.001,571.2664141654968
3772,25,76,479864,128,3.5074071884155273,3.0821239948272705,4.228722095489502,0.24108831584453583,0.001,571.4025313854218
3773,25,77,479992,128,4.2656073570251465,3.843498468399048,4.201488494873047,0.19603796303272247,0.001,571.5463643074036
3774,25,78,480120,128,5.311826705932617,4.881350040435791,4.281238079071045,0.23526249825954437,0.001,571.6891496181488
3775,25,79,480248,128,4.577408313751221,4.15248441696167,4.225400924682617,0.23838664591312408,0.001,571.8277988433838
3776,25,80,480376,128,3.865699052810669,3.4568819999694824,4.070544242858887,0.1762646585702896,0.001,571.9660890102386
3777,25,81,480504,128,3.8749852180480957,3.4576635360717773,4.149267196655273,0.23948444426059723,0.001,572.1055521965027
3778,25,82,480632,128,4.797323703765869,4.403148651123047,3.9209775924682617,0.20769497752189636,0.001,572.241637468338
3779,25,83,480760,128,3.986053943634033,3.5769546031951904,4.068782329559326,0.22212111949920654,0.001,572.3806321620941
3780,25,84,480888,128,3.5467233657836914,3.1670477390289307,3.776771068572998,0.19984909892082214,0.001,572.5228645801544
3781,25,85,481016,128,4.674021244049072,4.285898685455322,3.862487316131592,0.18738381564617157,0.001,572.6647264957428
3782,25,86,481144,128,4.333951950073242,3.945502519607544,3.866467237472534,0.18030059337615967,0.001,572.8070604801178
3783,25,87,481272,128,4.041214942932129,3.6297032833099365,4.089807987213135,0.25311487913131714,0.001,572.9494431018829
3784,25,88,481400,128,4.461703777313232,4.0416975021362305,4.175023078918457,0.2503683865070343,0.001,573.0927879810333
3785,25,89,481528,128,3.8038852214813232,3.3965253829956055,4.049356937408447,0.24243159592151642,0.001,573.2356162071228
3786,25,90,481656,128,4.472296237945557,4.064952850341797,4.050037860870361,0.23398751020431519,0.001,573.3736515045166
3787,25,91,481784,128,5.778890609741211,5.352639675140381,4.238335609436035,0.24174781143665314,0.001,573.5144195556641
3788,25,92,481912,128,3.9976303577423096,3.604583501815796,3.908923625946045,0.215463787317276,0.001,573.6553268432617
3789,25,93,482040,128,3.1308250427246094,2.720658779144287,4.074769973754883,0.268947035074234,0.001,573.795783996582
3790,25,94,482168,128,3.2310421466827393,2.787853956222534,4.409637451171875,0.2224356085062027,0.001,573.9386067390442
3791,25,95,482296,128,3.5559911727905273,3.1605594158172607,3.9331464767456055,0.21171042323112488,0.001,574.0818812847137
3792,25,96,482424,128,3.8320934772491455,3.4370899200439453,3.927380084991455,0.2265433520078659,0.001,574.2254269123077
3793,25,97,482552,128,3.8521463871002197,3.4652750492095947,3.8483288288116455,0.20385786890983582,0.001,574.3712487220764
3794,25,98,482680,128,4.344417095184326,3.961165428161621,3.8140571117401123,0.1845601201057434,0.001,574.5129852294922
3795,25,99,482808,128,4.212804317474365,3.825026750564575,3.8592565059661865,0.18520744144916534,0.001,574.6548779010773
3796,25,100,482936,128,4.232632160186768,3.8493974208831787,3.808636426925659,0.2371344268321991,0.001,574.796136379242
3797,25,101,483064,128,5.304582118988037,4.873788833618164,4.283380031585693,0.24554002285003662,0.001,574.9377193450928
3798,25,102,483192,128,4.725966930389404,4.287902355194092,4.357892990112305,0.2275647670030594,0.001,575.0799632072449
3799,25,103,483320,128,3.826373815536499,3.395556926727295,4.2859063148498535,0.22263263165950775,0.001,575.2216222286224
3800,25,104,483448,128,3.861605405807495,3.442692279815674,4.166474342346191,0.22657650709152222,0.001,575.3632929325104
3801,25,105,483576,128,4.331317901611328,3.9062695503234863,4.227652549743652,0.2282969206571579,0.001,575.502388715744
3802,25,106,483704,128,4.728109359741211,4.311470031738281,4.145637512207031,0.20758366584777832,0.001,575.6441297531128
3803,25,107,483832,128,4.368156433105469,3.9287450313568115,4.367877960205078,0.26233863830566406,0.001,575.7835023403168
3804,25,108,483960,128,5.066420555114746,4.655529022216797,4.083907127380371,0.25009089708328247,0.001,575.9233968257904
3805,25,109,484088,128,5.388331890106201,5.004065990447998,3.8198890686035156,0.22766846418380737,0.001,576.0631899833679
3806,25,110,484216,128,5.185250282287598,4.782574653625488,4.0066986083984375,0.20055527985095978,0.001,576.2027134895325
3807,25,111,484344,128,3.878932237625122,3.489133358001709,3.8788812160491943,0.19106905162334442,0.001,576.3427557945251
3808,25,112,484472,128,4.82892370223999,4.403621673583984,4.231701374053955,0.21318009495735168,0.001,576.4833586215973
3809,25,113,484600,128,4.535139560699463,4.088746070861816,4.438729286193848,0.2520524263381958,0.001,576.6237533092499
3810,25,114,484728,128,4.7068705558776855,4.2815375328063965,4.232865333557129,0.20466521382331848,0.001,576.7639243602753
3811,25,115,484856,128,3.9128353595733643,3.4935388565063477,4.171824932098389,0.2114098072052002,0.001,576.9058933258057
3812,25,116,484984,128,4.366382598876953,3.9261813163757324,4.379490375518799,0.22523196041584015,0.001,577.0493686199188
3813,25,117,485112,128,3.9681169986724854,3.5792453289031982,3.8636109828948975,0.2510444223880768,0.001,577.1914529800415
3814,25,118,485240,128,4.645363807678223,4.217685222625732,4.256214618682861,0.20572249591350555,0.001,577.3339896202087
3815,25,119,485368,128,4.88411808013916,4.45965576171875,4.224132061004639,0.2048957645893097,0.001,577.4759657382965
3816,25,120,485496,128,4.7635416984558105,4.369928359985352,3.912648916244507,0.23483914136886597,0.001,577.6209583282471
3817,25,121,485624,128,4.327264308929443,3.904437303543091,4.200312614440918,0.27955183386802673,0.001,577.7653994560242
3818,25,122,485752,128,4.634023189544678,4.193111896514893,4.383248329162598,0.2586559057235718,0.001,577.9074165821075
3819,25,123,485880,128,4.49397087097168,4.064131259918213,4.274325847625732,0.24069686233997345,0.001,578.0501203536987
3820,25,124,486008,128,4.174182415008545,3.751880168914795,4.195822715759277,0.2719705402851105,0.001,578.1923522949219
3821,25,125,486136,128,6.145360946655273,5.75312614440918,3.8905861377716064,0.31759965419769287,0.001,578.334180355072
3822,25,126,486264,128,4.2869181632995605,3.8939788341522217,3.9029595851898193,0.2643640339374542,0.001,578.4729025363922
3823,25,127,486392,128,3.282867908477783,2.8561747074127197,4.238612651824951,0.2832026183605194,0.001,578.6157217025757
3824,25,128,486520,128,3.0825352668762207,2.667607069015503,4.1236395835876465,0.25640907883644104,0.001,578.7562818527222
3825,25,129,486648,128,4.417196273803711,3.988267183303833,4.261054992675781,0.2824022173881531,0.001,578.9057528972626
3826,25,130,486776,128,2.76541805267334,2.3513996601104736,4.118170738220215,0.220143124461174,0.001,579.049738407135
3827,25,131,486904,128,3.679743766784668,3.264772415161133,4.1280622482299805,0.216518834233284,0.001,579.1921339035034
3828,25,132,487032,128,4.369900226593018,3.957920551300049,4.097451686859131,0.22346173226833344,0.001,579.3365676403046
3829,25,133,487160,128,3.5203914642333984,3.1083083152770996,4.095556735992432,0.2527462840080261,0.001,579.4772431850433
3830,25,134,487288,128,3.2837750911712646,2.8961334228515625,3.852738618850708,0.23678433895111084,0.001,579.6206827163696
3831,25,135,487416,128,4.738536834716797,4.3625617027282715,3.7322847843170166,0.2746361494064331,0.001,579.7602303028107
3832,25,136,487544,128,3.9600670337677,3.567490816116333,3.9028337001800537,0.2292950600385666,0.001,579.9011476039886
3833,25,137,487672,128,6.332394599914551,5.94247579574585,3.8702001571655273,0.28985533118247986,0.001,580.0435836315155
3834,25,138,487800,128,5.555027961730957,5.168400764465332,3.843179225921631,0.23091702163219452,0.001,580.1838057041168
3835,25,139,487928,128,4.426092624664307,4.012624740600586,4.11096715927124,0.23715466260910034,0.001,580.3233888149261
3836,25,140,488056,128,4.815625190734863,4.389649868011475,4.236780643463135,0.22972410917282104,0.001,580.4631688594818
3837,25,141,488184,128,3.9219682216644287,3.5113656520843506,4.085993766784668,0.2003086805343628,0.001,580.6053485870361
3838,25,142,488312,128,5.1718525886535645,4.75817346572876,4.114147663116455,0.22642730176448822,0.001,580.7470972537994
3839,25,143,488440,128,3.743011474609375,3.324019193649292,4.164734840393066,0.2518935203552246,0.001,580.8888549804688
3840,25,144,488568,128,3.324640989303589,2.9256365299224854,3.964514970779419,0.25529876351356506,0.001,581.0308423042297
3841,25,145,488696,128,3.934135675430298,3.5658071041107178,3.662173271179199,0.21112105250358582,0.001,581.1730511188507
3842,25,146,488824,128,5.105428218841553,4.744872570037842,3.585914134979248,0.19642668962478638,0.001,581.3136820793152
3843,25,147,488952,128,3.893442153930664,3.509535789489746,3.8179168701171875,0.21147282421588898,0.001,581.4559109210968
3844,25,148,489080,128,3.538158893585205,3.110931873321533,4.245163440704346,0.2710627615451813,0.001,581.5989384651184
3845,25,149,489208,128,3.9273626804351807,3.5083823204040527,4.168422698974609,0.21382327377796173,0.001,581.7398324012756
3846,25,150,489336,128,4.415740013122559,4.000689506530762,4.128821849822998,0.2168290615081787,0.001,581.8806595802307
3847,25,151,489464,128,4.107861042022705,3.6965277194976807,4.083451271057129,0.29884010553359985,0.001,582.0218093395233
3848,25,152,489592,128,3.489654302597046,3.1090376377105713,3.7811405658721924,0.25026223063468933,0.001,582.1636507511139
3849,25,153,489720,128,4.371460914611816,3.971963405609131,3.9704134464263916,0.24564234912395477,0.001,582.3054234981537
3850,25,154,489725,5,4.739066123962402,4.445957183837891,2.9040918350219727,0.26996156573295593,0.001,582.4413833618164
3851,26,1,489853,128,3.2784600257873535,2.8664231300354004,4.093597412109375,0.2677188813686371,0.0005,583.9386053085327
3852,26,2,489981,128,4.2757487297058105,3.875753402709961,3.9772636890411377,0.2268916219472885,0.0005,584.0805072784424
3853,26,3,490109,128,4.169142723083496,3.743471145629883,4.236482620239258,0.2023382931947708,0.0005,584.2274413108826
3854,26,4,490237,128,4.426812171936035,4.002596855163574,4.222150802612305,0.2000250220298767,0.0005,584.3675880432129
3855,26,5,490365,128,3.5532631874084473,3.15195369720459,3.9940545558929443,0.1904069036245346,0.0005,584.5076944828033
3856,26,6,490493,128,4.381588935852051,3.969700813293457,4.101037979125977,0.1784103363752365,0.0005,584.6481394767761
3857,26,7,490621,128,3.2710800170898438,2.8326926231384277,4.36206579208374,0.2180715650320053,0.0005,584.7922568321228
3858,26,8,490749,128,3.230928659439087,2.8206326961517334,4.080495834350586,0.2246297001838684,0.0005,584.9327490329742
3859,26,9,490877,128,3.350658655166626,2.976820230484009,3.7183961868286133,0.19988952577114105,0.0005,585.075688123703
3860,26,10,491005,128,4.569836139678955,4.170300006866455,3.9723362922668457,0.23026366531848907,0.0005,585.2153511047363
3861,26,11,491133,128,3.1551971435546875,2.7588837146759033,3.940338611602783,0.22794008255004883,0.0005,585.3570892810822
3862,26,12,491261,128,4.834129810333252,4.4320969581604,3.9998061656951904,0.20521575212478638,0.0005,585.4971256256104
3863,26,13,491389,128,3.771583318710327,3.3536276817321777,4.158964157104492,0.20591576397418976,0.0005,585.6390862464905
3864,26,14,491517,128,4.221170902252197,3.813631772994995,4.045658588409424,0.297308087348938,0.0005,585.7796819210052
3865,26,15,491645,128,3.61073637008667,3.205357789993286,4.030361175537109,0.2342476099729538,0.0005,585.9193208217621
3866,26,16,491773,128,4.2894415855407715,3.8680150508880615,4.191470623016357,0.22790728509426117,0.0005,586.0557792186737
3867,26,17,491901,128,4.160042762756348,3.7449612617492676,4.125248908996582,0.25568291544914246,0.0005,586.1974534988403
3868,26,18,492029,128,5.191906452178955,4.773434162139893,4.159845352172852,0.24877361953258514,0.0005,586.3411228656769
3869,26,19,492157,128,3.4159889221191406,3.0100858211517334,4.028881072998047,0.3014930784702301,0.0005,586.4839625358582
3870,26,20,492285,128,4.220556735992432,3.818240165710449,4.004814147949219,0.18353363871574402,0.0005,586.6271078586578
3871,26,21,492413,128,3.443681001663208,3.006234884262085,4.349045276641846,0.2541605234146118,0.0005,586.7702398300171
3872,26,22,492541,128,4.587599754333496,4.1484246253967285,4.366718292236328,0.250341534614563,0.0005,586.9108209609985
3873,26,23,492669,128,3.1346025466918945,2.7152750492095947,4.167691230773926,0.25585752725601196,0.0005,587.0532944202423
3874,26,24,492797,128,2.999608278274536,2.6104846000671387,3.868499755859375,0.2273796796798706,0.0005,587.1966967582703
3875,26,25,492925,128,3.671455144882202,3.2545971870422363,4.146022319793701,0.22556641697883606,0.0005,587.3368883132935
3876,26,26,493053,128,4.248115062713623,3.862908363342285,3.830953598022461,0.21115843951702118,0.0005,587.4815554618835
3877,26,27,493181,128,3.279982566833496,2.890629529953003,3.869170665740967,0.24358737468719482,0.0005,587.6237015724182
3878,26,28,493309,128,3.986701011657715,3.5858845710754395,3.985755205154419,0.22409772872924805,0.0005,587.7674930095673
3879,26,29,493437,128,5.39329719543457,5.015884876251221,3.7537779808044434,0.20347101986408234,0.0005,587.9084756374359
3880,26,30,493565,128,4.740861415863037,4.333987712860107,4.052790641784668,0.159445658326149,0.0005,588.0512688159943
3881,26,31,493693,128,3.5879809856414795,3.2077105045318604,3.7833709716796875,0.19334296882152557,0.0005,588.1929931640625
3882,26,32,493821,128,3.299588918685913,2.8914079666137695,4.0635809898376465,0.1822861284017563,0.0005,588.3345046043396
3883,26,33,493949,128,3.911768674850464,3.500636577606201,4.092803478240967,0.1851820945739746,0.0005,588.4751391410828
3884,26,34,494077,128,2.834193706512451,2.4587061405181885,3.7346034049987793,0.2027377337217331,0.0005,588.6174495220184
3885,26,35,494205,128,5.154608726501465,4.742926597595215,4.095322608947754,0.21501855552196503,0.0005,588.7580387592316
3886,26,36,494333,128,3.6683971881866455,3.2432119846343994,4.231390953063965,0.20460017025470734,0.0005,588.9004118442535
3887,26,37,494461,128,4.01068115234375,3.556884527206421,4.515137672424316,0.22831572592258453,0.0005,589.0423617362976
3888,26,38,494589,128,3.6353180408477783,3.222829580307007,4.101762771606445,0.23122653365135193,0.0005,589.1825642585754
3889,26,39,494717,128,2.804534912109375,2.39374041557312,4.079701900482178,0.28242865204811096,0.0005,589.3217692375183
3890,26,40,494845,128,3.0491297245025635,2.6458492279052734,4.008449554443359,0.24353443086147308,0.0005,589.4611215591431
3891,26,41,494973,128,4.649871826171875,4.257196426391602,3.901923179626465,0.24831290543079376,0.0005,589.6154668331146
3892,26,42,495101,128,4.279389381408691,3.901411533355713,3.751131296157837,0.2865002453327179,0.0005,589.756706237793
3893,26,43,495229,128,2.9391322135925293,2.5487165451049805,3.8724148273468018,0.3174379765987396,0.0005,589.8991093635559
3894,26,44,495357,128,3.5954878330230713,3.2103424072265625,3.829258680343628,0.22194093465805054,0.0005,590.0411026477814
3895,26,45,495485,128,3.942667007446289,3.5145797729492188,4.256296634674072,0.24575509130954742,0.0005,590.1841387748718
3896,26,46,495613,128,3.896369457244873,3.482678174972534,4.109278202056885,0.27635467052459717,0.0005,590.3255543708801
3897,26,47,495741,128,4.148437976837158,3.7317445278167725,4.142548084259033,0.2438683658838272,0.0005,590.467776298523
3898,26,48,495869,128,4.351032733917236,3.904252767562866,4.444533824920654,0.23262685537338257,0.0005,590.6122004985809
3899,26,49,495997,128,3.6622636318206787,3.259578227996826,4.001646041870117,0.25209173560142517,0.0005,590.7513837814331
3900,26,50,496125,128,4.075655460357666,3.691429376602173,3.8212993144989014,0.20959454774856567,0.0005,590.8923234939575
3901,26,51,496253,128,3.7998509407043457,3.411130905151367,3.8644981384277344,0.2270103394985199,0.0005,591.0324335098267
3902,26,52,496381,128,3.745692491531372,3.3347463607788086,4.084109306335449,0.25351276993751526,0.0005,591.1757311820984
3903,26,53,496509,128,3.8087306022644043,3.436163902282715,3.7030248641967773,0.22643783688545227,0.0005,591.3146488666534
3904,26,54,496637,128,4.035699367523193,3.6395723819732666,3.9388234615325928,0.22444984316825867,0.0005,591.460307598114
3905,26,55,496765,128,4.502810955047607,4.121006011962891,3.7957253456115723,0.22324854135513306,0.0005,591.6038076877594
3906,26,56,496893,128,4.3741865158081055,3.983954668045044,3.8795394897460938,0.22778259217739105,0.0005,591.7580485343933
3907,26,57,497021,128,3.173856496810913,2.798673391342163,3.731701374053955,0.20130859315395355,0.0005,592.2465450763702
3908,26,58,497149,128,4.027603626251221,3.6196956634521484,4.057723522186279,0.21358388662338257,0.0005,592.3915972709656
3909,26,59,497277,128,3.8687732219696045,3.471712350845337,3.9506144523620605,0.19993223249912262,0.0005,592.5338349342346
3910,26,60,497405,128,3.6019787788391113,3.157608985900879,4.422010898590088,0.21685479581356049,0.0005,592.675838470459
3911,26,61,497533,128,5.113021373748779,4.692604064941406,4.181978225708008,0.22198717296123505,0.0005,592.8157296180725
3912,26,62,497661,128,3.5628185272216797,3.1198537349700928,4.406062602996826,0.2358366698026657,0.0005,592.9555671215057
3913,26,63,497789,128,2.770915985107422,2.399265766143799,3.6962199211120605,0.2028186321258545,0.0005,593.0964605808258
3914,26,64,497917,128,3.6698250770568848,3.2523207664489746,4.1531572341918945,0.21887066960334778,0.0005,593.2377998828888
3915,26,65,498045,128,4.3402934074401855,3.920549154281616,4.175949573516846,0.21492767333984375,0.0005,593.3769586086273
3916,26,66,498173,128,3.7545831203460693,3.3530023097991943,3.991597890853882,0.24211837351322174,0.0005,593.5162451267242
3917,26,67,498301,128,3.662104368209839,3.304649591445923,3.549746513366699,0.24799895286560059,0.0005,593.6560471057892
3918,26,68,498429,128,3.680797815322876,3.2854466438293457,3.9246666431427,0.2884637117385864,0.0005,593.797120809555
3919,26,69,498557,128,2.954732656478882,2.5681774616241455,3.84163498878479,0.23916904628276825,0.0005,593.9391782283783
3920,26,70,498685,128,2.712581157684326,2.3295505046844482,3.8049697875976562,0.2533775568008423,0.0005,594.0822627544403
3921,26,71,498813,128,3.993790626525879,3.5698251724243164,4.217589378356934,0.22065846621990204,0.0005,594.2247803211212
3922,26,72,498941,128,3.7477760314941406,3.3664584159851074,3.789551258087158,0.23624251782894135,0.0005,594.3650498390198
3923,26,73,499069,128,4.714170932769775,4.3063130378723145,4.054108619689941,0.2447190284729004,0.0005,594.5044901371002
3924,26,74,499197,128,3.859665870666504,3.4434502124786377,4.137164115905762,0.2499358355998993,0.0005,594.6477360725403
3925,26,75,499325,128,4.341538429260254,3.9204492568969727,4.187942981719971,0.2294992059469223,0.0005,594.7871432304382
3926,26,76,499453,128,4.526472568511963,4.113149642944336,4.110114097595215,0.23116867244243622,0.0005,594.9278483390808
3927,26,77,499581,128,4.217618465423584,3.763453483581543,4.510655403137207,0.3099382817745209,0.0005,595.0690546035767
3928,26,78,499709,128,3.3090436458587646,2.863964557647705,4.4252095222473145,0.25582918524742126,0.0005,595.209555387497
3929,26,79,499837,128,4.647581100463867,4.215293884277344,4.298128128051758,0.24741122126579285,0.0005,595.3495402336121
3930,26,80,499965,128,2.996891975402832,2.6028268337249756,3.9174249172210693,0.23226386308670044,0.0005,595.4906301498413
3931,26,81,500093,128,4.670633316040039,4.249361991882324,4.188026428222656,0.24683915078639984,0.0005,595.6320910453796
3932,26,82,500221,128,4.137231349945068,3.725464105606079,4.09576416015625,0.2191304713487625,0.0005,595.7724101543427
3933,26,83,500349,128,3.7199769020080566,3.3154001235961914,4.020502090454102,0.2526474595069885,0.0005,595.9138083457947
3934,26,84,500477,128,3.922161102294922,3.5197842121124268,3.9995532035827637,0.24216288328170776,0.0005,596.054119348526
3935,26,85,500605,128,3.915634870529175,3.505049705505371,4.082194805145264,0.23655164241790771,0.0005,596.1935849189758
3936,26,86,500733,128,3.33897066116333,2.9136953353881836,4.231499671936035,0.2125193327665329,0.0005,596.333500623703
3937,26,87,500861,128,4.21078634262085,3.8173065185546875,3.912187337875366,0.22613242268562317,0.0005,596.4741940498352
3938,26,88,500989,128,3.6805737018585205,3.2704017162323,4.077431678771973,0.2428836077451706,0.0005,596.6172358989716
3939,26,89,501117,128,3.961099863052368,3.54547119140625,4.130988121032715,0.2529880702495575,0.0005,596.759229183197
3940,26,90,501245,128,4.7429304122924805,4.331934928894043,4.09072208404541,0.1922961175441742,0.0005,596.901914358139
3941,26,91,501373,128,2.853792905807495,2.4425957202911377,4.084839820861816,0.2713293433189392,0.0005,597.0479118824005
3942,26,92,501501,128,4.752427101135254,4.348461151123047,4.018406391143799,0.21253642439842224,0.0005,597.1931064128876
3943,26,93,501629,128,4.06382942199707,3.6618893146514893,3.996952772140503,0.22447162866592407,0.0005,597.3358497619629
3944,26,94,501757,128,4.970098972320557,4.575933933258057,3.918166399002075,0.2348202019929886,0.0005,597.4777085781097
3945,26,95,501885,128,2.9905757904052734,2.5823349952697754,4.057979106903076,0.24429447948932648,0.0005,597.6213293075562
3946,26,96,502013,128,3.4883787631988525,3.078451633453369,4.0761237144470215,0.23146981000900269,0.0005,597.7625803947449
3947,26,97,502141,128,3.5698678493499756,3.1672136783599854,4.003788471221924,0.22751383483409882,0.0005,597.9040620326996
3948,26,98,502269,128,3.263439416885376,2.856127977371216,4.050268173217773,0.22845208644866943,0.0005,598.0460567474365
3949,26,99,502397,128,3.1469507217407227,2.742915391921997,4.0183024406433105,0.22050319612026215,0.0005,598.1874754428864
3950,26,100,502525,128,4.593329429626465,4.17249870300293,4.18772029876709,0.20585142076015472,0.0005,598.3292183876038
3951,26,101,502653,128,5.1720662117004395,4.752690315246582,4.170774936676025,0.22985520958900452,0.0005,598.4729647636414
3952,26,102,502781,128,3.9470086097717285,3.5461323261260986,3.9882729053497314,0.2049006223678589,0.0005,598.6173946857452
3953,26,103,502909,128,3.306790828704834,2.902958631515503,4.01579475402832,0.22528354823589325,0.0005,598.7564508914948
3954,26,104,503037,128,5.211276054382324,4.811243057250977,3.9768617153167725,0.23471465706825256,0.0005,598.8986039161682
3955,26,105,503165,128,6.5719804763793945,6.1601152420043945,4.093868255615234,0.247843399643898,0.0005,599.0422689914703
3956,26,106,503293,128,3.8045620918273926,3.4002137184143066,4.02205228805542,0.214313805103302,0.0005,599.1849653720856
3957,26,107,503421,128,4.952332496643066,4.551565647125244,3.981682300567627,0.2598803639411926,0.0005,599.3289353847504
3958,26,108,503549,128,4.733277320861816,4.320025444030762,4.114870071411133,0.1764838695526123,0.0005,599.4714815616608
3959,26,109,503677,128,3.7508935928344727,3.33732008934021,4.111708164215088,0.24026866257190704,0.0005,599.6156978607178
3960,26,110,503805,128,3.101599931716919,2.690354824066162,4.090182304382324,0.22268567979335785,0.0005,599.7582931518555
3961,26,111,503933,128,4.075567245483398,3.6493594646453857,4.237428665161133,0.24647532403469086,0.0005,599.9020917415619
3962,26,112,504061,128,3.355361223220825,2.9339165687561035,4.190291881561279,0.2415323704481125,0.0005,600.0474481582642
3963,26,113,504189,128,4.272268295288086,3.863691806793213,4.066920757293701,0.18844451010227203,0.0005,600.1929292678833
3964,26,114,504317,128,3.635420799255371,3.23598575592041,3.9710991382598877,0.23251673579216003,0.0005,600.335147857666
3965,26,115,504445,128,4.116339206695557,3.690518617630005,4.237833023071289,0.20377351343631744,0.0005,600.4761369228363
3966,26,116,504573,128,3.373671770095825,2.9444425106048584,4.263687610626221,0.2860535681247711,0.0005,600.6219184398651
3967,26,117,504701,128,3.3232834339141846,2.922060966491699,3.9877095222473145,0.24514637887477875,0.0005,600.7671992778778
3968,26,118,504829,128,4.514876842498779,4.0937299728393555,4.186744213104248,0.24723735451698303,0.0005,600.9095485210419
3969,26,119,504957,128,3.621521234512329,3.2271950244903564,3.9176342487335205,0.2562660276889801,0.0005,601.053302526474
3970,26,120,505085,128,3.190701961517334,2.7667622566223145,4.212228775024414,0.27167731523513794,0.0005,601.1957244873047
3971,26,121,505213,128,3.716054916381836,3.303915023803711,4.092499256134033,0.2889893651008606,0.0005,601.3379442691803
3972,26,122,505341,128,4.681108474731445,4.2556657791137695,4.228692054748535,0.25735101103782654,0.0005,601.4806950092316
3973,26,123,505469,128,3.362917423248291,2.9485645294189453,4.119360446929932,0.24168409407138824,0.0005,601.6214835643768
3974,26,124,505597,128,4.21376371383667,3.777095079421997,4.338822364807129,0.27862343192100525,0.0005,601.7590711116791
3975,26,125,505725,128,3.7243096828460693,3.3141489028930664,4.073342800140381,0.28265440464019775,0.0005,601.8956112861633
3976,26,126,505853,128,2.6057467460632324,2.1929521560668945,4.102779865264893,0.25165998935699463,0.0005,602.0371577739716
3977,26,127,505981,128,3.132094383239746,2.74172306060791,3.8780357837677,0.25678354501724243,0.0005,602.1804964542389
3978,26,128,506109,128,3.1030666828155518,2.7153377532958984,3.8512797355651855,0.2601001560688019,0.0005,602.3219268321991
3979,26,129,506237,128,4.010001182556152,3.61430287361145,3.932319164276123,0.24661077558994293,0.0005,602.4645428657532
3980,26,130,506365,128,4.345710277557373,3.927091121673584,4.164744853973389,0.21446093916893005,0.0005,602.6052281856537
3981,26,131,506493,128,3.580791473388672,3.1800291538238525,3.9840197563171387,0.2360328584909439,0.0005,602.7464635372162
3982,26,132,506621,128,2.8436200618743896,2.4493470191955566,3.9208922386169434,0.21840156614780426,0.0005,602.8894529342651
3983,26,133,506749,128,4.352643013000488,3.9481394290924072,4.01874303817749,0.262942910194397,0.0005,603.0333406925201
3984,26,134,506877,128,3.810767412185669,3.412775754928589,3.9558088779449463,0.24105598032474518,0.0005,603.1759569644928
3985,26,135,507005,128,3.382106304168701,2.9661149978637695,4.136983394622803,0.22928772866725922,0.0005,603.3179092407227
3986,26,136,507133,128,3.2949979305267334,2.8778111934661865,4.145583152770996,0.26282909512519836,0.0005,603.4611904621124
3987,26,137,507261,128,2.811086416244507,2.410036325454712,3.985170841217041,0.2532908320426941,0.0005,603.6047916412354
3988,26,138,507389,128,3.7942113876342773,3.3900246620178223,4.017626762390137,0.2423991858959198,0.0005,603.7455682754517
3989,26,139,507517,128,3.2273855209350586,2.8249921798706055,3.999427318572998,0.24506054818630219,0.0005,603.8870704174042
3990,26,140,507645,128,3.767784595489502,3.359956741333008,4.0535736083984375,0.24704459309577942,0.0005,604.0297479629517
3991,26,141,507773,128,3.5753121376037598,3.1409151554107666,4.316999435424805,0.2696992754936218,0.0005,604.172431230545
3992,26,142,507901,128,3.0342252254486084,2.6318905353546143,3.9967739582061768,0.2657211720943451,0.0005,604.3138179779053
3993,26,143,508029,128,4.1795973777771,3.7759878635406494,4.005791664123535,0.3030114769935608,0.0005,604.454333782196
3994,26,144,508157,128,3.4579477310180664,3.0613555908203125,3.942326068878174,0.2359677404165268,0.0005,604.5954723358154
3995,26,145,508285,128,5.095364093780518,4.676117420196533,4.165921688079834,0.26543301343917847,0.0005,604.7358477115631
3996,26,146,508413,128,3.1795244216918945,2.72373366355896,4.534729480743408,0.23178435862064362,0.0005,604.8755922317505
3997,26,147,508541,128,3.4899051189422607,3.06304931640625,4.240736484527588,0.27820006012916565,0.0005,605.0163762569427
3998,26,148,508669,128,4.400516986846924,3.9918057918548584,4.05728006362915,0.2983197569847107,0.0005,605.1577236652374
3999,26,149,508797,128,2.8902761936187744,2.4790358543395996,4.086827278137207,0.2557544708251953,0.0005,605.3015398979187
4000,26,150,508925,128,3.947986364364624,3.5358083248138428,4.094128131866455,0.27652502059936523,0.0005,605.4425575733185
4001,26,151,509053,128,3.2527599334716797,2.843226909637451,4.071167469024658,0.2416382133960724,0.0005,605.5836367607117
4002,26,152,509181,128,2.3296122550964355,1.9392129182815552,3.8800976276397705,0.23895803093910217,0.0005,605.7277581691742
4003,26,153,509309,128,4.414643287658691,3.9936838150024414,4.181962966918945,0.27634596824645996,0.0005,605.8704173564911
4004,26,154,509314,5,11.97361946105957,11.541775703430176,4.29475736618042,0.23675037920475006,0.0005,606.0069146156311
4005,27,1,509442,128,3.2758219242095947,2.8693597316741943,4.044009208679199,0.20613719522953033,0.0005,607.487781047821
4006,27,2,509570,128,3.5004217624664307,3.0920186042785645,4.0623345375061035,0.2169726938009262,0.0005,607.6366331577301
4007,27,3,509698,128,3.6028597354888916,3.17138409614563,4.293327808380127,0.21429955959320068,0.0005,607.7878060340881
4008,27,4,509826,128,3.5009167194366455,3.096097230911255,4.027836799621582,0.20359499752521515,0.0005,607.9287869930267
4009,27,5,509954,128,4.488563060760498,4.0769171714782715,4.09498929977417,0.2147398293018341,0.0005,608.0767276287079
4010,27,6,510082,128,5.342920303344727,4.927656173706055,4.126649856567383,0.2599163055419922,0.0005,608.2191534042358
4011,27,7,510210,128,5.348837852478027,4.909111976623535,4.37043571472168,0.2682202160358429,0.0005,608.3599514961243
4012,27,8,510338,128,3.389878988265991,3.0057945251464844,3.8141491413116455,0.2669597566127777,0.0005,608.5016627311707
4013,27,9,510466,128,3.7784368991851807,3.3702704906463623,4.05943489074707,0.2222932130098343,0.0005,608.6572096347809
4014,27,10,510594,128,3.4944446086883545,3.097695827484131,3.943756103515625,0.23731692135334015,0.0005,608.8000643253326
4015,27,11,510722,128,3.239802837371826,2.8224895000457764,4.152376174926758,0.20757147669792175,0.0005,608.9429080486298
4016,27,12,510850,128,4.153200626373291,3.772822141647339,3.780820846557617,0.22966620326042175,0.0005,609.086437702179
4017,27,13,510978,128,4.336341857910156,3.9410135746002197,3.931875228881836,0.21412251889705658,0.0005,609.2276031970978
4018,27,14,511106,128,4.968498229980469,4.55400276184082,4.123441219329834,0.21513816714286804,0.0005,609.3675229549408
4019,27,15,511234,128,3.819141387939453,3.4232423305511475,3.9323973655700684,0.26594215631484985,0.0005,609.5096776485443
4020,27,16,511362,128,3.559074878692627,3.1558384895324707,4.008773326873779,0.23592509329319,0.0005,609.6533896923065
4021,27,17,511490,128,4.252266883850098,3.809352159500122,4.409010410308838,0.20138022303581238,0.0005,609.7934699058533
4022,27,18,511618,128,4.221745014190674,3.7713873386383057,4.485799312591553,0.17776355147361755,0.0005,609.9354140758514
4023,27,19,511746,128,4.086480617523193,3.675450086593628,4.0847930908203125,0.25509145855903625,0.0005,610.0785126686096
4024,27,20,511874,128,4.988000869750977,4.549417018890381,4.362730503082275,0.23105160892009735,0.0005,610.2213432788849
4025,27,21,512002,128,4.323238372802734,3.900444746017456,4.2055888175964355,0.22350020706653595,0.0005,610.3621318340302
4026,27,22,512130,128,4.116055011749268,3.664607048034668,4.486771583557129,0.27710407972335815,0.0005,610.502711057663
4027,27,23,512258,128,3.485300302505493,3.0777502059936523,4.048521518707275,0.26979973912239075,0.0005,610.6451077461243
4028,27,24,512386,128,4.1359076499938965,3.7404003143310547,3.932572603225708,0.22503317892551422,0.0005,610.7841341495514
4029,27,25,512514,128,4.925863265991211,4.520634174346924,4.029299736022949,0.22993239760398865,0.0005,610.9364111423492
4030,27,26,512642,128,5.1356635093688965,4.752375602722168,3.809605121612549,0.2327599972486496,0.0005,611.078145980835
4031,27,27,512770,128,4.398859977722168,3.985149621963501,4.1144232749938965,0.22678643465042114,0.0005,611.2191178798676
4032,27,28,512898,128,5.0110859870910645,4.6173248291015625,3.9157042503356934,0.21903659403324127,0.0005,611.3592431545258
4033,27,29,513026,128,5.1876540184021,4.77497673034668,4.103731155395508,0.23042401671409607,0.0005,611.5023214817047
4034,27,30,513154,128,4.181797504425049,3.7644081115722656,4.147705554962158,0.26187974214553833,0.0005,611.6456470489502
4035,27,31,513282,128,3.487135887145996,3.0734167098999023,4.117368698120117,0.19822044670581818,0.0005,611.7863767147064
4036,27,32,513410,128,3.568466901779175,3.1084563732147217,4.574824810028076,0.25279033184051514,0.0005,611.9259724617004
4037,27,33,513538,128,3.6464245319366455,3.215804100036621,4.279348373413086,0.2685595154762268,0.0005,612.0724229812622
4038,27,34,513666,128,3.110694408416748,2.692000150680542,4.165034294128418,0.2190890908241272,0.0005,612.2153561115265
4039,27,35,513794,128,3.5575175285339355,3.129812479019165,4.2525787353515625,0.24471068382263184,0.0005,612.3558828830719
4040,27,36,513922,128,3.2331511974334717,2.8275790214538574,4.0326828956604,0.23038329184055328,0.0005,612.4990239143372
4041,27,37,514050,128,2.9954869747161865,2.6023149490356445,3.909641742706299,0.22077371180057526,0.0005,612.6413915157318
4042,27,38,514178,128,3.5255870819091797,3.133643388748169,3.896182060241699,0.23256465792655945,0.0005,612.7781572341919
4043,27,39,514306,128,3.1554324626922607,2.7545742988586426,3.9864754676818848,0.22106154263019562,0.0005,612.9149086475372
4044,27,40,514434,128,3.6128170490264893,3.216593027114868,3.940782308578491,0.21457508206367493,0.0005,613.0572292804718
4045,27,41,514562,128,3.257864475250244,2.8662261962890625,3.890122652053833,0.2625856399536133,0.0005,613.1996438503265
4046,27,42,514690,128,3.7277472019195557,3.324320077896118,4.009568214416504,0.2470342516899109,0.0005,613.3399651050568
4047,27,43,514818,128,4.566677093505859,4.145716667175293,4.18321418762207,0.2638728618621826,0.0005,613.4817221164703
4048,27,44,514946,128,3.2618319988250732,2.852687358856201,4.067806720733643,0.2363809496164322,0.0005,613.6232719421387
4049,27,45,515074,128,5.386430740356445,4.937086582183838,4.4647135734558105,0.28729891777038574,0.0005,613.7602894306183
4050,27,46,515202,128,3.840102195739746,3.409893274307251,4.2774882316589355,0.2459949254989624,0.0005,613.8993651866913
4051,27,47,515330,128,3.5186374187469482,3.0877552032470703,4.283449172973633,0.2537212073802948,0.0005,614.0385656356812
4052,27,48,515458,128,3.6656856536865234,3.2806575298309326,3.8234617710113525,0.26818880438804626,0.0005,614.1813418865204
4053,27,49,515586,128,3.174030303955078,2.7749764919281006,3.9643120765686035,0.2622498571872711,0.0005,614.3211181163788
4054,27,50,515714,128,3.274301767349243,2.86952805519104,4.024808406829834,0.2292938381433487,0.0005,614.4598824977875
4055,27,51,515842,128,4.15022611618042,3.72344708442688,4.243362903594971,0.24427345395088196,0.0005,614.6016383171082
4056,27,52,515970,128,4.451394081115723,3.9908864498138428,4.573640823364258,0.31431064009666443,0.0005,614.7384700775146
4057,27,53,516098,128,3.4820847511291504,3.064725637435913,4.147897243499756,0.2569550573825836,0.0005,614.8799331188202
4058,27,54,516226,128,3.538970470428467,3.1247265338897705,4.117300033569336,0.2513931095600128,0.0005,615.0225801467896
4059,27,55,516354,128,3.2574541568756104,2.8465657234191895,4.082858085632324,0.2602529227733612,0.0005,615.1628525257111
4060,27,56,516482,128,4.7925333976745605,4.383646488189697,4.0598978996276855,0.28974130749702454,0.0005,615.299943447113
4061,27,57,516610,128,4.7123637199401855,4.3117170333862305,3.980208158493042,0.26257675886154175,0.0005,615.4387187957764
4062,27,58,516738,128,3.5230765342712402,3.1256048679351807,3.9479174613952637,0.2679912745952606,0.0005,615.5824544429779
4063,27,59,516866,128,2.9866414070129395,2.568598985671997,4.15333890914917,0.2708391547203064,0.0005,615.7220215797424
4064,27,60,516994,128,4.3258376121521,3.946221113204956,3.7715487480163574,0.24615439772605896,0.0005,615.8625113964081
4065,27,61,517122,128,3.8792121410369873,3.4812874794006348,3.9540836811065674,0.2516166865825653,0.0005,616.0024056434631
4066,27,62,517250,128,3.3653671741485596,2.9725420475006104,3.899670124053955,0.285807341337204,0.0005,616.143869638443
4067,27,63,517378,128,4.015907287597656,3.628016948699951,3.851438283920288,0.27463793754577637,0.0005,616.2777695655823
4068,27,64,517506,128,4.033926010131836,3.6483254432678223,3.8290727138519287,0.2693316340446472,0.0005,616.4134728908539
4069,27,65,517634,128,2.9163014888763428,2.532519817352295,3.8155269622802734,0.22290301322937012,0.0005,616.5526428222656
4070,27,66,517762,128,3.7698705196380615,3.3638861179351807,4.034418106079102,0.2542453408241272,0.0005,616.6883056163788
4071,27,67,517890,128,3.217200756072998,2.787057876586914,4.2707319259643555,0.3069700002670288,0.0005,616.8259048461914
4072,27,68,518018,128,4.4413909912109375,4.01688814163208,4.220755100250244,0.24269641935825348,0.0005,616.9623613357544
4073,27,69,518146,128,4.081632137298584,3.6377813816070557,4.406803607940674,0.31707248091697693,0.0005,617.1020896434784
4074,27,70,518274,128,3.5883731842041016,3.156604051589966,4.289202690124512,0.28487807512283325,0.0005,617.2435278892517
4075,27,71,518402,128,3.863219738006592,3.429320812225342,4.313419818878174,0.2556978464126587,0.0005,617.3849449157715
4076,27,72,518530,128,6.178014278411865,5.743174076080322,4.318553447723389,0.2984766364097595,0.0005,617.5273249149323
4077,27,73,518658,128,4.560633659362793,4.132692337036133,4.254176139831543,0.2523934841156006,0.0005,617.6692540645599
4078,27,74,518786,128,5.80548095703125,5.3572916984558105,4.451577663421631,0.3031671941280365,0.0005,617.8100399971008
4079,27,75,518914,128,3.9758341312408447,3.5321145057678223,4.409603595733643,0.27591201663017273,0.0005,617.9509522914886
4080,27,76,519042,128,3.6723146438598633,3.2829031944274902,3.870738983154297,0.23374125361442566,0.0005,618.0927391052246
4081,27,77,519170,128,4.115466117858887,3.709343671798706,4.034337997436523,0.26885461807250977,0.0005,618.2348136901855
4082,27,78,519298,128,3.808462619781494,3.3967278003692627,4.093332290649414,0.2401517629623413,0.0005,618.3748342990875
4083,27,79,519426,128,3.611307144165039,3.174553632736206,4.3419928550720215,0.2554257810115814,0.0005,618.5159199237823
4084,27,80,519554,128,2.9852957725524902,2.5772340297698975,4.05942440032959,0.21192599833011627,0.0005,618.6577599048615
4085,27,81,519682,128,3.964838743209839,3.570652723312378,3.9161059856414795,0.2575399577617645,0.0005,618.7984962463379
4086,27,82,519810,128,3.3456759452819824,2.920917510986328,4.221416473388672,0.2616789638996124,0.0005,618.9397683143616
4087,27,83,519938,128,3.974487066268921,3.5670628547668457,4.051281452178955,0.22958539426326752,0.0005,619.082492351532
4088,27,84,520066,128,3.251474380493164,2.8560690879821777,3.9295408725738525,0.24512237310409546,0.0005,619.2250859737396
4089,27,85,520194,128,3.1728923320770264,2.776244878768921,3.945000410079956,0.2147553563117981,0.0005,619.366119146347
4090,27,86,520322,128,4.585301876068115,4.155036449432373,4.2791008949279785,0.2355172038078308,0.0005,619.5033121109009
4091,27,87,520450,128,3.59920597076416,3.201009750366211,3.958408832550049,0.2355220764875412,0.0005,619.6421530246735
4092,27,88,520578,128,3.30814266204834,2.888814687728882,4.1700897216796875,0.23190194368362427,0.0005,619.7830655574799
4093,27,89,520706,128,4.527773857116699,4.102987289428711,4.2240753173828125,0.2378818392753601,0.0005,619.9237902164459
4094,27,90,520834,128,3.1423211097717285,2.7454657554626465,3.9456911087036133,0.22861239314079285,0.0005,620.0681293010712
4095,27,91,520962,128,4.042065620422363,3.612764358520508,4.26931619644165,0.23698584735393524,0.0005,620.2078409194946
4096,27,92,521090,128,5.080697536468506,4.670562744140625,4.07802677154541,0.23323749005794525,0.0005,620.349680185318
4097,27,93,521218,128,4.4065375328063965,4.009914398193359,3.9445619583129883,0.2166868895292282,0.0005,620.49098944664
4098,27,94,521346,128,4.06141471862793,3.6691818237304688,3.8989434242248535,0.23384994268417358,0.0005,620.6285424232483
4099,27,95,521474,128,4.211375713348389,3.827972650527954,3.8107757568359375,0.2325385957956314,0.0005,620.7697925567627
4100,27,96,521602,128,4.4385085105896,4.02753210067749,4.082449436187744,0.273145854473114,0.0005,620.9104995727539
4101,27,97,521730,128,3.046844720840454,2.6134579181671143,4.308467864990234,0.25402265787124634,0.0005,621.0523862838745
4102,27,98,521858,128,3.672116279602051,3.2639849185943604,4.055539131164551,0.2577659487724304,0.0005,621.1948828697205
4103,27,99,521986,128,3.156949281692505,2.7522473335266113,4.022458553314209,0.24561698734760284,0.0005,621.3371937274933
4104,27,100,522114,128,5.205400466918945,4.7575201988220215,4.449267864227295,0.29535043239593506,0.0005,621.4814376831055
4105,27,101,522242,128,3.7523233890533447,3.307668685913086,4.421504974365234,0.2504182457923889,0.0005,621.6239905357361
4106,27,102,522370,128,3.846684694290161,3.447362184524536,3.9667820930480957,0.26442626118659973,0.0005,621.7654478549957
4107,27,103,522498,128,4.011589527130127,3.5646445751190186,4.437401294708252,0.32046961784362793,0.0005,621.903825044632
4108,27,104,522626,128,3.708191394805908,3.274783134460449,4.3078932762146,0.2618909776210785,0.0005,622.0439558029175
4109,27,105,522754,128,4.210092544555664,3.8042690753936768,4.030749797821045,0.27482911944389343,0.0005,622.1821882724762
4110,27,106,522882,128,4.256511688232422,3.8429269790649414,4.109557628631592,0.26289740204811096,0.0005,622.3182420730591
4111,27,107,523010,128,3.1765875816345215,2.795610189437866,3.7868785858154297,0.22896385192871094,0.0005,622.4601380825043
4112,27,108,523138,128,3.3397488594055176,2.943532943725586,3.937002420425415,0.2515694797039032,0.0005,622.6009123325348
4113,27,109,523266,128,2.8847556114196777,2.4741597175598145,4.083558082580566,0.22400692105293274,0.0005,622.7368836402893
4114,27,110,523394,128,3.5063233375549316,3.1011452674865723,4.025774002075195,0.2600701153278351,0.0005,622.8741710186005
4115,27,111,523522,128,3.405547857284546,2.998851776123047,4.04332160949707,0.2363915890455246,0.0005,623.011397600174
4116,27,112,523650,128,3.6424343585968018,3.204420804977417,4.354111194610596,0.26022854447364807,0.0005,623.1530632972717
4117,27,113,523778,128,4.07356595993042,3.6266674995422363,4.4439616203308105,0.2502560615539551,0.0005,623.2910742759705
4118,27,114,523906,128,3.4334499835968018,3.030068874359131,4.0136823654174805,0.20130306482315063,0.0005,623.427389383316
4119,27,115,524034,128,3.749772071838379,3.328897476196289,4.181779861450195,0.26965683698654175,0.0005,623.569741487503
4120,27,116,524162,128,4.958593845367432,4.53298807144165,4.237156391143799,0.18903951346874237,0.0005,623.7096104621887
4121,27,117,524290,128,3.4535651206970215,3.0692319869995117,3.8211936950683594,0.22136935591697693,0.0005,623.8468852043152
4122,27,118,524418,128,3.624833583831787,3.24591064453125,3.7667396068573,0.224901482462883,0.0005,623.9872529506683
4123,27,119,524546,128,4.052289962768555,3.6311285495758057,4.189791679382324,0.21822047233581543,0.0005,624.1268148422241
4124,27,120,524674,128,4.544195175170898,4.142201900482178,3.9969899654388428,0.22938783466815948,0.0005,624.2639019489288
4125,27,121,524802,128,3.9856550693511963,3.59833025932312,3.84971284866333,0.23533973097801208,0.0005,624.4003491401672
4126,27,122,524930,128,3.387925863265991,2.9996941089630127,3.8608927726745605,0.2142547219991684,0.0005,624.5430243015289
4127,27,123,525058,128,3.7636778354644775,3.349764347076416,4.118481159210205,0.20655104517936707,0.0005,624.6859815120697
4128,27,124,525186,128,3.9872758388519287,3.5576019287109375,4.272312641143799,0.24425636231899261,0.0005,624.8272588253021
4129,27,125,525314,128,3.5259602069854736,3.139741897583008,3.8376412391662598,0.2454298585653305,0.0005,624.9665536880493
4130,27,126,525442,128,3.6304826736450195,3.2286887168884277,3.989647388458252,0.2829206883907318,0.0005,625.1070673465729
4131,27,127,525570,128,2.9971394538879395,2.61275315284729,3.8227908611297607,0.21070265769958496,0.0005,625.5854105949402
4132,27,128,525698,128,3.3171908855438232,2.8985965251922607,4.163127899169922,0.22816364467144012,0.0005,625.7256927490234
4133,27,129,525826,128,3.6140596866607666,3.203524589538574,4.0846781730651855,0.20672164857387543,0.0005,625.8703627586365
4134,27,130,525954,128,2.8204870223999023,2.4020490646362305,4.161291599273682,0.23089049756526947,0.0005,626.0130088329315
4135,27,131,526082,128,3.322016716003418,2.910107374191284,4.0936994552612305,0.25393223762512207,0.0005,626.1559076309204
4136,27,132,526210,128,3.3492956161499023,2.9547512531280518,3.9186654090881348,0.26778629422187805,0.0005,626.2972619533539
4137,27,133,526338,128,4.722072124481201,4.322662353515625,3.970151901245117,0.23945730924606323,0.0005,626.4386534690857
4138,27,134,526466,128,4.95007848739624,4.522503852844238,4.248829364776611,0.26919737458229065,0.0005,626.5861868858337
4139,27,135,526594,128,4.103755950927734,3.67370343208313,4.27440071105957,0.26126953959465027,0.0005,626.7286427021027
4140,27,136,526722,128,3.8829596042633057,3.4454691410064697,4.344568252563477,0.3033645451068878,0.0005,626.8704597949982
4141,27,137,526850,128,3.6532092094421387,3.2404191493988037,4.1001410484313965,0.27759864926338196,0.0005,627.0109519958496
4142,27,138,526978,128,3.2946016788482666,2.8468778133392334,4.445651054382324,0.3158867657184601,0.0005,627.1553900241852
4143,27,139,527106,128,4.088324069976807,3.6719014644622803,4.137783527374268,0.2644038200378418,0.0005,627.2974033355713
4144,27,140,527234,128,3.8607265949249268,3.4606311321258545,3.9770007133483887,0.23953793942928314,0.0005,627.4374854564667
4145,27,141,527362,128,3.429616928100586,3.0302131175994873,3.9692769050598145,0.2476210594177246,0.0005,627.5790946483612
4146,27,142,527490,128,3.054551124572754,2.64215087890625,4.094486713409424,0.2951658070087433,0.0005,627.7226827144623
4147,27,143,527618,128,4.360981464385986,3.9357833862304688,4.231127738952637,0.20854419469833374,0.0005,627.864727973938
4148,27,144,527746,128,3.822481155395508,3.4257709980010986,3.942371368408203,0.2473212033510208,0.0005,628.0052607059479
4149,27,145,527874,128,3.7096755504608154,3.295464038848877,4.116055965423584,0.26058053970336914,0.0005,628.1452379226685
4150,27,146,528002,128,3.2885966300964355,2.9039804935455322,3.820690155029297,0.2547113299369812,0.0005,628.2837035655975
4151,27,147,528130,128,3.769132137298584,3.3853092193603516,3.813243865966797,0.24985191226005554,0.0005,628.4210104942322
4152,27,148,528258,128,4.2511467933654785,3.8561151027679443,3.9226324558258057,0.276840478181839,0.0005,628.5599830150604
4153,27,149,528386,128,3.884564161300659,3.4955029487609863,3.8699285984039307,0.20682431757450104,0.0005,628.7028293609619
4154,27,150,528514,128,3.7397446632385254,3.340977191925049,3.962745189666748,0.24929435551166534,0.0005,628.8417310714722
4155,27,151,528642,128,3.153996706008911,2.7655792236328125,3.859009265899658,0.25164833664894104,0.0005,628.9811248779297
4156,27,152,528770,128,2.976210117340088,2.5801260471343994,3.9360735416412354,0.24767331779003143,0.0005,629.1204693317413
4157,27,153,528898,128,4.889545440673828,4.468662738800049,4.181163311004639,0.2766847610473633,0.0005,629.2640511989594
4158,27,154,528903,5,2.1811013221740723,1.6493908166885376,5.300172805786133,0.1693323403596878,0.0005,629.3966238498688
4159,28,1,529031,128,4.280253887176514,3.8671462535858154,4.1057634353637695,0.25316303968429565,0.0005,630.8708457946777
4160,28,2,529159,128,3.7693846225738525,3.35717511177063,4.097800254821777,0.2429453283548355,0.0005,631.0087404251099
4161,28,3,529287,128,3.5295467376708984,3.1170828342437744,4.099120140075684,0.25517505407333374,0.0005,631.1489975452423
4162,28,4,529415,128,3.5459916591644287,3.126039505004883,4.173738479614258,0.257832407951355,0.0005,631.2880399227142
4163,28,5,529543,128,4.472382545471191,4.071081638336182,3.9870457649230957,0.2596265375614166,0.0005,631.427205324173
4164,28,6,529671,128,3.779726505279541,3.334728717803955,4.421325206756592,0.2865217924118042,0.0005,631.5802896022797
4165,28,7,529799,128,3.4130337238311768,3.011461019515991,3.984461545944214,0.3126506507396698,0.0005,631.7173326015472
4166,28,8,529927,128,3.7221908569335938,3.2986416816711426,4.20762300491333,0.27868491411209106,0.0005,631.8556206226349
4167,28,9,530055,128,4.00555419921875,3.589077949523926,4.140026569366455,0.2473914623260498,0.0005,631.9924564361572
4168,28,10,530183,128,3.7794528007507324,3.3368282318115234,4.398109436035156,0.2813461720943451,0.0005,632.1295695304871
4169,28,11,530311,128,3.120404005050659,2.7111241817474365,4.060556888580322,0.3224177360534668,0.0005,632.2671139240265
4170,28,12,530439,128,3.8821442127227783,3.4678268432617188,4.116853713989258,0.26318255066871643,0.0005,632.405930519104
4171,28,13,530567,128,2.7114498615264893,2.2763304710388184,4.329807758331299,0.21385318040847778,0.0005,632.5494666099548
4172,28,14,530695,128,3.3796682357788086,2.960205316543579,4.169246673583984,0.25381022691726685,0.0005,632.7017660140991
4173,28,15,530823,128,4.923248291015625,4.487548351287842,4.326898574829102,0.3010115623474121,0.0005,632.8405096530914
4174,28,16,530951,128,4.4897050857543945,4.06191349029541,4.249095439910889,0.2881793975830078,0.0005,632.9824194908142
4175,28,17,531079,128,3.044614315032959,2.6289472579956055,4.135350704193115,0.2131868302822113,0.0005,633.1259589195251
4176,28,18,531207,128,2.971147298812866,2.584852457046509,3.8386523723602295,0.24297499656677246,0.0005,633.2673287391663
4177,28,19,531335,128,4.252110958099365,3.8285813331604004,4.212188243865967,0.23108625411987305,0.0005,633.4063813686371
4178,28,20,531463,128,2.942103624343872,2.537588119506836,4.021051406860352,0.24103902280330658,0.0005,633.5469853878021
4179,28,21,531591,128,3.6887903213500977,3.278284788131714,4.081441402435303,0.23613066971302032,0.0005,633.687114238739
4180,28,22,531719,128,3.4952268600463867,3.0757651329040527,4.168768882751465,0.2584835886955261,0.0005,633.82554936409
4181,28,23,531847,128,3.3884289264678955,2.9482803344726562,4.370500564575195,0.3098391592502594,0.0005,633.9644732475281
4182,28,24,531975,128,5.416628360748291,4.994136810302734,4.200404644012451,0.24510683119297028,0.0005,634.106240272522
4183,28,25,532103,128,3.3151357173919678,2.93123197555542,3.815755844116211,0.23280657827854156,0.0005,634.2453756332397
4184,28,26,532231,128,3.4234142303466797,2.993604898452759,4.272806644439697,0.25285813212394714,0.0005,634.383636713028
4185,28,27,532359,128,4.562134742736816,4.149359703063965,4.099012851715088,0.287401020526886,0.0005,634.5221652984619
4186,28,28,532487,128,4.489259719848633,4.079516887664795,4.076106548309326,0.21322771906852722,0.0005,634.6630780696869
4187,28,29,532615,128,3.3798041343688965,2.9663643836975098,4.106293678283691,0.281039834022522,0.0005,634.8013415336609
4188,28,30,532743,128,4.129545211791992,3.7023441791534424,4.2468390464782715,0.2517038583755493,0.0005,634.9398698806763
4189,28,31,532871,128,4.16348934173584,3.749711036682129,4.112990856170654,0.24789048731327057,0.0005,635.0795931816101
4190,28,32,532999,128,4.393361568450928,3.97650408744812,4.141018867492676,0.2755836546421051,0.0005,635.2190351486206
4191,28,33,533127,128,2.967787265777588,2.5503745079040527,4.1512017250061035,0.22926920652389526,0.0005,635.356600522995
4192,28,34,533255,128,4.235401630401611,3.826409339904785,4.066285133361816,0.2363751381635666,0.0005,635.4970808029175
4193,28,35,533383,128,4.074246406555176,3.6294403076171875,4.423099040985107,0.24962188303470612,0.0005,635.6376690864563
4194,28,36,533511,128,3.1359732151031494,2.7262346744537354,4.073572635650635,0.23813296854496002,0.0005,635.7747120857239
4195,28,37,533639,128,3.3677620887756348,2.9844954013824463,3.8105480670928955,0.22118309140205383,0.0005,635.9117872714996
4196,28,38,533767,128,3.388031005859375,2.9854769706726074,3.999357223510742,0.26184070110321045,0.0005,636.0539128780365
4197,28,39,533895,128,3.2430591583251953,2.8188631534576416,4.217635631561279,0.24323749542236328,0.0005,636.193635225296
4198,28,40,534023,128,4.014537334442139,3.6113650798797607,4.003142833709717,0.28582045435905457,0.0005,636.3334538936615
4199,28,41,534151,128,3.4836807250976562,3.052732467651367,4.284580707550049,0.2490367889404297,0.0005,636.4744365215302
4200,28,42,534279,128,3.531320095062256,3.1212737560272217,4.073093414306641,0.27370142936706543,0.0005,636.6138608455658
4201,28,43,534407,128,3.790858268737793,3.383219003677368,4.05426549911499,0.22127553820610046,0.0005,636.7508738040924
4202,28,44,534535,128,3.288329601287842,2.8997058868408203,3.857574939727783,0.2866228520870209,0.0005,636.8890430927277
4203,28,45,534663,128,2.934251070022583,2.522089719772339,4.093216419219971,0.28399085998535156,0.0005,637.0283627510071
4204,28,46,534791,128,4.583888530731201,4.168071269989014,4.130970478057861,0.2720141112804413,0.0005,637.1661214828491
4205,28,47,534919,128,3.8717222213745117,3.473548173904419,3.956113815307617,0.25627443194389343,0.0005,637.3078372478485
4206,28,48,535047,128,2.694694757461548,2.2940621376037598,3.9825031757354736,0.23821918666362762,0.0005,637.4474034309387
4207,28,49,535175,128,4.403007507324219,3.984527111053467,4.1585493087768555,0.2625274062156677,0.0005,637.589861869812
4208,28,50,535303,128,3.3902740478515625,2.992877244949341,3.9512081146240234,0.22759048640727997,0.0005,637.7361397743225
4209,28,51,535431,128,3.3263461589813232,2.900369644165039,4.237156867980957,0.2260817438364029,0.0005,637.8734188079834
4210,28,52,535559,128,2.95908784866333,2.538994312286377,4.1734089851379395,0.2752571702003479,0.0005,638.0118954181671
4211,28,53,535687,128,3.396144151687622,2.9453749656677246,4.480706691741943,0.2698485851287842,0.0005,638.1502735614777
4212,28,54,535815,128,3.034227132797241,2.5930285453796387,4.385657787322998,0.2632884979248047,0.0005,638.2875883579254
4213,28,55,535943,128,3.6447737216949463,3.2139391899108887,4.279298305511475,0.29047104716300964,0.0005,638.4254004955292
4214,28,56,536071,128,4.724740028381348,4.304884433746338,4.173064708709717,0.2549404799938202,0.0005,638.5676383972168
4215,28,57,536199,128,3.7175467014312744,3.312624216079712,4.02608585357666,0.23139187693595886,0.0005,638.7085592746735
4216,28,58,536327,128,3.522879123687744,3.102095603942871,4.177341461181641,0.30493244528770447,0.0005,638.8485989570618
4217,28,59,536455,128,2.805070638656616,2.4139187335968018,3.8873183727264404,0.24202373623847961,0.0005,638.9894037246704
4218,28,60,536583,128,3.3896214962005615,2.9812843799591064,4.059283256530762,0.24088077247142792,0.0005,639.1321477890015
4219,28,61,536711,128,3.5594825744628906,3.1856141090393066,3.718881130218506,0.19802843034267426,0.0005,639.2736871242523
4220,28,62,536839,128,3.5006086826324463,3.096881628036499,4.013286590576172,0.23985549807548523,0.0005,639.4149653911591
4221,28,63,536967,128,3.867460012435913,3.4636178016662598,4.010537147521973,0.27884554862976074,0.0005,639.5576956272125
4222,28,64,537095,128,3.7104876041412354,3.3147571086883545,3.9333040714263916,0.2400140017271042,0.0005,639.7006077766418
4223,28,65,537223,128,3.869633197784424,3.45890474319458,4.0854291915893555,0.21855151653289795,0.0005,639.8394713401794
4224,28,66,537351,128,3.223780393600464,2.8141539096832275,4.071295738220215,0.2496940940618515,0.0005,639.9769985675812
4225,28,67,537479,128,2.9303290843963623,2.5183937549591064,4.097670078277588,0.21683160960674286,0.0005,640.117039680481
4226,28,68,537607,128,4.200841903686523,3.7675836086273193,4.306350231170654,0.2623160481452942,0.0005,640.2556447982788
4227,28,69,537735,128,3.306535243988037,2.9000027179718018,4.040409564971924,0.2491537481546402,0.0005,640.3942279815674
4228,28,70,537863,128,3.2124719619750977,2.8264267444610596,3.835273265838623,0.25179755687713623,0.0005,640.5346703529358
4229,28,71,537991,128,3.667793035507202,3.2669365406036377,3.9846503734588623,0.2391471117734909,0.0005,640.6759791374207
4230,28,72,538119,128,3.5835025310516357,3.183292865753174,3.9797608852386475,0.2233409881591797,0.0005,640.8143658638
4231,28,73,538247,128,4.297956466674805,3.8866374492645264,4.089329242706299,0.23863066732883453,0.0005,640.9535143375397
4232,28,74,538375,128,3.99613356590271,3.5774378776550293,4.160611152648926,0.26345348358154297,0.0005,641.0947701931
4233,28,75,538503,128,4.073111534118652,3.6381025314331055,4.322488307952881,0.2759779691696167,0.0005,641.2323558330536
4234,28,76,538631,128,3.6344873905181885,3.2361812591552734,3.9565374851226807,0.26523539423942566,0.0005,641.3703515529633
4235,28,77,538759,128,5.035427093505859,4.5906853675842285,4.41983699798584,0.2757883369922638,0.0005,641.5127639770508
4236,28,78,538887,128,3.342524290084839,2.9026169776916504,4.372726917266846,0.2634640336036682,0.0005,641.6554343700409
4237,28,79,539015,128,4.287153720855713,3.874706268310547,4.100806713104248,0.23664239048957825,0.0005,641.793119430542
4238,28,80,539143,128,3.582380771636963,3.166940450668335,4.123633861541748,0.30770719051361084,0.0005,641.929604768753
4239,28,81,539271,128,3.819748640060425,3.367360830307007,4.491876602172852,0.32000651955604553,0.0005,642.0694446563721
4240,28,82,539399,128,3.060187578201294,2.6555490493774414,4.019983291625977,0.26401451230049133,0.0005,642.2101385593414
4241,28,83,539527,128,3.580052137374878,3.1539502143859863,4.234292030334473,0.2672640085220337,0.0005,642.3470346927643
4242,28,84,539655,128,3.1748507022857666,2.759350299835205,4.1251068115234375,0.29897356033325195,0.0005,642.4869933128357
4243,28,85,539783,128,4.068858623504639,3.6510064601898193,4.151623249053955,0.2689792215824127,0.0005,642.6273617744446
4244,28,86,539911,128,3.8159244060516357,3.3465993404388428,4.660988807678223,0.32263118028640747,0.0005,642.7639067173004
4245,28,87,540039,128,3.1090500354766846,2.7022011280059814,4.043271541595459,0.25218257308006287,0.0005,642.9022872447968
4246,28,88,540167,128,2.819460153579712,2.436770439147949,3.803415536880493,0.23482365906238556,0.0005,643.0412335395813
4247,28,89,540295,128,3.339190721511841,2.951413154602051,3.8522584438323975,0.2551761567592621,0.0005,643.1823296546936
4248,28,90,540423,128,3.6088383197784424,3.196556329727173,4.095405578613281,0.27413079142570496,0.0005,643.3212945461273
4249,28,91,540551,128,2.6093363761901855,2.188697099685669,4.185873031616211,0.2052115947008133,0.0005,643.4597806930542
4250,28,92,540679,128,3.5690555572509766,3.1296353340148926,4.371395111083984,0.22807444632053375,0.0005,643.5975708961487
4251,28,93,540807,128,2.799164295196533,2.3684539794921875,4.275434494018555,0.3166896104812622,0.0005,643.7418434619904
4252,28,94,540935,128,4.4776811599731445,4.065488338470459,4.100188732147217,0.21737392246723175,0.0005,643.8827621936798
4253,28,95,541063,128,3.749445915222168,3.34582781791687,4.009478569030762,0.26702064275741577,0.0005,644.0319101810455
4254,28,96,541191,128,3.4670965671539307,3.051461696624756,4.127471446990967,0.28878161311149597,0.0005,644.1731288433075
4255,28,97,541319,128,3.786977529525757,3.3725547790527344,4.122838020324707,0.21389411389827728,0.0005,644.3113496303558
4256,28,98,541447,128,3.638728141784668,3.2479467391967773,3.881314992904663,0.2649819850921631,0.0005,644.448447227478
4257,28,99,541575,128,3.539336919784546,3.1261491775512695,4.106506824493408,0.2537078857421875,0.0005,644.5907022953033
4258,28,100,541703,128,3.255587339401245,2.8411474227905273,4.11826229095459,0.26138803362846375,0.0005,644.7322678565979
4259,28,101,541831,128,3.5897057056427,3.200162410736084,3.867217540740967,0.2821451425552368,0.0005,644.8700702190399
4260,28,102,541959,128,3.9831032752990723,3.5793583393096924,4.01356840133667,0.2387886494398117,0.0005,645.0108890533447
4261,28,103,542087,128,3.9987192153930664,3.589752435684204,4.064778804779053,0.24888364970684052,0.0005,645.1690714359283
4262,28,104,542215,128,3.4755654335021973,3.0782523155212402,3.9494645595550537,0.2366541624069214,0.0005,645.309722661972
4263,28,105,542343,128,3.962110757827759,3.5153369903564453,4.44298791885376,0.24749690294265747,0.0005,645.4502177238464
4264,28,106,542471,128,3.3458077907562256,2.9183666706085205,4.251407146453857,0.23004139959812164,0.0005,645.5915803909302
4265,28,107,542599,128,3.850708484649658,3.4413747787475586,4.069902420043945,0.2343323826789856,0.0005,645.7374370098114
4266,28,108,542727,128,3.349975347518921,2.943969249725342,4.037168502807617,0.22891844809055328,0.0005,645.8777232170105
4267,28,109,542855,128,2.717573404312134,2.311292886734009,4.041667938232422,0.2113923728466034,0.0005,646.0197348594666
4268,28,110,542983,128,3.2738993167877197,2.8752245903015137,3.9603233337402344,0.2642403841018677,0.0005,646.1606585979462
4269,28,111,543111,128,2.3968663215637207,2.0013022422790527,3.9268407821655273,0.28801020979881287,0.0005,646.3020837306976
4270,28,112,543239,128,4.484151363372803,4.075554370880127,4.054243087768555,0.3172979950904846,0.0005,646.4462857246399
4271,28,113,543367,128,3.410468101501465,3.0194733142852783,3.883845806121826,0.2610182762145996,0.0005,646.5986227989197
4272,28,114,543495,128,3.607046365737915,3.214249849319458,3.9032909870147705,0.2467491626739502,0.0005,646.7536034584045
4273,28,115,543623,128,2.7923314571380615,2.4126393795013428,3.774566650390625,0.2235403060913086,0.0005,646.895299911499
4274,28,116,543751,128,3.464252233505249,3.040872573852539,4.20811128616333,0.25685739517211914,0.0005,647.0437498092651
4275,28,117,543879,128,3.4027793407440186,2.963757276535034,4.365408420562744,0.24811066687107086,0.0005,647.1853580474854
4276,28,118,544007,128,3.591731548309326,3.1613059043884277,4.27751350402832,0.2674335539340973,0.0005,647.3232905864716
4277,28,119,544135,128,4.268702983856201,3.8449478149414062,4.2091217041015625,0.28431010246276855,0.0005,647.4603853225708
4278,28,120,544263,128,3.0912232398986816,2.6913905143737793,3.9691455364227295,0.29182446002960205,0.0005,647.6009936332703
4279,28,121,544391,128,5.044111728668213,4.60968542098999,4.314590930938721,0.2967536747455597,0.0005,647.739187002182
4280,28,122,544519,128,3.0080039501190186,2.5895042419433594,4.16193962097168,0.23056425154209137,0.0005,647.879887342453
4281,28,123,544647,128,4.167306900024414,3.7245895862579346,4.401233673095703,0.259382039308548,0.0005,648.0248713493347
4282,28,124,544775,128,3.9604804515838623,3.530704975128174,4.269370079040527,0.28383690118789673,0.0005,648.1654193401337
4283,28,125,544903,128,4.299010276794434,3.8981194496154785,3.9799304008483887,0.289772629737854,0.0005,648.3072171211243
4284,28,126,545031,128,3.647120952606201,3.246678590774536,3.9754936695098877,0.28929707407951355,0.0005,648.444589138031
4285,28,127,545159,128,4.160762786865234,3.739429235458374,4.187172889709473,0.2616414725780487,0.0005,648.5865681171417
4286,28,128,545287,128,3.4751641750335693,3.068540573120117,4.044033050537109,0.22204262018203735,0.0005,648.7254555225372
4287,28,129,545415,128,2.4694323539733887,2.0673842430114746,3.998250722885132,0.22229403257369995,0.0005,648.8632798194885
4288,28,130,545543,128,2.8936657905578613,2.489990711212158,4.012934684753418,0.23816092312335968,0.0005,649.0012395381927
4289,28,131,545671,128,3.476572036743164,3.0627927780151367,4.112049579620361,0.257423996925354,0.0005,649.1447780132294
4290,28,132,545799,128,3.340252637863159,2.9558796882629395,3.8197758197784424,0.2395392209291458,0.0005,649.2865674495697
4291,28,133,545927,128,3.882063388824463,3.4555892944335938,4.2365241050720215,0.2821738123893738,0.0005,649.4360852241516
4292,28,134,546055,128,4.393102645874023,3.989488363265991,4.009696960449219,0.2644715905189514,0.0005,649.5796263217926
4293,28,135,546183,128,3.0408365726470947,2.631460666656494,4.069212436676025,0.24547389149665833,0.0005,649.7263715267181
4294,28,136,546311,128,3.8902344703674316,3.473365306854248,4.142830848693848,0.25861847400665283,0.0005,649.865175485611
4295,28,137,546439,128,3.622183322906494,3.2205560207366943,3.9869704246520996,0.2930157482624054,0.0005,650.0059053897858
4296,28,138,546567,128,2.724989891052246,2.33168363571167,3.9046483039855957,0.28415751457214355,0.0005,650.1489043235779
4297,28,139,546695,128,3.883631467819214,3.5004405975341797,3.807642936706543,0.2426658421754837,0.0005,650.2932860851288
4298,28,140,546823,128,4.2619524002075195,3.848952531814575,4.103011131286621,0.26991111040115356,0.0005,650.4348104000092
4299,28,141,546951,128,4.112102508544922,3.6838269233703613,4.254883766174316,0.2787180244922638,0.0005,650.5804646015167
4300,28,142,547079,128,3.901780128479004,3.4633235931396484,4.355937480926514,0.28626635670661926,0.0005,650.7221064567566
4301,28,143,547207,128,4.349949836730957,3.921794891357422,4.254917621612549,0.2662906348705292,0.0005,650.8643865585327
4302,28,144,547335,128,4.007798194885254,3.562105417251587,4.432112693786621,0.24815914034843445,0.0005,651.0127725601196
4303,28,145,547463,128,3.919253349304199,3.496936321258545,4.202066421508789,0.211040660738945,0.0005,651.1522138118744
4304,28,146,547591,128,3.45316481590271,3.043056011199951,4.076925754547119,0.24162112176418304,0.0005,651.2911758422852
4305,28,147,547719,128,3.5957846641540527,3.1775054931640625,4.1584882736206055,0.24303901195526123,0.0005,651.4321496486664
4306,28,148,547847,128,4.353188514709473,3.91906476020813,4.319543838500977,0.21698321402072906,0.0005,651.5771286487579
4307,28,149,547975,128,3.737989902496338,3.317034959793091,4.181911468505859,0.27636799216270447,0.0005,651.7168250083923
4308,28,150,548103,128,3.493171215057373,3.092714786529541,3.9792447090148926,0.2532077431678772,0.0005,651.8576622009277
4309,28,151,548231,128,4.349428176879883,3.947188377380371,4.0020036697387695,0.2039465308189392,0.0005,652.0006377696991
4310,28,152,548359,128,3.649183750152588,3.2625668048858643,3.845021963119507,0.21148711442947388,0.0005,652.1424868106842
4311,28,153,548487,128,3.7668280601501465,3.382885694503784,3.8172290325164795,0.2219545543193817,0.0005,652.2823550701141
4312,28,154,548492,5,3.2617456912994385,2.867401361465454,3.9209024906158447,0.22538986802101135,0.0005,652.4136824607849
4313,29,1,548620,128,2.8771495819091797,2.464264392852783,4.102851867675781,0.26000043749809265,0.0005,653.899980545044
4314,29,2,548748,128,3.000486135482788,2.576071262359619,4.214724540710449,0.29423362016677856,0.0005,654.0426478385925
4315,29,3,548876,128,2.653991937637329,2.2458810806274414,4.054666519165039,0.26443660259246826,0.0005,654.1857476234436
4316,29,4,549004,128,2.79594349861145,2.3650636672973633,4.27899169921875,0.2980599105358124,0.0005,654.3269188404083
4317,29,5,549132,128,2.89316463470459,2.4743053913116455,4.16510009765625,0.23491784930229187,0.0005,654.4687962532043
4318,29,6,549260,128,3.2390778064727783,2.8237080574035645,4.132230758666992,0.2146713137626648,0.0005,654.6117227077484
4319,29,7,549388,128,4.240035533905029,3.8228023052215576,4.1512627601623535,0.2107321172952652,0.0005,654.7514746189117
4320,29,8,549516,128,3.6258859634399414,3.237870454788208,3.8585269451141357,0.21628618240356445,0.0005,654.8915328979492
4321,29,9,549644,128,3.3974502086639404,3.0055952072143555,3.886312246322632,0.32237181067466736,0.0005,655.036779165268
4322,29,10,549772,128,3.4061739444732666,3.0042548179626465,3.9943199157714844,0.24871090054512024,0.0005,655.1801376342773
4323,29,11,549900,128,3.424686908721924,3.018494129180908,4.034074306488037,0.27854281663894653,0.0005,655.3221378326416
4324,29,12,550028,128,4.881682395935059,4.467955589294434,4.11261510848999,0.2465468943119049,0.0005,655.4609003067017
4325,29,13,550156,128,3.361490488052368,2.953289747238159,4.0586419105529785,0.23364506661891937,0.0005,655.6029622554779
4326,29,14,550284,128,3.2041873931884766,2.790174722671509,4.116727828979492,0.23397837579250336,0.0005,655.7451260089874
4327,29,15,550412,128,3.4376187324523926,3.0335657596588135,4.017236232757568,0.23293808102607727,0.0005,655.885641336441
4328,29,16,550540,128,4.2024078369140625,3.7661116123199463,4.336353778839111,0.266065776348114,0.0005,656.029655456543
4329,29,17,550668,128,3.0842411518096924,2.6498725414276123,4.313704013824463,0.29980894923210144,0.0005,656.172595500946
4330,29,18,550796,128,3.799243927001953,3.3659229278564453,4.306549072265625,0.26660773158073425,0.0005,656.3138191699982
4331,29,19,550924,128,3.595395088195801,3.1936631202697754,3.9893548488616943,0.2796458303928375,0.0005,656.4587585926056
4332,29,20,551052,128,3.3161134719848633,2.9345736503601074,3.7896130084991455,0.25784921646118164,0.0005,656.6037786006927
4333,29,21,551180,128,3.2170376777648926,2.8135859966278076,4.007721424102783,0.2679504454135895,0.0005,656.7444226741791
4334,29,22,551308,128,2.9627630710601807,2.5583112239837646,4.021763324737549,0.2275392860174179,0.0005,656.8849365711212
4335,29,23,551436,128,3.4980223178863525,3.1014246940612793,3.9427108764648438,0.23265931010246277,0.0005,657.0245411396027
4336,29,24,551564,128,5.851621150970459,5.4496846199035645,3.997112274169922,0.22252291440963745,0.0005,657.1681072711945
4337,29,25,551692,128,4.113318920135498,3.693632125854492,4.173581600189209,0.23284912109375,0.0005,657.3092272281647
4338,29,26,551820,128,3.781344413757324,3.3719944953918457,4.068968772888184,0.24529793858528137,0.0005,657.4509077072144
4339,29,27,551948,128,3.033954381942749,2.644014596939087,3.8764288425445557,0.22969092428684235,0.0005,657.5938844680786
4340,29,28,552076,128,3.628798484802246,3.209036350250244,4.168859004974365,0.28763070702552795,0.0005,657.7347085475922
4341,29,29,552204,128,3.963481903076172,3.568819284439087,3.92096209526062,0.25664499402046204,0.0005,657.8752245903015
4342,29,30,552332,128,3.4625542163848877,3.0315353870391846,4.285303592681885,0.24882754683494568,0.0005,658.0172336101532
4343,29,31,552460,128,2.7927651405334473,2.399327516555786,3.9081900119781494,0.26185867190361023,0.0005,658.1595635414124
4344,29,32,552588,128,3.167450189590454,2.7496705055236816,4.156542778015137,0.2125435471534729,0.0005,658.3014013767242
4345,29,33,552716,128,3.380286931991577,2.978483200073242,3.9940624237060547,0.2397601455450058,0.0005,658.4425330162048
4346,29,34,552844,128,3.565227508544922,3.168682813644409,3.93735408782959,0.2809268534183502,0.0005,658.5866839885712
4347,29,35,552972,128,3.9548089504241943,3.533677577972412,4.190587520599365,0.20726898312568665,0.0005,658.7285330295563
4348,29,36,553100,128,4.032907962799072,3.6071012020111084,4.233833312988281,0.24231401085853577,0.0005,658.8694412708282
4349,29,37,553228,128,3.4280080795288086,3.0195775032043457,4.056056022644043,0.28249430656433105,0.0005,659.012200832367
4350,29,38,553356,128,3.6024835109710693,3.180994749069214,4.1910719871521,0.2381521612405777,0.0005,659.1541996002197
4351,29,39,553484,128,3.1731345653533936,2.7446274757385254,4.253586769104004,0.3148218095302582,0.0005,659.2960548400879
4352,29,40,553612,128,4.2954936027526855,3.9007842540740967,3.9248974323272705,0.22195175290107727,0.0005,659.4335043430328
4353,29,41,553740,128,3.409088611602783,2.9932801723480225,4.13034725189209,0.2773790955543518,0.0005,659.576810836792
4354,29,42,553868,128,3.572521686553955,3.178258180618286,3.917900800704956,0.24733968079090118,0.0005,659.7192404270172
4355,29,43,553996,128,2.792497158050537,2.3529229164123535,4.366998195648193,0.287428081035614,0.0005,660.2091569900513
4356,29,44,554124,128,3.914519786834717,3.480225086212158,4.3157548904418945,0.2719072103500366,0.0005,660.3512229919434
4357,29,45,554252,128,3.1461448669433594,2.7203657627105713,4.231442928314209,0.2634810507297516,0.0005,660.4968369007111
4358,29,46,554380,128,3.6751224994659424,3.246079683303833,4.2602338790893555,0.3019223213195801,0.0005,660.6397683620453
4359,29,47,554508,128,5.162851333618164,4.734517574310303,4.256689548492432,0.2664729356765747,0.0005,660.7818560600281
4360,29,48,554636,128,4.290498733520508,3.867971181869507,4.198437213897705,0.2683725357055664,0.0005,660.9317736625671
4361,29,49,554764,128,2.5054121017456055,2.1039373874664307,3.991514205932617,0.23233310878276825,0.0005,661.0745265483856
4362,29,50,554892,128,5.700721740722656,5.307787895202637,3.900519371032715,0.28821203112602234,0.0005,661.2221341133118
4363,29,51,555020,128,4.134861946105957,3.730062484741211,4.022768020629883,0.25225043296813965,0.0005,661.3647263050079
4364,29,52,555148,128,4.065638542175293,3.6715903282165527,3.915151834487915,0.25329074263572693,0.0005,661.5078990459442
4365,29,53,555276,128,3.27284836769104,2.8404061794281006,4.296494960784912,0.2792602777481079,0.0005,661.6502115726471
4366,29,54,555404,128,2.7842350006103516,2.3706765174865723,4.1093597412109375,0.2622552216053009,0.0005,661.7904698848724
4367,29,55,555532,128,3.722860336303711,3.2865569591522217,4.333316326141357,0.2971649467945099,0.0005,661.9327938556671
4368,29,56,555660,128,3.750070095062256,3.335714340209961,4.120053768157959,0.23502251505851746,0.0005,662.0750660896301
4369,29,57,555788,128,3.0162930488586426,2.600034713745117,4.1342267990112305,0.2835847735404968,0.0005,662.2184348106384
4370,29,58,555916,128,4.077951431274414,3.652728796005249,4.225904941558838,0.26320987939834595,0.0005,662.3630075454712
4371,29,59,556044,128,3.470952272415161,3.0628254413604736,4.053020477294922,0.28248217701911926,0.0005,662.505402803421
4372,29,60,556172,128,4.4176554679870605,4.000290393829346,4.147340774536133,0.2631148397922516,0.0005,662.6484069824219
4373,29,61,556300,128,3.300593614578247,2.8838493824005127,4.141223430633545,0.26218584179878235,0.0005,662.8020062446594
4374,29,62,556428,128,3.2948052883148193,2.886847734451294,4.052885055541992,0.2669129967689514,0.0005,662.9553871154785
4375,29,63,556556,128,4.163415908813477,3.7517483234405518,4.089109420776367,0.2756752371788025,0.0005,663.0977201461792
4376,29,64,556684,128,3.285381317138672,2.8583428859710693,4.245917797088623,0.2446751892566681,0.0005,663.2416026592255
4377,29,65,556812,128,3.7097814083099365,3.2705559730529785,4.3657755851745605,0.26478683948516846,0.0005,663.3951942920685
4378,29,66,556940,128,3.779200553894043,3.3685901165008545,4.080841064453125,0.2526382803916931,0.0005,663.5383439064026
4379,29,67,557068,128,3.792597532272339,3.3592185974121094,4.310990333557129,0.22799426317214966,0.0005,663.6805732250214
4380,29,68,557196,128,3.0154623985290527,2.5891928672790527,4.234260559082031,0.28433993458747864,0.0005,663.8252151012421
4381,29,69,557324,128,3.439807415008545,3.0050411224365234,4.321223258972168,0.26440557837486267,0.0005,663.9667670726776
4382,29,70,557452,128,2.985868453979492,2.5952703952789307,3.882351875305176,0.23629851639270782,0.0005,664.109875202179
4383,29,71,557580,128,3.2607455253601074,2.853646755218506,4.04304313659668,0.2794604003429413,0.0005,664.2511870861053
4384,29,72,557708,128,3.9467837810516357,3.550830364227295,3.936573028564453,0.2296302169561386,0.0005,664.3912711143494
4385,29,73,557836,128,4.12886381149292,3.698462724685669,4.280856609344482,0.23153775930404663,0.0005,664.5357050895691
4386,29,74,557964,128,3.840069055557251,3.4226698875427246,4.150778293609619,0.23211883008480072,0.0005,664.680150270462
4387,29,75,558092,128,3.6420845985412598,3.229849338531494,4.097283363342285,0.25069698691368103,0.0005,664.8209910392761
4388,29,76,558220,128,3.7732741832733154,3.35457181930542,4.16001558303833,0.27007976174354553,0.0005,664.962217092514
4389,29,77,558348,128,2.899479627609253,2.490142583847046,4.0700836181640625,0.23287251591682434,0.0005,665.108128786087
4390,29,78,558476,128,4.503260612487793,4.0929484367370605,4.081031322479248,0.22094081342220306,0.0005,665.2503361701965
4391,29,79,558604,128,3.0239925384521484,2.6054465770721436,4.158197402954102,0.27262264490127563,0.0005,665.3948712348938
4392,29,80,558732,128,3.780064344406128,3.356076955795288,4.214810371398926,0.25062063336372375,0.0005,665.5379836559296
4393,29,81,558860,128,2.7194581031799316,2.3073935508728027,4.097967624664307,0.22678062319755554,0.0005,665.6787688732147
4394,29,82,558988,128,3.151801586151123,2.735520124435425,4.135833263397217,0.2698095142841339,0.0005,665.8207921981812
4395,29,83,559116,128,2.428382158279419,2.0331156253814697,3.925797700881958,0.268675833940506,0.0005,665.9633822441101
4396,29,84,559244,128,3.027007579803467,2.614095449447632,4.097438812255859,0.31683796644210815,0.0005,666.1055538654327
4397,29,85,559372,128,3.265738010406494,2.8417766094207764,4.211176872253418,0.284351646900177,0.0005,666.2471392154694
4398,29,86,559500,128,3.822843551635742,3.4301235675811768,3.900707960128784,0.26493093371391296,0.0005,666.3882713317871
4399,29,87,559628,128,3.852302312850952,3.4621260166168213,3.87188720703125,0.2987685203552246,0.0005,666.5309720039368
4400,29,88,559756,128,3.7093429565429688,3.3053808212280273,4.010011672973633,0.2961025834083557,0.0005,666.6719734668732
4401,29,89,559884,128,3.7993216514587402,3.3605945110321045,4.3616437911987305,0.2562708854675293,0.0005,666.8138110637665
4402,29,90,560012,128,3.4525508880615234,3.00347638130188,4.462153434753418,0.2859106957912445,0.0005,666.9540457725525
4403,29,91,560140,128,3.2406792640686035,2.840461254119873,3.9737064838409424,0.28474316000938416,0.0005,667.0953130722046
4404,29,92,560268,128,5.209062576293945,4.805971622467041,4.005175590515137,0.2573579251766205,0.0005,667.2365484237671
4405,29,93,560396,128,3.9986724853515625,3.5623223781585693,4.340777397155762,0.22724369168281555,0.0005,667.3765363693237
4406,29,94,560524,128,3.180968999862671,2.756807327270508,4.212771415710449,0.2884680926799774,0.0005,667.5177931785583
4407,29,95,560652,128,3.8435163497924805,3.417401075363159,4.234139919281006,0.27012190222740173,0.0005,667.6592633724213
4408,29,96,560780,128,3.227505683898926,2.84334659576416,3.818331718444824,0.23259040713310242,0.0005,667.8012082576752
4409,29,97,560908,128,4.096039772033691,3.658534049987793,4.350778579711914,0.24280276894569397,0.0005,667.942843914032
4410,29,98,561036,128,3.8422794342041016,3.4242429733276367,4.154245376586914,0.2611878216266632,0.0005,668.086149930954
4411,29,99,561164,128,4.395270824432373,3.9709134101867676,4.216231822967529,0.2734317481517792,0.0005,668.227454662323
4412,29,100,561292,128,4.556151866912842,4.149593830108643,4.042696952819824,0.22883708775043488,0.0005,668.3651216030121
4413,29,101,561420,128,2.872981309890747,2.448185682296753,4.222773551940918,0.2518281638622284,0.0005,668.5014023780823
4414,29,102,561548,128,2.8552942276000977,2.4434268474578857,4.091403484344482,0.27270621061325073,0.0005,668.6452314853668
4415,29,103,561676,128,4.021019458770752,3.586751937866211,4.313496112823486,0.29178011417388916,0.0005,668.7853462696075
4416,29,104,561804,128,3.5766446590423584,3.183189868927002,3.9101340770721436,0.24413838982582092,0.0005,668.9266345500946
4417,29,105,561932,128,3.9080255031585693,3.496124744415283,4.096561908721924,0.22444801032543182,0.0005,669.0741739273071
4418,29,106,562060,128,4.503218650817871,4.105828285217285,3.9478743076324463,0.2603290379047394,0.0005,669.2177593708038
4419,29,107,562188,128,3.900101900100708,3.508349895477295,3.8905491828918457,0.26969799399375916,0.0005,669.3587338924408
4420,29,108,562316,128,4.476698398590088,4.06523323059082,4.088715076446533,0.2593609690666199,0.0005,669.500734090805
4421,29,109,562444,128,3.3555710315704346,2.942103624343872,4.109259605407715,0.2541540563106537,0.0005,669.6442756652832
4422,29,110,562572,128,4.0352959632873535,3.625025987625122,4.074023246765137,0.28679159283638,0.0005,669.785361289978
4423,29,111,562700,128,2.9581496715545654,2.5274877548217773,4.276100158691406,0.30521002411842346,0.0005,669.9469721317291
4424,29,112,562828,128,3.623685836791992,3.2041609287261963,4.164706230163574,0.3054419755935669,0.0005,670.0939743518829
4425,29,113,562956,128,3.434077739715576,3.001831531524658,4.293708801269531,0.2875225841999054,0.0005,670.2400085926056
4426,29,114,563084,128,5.208476543426514,4.774142742156982,4.311142444610596,0.3219691514968872,0.0005,670.3816599845886
4427,29,115,563212,128,3.647062063217163,3.21756649017334,4.267785549163818,0.2716977000236511,0.0005,670.5235967636108
4428,29,116,563340,128,4.098691463470459,3.6733548641204834,4.22635555267334,0.27012374997138977,0.0005,670.6656422615051
4429,29,117,563468,128,3.618515729904175,3.2099599838256836,4.0602335929870605,0.25324323773384094,0.0005,670.8077714443207
4430,29,118,563596,128,3.1427547931671143,2.716683864593506,4.236834526062012,0.23874777555465698,0.0005,670.9554679393768
4431,29,119,563724,128,2.8661136627197266,2.450701951980591,4.13004732131958,0.2407061755657196,0.0005,671.0964767932892
4432,29,120,563852,128,3.0624024868011475,2.6628127098083496,3.97312068939209,0.2277582436800003,0.0005,671.2375495433807
4433,29,121,563980,128,3.142902374267578,2.734342336654663,4.058907985687256,0.26692429184913635,0.0005,671.3798549175262
4434,29,122,564108,128,2.962158441543579,2.5953423976898193,3.6423168182373047,0.2584487199783325,0.0005,671.5226912498474
4435,29,123,564236,128,4.060119152069092,3.650360107421875,4.068451881408691,0.2914044260978699,0.0005,671.665360212326
4436,29,124,564364,128,3.8448383808135986,3.467888355255127,3.7415952682495117,0.2790376842021942,0.0005,671.8069438934326
4437,29,125,564492,128,4.238555908203125,3.850907564163208,3.84978985786438,0.26694256067276,0.0005,671.9492499828339
4438,29,126,564620,128,2.90431547164917,2.52512788772583,3.76560115814209,0.26274174451828003,0.0005,672.0921311378479
4439,29,127,564748,128,3.3467557430267334,2.9503865242004395,3.9394500255584717,0.24242396652698517,0.0005,672.2342677116394
4440,29,128,564876,128,4.14586877822876,3.733781576156616,4.094888687133789,0.259828120470047,0.0005,672.3753235340118
4441,29,129,565004,128,3.1509087085723877,2.7087149620056152,4.398350238800049,0.23585696518421173,0.0005,672.5194962024689
4442,29,130,565132,128,3.9635226726531982,3.522318124771118,4.387202262878418,0.24842627346515656,0.0005,672.6622776985168
4443,29,131,565260,128,3.6013102531433105,3.1566295623779297,4.4226579666137695,0.24149063229560852,0.0005,672.8039135932922
4444,29,132,565388,128,4.359467029571533,3.9620189666748047,3.951058864593506,0.23419898748397827,0.0005,672.9468183517456
4445,29,133,565516,128,3.0661251544952393,2.6427619457244873,4.207098484039307,0.265347421169281,0.0005,673.0897557735443
4446,29,134,565644,128,3.7232797145843506,3.303483486175537,4.168365955352783,0.2959657609462738,0.0005,673.2312355041504
4447,29,135,565772,128,2.852219820022583,2.4489195346832275,4.004566669464111,0.28436169028282166,0.0005,673.3723087310791
4448,29,136,565900,128,3.827449083328247,3.4104361534118652,4.141358375549316,0.28770703077316284,0.0005,673.5144491195679
4449,29,137,566028,128,3.0651333332061768,2.6840708255767822,3.7877018451690674,0.22922880947589874,0.0005,673.6563847064972
4450,29,138,566156,128,3.293903112411499,2.9071290493011475,3.840820789337158,0.2692056894302368,0.0005,673.7979364395142
4451,29,139,566284,128,3.9790921211242676,3.597205400466919,3.793119192123413,0.2574954330921173,0.0005,673.9384083747864
4452,29,140,566412,128,2.950864791870117,2.5328617095947266,4.153205394744873,0.2682439982891083,0.0005,674.081547498703
4453,29,141,566540,128,3.354205846786499,2.9427969455718994,4.091628551483154,0.22461840510368347,0.0005,674.2226841449738
4454,29,142,566668,128,3.1055378913879395,2.717731475830078,3.857009172439575,0.21053631603717804,0.0005,674.3642764091492
4455,29,143,566796,128,3.159607172012329,2.773134469985962,3.8356947898864746,0.2903192341327667,0.0005,674.5052485466003
4456,29,144,566924,128,3.0376853942871094,2.629301071166992,4.05811882019043,0.2572510540485382,0.0005,674.6477494239807
4457,29,145,567052,128,3.4434452056884766,3.028588056564331,4.124814987182617,0.23755782842636108,0.0005,674.7879672050476
4458,29,146,567180,128,2.767533302307129,2.370053768157959,3.9513347148895264,0.2346147894859314,0.0005,674.9306230545044
4459,29,147,567308,128,4.691854953765869,4.267223834991455,4.218715667724609,0.275922566652298,0.0005,675.0724995136261
4460,29,148,567436,128,4.608758449554443,4.182331085205078,4.23776912689209,0.2650482654571533,0.0005,675.2134435176849
4461,29,149,567564,128,3.0496199131011963,2.650526285171509,3.9684689044952393,0.22466151416301727,0.0005,675.3549475669861
4462,29,150,567692,128,4.201114177703857,3.781482458114624,4.1717000007629395,0.24618475139141083,0.0005,675.4967534542084
4463,29,151,567820,128,3.252753734588623,2.8412044048309326,4.092833995819092,0.22658851742744446,0.0005,675.6433944702148
4464,29,152,567948,128,4.387892723083496,3.966968297958374,4.183544635772705,0.25701969861984253,0.0005,675.7848553657532
4465,29,153,568076,128,4.164876937866211,3.7574307918548584,4.048628330230713,0.2583329379558563,0.0005,675.9248611927032
4466,29,154,568081,5,2.029916524887085,1.5375540256500244,4.883589267730713,0.40035054087638855,0.0005,676.060953617096
4467,30,1,568209,128,2.865835666656494,2.4577598571777344,4.053231239318848,0.2752783000469208,0.0005,677.5921320915222
4468,30,2,568337,128,3.9563419818878174,3.555377721786499,3.9828948974609375,0.2674892246723175,0.0005,677.7355182170868
4469,30,3,568465,128,3.941843271255493,3.5263023376464844,4.125143527984619,0.3026483952999115,0.0005,677.8777525424957
4470,30,4,568593,128,4.032101631164551,3.635242223739624,3.943486213684082,0.2510862946510315,0.0005,678.024085521698
4471,30,5,568721,128,3.6695637702941895,3.2553811073303223,4.119424819946289,0.2240133285522461,0.0005,678.1786787509918
4472,30,6,568849,128,3.3006649017333984,2.8794214725494385,4.187982082366943,0.24451743066310883,0.0005,678.320782661438
4473,30,7,568977,128,3.6371803283691406,3.2146596908569336,4.2006611824035645,0.24545414745807648,0.0005,678.4572780132294
4474,30,8,569105,128,3.1613168716430664,2.706286907196045,4.526861667633057,0.2343912124633789,0.0005,678.6005868911743
4475,30,9,569233,128,3.9765703678131104,3.5750648975372314,3.996427536010742,0.18627148866653442,0.0005,678.7434911727905
4476,30,10,569361,128,2.8773646354675293,2.4293856620788574,4.4540534019470215,0.25736498832702637,0.0005,678.8865103721619
4477,30,11,569489,128,3.64894700050354,3.2256453037261963,4.212374687194824,0.20641383528709412,0.0005,679.0293397903442
4478,30,12,569617,128,3.5285744667053223,3.131382465362549,3.954775810241699,0.17145375907421112,0.0005,679.1720678806305
4479,30,13,569745,128,3.6201183795928955,3.22304630279541,3.949873685836792,0.20846246182918549,0.0005,679.3151466846466
4480,30,14,569873,128,4.70545768737793,4.288802146911621,4.141835689544678,0.24718229472637177,0.0005,679.4555397033691
4481,30,15,570001,128,3.2262661457061768,2.8403472900390625,3.833130359649658,0.2606012523174286,0.0005,679.5983324050903
4482,30,16,570129,128,3.8964412212371826,3.51216197013855,3.8188719749450684,0.23921190202236176,0.0005,679.7396810054779
4483,30,17,570257,128,4.301117420196533,3.9190752506256104,3.79671311378479,0.2370961755514145,0.0005,679.8813064098358
4484,30,18,570385,128,3.5911929607391357,3.1775457859039307,4.114202976226807,0.2226736843585968,0.0005,680.0241022109985
4485,30,19,570513,128,3.698030471801758,3.291965961456299,4.04014253616333,0.20502489805221558,0.0005,680.1669209003448
4486,30,20,570641,128,3.2075605392456055,2.7742185592651367,4.307236671447754,0.2618207037448883,0.0005,680.3077614307404
4487,30,21,570769,128,3.3910036087036133,2.9820337295532227,4.063708782196045,0.2599024772644043,0.0005,680.4494178295135
4488,30,22,570897,128,3.202854633331299,2.7702064514160156,4.296290397644043,0.3019179403781891,0.0005,680.5912480354309
4489,30,23,571025,128,3.318603515625,2.908881425857544,4.068417072296143,0.2880278527736664,0.0005,680.7327950000763
4490,30,24,571153,128,3.6708784103393555,3.2608330249786377,4.07539176940918,0.2506190538406372,0.0005,680.8733749389648
4491,30,25,571281,128,3.7579569816589355,3.339811325073242,4.153714179992676,0.2774142920970917,0.0005,681.015145778656
4492,30,26,571409,128,3.9917538166046143,3.5828871726989746,4.057546138763428,0.31120216846466064,0.0005,681.1571011543274
4493,30,27,571537,128,4.511806011199951,4.093995094299316,4.146234035491943,0.3187609314918518,0.0005,681.2985670566559
4494,30,28,571665,128,3.5411570072174072,3.111989736557007,4.257762432098389,0.3391053080558777,0.0005,681.4387340545654
4495,30,29,571793,128,3.4236557483673096,3.004668951034546,4.15859317779541,0.312767893075943,0.0005,681.5817186832428
4496,30,30,571921,128,3.7876102924346924,3.38452410697937,3.9998533725738525,0.31009596586227417,0.0005,681.7234630584717
4497,30,31,572049,128,4.994341850280762,4.577122211456299,4.141129493713379,0.3106708526611328,0.0005,681.8641405105591
4498,30,32,572177,128,3.6892967224121094,3.2830443382263184,4.026506423950195,0.36016836762428284,0.0005,682.0053822994232
4499,30,33,572305,128,3.996131181716919,3.5884432792663574,4.050057411193848,0.26822954416275024,0.0005,682.1464800834656
4500,30,34,572433,128,3.018455982208252,2.600987195968628,4.146994113922119,0.2769540250301361,0.0005,682.2856295108795
4501,30,35,572561,128,4.532097816467285,4.112935543060303,4.163012504577637,0.28609564900398254,0.0005,682.4246823787689
4502,30,36,572689,128,3.4958603382110596,3.068422794342041,4.243861198425293,0.305152952671051,0.0005,682.5649952888489
4503,30,37,572817,128,3.426013231277466,2.9922497272491455,4.307625770568848,0.30008888244628906,0.0005,682.7051293849945
4504,30,38,572945,128,3.204240322113037,2.769289493560791,4.320834159851074,0.2867405116558075,0.0005,682.8460252285004
4505,30,39,573073,128,3.1515815258026123,2.737661361694336,4.113814830780029,0.2538708746433258,0.0005,682.9862942695618
4506,30,40,573201,128,3.4813127517700195,3.0916664600372314,3.8710882663726807,0.2537488043308258,0.0005,683.1274847984314
4507,30,41,573329,128,3.3773653507232666,3.009888172149658,3.6507210731506348,0.24051257967948914,0.0005,683.2688541412354
4508,30,42,573457,128,5.519143104553223,5.142313480377197,3.7444939613342285,0.23802432417869568,0.0005,683.4084556102753
4509,30,43,573585,128,4.275726795196533,3.9067723751068115,3.6633355617523193,0.262062132358551,0.0005,683.5477933883667
4510,30,44,573713,128,3.9229049682617188,3.5411229133605957,3.79219651222229,0.2562544047832489,0.0005,683.6877682209015
4511,30,45,573841,128,3.5438332557678223,3.1534533500671387,3.880263566970825,0.23536105453968048,0.0005,683.8269076347351
4512,30,46,573969,128,3.333071708679199,2.9416210651397705,3.8963263034820557,0.18179717659950256,0.0005,683.966370344162
4513,30,47,574097,128,3.1044979095458984,2.6893186569213867,4.133035659790039,0.18755321204662323,0.0005,684.1066398620605
4514,30,48,574225,128,4.127666473388672,3.706057548522949,4.195345401763916,0.2074045091867447,0.0005,684.2465996742249
4515,30,49,574353,128,3.7585947513580322,3.3650388717651367,3.916815757751465,0.18741752207279205,0.0005,684.3857645988464
4516,30,50,574481,128,2.5130085945129395,2.1248230934143066,3.8615496158599854,0.20306740701198578,0.0005,684.5282509326935
4517,30,51,574609,128,4.203941822052002,3.7651162147521973,4.3663105964660645,0.2194356918334961,0.0005,684.6680378913879
4518,30,52,574737,128,4.317248344421387,3.9149093627929688,3.9980528354644775,0.2533816397190094,0.0005,684.8081576824188
4519,30,53,574865,128,3.182158946990967,2.761044979095459,4.186672687530518,0.24467326700687408,0.0005,684.9484159946442
4520,30,54,574993,128,3.2892611026763916,2.87949538230896,4.070804119110107,0.268527090549469,0.0005,685.0903646945953
4521,30,55,575121,128,3.1380653381347656,2.7309670448303223,4.042463302612305,0.28520387411117554,0.0005,685.231413602829
4522,30,56,575249,128,3.399372100830078,2.9778378009796143,4.190239906311035,0.2510387897491455,0.0005,685.3719220161438
4523,30,57,575377,128,3.4296114444732666,3.0004827976226807,4.262928485870361,0.28356659412384033,0.0005,685.5137853622437
4524,30,58,575505,128,4.683430194854736,4.276512145996094,4.0410237312316895,0.28158167004585266,0.0005,685.6552953720093
4525,30,59,575633,128,4.045120716094971,3.6184258460998535,4.241644382476807,0.2530524432659149,0.0005,685.7970650196075
4526,30,60,575761,128,3.545445442199707,3.1383140087127686,4.046411037445068,0.24902473390102386,0.0005,685.9378457069397
4527,30,61,575889,128,3.4155702590942383,3.018463134765625,3.947235584259033,0.23835837841033936,0.0005,686.0800590515137
4528,30,62,576017,128,3.388097047805786,2.9881393909454346,3.970555305480957,0.2902125120162964,0.0005,686.2217116355896
4529,30,63,576145,128,4.12024450302124,3.729321241378784,3.884521484375,0.24708741903305054,0.0005,686.3626973628998
4530,30,64,576273,128,3.8320863246917725,3.4108874797821045,4.185291290283203,0.26697900891304016,0.0005,686.5052990913391
4531,30,65,576401,128,4.763656139373779,4.328411102294922,4.328895092010498,0.23556368052959442,0.0005,686.6466591358185
4532,30,66,576529,128,3.1599032878875732,2.761032819747925,3.9632415771484375,0.254631370306015,0.0005,686.7864925861359
4533,30,67,576657,128,3.113128900527954,2.7256457805633545,3.847813367843628,0.27017730474472046,0.0005,686.9315993785858
4534,30,68,576785,128,3.814779043197632,3.4113552570343018,4.009803295135498,0.24434888362884521,0.0005,687.0727860927582
4535,30,69,576913,128,4.080207347869873,3.6627588272094727,4.150007247924805,0.24476616084575653,0.0005,687.2161242961884
4536,30,70,577041,128,3.393204927444458,2.9936463832855225,3.9707655906677246,0.24819058179855347,0.0005,687.355726480484
4537,30,71,577169,128,3.3783905506134033,2.9703805446624756,4.0576252937316895,0.22475570440292358,0.0005,687.4972672462463
4538,30,72,577297,128,4.455351829528809,4.039211750030518,4.136390686035156,0.25010165572166443,0.0005,687.6389262676239
4539,30,73,577425,128,3.0142345428466797,2.622814655303955,3.8894906044006348,0.24707795679569244,0.0005,687.7786417007446
4540,30,74,577553,128,3.1695640087127686,2.767775774002075,3.993069887161255,0.24811424314975739,0.0005,687.919050693512
4541,30,75,577681,128,3.3572311401367188,2.960411310195923,3.940256357192993,0.2794226408004761,0.0005,688.0608375072479
4542,30,76,577809,128,3.6105570793151855,3.1824302673339844,4.256335258483887,0.24933531880378723,0.0005,688.2017171382904
4543,30,77,577937,128,3.903090000152588,3.5144317150115967,3.8638556003570557,0.22727200388908386,0.0005,688.3426077365875
4544,30,78,578065,128,4.310231685638428,3.9091358184814453,3.9837028980255127,0.27256861329078674,0.0005,688.482549905777
4545,30,79,578193,128,3.5636403560638428,3.1611194610595703,4.005321979522705,0.19886824488639832,0.0005,688.6242275238037
4546,30,80,578321,128,2.8865268230438232,2.479858636856079,4.0394392013549805,0.2724149525165558,0.0005,688.7654263973236
4547,30,81,578449,128,4.071521282196045,3.654071807861328,4.148393630981445,0.26102951169013977,0.0005,688.905755519867
4548,30,82,578577,128,3.273343801498413,2.8516299724578857,4.194649696350098,0.2248704880475998,0.0005,689.0470399856567
4549,30,83,578705,128,4.286057472229004,3.8478848934173584,4.354648113250732,0.27079686522483826,0.0005,689.1871204376221
4550,30,84,578833,128,3.9726812839508057,3.5341124534606934,4.356438636779785,0.2924956977367401,0.0005,689.3257584571838
4551,30,85,578961,128,3.3889966011047363,2.940769910812378,4.453367710113525,0.28899019956588745,0.0005,689.4648530483246
4552,30,86,579089,128,3.5773520469665527,3.184175491333008,3.906844139099121,0.24922163784503937,0.0005,689.6047480106354
4553,30,87,579217,128,3.251312255859375,2.8502142429351807,3.981929302215576,0.29050952196121216,0.0005,689.7442560195923
4554,30,88,579345,128,3.9240589141845703,3.5221970081329346,3.992487907409668,0.2613085210323334,0.0005,689.8846497535706
4555,30,89,579473,128,3.1139843463897705,2.70967435836792,4.017553806304932,0.2554759979248047,0.0005,690.0255162715912
4556,30,90,579601,128,4.661359786987305,4.231515407562256,4.269288063049316,0.2915270924568176,0.0005,690.1658599376678
4557,30,91,579729,128,3.738722801208496,3.320910692214966,4.151752948760986,0.2636915445327759,0.0005,690.3068943023682
4558,30,92,579857,128,3.7832329273223877,3.366276741027832,4.140972137451172,0.28588029742240906,0.0005,690.4467551708221
4559,30,93,579985,128,3.0883872509002686,2.6520893573760986,4.334014892578125,0.28963401913642883,0.0005,690.5869221687317
4560,30,94,580113,128,3.140522003173828,2.726006269454956,4.1190385818481445,0.2611968219280243,0.0005,690.7268831729889
4561,30,95,580241,128,3.0544421672821045,2.660552978515625,3.915297508239746,0.2359333336353302,0.0005,690.8661603927612
4562,30,96,580369,128,3.3870508670806885,2.974215269088745,4.10030460357666,0.28052836656570435,0.0005,691.0061340332031
4563,30,97,580497,128,2.9206244945526123,2.5119152069091797,4.061835289001465,0.25256919860839844,0.0005,691.1507148742676
4564,30,98,580625,128,4.504213809967041,4.08563756942749,4.1602911949157715,0.25475016236305237,0.0005,691.2919907569885
4565,30,99,580753,128,4.521223545074463,4.104920387268066,4.139466285705566,0.23564590513706207,0.0005,691.4337320327759
4566,30,100,580881,128,4.294581413269043,3.8850207328796387,4.072222709655762,0.23383407294750214,0.0005,691.5756988525391
4567,30,101,581009,128,4.35092830657959,3.945240020751953,4.033644199371338,0.23240679502487183,0.0005,691.7169733047485
4568,30,102,581137,128,2.9673454761505127,2.5948073863983154,3.70154070854187,0.23838679492473602,0.0005,691.8571972846985
4569,30,103,581265,128,4.044225692749023,3.599140167236328,4.425245761871338,0.2561289072036743,0.0005,691.9969999790192
4570,30,104,581393,128,3.8672921657562256,3.445535182952881,4.196495056152344,0.21073341369628906,0.0005,692.137791633606
4571,30,105,581521,128,3.8210511207580566,3.3621139526367188,4.559683799743652,0.2968839406967163,0.0005,692.2783002853394
4572,30,106,581649,128,2.8059496879577637,2.409498929977417,3.9378743171691895,0.26634296774864197,0.0005,692.4187204837799
4573,30,107,581777,128,3.959947109222412,3.529594659805298,4.2763471603393555,0.2717752754688263,0.0005,692.5676963329315
4574,30,108,581905,128,3.247305154800415,2.838233470916748,4.061634540557861,0.29083052277565,0.0005,692.7096180915833
4575,30,109,582033,128,3.669095039367676,3.2487080097198486,4.17333984375,0.3052971363067627,0.0005,692.8493485450745
4576,30,110,582161,128,3.4341225624084473,3.023038864135742,4.082648277282715,0.28187137842178345,0.0005,692.9892675876617
4577,30,111,582289,128,3.188767671585083,2.7646257877349854,4.210190296173096,0.3122875988483429,0.0005,693.1305453777313
4578,30,112,582417,128,4.21403169631958,3.826620578765869,3.850154399871826,0.23958051204681396,0.0005,693.2708902359009
4579,30,113,582545,128,3.2762489318847656,2.8541340827941895,4.192983150482178,0.28165486454963684,0.0005,693.4103739261627
4580,30,114,582673,128,2.460887908935547,2.0550849437713623,4.032536506652832,0.2549474835395813,0.0005,693.8829145431519
4581,30,115,582801,128,3.360332727432251,2.952692985534668,4.0461530685424805,0.30244529247283936,0.0005,694.0229666233063
4582,30,116,582929,128,3.45652437210083,3.069135904312134,3.849479913711548,0.2440388947725296,0.0005,694.1632173061371
4583,30,117,583057,128,3.170637369155884,2.760646343231201,4.0750732421875,0.248358815908432,0.0005,694.3036229610443
4584,30,118,583185,128,3.608438014984131,3.2061004638671875,3.998305082321167,0.2507023215293884,0.0005,694.4482977390289
4585,30,119,583313,128,3.4985857009887695,3.0678296089172363,4.283920764923096,0.2363872081041336,0.0005,694.592826128006
4586,30,120,583441,128,3.6072375774383545,3.213284492492676,3.917576313018799,0.21953006088733673,0.0005,694.7358112335205
4587,30,121,583569,128,3.3749804496765137,2.9541726112365723,4.184572219848633,0.2350660264492035,0.0005,694.8774049282074
4588,30,122,583697,128,3.8655784130096436,3.4703128337860107,3.92923903465271,0.23417054116725922,0.0005,695.0185241699219
4589,30,123,583825,128,2.6034483909606934,2.19441294670105,4.070435047149658,0.1992080956697464,0.0005,695.1600360870361
4590,30,124,583953,128,3.9867746829986572,3.5783205032348633,4.063419818878174,0.2112249881029129,0.0005,695.3025476932526
4591,30,125,584081,128,3.303964376449585,2.86845064163208,4.334246635437012,0.20890285074710846,0.0005,695.4426007270813
4592,30,126,584209,128,4.023331165313721,3.6135640144348145,4.074724197387695,0.22946153581142426,0.0005,695.5851309299469
4593,30,127,584337,128,3.2115581035614014,2.768369197845459,4.408311367034912,0.2357640415430069,0.0005,695.7275156974792
4594,30,128,584465,128,3.741927146911621,3.334399461746216,4.052028656005859,0.23249053955078125,0.0005,695.8687026500702
4595,30,129,584593,128,3.8541722297668457,3.450885057449341,4.008922100067139,0.23950019478797913,0.0005,696.0101413726807
4596,30,130,584721,128,2.9119324684143066,2.4890122413635254,4.20459508895874,0.2460816651582718,0.0005,696.151763677597
4597,30,131,584849,128,4.214743137359619,3.7879345417022705,4.2410078048706055,0.27081000804901123,0.0005,696.2915885448456
4598,30,132,584977,128,2.7294118404388428,2.3261308670043945,4.007040977478027,0.2576887905597687,0.0005,696.4337046146393
4599,30,133,585105,128,4.475332260131836,4.0676798820495605,4.047663688659668,0.28859350085258484,0.0005,696.5760521888733
4600,30,134,585233,128,3.208350896835327,2.8136062622070312,3.920649290084839,0.26794761419296265,0.0005,696.7179126739502
4601,30,135,585361,128,4.230294704437256,3.829345703125,3.985062837600708,0.24428555369377136,0.0005,696.8583173751831
4602,30,136,585489,128,3.009678363800049,2.596062421798706,4.115470886230469,0.20688697695732117,0.0005,696.9984858036041
4603,30,137,585617,128,3.51132869720459,3.105747938156128,4.033091068267822,0.22716031968593597,0.0005,697.139683008194
4604,30,138,585745,128,3.354374885559082,2.9220244884490967,4.300013542175293,0.23491737246513367,0.0005,697.2793757915497
4605,30,139,585873,128,3.1032588481903076,2.6911404132843018,4.1021575927734375,0.19024810194969177,0.0005,697.4186544418335
4606,30,140,586001,128,2.6572537422180176,2.230384349822998,4.2472968101501465,0.21397703886032104,0.0005,697.5591163635254
4607,30,141,586129,128,3.4524588584899902,3.040975332260132,4.0898003578186035,0.250349760055542,0.0005,697.6991593837738
4608,30,142,586257,128,3.9057793617248535,3.5268118381500244,3.7631449699401855,0.2653202414512634,0.0005,697.8392567634583
4609,30,143,586385,128,3.557478904724121,3.1721200942993164,3.8343212604522705,0.19267688691616058,0.0005,697.9796998500824
4610,30,144,586513,128,3.322387456893921,2.8896498680114746,4.300498008728027,0.26877525448799133,0.0005,698.120977640152
4611,30,145,586641,128,3.054865598678589,2.68324875831604,3.6918017864227295,0.24366900324821472,0.0005,698.2613124847412
4612,30,146,586769,128,3.4972879886627197,3.1061410903930664,3.8877763748168945,0.23691897094249725,0.0005,698.4005053043365
4613,30,147,586897,128,3.928668260574341,3.5496742725372314,3.7668473720550537,0.23092120885849,0.0005,698.5409030914307
4614,30,148,587025,128,3.476245403289795,3.064871072769165,4.092552661895752,0.21191485226154327,0.0005,698.6808578968048
4615,30,149,587153,128,4.5386223793029785,4.110133171081543,4.262909889221191,0.2198335975408554,0.0005,698.8235108852386
4616,30,150,587281,128,3.7175943851470947,3.3153717517852783,3.999736785888672,0.2248980849981308,0.0005,698.9643034934998
4617,30,151,587409,128,3.5636322498321533,3.1672582626342773,3.9419634342193604,0.21777524054050446,0.0005,699.1182684898376
4618,30,152,587537,128,3.9894120693206787,3.54835844039917,4.385244369506836,0.2529227137565613,0.0005,699.2598412036896
4619,30,153,587665,128,2.736067771911621,2.295118570327759,4.383556842803955,0.25934940576553345,0.0005,699.4002628326416
4620,30,154,587670,5,1.731417179107666,1.3320600986480713,3.9771792888641357,0.1639169454574585,0.0005,699.5376124382019
4621,31,1,587798,128,4.0108256340026855,3.5916872024536133,4.159729957580566,0.3165428936481476,0.0005,701.0391528606415
4622,31,2,587926,128,3.1754701137542725,2.7522904872894287,4.208735942840576,0.23059669137001038,0.0005,701.1807465553284
4623,31,3,588054,128,3.094184398651123,2.6703429222106934,4.210784912109375,0.2762968838214874,0.0005,701.3208012580872
4624,31,4,588182,128,4.340198516845703,3.9096782207489014,4.280730247497559,0.24470031261444092,0.0005,701.4630928039551
4625,31,5,588310,128,2.8677256107330322,2.4642174243927,4.012749671936035,0.22333766520023346,0.0005,701.6053447723389
4626,31,6,588438,128,3.149306535720825,2.7487943172454834,3.978060722351074,0.27061185240745544,0.0005,701.745630979538
4627,31,7,588566,128,3.8582754135131836,3.4276282787323,4.283195972442627,0.23275470733642578,0.0005,701.8855066299438
4628,31,8,588694,128,3.109987258911133,2.7261459827423096,3.8142125606536865,0.24199417233467102,0.0005,702.027007818222
4629,31,9,588822,128,2.8417880535125732,2.4409213066101074,3.986281156539917,0.22384211421012878,0.0005,702.1683566570282
4630,31,10,588950,128,3.653233051300049,3.259164571762085,3.915660858154297,0.25025489926338196,0.0005,702.3089473247528
4631,31,11,589078,128,3.66576886177063,3.2598013877868652,4.033894062042236,0.25779029726982117,0.0005,702.4505960941315
4632,31,12,589206,128,4.468132972717285,4.047789573669434,4.178377628326416,0.25055938959121704,0.0005,702.5942659378052
4633,31,13,589334,128,4.201162815093994,3.7705655097961426,4.27489709854126,0.31074950098991394,0.0005,702.7350578308105
4634,31,14,589462,128,3.677851438522339,3.2826077938079834,3.9278500080108643,0.24586425721645355,0.0005,702.8738799095154
4635,31,15,589590,128,3.7916502952575684,3.3539018630981445,4.348127841949463,0.2935585081577301,0.0005,703.0137941837311
4636,31,16,589718,128,2.432300567626953,2.055396795272827,3.7446792125701904,0.243580624461174,0.0005,703.1579496860504
4637,31,17,589846,128,3.069197177886963,2.647768497467041,4.186893939971924,0.2739161252975464,0.0005,703.3013544082642
4638,31,18,589974,128,2.9349935054779053,2.5335378646850586,3.992058038711548,0.2249993532896042,0.0005,703.4410724639893
4639,31,19,590102,128,2.770723342895508,2.3423986434936523,4.254136085510254,0.29110950231552124,0.0005,703.5850331783295
4640,31,20,590230,128,2.8971550464630127,2.4996418952941895,3.949268102645874,0.2586269676685333,0.0005,703.726788520813
4641,31,21,590358,128,4.884063243865967,4.487832546234131,3.929976463317871,0.3232916593551636,0.0005,703.8675625324249
4642,31,22,590486,128,4.932389736175537,4.526456832885742,4.029201984405518,0.301244854927063,0.0005,704.0090415477753
4643,31,23,590614,128,2.824658155441284,2.39609694480896,4.254210948944092,0.3140121102333069,0.0005,704.1499660015106
4644,31,24,590742,128,4.316649436950684,3.914669990539551,3.9927549362182617,0.27041783928871155,0.0005,704.2894377708435
4645,31,25,590870,128,3.276498556137085,2.858764886856079,4.151576995849609,0.25759357213974,0.0005,704.4297182559967
4646,31,26,590998,128,3.02180814743042,2.5939371585845947,4.251041889190674,0.2766934335231781,0.0005,704.5735008716583
4647,31,27,591126,128,3.442969560623169,3.0125181674957275,4.2826642990112305,0.218484565615654,0.0005,704.7139682769775
4648,31,28,591254,128,3.373023271560669,2.9289910793304443,4.413411617279053,0.2690945267677307,0.0005,704.8534202575684
4649,31,29,591382,128,2.9679629802703857,2.5672643184661865,3.981464385986328,0.25523388385772705,0.0005,704.9929296970367
4650,31,30,591510,128,3.51371431350708,3.095092535018921,4.1577982902526855,0.28419095277786255,0.0005,705.1328580379486
4651,31,31,591638,128,2.891700029373169,2.493321418762207,3.9563121795654297,0.27472153306007385,0.0005,705.2729601860046
4652,31,32,591766,128,3.3686294555664062,2.9643571376800537,4.017966270446777,0.24756617844104767,0.0005,705.4132707118988
4653,31,33,591894,128,4.046377182006836,3.6268460750579834,4.165571212768555,0.29741424322128296,0.0005,705.5549635887146
4654,31,34,592022,128,3.21984601020813,2.8335721492767334,3.8397655487060547,0.22973527014255524,0.0005,705.696150302887
4655,31,35,592150,128,3.42813777923584,3.0212690830230713,4.043364524841309,0.2532353103160858,0.0005,705.8362674713135
4656,31,36,592278,128,3.4355509281158447,3.0137135982513428,4.19119930267334,0.27175384759902954,0.0005,705.9766216278076
4657,31,37,592406,128,2.4449710845947266,2.039853096008301,4.02850866317749,0.22672328352928162,0.0005,706.1183288097382
4658,31,38,592534,128,3.188434600830078,2.751708507537842,4.338740825653076,0.2851950228214264,0.0005,706.2579619884491
4659,31,39,592662,128,2.791775941848755,2.3710711002349854,4.177206516265869,0.2984241545200348,0.0005,706.3984489440918
4660,31,40,592790,128,3.116736888885498,2.7194297313690186,3.9459376335144043,0.27135372161865234,0.0005,706.5440239906311
4661,31,41,592918,128,2.6329739093780518,2.226057291030884,4.038748264312744,0.3041754961013794,0.0005,706.690571308136
4662,31,42,593046,128,3.2041285037994385,2.790283441543579,4.115638732910156,0.22811545431613922,0.0005,706.8311018943787
4663,31,43,593174,128,5.231076717376709,4.809760570526123,4.184840679168701,0.28318145871162415,0.0005,706.9719738960266
4664,31,44,593302,128,4.782570838928223,4.3971781730651855,3.8262946605682373,0.27633902430534363,0.0005,707.1154985427856
4665,31,45,593430,128,3.3488917350769043,2.9427077770233154,4.034014701843262,0.2782614529132843,0.0005,707.2560722827911
4666,31,46,593558,128,3.9494364261627197,3.5523269176483154,3.941909074783325,0.29185011982917786,0.0005,707.3997135162354
4667,31,47,593686,128,4.3460798263549805,3.940568685531616,4.027730941772461,0.27377772331237793,0.0005,707.5433855056763
4668,31,48,593814,128,3.567995071411133,3.148287773132324,4.167573928833008,0.2950044572353363,0.0005,707.6849427223206
4669,31,49,593942,128,3.845008134841919,3.4269847869873047,4.148895263671875,0.31338056921958923,0.0005,707.8237361907959
4670,31,50,594070,128,3.867030382156372,3.462806224822998,4.017069339752197,0.2517227530479431,0.0005,707.9636218547821
4671,31,51,594198,128,4.244058132171631,3.8113315105438232,4.302244186401367,0.25020164251327515,0.0005,708.1061341762543
4672,31,52,594326,128,3.9808101654052734,3.5584189891815186,4.198026657104492,0.25885090231895447,0.0005,708.2459485530853
4673,31,53,594454,128,5.945964813232422,5.493096828460693,4.498376846313477,0.3030410408973694,0.0005,708.3860151767731
4674,31,54,594582,128,2.955061674118042,2.534183979034424,4.182837963104248,0.2593928873538971,0.0005,708.5281212329865
4675,31,55,594710,128,3.372420072555542,2.939246416091919,4.296716213226318,0.35020312666893005,0.0005,708.6715891361237
4676,31,56,594838,128,4.024385452270508,3.596832275390625,4.251171112060547,0.24360030889511108,0.0005,708.8125569820404
4677,31,57,594966,128,2.7777469158172607,2.3680145740509033,4.071645259857178,0.2567867040634155,0.0005,708.9551343917847
4678,31,58,595094,128,3.3220603466033936,2.9244349002838135,3.948850631713867,0.2740282416343689,0.0005,709.0984399318695
4679,31,59,595222,128,4.819672107696533,4.426429748535156,3.903111219406128,0.2930988073348999,0.0005,709.2457213401794
4680,31,60,595350,128,4.420642375946045,4.02217435836792,3.954602003097534,0.30080679059028625,0.0005,709.3870539665222
4681,31,61,595478,128,3.137840986251831,2.7244176864624023,4.105124473571777,0.2910810112953186,0.0005,709.5289161205292
4682,31,62,595606,128,4.4004807472229,3.9947304725646973,4.031081199645996,0.26421919465065,0.0005,709.6697309017181
4683,31,63,595734,128,3.1433024406433105,2.723616361618042,4.170730113983154,0.2613065242767334,0.0005,709.8100438117981
4684,31,64,595862,128,3.4988460540771484,3.0656578540802,4.307054042816162,0.24829524755477905,0.0005,709.9517660140991
4685,31,65,595990,128,3.3834121227264404,2.952096939086914,4.284775257110596,0.2837645709514618,0.0005,710.0943515300751
4686,31,66,596118,128,2.7488973140716553,2.346890449523926,3.9903764724731445,0.2969333827495575,0.0005,710.2355003356934
4687,31,67,596246,128,3.0882368087768555,2.688977003097534,3.967233896255493,0.25362128019332886,0.0005,710.375159740448
4688,31,68,596374,128,4.478996276855469,4.048576831817627,4.276216506958008,0.2797679901123047,0.0005,710.520094871521
4689,31,69,596502,128,3.7003395557403564,3.266089916229248,4.3162994384765625,0.26197710633277893,0.0005,710.660228729248
4690,31,70,596630,128,2.9121551513671875,2.4824795722961426,4.272828578948975,0.23927126824855804,0.0005,710.8007714748383
4691,31,71,596758,128,3.625967502593994,3.247117042541504,3.7659380435943604,0.22565287351608276,0.0005,710.9452707767487
4692,31,72,596886,128,2.7363924980163574,2.3269758224487305,4.064957618713379,0.292076975107193,0.0005,711.086062669754
4693,31,73,597014,128,3.345064401626587,2.9664204120635986,3.7614879608154297,0.24953876435756683,0.0005,711.2294640541077
4694,31,74,597142,128,2.7903051376342773,2.347330331802368,4.397167682647705,0.32579755783081055,0.0005,711.3721807003021
4695,31,75,597270,128,2.532048225402832,2.1371347904205322,3.92276668548584,0.26365891098976135,0.0005,711.5170640945435
4696,31,76,597398,128,3.4601690769195557,3.0455899238586426,4.119657516479492,0.2613196074962616,0.0005,711.6572215557098
4697,31,77,597526,128,3.7025527954101562,3.3252763748168945,3.7462880611419678,0.2647649645805359,0.0005,711.7966780662537
4698,31,78,597654,128,2.17472243309021,1.773782730102539,3.9848508834838867,0.2454531192779541,0.0005,711.9361193180084
4699,31,79,597782,128,3.4400620460510254,3.014672040939331,4.226977825164795,0.26923006772994995,0.0005,712.0800015926361
4700,31,80,597910,128,3.1090242862701416,2.683886766433716,4.2250518798828125,0.26324015855789185,0.0005,712.2199540138245
4701,31,81,598038,128,3.2225544452667236,2.8008880615234375,4.19028902053833,0.2637488543987274,0.0005,712.3587899208069
4702,31,82,598166,128,4.091401100158691,3.6546943187713623,4.3384504318237305,0.2861739695072174,0.0005,712.4986727237701
4703,31,83,598294,128,4.116341590881348,3.673128843307495,4.404906272888184,0.27224135398864746,0.0005,712.6400320529938
4704,31,84,598422,128,2.993345022201538,2.5586419105529785,4.320940971374512,0.26090776920318604,0.0005,712.7809014320374
4705,31,85,598550,128,4.306713581085205,3.8832805156707764,4.201252460479736,0.33077773451805115,0.0005,712.9205548763275
4706,31,86,598678,128,2.90909481048584,2.5035996437072754,4.028724670410156,0.2622692584991455,0.0005,713.0607326030731
4707,31,87,598806,128,3.697842836380005,3.282092809677124,4.130144119262695,0.27355340123176575,0.0005,713.2021124362946
4708,31,88,598934,128,3.189432382583618,2.7889134883880615,3.981276273727417,0.23912933468818665,0.0005,713.3426470756531
4709,31,89,599062,128,3.7671759128570557,3.364691734313965,3.998920440673828,0.25919920206069946,0.0005,713.4839997291565
4710,31,90,599190,128,3.849402904510498,3.4407875537872314,4.061413288116455,0.24741537868976593,0.0005,713.625524520874
4711,31,91,599318,128,3.1805598735809326,2.7884151935577393,3.899334669113159,0.22112973034381866,0.0005,713.7671282291412
4712,31,92,599446,128,2.778949022293091,2.397512912750244,3.7913360595703125,0.23024390637874603,0.0005,713.907280921936
4713,31,93,599574,128,3.829542636871338,3.4198355674743652,4.072413444519043,0.24658019840717316,0.0005,714.0478949546814
4714,31,94,599702,128,3.8059065341949463,3.4022955894470215,4.010745048522949,0.25366339087486267,0.0005,714.1886796951294
4715,31,95,599830,128,3.788867712020874,3.3636178970336914,4.2303466796875,0.22150924801826477,0.0005,714.3277914524078
4716,31,96,599958,128,3.3389647006988525,2.924452304840088,4.118608474731445,0.26514506340026855,0.0005,714.468245267868
4717,31,97,600086,128,3.3311262130737305,2.916069269180298,4.125349521636963,0.2521950900554657,0.0005,714.6094977855682
4718,31,98,600214,128,3.8298420906066895,3.417574167251587,4.099937438964844,0.22742782533168793,0.0005,714.7516167163849
4719,31,99,600342,128,5.280884742736816,4.852129936218262,4.262763023376465,0.24786628782749176,0.0005,714.8930864334106
4720,31,100,600470,128,4.2178802490234375,3.813417434692383,4.017426490783691,0.27201950550079346,0.0005,715.0336127281189
4721,31,101,600598,128,3.9014644622802734,3.49623966217041,4.021726131439209,0.30523404479026794,0.0005,715.1739249229431
4722,31,102,600726,128,2.8880953788757324,2.489105463027954,3.9622111320495605,0.2768842577934265,0.0005,715.31387591362
4723,31,103,600854,128,2.96307635307312,2.554487943649292,4.056482791900635,0.2940116822719574,0.0005,715.4546382427216
4724,31,104,600982,128,3.1386942863464355,2.717372179031372,4.187196254730225,0.2602664828300476,0.0005,715.5959606170654
4725,31,105,601110,128,3.291499376296997,2.8584015369415283,4.304774761199951,0.26204872131347656,0.0005,715.736038684845
4726,31,106,601238,128,3.710921287536621,3.3191778659820557,3.8936803340911865,0.2375434786081314,0.0005,715.8751215934753
4727,31,107,601366,128,4.251796722412109,3.829984664916992,4.19544792175293,0.22674086689949036,0.0005,716.0146811008453
4728,31,108,601494,128,3.140338659286499,2.712076425552368,4.256495475769043,0.2612612247467041,0.0005,716.1543917655945
4729,31,109,601622,128,3.0161964893341064,2.5823886394500732,4.311696529388428,0.26379936933517456,0.0005,716.2939510345459
4730,31,110,601750,128,3.223834753036499,2.8208954334259033,4.003046989440918,0.26345565915107727,0.0005,716.4355323314667
4731,31,111,601878,128,4.085901737213135,3.6291775703430176,4.5411248207092285,0.2611538767814636,0.0005,716.5782926082611
4732,31,112,602006,128,3.2922472953796387,2.8763954639434814,4.132412433624268,0.26106730103492737,0.0005,716.7187705039978
4733,31,113,602134,128,2.572012186050415,2.1749608516693115,3.9457011222839355,0.24811427295207977,0.0005,716.859192609787
4734,31,114,602262,128,3.3809542655944824,2.9829018115997314,3.9506139755249023,0.2991027534008026,0.0005,716.9986839294434
4735,31,115,602390,128,3.423799514770508,2.9925625324249268,4.284491062164307,0.27878451347351074,0.0005,717.1402435302734
4736,31,116,602518,128,2.8180630207061768,2.3967838287353516,4.188865661621094,0.23924170434474945,0.0005,717.2809281349182
4737,31,117,602646,128,4.360709190368652,3.930097818374634,4.277781963348389,0.28334763646125793,0.0005,717.4209289550781
4738,31,118,602774,128,3.939077138900757,3.5359747409820557,4.00508975982666,0.2593602240085602,0.0005,717.5621912479401
4739,31,119,602902,128,3.1170907020568848,2.744520902633667,3.701655149459839,0.2404189556837082,0.0005,717.7028167247772
4740,31,120,603030,128,2.9121599197387695,2.5452065467834473,3.6465370655059814,0.2299802005290985,0.0005,717.8427183628082
4741,31,121,603158,128,4.659265041351318,4.25421142578125,4.021824359893799,0.28711172938346863,0.0005,717.9832592010498
4742,31,122,603286,128,3.8326234817504883,3.3972795009613037,4.3302836418151855,0.23155929148197174,0.0005,718.12482213974
4743,31,123,603414,128,3.9052302837371826,3.4665682315826416,4.358311176300049,0.2831023931503296,0.0005,718.2653970718384
4744,31,124,603542,128,3.436675786972046,3.0167980194091797,4.173931121826172,0.24845050275325775,0.0005,718.4045886993408
4745,31,125,603670,128,3.9012022018432617,3.4957828521728516,4.029901027679443,0.24293078482151031,0.0005,718.5450057983398
4746,31,126,603798,128,3.323040008544922,2.8879714012145996,4.331534385681152,0.19152341783046722,0.0005,718.6844928264618
4747,31,127,603926,128,3.4795734882354736,3.0742361545562744,4.026722431182861,0.26649531722068787,0.0005,718.8248875141144
4748,31,128,604054,128,2.712648391723633,2.292720079421997,4.175953388214111,0.233301043510437,0.0005,718.9650194644928
4749,31,129,604182,128,3.931267023086548,3.523967742919922,4.048069477081299,0.24924001097679138,0.0005,719.1057782173157
4750,31,130,604310,128,3.109041452407837,2.7295331954956055,3.765981435775757,0.29100552201271057,0.0005,719.2457666397095
4751,31,131,604438,128,3.3603920936584473,2.9472708702087402,4.1053924560546875,0.2582024037837982,0.0005,719.3860599994659
4752,31,132,604566,128,3.943847179412842,3.539487838745117,4.016135215759277,0.2745838165283203,0.0005,719.5269613265991
4753,31,133,604694,128,4.58281135559082,4.171044826507568,4.090116024017334,0.2755391001701355,0.0005,719.6669111251831
4754,31,134,604822,128,3.1125683784484863,2.698134660720825,4.122758865356445,0.2157822698354721,0.0005,719.8060612678528
4755,31,135,604950,128,3.159573554992676,2.737781286239624,4.191701889038086,0.2622124254703522,0.0005,719.948324918747
4756,31,136,605078,128,4.031882286071777,3.60553240776062,4.237040042877197,0.2645823359489441,0.0005,720.0884284973145
4757,31,137,605206,128,3.2204082012176514,2.8091800212860107,4.0828423500061035,0.2943938672542572,0.0005,720.2281496524811
4758,31,138,605334,128,4.495413303375244,4.061082363128662,4.3177947998046875,0.25514888763427734,0.0005,720.3693630695343
4759,31,139,605462,128,3.9384305477142334,3.5349791049957275,4.007792949676514,0.267225980758667,0.0005,720.5094137191772
4760,31,140,605590,128,2.8095040321350098,2.379516124725342,4.273392677307129,0.2648564279079437,0.0005,720.6500308513641
4761,31,141,605718,128,2.6192104816436768,2.2016730308532715,4.150012493133545,0.25361889600753784,0.0005,720.7896211147308
4762,31,142,605846,128,2.9832041263580322,2.578530788421631,4.023749828338623,0.22984109818935394,0.0005,720.9307343959808
4763,31,143,605974,128,3.6577770709991455,3.231903314590454,4.233034610748291,0.25703272223472595,0.0005,721.0720112323761
4764,31,144,606102,128,4.145167827606201,3.723330497741699,4.191555500030518,0.2681923806667328,0.0005,721.2133808135986
4765,31,145,606230,128,2.995222806930542,2.605247974395752,3.8746256828308105,0.2512301206588745,0.0005,721.3544363975525
4766,31,146,606358,128,2.953043222427368,2.55256724357605,3.9736320972442627,0.31128671765327454,0.0005,721.4968287944794
4767,31,147,606486,128,3.3143436908721924,2.8711001873016357,4.398465633392334,0.33969613909721375,0.0005,721.6410758495331
4768,31,148,606614,128,3.866061210632324,3.439289093017578,4.241656303405762,0.2606467604637146,0.0005,721.7801058292389
4769,31,149,606742,128,3.1776325702667236,2.766920804977417,4.0759406089782715,0.31178274750709534,0.0005,721.9151029586792
4770,31,150,606870,128,3.2141246795654297,2.818617582321167,3.929028272628784,0.2604309618473053,0.0005,722.0514042377472
4771,31,151,606998,128,4.521115779876709,4.120541095733643,3.9791135787963867,0.2663351595401764,0.0005,722.18812084198
4772,31,152,607126,128,3.241638660430908,2.8443355560302734,3.9429500102996826,0.3008107542991638,0.0005,722.3238492012024
4773,31,153,607254,128,3.895097494125366,3.500849962234497,3.920246124267578,0.22230777144432068,0.0005,722.4628260135651
4774,31,154,607259,5,5.212975025177002,4.82900857925415,3.8154048919677734,0.2426176220178604,0.0005,722.5979726314545
4775,32,1,607387,128,5.741581916809082,5.331252574920654,4.080045223236084,0.2324945330619812,0.00025,724.0643708705902
4776,32,2,607515,128,5.573554992675781,5.153131484985352,4.178176403045654,0.26060518622398376,0.00025,724.2056109905243
4777,32,3,607643,128,7.2952094078063965,6.892979145050049,3.99822735786438,0.2407505214214325,0.00025,724.345832824707
4778,32,4,607771,128,2.7282049655914307,2.343268632888794,3.8238987922668457,0.2546476423740387,0.00025,724.4876661300659
4779,32,5,607899,128,4.418954372406006,4.00905704498291,4.072495460510254,0.26480960845947266,0.00025,724.6300451755524
4780,32,6,608027,128,3.6697678565979004,3.2493317127227783,4.177691459655762,0.26668497920036316,0.00025,724.7708640098572
4781,32,7,608155,128,4.249204158782959,3.828500986099243,4.176825046539307,0.30209097266197205,0.00025,724.9119448661804
4782,32,8,608283,128,3.9511563777923584,3.5484254360198975,4.003578186035156,0.23731274902820587,0.00025,725.0547666549683
4783,32,9,608411,128,3.014240264892578,2.6304092407226562,3.8139164447784424,0.2439439296722412,0.00025,725.1986827850342
4784,32,10,608539,128,3.0838539600372314,2.6603403091430664,4.209610939025879,0.2552444040775299,0.00025,725.3443944454193
4785,32,11,608667,128,4.643316268920898,4.237511157989502,4.033380031585693,0.24672995507717133,0.00025,725.4852917194366
4786,32,12,608795,128,4.509523868560791,4.109724521636963,3.974557399749756,0.23438133299350739,0.00025,725.6276104450226
4787,32,13,608923,128,3.440978765487671,3.05401611328125,3.8456027507781982,0.24023792147636414,0.00025,725.7682178020477
4788,32,14,609051,128,4.043890953063965,3.6282858848571777,4.129779815673828,0.2627032399177551,0.00025,725.9111490249634
4789,32,15,609179,128,4.191471099853516,3.7737057209014893,4.151426792144775,0.26224958896636963,0.00025,726.0517816543579
4790,32,16,609307,128,3.019974946975708,2.6204586029052734,3.9719698429107666,0.23193809390068054,0.00025,726.1932280063629
4791,32,17,609435,128,2.889369010925293,2.5089902877807617,3.7758145332336426,0.2797355353832245,0.00025,726.3340508937836
4792,32,18,609563,128,3.6425933837890625,3.208828926086426,4.30912446975708,0.2852080762386322,0.00025,726.4753313064575
4793,32,19,609691,128,3.191267490386963,2.7801947593688965,4.084331512451172,0.26394766569137573,0.00025,726.6176650524139
4794,32,20,609819,128,4.359457969665527,3.9576656818389893,3.9928669929504395,0.2505824565887451,0.00025,726.759081363678
4795,32,21,609947,128,3.0327532291412354,2.6174559593200684,4.126654148101807,0.26318371295928955,0.00025,726.8998305797577
4796,32,22,610075,128,3.880528688430786,3.4644675254821777,4.133641242980957,0.26970505714416504,0.00025,727.0404670238495
4797,32,23,610203,128,2.9442896842956543,2.5190587043762207,4.224865913391113,0.27444860339164734,0.00025,727.1810069084167
4798,32,24,610331,128,2.8470818996429443,2.4246318340301514,4.198197364807129,0.26302769780158997,0.00025,727.3211262226105
4799,32,25,610459,128,3.5993430614471436,3.1631407737731934,4.332202434539795,0.298212468624115,0.00025,727.4624922275543
4800,32,26,610587,128,3.501204252243042,3.0907700061798096,4.0780439376831055,0.26296621561050415,0.00025,727.6043245792389
4801,32,27,610715,128,2.388413429260254,1.9654325246810913,4.2010722160339355,0.28737688064575195,0.00025,727.7457573413849
4802,32,28,610843,128,4.335144996643066,3.9366533756256104,3.959300994873047,0.2561678886413574,0.00025,727.8861706256866
4803,32,29,610971,128,3.1272828578948975,2.7306227684020996,3.9388427734375,0.2775890529155731,0.00025,728.0277407169342
4804,32,30,611099,128,2.6422040462493896,2.2242841720581055,4.153992652893066,0.25205665826797485,0.00025,728.1700434684753
4805,32,31,611227,128,3.213514566421509,2.8036911487579346,4.07332181930542,0.24912956357002258,0.00025,728.3093254566193
4806,32,32,611355,128,3.2747573852539062,2.8694190979003906,4.026453971862793,0.2692926228046417,0.00025,728.7944009304047
4807,32,33,611483,128,4.187680244445801,3.779383897781372,4.05496072769165,0.2800469398498535,0.00025,728.9406807422638
4808,32,34,611611,128,3.6105105876922607,3.1967601776123047,4.1129584312438965,0.24545101821422577,0.00025,729.0854871273041
4809,32,35,611739,128,2.6237401962280273,2.2183127403259277,4.031182289123535,0.2309418022632599,0.00025,729.2259438037872
4810,32,36,611867,128,3.3812966346740723,2.969466209411621,4.091465950012207,0.2683872878551483,0.00025,729.367433309555
4811,32,37,611995,128,3.4838571548461914,3.0920321941375732,3.89473295211792,0.2351723611354828,0.00025,729.5117259025574
4812,32,38,612123,128,3.183885097503662,2.7553529739379883,4.261438369750977,0.23882491886615753,0.00025,729.6707718372345
4813,32,39,612251,128,2.775329351425171,2.3521432876586914,4.207107067108154,0.24752619862556458,0.00025,729.8161625862122
4814,32,40,612379,128,4.021421909332275,3.5944275856018066,4.2460784912109375,0.23867753148078918,0.00025,729.9589378833771
4815,32,41,612507,128,3.906881809234619,3.4793267250061035,4.247264385223389,0.2828688323497772,0.00025,730.1034474372864
4816,32,42,612635,128,2.9592125415802,2.5549516677856445,4.018402576446533,0.2420760691165924,0.00025,730.2451531887054
4817,32,43,612763,128,3.3274309635162354,2.9343161582946777,3.908543825149536,0.2260504513978958,0.00025,730.3831086158752
4818,32,44,612891,128,3.0397543907165527,2.620849847793579,4.159373760223389,0.2967127561569214,0.00025,730.5236732959747
4819,32,45,613019,128,3.43861985206604,3.006380796432495,4.291932106018066,0.30458739399909973,0.00025,730.6665658950806
4820,32,46,613147,128,2.8758742809295654,2.48864483833313,3.846810817718506,0.2548460364341736,0.00025,730.8058187961578
4821,32,47,613275,128,2.4436862468719482,2.0313854217529297,4.100553035736084,0.2245449274778366,0.00025,730.9471349716187
4822,32,48,613403,128,2.9052045345306396,2.5085999965667725,3.940608501434326,0.2543659210205078,0.00025,731.092511177063
4823,32,49,613531,128,2.5660672187805176,2.148167848587036,4.154308795928955,0.24684765934944153,0.00025,731.2350125312805
4824,32,50,613659,128,2.7185661792755127,2.329116106033325,3.8684680461883545,0.2603197991847992,0.00025,731.3754780292511
4825,32,51,613787,128,3.1955759525299072,2.7813823223114014,4.109951972961426,0.3198295831680298,0.00025,731.5192868709564
4826,32,52,613915,128,3.3984405994415283,3.0045759677886963,3.912320375442505,0.26327240467071533,0.00025,731.6616039276123
4827,32,53,614043,128,3.9597556591033936,3.5540647506713867,4.027031898498535,0.29877206683158875,0.00025,731.8058202266693
4828,32,54,614171,128,3.695054769515991,3.2932307720184326,3.9956932067871094,0.2254793345928192,0.00025,731.9514498710632
4829,32,55,614299,128,2.512468099594116,2.1518092155456543,3.5840871334075928,0.22503085434436798,0.00025,732.1056299209595
4830,32,56,614427,128,3.411768674850464,3.0217974185943604,3.871685743331909,0.2802636921405792,0.00025,732.2478585243225
4831,32,57,614555,128,2.817938804626465,2.402728796005249,4.121290683746338,0.3080867826938629,0.00025,732.3931844234467
4832,32,58,614683,128,2.926513671875,2.541212558746338,3.823914051055908,0.29096606373786926,0.00025,732.5377299785614
4833,32,59,614811,128,3.692725419998169,3.273338794708252,4.1659088134765625,0.27956974506378174,0.00025,732.6781022548676
4834,32,60,614939,128,3.1103193759918213,2.7116308212280273,3.9616591930389404,0.25226733088493347,0.00025,732.8193736076355
4835,32,61,615067,128,2.6050875186920166,2.2049243450164795,3.9761812686920166,0.25450778007507324,0.00025,732.9601924419403
4836,32,62,615195,128,2.458866596221924,2.0471415519714355,4.091440677642822,0.25809627771377563,0.00025,733.1032474040985
4837,32,63,615323,128,3.1844682693481445,2.763033628463745,4.190295696258545,0.24050860106945038,0.00025,733.2631094455719
4838,32,64,615451,128,3.3877415657043457,2.9749627113342285,4.103614807128906,0.24173852801322937,0.00025,733.4082729816437
4839,32,65,615579,128,3.1968719959259033,2.751774787902832,4.421381950378418,0.2958999276161194,0.00025,733.5502316951752
4840,32,66,615707,128,2.8266549110412598,2.4019856452941895,4.220117568969727,0.2657517194747925,0.00025,733.6919462680817
4841,32,67,615835,128,3.607741355895996,3.189220666885376,4.159509181976318,0.2569608986377716,0.00025,733.8328332901001
4842,32,68,615963,128,2.857682704925537,2.4433481693267822,4.121301651000977,0.2204403281211853,0.00025,733.9766092300415
4843,32,69,616091,128,3.122415542602539,2.718843936920166,4.012777805328369,0.2293795496225357,0.00025,734.1188960075378
4844,32,70,616219,128,3.2341184616088867,2.8482630252838135,3.8346807956695557,0.23873572051525116,0.00025,734.2650339603424
4845,32,71,616347,128,3.759519100189209,3.342778205871582,4.138523578643799,0.2888543903827667,0.00025,734.4070172309875
4846,32,72,616475,128,2.743849992752075,2.364830732345581,3.7600438594818115,0.3014875054359436,0.00025,734.5459604263306
4847,32,73,616603,128,2.929579973220825,2.5201849937438965,4.069640636444092,0.24308297038078308,0.00025,734.687952041626
4848,32,74,616731,128,2.852180004119873,2.4426188468933105,4.069080352783203,0.26532137393951416,0.00025,734.8302381038666
4849,32,75,616859,128,2.497077226638794,2.073744535446167,4.205737590789795,0.27590546011924744,0.00025,734.9719228744507
4850,32,76,616987,128,2.6648154258728027,2.265650510787964,3.967615842819214,0.24033209681510925,0.00025,735.1152098178864
4851,32,77,617115,128,3.233961343765259,2.817624807357788,4.133565902709961,0.2980011999607086,0.00025,735.2562460899353
4852,32,78,617243,128,3.8334696292877197,3.410785436630249,4.195916652679443,0.3092421889305115,0.00025,735.3988411426544
4853,32,79,617371,128,2.506165027618408,2.087172746658325,4.161897659301758,0.28026244044303894,0.00025,735.5429885387421
4854,32,80,617499,128,3.266216993331909,2.8567392826080322,4.0733256340026855,0.21449622511863708,0.00025,735.6840798854828
4855,32,81,617627,128,2.7439029216766357,2.355302095413208,3.861973524093628,0.24035035073757172,0.00025,735.8240282535553
4856,32,82,617755,128,2.6708617210388184,2.2475461959838867,4.207762241363525,0.2539401650428772,0.00025,735.9660592079163
4857,32,83,617883,128,3.4861104488372803,3.044868230819702,4.386580944061279,0.2584250271320343,0.00025,736.1072409152985
4858,32,84,618011,128,3.437711238861084,3.0183310508728027,4.167910575866699,0.2589215338230133,0.00025,736.2547235488892
4859,32,85,618139,128,2.7672855854034424,2.349437713623047,4.154777526855469,0.23701442778110504,0.00025,736.3947167396545
4860,32,86,618267,128,3.3536224365234375,2.928366184234619,4.225039482116699,0.2752420902252197,0.00025,736.5383625030518
4861,32,87,618395,128,3.58365797996521,3.158484935760498,4.224616527557373,0.27112632989883423,0.00025,736.6819596290588
4862,32,88,618523,128,3.070888042449951,2.6473824977874756,4.211907863616943,0.23148490488529205,0.00025,736.8249597549438
4863,32,89,618651,128,3.433603286743164,2.9826908111572266,4.4807329177856445,0.2839195430278778,0.00025,736.9686715602875
4864,32,90,618779,128,2.9708049297332764,2.5650289058685303,4.033033847808838,0.24725593626499176,0.00025,737.1154606342316
4865,32,91,618907,128,2.905988931655884,2.4877986907958984,4.156195163726807,0.2570556700229645,0.00025,737.2611503601074
4866,32,92,619035,128,3.460737943649292,3.0749945640563965,3.8290300369262695,0.2840164005756378,0.00025,737.4039399623871
4867,32,93,619163,128,3.4021053314208984,2.967217206954956,4.3218994140625,0.26982468366622925,0.00025,737.5477349758148
4868,32,94,619291,128,4.708308696746826,4.293651103973389,4.115633964538574,0.30940335988998413,0.00025,737.6889834403992
4869,32,95,619419,128,3.717646598815918,3.3206498622894287,3.9444966316223145,0.2546928822994232,0.00025,737.8279175758362
4870,32,96,619547,128,3.071171998977661,2.6573591232299805,4.112717628479004,0.2541052997112274,0.00025,737.9640417098999
4871,32,97,619675,128,3.6174325942993164,3.195574998855591,4.189870357513428,0.2870536744594574,0.00025,738.104245185852
4872,32,98,619803,128,3.912590503692627,3.4924020767211914,4.171913146972656,0.29970577359199524,0.00025,738.2448878288269
4873,32,99,619931,128,3.377490758895874,2.962855815887451,4.118371963500977,0.27978262305259705,0.00025,738.3831171989441
4874,32,100,620059,128,4.2188944816589355,3.7822186946868896,4.336589336395264,0.30170390009880066,0.00025,738.52259516716
4875,32,101,620187,128,3.99645733833313,3.5785024166107178,4.153436660766602,0.26112085580825806,0.00025,738.6624417304993
4876,32,102,620315,128,3.3303089141845703,2.931819200515747,3.958159923553467,0.267367959022522,0.00025,738.8039960861206
4877,32,103,620443,128,3.347269058227539,2.9311532974243164,4.136272430419922,0.2488507479429245,0.00025,738.9434809684753
4878,32,104,620571,128,3.734105110168457,3.3014371395111084,4.2985453605651855,0.2813278138637543,0.00025,739.0861330032349
4879,32,105,620699,128,3.8390345573425293,3.4174387454986572,4.192297458648682,0.23659877479076385,0.00025,739.2416791915894
4880,32,106,620827,128,3.0856728553771973,2.673283576965332,4.094927787780762,0.28966015577316284,0.00025,739.3825707435608
4881,32,107,620955,128,3.5969736576080322,3.197103261947632,3.974550724029541,0.24154071509838104,0.00025,739.5284016132355
4882,32,108,621083,128,3.493252992630005,3.0712785720825195,4.191005229949951,0.2873785197734833,0.00025,739.6721270084381
4883,32,109,621211,128,3.3531932830810547,2.962982177734375,3.8727734088897705,0.29337164759635925,0.00025,739.8285610675812
4884,32,110,621339,128,2.4591617584228516,2.064927339553833,3.9183764457702637,0.23967766761779785,0.00025,739.9703786373138
4885,32,111,621467,128,3.891439437866211,3.4571945667266846,4.3171467781066895,0.25301286578178406,0.00025,740.1143267154694
4886,32,112,621595,128,3.625326156616211,3.2149059772491455,4.078132152557373,0.2606750428676605,0.00025,740.2696404457092
4887,32,113,621723,128,3.023908853530884,2.6063718795776367,4.1470184326171875,0.2835107445716858,0.00025,740.4103541374207
4888,32,114,621851,128,3.1874868869781494,2.7514467239379883,4.334124565124512,0.26276278495788574,0.00025,740.5537621974945
4889,32,115,621979,128,2.863098382949829,2.4607982635498047,4.0013556480407715,0.21645629405975342,0.00025,740.6948809623718
4890,32,116,622107,128,2.7904603481292725,2.3906426429748535,3.9692564010620117,0.2891918122768402,0.00025,740.8346002101898
4891,32,117,622235,128,3.0272703170776367,2.5838985443115234,4.4068284034729,0.2688910663127899,0.00025,740.9771840572357
4892,32,118,622363,128,3.685988187789917,3.257418632507324,4.255481243133545,0.30213725566864014,0.00025,741.1196575164795
4893,32,119,622491,128,3.400421142578125,2.978610038757324,4.192849159240723,0.25261732935905457,0.00025,741.2591185569763
4894,32,120,622619,128,2.9608397483825684,2.548410654067993,4.093634605407715,0.3065592050552368,0.00025,741.3983745574951
4895,32,121,622747,128,3.2324323654174805,2.8236305713653564,4.062557220458984,0.2546054422855377,0.00025,741.5423243045807
4896,32,122,622875,128,3.182874917984009,2.7706851959228516,4.092940807342529,0.2895655333995819,0.00025,741.6831004619598
4897,32,123,623003,128,3.4803106784820557,3.0367228984832764,4.405367851257324,0.30509358644485474,0.00025,741.825138092041
4898,32,124,623131,128,2.9749515056610107,2.5780718326568604,3.945486068725586,0.23311260342597961,0.00025,741.9669771194458
4899,32,125,623259,128,3.0494866371154785,2.626437187194824,4.203683376312256,0.2681012451648712,0.00025,742.1097657680511
4900,32,126,623387,128,2.4215598106384277,2.0323398113250732,3.8618011474609375,0.30398616194725037,0.00025,742.2513654232025
4901,32,127,623515,128,2.6090307235717773,2.2032711505889893,4.031315803527832,0.2628112733364105,0.00025,742.3927748203278
4902,32,128,623643,128,3.061100482940674,2.6313676834106445,4.267741680145264,0.2958633601665497,0.00025,742.5356464385986
4903,32,129,623771,128,2.7238028049468994,2.3243234157562256,3.9698612689971924,0.2493049055337906,0.00025,742.6781735420227
4904,32,130,623899,128,3.056574583053589,2.652893543243408,4.011012554168701,0.25796493887901306,0.00025,742.8172721862793
4905,32,131,624027,128,3.394930124282837,2.9903430938720703,4.023203372955322,0.22665442526340485,0.00025,742.9576146602631
4906,32,132,624155,128,2.820668935775757,2.439270496368408,3.7891697883605957,0.24815280735492706,0.00025,743.1008639335632
4907,32,133,624283,128,2.7035462856292725,2.2667529582977295,4.34133768081665,0.26596328616142273,0.00025,743.242193698883
4908,32,134,624411,128,3.7434284687042236,3.335749626159668,4.052165985107422,0.24620425701141357,0.00025,743.3815958499908
4909,32,135,624539,128,4.041110515594482,3.611133575439453,4.27252721786499,0.27241161465644836,0.00025,743.5206985473633
4910,32,136,624667,128,2.89636492729187,2.4919252395629883,4.017055988311768,0.27341267466545105,0.00025,743.6638424396515
4911,32,137,624795,128,2.8685381412506104,2.4486963748931885,4.17109489440918,0.2732311487197876,0.00025,743.806111574173
4912,32,138,624923,128,3.8441226482391357,3.421980857849121,4.193277359008789,0.2814001739025116,0.00025,743.9486582279205
4913,32,139,625051,128,3.453907012939453,3.0367214679718018,4.1444196701049805,0.27434012293815613,0.00025,744.0915188789368
4914,32,140,625179,128,2.6142539978027344,2.206298351287842,4.054506301879883,0.25051477551460266,0.00025,744.2340695858002
4915,32,141,625307,128,2.903707265853882,2.462718963623047,4.384736061096191,0.2514505386352539,0.00025,744.3756968975067
4916,32,142,625435,128,2.856070041656494,2.4408977031707764,4.130570411682129,0.2115277796983719,0.00025,744.5178935527802
4917,32,143,625563,128,3.5069658756256104,3.1185097694396973,3.8559482097625732,0.28612375259399414,0.00025,744.6614675521851
4918,32,144,625691,128,2.8807806968688965,2.4846031665802,3.939584970474243,0.22190122306346893,0.00025,744.8037474155426
4919,32,145,625819,128,3.3100218772888184,2.9204280376434326,3.8672845363616943,0.2865329384803772,0.00025,744.9468207359314
4920,32,146,625947,128,4.343538284301758,3.9274685382843018,4.1288580894470215,0.31836095452308655,0.00025,745.0884478092194
4921,32,147,626075,128,2.7493927478790283,2.324270248413086,4.227376461029053,0.23848342895507812,0.00025,745.2309200763702
4922,32,148,626203,128,3.170591354370117,2.7885069847106934,3.796786308288574,0.24057239294052124,0.00025,745.3705632686615
4923,32,149,626331,128,2.521827220916748,2.1061196327209473,4.1307291984558105,0.2634810507297516,0.00025,745.5108692646027
4924,32,150,626459,128,3.3775014877319336,2.9630467891693115,4.117390155792236,0.2715701162815094,0.00025,745.653774023056
4925,32,151,626587,128,3.242366313934326,2.8409063816070557,3.983377695083618,0.31220608949661255,0.00025,745.8066327571869
4926,32,152,626715,128,4.163000106811523,3.746854543685913,4.136762619018555,0.2469005584716797,0.00025,745.948676109314
4927,32,153,626843,128,3.4022786617279053,2.9807395935058594,4.187756061553955,0.2763534486293793,0.00025,746.0913443565369
4928,32,154,626848,5,3.390634775161743,3.063157796859741,3.265594959259033,0.09175105392932892,0.00025,746.2275817394257
4929,33,1,626976,128,3.578078031539917,3.157067060470581,4.181628227233887,0.28482508659362793,0.00025,747.7306606769562
4930,33,2,627104,128,3.8421154022216797,3.397433042526245,4.4167399406433105,0.30084139108657837,0.00025,747.8713471889496
4931,33,3,627232,128,2.065288782119751,1.6584786176681519,4.044983863830566,0.2311687022447586,0.00025,748.0171065330505
4932,33,4,627360,128,2.60599946975708,2.177400827407837,4.261021137237549,0.24964503943920135,0.00025,748.1590869426727
4933,33,5,627488,128,3.6075797080993652,3.1684396266937256,4.362747669219971,0.28653591871261597,0.00025,748.3008005619049
4934,33,6,627616,128,3.8805129528045654,3.4420154094696045,4.358574867248535,0.2640042304992676,0.00025,748.4421589374542
4935,33,7,627744,128,3.2036681175231934,2.768174171447754,4.327685832977295,0.27252987027168274,0.00025,748.5844173431396
4936,33,8,627872,128,2.576495409011841,2.1432650089263916,4.304217338562012,0.28086498379707336,0.00025,748.7291450500488
4937,33,9,628000,128,2.7054991722106934,2.281230926513672,4.217427730560303,0.25256672501564026,0.00025,748.8699207305908
4938,33,10,628128,128,3.2442941665649414,2.8608627319335938,3.807781219482422,0.26534315943717957,0.00025,749.0132050514221
4939,33,11,628256,128,2.8931314945220947,2.46097993850708,4.296109676361084,0.25406166911125183,0.00025,749.1572773456573
4940,33,12,628384,128,3.0721912384033203,2.6890032291412354,3.8121654987335205,0.19713661074638367,0.00025,749.3037407398224
4941,33,13,628512,128,3.0815603733062744,2.6799981594085693,3.992399215698242,0.2322274148464203,0.00025,749.4530465602875
4942,33,14,628640,128,3.5103530883789062,3.1141555309295654,3.9411981105804443,0.20778149366378784,0.00025,749.595086812973
4943,33,15,628768,128,3.064013957977295,2.6592020988464355,4.024009704589844,0.2410951405763626,0.00025,749.7372212409973
4944,33,16,628896,128,2.7831013202667236,2.3637592792510986,4.161006450653076,0.32411879301071167,0.00025,749.8763511180878
4945,33,17,629024,128,3.250791072845459,2.850642204284668,3.9764256477355957,0.25063666701316833,0.00025,750.0182042121887
4946,33,18,629152,128,3.9549407958984375,3.5497968196868896,4.029418468475342,0.22020885348320007,0.00025,750.1589205265045
4947,33,19,629280,128,3.238095998764038,2.808130979537964,4.269485950469971,0.3016379177570343,0.00025,750.2990863323212
4948,33,20,629408,128,3.3880679607391357,2.9922666549682617,3.9365904331207275,0.21420922875404358,0.00025,750.4385321140289
4949,33,21,629536,128,3.507660388946533,3.0783615112304688,4.265124320983887,0.2786369025707245,0.00025,750.5886204242706
4950,33,22,629664,128,2.738720655441284,2.3517022132873535,3.8453755378723145,0.24809592962265015,0.00025,750.7311999797821
4951,33,23,629792,128,2.291917324066162,1.89226233959198,3.9683837890625,0.28167128562927246,0.00025,750.8707590103149
4952,33,24,629920,128,3.789456367492676,3.363477945327759,4.231070041656494,0.2871449291706085,0.00025,751.0109322071075
4953,33,25,630048,128,3.381167411804199,3.0062153339385986,3.725639581680298,0.2388065606355667,0.00025,751.1516366004944
4954,33,26,630176,128,3.5807442665100098,3.138697385787964,4.393496513366699,0.2697291076183319,0.00025,751.2913556098938
4955,33,27,630304,128,2.8303496837615967,2.420501470565796,4.066473484039307,0.320087730884552,0.00025,751.4317479133606
4956,33,28,630432,128,3.5402934551239014,3.1264700889587402,4.107728958129883,0.3050478994846344,0.00025,751.5737864971161
4957,33,29,630560,128,3.104203462600708,2.6959877014160156,4.060175895690918,0.21982480585575104,0.00025,751.7162325382233
4958,33,30,630688,128,2.8106508255004883,2.3973610401153564,4.106559753417969,0.26337718963623047,0.00025,751.8564555644989
4959,33,31,630816,128,2.5874826908111572,2.1388096809387207,4.459486484527588,0.27244964241981506,0.00025,751.9985656738281
4960,33,32,630944,128,3.498408555984497,3.0606577396392822,4.348155975341797,0.29352182149887085,0.00025,752.1410109996796
4961,33,33,631072,128,2.7650058269500732,2.341900587081909,4.2044878005981445,0.26563793420791626,0.00025,752.2823233604431
4962,33,34,631200,128,2.9539079666137695,2.5360660552978516,4.148402214050293,0.3001707196235657,0.00025,752.4228596687317
4963,33,35,631328,128,3.4197330474853516,2.9867982864379883,4.303933143615723,0.2541578710079193,0.00025,752.5646588802338
4964,33,36,631456,128,2.6346445083618164,2.226649284362793,4.055572986602783,0.24379342794418335,0.00025,752.7114007472992
4965,33,37,631584,128,2.7981321811676025,2.3998022079467773,3.9581048488616943,0.2519260048866272,0.00025,752.850334405899
4966,33,38,631712,128,3.943657875061035,3.5449869632720947,3.957413911819458,0.29295581579208374,0.00025,752.9909703731537
4967,33,39,631840,128,3.715296745300293,3.30320143699646,4.098354816436768,0.22596435248851776,0.00025,753.1317830085754
4968,33,40,631968,128,2.757904291152954,2.3437111377716064,4.115797519683838,0.26133275032043457,0.00025,753.2711548805237
4969,33,41,632096,128,2.6071319580078125,2.204896926879883,4.000517845153809,0.21831513941287994,0.00025,753.4124391078949
4970,33,42,632224,128,3.1545019149780273,2.7409651279449463,4.108033180236816,0.2733421325683594,0.00025,753.555089712143
4971,33,43,632352,128,3.5175275802612305,3.099217176437378,4.1561126708984375,0.26990610361099243,0.00025,753.6968553066254
4972,33,44,632480,128,3.1028764247894287,2.7090587615966797,3.912571907043457,0.2560281753540039,0.00025,753.8411891460419
4973,33,45,632608,128,3.5615737438201904,3.16935396194458,3.898644208908081,0.2355261594057083,0.00025,753.9831669330597
4974,33,46,632736,128,4.226004600524902,3.8439273834228516,3.7990641593933105,0.21707084774971008,0.00025,754.1262400150299
4975,33,47,632864,128,3.644993782043457,3.2559561729431152,3.8615825176239014,0.28793373703956604,0.00025,754.268520116806
4976,33,48,632992,128,3.3843157291412354,2.9722094535827637,4.094427585601807,0.26635777950286865,0.00025,754.4099812507629
4977,33,49,633120,128,3.0662548542022705,2.655735731124878,4.080806255340576,0.2438482642173767,0.00025,754.5527193546295
4978,33,50,633248,128,3.1798040866851807,2.7780861854553223,3.9889461994171143,0.28232917189598083,0.00025,754.6952002048492
4979,33,51,633376,128,2.6718368530273438,2.2448487281799316,4.246982097625732,0.22899207472801208,0.00025,754.8488190174103
4980,33,52,633504,128,2.397336959838867,1.9808276891708374,4.14016580581665,0.2492714673280716,0.00025,755.0127093791962
4981,33,53,633632,128,3.735400438308716,3.322455406188965,4.1041717529296875,0.2527996003627777,0.00025,755.1559300422668
4982,33,54,633760,128,2.5811586380004883,2.167422294616699,4.114108085632324,0.23255348205566406,0.00025,755.2997195720673
4983,33,55,633888,128,2.6175739765167236,2.2470691204071045,3.6792118549346924,0.25837451219558716,0.00025,755.443217754364
4984,33,56,634016,128,3.2539258003234863,2.8428637981414795,4.083005428314209,0.2761384844779968,0.00025,755.5856323242188
4985,33,57,634144,128,3.168137788772583,2.762364387512207,4.0263671875,0.313658207654953,0.00025,755.7284615039825
4986,33,58,634272,128,2.1596591472625732,1.752591848373413,4.045688152313232,0.2498297244310379,0.00025,755.8813810348511
4987,33,59,634400,128,3.0058693885803223,2.5686280727386475,4.339386940002441,0.3302685618400574,0.00025,756.0251195430756
4988,33,60,634528,128,3.125663995742798,2.7027230262756348,4.198485374450684,0.30924952030181885,0.00025,756.1684260368347
4989,33,61,634656,128,2.3681888580322266,1.9694048166275024,3.9637279510498047,0.24114848673343658,0.00025,756.310956954956
4990,33,62,634784,128,3.0417003631591797,2.635554313659668,4.034194469451904,0.2726472318172455,0.00025,756.4541921615601
4991,33,63,634912,128,2.880754232406616,2.466765880584717,4.1123456954956055,0.2753848731517792,0.00025,756.5967230796814
4992,33,64,635040,128,3.1042888164520264,2.677838087081909,4.239572525024414,0.24934647977352142,0.00025,756.7385268211365
4993,33,65,635168,128,4.235446453094482,3.817089796066284,4.154526233673096,0.2904013693332672,0.00025,756.8780131340027
4994,33,66,635296,128,2.903979539871216,2.4917914867401123,4.095297813415527,0.2658484876155853,0.00025,757.0196969509125
4995,33,67,635424,128,3.36191463470459,2.9740147590637207,3.856844425201416,0.2215447723865509,0.00025,757.1606044769287
4996,33,68,635552,128,3.386888265609741,2.964714765548706,4.191239833831787,0.3049539029598236,0.00025,757.3006463050842
4997,33,69,635680,128,2.8610689640045166,2.426253080368042,4.316248893737793,0.3190877139568329,0.00025,757.4421944618225
4998,33,70,635808,128,3.6033661365509033,3.1972720623016357,4.035861492156982,0.250788152217865,0.00025,757.5831689834595
4999,33,71,635936,128,3.8488619327545166,3.4370596408843994,4.09428071975708,0.2374238520860672,0.00025,757.7260992527008
5000,33,72,636064,128,2.3730971813201904,1.9730101823806763,3.976882219314575,0.23988178372383118,0.00025,757.8667190074921
5001,33,73,636192,128,3.0055315494537354,2.5873868465423584,4.153411865234375,0.2803512215614319,0.00025,758.0084748268127
5002,33,74,636320,128,3.1001648902893066,2.6937434673309326,4.039728164672852,0.2448529452085495,0.00025,758.1508884429932
5003,33,75,636448,128,3.2666637897491455,2.8597774505615234,4.0434746742248535,0.2538861036300659,0.00025,758.2928695678711
5004,33,76,636576,128,3.4245636463165283,3.0174741744995117,4.044569969177246,0.26324617862701416,0.00025,758.4348068237305
5005,33,77,636704,128,3.418363094329834,2.99190092086792,4.238243103027344,0.26378875970840454,0.00025,758.5789895057678
5006,33,78,636832,128,3.0238637924194336,2.612866163253784,4.082168102264404,0.2780899107456207,0.00025,758.7221746444702
5007,33,79,636960,128,3.426870107650757,3.002690315246582,4.210685729980469,0.3111213147640228,0.00025,758.8644268512726
5008,33,80,637088,128,3.0172998905181885,2.6006009578704834,4.133418560028076,0.3357250988483429,0.00025,759.0048296451569
5009,33,81,637216,128,3.419135332107544,2.993151903152466,4.234164237976074,0.2567082643508911,0.00025,759.1460247039795
5010,33,82,637344,128,2.722966194152832,2.321885824203491,3.982661724090576,0.2814387083053589,0.00025,759.2864112854004
5011,33,83,637472,128,2.355597496032715,1.8932983875274658,4.589852333068848,0.3313807249069214,0.00025,759.4281632900238
5012,33,84,637600,128,3.5450336933135986,3.118030071258545,4.241729259490967,0.28308600187301636,0.00025,759.5709421634674
5013,33,85,637728,128,2.806702136993408,2.3903961181640625,4.127696990966797,0.35361185669898987,0.00025,759.7137365341187
5014,33,86,637856,128,3.3213448524475098,2.911418914794922,4.068760395050049,0.30497923493385315,0.00025,759.8547465801239
5015,33,87,637984,128,2.8157923221588135,2.422241687774658,3.9088733196258545,0.2663278877735138,0.00025,759.9968087673187
5016,33,88,638112,128,2.937253952026367,2.5297348499298096,4.047311782836914,0.27879104018211365,0.00025,760.1384036540985
5017,33,89,638240,128,2.626477003097534,2.217435359954834,4.063623428344727,0.2679413855075836,0.00025,760.2783510684967
5018,33,90,638368,128,2.556049346923828,2.1582276821136475,3.9483110904693604,0.2990414500236511,0.00025,760.4195053577423
5019,33,91,638496,128,3.1893460750579834,2.796881914138794,3.8979320526123047,0.26710939407348633,0.00025,760.5624706745148
5020,33,92,638624,128,3.3656129837036133,2.974911689758301,3.880344867706299,0.26666101813316345,0.00025,760.7037472724915
5021,33,93,638752,128,2.67684268951416,2.2694222927093506,4.049804210662842,0.24400557577610016,0.00025,760.8448896408081
5022,33,94,638880,128,2.186160087585449,1.8017146587371826,3.8224499225616455,0.2200346738100052,0.00025,760.9873507022858
5023,33,95,639008,128,3.267444133758545,2.8702454566955566,3.9457149505615234,0.2627057135105133,0.00025,761.1285707950592
5024,33,96,639136,128,4.074725151062012,3.660447120666504,4.114768981933594,0.2801153063774109,0.00025,761.268589258194
5025,33,97,639264,128,3.0424365997314453,2.62233567237854,4.169412612915039,0.31597477197647095,0.00025,761.4095685482025
5026,33,98,639392,128,2.591334104537964,2.1810858249664307,4.076405048370361,0.2607780992984772,0.00025,761.5640699863434
5027,33,99,639520,128,3.024932861328125,2.6033177375793457,4.188897132873535,0.2725411653518677,0.00025,761.7057182788849
5028,33,100,639648,128,3.624455213546753,3.190260410308838,4.315546989440918,0.26399657130241394,0.00025,761.8470187187195
5029,33,101,639776,128,3.064490556716919,2.628960132598877,4.330256938934326,0.2504880726337433,0.00025,761.9884181022644
5030,33,102,639904,128,2.2321856021881104,1.8319649696350098,3.9767045974731445,0.25502169132232666,0.00025,762.1310176849365
5031,33,103,640032,128,3.4880831241607666,3.069431781768799,4.156091690063477,0.3042173683643341,0.00025,762.5982387065887
5032,33,104,640160,128,4.830829620361328,4.433773517608643,3.9433555603027344,0.27201706171035767,0.00025,762.7408816814423
5033,33,105,640288,128,4.0045166015625,3.6119420528411865,3.899419069290161,0.2632735073566437,0.00025,762.8834421634674
5034,33,106,640416,128,3.220543384552002,2.79331636428833,4.245115756988525,0.27153417468070984,0.00025,763.0276172161102
5035,33,107,640544,128,2.777836322784424,2.3769214153289795,3.977302074432373,0.3184787631034851,0.00025,763.1708903312683
5036,33,108,640672,128,3.2138752937316895,2.7862226963043213,4.246042251586914,0.30483704805374146,0.00025,763.3126673698425
5037,33,109,640800,128,3.8291690349578857,3.440971851348877,3.8585164546966553,0.23455923795700073,0.00025,763.4543280601501
5038,33,110,640928,128,3.5522348880767822,3.1078152656555176,4.409550189971924,0.3464805483818054,0.00025,763.5961468219757
5039,33,111,641056,128,2.994373321533203,2.5882205963134766,4.03493595123291,0.26591259241104126,0.00025,763.7369062900543
5040,33,112,641184,128,2.779179096221924,2.3958940505981445,3.803961753845215,0.2888879179954529,0.00025,763.8770973682404
5041,33,113,641312,128,3.0820186138153076,2.6649117469787598,4.139488220214844,0.3158124089241028,0.00025,764.0199751853943
5042,33,114,641440,128,2.881636381149292,2.494623899459839,3.846191644668579,0.23932479321956635,0.00025,764.1635203361511
5043,33,115,641568,128,2.5834696292877197,2.1651217937469482,4.155998229980469,0.27479007840156555,0.00025,764.3046984672546
5044,33,116,641696,128,2.967050075531006,2.553093671798706,4.111578464508057,0.2798672914505005,0.00025,764.4460961818695
5045,33,117,641824,128,3.0415616035461426,2.647742509841919,3.915247678756714,0.22943878173828125,0.00025,764.5889654159546
5046,33,118,641952,128,4.10595703125,3.682300567626953,4.207753658294678,0.2881263196468353,0.00025,764.7314777374268
5047,33,119,642080,128,2.865067958831787,2.4179253578186035,4.445323944091797,0.26103007793426514,0.00025,764.8734357357025
5048,33,120,642208,128,3.0782010555267334,2.6614465713500977,4.141849040985107,0.256968230009079,0.00025,765.0162928104401
5049,33,121,642336,128,2.9867942333221436,2.572523355484009,4.117371559143066,0.25337687134742737,0.00025,765.1571755409241
5050,33,122,642464,128,2.211700201034546,1.7961996793746948,4.130889892578125,0.2411680519580841,0.00025,765.2944347858429
5051,33,123,642592,128,2.459718704223633,2.087684154510498,3.692430257797241,0.27913182973861694,0.00025,765.4316291809082
5052,33,124,642720,128,2.54742169380188,2.1116743087768555,4.330097675323486,0.2737513482570648,0.00025,765.5771412849426
5053,33,125,642848,128,3.0183494091033936,2.608041524887085,4.077164649963379,0.25914356112480164,0.00025,765.7190752029419
5054,33,126,642976,128,3.0641655921936035,2.6589035987854004,4.028054714202881,0.24564899504184723,0.00025,765.8604793548584
5055,33,127,643104,128,3.6921956539154053,3.27990460395813,4.09405517578125,0.2885648012161255,0.00025,766.0001578330994
5056,33,128,643232,128,2.8851981163024902,2.4652862548828125,4.17512321472168,0.23993924260139465,0.00025,766.1407260894775
5057,33,129,643360,128,3.172436475753784,2.7602481842041016,4.094997882843018,0.2688411772251129,0.00025,766.2824659347534
5058,33,130,643488,128,4.229866981506348,3.8117268085479736,4.15148401260376,0.2991825342178345,0.00025,766.4250197410583
5059,33,131,643616,128,3.2609708309173584,2.8485350608825684,4.095569133758545,0.2878933548927307,0.00025,766.5711722373962
5060,33,132,643744,128,3.4747464656829834,3.0724539756774902,3.9926598072052,0.30263787508010864,0.00025,766.7142910957336
5061,33,133,643872,128,3.319959878921509,2.9072046279907227,4.103359222412109,0.24191661179065704,0.00025,766.8559653759003
5062,33,134,644000,128,3.1792025566101074,2.7691519260406494,4.0708723068237305,0.29632270336151123,0.00025,766.9975037574768
5063,33,135,644128,128,3.4970617294311523,3.051663637161255,4.423602104187012,0.3038043677806854,0.00025,767.1480791568756
5064,33,136,644256,128,2.653167724609375,2.242063045501709,4.084645748138428,0.2640032470226288,0.00025,767.2894940376282
5065,33,137,644384,128,3.043044328689575,2.640843391418457,3.993974447250366,0.28035441040992737,0.00025,767.4332571029663
5066,33,138,644512,128,3.7976222038269043,3.391566514968872,4.036174297332764,0.24382853507995605,0.00025,767.5759057998657
5067,33,139,644640,128,2.9766619205474854,2.5545144081115723,4.199094295501709,0.22380010783672333,0.00025,767.7205722332001
5068,33,140,644768,128,3.750263214111328,3.3444509506225586,4.032588005065918,0.25534313917160034,0.00025,767.8618602752686
5069,33,141,644896,128,2.623521327972412,2.207150459289551,4.133912563323975,0.29795876145362854,0.00025,768.0022594928741
5070,33,142,645024,128,3.566539764404297,3.14042329788208,4.233427047729492,0.27738285064697266,0.00025,768.1449007987976
5071,33,143,645152,128,3.496091365814209,3.0692687034606934,4.239132881164551,0.2909320294857025,0.00025,768.2858905792236
5072,33,144,645280,128,2.717479944229126,2.3044795989990234,4.1007819175720215,0.2921990156173706,0.00025,768.4314844608307
5073,33,145,645408,128,2.7697319984436035,2.366008996963501,4.008631706237793,0.28598278760910034,0.00025,768.5740041732788
5074,33,146,645536,128,2.9784340858459473,2.5881855487823486,3.8765759468078613,0.2590909004211426,0.00025,768.7172679901123
5075,33,147,645664,128,3.2339768409729004,2.8101279735565186,4.208917617797852,0.29571402072906494,0.00025,768.8609657287598
5076,33,148,645792,128,2.526323080062866,2.0955300331115723,4.280935764312744,0.2699420154094696,0.00025,769.0003192424774
5077,33,149,645920,128,2.2936654090881348,1.8771390914916992,4.141079425811768,0.24182723462581635,0.00025,769.1418812274933
5078,33,150,646048,128,3.841325283050537,3.456258535385132,3.822972536087036,0.27693992853164673,0.00025,769.2783818244934
5079,33,151,646176,128,3.270754337310791,2.86897873878479,3.9929027557373047,0.24853390455245972,0.00025,769.4161512851715
5080,33,152,646304,128,3.7279083728790283,3.3087520599365234,4.165244102478027,0.2631892263889313,0.00025,769.5570485591888
5081,33,153,646432,128,3.170151472091675,2.752645969390869,4.145114421844482,0.29940032958984375,0.00025,769.6992955207825
5082,33,154,646437,5,6.357022762298584,6.034059524536133,3.2146310806274414,0.1500304937362671,0.00025,769.8344645500183
5083,34,1,646565,128,3.2314608097076416,2.804187297821045,4.247797966003418,0.24936296045780182,0.00025,771.3530554771423
5084,34,2,646693,128,3.787235975265503,3.3583595752716064,4.2631940841674805,0.25571370124816895,0.00025,771.4968798160553
5085,34,3,646821,128,2.849341869354248,2.4541327953338623,3.927067756652832,0.25021445751190186,0.00025,771.6384971141815
5086,34,4,646949,128,3.2717068195343018,2.8858747482299805,3.833984375,0.24336564540863037,0.00025,771.7786335945129
5087,34,5,647077,128,4.568017482757568,4.156184196472168,4.091708183288574,0.2662601172924042,0.00025,771.9221739768982
5088,34,6,647205,128,3.6979124546051025,3.2983405590057373,3.9714162349700928,0.24301443994045258,0.00025,772.0647623538971
5089,34,7,647333,128,3.702697992324829,3.273139715194702,4.267488479614258,0.2809448540210724,0.00025,772.2081801891327
5090,34,8,647461,128,3.1326053142547607,2.722660541534424,4.074562072753906,0.24885478615760803,0.00025,772.3513777256012
5091,34,9,647589,128,3.0155487060546875,2.5954933166503906,4.173183917999268,0.2737008333206177,0.00025,772.4946806430817
5092,34,10,647717,128,2.904280185699463,2.5185229778289795,3.836247682571411,0.2132396697998047,0.00025,772.6401879787445
5093,34,11,647845,128,2.9655752182006836,2.550427198410034,4.119316101074219,0.32166188955307007,0.00025,772.7812447547913
5094,34,12,647973,128,3.445723295211792,3.0173373222351074,4.253715515136719,0.30143630504608154,0.00025,772.9207971096039
5095,34,13,648101,128,2.8224496841430664,2.4234774112701416,3.9656219482421875,0.24102722108364105,0.00025,773.0648853778839
5096,34,14,648229,128,4.121368885040283,3.7054271697998047,4.133871555328369,0.2554512619972229,0.00025,773.2040865421295
5097,34,15,648357,128,3.0713746547698975,2.6856658458709717,3.831643581390381,0.2544343173503876,0.00025,773.3445069789886
5098,34,16,648485,128,2.8065237998962402,2.3987388610839844,4.049162864685059,0.2868652641773224,0.00025,773.4834942817688
5099,34,17,648613,128,3.477696180343628,3.0871388912200928,3.881246328353882,0.24324941635131836,0.00025,773.6242637634277
5100,34,18,648741,128,3.7083446979522705,3.325387477874756,3.8014514446258545,0.28120681643486023,0.00025,773.7659101486206
5101,34,19,648869,128,2.9225692749023438,2.5207040309906006,3.992255210876465,0.26396626234054565,0.00025,773.9083788394928
5102,34,20,648997,128,2.4376296997070312,2.012799024581909,4.217858791351318,0.3044726252555847,0.00025,774.0513334274292
5103,34,21,649125,128,2.626335382461548,2.231174945831299,3.920283079147339,0.31322142481803894,0.00025,774.1955623626709
5104,34,22,649253,128,2.6206634044647217,2.2409582138061523,3.7729203701019287,0.24131301045417786,0.00025,774.3381152153015
5105,34,23,649381,128,2.95064115524292,2.5578718185424805,3.9018914699554443,0.2580079734325409,0.00025,774.4792244434357
5106,34,24,649509,128,3.414567232131958,2.9946441650390625,4.1704511642456055,0.2877892553806305,0.00025,774.6220309734344
5107,34,25,649637,128,2.706597089767456,2.286924123764038,4.167464733123779,0.2926619350910187,0.00025,774.7647340297699
5108,34,26,649765,128,3.5052077770233154,3.0678281784057617,4.345906734466553,0.2789114713668823,0.00025,774.9080348014832
5109,34,27,649893,128,2.5220131874084473,2.113452911376953,4.059097766876221,0.2650480270385742,0.00025,775.0493819713593
5110,34,28,650021,128,2.6461358070373535,2.2174782752990723,4.259995937347412,0.26579177379608154,0.00025,775.191171169281
5111,34,29,650149,128,2.5571372509002686,2.121107578277588,4.328893184661865,0.3140427768230438,0.00025,775.3329930305481
5112,34,30,650277,128,3.1333303451538086,2.6980063915252686,4.325591087341309,0.276504784822464,0.00025,775.4756705760956
5113,34,31,650405,128,2.538525104522705,2.1329712867736816,4.029163360595703,0.26374557614326477,0.00025,775.6199679374695
5114,34,32,650533,128,2.61030650138855,2.220954179763794,3.8667571544647217,0.2676813304424286,0.00025,775.7676043510437
5115,34,33,650661,128,2.7344753742218018,2.332538604736328,3.992525577545166,0.26841625571250916,0.00025,775.9093644618988
5116,34,34,650789,128,3.0280206203460693,2.6052944660186768,4.197779655456543,0.2948266863822937,0.00025,776.0506975650787
5117,34,35,650917,128,3.3415133953094482,2.934140205383301,4.047320365905762,0.26410990953445435,0.00025,776.1912422180176
5118,34,36,651045,128,2.6867129802703857,2.272932529449463,4.10849666595459,0.2930784821510315,0.00025,776.3310875892639
5119,34,37,651173,128,2.822413206100464,2.420048713684082,3.998647451400757,0.24999156594276428,0.00025,776.4729590415955
5120,34,38,651301,128,2.955609083175659,2.5328264236450195,4.20146369934082,0.26361608505249023,0.00025,776.6165614128113
5121,34,39,651429,128,3.3026845455169678,2.876960277557373,4.233134746551514,0.24108706414699554,0.00025,776.7618923187256
5122,34,40,651557,128,2.821580648422241,2.4226722717285156,3.9591758251190186,0.29906296730041504,0.00025,776.9107193946838
5123,34,41,651685,128,3.161036252975464,2.762385606765747,3.9619081020355225,0.2459876984357834,0.00025,777.0527410507202
5124,34,42,651813,128,2.8203516006469727,2.4090287685394287,4.082061767578125,0.3116667568683624,0.00025,777.1929075717926
5125,34,43,651941,128,3.053114652633667,2.651657819747925,3.991912841796875,0.2265356332063675,0.00025,777.332622051239
5126,34,44,652069,128,2.431584119796753,2.02178692817688,4.068885803222656,0.2908701002597809,0.00025,777.4732844829559
5127,34,45,652197,128,2.433281421661377,2.009096384048462,4.215742111206055,0.26108330488204956,0.00025,777.6177108287811
5128,34,46,652325,128,2.861541748046875,2.4272844791412354,4.312612056732178,0.2996083199977875,0.00025,777.7581288814545
5129,34,47,652453,128,2.270488977432251,1.864491581916809,4.030721187591553,0.2925201654434204,0.00025,777.8985867500305
5130,34,48,652581,128,3.3791871070861816,2.9706077575683594,4.058906555175781,0.26885685324668884,0.00025,778.04296875
5131,34,49,652709,128,2.8770012855529785,2.4686036109924316,4.058070182800293,0.2590740919113159,0.00025,778.1864523887634
5132,34,50,652837,128,2.6701581478118896,2.2332329750061035,4.338542938232422,0.30707475543022156,0.00025,778.3292765617371
5133,34,51,652965,128,3.4681806564331055,3.049973726272583,4.155500411987305,0.26568305492401123,0.00025,778.4709286689758
5134,34,52,653093,128,4.037466049194336,3.6184475421905518,4.165205955505371,0.24976220726966858,0.00025,778.6147654056549
5135,34,53,653221,128,3.0736145973205566,2.6528446674346924,4.176319599151611,0.31381353735923767,0.00025,778.7569451332092
5136,34,54,653349,128,2.3199615478515625,1.9013340473175049,4.156434059143066,0.29841625690460205,0.00025,778.8998503684998
5137,34,55,653477,128,4.085730075836182,3.676142930984497,4.070789813995361,0.2508035898208618,0.00025,779.0435585975647
5138,34,56,653605,128,2.4908149242401123,2.1000497341156006,3.883571147918701,0.240813747048378,0.00025,779.188108921051
5139,34,57,653733,128,3.6459105014801025,3.247366428375244,3.9549436569213867,0.30495524406433105,0.00025,779.3293595314026
5140,34,58,653861,128,2.8628668785095215,2.4471824169158936,4.129470348358154,0.27376291155815125,0.00025,779.470920085907
5141,34,59,653989,128,2.5218124389648438,2.1231188774108887,3.959782123565674,0.27153220772743225,0.00025,779.6246230602264
5142,34,60,654117,128,3.9995198249816895,3.5858707427978516,4.111882209777832,0.2460891604423523,0.00025,779.7649919986725
5143,34,61,654245,128,3.022747755050659,2.6099095344543457,4.103350639343262,0.250310480594635,0.00025,779.905838727951
5144,34,62,654373,128,2.5791735649108887,2.1739706993103027,4.024204730987549,0.2782241106033325,0.00025,780.047070980072
5145,34,63,654501,128,3.2249884605407715,2.814929723739624,4.075630187988281,0.2495763748884201,0.00025,780.18825507164
5146,34,64,654629,128,3.5013184547424316,3.108952522277832,3.896721601486206,0.2693736255168915,0.00025,780.3288631439209
5147,34,65,654757,128,3.2950570583343506,2.8930046558380127,3.9928665161132812,0.27656301856040955,0.00025,780.4699490070343
5148,34,66,654885,128,3.9648115634918213,3.566106081008911,3.9606359004974365,0.2641907036304474,0.00025,780.6131324768066
5149,34,67,655013,128,3.5747323036193848,3.179591178894043,3.9236347675323486,0.27776530385017395,0.00025,780.7556538581848
5150,34,68,655141,128,3.4608497619628906,3.060565948486328,3.9760851860046387,0.2675302028656006,0.00025,780.9126682281494
5151,34,69,655269,128,2.607544422149658,2.1918206214904785,4.127830505371094,0.2940746545791626,0.00025,781.0546610355377
5152,34,70,655397,128,3.684483051300049,3.253727912902832,4.275950908660889,0.31599777936935425,0.00025,781.1951406002045
5153,34,71,655525,128,2.8183987140655518,2.404127597808838,4.116302013397217,0.264095276594162,0.00025,781.3348982334137
5154,34,72,655653,128,4.859897136688232,4.4360432624816895,4.209590435028076,0.2894987463951111,0.00025,781.4753246307373
5155,34,73,655781,128,2.884680986404419,2.4698572158813477,4.120317459106445,0.2792143225669861,0.00025,781.6162118911743
5156,34,74,655909,128,2.6098902225494385,2.1977951526641846,4.096647262573242,0.2430410385131836,0.00025,781.7571711540222
5157,34,75,656037,128,2.9457099437713623,2.5074098110198975,4.35436487197876,0.286359041929245,0.00025,781.9008355140686
5158,34,76,656165,128,3.2144811153411865,2.7978813648223877,4.1387152671813965,0.2728300988674164,0.00025,782.0422713756561
5159,34,77,656293,128,2.6986007690429688,2.2859601974487305,4.099395751953125,0.27011188864707947,0.00025,782.1828279495239
5160,34,78,656421,128,2.437898874282837,2.0143215656280518,4.203638076782227,0.3213377296924591,0.00025,782.3267223834991
5161,34,79,656549,128,2.734260082244873,2.346139669418335,3.8578643798828125,0.23338374495506287,0.00025,782.468991279602
5162,34,80,656677,128,3.3918967247009277,2.98583722114563,4.033246040344238,0.273488849401474,0.00025,782.6133706569672
5163,34,81,656805,128,3.6834664344787598,3.254971504211426,4.2549848556518555,0.2996539771556854,0.00025,782.757509469986
5164,34,82,656933,128,3.5862998962402344,3.176682233810425,4.067461013793945,0.2871535122394562,0.00025,782.8991854190826
5165,34,83,657061,128,3.232649326324463,2.8204092979431152,4.097603797912598,0.24795253574848175,0.00025,783.0417189598083
5166,34,84,657189,128,2.963545083999634,2.5460286140441895,4.14668607711792,0.2847863435745239,0.00025,783.1866607666016
5167,34,85,657317,128,3.488011598587036,3.0799918174743652,4.0557541847229,0.24442996084690094,0.00025,783.3253915309906
5168,34,86,657445,128,3.098172903060913,2.67646861076355,4.189080238342285,0.2796058654785156,0.00025,783.4666430950165
5169,34,87,657573,128,2.315385103225708,1.9103357791900635,4.023929595947266,0.2656341791152954,0.00025,783.6099152565002
5170,34,88,657701,128,3.364645004272461,2.930345058441162,4.3178606033325195,0.2513792812824249,0.00025,783.7518517971039
5171,34,89,657829,128,2.209317207336426,1.7687795162200928,4.37776517868042,0.27611640095710754,0.00025,783.8932888507843
5172,34,90,657957,128,3.4741830825805664,3.036224842071533,4.354934215545654,0.24646933376789093,0.00025,784.0346579551697
5173,34,91,658085,128,2.769777536392212,2.3960962295532227,3.709078788757324,0.2773408889770508,0.00025,784.1743161678314
5174,34,92,658213,128,2.5478169918060303,2.1405084133148193,4.044443130493164,0.2864464521408081,0.00025,784.3136200904846
5175,34,93,658341,128,2.8416390419006348,2.4305334091186523,4.08253812789917,0.2851769030094147,0.00025,784.4546120166779
5176,34,94,658469,128,3.0512311458587646,2.643436908721924,4.047413349151611,0.3052977919578552,0.00025,784.5950403213501
5177,34,95,658597,128,3.5199553966522217,3.141460418701172,3.758755683898926,0.2619559168815613,0.00025,784.7345111370087
5178,34,96,658725,128,3.021597385406494,2.6143476963043213,4.044414520263672,0.28083643317222595,0.00025,784.8758842945099
5179,34,97,658853,128,2.9681413173675537,2.566072702407837,3.992769718170166,0.2791566848754883,0.00025,785.0189447402954
5180,34,98,658981,128,2.934735059738159,2.537585973739624,3.9454612731933594,0.26030975580215454,0.00025,785.1603105068207
5181,34,99,659109,128,3.5350403785705566,3.147413492202759,3.852705240249634,0.23563693463802338,0.00025,785.2989344596863
5182,34,100,659237,128,2.8201515674591064,2.413905382156372,4.036586761474609,0.2587656080722809,0.00025,785.4384305477142
5183,34,101,659365,128,2.917912006378174,2.4925131797790527,4.221185207366943,0.32804709672927856,0.00025,785.579695224762
5184,34,102,659493,128,2.5926785469055176,2.1815011501312256,4.082101345062256,0.2967276871204376,0.00025,785.7245373725891
5185,34,103,659621,128,4.053379058837891,3.6362969875335693,4.144631862640381,0.26186031103134155,0.00025,785.864019870758
5186,34,104,659749,128,3.218339681625366,2.7952635288238525,4.205918788909912,0.24842098355293274,0.00025,786.0047597885132
5187,34,105,659877,128,3.438298225402832,3.016047954559326,4.196593761444092,0.25909605622291565,0.00025,786.1507318019867
5188,34,106,660005,128,4.143167018890381,3.7272939682006836,4.1335649490356445,0.25169482827186584,0.00025,786.2880802154541
5189,34,107,660133,128,2.482375144958496,2.06874680519104,4.1100053787231445,0.2627732753753662,0.00025,786.4341034889221
5190,34,108,660261,128,2.8012945652008057,2.410961866378784,3.8809609413146973,0.2236715853214264,0.00025,786.583752155304
5191,34,109,660389,128,3.027134418487549,2.617597818374634,4.073333263397217,0.22032038867473602,0.00025,786.7228610515594
5192,34,110,660517,128,3.2195987701416016,2.8137006759643555,4.033699989318848,0.2528087794780731,0.00025,786.862752199173
5193,34,111,660645,128,2.0169742107391357,1.6160229444503784,3.9826433658599854,0.2686951458454132,0.00025,787.004540681839
5194,34,112,660773,128,2.4741742610931396,2.0734822750091553,3.977505922317505,0.2941459119319916,0.00025,787.1465575695038
5195,34,113,660901,128,3.2157857418060303,2.800008535385132,4.132978916168213,0.24793441593647003,0.00025,787.2921538352966
5196,34,114,661029,128,2.546457052230835,2.1551034450531006,3.8875036239624023,0.26033568382263184,0.00025,787.43337059021
5197,34,115,661157,128,3.6493165493011475,3.2332868576049805,4.131999969482422,0.2829681634902954,0.00025,787.5764129161835
5198,34,116,661285,128,2.4839584827423096,2.058135986328125,4.227827548980713,0.30397459864616394,0.00025,787.7195956707001
5199,34,117,661413,128,2.33518648147583,1.9348537921905518,3.979490041732788,0.23837397992610931,0.00025,787.8622245788574
5200,34,118,661541,128,2.7975261211395264,2.391704797744751,4.030980587005615,0.2723325192928314,0.00025,788.0018291473389
5201,34,119,661669,128,3.0864851474761963,2.673031806945801,4.10933256149292,0.25200870633125305,0.00025,788.1457149982452
5202,34,120,661797,128,2.8520164489746094,2.4339749813079834,4.153548717498779,0.268653005361557,0.00025,788.2860870361328
5203,34,121,661925,128,3.5645525455474854,3.1479547023773193,4.135747909545898,0.3023225963115692,0.00025,788.423290014267
5204,34,122,662053,128,4.209682464599609,3.7979533672332764,4.089318752288818,0.2797280251979828,0.00025,788.5613987445831
5205,34,123,662181,128,2.5824549198150635,2.181898355484009,3.97981858253479,0.25747236609458923,0.00025,788.6984529495239
5206,34,124,662309,128,3.1265790462493896,2.7056376934051514,4.178937911987305,0.3047524094581604,0.00025,788.8377561569214
5207,34,125,662437,128,2.9701285362243652,2.5735974311828613,3.9373226165771484,0.27986782789230347,0.00025,788.9748387336731
5208,34,126,662565,128,2.9997811317443848,2.576932191848755,4.20065975189209,0.2782995402812958,0.00025,789.1188988685608
5209,34,127,662693,128,2.759272813796997,2.349385976791382,4.074402809143066,0.24466481804847717,0.00025,789.2601730823517
5210,34,128,662821,128,2.966249465942383,2.5441362857818604,4.191652297973633,0.2948071360588074,0.00025,789.3990123271942
5211,34,129,662949,128,2.7480058670043945,2.292569637298584,4.52130651473999,0.3305608928203583,0.00025,789.5398411750793
5212,34,130,663077,128,2.7793781757354736,2.3523149490356445,4.236245155334473,0.3438612222671509,0.00025,789.682569026947
5213,34,131,663205,128,2.89318585395813,2.4716057777404785,4.185456275939941,0.3034448027610779,0.00025,789.8213894367218
5214,34,132,663333,128,2.55119252204895,2.1611335277557373,3.8706612586975098,0.2992863655090332,0.00025,789.9631416797638
5215,34,133,663461,128,3.348071813583374,2.9485456943511963,3.9659042358398438,0.29357630014419556,0.00025,790.1047625541687
5216,34,134,663589,128,2.498387098312378,2.100609064102173,3.952512741088867,0.2526719868183136,0.00025,790.2470569610596
5217,34,135,663717,128,2.9898433685302734,2.5880181789398193,3.9900450706481934,0.28207358717918396,0.00025,790.3884348869324
5218,34,136,663845,128,2.748466730117798,2.347966194152832,3.97882080078125,0.2618495225906372,0.00025,790.5315582752228
5219,34,137,663973,128,3.103666067123413,2.683401346206665,4.175530910491943,0.27115267515182495,0.00025,790.6725051403046
5220,34,138,664101,128,3.9135003089904785,3.5242998600006104,3.8696837425231934,0.2232147753238678,0.00025,790.8148925304413
5221,34,139,664229,128,3.740013360977173,3.339510202407837,3.9805190563201904,0.2451225370168686,0.00025,790.9569690227509
5222,34,140,664357,128,3.624131441116333,3.2224907875061035,3.990922689437866,0.2548507750034332,0.00025,791.1007633209229
5223,34,141,664485,128,4.338320255279541,3.9031848907470703,4.327864170074463,0.23488762974739075,0.00025,791.2449195384979
5224,34,142,664613,128,2.926219940185547,2.5033278465270996,4.2021164894104,0.26806578040122986,0.00025,791.3870348930359
5225,34,143,664741,128,4.5102362632751465,4.088629245758057,4.187248229980469,0.28821444511413574,0.00025,791.5317347049713
5226,34,144,664869,128,3.148283004760742,2.7292892932891846,4.162952899932861,0.26984328031539917,0.00025,791.6744246482849
5227,34,145,664997,128,2.649163246154785,2.2255516052246094,4.20660400390625,0.29512110352516174,0.00025,791.8184571266174
5228,34,146,665125,128,2.992141008377075,2.5667355060577393,4.2266340255737305,0.2742166817188263,0.00025,791.961344242096
5229,34,147,665253,128,2.708317995071411,2.2932746410369873,4.12431526184082,0.26117566227912903,0.00025,792.1056306362152
5230,34,148,665381,128,2.9077088832855225,2.506354331970215,3.9866905212402344,0.26854434609413147,0.00025,792.2492868900299
5231,34,149,665509,128,3.0776143074035645,2.6701173782348633,4.050321578979492,0.24646678566932678,0.00025,792.3883788585663
5232,34,150,665637,128,2.838531017303467,2.4465556144714355,3.8924131393432617,0.2734176814556122,0.00025,792.5308570861816
5233,34,151,665765,128,3.512955665588379,3.103247880935669,4.068961143493652,0.28117111325263977,0.00025,792.6765239238739
5234,34,152,665893,128,3.524531364440918,3.130009174346924,3.9187679290771484,0.26453930139541626,0.00025,792.8189265727997
5235,34,153,666021,128,2.5333447456359863,2.1189022064208984,4.117228984832764,0.2719535529613495,0.00025,792.9600620269775
5236,34,154,666026,5,2.1897358894348145,1.8376293182373047,3.5062897205352783,0.14776059985160828,0.00025,793.0970642566681
5237,35,1,666154,128,3.332474708557129,2.9311130046844482,3.988614320755005,0.25001898407936096,0.00025,794.6784377098083
5238,35,2,666282,128,3.404759407043457,3.002168893814087,3.999717950820923,0.26187944412231445,0.00025,794.8192474842072
5239,35,3,666410,128,3.6670005321502686,3.2184789180755615,4.455941677093506,0.29276564717292786,0.00025,794.9623708724976
5240,35,4,666538,128,2.7150182723999023,2.2945363521575928,4.173450946807861,0.31369924545288086,0.00025,795.1057620048523
5241,35,5,666666,128,3.299027919769287,2.882237434387207,4.135566711425781,0.32339590787887573,0.00025,795.2734241485596
5242,35,6,666794,128,3.0581953525543213,2.6449460983276367,4.106898307800293,0.2559337615966797,0.00025,795.4137892723083
5243,35,7,666922,128,2.6721384525299072,2.2621452808380127,4.072041034698486,0.2789035439491272,0.00025,795.5571258068085
5244,35,8,667050,128,2.4456093311309814,2.025904893875122,4.16752815246582,0.2951709032058716,0.00025,795.6993064880371
5245,35,9,667178,128,2.9214775562286377,2.4892964363098145,4.29311990737915,0.28690654039382935,0.00025,795.8404734134674
5246,35,10,667306,128,2.42829966545105,2.0209829807281494,4.048899173736572,0.24268895387649536,0.00025,795.979421377182
5247,35,11,667434,128,3.052032709121704,2.649057626724243,4.001175880432129,0.28573277592658997,0.00025,796.1188032627106
5248,35,12,667562,128,2.191514492034912,1.795346975326538,3.9371702671051025,0.24504119157791138,0.00025,796.2575407028198
5249,35,13,667690,128,3.3076725006103516,2.922710418701172,3.822185516357422,0.2743532955646515,0.00025,796.3959710597992
5250,35,14,667818,128,2.5744683742523193,2.166794538497925,4.047735214233398,0.29003456234931946,0.00025,796.5387547016144
5251,35,15,667946,128,3.259859561920166,2.8434579372406006,4.141202926635742,0.22815410792827606,0.00025,796.6839163303375
5252,35,16,668074,128,2.5913031101226807,2.1971940994262695,3.9166438579559326,0.2444530427455902,0.00025,796.8247666358948
5253,35,17,668202,128,2.6848974227905273,2.2984092235565186,3.8382558822631836,0.26627010107040405,0.00025,797.310742855072
5254,35,18,668330,128,4.306430339813232,3.8998329639434814,4.041812419891357,0.2416170835494995,0.00025,797.4525008201599
5255,35,19,668458,128,3.986238718032837,3.559431552886963,4.2424235343933105,0.25648102164268494,0.00025,797.5940835475922
5256,35,20,668586,128,4.497120380401611,4.092191219329834,4.025002479553223,0.24292321503162384,0.00025,797.7355930805206
5257,35,21,668714,128,3.3111770153045654,2.8811867237091064,4.273623943328857,0.2627864480018616,0.00025,797.8758404254913
5258,35,22,668842,128,4.070830821990967,3.641127824783325,4.270639419555664,0.26394593715667725,0.00025,798.0184030532837
5259,35,23,668970,128,4.209356307983398,3.787663698196411,4.191647529602051,0.2527892291545868,0.00025,798.160650730133
5260,35,24,669098,128,3.021677017211914,2.6123695373535156,4.071476936340332,0.21598811447620392,0.00025,798.3016529083252
5261,35,25,669226,128,3.0103137493133545,2.610623359680176,3.9673542976379395,0.29550644755363464,0.00025,798.4400568008423
5262,35,26,669354,128,3.5680036544799805,3.169595718383789,3.953617572784424,0.3046230375766754,0.00025,798.580982208252
5263,35,27,669482,128,3.0717523097991943,2.6575725078582764,4.112020969390869,0.2977661192417145,0.00025,798.7218515872955
5264,35,28,669610,128,2.9221580028533936,2.5106678009033203,4.082938194274902,0.3196548819541931,0.00025,798.867338180542
5265,35,29,669738,128,2.484027147293091,2.0671658515930176,4.143185138702393,0.254274845123291,0.00025,799.0190680027008
5266,35,30,669866,128,2.490938425064087,2.0834717750549316,4.046161651611328,0.2850555181503296,0.00025,799.156256198883
5267,35,31,669994,128,2.5140023231506348,2.1222457885742188,3.888727903366089,0.2883583903312683,0.00025,799.2929995059967
5268,35,32,670122,128,2.582594871520996,2.198270559310913,3.8204433917999268,0.2280004322528839,0.00025,799.4345140457153
5269,35,33,670250,128,2.378480911254883,1.983534336090088,3.9212734699249268,0.2819262146949768,0.00025,799.5771660804749
5270,35,34,670378,128,3.277766704559326,2.8838398456573486,3.9130847454071045,0.2618418335914612,0.00025,799.718567609787
5271,35,35,670506,128,3.071263551712036,2.7044079303741455,3.643371820449829,0.2518470883369446,0.00025,799.8598792552948
5272,35,36,670634,128,3.437391519546509,3.018526077270508,4.156457424163818,0.3219701647758484,0.00025,800.0024611949921
5273,35,37,670762,128,2.983349323272705,2.5801894664764404,4.0068254470825195,0.24773246049880981,0.00025,800.1450035572052
5274,35,38,670890,128,2.6090171337127686,2.214564085006714,3.9203972816467285,0.24132941663265228,0.00025,800.2865164279938
5275,35,39,671018,128,4.192007064819336,3.7824389934539795,4.06929349899292,0.2638968527317047,0.00025,800.4260082244873
5276,35,40,671146,128,3.016934394836426,2.5939836502075195,4.198150157928467,0.3135793209075928,0.00025,800.5717074871063
5277,35,41,671274,128,3.9541916847229004,3.5056824684143066,4.451239585876465,0.3385240435600281,0.00025,800.7126150131226
5278,35,42,671402,128,3.1676669120788574,2.7163095474243164,4.486405372619629,0.27168330550193787,0.00025,800.8549952507019
5279,35,43,671530,128,2.817685604095459,2.4033639430999756,4.115170001983643,0.28047630190849304,0.00025,801.0005187988281
5280,35,44,671658,128,2.300086498260498,1.8759143352508545,4.218660354614258,0.23062212765216827,0.00025,801.142584323883
5281,35,45,671786,128,3.1401708126068115,2.7414186000823975,3.96231746673584,0.25205931067466736,0.00025,801.2837650775909
5282,35,46,671914,128,2.7463226318359375,2.3526904582977295,3.911808967590332,0.2451140284538269,0.00025,801.4261107444763
5283,35,47,672042,128,2.900786876678467,2.475661516189575,4.227836608886719,0.23416486382484436,0.00025,801.5695805549622
5284,35,48,672170,128,2.6322202682495117,2.241692304611206,3.88031005859375,0.24970287084579468,0.00025,801.7124218940735
5285,35,49,672298,128,2.6045947074890137,2.202975273132324,3.9867284297943115,0.2946622669696808,0.00025,801.8535041809082
5286,35,50,672426,128,2.7517242431640625,2.3524410724639893,3.9701945781707764,0.22638122737407684,0.00025,801.9950747489929
5287,35,51,672554,128,2.4060959815979004,1.9865546226501465,4.170025825500488,0.2538626790046692,0.00025,802.1408760547638
5288,35,52,672682,128,4.836581230163574,4.446406364440918,3.873972177505493,0.2777673304080963,0.00025,802.2832605838776
5289,35,53,672810,128,2.564868211746216,2.1665704250335693,3.9555718898773193,0.27406400442123413,0.00025,802.4250545501709
5290,35,54,672938,128,2.7984437942504883,2.402517080307007,3.931981086730957,0.27287060022354126,0.00025,802.5662820339203
5291,35,55,673066,128,2.294879913330078,1.888710379600525,4.0362749099731445,0.25419750809669495,0.00025,802.7124466896057
5292,35,56,673194,128,2.136874198913574,1.7284313440322876,4.0550055503845215,0.29422247409820557,0.00025,802.8533217906952
5293,35,57,673322,128,4.774075508117676,4.34703254699707,4.240617752075195,0.29809725284576416,0.00025,802.9948928356171
5294,35,58,673450,128,3.0402843952178955,2.616926670074463,4.206663608551025,0.26912233233451843,0.00025,803.1362597942352
5295,35,59,673578,128,3.23911452293396,2.8466765880584717,3.9011693000793457,0.2321009635925293,0.00025,803.2775106430054
5296,35,60,673706,128,3.0217370986938477,2.6091976165771484,4.0981645584106445,0.27228933572769165,0.00025,803.4214653968811
5297,35,61,673834,128,3.3983476161956787,2.9829061031341553,4.133260250091553,0.21155902743339539,0.00025,803.5644533634186
5298,35,62,673962,128,3.1151177883148193,2.69724702835083,4.15433406829834,0.24372756481170654,0.00025,803.7071404457092
5299,35,63,674090,128,3.0194809436798096,2.592952251434326,4.2377848625183105,0.27501052618026733,0.00025,803.8457679748535
5300,35,64,674218,128,2.6422529220581055,2.222578525543213,4.173156261444092,0.23586426675319672,0.00025,803.986973285675
5301,35,65,674346,128,2.620967149734497,2.2031891345977783,4.153065204620361,0.24713683128356934,0.00025,804.1307497024536
5302,35,66,674474,128,2.4638872146606445,2.0684738159179688,3.928799867630005,0.2533456087112427,0.00025,804.2722158432007
5303,35,67,674602,128,3.576323986053467,3.1558945178985596,4.179630756378174,0.246649831533432,0.00025,804.4141163825989
5304,35,68,674730,128,3.8512697219848633,3.4462454319000244,4.028345108032227,0.21898455917835236,0.00025,804.5571391582489
5305,35,69,674858,128,3.0480589866638184,2.6540818214416504,3.913483142852783,0.26287394762039185,0.00025,804.700296163559
5306,35,70,674986,128,3.3163022994995117,2.9147257804870605,3.9903831481933594,0.25382065773010254,0.00025,804.8435428142548
5307,35,71,675114,128,2.74995493888855,2.369781970977783,3.7783193588256836,0.2341061383485794,0.00025,804.9860723018646
5308,35,72,675242,128,2.5993707180023193,2.192786931991577,4.037131309509277,0.28706714510917664,0.00025,805.128758430481
5309,35,73,675370,128,3.2147059440612793,2.8058860301971436,4.063085079193115,0.2511429190635681,0.00025,805.2724797725677
5310,35,74,675498,128,2.7760376930236816,2.3498945236206055,4.235592365264893,0.2583985924720764,0.00025,805.4137237071991
5311,35,75,675626,128,2.846708297729492,2.4068338871002197,4.373251914978027,0.2549085319042206,0.00025,805.5532121658325
5312,35,76,675754,128,2.069437026977539,1.678376317024231,3.8886122703552246,0.21995261311531067,0.00025,805.6949458122253
5313,35,77,675882,128,3.321185827255249,2.8988757133483887,4.194530010223389,0.28572094440460205,0.00025,805.8335430622101
5314,35,78,676010,128,2.882615566253662,2.4856438636779785,3.9442100524902344,0.255052387714386,0.00025,805.9778878688812
5315,35,79,676138,128,2.569547653198242,2.145284652709961,4.218717575073242,0.2391425222158432,0.00025,806.1223120689392
5316,35,80,676266,128,3.4582643508911133,3.0453662872314453,4.102884292602539,0.26096174120903015,0.00025,806.266597032547
5317,35,81,676394,128,2.77422833442688,2.3662919998168945,4.05143928527832,0.27922895550727844,0.00025,806.408257484436
5318,35,82,676522,128,3.258110284805298,2.8437447547912598,4.118839740753174,0.24814727902412415,0.00025,806.551961183548
5319,35,83,676650,128,3.1303157806396484,2.722766876220703,4.048206806182861,0.272816002368927,0.00025,806.6896617412567
5320,35,84,676778,128,2.929018259048462,2.5490217208862305,3.773775339126587,0.26189127564430237,0.00025,806.8320293426514
5321,35,85,676906,128,2.624619245529175,2.2249293327331543,3.9694664478302,0.2743125259876251,0.00025,806.9690124988556
5322,35,86,677034,128,3.4938275814056396,3.0941872596740723,3.9736077785491943,0.22794707119464874,0.00025,807.1091160774231
5323,35,87,677162,128,3.2983272075653076,2.8970673084259033,3.989902973175049,0.22695113718509674,0.00025,807.2499437332153
5324,35,88,677290,128,3.0753440856933594,2.650083065032959,4.222933769226074,0.2967686653137207,0.00025,807.3923602104187
5325,35,89,677418,128,3.5127789974212646,3.1009013652801514,4.089528560638428,0.2924613058567047,0.00025,807.5375797748566
5326,35,90,677546,128,3.074435234069824,2.6548585891723633,4.167284965515137,0.284824401140213,0.00025,807.6807715892792
5327,35,91,677674,128,3.439298152923584,3.0402371883392334,3.963315010070801,0.2729381024837494,0.00025,807.8230514526367
5328,35,92,677802,128,3.0114052295684814,2.5901551246643066,4.1865386962890625,0.2596215009689331,0.00025,807.965735912323
5329,35,93,677930,128,3.0552473068237305,2.643994092941284,4.080499172210693,0.3203375041484833,0.00025,808.1096551418304
5330,35,94,678058,128,3.4763023853302,3.0430479049682617,4.300443172454834,0.3210066854953766,0.00025,808.2531423568726
5331,35,95,678186,128,2.5253512859344482,2.130966901779175,3.9228594303131104,0.20982162654399872,0.00025,808.3952498435974
5332,35,96,678314,128,3.7679929733276367,3.3703510761260986,3.952604055404663,0.23815901577472687,0.00025,808.5394542217255
5333,35,97,678442,128,3.2008414268493652,2.8096659183502197,3.8889596462249756,0.22795984148979187,0.00025,808.6825487613678
5334,35,98,678570,128,3.591250419616699,3.1598806381225586,4.289888858795166,0.23809655010700226,0.00025,808.823207616806
5335,35,99,678698,128,3.0273139476776123,2.6012847423553467,4.231487274169922,0.28806072473526,0.00025,808.9647927284241
5336,35,100,678826,128,4.4024529457092285,3.9712512493133545,4.286686420440674,0.2532843351364136,0.00025,809.1080598831177
5337,35,101,678954,128,2.396951913833618,1.9806756973266602,4.138063907623291,0.24697093665599823,0.00025,809.2497129440308
5338,35,102,679082,128,3.2180912494659424,2.8162317276000977,3.989290714263916,0.293032169342041,0.00025,809.3862755298615
5339,35,103,679210,128,2.733785390853882,2.321920871734619,4.090142250061035,0.2850186228752136,0.00025,809.5247836112976
5340,35,104,679338,128,2.9270288944244385,2.511018753051758,4.131791114807129,0.28308913111686707,0.00025,809.6644999980927
5341,35,105,679466,128,3.192200183868408,2.779900550842285,4.094140529632568,0.2885647118091583,0.00025,809.8005495071411
5342,35,106,679594,128,3.884014129638672,3.5038788318634033,3.7744479179382324,0.2690621018409729,0.00025,809.9425206184387
5343,35,107,679722,128,3.3277111053466797,2.9123029708862305,4.12665319442749,0.2742675244808197,0.00025,810.0819585323334
5344,35,108,679850,128,3.6532540321350098,3.2351715564727783,4.152392387390137,0.2843163311481476,0.00025,810.2242760658264
5345,35,109,679978,128,3.346609115600586,2.9117748737335205,4.319940567016602,0.28403258323669434,0.00025,810.3637101650238
5346,35,110,680106,128,2.4390454292297363,2.0314784049987793,4.050222873687744,0.2544703185558319,0.00025,810.5005660057068
5347,35,111,680234,128,2.941692352294922,2.514054775238037,4.24920129776001,0.2717477083206177,0.00025,810.6388499736786
5348,35,112,680362,128,3.250375986099243,2.8281803131103516,4.192688465118408,0.29267174005508423,0.00025,810.7759251594543
5349,35,113,680490,128,3.6703813076019287,3.2830491065979004,3.847789764404297,0.2553302049636841,0.00025,810.9128012657166
5350,35,114,680618,128,2.953629732131958,2.5344724655151367,4.164346694946289,0.2722465693950653,0.00025,811.0506038665771
5351,35,115,680746,128,3.5449471473693848,3.129222869873047,4.127628803253174,0.2961374521255493,0.00025,811.1877582073212
5352,35,116,680874,128,3.059438705444336,2.628917932510376,4.27647066116333,0.2873678207397461,0.00025,811.3250567913055
5353,35,117,681002,128,3.0895814895629883,2.6648943424224854,4.217618465423584,0.2925442159175873,0.00025,811.4635224342346
5354,35,118,681130,128,2.5932815074920654,2.1754887104034424,4.150002956390381,0.2792503237724304,0.00025,811.6013970375061
5355,35,119,681258,128,2.588545322418213,2.1542909145355225,4.31049108505249,0.32054099440574646,0.00025,811.7436380386353
5356,35,120,681386,128,2.458465099334717,2.0665688514709473,3.8916075229644775,0.2735610008239746,0.00025,811.8866264820099
5357,35,121,681514,128,2.8737668991088867,2.44026255607605,4.305624961853027,0.29418104887008667,0.00025,812.0284337997437
5358,35,122,681642,128,3.7297399044036865,3.3278720378875732,3.9974310398101807,0.2124670296907425,0.00025,812.1725211143494
5359,35,123,681770,128,2.766396999359131,2.3674635887145996,3.9589359760284424,0.3039862811565399,0.00025,812.3102948665619
5360,35,124,681898,128,2.697572946548462,2.3084239959716797,3.861619472503662,0.2986944019794464,0.00025,812.4529180526733
5361,35,125,682026,128,2.7900028228759766,2.3970017433166504,3.9032912254333496,0.2671988606452942,0.00025,812.5995440483093
5362,35,126,682154,128,2.574798583984375,2.1601457595825195,4.1196513175964355,0.26876750588417053,0.00025,812.7430305480957
5363,35,127,682282,128,3.2549076080322266,2.8407251834869385,4.113649368286133,0.28173738718032837,0.00025,812.8861470222473
5364,35,128,682410,128,2.369520425796509,2.000422954559326,3.6671035289764404,0.23869569599628448,0.00025,813.0292258262634
5365,35,129,682538,128,3.0706520080566406,2.6569271087646484,4.10957670211792,0.2767315208911896,0.00025,813.1728014945984
5366,35,130,682666,128,2.9123873710632324,2.4822423458099365,4.273290157318115,0.2815984785556793,0.00025,813.3154509067535
5367,35,131,682794,128,2.7327065467834473,2.3303921222686768,3.996504545211792,0.2663995921611786,0.00025,813.4585661888123
5368,35,132,682922,128,3.245670795440674,2.84692120552063,3.9654369354248047,0.22059474885463715,0.00025,813.6094889640808
5369,35,133,683050,128,2.754293203353882,2.333925724029541,4.178983688354492,0.2468978613615036,0.00025,813.7517552375793
5370,35,134,683178,128,2.678060531616211,2.270866870880127,4.042518615722656,0.2941879630088806,0.00025,813.8940365314484
5371,35,135,683306,128,3.5038514137268066,3.1002495288848877,4.004857063293457,0.31162184476852417,0.00025,814.0329396724701
5372,35,136,683434,128,2.7510986328125,2.3433938026428223,4.052933216094971,0.24115630984306335,0.00025,814.1774866580963
5373,35,137,683562,128,2.9019505977630615,2.491269826889038,4.078563690185547,0.2824266254901886,0.00025,814.3152196407318
5374,35,138,683690,128,2.511418104171753,2.1196448802948,3.8916120529174805,0.261202335357666,0.00025,814.4526841640472
5375,35,139,683818,128,3.4749176502227783,3.0830490589141846,3.894699811935425,0.23986117541790009,0.00025,814.5920267105103
5376,35,140,683946,128,3.131817102432251,2.7230288982391357,4.060258865356445,0.2762223780155182,0.00025,814.7314040660858
5377,35,141,684074,128,3.1094448566436768,2.718783140182495,3.8828837871551514,0.23734046518802643,0.00025,814.8711519241333
5378,35,142,684202,128,2.4554264545440674,2.037889003753662,4.149343013763428,0.26029548048973083,0.00025,815.0121445655823
5379,35,143,684330,128,3.8954038619995117,3.481734037399292,4.106594562530518,0.3010384440422058,0.00025,815.1521482467651
5380,35,144,684458,128,3.7817704677581787,3.3861889839172363,3.9290356636047363,0.26779434084892273,0.00025,815.2950170040131
5381,35,145,684586,128,3.035724401473999,2.643606424331665,3.8926212787628174,0.2855748236179352,0.00025,815.4378604888916
5382,35,146,684714,128,2.38774037361145,1.9821232557296753,4.031193733215332,0.2497754991054535,0.00025,815.5825951099396
5383,35,147,684842,128,3.1895828247070312,2.780996084213257,4.0571136474609375,0.2875326871871948,0.00025,815.7286312580109
5384,35,148,684970,128,2.3411705493927,1.93961763381958,3.986879587173462,0.28651943802833557,0.00025,815.8674957752228
5385,35,149,685098,128,2.824307680130005,2.4019012451171875,4.196084499359131,0.27979767322540283,0.00025,816.0069699287415
5386,35,150,685226,128,2.6810638904571533,2.2761619091033936,4.023080348968506,0.2593992352485657,0.00025,816.1471476554871
5387,35,151,685354,128,3.5573127269744873,3.140596389770508,4.137263774871826,0.2990007698535919,0.00025,816.2865045070648
5388,35,152,685482,128,2.9863080978393555,2.581953525543213,4.017082214355469,0.2646525800228119,0.00025,816.4291915893555
5389,35,153,685610,128,3.0793731212615967,2.697597026824951,3.7923715114593506,0.2538938820362091,0.00025,816.5706036090851
5390,35,154,685615,5,2.0453333854675293,1.6560369729995728,3.8693184852600098,0.23645590245723724,0.00025,816.7100465297699
5391,36,1,685743,128,3.331730365753174,2.9349327087402344,3.943864107131958,0.241128608584404,0.00025,818.1998150348663
5392,36,2,685871,128,2.675384283065796,2.270429849624634,4.0196967124938965,0.29848000407218933,0.00025,818.3397345542908
5393,36,3,685999,128,3.077199697494507,2.6637046337127686,4.110090732574463,0.2485894411802292,0.00025,818.4817745685577
5394,36,4,686127,128,2.492114543914795,2.063373565673828,4.2608842849731445,0.26526397466659546,0.00025,818.6212809085846
5395,36,5,686255,128,3.5179827213287354,3.089625835418701,4.257228851318359,0.26340609788894653,0.00025,818.7614758014679
5396,36,6,686383,128,3.640824794769287,3.241455078125,3.967986583709717,0.2571137249469757,0.00025,818.9021446704865
5397,36,7,686511,128,2.9068286418914795,2.488330364227295,4.157469272613525,0.2751370966434479,0.00025,819.0443449020386
5398,36,8,686639,128,3.195516586303711,2.784433603286743,4.08280611038208,0.2802334129810333,0.00025,819.1856846809387
5399,36,9,686767,128,3.3602547645568848,2.943178653717041,4.144240379333496,0.2652253210544586,0.00025,819.329181432724
5400,36,10,686895,128,2.7979867458343506,2.385051965713501,4.099925994873047,0.2942105531692505,0.00025,819.4869015216827
5401,36,11,687023,128,2.95951509475708,2.534414768218994,4.216026306152344,0.3497667610645294,0.00025,819.636724948883
5402,36,12,687151,128,3.260859251022339,2.839103937149048,4.181606769561768,0.3594745993614197,0.00025,819.7783875465393
5403,36,13,687279,128,3.327270030975342,2.929771661758423,3.941425085067749,0.33560842275619507,0.00025,819.9212889671326
5404,36,14,687407,128,2.895880937576294,2.4807918071746826,4.1187744140625,0.3211764395236969,0.00025,820.0659663677216
5405,36,15,687535,128,3.2147834300994873,2.7932074069976807,4.178425312042236,0.37333351373672485,0.00025,820.2085552215576
5406,36,16,687663,128,3.8254542350769043,3.386474609375,4.358974456787109,0.30823639035224915,0.00025,820.34983253479
5407,36,17,687791,128,2.863196849822998,2.44083833694458,4.193338394165039,0.302447646856308,0.00025,820.4908409118652
5408,36,18,687919,128,3.505720615386963,3.100006341934204,4.030966281890869,0.2617555856704712,0.00025,820.6346297264099
5409,36,19,688047,128,2.6060445308685303,2.1801538467407227,4.227036476135254,0.3186853229999542,0.00025,820.777978181839
5410,36,20,688175,128,3.0515952110290527,2.6408138275146484,4.082850456237793,0.2496272176504135,0.00025,820.9201412200928
5411,36,21,688303,128,2.474133014678955,2.077836751937866,3.9329521656036377,0.3001023530960083,0.00025,821.0664577484131
5412,36,22,688431,128,3.1388072967529297,2.7256381511688232,4.105219841003418,0.26471146941185,0.00025,821.2081565856934
5413,36,23,688559,128,3.772207736968994,3.349264144897461,4.19712495803833,0.32310163974761963,0.00025,821.3506212234497
5414,36,24,688687,128,3.4562747478485107,3.0454607009887695,4.080354690551758,0.2778477370738983,0.00025,821.4935431480408
5415,36,25,688815,128,3.005091667175293,2.585411310195923,4.167414665222168,0.2938971221446991,0.00025,821.6349656581879
5416,36,26,688943,128,2.6126110553741455,2.187978744506836,4.222920894622803,0.23402297496795654,0.00025,821.7749509811401
5417,36,27,689071,128,3.2649595737457275,2.852713108062744,4.094653129577637,0.2781170904636383,0.00025,821.9181826114655
5418,36,28,689199,128,4.009741306304932,3.5969455242156982,4.1018548011779785,0.26103848218917847,0.00025,822.0615413188934
5419,36,29,689327,128,2.6293139457702637,2.214369535446167,4.122726917266846,0.26718053221702576,0.00025,822.2053022384644
5420,36,30,689455,128,2.9691641330718994,2.5535709857940674,4.133384704589844,0.22547000646591187,0.00025,822.3454697132111
5421,36,31,689583,128,3.0695769786834717,2.667046546936035,4.000347137451172,0.2495735138654709,0.00025,822.4867634773254
5422,36,32,689711,128,3.360137939453125,2.973482608795166,3.8416459560394287,0.24908025562763214,0.00025,822.6282138824463
5423,36,33,689839,128,2.2834885120391846,1.875362515449524,4.054526329040527,0.26733437180519104,0.00025,822.768298625946
5424,36,34,689967,128,2.850520610809326,2.474233865737915,3.739262104034424,0.23605386912822723,0.00025,822.9113526344299
5425,36,35,690095,128,3.563918113708496,3.147383689880371,4.13779354095459,0.27551183104515076,0.00025,823.054975271225
5426,36,36,690223,128,2.4746224880218506,2.0524871349334717,4.192354679107666,0.28999871015548706,0.00025,823.198539018631
5427,36,37,690351,128,2.5366899967193604,2.1437716484069824,3.901097297668457,0.2808508276939392,0.00025,823.3416178226471
5428,36,38,690479,128,2.137695550918579,1.7469594478607178,3.8746495246887207,0.3270990550518036,0.00025,823.4827942848206
5429,36,39,690607,128,3.460430860519409,3.031836986541748,4.257158279418945,0.2878004312515259,0.00025,823.6261579990387
5430,36,40,690735,128,3.3631982803344727,2.9485039710998535,4.119051456451416,0.27892157435417175,0.00025,823.7681515216827
5431,36,41,690863,128,2.5484511852264404,2.1203694343566895,4.255608558654785,0.2520870566368103,0.00025,823.9111881256104
5432,36,42,690991,128,3.5365569591522217,3.115835428237915,4.184957504272461,0.22257640957832336,0.00025,824.0579025745392
5433,36,43,691119,128,3.432678461074829,3.0104291439056396,4.198194980621338,0.2429656684398651,0.00025,824.2005751132965
5434,36,44,691247,128,3.830556869506836,3.403961420059204,4.23987340927124,0.2608145773410797,0.00025,824.3432264328003
5435,36,45,691375,128,2.9097392559051514,2.4787797927856445,4.286289691925049,0.2330559492111206,0.00025,824.4846105575562
5436,36,46,691503,128,3.0392439365386963,2.6086044311523438,4.279329299926758,0.2706570029258728,0.00025,824.6279609203339
5437,36,47,691631,128,2.567005157470703,2.156294822692871,4.082793712615967,0.24310249090194702,0.00025,824.7700302600861
5438,36,48,691759,128,2.8763482570648193,2.4623608589172363,4.1115264892578125,0.28348737955093384,0.00025,824.9112222194672
5439,36,49,691887,128,3.821805000305176,3.4042530059814453,4.1482696533203125,0.2725057899951935,0.00025,825.0556423664093
5440,36,50,692015,128,2.617600917816162,2.2284045219421387,3.86960506439209,0.22358821332454681,0.00025,825.1984128952026
5441,36,51,692143,128,2.58058762550354,2.1908841133117676,3.869849681854248,0.2718462347984314,0.00025,825.3400943279266
5442,36,52,692271,128,2.2883946895599365,1.8745708465576172,4.110232353210449,0.28006109595298767,0.00025,825.4821021556854
5443,36,53,692399,128,2.9223668575286865,2.502567768096924,4.170014381408691,0.2797664701938629,0.00025,825.6253492832184
5444,36,54,692527,128,2.7582342624664307,2.3589794635772705,3.964585781097412,0.27961206436157227,0.00025,825.7667229175568
5445,36,55,692655,128,2.6647729873657227,2.2857463359832764,3.7639455795288086,0.2632116377353668,0.00025,825.9089562892914
5446,36,56,692783,128,2.614659309387207,2.231609344482422,3.8030009269714355,0.2749893367290497,0.00025,826.0596415996552
5447,36,57,692911,128,3.0291213989257812,2.626551628112793,3.997166633605957,0.2853085696697235,0.00025,826.2028489112854
5448,36,58,693039,128,2.843904972076416,2.4519519805908203,3.8933870792388916,0.26143765449523926,0.00025,826.3439362049103
5449,36,59,693167,128,3.1924304962158203,2.763617753982544,4.261074542999268,0.27052876353263855,0.00025,826.4871134757996
5450,36,60,693295,128,2.726696014404297,2.3049213886260986,4.18661642074585,0.31130531430244446,0.00025,826.630259513855
5451,36,61,693423,128,2.2979283332824707,1.8983161449432373,3.971268892288208,0.24853835999965668,0.00025,826.7748000621796
5452,36,62,693551,128,3.2803127765655518,2.8564658164978027,4.211866855621338,0.2660210430622101,0.00025,826.9270286560059
5453,36,63,693679,128,2.293843984603882,1.887323260307312,4.038686275482178,0.26522690057754517,0.00025,827.0697431564331
5454,36,64,693807,128,2.67771577835083,2.265059232711792,4.103268146514893,0.2329864501953125,0.00025,827.2124693393707
5455,36,65,693935,128,3.3492093086242676,2.938258409500122,4.085055828094482,0.24451972544193268,0.00025,827.3545596599579
5456,36,66,694063,128,3.196883201599121,2.787551164627075,4.0683770179748535,0.2494339495897293,0.00025,827.4969305992126
5457,36,67,694191,128,2.7881319522857666,2.386817216873169,3.987001657485962,0.26144036650657654,0.00025,827.6393249034882
5458,36,68,694319,128,3.5311923027038574,3.141927480697632,3.8644797801971436,0.2816872000694275,0.00025,827.7779297828674
5459,36,69,694447,128,3.0194597244262695,2.624995708465576,3.922224760055542,0.22416812181472778,0.00025,827.9164779186249
5460,36,70,694575,128,2.4711716175079346,2.0731582641601562,3.954212188720703,0.2591986358165741,0.00025,828.0542573928833
5461,36,71,694703,128,4.044727325439453,3.6543185710906982,3.880120038986206,0.23967234790325165,0.00025,828.1965646743774
5462,36,72,694831,128,3.456620454788208,3.0685946941375732,3.8507072925567627,0.29549726843833923,0.00025,828.3343210220337
5463,36,73,694959,128,2.632852792739868,2.219521999359131,4.107045650482178,0.26262855529785156,0.00025,828.4791781902313
5464,36,74,695087,128,2.3845179080963135,1.9524309635162354,4.288603782653809,0.3226543068885803,0.00025,828.618325471878
5465,36,75,695215,128,2.976259708404541,2.5563268661499023,4.167964935302734,0.31363534927368164,0.00025,828.7595646381378
5466,36,76,695343,128,4.086038112640381,3.690714120864868,3.918391704559326,0.3484843075275421,0.00025,828.904771566391
5467,36,77,695471,128,3.0715138912200928,2.6545913219451904,4.144618988037109,0.24606241285800934,0.00025,829.0457742214203
5468,36,78,695599,128,3.3069252967834473,2.898394823074341,4.055826187133789,0.2947864532470703,0.00025,829.1890778541565
5469,36,79,695727,128,3.344012975692749,2.9266581535339355,4.150116920471191,0.2343229204416275,0.00025,829.32603931427
5470,36,80,695855,128,2.636556625366211,2.230214834213257,4.033022403717041,0.30394819378852844,0.00025,829.4660212993622
5471,36,81,695983,128,3.5211219787597656,3.092489242553711,4.259514331817627,0.2681330144405365,0.00025,829.6040720939636
5472,36,82,696111,128,3.536062479019165,3.1377065181732178,3.9572644233703613,0.2629418969154358,0.00025,829.7423665523529
5473,36,83,696239,128,2.9447295665740967,2.496147632598877,4.457582473754883,0.2823611795902252,0.00025,829.8839902877808
5474,36,84,696367,128,2.7580103874206543,2.3365161418914795,4.191381931304932,0.23559992015361786,0.00025,830.021243095398
5475,36,85,696495,128,3.167325973510742,2.7384066581726074,4.262385845184326,0.2680678367614746,0.00025,830.1593141555786
5476,36,86,696623,128,3.0140740871429443,2.630077600479126,3.8160831928253174,0.23881374299526215,0.00025,830.2980947494507
5477,36,87,696751,128,2.6233701705932617,2.2315285205841064,3.895643949508667,0.2277485728263855,0.00025,830.4414367675781
5478,36,88,696879,128,2.61305832862854,2.201328992843628,4.086230754852295,0.3106333613395691,0.00025,830.9260537624359
5479,36,89,697007,128,3.211627960205078,2.8051304817199707,4.035447120666504,0.29527580738067627,0.00025,831.0668838024139
5480,36,90,697135,128,3.9525370597839355,3.5440945625305176,4.055176734924316,0.2924930453300476,0.00025,831.2073948383331
5481,36,91,697263,128,2.7264885902404785,2.3077173233032227,4.1560821533203125,0.3163052201271057,0.00025,831.3469345569611
5482,36,92,697391,128,2.850490093231201,2.450371265411377,3.969294548034668,0.3189306855201721,0.00025,831.4930493831635
5483,36,93,697519,128,2.910961627960205,2.4903860092163086,4.180670261383057,0.25087401270866394,0.00025,831.6388750076294
5484,36,94,697647,128,2.4355247020721436,2.0290608406066895,4.034111022949219,0.305282860994339,0.00025,831.7811095714569
5485,36,95,697775,128,3.2943830490112305,2.9022326469421387,3.8933675289154053,0.28134652972221375,0.00025,831.9222085475922
5486,36,96,697903,128,3.1248934268951416,2.701589822769165,4.201451778411865,0.3158351182937622,0.00025,832.0640347003937
5487,36,97,698031,128,2.8770265579223633,2.4475274085998535,4.268802165985107,0.2618944048881531,0.00025,832.2162661552429
5488,36,98,698159,128,3.09271502494812,2.6936159133911133,3.960766315460205,0.3022371530532837,0.00025,832.3593571186066
5489,36,99,698287,128,2.9087862968444824,2.5050132274627686,4.014217376708984,0.2351354956626892,0.00025,832.5027732849121
5490,36,100,698415,128,2.8991546630859375,2.5020971298217773,3.9422178268432617,0.2835805118083954,0.00025,832.6450402736664
5491,36,101,698543,128,3.555968761444092,3.1433019638061523,4.099318981170654,0.27349063754081726,0.00025,832.7865512371063
5492,36,102,698671,128,2.1102607250213623,1.6825892925262451,4.246821880340576,0.2989230155944824,0.00025,832.9311702251434
5493,36,103,698799,128,2.701016426086426,2.2742762565612793,4.240298748016357,0.27102741599082947,0.00025,833.07381772995
5494,36,104,698927,128,2.746058940887451,2.3546619415283203,3.8883495330810547,0.25621315836906433,0.00025,833.2150077819824
5495,36,105,699055,128,2.7194175720214844,2.29630708694458,4.1985764503479,0.3252709209918976,0.00025,833.3555223941803
5496,36,106,699183,128,2.5757761001586914,2.1843600273132324,3.8871657848358154,0.26993465423583984,0.00025,833.4968404769897
5497,36,107,699311,128,4.007768630981445,3.622076988220215,3.8289074897766113,0.2801016867160797,0.00025,833.6389265060425
5498,36,108,699439,128,2.896709680557251,2.484484910964966,4.092525959014893,0.297201544046402,0.00025,833.7798476219177
5499,36,109,699567,128,2.5428872108459473,2.119844675064087,4.199429988861084,0.309938907623291,0.00025,833.9200654029846
5500,36,110,699695,128,3.2649178504943848,2.8716444969177246,3.9055843353271484,0.27149274945259094,0.00025,834.0619461536407
5501,36,111,699823,128,2.0545527935028076,1.6484527587890625,4.034181594848633,0.2681865692138672,0.00025,834.2040657997131
5502,36,112,699951,128,2.4350039958953857,1.9991848468780518,4.331820487976074,0.26370322704315186,0.00025,834.3463380336761
5503,36,113,700079,128,2.2512929439544678,1.845097541809082,4.034289836883545,0.2766483724117279,0.00025,834.4868414402008
5504,36,114,700207,128,3.713684558868408,3.3167269229888916,3.942018747329712,0.27555832266807556,0.00025,834.6311295032501
5505,36,115,700335,128,2.8948612213134766,2.477881908416748,4.143091201782227,0.2670263350009918,0.00025,834.7713284492493
5506,36,116,700463,128,3.1288442611694336,2.717405319213867,4.088549613952637,0.25840267539024353,0.00025,834.9139816761017
5507,36,117,700591,128,3.730104446411133,3.311450481414795,4.162704944610596,0.2383396029472351,0.00025,835.0568828582764
5508,36,118,700719,128,2.809401273727417,2.403754234313965,4.032340049743652,0.24129469692707062,0.00025,835.1991748809814
5509,36,119,700847,128,3.21567702293396,2.8252243995666504,3.880352735519409,0.24172784388065338,0.00025,835.3407599925995
5510,36,120,700975,128,2.8637759685516357,2.456552028656006,4.049354076385498,0.22886237502098083,0.00025,835.4825255870819
5511,36,121,701103,128,3.098836660385132,2.674639940261841,4.209813594818115,0.32152029871940613,0.00025,835.6260120868683
5512,36,122,701231,128,2.58935546875,2.163501262664795,4.226390361785889,0.3214988112449646,0.00025,835.7655546665192
5513,36,123,701359,128,3.104808807373047,2.701569080352783,4.009257793426514,0.2313750833272934,0.00025,835.9052174091339
5514,36,124,701487,128,2.336564302444458,1.9651228189468384,3.68951416015625,0.2490042895078659,0.00025,836.0458991527557
5515,36,125,701615,128,2.3219497203826904,1.9256572723388672,3.938613176345825,0.24311572313308716,0.00025,836.1861760616302
5516,36,126,701743,128,3.233353614807129,2.8194615840911865,4.111117839813232,0.27801015973091125,0.00025,836.3272314071655
5517,36,127,701871,128,3.2997114658355713,2.917712450027466,3.7961273193359375,0.23864120244979858,0.00025,836.4696547985077
5518,36,128,701999,128,2.9964871406555176,2.5999844074249268,3.938709020614624,0.26319026947021484,0.00025,836.611841917038
5519,36,129,702127,128,2.898113250732422,2.4841792583465576,4.110273838043213,0.2906609773635864,0.00025,836.7521076202393
5520,36,130,702255,128,2.7580373287200928,2.3237099647521973,4.314384460449219,0.28889599442481995,0.00025,836.893951177597
5521,36,131,702383,128,3.4480113983154297,3.0469472408294678,3.98598313331604,0.24657605588436127,0.00025,837.0358369350433
5522,36,132,702511,128,2.7353620529174805,2.313774347305298,4.192206859588623,0.23670737445354462,0.00025,837.1821038722992
5523,36,133,702639,128,3.1325669288635254,2.7178633213043213,4.118839740753174,0.2819640636444092,0.00025,837.325021982193
5524,36,134,702767,128,2.6060519218444824,2.1897993087768555,4.130799293518066,0.31725597381591797,0.00025,837.4652755260468
5525,36,135,702895,128,2.8594894409179688,2.4335174560546875,4.233177185058594,0.2654208838939667,0.00025,837.6057167053223
5526,36,136,703023,128,2.4439890384674072,2.040972948074341,3.9991204738616943,0.3103971481323242,0.00025,837.7476136684418
5527,36,137,703151,128,2.7952706813812256,2.3829562664031982,4.097789764404297,0.2535304129123688,0.00025,837.8895394802094
5528,36,138,703279,128,2.5780515670776367,2.1725330352783203,4.0254669189453125,0.29718104004859924,0.00025,838.0327377319336
5529,36,139,703407,128,3.0834479331970215,2.679727554321289,4.007820129394531,0.29382529854774475,0.00025,838.1734404563904
5530,36,140,703535,128,1.8963003158569336,1.5121723413467407,3.8146612644195557,0.26618555188179016,0.00025,838.3140721321106
5531,36,141,703663,128,2.585582733154297,2.2004199028015137,3.8263967037200928,0.2523225247859955,0.00025,838.456285238266
5532,36,142,703791,128,2.8869426250457764,2.4909825325012207,3.9335649013519287,0.26035037636756897,0.00025,838.6019530296326
5533,36,143,703919,128,3.4572551250457764,3.0559804439544678,3.98555064201355,0.2719742953777313,0.00025,838.7446806430817
5534,36,144,704047,128,2.7596569061279297,2.3542673587799072,4.027915954589844,0.25979819893836975,0.00025,838.8928143978119
5535,36,145,704175,128,4.240153789520264,3.8325250148773193,4.052551746368408,0.23738741874694824,0.00025,839.0355086326599
5536,36,146,704303,128,2.8093929290771484,2.3915398120880127,4.1503496170043945,0.28181448578834534,0.00025,839.1783776283264
5537,36,147,704431,128,2.387598991394043,1.998651146888733,3.864037275314331,0.2544257640838623,0.00025,839.319774389267
5538,36,148,704559,128,2.702632188796997,2.2938830852508545,4.062870502471924,0.24620382487773895,0.00025,839.4625322818756
5539,36,149,704687,128,3.5558536052703857,3.1097311973571777,4.435222148895264,0.2600172758102417,0.00025,839.6050741672516
5540,36,150,704815,128,2.9218413829803467,2.503804922103882,4.1482977867126465,0.3206719160079956,0.00025,839.7546203136444
5541,36,151,704943,128,3.196718692779541,2.777705669403076,4.161601543426514,0.2852858603000641,0.00025,839.8997483253479
5542,36,152,705071,128,3.3036611080169678,2.8871724605560303,4.141862869262695,0.2302372306585312,0.00025,840.0422756671906
5543,36,153,705199,128,2.828425645828247,2.419106960296631,4.067587852478027,0.25598928332328796,0.00025,840.1819889545441
5544,36,154,705204,5,4.419914722442627,3.9542157649993896,4.632266044616699,0.24723505973815918,0.00025,840.3170731067657
5545,37,1,705332,128,3.556926727294922,3.1423943042755127,4.118091106414795,0.27231210470199585,0.00025,841.8592522144318
5546,37,2,705460,128,3.0821373462677,2.676713466644287,4.028028964996338,0.26208624243736267,0.00025,842.0023746490479
5547,37,3,705588,128,2.8819527626037598,2.479127883911133,4.001049995422363,0.2719850540161133,0.00025,842.1448874473572
5548,37,4,705716,128,3.3215959072113037,2.9011075496673584,4.1817474365234375,0.23136204481124878,0.00025,842.2862467765808
5549,37,5,705844,128,3.567634344100952,3.1603477001190186,4.0498809814453125,0.2298538088798523,0.00025,842.4277002811432
5550,37,6,705972,128,2.7927474975585938,2.3675544261932373,4.221310138702393,0.3062002956867218,0.00025,842.5711405277252
5551,37,7,706100,128,2.054666042327881,1.6536093950271606,3.988335371017456,0.22230415046215057,0.00025,842.7113788127899
5552,37,8,706228,128,3.256894111633301,2.836611747741699,4.169095993041992,0.3372732400894165,0.00025,842.8537657260895
5553,37,9,706356,128,2.5273945331573486,2.1283106803894043,3.9598989486694336,0.3094070851802826,0.00025,842.9946577548981
5554,37,10,706484,128,2.0898184776306152,1.6794344186782837,4.076902389526367,0.269383043050766,0.00025,843.135594367981
5555,37,11,706612,128,3.0252110958099365,2.6549267768859863,3.679730176925659,0.231125146150589,0.00025,843.2763748168945
5556,37,12,706740,128,3.508108377456665,3.102729082107544,4.0264997482299805,0.2729349434375763,0.00025,843.4166965484619
5557,37,13,706868,128,2.7054760456085205,2.299222707748413,4.036784648895264,0.25750261545181274,0.00025,843.5597505569458
5558,37,14,706996,128,2.7944793701171875,2.3849709033966064,4.069943428039551,0.2514168918132782,0.00025,843.7017056941986
5559,37,15,707124,128,2.6251730918884277,2.1825766563415527,4.399942874908447,0.26022180914878845,0.00025,843.844856262207
5560,37,16,707252,128,3.5823605060577393,3.166287899017334,4.132384777069092,0.28341028094291687,0.00025,843.9860858917236
5561,37,17,707380,128,2.8404104709625244,2.45692777633667,3.8110084533691406,0.23818063735961914,0.00025,844.1287136077881
5562,37,18,707508,128,2.57293963432312,2.13303279876709,4.37098503112793,0.28083598613739014,0.00025,844.2722554206848
5563,37,19,707636,128,3.3783671855926514,2.9680278301239014,4.0752434730529785,0.28150951862335205,0.00025,844.4127380847931
5564,37,20,707764,128,2.849512815475464,2.415522813796997,4.309836387634277,0.3006412386894226,0.00025,844.5559496879578
5565,37,21,707892,128,3.0105929374694824,2.629037618637085,3.7897801399230957,0.2577332556247711,0.00025,844.6971604824066
5566,37,22,708020,128,2.5689878463745117,2.155782461166382,4.105690002441406,0.26364752650260925,0.00025,844.843409538269
5567,37,23,708148,128,3.0058374404907227,2.612853765487671,3.905566930770874,0.24269935488700867,0.00025,844.9847798347473
5568,37,24,708276,128,3.103411912918091,2.7174625396728516,3.8299882411956787,0.2950391173362732,0.00025,845.127409696579
5569,37,25,708404,128,2.7086994647979736,2.3008768558502197,4.052236080169678,0.2598903477191925,0.00025,845.2678871154785
5570,37,26,708532,128,2.7706053256988525,2.3700613975524902,3.9831042289733887,0.22335131466388702,0.00025,845.408572435379
5571,37,27,708660,128,2.8866138458251953,2.4536855220794678,4.295989990234375,0.3329381048679352,0.00025,845.547641992569
5572,37,28,708788,128,2.8727352619171143,2.466269016265869,4.036609649658203,0.28053489327430725,0.00025,845.690025806427
5573,37,29,708916,128,3.007735252380371,2.605957508087158,3.985478162765503,0.3229961395263672,0.00025,845.8311648368835
5574,37,30,709044,128,2.70603346824646,2.3060948848724365,3.9721946716308594,0.2719067633152008,0.00025,845.9714677333832
5575,37,31,709172,128,2.3601527214050293,1.936403512954712,4.208340167999268,0.29151442646980286,0.00025,846.114089012146
5576,37,32,709300,128,3.336750030517578,2.9214682579040527,4.123526096343994,0.29292091727256775,0.00025,846.256637096405
5577,37,33,709428,128,2.5181846618652344,2.103123664855957,4.1223907470703125,0.28218138217926025,0.00025,846.3980767726898
5578,37,34,709556,128,2.7398834228515625,2.3206052780151367,4.169783115386963,0.22998259961605072,0.00025,846.5419356822968
5579,37,35,709684,128,2.8936307430267334,2.489988088607788,4.009269714355469,0.27156487107276917,0.00025,846.6835947036743
5580,37,36,709812,128,2.7541122436523438,2.3506011962890625,4.0114617347717285,0.23647746443748474,0.00025,846.8256323337555
5581,37,37,709940,128,3.6897144317626953,3.271087646484375,4.1536407470703125,0.32628118991851807,0.00025,846.9715900421143
5582,37,38,710068,128,2.8100943565368652,2.4075989723205566,3.997540235519409,0.27412834763526917,0.00025,847.1144034862518
5583,37,39,710196,128,2.996694564819336,2.607703447341919,3.862663745880127,0.272468626499176,0.00025,847.2563030719757
5584,37,40,710324,128,3.8554227352142334,3.4504756927490234,4.016848564147949,0.32621997594833374,0.00025,847.4008967876434
5585,37,41,710452,128,2.7479817867279053,2.3459808826446533,3.989734411239624,0.30274975299835205,0.00025,847.545006275177
5586,37,42,710580,128,3.7833774089813232,3.3750853538513184,4.055302143096924,0.27618759870529175,0.00025,847.6873180866241
5587,37,43,710708,128,2.4195573329925537,2.023597002029419,3.9341533184051514,0.25450244545936584,0.00025,847.8326823711395
5588,37,44,710836,128,2.386667490005493,1.9872874021530151,3.969027519226074,0.24774955213069916,0.00025,847.9738066196442
5589,37,45,710964,128,3.3358266353607178,2.912367820739746,4.208166599273682,0.2642229199409485,0.00025,848.1169097423553
5590,37,46,711092,128,3.460433006286621,3.0650932788848877,3.928865909576416,0.24530786275863647,0.00025,848.2586553096771
5591,37,47,711220,128,2.879307270050049,2.4693703651428223,4.069599628448486,0.2976813316345215,0.00025,848.4011464118958
5592,37,48,711348,128,2.5635225772857666,2.174267530441284,3.8696160316467285,0.2293291836977005,0.00025,848.5443041324615
5593,37,49,711476,128,2.7514734268188477,2.351691246032715,3.973029613494873,0.24793864786624908,0.00025,848.6846487522125
5594,37,50,711604,128,3.131230592727661,2.7095465660095215,4.189755916595459,0.27083995938301086,0.00025,848.8224835395813
5595,37,51,711732,128,3.117737054824829,2.7107467651367188,4.04457426071167,0.25330397486686707,0.00025,848.9607973098755
5596,37,52,711860,128,3.2519712448120117,2.808549404144287,4.402537822723389,0.31681421399116516,0.00025,849.1045498847961
5597,37,53,711988,128,2.5917093753814697,2.1750845909118652,4.136083126068115,0.30165180563926697,0.00025,849.248162984848
5598,37,54,712116,128,2.9710772037506104,2.5717806816101074,3.9592578411102295,0.33707472681999207,0.00025,849.390321969986
5599,37,55,712244,128,3.365125894546509,2.9504594802856445,4.116153717041016,0.30510956048965454,0.00025,849.5341644287109
5600,37,56,712372,128,2.8148128986358643,2.408626079559326,4.037145137786865,0.24724389612674713,0.00025,849.677163362503
5601,37,57,712500,128,2.77790904045105,2.3609113693237305,4.142852306365967,0.2712380886077881,0.00025,849.8194389343262
5602,37,58,712628,128,3.320621967315674,2.92618727684021,3.9160079956054688,0.2833854854106903,0.00025,849.9620006084442
5603,37,59,712756,128,3.212386131286621,2.796910524368286,4.124048233032227,0.30707311630249023,0.00025,850.1058657169342
5604,37,60,712884,128,2.938340902328491,2.5250084400177,4.1063127517700195,0.2701215445995331,0.00025,850.249297618866
5605,37,61,713012,128,3.643613338470459,3.207801580429077,4.32938289642334,0.2873491644859314,0.00025,850.3920609951019
5606,37,62,713140,128,3.209721326828003,2.7932639122009277,4.138652324676514,0.2592027187347412,0.00025,850.5347402095795
5607,37,63,713268,128,2.7389919757843018,2.3397469520568848,3.9665095806121826,0.25940924882888794,0.00025,850.6787111759186
5608,37,64,713396,128,3.6725611686706543,3.228215217590332,4.4098663330078125,0.33593836426734924,0.00025,850.8212475776672
5609,37,65,713524,128,2.812159776687622,2.3799891471862793,4.2933478355407715,0.28357642889022827,0.00025,850.9639868736267
5610,37,66,713652,128,3.342188596725464,2.9170517921447754,4.222681999206543,0.2868715524673462,0.00025,851.1078791618347
5611,37,67,713780,128,2.6125569343566895,2.207582712173462,4.025129318237305,0.24611148238182068,0.00025,851.2503199577332
5612,37,68,713908,128,2.292924165725708,1.894436240196228,3.958399772644043,0.26479268074035645,0.00025,851.3911459445953
5613,37,69,714036,128,3.1785032749176025,2.7718825340270996,4.037531852722168,0.2867405116558075,0.00025,851.5357084274292
5614,37,70,714164,128,2.692014694213867,2.297461986541748,3.9178972244262695,0.27629297971725464,0.00025,851.680014371872
5615,37,71,714292,128,3.042569875717163,2.6262919902801514,4.137916088104248,0.2486121654510498,0.00025,851.8224174976349
5616,37,72,714420,128,2.8022983074188232,2.403080701828003,3.9647862911224365,0.2739000916481018,0.00025,851.9641008377075
5617,37,73,714548,128,2.830538272857666,2.4377083778381348,3.9034860134124756,0.24812102317810059,0.00025,852.1092178821564
5618,37,74,714676,128,2.680338144302368,2.274324893951416,4.0326337814331055,0.2749957740306854,0.00025,852.25177693367
5619,37,75,714804,128,3.0402116775512695,2.638847827911377,3.9882543087005615,0.25383737683296204,0.00025,852.3941740989685
5620,37,76,714932,128,2.4325242042541504,2.029109239578247,4.008493423461914,0.2565673887729645,0.00025,852.5385136604309
5621,37,77,715060,128,2.5215659141540527,2.1010944843292236,4.179544448852539,0.2517082393169403,0.00025,852.6800212860107
5622,37,78,715188,128,3.1320972442626953,2.7258033752441406,4.037553787231445,0.2538367211818695,0.00025,852.8199872970581
5623,37,79,715316,128,3.817887306213379,3.390231132507324,4.246246337890625,0.3031417429447174,0.00025,852.9570796489716
5624,37,80,715444,128,2.9589099884033203,2.531886577606201,4.241333961486816,0.28901681303977966,0.00025,853.0990118980408
5625,37,81,715572,128,3.3688764572143555,2.957756519317627,4.0824737548828125,0.28725481033325195,0.00025,853.242015838623
5626,37,82,715700,128,3.010807752609253,2.5882222652435303,4.196146011352539,0.2970905601978302,0.00025,853.3833947181702
5627,37,83,715828,128,3.0313189029693604,2.622922420501709,4.057302951812744,0.2666250169277191,0.00025,853.5266799926758
5628,37,84,715956,128,2.8896024227142334,2.477973461151123,4.089998722076416,0.26289793848991394,0.00025,853.6708834171295
5629,37,85,716084,128,2.0853452682495117,1.6697770357131958,4.124267101287842,0.3141445517539978,0.00025,853.8124058246613
5630,37,86,716212,128,2.3813467025756836,1.9769505262374878,4.015945911407471,0.28015896677970886,0.00025,853.9547181129456
5631,37,87,716340,128,2.2180047035217285,1.8045095205307007,4.101898193359375,0.3305390179157257,0.00025,854.0983736515045
5632,37,88,716468,128,2.6314337253570557,2.2075252532958984,4.211106300354004,0.27978476881980896,0.00025,854.238523721695
5633,37,89,716596,128,3.037168264389038,2.641434907913208,3.931519031524658,0.2581314146518707,0.00025,854.3794250488281
5634,37,90,716724,128,2.234595775604248,1.8264412879943848,4.052945613861084,0.28598251938819885,0.00025,854.5219569206238
5635,37,91,716852,128,2.5908255577087402,2.1731221675872803,4.147396564483643,0.29637882113456726,0.00025,854.6650817394257
5636,37,92,716980,128,3.561950206756592,3.135009288787842,4.234365940093994,0.3504182696342468,0.00025,854.806088924408
5637,37,93,717108,128,2.5871572494506836,2.147111654281616,4.37230110168457,0.2815534174442291,0.00025,854.9480910301208
5638,37,94,717236,128,2.560983657836914,2.1529769897460938,4.052615642547607,0.27452516555786133,0.00025,855.0942831039429
5639,37,95,717364,128,2.8727149963378906,2.4821176528930664,3.88020920753479,0.2576386630535126,0.00025,855.2371730804443
5640,37,96,717492,128,2.605154275894165,2.2054131031036377,3.9684383869171143,0.28972482681274414,0.00025,855.3795926570892
5641,37,97,717620,128,3.067570209503174,2.6460275650024414,4.188705921173096,0.2671858072280884,0.00025,855.5222008228302
5642,37,98,717748,128,3.1418213844299316,2.726740598678589,4.12062931060791,0.30179673433303833,0.00025,855.6658005714417
5643,37,99,717876,128,2.6311745643615723,2.235349178314209,3.9282422065734863,0.3001282811164856,0.00025,855.8078939914703
5644,37,100,718004,128,3.3548781871795654,2.9357287883758545,4.162830829620361,0.2866217792034149,0.00025,855.9498391151428
5645,37,101,718132,128,3.291386127471924,2.8940303325653076,3.9457435607910156,0.2781413495540619,0.00025,856.0925726890564
5646,37,102,718260,128,3.320815324783325,2.904989242553711,4.133956432342529,0.2430344671010971,0.00025,856.2353343963623
5647,37,103,718388,128,3.2710678577423096,2.8699424266815186,3.982344388961792,0.28910160064697266,0.00025,856.3766272068024
5648,37,104,718516,128,3.1451830863952637,2.729538917541504,4.122752666473389,0.3368885815143585,0.00025,856.5199582576752
5649,37,105,718644,128,2.7281761169433594,2.30798077583313,4.173856735229492,0.28097373247146606,0.00025,856.6623773574829
5650,37,106,718772,128,3.2479395866394043,2.855943441390991,3.891322135925293,0.2863798141479492,0.00025,856.804680109024
5651,37,107,718900,128,2.4259932041168213,2.012955665588379,4.108034610748291,0.22340735793113708,0.00025,856.9468169212341
5652,37,108,719028,128,3.016096591949463,2.5946381092071533,4.189311504364014,0.252725213766098,0.00025,857.0909020900726
5653,37,109,719156,128,2.3391096591949463,1.931635856628418,4.051056861877441,0.2368166744709015,0.00025,857.2323534488678
5654,37,110,719284,128,3.064209222793579,2.6381654739379883,4.2316412925720215,0.287950724363327,0.00025,857.3693778514862
5655,37,111,719412,128,2.9555552005767822,2.5486247539520264,4.041633129119873,0.2767123281955719,0.00025,857.5075392723083
5656,37,112,719540,128,2.825894355773926,2.4194633960723877,4.035418510437012,0.2889225482940674,0.00025,857.6474556922913
5657,37,113,719668,128,2.436237335205078,2.0250532627105713,4.085903167724609,0.2593715190887451,0.00025,857.783908367157
5658,37,114,719796,128,2.665142059326172,2.249375343322754,4.1282548904418945,0.2941208481788635,0.00025,857.9214782714844
5659,37,115,719924,128,2.982117176055908,2.5730113983154297,4.0618414878845215,0.2921522855758667,0.00025,858.0605387687683
5660,37,116,720052,128,2.731276750564575,2.339838981628418,3.8856921195983887,0.28686875104904175,0.00025,858.2033803462982
5661,37,117,720180,128,2.1887738704681396,1.8097553253173828,3.767326593399048,0.2285880595445633,0.00025,858.3446128368378
5662,37,118,720308,128,2.4263038635253906,2.0330209732055664,3.8992693424224854,0.33558669686317444,0.00025,858.4850747585297
5663,37,119,720436,128,3.4417669773101807,3.048814058303833,3.90268611907959,0.2684244215488434,0.00025,858.6264917850494
5664,37,120,720564,128,3.0430331230163574,2.6278529167175293,4.125102996826172,0.26697713136672974,0.00025,858.7679007053375
5665,37,121,720692,128,3.7204360961914062,3.323836326599121,3.93910551071167,0.2689097225666046,0.00025,858.9122018814087
5666,37,122,720820,128,2.9960286617279053,2.59088134765625,4.0236663818359375,0.2780609428882599,0.00025,859.0547204017639
5667,37,123,720948,128,2.674333095550537,2.256894826889038,4.15067195892334,0.23711562156677246,0.00025,859.1967902183533
5668,37,124,721076,128,3.262864589691162,2.8739166259765625,3.863417863845825,0.26061904430389404,0.00025,859.3385999202728
5669,37,125,721204,128,2.9254941940307617,2.5100440979003906,4.122377872467041,0.3212200403213501,0.00025,859.4793202877045
5670,37,126,721332,128,2.6250860691070557,2.2136073112487793,4.088173866271973,0.26615527272224426,0.00025,859.6226589679718
5671,37,127,721460,128,4.21235466003418,3.7881271839141846,4.216475009918213,0.25800955295562744,0.00025,859.7605314254761
5672,37,128,721588,128,4.04551887512207,3.617371082305908,4.252819538116455,0.28656235337257385,0.00025,859.9005281925201
5673,37,129,721716,128,3.4995381832122803,3.101221799850464,3.9575297832489014,0.2563360631465912,0.00025,860.043253660202
5674,37,130,721844,128,2.459988594055176,2.029358386993408,4.278071403503418,0.2822999358177185,0.00025,860.1885311603546
5675,37,131,721972,128,2.9444680213928223,2.555927276611328,3.859969139099121,0.2543904483318329,0.00025,860.330677986145
5676,37,132,722100,128,2.65328049659729,2.243953227996826,4.0637593269348145,0.2951328158378601,0.00025,860.4725096225739
5677,37,133,722228,128,3.0763747692108154,2.662517786026001,4.112203121185303,0.26366302371025085,0.00025,860.6192667484283
5678,37,134,722356,128,3.7104218006134033,3.3093297481536865,3.9830195903778076,0.27902713418006897,0.00025,860.760909318924
5679,37,135,722484,128,3.2582762241363525,2.857959508895874,3.976390838623047,0.26776447892189026,0.00025,860.9028890132904
5680,37,136,722612,128,3.0185813903808594,2.600598096847534,4.153635025024414,0.26197248697280884,0.00025,861.0456576347351
5681,37,137,722740,128,2.436326742172241,2.0597963333129883,3.739439010620117,0.25866034626960754,0.00025,861.1859471797943
5682,37,138,722868,128,2.3956351280212402,1.9556025266647339,4.3709397315979,0.2938641607761383,0.00025,861.3276929855347
5683,37,139,722996,128,2.892730712890625,2.504443883895874,3.860457420349121,0.22411778569221497,0.00025,861.4704556465149
5684,37,140,723124,128,3.1166296005249023,2.7252354621887207,3.8816261291503906,0.32315680384635925,0.00025,861.6134819984436
5685,37,141,723252,128,3.2542617321014404,2.8685238361358643,3.830437421798706,0.2694145441055298,0.00025,861.7549390792847
5686,37,142,723380,128,2.8352038860321045,2.4343152046203613,3.9838740825653076,0.25012192130088806,0.00025,861.8978970050812
5687,37,143,723508,128,2.7446610927581787,2.340898036956787,4.011173725128174,0.26458024978637695,0.00025,862.0422465801239
5688,37,144,723636,128,2.650456428527832,2.241558074951172,4.05587911605835,0.33104413747787476,0.00025,862.1830773353577
5689,37,145,723764,128,3.0916831493377686,2.6713948249816895,4.173891067504883,0.2899112403392792,0.00025,862.3279356956482
5690,37,146,723892,128,3.5333776473999023,3.112110137939453,4.182641506195068,0.3003406524658203,0.00025,862.4694883823395
5691,37,147,724020,128,2.5585827827453613,2.1710643768310547,3.8477044105529785,0.2747980058193207,0.00025,862.6119210720062
5692,37,148,724148,128,2.6779985427856445,2.2528622150421143,4.224427223205566,0.2693544626235962,0.00025,862.7560482025146
5693,37,149,724276,128,2.0409889221191406,1.6614357233047485,3.7762749195098877,0.1925622969865799,0.00025,862.8983805179596
5694,37,150,724404,128,2.977051019668579,2.5638091564178467,4.101983547210693,0.3043443560600281,0.00025,863.0426442623138
5695,37,151,724532,128,3.520526170730591,3.1145193576812744,4.035208702087402,0.24859309196472168,0.00025,863.1861958503723
5696,37,152,724660,128,3.7422540187835693,3.3097989559173584,4.294840335845947,0.29709523916244507,0.00025,863.3285059928894
5697,37,153,724788,128,3.212151050567627,2.797542095184326,4.119597911834717,0.26489830017089844,0.00025,863.4700856208801
5698,37,154,724793,5,3.9806644916534424,3.6480395793914795,3.314439296722412,0.11808503419160843,0.00025,863.6068677902222
5699,38,1,724921,128,2.439923048019409,2.0471432209014893,3.901398181915283,0.2639988362789154,0.00025,865.1189215183258
5700,38,2,725049,128,3.0785391330718994,2.6756625175476074,4.003962993621826,0.2480369508266449,0.00025,865.2587852478027
5701,38,3,725177,128,2.967893600463867,2.554962635040283,4.102868556976318,0.2644152045249939,0.00025,865.3990759849548
5702,38,4,725305,128,3.0698821544647217,2.6570568084716797,4.104166507720947,0.24088041484355927,0.00025,865.8760433197021
5703,38,5,725433,128,2.4890859127044678,2.0625391006469727,4.240956783294678,0.2451186627149582,0.00025,866.0179855823517
5704,38,6,725561,128,2.8184170722961426,2.402724027633667,4.128744602203369,0.28184744715690613,0.00025,866.158732175827
5705,38,7,725689,128,2.6430163383483887,2.2314436435699463,4.090508460998535,0.25217148661613464,0.00025,866.2977721691132
5706,38,8,725817,128,3.066441059112549,2.664612054824829,3.986844301223755,0.3144580125808716,0.00025,866.4387583732605
5707,38,9,725945,128,3.062469005584717,2.6481192111968994,4.117337226867676,0.26160815358161926,0.00025,866.5866227149963
5708,38,10,726073,128,2.7616052627563477,2.349575996398926,4.093127727508545,0.2716614603996277,0.00025,866.7294697761536
5709,38,11,726201,128,3.032357931137085,2.664933681488037,3.646975040435791,0.27267593145370483,0.00025,866.8751618862152
5710,38,12,726329,128,2.64605712890625,2.229787588119507,4.133268356323242,0.29428359866142273,0.00025,867.0150284767151
5711,38,13,726457,128,2.7926387786865234,2.3801963329315186,4.099636077880859,0.2478937804698944,0.00025,867.1694238185883
5712,38,14,726585,128,2.2602548599243164,1.8521857261657715,4.053000450134277,0.2769052982330322,0.00025,867.3096632957458
5713,38,15,726713,128,2.2059082984924316,1.807741403579712,3.958010673522949,0.23658721148967743,0.00025,867.451033115387
5714,38,16,726841,128,2.841434955596924,2.4312429428100586,4.076706886291504,0.2521272897720337,0.00025,867.5939121246338
5715,38,17,726969,128,3.551196575164795,3.128411054611206,4.192688941955566,0.3516699969768524,0.00025,867.7349302768707
5716,38,18,727097,128,4.833644866943359,4.449373245239258,3.820336103439331,0.22377507388591766,0.00025,867.8791980743408
5717,38,19,727225,128,3.2949740886688232,2.8921449184417725,3.998941659927368,0.2934858798980713,0.00025,868.0203087329865
5718,38,20,727353,128,3.428070068359375,3.0013480186462402,4.235359191894531,0.3186340630054474,0.00025,868.1619999408722
5719,38,21,727481,128,2.6560025215148926,2.2722761631011963,3.8054094314575195,0.31855520606040955,0.00025,868.3024787902832
5720,38,22,727609,128,2.4528791904449463,2.054553747177124,3.959867238998413,0.23387299478054047,0.00025,868.4457211494446
5721,38,23,727737,128,2.5465586185455322,2.1508541107177734,3.930086851119995,0.26957967877388,0.00025,868.5872361660004
5722,38,24,727865,128,3.085596799850464,2.6673226356506348,4.152494430541992,0.3024764358997345,0.00025,868.7274968624115
5723,38,25,727993,128,2.7130534648895264,2.313096761703491,3.9763097763061523,0.23258864879608154,0.00025,868.8695631027222
5724,38,26,728121,128,3.4013075828552246,2.9767186641693115,4.2176666259765625,0.2822098433971405,0.00025,869.0110216140747
5725,38,27,728249,128,2.8258752822875977,2.3956313133239746,4.275442600250244,0.26995161175727844,0.00025,869.1530139446259
5726,38,28,728377,128,3.771878957748413,3.372853994369507,3.962273359298706,0.27975696325302124,0.00025,869.297120809555
5727,38,29,728505,128,2.9190480709075928,2.5091044902801514,4.072479248046875,0.2695562541484833,0.00025,869.4394419193268
5728,38,30,728633,128,3.3061535358428955,2.8589224815368652,4.444887161254883,0.27421823143959045,0.00025,869.5829086303711
5729,38,31,728761,128,2.6135847568511963,2.205021619796753,4.055941104888916,0.29689115285873413,0.00025,869.724714756012
5730,38,32,728889,128,2.2070624828338623,1.8118858337402344,3.921462297439575,0.3030420243740082,0.00025,869.867381811142
5731,38,33,729017,128,3.084625482559204,2.6829702854156494,3.9865942001342773,0.2995762228965759,0.00025,870.0099031925201
5732,38,34,729145,128,2.7001454830169678,2.272810697555542,4.244321823120117,0.290255069732666,0.00025,870.1504685878754
5733,38,35,729273,128,3.0337629318237305,2.6616601943969727,3.693732261657715,0.272936075925827,0.00025,870.2911636829376
5734,38,36,729401,128,3.0677077770233154,2.6830902099609375,3.819711923599243,0.26463955640792847,0.00025,870.4325001239777
5735,38,37,729529,128,3.2592360973358154,2.852786064147949,4.036131858825684,0.2836892604827881,0.00025,870.5735397338867
5736,38,38,729657,128,1.6889333724975586,1.2947746515274048,3.912346363067627,0.29240357875823975,0.00025,870.7150843143463
5737,38,39,729785,128,2.934443950653076,2.521493434906006,4.102950572967529,0.2655474543571472,0.00025,870.8556091785431
5738,38,40,729913,128,2.635007381439209,2.235135316848755,3.973905324935913,0.24813830852508545,0.00025,870.9959936141968
5739,38,41,730041,128,2.9922444820404053,2.55846905708313,4.3085761070251465,0.29176509380340576,0.00025,871.1371200084686
5740,38,42,730169,128,2.766331195831299,2.3315341472625732,4.321013927459717,0.2695561647415161,0.00025,871.2774434089661
5741,38,43,730297,128,2.8898744583129883,2.4778189659118652,4.095827102661133,0.24727916717529297,0.00025,871.4201941490173
5742,38,44,730425,128,2.8990306854248047,2.494875431060791,4.01464319229126,0.26909151673316956,0.00025,871.5618348121643
5743,38,45,730553,128,3.0793519020080566,2.6738362312316895,4.0311079025268555,0.24048812687397003,0.00025,871.7026093006134
5744,38,46,730681,128,3.0626091957092285,2.6827993392944336,3.77188777923584,0.2621150612831116,0.00025,871.8425562381744
5745,38,47,730809,128,2.8008816242218018,2.3805789947509766,4.173256874084473,0.2976831793785095,0.00025,871.9864830970764
5746,38,48,730937,128,3.0141801834106445,2.5972354412078857,4.140937328338623,0.2850903868675232,0.00025,872.1275770664215
5747,38,49,731065,128,3.1773030757904053,2.7949001789093018,3.8012242317199707,0.22803895175457,0.00025,872.2691173553467
5748,38,50,731193,128,4.953619003295898,4.556257724761963,3.945101261138916,0.2850983738899231,0.00025,872.4128339290619
5749,38,51,731321,128,3.38710618019104,2.939934253692627,4.4402289390563965,0.31490474939346313,0.00025,872.5550825595856
5750,38,52,731449,128,3.7797863483428955,3.3851473331451416,3.9154272079467773,0.3096339702606201,0.00025,872.6953916549683
5751,38,53,731577,128,3.1033847332000732,2.68534779548645,4.1499247550964355,0.30444756150245667,0.00025,872.83726811409
5752,38,54,731705,128,2.1760365962982178,1.7531816959381104,4.200143814086914,0.28404682874679565,0.00025,872.9807386398315
5753,38,55,731833,128,2.7080271244049072,2.302734613418579,4.023148536682129,0.29775938391685486,0.00025,873.1249384880066
5754,38,56,731961,128,2.8023040294647217,2.373650312423706,4.255667209625244,0.30870920419692993,0.00025,873.2669446468353
5755,38,57,732089,128,2.605073928833008,2.1930510997772217,4.096250057220459,0.2397768199443817,0.00025,873.4088258743286
5756,38,58,732217,128,2.701906681060791,2.2521958351135254,4.466561794281006,0.3054501414299011,0.00025,873.5518755912781
5757,38,59,732345,128,2.9925153255462646,2.5974018573760986,3.922355890274048,0.2877928912639618,0.00025,873.6952993869781
5758,38,60,732473,128,2.4393913745880127,2.045198440551758,3.9148337841033936,0.27095240354537964,0.00025,873.8369846343994
5759,38,61,732601,128,2.7522311210632324,2.345792293548584,4.039764404296875,0.24623757600784302,0.00025,873.9786388874054
5760,38,62,732729,128,3.2744078636169434,2.8665106296539307,4.049992084503174,0.2897948920726776,0.00025,874.1243484020233
5761,38,63,732857,128,2.5525729656219482,2.1240363121032715,4.258730888366699,0.2663685381412506,0.00025,874.2663128376007
5762,38,64,732985,128,3.211275100708008,2.7878401279449463,4.205295085906982,0.2905358374118805,0.00025,874.4080150127411
5763,38,65,733113,128,2.885735511779785,2.467426300048828,4.154414653778076,0.2867664396762848,0.00025,874.54980301857
5764,38,66,733241,128,2.4125547409057617,2.0136938095092773,3.965566873550415,0.2304198443889618,0.00025,874.7040612697601
5765,38,67,733369,128,3.1012728214263916,2.6908533573150635,4.078461647033691,0.2573172450065613,0.00025,874.8447911739349
5766,38,68,733497,128,2.805874824523926,2.38889479637146,4.141839027404785,0.27961355447769165,0.00025,874.9907464981079
5767,38,69,733625,128,3.163722515106201,2.774892568588257,3.862356424331665,0.2594159245491028,0.00025,875.1338050365448
5768,38,70,733753,128,2.8889102935791016,2.502490282058716,3.8387017250061035,0.2549899220466614,0.00025,875.27618932724
5769,38,71,733881,128,2.948857069015503,2.535107374191284,4.108521461486816,0.2897544205188751,0.00025,875.4168131351471
5770,38,72,734009,128,3.6158108711242676,3.211603879928589,4.01698637008667,0.25082913041114807,0.00025,875.5599665641785
5771,38,73,734137,128,2.8013973236083984,2.3897855281829834,4.087518692016602,0.28597649931907654,0.00025,875.7021043300629
5772,38,74,734265,128,2.805449962615967,2.40522837638855,3.973834991455078,0.2838084399700165,0.00025,875.8433156013489
5773,38,75,734393,128,3.3154501914978027,2.929084062576294,3.835862398147583,0.27798736095428467,0.00025,875.9850597381592
5774,38,76,734521,128,2.2729597091674805,1.8712444305419922,3.990983486175537,0.2616773545742035,0.00025,876.1288118362427
5775,38,77,734649,128,2.6743288040161133,2.286320209503174,3.852278470993042,0.2780589163303375,0.00025,876.2697865962982
5776,38,78,734777,128,2.7451865673065186,2.3251562118530273,4.167228698730469,0.330763578414917,0.00025,876.4118297100067
5777,38,79,734905,128,3.615588903427124,3.210301399230957,4.02378511428833,0.2908880114555359,0.00025,876.5561480522156
5778,38,80,735033,128,3.011739730834961,2.6114723682403564,3.974839448928833,0.27833348512649536,0.00025,876.6986346244812
5779,38,81,735161,128,3.1741223335266113,2.779024600982666,3.920633554458618,0.3034270107746124,0.00025,876.8404262065887
5780,38,82,735289,128,2.98612904548645,2.564500093460083,4.18921422958374,0.2707599699497223,0.00025,876.9804589748383
5781,38,83,735417,128,3.2987868785858154,2.8989458084106445,3.9695348739624023,0.28873857855796814,0.00025,877.1244180202484
5782,38,84,735545,128,3.1881659030914307,2.78977370262146,3.9613184928894043,0.2260565161705017,0.00025,877.2661414146423
5783,38,85,735673,128,2.673051118850708,2.2730791568756104,3.974553346633911,0.2516534924507141,0.00025,877.405663728714
5784,38,86,735801,128,4.097282409667969,3.656318187713623,4.382285118103027,0.27355319261550903,0.00025,877.5473589897156
5785,38,87,735929,128,3.181577682495117,2.763324022293091,4.151442050933838,0.310943603515625,0.00025,877.6926732063293
5786,38,88,736057,128,2.591707944869995,2.167048454284668,4.219578266143799,0.270168274641037,0.00025,877.8332126140594
5787,38,89,736185,128,2.4955053329467773,2.1034789085388184,3.8905160427093506,0.29747554659843445,0.00025,877.9722118377686
5788,38,90,736313,128,2.7686803340911865,2.348914861679077,4.170224666595459,0.2742929756641388,0.00025,878.1156723499298
5789,38,91,736441,128,2.4605469703674316,2.0360379219055176,4.219111919403076,0.2597842812538147,0.00025,878.2603580951691
5790,38,92,736569,128,2.451826572418213,2.065859079360962,3.8327009677886963,0.2697513997554779,0.00025,878.3990812301636
5791,38,93,736697,128,2.8717775344848633,2.4610424041748047,4.0771708488464355,0.30181002616882324,0.00025,878.53950715065
5792,38,94,736825,128,2.755657911300659,2.3534975051879883,3.9982869625091553,0.23317331075668335,0.00025,878.6827948093414
5793,38,95,736953,128,2.338304281234741,1.9278812408447266,4.074014663696289,0.30214500427246094,0.00025,878.8251984119415
5794,38,96,737081,128,3.699932098388672,3.3013291358947754,3.9487102031707764,0.3732002079486847,0.00025,878.9650955200195
5795,38,97,737209,128,2.4046437740325928,1.997473120689392,4.04594612121582,0.25761303305625916,0.00025,879.1077320575714
5796,38,98,737337,128,2.514608383178711,2.090261697769165,4.212714672088623,0.30751049518585205,0.00025,879.2497179508209
5797,38,99,737465,128,3.258559226989746,2.8233258724212646,4.3194451332092285,0.3288627862930298,0.00025,879.3874213695526
5798,38,100,737593,128,2.8928775787353516,2.4739155769348145,4.161255836486816,0.28363966941833496,0.00025,879.5309076309204
5799,38,101,737721,128,3.0773701667785645,2.641963005065918,4.326919078826904,0.27153053879737854,0.00025,879.6741650104523
5800,38,102,737849,128,2.915703535079956,2.485274076461792,4.278381824493408,0.2591305375099182,0.00025,879.8158164024353
5801,38,103,737977,128,3.897092819213867,3.468414068222046,4.260156631469727,0.2663097679615021,0.00025,879.958758354187
5802,38,104,738105,128,2.8434221744537354,2.422616481781006,4.177314758300781,0.30741265416145325,0.00025,880.1016607284546
5803,38,105,738233,128,3.3463363647460938,2.9286043643951416,4.152889728546143,0.2443130612373352,0.00025,880.2450792789459
5804,38,106,738361,128,2.620663642883301,2.2088704109191895,4.093131065368652,0.24799677729606628,0.00025,880.3869194984436
5805,38,107,738489,128,2.9277777671813965,2.512200355529785,4.126210689544678,0.2956455945968628,0.00025,880.5298185348511
5806,38,108,738617,128,3.6610069274902344,3.230409860610962,4.279584884643555,0.26386502385139465,0.00025,880.672684431076
5807,38,109,738745,128,2.239001750946045,1.829731822013855,4.063363552093506,0.2933427095413208,0.00025,880.8150582313538
5808,38,110,738873,128,2.416419506072998,2.016878128051758,3.9673397541046143,0.2807313799858093,0.00025,880.9579002857208
5809,38,111,739001,128,3.535522699356079,3.1511800289154053,3.815849781036377,0.27578243613243103,0.00025,881.100035905838
5810,38,112,739129,128,2.50002121925354,2.106032609939575,3.906402587890625,0.334827721118927,0.00025,881.2438113689423
5811,38,113,739257,128,2.963318109512329,2.5657005310058594,3.9522459506988525,0.23930618166923523,0.00025,881.3860266208649
5812,38,114,739385,128,3.2952330112457275,2.9031333923339844,3.8935301303863525,0.2746630012989044,0.00025,881.5306844711304
5813,38,115,739513,128,3.062713384628296,2.6606943607330322,3.994452476501465,0.25738129019737244,0.00025,881.6730763912201
5814,38,116,739641,128,3.104248046875,2.689480781555176,4.121555328369141,0.26117467880249023,0.00025,881.814877986908
5815,38,117,739769,128,3.4598114490509033,3.0275778770446777,4.295942783355713,0.2639243006706238,0.00025,881.9579854011536
5816,38,118,739897,128,3.732651710510254,3.322253465652466,4.0783915519714355,0.2559111714363098,0.00025,882.1014215946198
5817,38,119,740025,128,2.828125,2.4274919033050537,3.975728988647461,0.3060073256492615,0.00025,882.2444741725922
5818,38,120,740153,128,2.6291115283966064,2.2392966747283936,3.8715569972991943,0.2659149169921875,0.00025,882.3864707946777
5819,38,121,740281,128,3.4350745677948,3.006075382232666,4.264220714569092,0.25770649313926697,0.00025,882.5308618545532
5820,38,122,740409,128,2.9548652172088623,2.529330015182495,4.2255048751831055,0.29847562313079834,0.00025,882.6747579574585
5821,38,123,740537,128,2.779994487762451,2.379830837249756,3.978145122528076,0.23491649329662323,0.00025,882.8163366317749
5822,38,124,740665,128,2.8108749389648438,2.408114194869995,4.000606060028076,0.2700193226337433,0.00025,882.9587376117706
5823,38,125,740793,128,2.481952667236328,2.065901279449463,4.1330671310424805,0.2744617164134979,0.00025,883.1046750545502
5824,38,126,740921,128,2.492652177810669,2.0841751098632812,4.058297157287598,0.2647378742694855,0.00025,883.2445242404938
5825,38,127,741049,128,3.4907872676849365,3.074808120727539,4.13469934463501,0.2509230673313141,0.00025,883.3850336074829
5826,38,128,741177,128,3.3176686763763428,2.917628526687622,3.975290060043335,0.251119464635849,0.00025,883.5276741981506
5827,38,129,741305,128,2.5219154357910156,2.13197660446167,3.868659496307373,0.307309091091156,0.00025,883.6701309680939
5828,38,130,741433,128,3.1457736492156982,2.7429115772247314,4.002821922302246,0.25798389315605164,0.00025,883.8116867542267
5829,38,131,741561,128,2.332892656326294,1.9386827945709229,3.9172844886779785,0.2481442242860794,0.00025,883.9535830020905
5830,38,132,741689,128,2.963124990463257,2.555999279022217,4.04787015914917,0.23386894166469574,0.00025,884.0959830284119
5831,38,133,741817,128,2.9979639053344727,2.583073854446411,4.122757434844971,0.2614279091358185,0.00025,884.2387647628784
5832,38,134,741945,128,2.9986281394958496,2.602282762527466,3.936671733856201,0.26781415939331055,0.00025,884.3811671733856
5833,38,135,742073,128,2.9441165924072266,2.537083864212036,4.048709392547607,0.21617701649665833,0.00025,884.5243463516235
5834,38,136,742201,128,3.416844606399536,3.0239899158477783,3.906658887863159,0.21890342235565186,0.00025,884.6653776168823
5835,38,137,742329,128,2.7990846633911133,2.387434244155884,4.088985443115234,0.27518385648727417,0.00025,884.8051950931549
5836,38,138,742457,128,2.62870454788208,2.2234842777252197,4.027627468109131,0.24575915932655334,0.00025,884.9490308761597
5837,38,139,742585,128,2.579908847808838,2.160916328430176,4.162172317504883,0.27750852704048157,0.00025,885.090966463089
5838,38,140,742713,128,2.8247063159942627,2.4421768188476562,3.800553560256958,0.24740077555179596,0.00025,885.231035232544
5839,38,141,742841,128,3.0532100200653076,2.6527762413024902,3.9735677242279053,0.30771058797836304,0.00025,885.3725843429565
5840,38,142,742969,128,2.766749620437622,2.360722780227661,4.0315842628479,0.2868514060974121,0.00025,885.5158996582031
5841,38,143,743097,128,3.4150502681732178,2.998415946960449,4.133129119873047,0.332132488489151,0.00025,885.6597621440887
5842,38,144,743225,128,3.507415533065796,3.127072811126709,3.7729878425598145,0.30438512563705444,0.00025,885.8021106719971
5843,38,145,743353,128,3.5004384517669678,3.093686819076538,4.0417585372924805,0.25758904218673706,0.00025,885.944572687149
5844,38,146,743481,128,4.332943439483643,3.9139506816864014,4.159712314605713,0.3021523952484131,0.00025,886.0882513523102
5845,38,147,743609,128,3.1544275283813477,2.7635762691497803,3.8836135864257812,0.2489829957485199,0.00025,886.2332720756531
5846,38,148,743737,128,2.5535404682159424,2.154910087585449,3.9561145305633545,0.30188414454460144,0.00025,886.375720500946
5847,38,149,743865,128,3.2037980556488037,2.7953407764434814,4.054251194000244,0.30322664976119995,0.00025,886.5196940898895
5848,38,150,743993,128,4.239052772521973,3.8297743797302246,4.062467098236084,0.303185373544693,0.00025,886.660706281662
5849,38,151,744121,128,2.7342586517333984,2.2847020626068115,4.4680280685424805,0.2753792405128479,0.00025,886.8042242527008
5850,38,152,744249,128,2.9038047790527344,2.50199556350708,3.9900155067443848,0.28075844049453735,0.00025,886.9465358257294
5851,38,153,744377,128,3.4948208332061768,3.084301471710205,4.072537899017334,0.32657119631767273,0.00025,887.0884866714478
5852,38,154,744382,5,7.686282634735107,7.3531575202941895,3.321380376815796,0.09869406372308731,0.00025,887.2232983112335
5853,39,1,744510,128,3.0355424880981445,2.64654541015625,3.8640520572662354,0.25917506217956543,0.00025,888.743572473526
5854,39,2,744638,128,3.9076414108276367,3.4912078380584717,4.137216567993164,0.2711929678916931,0.00025,888.8878145217896
5855,39,3,744766,128,3.450789213180542,3.019637107849121,4.281503677368164,0.300163596868515,0.00025,889.0304186344147
5856,39,4,744894,128,2.6466784477233887,2.2360808849334717,4.081573963165283,0.2440148890018463,0.00025,889.1729640960693
5857,39,5,745022,128,3.5588531494140625,3.1788206100463867,3.7753570079803467,0.2496747523546219,0.00025,889.3145687580109
5858,39,6,745150,128,2.754047393798828,2.346578359603882,4.049890041351318,0.24799217283725739,0.00025,889.4552552700043
5859,39,7,745278,128,2.4335854053497314,2.045978546142578,3.851520299911499,0.24547579884529114,0.00025,889.5977065563202
5860,39,8,745406,128,2.4759578704833984,2.089500904083252,3.8407857418060303,0.23785218596458435,0.00025,889.7387435436249
5861,39,9,745534,128,4.17499303817749,3.7427992820739746,4.292536735534668,0.2940323054790497,0.00025,889.8833651542664
5862,39,10,745662,128,2.501875638961792,2.1158862113952637,3.838452100753784,0.21442033350467682,0.00025,890.0241394042969
5863,39,11,745790,128,2.748444080352783,2.34512996673584,4.005870819091797,0.2727147936820984,0.00025,890.1687958240509
5864,39,12,745918,128,2.540159225463867,2.1499671936035156,3.8741884231567383,0.27733898162841797,0.00025,890.3083519935608
5865,39,13,746046,128,3.6936228275299072,3.267055034637451,4.237720966339111,0.27956607937812805,0.00025,890.4491443634033
5866,39,14,746174,128,2.283485174179077,1.9015297889709473,3.7898378372192383,0.2971624732017517,0.00025,890.5920503139496
5867,39,15,746302,128,2.3345608711242676,1.9236663579940796,4.08267068862915,0.2627384066581726,0.00025,890.7328157424927
5868,39,16,746430,128,3.1663475036621094,2.7624974250793457,4.008913040161133,0.295882910490036,0.00025,890.8765094280243
5869,39,17,746558,128,3.086606740951538,2.6854124069213867,3.983868360519409,0.28073635697364807,0.00025,891.0237295627594
5870,39,18,746686,128,2.874563217163086,2.4744513034820557,3.9761815071105957,0.24937431514263153,0.00025,891.168931722641
5871,39,19,746814,128,3.1342053413391113,2.7173805236816406,4.141021728515625,0.2722727656364441,0.00025,891.3216454982758
5872,39,20,746942,128,2.921602964401245,2.4966166019439697,4.22337532043457,0.2648945450782776,0.00025,891.4637539386749
5873,39,21,747070,128,2.9845831394195557,2.572535991668701,4.093516826629639,0.2695445120334625,0.00025,891.6049592494965
5874,39,22,747198,128,2.6134588718414307,2.1867427825927734,4.240903854370117,0.2625672519207001,0.00025,891.7507419586182
5875,39,23,747326,128,2.6518869400024414,2.2367396354675293,4.126929759979248,0.24542883038520813,0.00025,891.8916456699371
5876,39,24,747454,128,3.346057176589966,2.920177459716797,4.229930400848389,0.28868022561073303,0.00025,892.0321123600006
5877,39,25,747582,128,3.703977584838867,3.3102426528930664,3.9047601222991943,0.32590314745903015,0.00025,892.1730449199677
5878,39,26,747710,128,3.6212425231933594,3.2178115844726562,4.008103370666504,0.2620790898799896,0.00025,892.3131403923035
5879,39,27,747838,128,3.1033692359924316,2.71455717086792,3.861453056335449,0.2666756510734558,0.00025,892.4540014266968
5880,39,28,747966,128,3.1826980113983154,2.773320198059082,4.0688652992248535,0.2491142600774765,0.00025,892.5949859619141
5881,39,29,748094,128,2.588491678237915,2.2003116607666016,3.858776569366455,0.23023654520511627,0.00025,892.7352163791656
5882,39,30,748222,128,2.632051467895508,2.2276275157928467,4.019539833068848,0.2469978779554367,0.00025,892.8767173290253
5883,39,31,748350,128,2.9717016220092773,2.5556905269622803,4.133291721343994,0.2681923508644104,0.00025,893.018312215805
5884,39,32,748478,128,3.333914279937744,2.8921682834625244,4.393138408660889,0.24320468306541443,0.00025,893.1587212085724
5885,39,33,748606,128,2.598254680633545,2.169370412826538,4.262499809265137,0.26343703269958496,0.00025,893.2993040084839
5886,39,34,748734,128,2.118255138397217,1.6990923881530762,4.167608737945557,0.24018466472625732,0.00025,893.4408273696899
5887,39,35,748862,128,2.782728672027588,2.359919548034668,4.195028781890869,0.3306102752685547,0.00025,893.5841157436371
5888,39,36,748990,128,2.11980938911438,1.6928486824035645,4.241642475128174,0.27963292598724365,0.00025,893.7255337238312
5889,39,37,749118,128,2.467024087905884,2.0698964595794678,3.9439635276794434,0.2731233239173889,0.00025,893.8697717189789
5890,39,38,749246,128,2.954169988632202,2.5481958389282227,4.032883167266846,0.26858755946159363,0.00025,894.0109379291534
5891,39,39,749374,128,2.9487264156341553,2.5204012393951416,4.256652355194092,0.26600638031959534,0.00025,894.1540412902832
5892,39,40,749502,128,2.9707963466644287,2.5688626766204834,3.9927995204925537,0.26539331674575806,0.00025,894.2957677841187
5893,39,41,749630,128,2.5519180297851562,2.156606435775757,3.923980951309204,0.29135334491729736,0.00025,894.4368209838867
5894,39,42,749758,128,2.883300542831421,2.477386236190796,4.033327579498291,0.25815120339393616,0.00025,894.5798592567444
5895,39,43,749886,128,3.094985008239746,2.6945643424987793,3.9779598712921143,0.2624804675579071,0.00025,894.7220306396484
5896,39,44,750014,128,2.672271490097046,2.2775840759277344,3.9258785247802734,0.2099461853504181,0.00025,894.8677289485931
5897,39,45,750142,128,2.6557466983795166,2.2351040840148926,4.180874347686768,0.2555193305015564,0.00025,895.0102696418762
5898,39,46,750270,128,2.812609910964966,2.420569896697998,3.8966612815856934,0.23738162219524384,0.00025,895.1604611873627
5899,39,47,750398,128,2.8371622562408447,2.4228241443634033,4.11906099319458,0.24320398271083832,0.00025,895.3063411712646
5900,39,48,750526,128,2.68316388130188,2.279785633087158,4.005546569824219,0.2823474705219269,0.00025,895.4514935016632
5901,39,49,750654,128,3.2104854583740234,2.800206184387207,4.07659912109375,0.2619311511516571,0.00025,895.5921151638031
5902,39,50,750782,128,3.0659055709838867,2.66566801071167,3.9780101776123047,0.24366067349910736,0.00025,895.7405924797058
5903,39,51,750910,128,3.283987045288086,2.8758559226989746,4.049098014831543,0.3221287429332733,0.00025,895.8825922012329
5904,39,52,751038,128,3.6806530952453613,3.2685413360595703,4.089346408843994,0.3177282214164734,0.00025,896.0248889923096
5905,39,53,751166,128,3.0781984329223633,2.686124563217163,3.8935093879699707,0.2722894549369812,0.00025,896.1671988964081
5906,39,54,751294,128,3.2400145530700684,2.825568437576294,4.109914302825928,0.34547775983810425,0.00025,896.30886054039
5907,39,55,751422,128,2.7292587757110596,2.3258767127990723,4.004276752471924,0.29544001817703247,0.00025,896.4539136886597
5908,39,56,751550,128,3.6291966438293457,3.244779586791992,3.8161730766296387,0.2799639105796814,0.00025,896.5949521064758
5909,39,57,751678,128,1.966821312904358,1.5702987909317017,3.9378650188446045,0.27359434962272644,0.00025,896.735151052475
5910,39,58,751806,128,2.6268372535705566,2.202920913696289,4.210384845733643,0.2877945899963379,0.00025,896.8822603225708
5911,39,59,751934,128,2.9771816730499268,2.556859016418457,4.175326347351074,0.2789984941482544,0.00025,897.0250170230865
5912,39,60,752062,128,4.077788829803467,3.677844285964966,3.9717776775360107,0.27667418122291565,0.00025,897.1677958965302
5913,39,61,752190,128,2.4837889671325684,2.0634820461273193,4.177703857421875,0.2536621391773224,0.00025,897.3096668720245
5914,39,62,752318,128,2.4399306774139404,2.023758888244629,4.130712032318115,0.3100525140762329,0.00025,897.4513297080994
5915,39,63,752446,128,2.589897871017456,2.189546585083008,3.977757692337036,0.2575731575489044,0.00025,897.5928409099579
5916,39,64,752574,128,3.0618882179260254,2.6643333435058594,3.95111083984375,0.24437358975410461,0.00025,897.7330038547516
5917,39,65,752702,128,3.0775320529937744,2.6728484630584717,4.024240970611572,0.22595413029193878,0.00025,897.8781096935272
5918,39,66,752830,128,3.055046558380127,2.6678102016448975,3.84824275970459,0.24120648205280304,0.00025,898.0205523967743
5919,39,67,752958,128,2.5109903812408447,2.1248326301574707,3.8360204696655273,0.2555656433105469,0.00025,898.1628370285034
5920,39,68,753086,128,2.7395553588867188,2.354243755340576,3.8303022384643555,0.22813762724399567,0.00025,898.3096790313721
5921,39,69,753214,128,2.62656831741333,2.1954352855682373,4.282562255859375,0.28768691420555115,0.00025,898.4508941173553
5922,39,70,753342,128,3.0159621238708496,2.59745717048645,4.153496265411377,0.3155187666416168,0.00025,898.5936365127563
5923,39,71,753470,128,2.825596332550049,2.4179582595825195,4.047571182250977,0.2880975306034088,0.00025,898.7358596324921
5924,39,72,753598,128,2.9633090496063232,2.5495386123657227,4.106752395629883,0.3095058798789978,0.00025,898.8778839111328
5925,39,73,753726,128,2.702672243118286,2.286367416381836,4.13252067565918,0.30526426434516907,0.00025,899.0206620693207
5926,39,74,753854,128,2.738891839981079,2.312194347381592,4.238227844238281,0.2874598503112793,0.00025,899.163259267807
5927,39,75,753982,128,3.1079976558685303,2.695143222808838,4.104562282562256,0.23983189463615417,0.00025,899.6509504318237
5928,39,76,754110,128,2.8476691246032715,2.4457759857177734,3.9938883781433105,0.25044241547584534,0.00025,899.7885591983795
5929,39,77,754238,128,2.8081002235412598,2.392977476119995,4.126737117767334,0.24490828812122345,0.00025,899.930579662323
5930,39,78,754366,128,2.9461071491241455,2.5355100631713867,4.077320098876953,0.28650566935539246,0.00025,900.0713346004486
5931,39,79,754494,128,2.4150543212890625,1.986376404762268,4.256713390350342,0.3006390333175659,0.00025,900.2130970954895
5932,39,80,754622,128,3.3758418560028076,2.9513087272644043,4.219178199768066,0.2615281939506531,0.00025,900.3527295589447
5933,39,81,754750,128,2.5445332527160645,2.1472113132476807,3.948249340057373,0.2497061938047409,0.00025,900.493362903595
5934,39,82,754878,128,3.1195476055145264,2.68884539604187,4.27533483505249,0.3168783187866211,0.00025,900.6354718208313
5935,39,83,755006,128,2.943765640258789,2.5209872722625732,4.2006754875183105,0.2710871398448944,0.00025,900.7779829502106
5936,39,84,755134,128,3.8788950443267822,3.4536261558532715,4.225347518920898,0.273407518863678,0.00025,900.9219374656677
5937,39,85,755262,128,2.4995415210723877,2.0816094875335693,4.146280288696289,0.3303985893726349,0.00025,901.0625064373016
5938,39,86,755390,128,2.761533260345459,2.3385744094848633,4.201822280883789,0.2776593267917633,0.00025,901.2030117511749
5939,39,87,755518,128,3.4483892917633057,3.040976047515869,4.04661750793457,0.2751520872116089,0.00025,901.3461430072784
5940,39,88,755646,128,2.915508270263672,2.4965176582336426,4.1605544090271,0.2935123145580292,0.00025,901.48761510849
5941,39,89,755774,128,2.4890494346618652,2.0969927310943604,3.896543502807617,0.24022020399570465,0.00025,901.6309430599213
5942,39,90,755902,128,2.9051513671875,2.52578067779541,3.765554666519165,0.2815159857273102,0.00025,901.7734792232513
5943,39,91,756030,128,2.2135212421417236,1.8241411447525024,3.8643016815185547,0.29500457644462585,0.00025,901.9164772033691
5944,39,92,756158,128,3.0061659812927246,2.6270995140075684,3.7621264457702637,0.2853813171386719,0.00025,902.058929681778
5945,39,93,756286,128,2.907085418701172,2.493338108062744,4.112106800079346,0.2536635994911194,0.00025,902.2002599239349
5946,39,94,756414,128,2.5973870754241943,2.195669651031494,3.99004864692688,0.27124762535095215,0.00025,902.3430254459381
5947,39,95,756542,128,2.8235690593719482,2.4129862785339355,4.072612762451172,0.3321325480937958,0.00025,902.4863233566284
5948,39,96,756670,128,2.750760078430176,2.3447673320770264,4.034855842590332,0.2507264018058777,0.00025,902.6300966739655
5949,39,97,756798,128,3.0591378211975098,2.6649978160858154,3.9144375324249268,0.269618958234787,0.00025,902.7730119228363
5950,39,98,756926,128,3.6172049045562744,3.2038612365722656,4.111306190490723,0.22129294276237488,0.00025,902.918035030365
5951,39,99,757054,128,2.915925979614258,2.494953155517578,4.184010982513428,0.2571936845779419,0.00025,903.0617694854736
5952,39,100,757182,128,3.3535587787628174,2.919933319091797,4.313279628753662,0.2297307848930359,0.00025,903.2045912742615
5953,39,101,757310,128,2.317502021789551,1.884064793586731,4.309408187866211,0.24965322017669678,0.00025,903.3634464740753
5954,39,102,757438,128,2.436305522918701,2.005445718765259,4.278732776641846,0.29863613843917847,0.00025,903.5090506076813
5955,39,103,757566,128,2.2051117420196533,1.822696328163147,3.7969131469726562,0.27242034673690796,0.00025,903.6527230739594
5956,39,104,757694,128,2.6386280059814453,2.205585241317749,4.296605587005615,0.33822035789489746,0.00025,903.7947640419006
5957,39,105,757822,128,3.1463065147399902,2.742161512374878,4.017092704772949,0.24356240034103394,0.00025,903.9379637241364
5958,39,106,757950,128,3.0014140605926514,2.594940662384033,4.036126613616943,0.2860851585865021,0.00025,904.0811512470245
5959,39,107,758078,128,2.8984081745147705,2.5203254222869873,3.7567543983459473,0.24072133004665375,0.00025,904.2248132228851
5960,39,108,758206,128,3.318040370941162,2.927147388458252,3.8807780742645264,0.2815364897251129,0.00025,904.3672995567322
5961,39,109,758334,128,2.853513717651367,2.4740195274353027,3.7690629959106445,0.2587859332561493,0.00025,904.5100276470184
5962,39,110,758462,128,2.7931230068206787,2.401712656021118,3.8836565017700195,0.3044530749320984,0.00025,904.6570198535919
5963,39,111,758590,128,3.2089293003082275,2.8243582248687744,3.8220574855804443,0.23653531074523926,0.00025,904.7997229099274
5964,39,112,758718,128,3.163417100906372,2.740433931350708,4.200075149536133,0.2975716292858124,0.00025,904.9456865787506
5965,39,113,758846,128,2.89064359664917,2.4944918155670166,3.935271739959717,0.26244789361953735,0.00025,905.0902283191681
5966,39,114,758974,128,2.89281964302063,2.4848995208740234,4.050361633300781,0.28838539123535156,0.00025,905.233060836792
5967,39,115,759102,128,2.7442753314971924,2.345766544342041,3.9570631980895996,0.28023508191108704,0.00025,905.375687122345
5968,39,116,759230,128,3.592890977859497,3.1685028076171875,4.218813419342041,0.25068390369415283,0.00025,905.5185751914978
5969,39,117,759358,128,2.7394936084747314,2.3337879180908203,4.031113624572754,0.25942644476890564,0.00025,905.6605260372162
5970,39,118,759486,128,2.7587451934814453,2.3569064140319824,3.9934489727020264,0.24939261376857758,0.00025,905.8022365570068
5971,39,119,759614,128,2.397421360015869,2.006870746612549,3.879201889038086,0.2630472779273987,0.00025,905.9446318149567
5972,39,120,759742,128,2.8125529289245605,2.412917375564575,3.9692676067352295,0.2708946466445923,0.00025,906.0873219966888
5973,39,121,759870,128,2.8532490730285645,2.45522141456604,3.957444906234741,0.22830326855182648,0.00025,906.2308964729309
5974,39,122,759998,128,3.688325881958008,3.287396192550659,3.9860637187957764,0.23233625292778015,0.00025,906.3746590614319
5975,39,123,760126,128,3.4549405574798584,3.0245890617370605,4.276826858520508,0.2668876647949219,0.00025,906.5197703838348
5976,39,124,760254,128,4.32350492477417,3.909769058227539,4.110055923461914,0.27301856875419617,0.00025,906.6631436347961
5977,39,125,760382,128,2.383744716644287,1.9735695123672485,4.076178550720215,0.25571802258491516,0.00025,906.802387714386
5978,39,126,760510,128,2.581242799758911,2.1806743144989014,3.982490062713623,0.23196394741535187,0.00025,906.9449846744537
5979,39,127,760638,128,3.033460855484009,2.6164329051971436,4.1430768966674805,0.272031307220459,0.00025,907.0852289199829
5980,39,128,760766,128,2.7064507007598877,2.3027970790863037,4.013319492340088,0.23217400908470154,0.00025,907.2248575687408
5981,39,129,760894,128,2.4404592514038086,2.014270544052124,4.234763145446777,0.27125880122184753,0.00025,907.364837884903
5982,39,130,761022,128,2.6892504692077637,2.280689001083374,4.0579142570495605,0.27699241042137146,0.00025,907.508499622345
5983,39,131,761150,128,2.909292697906494,2.4886555671691895,4.178001403808594,0.2837023437023163,0.00025,907.6529457569122
5984,39,132,761278,128,3.1960713863372803,2.789290428161621,4.042728900909424,0.2508079409599304,0.00025,907.7971086502075
5985,39,133,761406,128,2.9364173412323,2.523308038711548,4.107224464416504,0.2386835217475891,0.00025,907.9392759799957
5986,39,134,761534,128,3.718977212905884,3.3091483116149902,4.0704545974731445,0.27836424112319946,0.00025,908.0814218521118
5987,39,135,761662,128,2.671462059020996,2.2632250785827637,4.054739952087402,0.276295006275177,0.00025,908.2253668308258
5988,39,136,761790,128,3.145934581756592,2.7388410568237305,4.043957233428955,0.26976004242897034,0.00025,908.3674027919769
5989,39,137,761918,128,3.608992338180542,3.202209234237671,4.038992404937744,0.2883846163749695,0.00025,908.5136771202087
5990,39,138,762046,128,3.638383150100708,3.2453272342681885,3.9047796726226807,0.25780877470970154,0.00025,908.6573657989502
5991,39,139,762174,128,2.8145534992218018,2.4113426208496094,4.004870414733887,0.27239516377449036,0.00025,908.7993054389954
5992,39,140,762302,128,2.8075857162475586,2.3883979320526123,4.162632465362549,0.2924354374408722,0.00025,908.9429612159729
5993,39,141,762430,128,2.7896525859832764,2.384054183959961,4.023037910461426,0.3294716477394104,0.00025,909.0866944789886
5994,39,142,762558,128,2.986229658126831,2.595181465148926,3.884239673614502,0.26243022084236145,0.00025,909.2303173542023
5995,39,143,762686,128,2.4301135540008545,2.0336880683898926,3.936626434326172,0.27628815174102783,0.00025,909.3719570636749
5996,39,144,762814,128,2.494628667831421,2.0795114040374756,4.1226348876953125,0.28538987040519714,0.00025,909.5136964321136
5997,39,145,762942,128,2.5423927307128906,2.1549885272979736,3.843684673309326,0.30357086658477783,0.00025,909.6564698219299
5998,39,146,763070,128,2.5863354206085205,2.181934118270874,4.016172885894775,0.278396874666214,0.00025,909.7988510131836
5999,39,147,763198,128,3.669947624206543,3.259812831878662,4.079952716827393,0.21396218240261078,0.00025,909.9409666061401
6000,39,148,763326,128,2.9526631832122803,2.5601284503936768,3.896043062210083,0.2930484116077423,0.00025,910.083883523941
6001,39,149,763454,128,2.8474273681640625,2.464134693145752,3.807380199432373,0.25547048449516296,0.00025,910.2284009456635
6002,39,150,763582,128,3.4442367553710938,3.006084680557251,4.3512749671936035,0.30245715379714966,0.00025,910.3707754611969
6003,39,151,763710,128,3.4027082920074463,2.9648993015289307,4.345903396606445,0.32185789942741394,0.00025,910.5186905860901
6004,39,152,763838,128,2.518929958343506,2.1197543144226074,3.9654479026794434,0.26309898495674133,0.00025,910.6614191532135
6005,39,153,763966,128,2.940762758255005,2.521125078201294,4.167407035827637,0.2896980345249176,0.00025,910.8041105270386
6006,39,154,763971,5,3.421482563018799,2.9719769954681396,4.449234485626221,0.4582098722457886,0.00025,910.9422690868378
6007,40,1,764099,128,3.1031079292297363,2.695416212081909,4.050095558166504,0.26822954416275024,0.000125,912.4353847503662
6008,40,2,764227,128,2.7399353981018066,2.3087639808654785,4.281632423400879,0.3008216321468353,0.000125,912.5783684253693
6009,40,3,764355,128,3.599156379699707,3.1931543350219727,4.035190582275391,0.24828463792800903,0.000125,912.7213430404663
6010,40,4,764483,128,2.7011804580688477,2.2685723304748535,4.300346374511719,0.25733768939971924,0.000125,912.8597855567932
6011,40,5,764611,128,2.923189401626587,2.5206656455993652,4.000312328338623,0.24925437569618225,0.000125,912.998715877533
6012,40,6,764739,128,2.7669734954833984,2.331932783126831,4.320207118988037,0.3020159602165222,0.000125,913.1387498378754
6013,40,7,764867,128,3.617830753326416,3.214371919631958,4.011474132537842,0.23115697503089905,0.000125,913.2767674922943
6014,40,8,764995,128,2.5299222469329834,2.116300106048584,4.11163330078125,0.24589098989963531,0.000125,913.413982629776
6015,40,9,765123,128,2.1925275325775146,1.7785340547561646,4.107853412628174,0.3208148181438446,0.000125,913.5541982650757
6016,40,10,765251,128,2.847400426864624,2.417145013809204,4.271772861480713,0.3078187108039856,0.000125,913.6929457187653
6017,40,11,765379,128,3.1596968173980713,2.7616326808929443,3.949699878692627,0.3094179332256317,0.000125,913.8307185173035
6018,40,12,765507,128,2.2547407150268555,1.8424568176269531,4.092077732086182,0.307605117559433,0.000125,913.9716351032257
6019,40,13,765635,128,2.7900049686431885,2.385685682296753,4.014206409454346,0.28986474871635437,0.000125,914.1122183799744
6020,40,14,765763,128,2.5336248874664307,2.1291356086730957,4.014191150665283,0.3070151209831238,0.000125,914.2549278736115
6021,40,15,765891,128,2.9237582683563232,2.5285608768463135,3.9237449169158936,0.28227874636650085,0.000125,914.3963787555695
6022,40,16,766019,128,3.1194591522216797,2.7266228199005127,3.9034347534179688,0.24930131435394287,0.000125,914.5383365154266
6023,40,17,766147,128,1.7465485334396362,1.3557989597320557,3.8792564868927,0.2823967933654785,0.000125,914.6777732372284
6024,40,18,766275,128,2.7095634937286377,2.3258841037750244,3.810824394226074,0.25969398021698,0.000125,914.8173363208771
6025,40,19,766403,128,2.1786205768585205,1.777251958847046,3.9884982109069824,0.251896470785141,0.000125,914.95836353302
6026,40,20,766531,128,3.0266096591949463,2.6369519233703613,3.8710429668426514,0.2553554177284241,0.000125,915.1017212867737
6027,40,21,766659,128,4.378181457519531,3.973159074783325,4.02417516708374,0.2605142891407013,0.000125,915.2424209117889
6028,40,22,766787,128,2.856940746307373,2.451993227005005,4.022197246551514,0.2727832794189453,0.000125,915.3813917636871
6029,40,23,766915,128,2.2618680000305176,1.8485499620437622,4.1060919761657715,0.2708956003189087,0.000125,915.5224003791809
6030,40,24,767043,128,2.717427968978882,2.265657663345337,4.487148284912109,0.30554941296577454,0.000125,915.6615881919861
6031,40,25,767171,128,2.661194086074829,2.25765323638916,4.0109171867370605,0.24491475522518158,0.000125,915.8003354072571
6032,40,26,767299,128,3.1147146224975586,2.6748552322387695,4.369132041931152,0.29461923241615295,0.000125,915.9424090385437
6033,40,27,767427,128,2.1637215614318848,1.7817963361740112,3.792931318283081,0.2632145881652832,0.000125,916.0841012001038
6034,40,28,767555,128,2.4354164600372314,2.0265281200408936,4.061285972595215,0.27596038579940796,0.000125,916.2269115447998
6035,40,29,767683,128,2.9651341438293457,2.5420422554016113,4.201630115509033,0.292887419462204,0.000125,916.371907711029
6036,40,30,767811,128,2.4225594997406006,2.0030508041381836,4.166781425476074,0.2830559015274048,0.000125,916.5178322792053
6037,40,31,767939,128,2.2148640155792236,1.7642180919647217,4.472491264343262,0.33967292308807373,0.000125,916.6590945720673
6038,40,32,768067,128,3.175074338912964,2.760805130004883,4.112791538238525,0.29900622367858887,0.000125,916.8016519546509
6039,40,33,768195,128,2.612306594848633,2.2127811908721924,3.970618486404419,0.2463596910238266,0.000125,916.9443049430847
6040,40,34,768323,128,3.192713737487793,2.7931666374206543,3.9671273231506348,0.28343313932418823,0.000125,917.0878291130066
6041,40,35,768451,128,3.056345224380493,2.6787338256835938,3.750803232192993,0.2531139552593231,0.000125,917.2306463718414
6042,40,36,768579,128,2.089354991912842,1.6811341047286987,4.056578159332275,0.25629645586013794,0.000125,917.3730964660645
6043,40,37,768707,128,3.4516048431396484,3.063647747039795,3.8571090698242188,0.22461974620819092,0.000125,917.5173721313477
6044,40,38,768835,128,2.5365183353424072,2.107703685760498,4.260890483856201,0.27255484461784363,0.000125,917.6606140136719
6045,40,39,768963,128,2.8817343711853027,2.4906623363494873,3.883490562438965,0.27229586243629456,0.000125,917.8027722835541
6046,40,40,769091,128,2.2204675674438477,1.8220736980438232,3.9573824405670166,0.26554372906684875,0.000125,917.9430241584778
6047,40,41,769219,128,2.5292880535125732,2.1284661293029785,3.9816627502441406,0.26557520031929016,0.000125,918.084778547287
6048,40,42,769347,128,3.102828025817871,2.7139532566070557,3.8641533851623535,0.24594852328300476,0.000125,918.2281451225281
6049,40,43,769475,128,2.367079257965088,1.9563775062561035,4.077953338623047,0.29063233733177185,0.000125,918.3689060211182
6050,40,44,769603,128,2.623293161392212,2.2287349700927734,3.9196250438690186,0.2595779299736023,0.000125,918.5103003978729
6051,40,45,769731,128,1.9063764810562134,1.503051996231079,4.0048441886901855,0.2840070426464081,0.000125,918.6574811935425
6052,40,46,769859,128,3.2321133613586426,2.8479278087615967,3.8158438205718994,0.2601079046726227,0.000125,918.7984094619751
6053,40,47,769987,128,3.090331554412842,2.682924747467041,4.044033527374268,0.30034139752388,0.000125,918.9392368793488
6054,40,48,770115,128,2.5574448108673096,2.1609222888946533,3.939523935317993,0.2570267915725708,0.000125,919.0835855007172
6055,40,49,770243,128,2.1305761337280273,1.745951771736145,3.8188819885253906,0.27361297607421875,0.000125,919.2279410362244
6056,40,50,770371,128,2.3561036586761475,1.9396222829818726,4.133936882019043,0.3087867200374603,0.000125,919.3708016872406
6057,40,51,770499,128,2.5118393898010254,2.1021580696105957,4.064510822296143,0.32302841544151306,0.000125,919.5125210285187
6058,40,52,770627,128,2.3579142093658447,1.9671814441680908,3.882615327835083,0.24711288511753082,0.000125,919.6564960479736
6059,40,53,770755,128,2.8298377990722656,2.4360382556915283,3.9123787879943848,0.25615477561950684,0.000125,919.8011999130249
6060,40,54,770883,128,2.9924588203430176,2.582162857055664,4.078896522521973,0.24064688384532928,0.000125,919.9422709941864
6061,40,55,771011,128,3.317664861679077,2.894073247909546,4.21118688583374,0.24729564785957336,0.000125,920.08416223526
6062,40,56,771139,128,2.3294341564178467,1.9240059852600098,4.025104999542236,0.291766494512558,0.000125,920.2185523509979
6063,40,57,771267,128,2.528505563735962,2.1238486766815186,4.011676788330078,0.34892016649246216,0.000125,920.35231757164
6064,40,58,771395,128,2.824152946472168,2.4189536571502686,4.023955821990967,0.2803703248500824,0.000125,920.4852576255798
6065,40,59,771523,128,2.364945888519287,1.965122938156128,3.968017816543579,0.3021272122859955,0.000125,920.6195449829102
6066,40,60,771651,128,3.5848662853240967,3.1737987995147705,4.0832977294921875,0.2737736999988556,0.000125,920.7528204917908
6067,40,61,771779,128,2.1655023097991943,1.7709853649139404,3.9205803871154785,0.2458697259426117,0.000125,920.8887376785278
6068,40,62,771907,128,2.2380740642547607,1.8120390176773071,4.230201721191406,0.3014753460884094,0.000125,921.0355687141418
6069,40,63,772035,128,3.168185234069824,2.7625787258148193,4.0285139083862305,0.275527685880661,0.000125,921.175619840622
6070,40,64,772163,128,2.5312445163726807,2.122647285461426,4.059669017791748,0.26302531361579895,0.000125,921.31303191185
6071,40,65,772291,128,2.80428409576416,2.395510196685791,4.060033321380615,0.27706247568130493,0.000125,921.4512252807617
6072,40,66,772419,128,2.268136501312256,1.8770943880081177,3.8862786293029785,0.24141979217529297,0.000125,921.6077761650085
6073,40,67,772547,128,2.543800115585327,2.1363751888275146,4.0437331199646,0.3051404058933258,0.000125,921.7435941696167
6074,40,68,772675,128,2.3405508995056152,1.9193508625030518,4.1861796379089355,0.25820350646972656,0.000125,921.8799660205841
6075,40,69,772803,128,2.8396060466766357,2.436722993850708,3.999401807785034,0.29427221417427063,0.000125,922.0210380554199
6076,40,70,772931,128,3.5664148330688477,3.1361594200134277,4.276641368865967,0.2591257691383362,0.000125,922.1585693359375
6077,40,71,773059,128,3.226011037826538,2.8007094860076904,4.224459648132324,0.28554412722587585,0.000125,922.2990779876709
6078,40,72,773187,128,2.6811580657958984,2.2967708110809326,3.816887140274048,0.269848108291626,0.000125,922.439531326294
6079,40,73,773315,128,3.4360642433166504,3.0541698932647705,3.7911577224731445,0.27784985303878784,0.000125,922.5836679935455
6080,40,74,773443,128,2.3277993202209473,1.932655930519104,3.921255350112915,0.3017808198928833,0.000125,922.7216501235962
6081,40,75,773571,128,3.1018292903900146,2.6887691020965576,4.1008195877075195,0.2978251874446869,0.000125,922.8573958873749
6082,40,76,773699,128,2.6109814643859863,2.209071397781372,3.990865468978882,0.2823610007762909,0.000125,923.0075862407684
6083,40,77,773827,128,2.74318528175354,2.336472749710083,4.043062686920166,0.24064405262470245,0.000125,923.1473727226257
6084,40,78,773955,128,2.248145580291748,1.8532047271728516,3.9267678260803223,0.2263910472393036,0.000125,923.2880525588989
6085,40,79,774083,128,2.896062135696411,2.480799913406372,4.127730846405029,0.2489142119884491,0.000125,923.4307172298431
6086,40,80,774211,128,2.338313102722168,1.929329752922058,4.058825492858887,0.3100822865962982,0.000125,923.5722868442535
6087,40,81,774339,128,2.307647466659546,1.8673014640808105,4.373452186584473,0.30007433891296387,0.000125,923.7126967906952
6088,40,82,774467,128,2.4376277923583984,2.0353143215179443,3.9961776733398438,0.2695690989494324,0.000125,923.8525404930115
6089,40,83,774595,128,2.016508102416992,1.5958789587020874,4.178915500640869,0.27374449372291565,0.000125,923.9904835224152
6090,40,84,774723,128,2.9102540016174316,2.5081710815429688,3.9904603958129883,0.3037011921405792,0.000125,924.1285235881805
6091,40,85,774851,128,2.7298402786254883,2.3473260402679443,3.797732353210449,0.2741129696369171,0.000125,924.2645998001099
6092,40,86,774979,128,2.156801462173462,1.7579783201217651,3.9617955684661865,0.2643626034259796,0.000125,924.3999826908112
6093,40,87,775107,128,2.985555648803711,2.587135076522827,3.9598448276519775,0.24362431466579437,0.000125,924.535854101181
6094,40,88,775235,128,3.327504873275757,2.9218127727508545,4.03201150894165,0.24910657107830048,0.000125,924.6776185035706
6095,40,89,775363,128,2.550258159637451,2.1667189598083496,3.8087944984436035,0.26598432660102844,0.000125,924.8205468654633
6096,40,90,775491,128,2.37345290184021,1.9580591917037964,4.128824234008789,0.25112390518188477,0.000125,924.9646844863892
6097,40,91,775619,128,2.7956581115722656,2.3761448860168457,4.168646335601807,0.26486140489578247,0.000125,925.1084308624268
6098,40,92,775747,128,2.9231984615325928,2.52292537689209,3.9788146018981934,0.23916663229465485,0.000125,925.2503507137299
6099,40,93,775875,128,2.974590301513672,2.563854932785034,4.080442428588867,0.2691130042076111,0.000125,925.3926041126251
6100,40,94,776003,128,3.1664931774139404,2.7539377212524414,4.102799415588379,0.2275501936674118,0.000125,925.5363967418671
6101,40,95,776131,128,3.460383415222168,3.0452146530151367,4.122406482696533,0.29279571771621704,0.000125,925.680704832077
6102,40,96,776259,128,2.5768847465515137,2.1563949584960938,4.177878379821777,0.27021071314811707,0.000125,925.8225145339966
6103,40,97,776387,128,2.7858338356018066,2.3924713134765625,3.9066855907440186,0.2693992555141449,0.000125,925.9641077518463
6104,40,98,776515,128,2.9075722694396973,2.501971960067749,4.032244682312012,0.23758313059806824,0.000125,926.1074891090393
6105,40,99,776643,128,2.9832615852355957,2.5753114223480225,4.050484657287598,0.29018229246139526,0.000125,926.248851776123
6106,40,100,776771,128,3.103233575820923,2.6720948219299316,4.278968811035156,0.3241710662841797,0.000125,926.3881318569183
6107,40,101,776899,128,2.8394246101379395,2.4271340370178223,4.097978591918945,0.24927271902561188,0.000125,926.5341145992279
6108,40,102,777027,128,3.0069925785064697,2.606076955795288,3.981165647506714,0.27989330887794495,0.000125,926.6782386302948
6109,40,103,777155,128,3.27579665184021,2.8667938709259033,4.062223434448242,0.2780319154262543,0.000125,926.8211390972137
6110,40,104,777283,128,2.5046355724334717,2.1201224327087402,3.820401430130005,0.24730579555034637,0.000125,926.963621377945
6111,40,105,777411,128,2.822603940963745,2.411013603210449,4.084159851074219,0.31742823123931885,0.000125,927.1076166629791
6112,40,106,777539,128,3.273775339126587,2.8649537563323975,4.0565924644470215,0.3162388503551483,0.000125,927.2487049102783
6113,40,107,777667,128,3.342853546142578,2.9536666870117188,3.867168426513672,0.24701282382011414,0.000125,927.3917639255524
6114,40,108,777795,128,2.0218393802642822,1.5996545553207397,4.189289093017578,0.32557371258735657,0.000125,927.5364511013031
6115,40,109,777923,128,2.4722447395324707,2.0784084796905518,3.9111433029174805,0.27220335602760315,0.000125,927.6790554523468
6116,40,110,778051,128,3.377542018890381,2.9741673469543457,4.004631996154785,0.29114797711372375,0.000125,927.8163723945618
6117,40,111,778179,128,2.9118902683258057,2.5139002799987793,3.9537577629089355,0.26142364740371704,0.000125,927.9544825553894
6118,40,112,778307,128,1.894417405128479,1.5042518377304077,3.8759453296661377,0.25709983706474304,0.000125,928.0969479084015
6119,40,113,778435,128,2.860008716583252,2.4386439323425293,4.1831183433532715,0.3052893280982971,0.000125,928.2349328994751
6120,40,114,778563,128,2.432814359664917,1.9997992515563965,4.297740936279297,0.3241002559661865,0.000125,928.3740932941437
6121,40,115,778691,128,2.77287220954895,2.363391160964966,4.067421913146973,0.27389684319496155,0.000125,928.5157885551453
6122,40,116,778819,128,3.1040570735931396,2.7079591751098633,3.9320411682128906,0.28936678171157837,0.000125,928.6559221744537
6123,40,117,778947,128,2.842859983444214,2.4327449798583984,4.0731916427612305,0.2796037197113037,0.000125,928.7951519489288
6124,40,118,779075,128,2.2667248249053955,1.8645193576812744,3.992465019226074,0.29589638113975525,0.000125,928.9354379177094
6125,40,119,779203,128,2.7665927410125732,2.3290202617645264,4.34715461730957,0.285685658454895,0.000125,929.0778863430023
6126,40,120,779331,128,2.7854323387145996,2.3611643314361572,4.2123541831970215,0.3032699227333069,0.000125,929.2191734313965
6127,40,121,779459,128,2.811817169189453,2.399508237838745,4.095073699951172,0.2801564037799835,0.000125,929.361955165863
6128,40,122,779587,128,3.740886926651001,3.325096368789673,4.13220739364624,0.2569883167743683,0.000125,929.5055048465729
6129,40,123,779715,128,2.98768949508667,2.5612974166870117,4.240899085998535,0.23021599650382996,0.000125,929.6493892669678
6130,40,124,779843,128,2.1466259956359863,1.7457754611968994,3.9842381477355957,0.24266619980335236,0.000125,929.7896308898926
6131,40,125,779971,128,2.4741196632385254,2.0741493701934814,3.970845937728882,0.288588285446167,0.000125,929.9285247325897
6132,40,126,780099,128,2.3683910369873047,1.9356261491775513,4.291428565979004,0.3622131645679474,0.000125,930.0726358890533
6133,40,127,780227,128,1.9886901378631592,1.5757200717926025,4.104423522949219,0.2527686655521393,0.000125,930.2159245014191
6134,40,128,780355,128,2.3068418502807617,1.901017427444458,4.033740997314453,0.24503278732299805,0.000125,930.3570256233215
6135,40,129,780483,128,3.0475165843963623,2.6462674140930176,3.9848134517669678,0.27678629755973816,0.000125,930.4985594749451
6136,40,130,780611,128,3.692539930343628,3.28617525100708,4.033100605010986,0.3054574429988861,0.000125,930.6405653953552
6137,40,131,780739,128,4.142851829528809,3.7527966499328613,3.8701765537261963,0.3037498891353607,0.000125,930.7826509475708
6138,40,132,780867,128,2.5193984508514404,2.1170215606689453,3.9928722381591797,0.30897513031959534,0.000125,930.9248025417328
6139,40,133,780995,128,2.3406081199645996,1.9298778772354126,4.075902938842773,0.3140086531639099,0.000125,931.0672044754028
6140,40,134,781123,128,2.931527853012085,2.5233192443847656,4.052885055541992,0.29201260209083557,0.000125,931.2102057933807
6141,40,135,781251,128,3.386359453201294,2.9728775024414062,4.10905122756958,0.25767379999160767,0.000125,931.3483390808105
6142,40,136,781379,128,3.4294838905334473,3.025311231613159,4.010196685791016,0.315319687128067,0.000125,931.4920160770416
6143,40,137,781507,128,2.6017653942108154,2.1866366863250732,4.124955654144287,0.2633211016654968,0.000125,931.6371822357178
6144,40,138,781635,128,2.052607774734497,1.6324729919433594,4.169468402862549,0.3187962770462036,0.000125,931.7795476913452
6145,40,139,781763,128,2.877946138381958,2.467966318130493,4.069723606109619,0.3007361590862274,0.000125,931.921324968338
6146,40,140,781891,128,3.0938034057617188,2.691051959991455,4.004532337188721,0.2297997921705246,0.000125,932.0646924972534
6147,40,141,782019,128,3.071690082550049,2.690720319747925,3.784702777862549,0.24995116889476776,0.000125,932.2067053318024
6148,40,142,782147,128,2.157534122467041,1.7646174430847168,3.901341438293457,0.278249591588974,0.000125,932.3442170619965
6149,40,143,782275,128,2.8219070434570312,2.3896422386169434,4.298229694366455,0.2441941797733307,0.000125,932.487019777298
6150,40,144,782403,128,2.833632230758667,2.420714855194092,4.104124546051025,0.2504825294017792,0.000125,932.6287961006165
6151,40,145,782531,128,2.7137842178344727,2.310213327407837,4.01062536239624,0.2508380711078644,0.000125,932.7714593410492
6152,40,146,782659,128,2.495098352432251,2.0663111209869385,4.255306243896484,0.3256443738937378,0.000125,932.9168570041656
6153,40,147,782787,128,2.51922345161438,2.117366075515747,3.992321491241455,0.2625255584716797,0.000125,933.3965094089508
6154,40,148,782915,128,2.472095012664795,2.055217742919922,4.142838478088379,0.2593535780906677,0.000125,933.5409891605377
6155,40,149,783043,128,3.3211238384246826,2.9129221439361572,4.059745788574219,0.22270610928535461,0.000125,933.6847977638245
6156,40,150,783171,128,2.6855409145355225,2.303682565689087,3.791358470916748,0.27223917841911316,0.000125,933.8275291919708
6157,40,151,783299,128,2.5729150772094727,2.1524739265441895,4.181007385253906,0.23402298986911774,0.000125,933.970511674881
6158,40,152,783427,128,3.2811150550842285,2.8847243785858154,3.9314935207366943,0.3241409361362457,0.000125,934.1122803688049
6159,40,153,783555,128,2.455711603164673,2.037595748901367,4.155867099761963,0.2529138922691345,0.000125,934.2560181617737
6160,40,154,783560,5,2.078096628189087,1.5783894062042236,4.955001354217529,0.42070823907852173,0.000125,934.3933072090149
6161,41,1,783688,128,2.6534605026245117,2.2417964935302734,4.088276386260986,0.2836533784866333,0.000125,935.9036204814911
6162,41,2,783816,128,2.9585180282592773,2.5652995109558105,3.9037158489227295,0.28469181060791016,0.000125,936.0414054393768
6163,41,3,783944,128,3.1293671131134033,2.727447986602783,3.984558582305908,0.3463160991668701,0.000125,936.184849023819
6164,41,4,784072,128,2.8252696990966797,2.4112014770507812,4.113203048706055,0.27479565143585205,0.000125,936.3266022205353
6165,41,5,784200,128,2.983370065689087,2.5783884525299072,4.022404193878174,0.27410420775413513,0.000125,936.4683837890625
6166,41,6,784328,128,2.7091500759124756,2.31820011138916,3.8837108612060547,0.2578919231891632,0.000125,936.6116924285889
6167,41,7,784456,128,2.341853141784668,1.9028469324111938,4.355597972869873,0.34462517499923706,0.000125,936.7549290657043
6168,41,8,784584,128,2.7035539150238037,2.292508125305176,4.075681209564209,0.3477488160133362,0.000125,936.8973398208618
6169,41,9,784712,128,2.6830806732177734,2.2716970443725586,4.085466384887695,0.28369462490081787,0.000125,937.0408515930176
6170,41,10,784840,128,2.7435572147369385,2.353296995162964,3.8714637756347656,0.31136325001716614,0.000125,937.1812646389008
6171,41,11,784968,128,2.309741735458374,1.882401943206787,4.245820045471191,0.2757696807384491,0.000125,937.3229613304138
6172,41,12,785096,128,2.3759756088256836,1.9877983331680298,3.855900287628174,0.2587290108203888,0.000125,937.4693379402161
6173,41,13,785224,128,2.4710094928741455,2.054077386856079,4.139011859893799,0.30310192704200745,0.000125,937.6133770942688
6174,41,14,785352,128,2.6191558837890625,2.2034032344818115,4.127335548400879,0.3019207715988159,0.000125,937.7562572956085
6175,41,15,785480,128,3.011080265045166,2.6133556365966797,3.949834108352661,0.274139404296875,0.000125,937.8986268043518
6176,41,16,785608,128,2.6593737602233887,2.2596893310546875,3.9715211391448975,0.2532283067703247,0.000125,938.0417966842651
6177,41,17,785736,128,2.320908546447754,1.909074306488037,4.088381290435791,0.29961761832237244,0.000125,938.1855101585388
6178,41,18,785864,128,2.344050645828247,1.9507625102996826,3.9056291580200195,0.27250319719314575,0.000125,938.3260397911072
6179,41,19,785992,128,2.254469394683838,1.841489315032959,4.10713529586792,0.22667033970355988,0.000125,938.4658529758453
6180,41,20,786120,128,2.718069553375244,2.2898812294006348,4.248451232910156,0.33430349826812744,0.000125,938.6032943725586
6181,41,21,786248,128,2.9293746948242188,2.5191729068756104,4.076139450073242,0.25877630710601807,0.000125,938.7437264919281
6182,41,22,786376,128,3.3345131874084473,2.941445827484131,3.9029600620269775,0.2771435081958771,0.000125,938.8835470676422
6183,41,23,786504,128,3.048163652420044,2.6302483081817627,4.153594493865967,0.25559139251708984,0.000125,939.0268774032593
6184,41,24,786632,128,2.158135414123535,1.7455294132232666,4.099230766296387,0.26828452944755554,0.000125,939.1704919338226
6185,41,25,786760,128,2.707040548324585,2.2823874950408936,4.21846342086792,0.2806684076786041,0.000125,939.3136162757874
6186,41,26,786888,128,2.2956409454345703,1.91547691822052,3.7765374183654785,0.2510260343551636,0.000125,939.4590167999268
6187,41,27,787016,128,2.1071324348449707,1.6926443576812744,4.121340751647949,0.2353876382112503,0.000125,939.6048274040222
6188,41,28,787144,128,2.2628774642944336,1.8927136659622192,3.67315411567688,0.2848488986492157,0.000125,939.7481024265289
6189,41,29,787272,128,2.849637746810913,2.441208600997925,4.0569586753845215,0.2733202576637268,0.000125,939.8923387527466
6190,41,30,787400,128,2.7741031646728516,2.370387315750122,4.008699417114258,0.28458935022354126,0.000125,940.0363852977753
6191,41,31,787528,128,3.3078653812408447,2.9271233081817627,3.77612042427063,0.31299877166748047,0.000125,940.1811490058899
6192,41,32,787656,128,2.686129570007324,2.2717089653015137,4.117659091949463,0.2654833495616913,0.000125,940.3238263130188
6193,41,33,787784,128,3.1898927688598633,2.777440309524536,4.089730262756348,0.3479430377483368,0.000125,940.4661891460419
6194,41,34,787912,128,2.284219980239868,1.9068506956100464,3.743931293487549,0.2976239025592804,0.000125,940.6098022460938
6195,41,35,788040,128,2.66131854057312,2.2541887760162354,4.038942337036133,0.32356131076812744,0.000125,940.7529802322388
6196,41,36,788168,128,2.6956472396850586,2.264962911605835,4.275411605834961,0.314303457736969,0.000125,940.8965859413147
6197,41,37,788296,128,3.4887804985046387,3.0707409381866455,4.14947509765625,0.309194415807724,0.000125,941.0409739017487
6198,41,38,788424,128,2.8354837894439697,2.429946184158325,4.029479503631592,0.2589799463748932,0.000125,941.184808254242
6199,41,39,788552,128,3.002685070037842,2.601044178009033,3.98880672454834,0.27600955963134766,0.000125,941.3250319957733
6200,41,40,788680,128,2.7845869064331055,2.376282215118408,4.05763053894043,0.25414472818374634,0.000125,941.4665212631226
6201,41,41,788808,128,3.138124942779541,2.7079358100891113,4.276101589202881,0.2578867971897125,0.000125,941.6090183258057
6202,41,42,788936,128,2.6958045959472656,2.2909650802612305,4.0229620933532715,0.25432783365249634,0.000125,941.7471477985382
6203,41,43,789064,128,2.66147780418396,2.2675490379333496,3.9119040966033936,0.2738161087036133,0.000125,941.8840522766113
6204,41,44,789192,128,2.5565242767333984,2.1250317096710205,4.286452770233154,0.28471145033836365,0.000125,942.0279648303986
6205,41,45,789320,128,3.1842010021209717,2.7804596424102783,4.009182453155518,0.28230875730514526,0.000125,942.1708602905273
6206,41,46,789448,128,2.020127058029175,1.5949547290802002,4.223788261413574,0.27935001254081726,0.000125,942.3098995685577
6207,41,47,789576,128,2.340324878692627,1.9375319480895996,4.002471923828125,0.2545897364616394,0.000125,942.4508261680603
6208,41,48,789704,128,2.9610111713409424,2.568878412246704,3.894019603729248,0.27308884263038635,0.000125,942.5916020870209
6209,41,49,789832,128,3.5025432109832764,3.0767996311187744,4.22749662399292,0.2993735074996948,0.000125,942.7333416938782
6210,41,50,789960,128,2.400749683380127,1.9952154159545898,4.029597759246826,0.25744688510894775,0.000125,942.8722763061523
6211,41,51,790088,128,3.0171756744384766,2.6178979873657227,3.96813702583313,0.2464122772216797,0.000125,943.0114448070526
6212,41,52,790216,128,2.0115249156951904,1.605611801147461,4.028744220733643,0.3038623631000519,0.000125,943.1541731357574
6213,41,53,790344,128,3.00348162651062,2.5871315002441406,4.1336350440979,0.29865971207618713,0.000125,943.2979130744934
6214,41,54,790472,128,3.016676187515259,2.6051974296569824,4.0860395431518555,0.2874833345413208,0.000125,943.4360775947571
6215,41,55,790600,128,3.2730839252471924,2.8690056800842285,4.012045860290527,0.28735601902008057,0.000125,943.576908826828
6216,41,56,790728,128,2.043083667755127,1.6503585577011108,3.8987104892730713,0.2854163348674774,0.000125,943.7161147594452
6217,41,57,790856,128,2.124945640563965,1.7448878288269043,3.77229642868042,0.28280025720596313,0.000125,943.8539235591888
6218,41,58,790984,128,2.800304651260376,2.3904199600219727,4.073182106018066,0.2566562592983246,0.000125,943.9920952320099
6219,41,59,791112,128,2.617062568664551,2.2263405323028564,3.8775126934051514,0.29707086086273193,0.000125,944.1315944194794
6220,41,60,791240,128,2.391737699508667,2.0064213275909424,3.828925132751465,0.24238784611225128,0.000125,944.2692260742188
6221,41,61,791368,128,2.3432278633117676,1.9372496604919434,4.0323920249938965,0.27389776706695557,0.000125,944.4114947319031
6222,41,62,791496,128,2.4310190677642822,2.00992488861084,4.179179668426514,0.31762969493865967,0.000125,944.5542981624603
6223,41,63,791624,128,3.171294689178467,2.773780345916748,3.9496071338653564,0.2553762197494507,0.000125,944.6979191303253
6224,41,64,791752,128,3.0680391788482666,2.6422770023345947,4.230851173400879,0.2677076756954193,0.000125,944.8418154716492
6225,41,65,791880,128,2.958033323287964,2.5492849349975586,4.057934284210205,0.2954842448234558,0.000125,944.9837334156036
6226,41,66,792008,128,2.532097578048706,2.1139726638793945,4.1512675285339355,0.2998168170452118,0.000125,945.1286842823029
6227,41,67,792136,128,2.6159067153930664,2.1837244033813477,4.297011852264404,0.24811801314353943,0.000125,945.2713551521301
6228,41,68,792264,128,2.2956042289733887,1.8939499855041504,3.987210512161255,0.2933203876018524,0.000125,945.4102711677551
6229,41,69,792392,128,2.7766494750976562,2.3822202682495117,3.917682647705078,0.26610350608825684,0.000125,945.5499124526978
6230,41,70,792520,128,2.821572780609131,2.422286033630371,3.962014675140381,0.30853068828582764,0.000125,945.6920363903046
6231,41,71,792648,128,3.0856685638427734,2.6742355823516846,4.0882568359375,0.2607443928718567,0.000125,945.8343284130096
6232,41,72,792776,128,2.7605671882629395,2.358267307281494,3.9927492141723633,0.30249980092048645,0.000125,945.9778578281403
6233,41,73,792904,128,2.828192710876465,2.442760944366455,3.8329238891601562,0.21393416821956635,0.000125,946.1218595504761
6234,41,74,793032,128,3.1604747772216797,2.7720675468444824,3.8581626415252686,0.25909823179244995,0.000125,946.2648701667786
6235,41,75,793160,128,3.4641942977905273,3.039613962173462,4.221043586730957,0.24759504199028015,0.000125,946.4215898513794
6236,41,76,793288,128,2.7215383052825928,2.3284730911254883,3.904165506362915,0.26485925912857056,0.000125,946.5676937103271
6237,41,77,793416,128,3.047712802886963,2.66072416305542,3.8438329696655273,0.2605370581150055,0.000125,946.7178483009338
6238,41,78,793544,128,2.973017454147339,2.586775302886963,3.8319079875946045,0.3051372468471527,0.000125,946.860814332962
6239,41,79,793672,128,2.512573003768921,2.1207172870635986,3.8936047554016113,0.24951854348182678,0.000125,946.9996008872986
6240,41,80,793800,128,2.8591220378875732,2.42543888092041,4.313130855560303,0.23700368404388428,0.000125,947.1449589729309
6241,41,81,793928,128,3.471177816390991,3.0699901580810547,3.9897661209106445,0.22111088037490845,0.000125,947.2849593162537
6242,41,82,794056,128,2.1576671600341797,1.7659544944763184,3.890925884246826,0.26199570298194885,0.000125,947.4285786151886
6243,41,83,794184,128,2.6710476875305176,2.274301767349243,3.942495107650757,0.24964141845703125,0.000125,947.5735170841217
6244,41,84,794312,128,3.3998520374298096,2.9801504611968994,4.169212341308594,0.2780376672744751,0.000125,947.7149255275726
6245,41,85,794440,128,3.2776951789855957,2.877080202102661,3.97874116897583,0.2740815579891205,0.000125,947.854031085968
6246,41,86,794568,128,2.76298451423645,2.3600614070892334,4.005277633666992,0.23953910171985626,0.000125,947.9947228431702
6247,41,87,794696,128,2.5276436805725098,2.1162843704223633,4.089648246765137,0.23943501710891724,0.000125,948.1398332118988
6248,41,88,794824,128,3.2805211544036865,2.8638460636138916,4.139362812042236,0.2738609313964844,0.000125,948.2818298339844
6249,41,89,794952,128,2.270141124725342,1.8652856349945068,4.021994113922119,0.2655946612358093,0.000125,948.4254179000854
6250,41,90,795080,128,2.1960391998291016,1.809144139289856,3.844332218170166,0.24619382619857788,0.000125,948.570161819458
6251,41,91,795208,128,3.0861904621124268,2.677666425704956,4.053291320800781,0.3194780647754669,0.000125,948.7134804725647
6252,41,92,795336,128,2.3611998558044434,1.974115252494812,3.8408894538879395,0.2995789349079132,0.000125,948.8565859794617
6253,41,93,795464,128,3.04215407371521,2.6307337284088135,4.084319114685059,0.2988264858722687,0.000125,948.9989278316498
6254,41,94,795592,128,2.435966730117798,2.0407352447509766,3.9242663383483887,0.2804754376411438,0.000125,949.145886182785
6255,41,95,795720,128,1.9876827001571655,1.621288776397705,3.6414709091186523,0.22468207776546478,0.000125,949.2904376983643
6256,41,96,795848,128,2.294813394546509,1.8940562009811401,3.980961561203003,0.26610448956489563,0.000125,949.4350612163544
6257,41,97,795976,128,2.1581223011016846,1.7652029991149902,3.9013547897338867,0.27838432788848877,0.000125,949.5789065361023
6258,41,98,796104,128,2.4168665409088135,2.005186080932617,4.087292671203613,0.29511818289756775,0.000125,949.7213797569275
6259,41,99,796232,128,2.3214800357818604,1.9026495218276978,4.159113883972168,0.29193153977394104,0.000125,949.8643712997437
6260,41,100,796360,128,3.1110055446624756,2.6926252841949463,4.158559799194336,0.2524492144584656,0.000125,950.0064680576324
6261,41,101,796488,128,2.486402988433838,2.0574231147766113,4.263954162597656,0.25845471024513245,0.000125,950.1483981609344
6262,41,102,796616,128,2.794898509979248,2.391472339630127,4.00759220123291,0.2667040228843689,0.000125,950.2884874343872
6263,41,103,796744,128,2.7927165031433105,2.397822856903076,3.9221415519714355,0.26795288920402527,0.000125,950.4285407066345
6264,41,104,796872,128,2.3309648036956787,1.9366294145584106,3.917426586151123,0.2592763602733612,0.000125,950.5734572410583
6265,41,105,797000,128,3.2754554748535156,2.8474318981170654,4.252864360809326,0.27369531989097595,0.000125,950.7169933319092
6266,41,106,797128,128,2.657839059829712,2.2670154571533203,3.878903388977051,0.293335497379303,0.000125,950.8599972724915
6267,41,107,797256,128,2.8946175575256348,2.5034992694854736,3.884044647216797,0.2714006304740906,0.000125,951.0021796226501
6268,41,108,797384,128,2.2743473052978516,1.8594919443130493,4.124468803405762,0.24084420502185822,0.000125,951.1462652683258
6269,41,109,797512,128,2.4230692386627197,2.0053322315216064,4.1529951095581055,0.24376671016216278,0.000125,951.3041000366211
6270,41,110,797640,128,2.786308765411377,2.3529131412506104,4.299344539642334,0.3461207151412964,0.000125,951.4474737644196
6271,41,111,797768,128,2.4010472297668457,1.9888584613800049,4.094887733459473,0.27000972628593445,0.000125,951.5912971496582
6272,41,112,797896,128,2.8340647220611572,2.4186110496520996,4.117851257324219,0.36684921383857727,0.000125,951.7324981689453
6273,41,113,798024,128,2.5175180435180664,2.1356701850891113,3.7916741371154785,0.2680654227733612,0.000125,951.8741157054901
6274,41,114,798152,128,2.06695818901062,1.6599661111831665,4.041110038757324,0.2881099581718445,0.000125,952.0205178260803
6275,41,115,798280,128,3.661092519760132,3.24688720703125,4.114776134490967,0.27278366684913635,0.000125,952.1619067192078
6276,41,116,798408,128,2.5461158752441406,2.150545835494995,3.924086332321167,0.31614184379577637,0.000125,952.3028831481934
6277,41,117,798536,128,3.631875514984131,3.2260568141937256,4.023218154907227,0.3496845066547394,0.000125,952.4449827671051
6278,41,118,798664,128,3.1731207370758057,2.7686190605163574,4.015956878662109,0.29060670733451843,0.000125,952.5883734226227
6279,41,119,798792,128,3.455112934112549,3.043057441711426,4.086885929107666,0.3367006480693817,0.000125,952.7309129238129
6280,41,120,798920,128,2.661360740661621,2.2787513732910156,3.797260046005249,0.2883400619029999,0.000125,952.8737998008728
6281,41,121,799048,128,3.0225586891174316,2.600104570388794,4.194847106933594,0.29694220423698425,0.000125,953.016340970993
6282,41,122,799176,128,3.1687393188476562,2.754795789718628,4.1137590408325195,0.25674885511398315,0.000125,953.1600389480591
6283,41,123,799304,128,2.1000120639801025,1.679348349571228,4.177685260772705,0.28952255845069885,0.000125,953.3033254146576
6284,41,124,799432,128,2.3429253101348877,1.9462674856185913,3.942147970199585,0.24431593716144562,0.000125,953.4493162631989
6285,41,125,799560,128,2.4681196212768555,2.0581111907958984,4.073187351226807,0.26895222067832947,0.000125,953.591320514679
6286,41,126,799688,128,2.6378211975097656,2.210683584213257,4.242321491241455,0.29052838683128357,0.000125,953.734733581543
6287,41,127,799816,128,2.8183822631835938,2.4150493144989014,4.003482341766357,0.2984691858291626,0.000125,953.8793530464172
6288,41,128,799944,128,2.605191946029663,2.2033138275146484,3.9948253631591797,0.2395668774843216,0.000125,954.0223605632782
6289,41,129,800072,128,2.693770170211792,2.278122901916504,4.126709938049316,0.2976210117340088,0.000125,954.1657807826996
6290,41,130,800200,128,2.7130300998687744,2.2961065769195557,4.142571449279785,0.26664459705352783,0.000125,954.3068425655365
6291,41,131,800328,128,2.886221408843994,2.4570224285125732,4.261770248413086,0.30220654606819153,0.000125,954.4476628303528
6292,41,132,800456,128,2.7989611625671387,2.38203501701355,4.142152786254883,0.271072655916214,0.000125,954.5893838405609
6293,41,133,800584,128,2.7784600257873535,2.3439862728118896,4.313080787658691,0.31656208634376526,0.000125,954.733179807663
6294,41,134,800712,128,2.4159252643585205,2.0121922492980957,4.01027774810791,0.2705383896827698,0.000125,954.8762493133545
6295,41,135,800840,128,2.5393922328948975,2.141545534133911,3.950916290283203,0.2755119800567627,0.000125,955.0197548866272
6296,41,136,800968,128,2.6706554889678955,2.2736825942993164,3.943636417388916,0.2609356939792633,0.000125,955.1605441570282
6297,41,137,801096,128,2.829963207244873,2.41050386428833,4.1643571853637695,0.3023616671562195,0.000125,955.3028717041016
6298,41,138,801224,128,2.0653674602508545,1.6752972602844238,3.869131326675415,0.31572434306144714,0.000125,955.4455389976501
6299,41,139,801352,128,3.164191246032715,2.742295503616333,4.187193393707275,0.3176358640193939,0.000125,955.5897326469421
6300,41,140,801480,128,2.6813247203826904,2.260684013366699,4.179717540740967,0.26688724756240845,0.000125,955.7304356098175
6301,41,141,801608,128,2.8860411643981934,2.4755115509033203,4.076110363006592,0.2918510437011719,0.000125,955.8713145256042
6302,41,142,801736,128,2.3453502655029297,1.9492113590240479,3.9354019165039062,0.25987720489501953,0.000125,956.0115611553192
6303,41,143,801864,128,2.480529308319092,2.031013250350952,4.464236259460449,0.30925890803337097,0.000125,956.1516618728638
6304,41,144,801992,128,2.0112991333007812,1.6061880588531494,4.019827842712402,0.31283873319625854,0.000125,956.2962532043457
6305,41,145,802120,128,3.040682554244995,2.634810447692871,4.03285026550293,0.2587020993232727,0.000125,956.439733505249
6306,41,146,802248,128,2.8678090572357178,2.4437084197998047,4.21104097366333,0.2996516525745392,0.000125,956.5837969779968
6307,41,147,802376,128,2.6263980865478516,2.217592477798462,4.061461925506592,0.26593324542045593,0.000125,956.7274458408356
6308,41,148,802504,128,2.387603521347046,1.9764918088912964,4.079926013946533,0.3119243383407593,0.000125,956.8705625534058
6309,41,149,802632,128,2.9236724376678467,2.5253632068634033,3.9524834156036377,0.3060748279094696,0.000125,957.0140912532806
6310,41,150,802760,128,2.4610955715179443,2.0506248474121094,4.075311660766602,0.2939452528953552,0.000125,957.1593842506409
6311,41,151,802888,128,2.581256151199341,2.171846389770508,4.06686544418335,0.27231380343437195,0.000125,957.3012647628784
6312,41,152,803016,128,2.489400863647461,2.106632947921753,3.8040924072265625,0.2358567714691162,0.000125,957.4447672367096
6313,41,153,803144,128,2.4248507022857666,2.014108657836914,4.080987930297852,0.2643428444862366,0.000125,957.5890653133392
6314,41,154,803149,5,1.6626468896865845,1.2884501218795776,3.7291581630706787,0.12809033691883087,0.000125,957.7246220111847
6315,42,1,803277,128,3.163778781890869,2.768401622772217,3.9239697456359863,0.29801681637763977,0.000125,959.25328540802
6316,42,2,803405,128,2.537975311279297,2.1392173767089844,3.963839530944824,0.23739345371723175,0.000125,959.3940777778625
6317,42,3,803533,128,2.089435338973999,1.67882239818573,4.080752849578857,0.25377699732780457,0.000125,959.5384302139282
6318,42,4,803661,128,3.1832191944122314,2.7674214839935303,4.123908042907715,0.34069448709487915,0.000125,959.6795117855072
6319,42,5,803789,128,2.0536279678344727,1.6560380458831787,3.9494218826293945,0.26475414633750916,0.000125,959.8195366859436
6320,42,6,803917,128,2.7306463718414307,2.329725980758667,3.98123836517334,0.2796618342399597,0.000125,959.9618761539459
6321,42,7,804045,128,2.713552474975586,2.3040685653686523,4.0686540603637695,0.2618531286716461,0.000125,960.1055388450623
6322,42,8,804173,128,2.707240581512451,2.3019754886627197,4.021291255950928,0.31359636783599854,0.000125,960.2461452484131
6323,42,9,804301,128,2.2405455112457275,1.826453685760498,4.111136436462402,0.29781797528266907,0.000125,960.387781381607
6324,42,10,804429,128,2.9036800861358643,2.497433662414551,4.032353401184082,0.3011067807674408,0.000125,960.529064655304
6325,42,11,804557,128,2.8434362411499023,2.4279682636260986,4.125067234039307,0.2961067259311676,0.000125,960.6723299026489
6326,42,12,804685,128,2.721390724182129,2.292142152786255,4.2626142501831055,0.2987203598022461,0.000125,960.8143274784088
6327,42,13,804813,128,2.3222384452819824,1.9359478950500488,3.8371222019195557,0.25782641768455505,0.000125,960.9568681716919
6328,42,14,804941,128,3.3455536365509033,2.9554553031921387,3.87534236907959,0.25641489028930664,0.000125,961.0976994037628
6329,42,15,805069,128,2.7920126914978027,2.407763957977295,3.818586587905884,0.239018052816391,0.000125,961.2379207611084
6330,42,16,805197,128,2.6526057720184326,2.2548797130584717,3.9516520500183105,0.25608551502227783,0.000125,961.3777604103088
6331,42,17,805325,128,2.5765676498413086,2.1613399982452393,4.127185821533203,0.25090551376342773,0.000125,961.5193839073181
6332,42,18,805453,128,2.510364294052124,2.1162946224212646,3.912198305130005,0.28498250246047974,0.000125,961.6600131988525
6333,42,19,805581,128,2.732145309448242,2.325967788696289,4.035987377166748,0.2578621506690979,0.000125,961.8003885746002
6334,42,20,805709,128,2.7363638877868652,2.3169968128204346,4.168313026428223,0.25357213616371155,0.000125,961.9420819282532
6335,42,21,805837,128,2.294617176055908,1.8505054712295532,4.410092353820801,0.310259073972702,0.000125,962.0836665630341
6336,42,22,805965,128,2.63368558883667,2.210092306137085,4.209632873535156,0.2630085051059723,0.000125,962.2251031398773
6337,42,23,806093,128,3.3720929622650146,2.9649434089660645,4.046908855438232,0.24586011469364166,0.000125,962.3684248924255
6338,42,24,806221,128,2.714380979537964,2.295355796813965,4.1598358154296875,0.30413883924484253,0.000125,962.5113141536713
6339,42,25,806349,128,2.438046932220459,2.030205249786377,4.051023006439209,0.2739417254924774,0.000125,962.6546766757965
6340,42,26,806477,128,2.7092702388763428,2.307342290878296,3.9900472164154053,0.2923166751861572,0.000125,962.7966039180756
6341,42,27,806605,128,2.1956541538238525,1.791010856628418,4.02219295501709,0.24240735173225403,0.000125,962.9408936500549
6342,42,28,806733,128,2.979959487915039,2.5656914710998535,4.116969108581543,0.2571110725402832,0.000125,963.0974414348602
6343,42,29,806861,128,2.7570834159851074,2.3399085998535156,4.141119956970215,0.30627933144569397,0.000125,963.2400925159454
6344,42,30,806989,128,2.5945682525634766,2.1930043697357178,3.986145496368408,0.29492586851119995,0.000125,963.3832511901855
6345,42,31,807117,128,2.7310667037963867,2.308499574661255,4.194066524505615,0.316046804189682,0.000125,963.5255327224731
6346,42,32,807245,128,2.3467953205108643,1.9429324865341187,4.011416435241699,0.27211862802505493,0.000125,963.6707344055176
6347,42,33,807373,128,2.8906290531158447,2.4648423194885254,4.2288312911987305,0.29037508368492126,0.000125,963.812192440033
6348,42,34,807501,128,3.2977044582366943,2.910766839981079,3.8392250537872314,0.3014969527721405,0.000125,963.9538671970367
6349,42,35,807629,128,2.3924975395202637,1.9862254858016968,4.035920143127441,0.26800256967544556,0.000125,964.0968992710114
6350,42,36,807757,128,2.8953607082366943,2.4662294387817383,4.259497165679932,0.3181374967098236,0.000125,964.2386047840118
6351,42,37,807885,128,2.8778176307678223,2.4700863361358643,4.0464630126953125,0.3084889054298401,0.000125,964.3805480003357
6352,42,38,808013,128,2.5757224559783936,2.163379669189453,4.095912456512451,0.275154709815979,0.000125,964.5225279331207
6353,42,39,808141,128,2.2018096446990967,1.8091813325881958,3.8957879543304443,0.3049604594707489,0.000125,964.6654970645905
6354,42,40,808269,128,2.7236928939819336,2.3195278644561768,4.011963844299316,0.2968631982803345,0.000125,964.8117625713348
6355,42,41,808397,128,2.6680572032928467,2.281219005584717,3.8390567302703857,0.29325124621391296,0.000125,964.9527494907379
6356,42,42,808525,128,2.922457695007324,2.5065829753875732,4.129367351531982,0.293800950050354,0.000125,965.0945680141449
6357,42,43,808653,128,2.7184770107269287,2.312441825866699,4.03636360168457,0.23987330496311188,0.000125,965.2358887195587
6358,42,44,808781,128,2.4568727016448975,2.0557680130004883,3.9806339740753174,0.3041315972805023,0.000125,965.3769588470459
6359,42,45,808909,128,3.3679285049438477,2.967377185821533,3.975728750228882,0.2978212833404541,0.000125,965.5186223983765
6360,42,46,809037,128,2.5734059810638428,2.16532039642334,4.054568767547607,0.26287850737571716,0.000125,965.661857843399
6361,42,47,809165,128,2.2212512493133545,1.817356824874878,4.010881423950195,0.28061339259147644,0.000125,965.8032808303833
6362,42,48,809293,128,2.2522408962249756,1.8651626110076904,3.845623016357422,0.2515919506549835,0.000125,965.9462783336639
6363,42,49,809421,128,2.8401272296905518,2.4541616439819336,3.827767848968506,0.31889650225639343,0.000125,966.089476108551
6364,42,50,809549,128,2.914794683456421,2.5056350231170654,4.062571048736572,0.2902581989765167,0.000125,966.2313814163208
6365,42,51,809677,128,2.548452615737915,2.166419506072998,3.793585777282715,0.2674575448036194,0.000125,966.3728227615356
6366,42,52,809805,128,3.3063738346099854,2.916414737701416,3.876568555831909,0.23021216690540314,0.000125,966.5159175395966
6367,42,53,809933,128,3.2531001567840576,2.848477602005005,4.021072864532471,0.2515246272087097,0.000125,966.6582255363464
6368,42,54,810061,128,2.3760673999786377,1.9671578407287598,4.056562900543213,0.325321227312088,0.000125,966.8002424240112
6369,42,55,810189,128,2.7162907123565674,2.3010382652282715,4.122364044189453,0.30160731077194214,0.000125,966.9409699440002
6370,42,56,810317,128,2.6658103466033936,2.2604408264160156,4.0255126953125,0.2818276584148407,0.000125,967.0846107006073
6371,42,57,810445,128,2.8387298583984375,2.4309980869293213,4.052257061004639,0.2506132125854492,0.000125,967.2267806529999
6372,42,58,810573,128,2.542461395263672,2.1240434646606445,4.161384582519531,0.22794845700263977,0.000125,967.3676853179932
6373,42,59,810701,128,2.266711711883545,1.857329249382019,4.068161487579346,0.25664225220680237,0.000125,967.8432056903839
6374,42,60,810829,128,3.0398030281066895,2.638021230697632,3.992053747177124,0.25764167308807373,0.000125,967.9860835075378
6375,42,61,810957,128,3.019387722015381,2.627509832382202,3.897068738937378,0.21709312498569489,0.000125,968.1334660053253
6376,42,62,811085,128,2.5148613452911377,2.106372594833374,4.05813455581665,0.26753902435302734,0.000125,968.2783081531525
6377,42,63,811213,128,2.554611921310425,2.161780834197998,3.901167631149292,0.27144163846969604,0.000125,968.4192597866058
6378,42,64,811341,128,2.56050443649292,2.1569902896881104,4.0089030265808105,0.26237738132476807,0.000125,968.5624194145203
6379,42,65,811469,128,3.327693223953247,2.910160541534424,4.145498752593994,0.2982933819293976,0.000125,968.7060983181
6380,42,66,811597,128,2.8653922080993652,2.4591598510742188,4.033920764923096,0.28403913974761963,0.000125,968.8491332530975
6381,42,67,811725,128,2.7694883346557617,2.349215507507324,4.174205303192139,0.2852213680744171,0.000125,968.9967277050018
6382,42,68,811853,128,2.8112709522247314,2.4027931690216064,4.05360221862793,0.3117627203464508,0.000125,969.1497519016266
6383,42,69,811981,128,2.52079176902771,2.123508930206299,3.9421567916870117,0.30673128366470337,0.000125,969.2901484966278
6384,42,70,812109,128,2.2904765605926514,1.9086410999298096,3.7953789234161377,0.2297677993774414,0.000125,969.4310240745544
6385,42,71,812237,128,2.194976568222046,1.7824311256408691,4.095444202423096,0.3001035451889038,0.000125,969.5719316005707
6386,42,72,812365,128,2.3253185749053955,1.9280611276626587,3.941359758377075,0.3121283948421478,0.000125,969.7138233184814
6387,42,73,812493,128,2.6010513305664062,2.174222230911255,4.241385459899902,0.26906701922416687,0.000125,969.8549616336823
6388,42,74,812621,128,2.712428092956543,2.2999956607818604,4.094520568847656,0.29803821444511414,0.000125,970.0094766616821
6389,42,75,812749,128,2.178318977355957,1.7687287330627441,4.065988063812256,0.29914501309394836,0.000125,970.1566100120544
6390,42,76,812877,128,2.171286106109619,1.7574299573898315,4.1055097579956055,0.3305123746395111,0.000125,970.2983360290527
6391,42,77,813005,128,2.021725654602051,1.6249727010726929,3.9383349418640137,0.2919410467147827,0.000125,970.4380996227264
6392,42,78,813133,128,2.558007001876831,2.138728141784668,4.158292770385742,0.34496328234672546,0.000125,970.5800125598907
6393,42,79,813261,128,2.2786343097686768,1.8652901649475098,4.103203773498535,0.30238983035087585,0.000125,970.7219390869141
6394,42,80,813389,128,2.954036235809326,2.550692319869995,4.000044345855713,0.3339601159095764,0.000125,970.8622045516968
6395,42,81,813517,128,2.833852529525757,2.4283223152160645,4.0262370109558105,0.2906562387943268,0.000125,971.00443983078
6396,42,82,813645,128,2.9971156120300293,2.571690082550049,4.2236328125,0.30623602867126465,0.000125,971.1499409675598
6397,42,83,813773,128,2.891892433166504,2.4814207553863525,4.067082405090332,0.3763448894023895,0.000125,971.2912101745605
6398,42,84,813901,128,2.248389959335327,1.8737951517105103,3.71805477142334,0.27893099188804626,0.000125,971.4340400695801
6399,42,85,814029,128,2.496598958969116,2.0976579189300537,3.9601829051971436,0.2922774851322174,0.000125,971.5764377117157
6400,42,86,814157,128,2.506862163543701,2.101134777069092,4.026703834533691,0.3057098686695099,0.000125,971.7196850776672
6401,42,87,814285,128,2.474412441253662,2.071890354156494,3.999913215637207,0.25307294726371765,0.000125,971.8647930622101
6402,42,88,814413,128,2.539107084274292,2.1247751712799072,4.112992763519287,0.3032688498497009,0.000125,972.0076515674591
6403,42,89,814541,128,3.413409471511841,2.978966236114502,4.316781997680664,0.2764850854873657,0.000125,972.1496601104736
6404,42,90,814669,128,2.624681234359741,2.2086052894592285,4.135361671447754,0.253976047039032,0.000125,972.290807723999
6405,42,91,814797,128,2.6359400749206543,2.21917724609375,4.140594005584717,0.270354688167572,0.000125,972.4365606307983
6406,42,92,814925,128,3.1343111991882324,2.728109121322632,4.0368781089782715,0.251445472240448,0.000125,972.5802645683289
6407,42,93,815053,128,3.6854496002197266,3.252791166305542,4.302882194519043,0.2370009571313858,0.000125,972.726902961731
6408,42,94,815181,128,2.330512046813965,1.9037028551101685,4.243157386779785,0.2493492066860199,0.000125,972.8718173503876
6409,42,95,815309,128,2.3733325004577637,1.9694865942001343,4.010108947753906,0.2834946811199188,0.000125,973.0156290531158
6410,42,96,815437,128,2.8316080570220947,2.4229378700256348,4.057297706604004,0.294032484292984,0.000125,973.1615991592407
6411,42,97,815565,128,2.38706374168396,1.9620510339736938,4.219757080078125,0.3037063181400299,0.000125,973.3053913116455
6412,42,98,815693,128,2.6484172344207764,2.2210745811462402,4.2416300773620605,0.31795448064804077,0.000125,973.4485595226288
6413,42,99,815821,128,2.6183900833129883,2.1852939128875732,4.297309398651123,0.3365357518196106,0.000125,973.5924792289734
6414,42,100,815949,128,2.439668893814087,2.0338735580444336,4.0264997482299805,0.3145381808280945,0.000125,973.7349729537964
6415,42,101,816077,128,1.8254858255386353,1.4153913259506226,4.0714521408081055,0.2949264645576477,0.000125,973.8777356147766
6416,42,102,816205,128,2.7706408500671387,2.3563761711120605,4.11469030380249,0.27956196665763855,0.000125,974.0168766975403
6417,42,103,816333,128,2.90000581741333,2.512178897857666,3.84679913520813,0.3147169053554535,0.000125,974.1611802577972
6418,42,104,816461,128,3.098480463027954,2.696695327758789,3.9865217208862305,0.3133081793785095,0.000125,974.3044698238373
6419,42,105,816589,128,2.6564393043518066,2.268256187438965,3.8581457138061523,0.23684103786945343,0.000125,974.4483301639557
6420,42,106,816717,128,1.9219987392425537,1.524436354637146,3.9431920051574707,0.3243224620819092,0.000125,974.596873998642
6421,42,107,816845,128,2.9857707023620605,2.5608649253845215,4.219630718231201,0.29428258538246155,0.000125,974.740067243576
6422,42,108,816973,128,2.907061815261841,2.4981868267059326,4.0612101554870605,0.2754080593585968,0.000125,974.882481098175
6423,42,109,817101,128,2.558197021484375,2.1501317024230957,4.052787780761719,0.2786710560321808,0.000125,975.0253040790558
6424,42,110,817229,128,2.6581361293792725,2.2641682624816895,3.9116337299346924,0.2804535925388336,0.000125,975.1726150512695
6425,42,111,817357,128,3.2173962593078613,2.8334896564483643,3.810030698776245,0.2903396785259247,0.000125,975.3143801689148
6426,42,112,817485,128,2.6109981536865234,2.2171754837036133,3.91196870803833,0.2625696361064911,0.000125,975.4540617465973
6427,42,113,817613,128,3.218378782272339,2.805314302444458,4.104468822479248,0.26177093386650085,0.000125,975.5969586372375
6428,42,114,817741,128,2.9693613052368164,2.536445140838623,4.301830768585205,0.2732897996902466,0.000125,975.737015247345
6429,42,115,817869,128,2.2241783142089844,1.8088973760604858,4.125504493713379,0.27303171157836914,0.000125,975.8739717006683
6430,42,116,817997,128,2.4834539890289307,2.050447463989258,4.3009867668151855,0.2907707393169403,0.000125,976.0168619155884
6431,42,117,818125,128,2.1476378440856934,1.7562226057052612,3.886136054992676,0.2801598310470581,0.000125,976.1602396965027
6432,42,118,818253,128,2.212282180786133,1.8124605417251587,3.972635507583618,0.2558102309703827,0.000125,976.3020799160004
6433,42,119,818381,128,2.7526326179504395,2.3640527725219727,3.858146905899048,0.27651554346084595,0.000125,976.4457626342773
6434,42,120,818509,128,2.0763025283813477,1.6593034267425537,4.1408305168151855,0.2916179895401001,0.000125,976.5857672691345
6435,42,121,818637,128,2.521372079849243,2.1141440868377686,4.047889232635498,0.24390871822834015,0.000125,976.725729227066
6436,42,122,818765,128,2.6026782989501953,2.208305835723877,3.9212958812713623,0.2242719531059265,0.000125,976.8623678684235
6437,42,123,818893,128,3.4480836391448975,3.0385560989379883,4.068291187286377,0.2698536813259125,0.000125,976.9999892711639
6438,42,124,819021,128,2.482557535171509,2.077166795730591,4.024464130401611,0.2944115698337555,0.000125,977.1422562599182
6439,42,125,819149,128,3.9784321784973145,3.5809428691864014,3.9501147270202637,0.2477819323539734,0.000125,977.2847113609314
6440,42,126,819277,128,2.907388925552368,2.5270721912384033,3.7783362865448,0.24831713736057281,0.000125,977.4224286079407
6441,42,127,819405,128,2.2833051681518555,1.8787763118743896,4.016824245452881,0.28463640809059143,0.000125,977.566070318222
6442,42,128,819533,128,3.6484780311584473,3.243523359298706,4.024435520172119,0.2510943114757538,0.000125,977.7088437080383
6443,42,129,819661,128,3.202712297439575,2.8221254348754883,3.781982898712158,0.2388528436422348,0.000125,977.8514273166656
6444,42,130,819789,128,2.276869058609009,1.8952924013137817,3.7940168380737305,0.21751761436462402,0.000125,977.9934351444244
6445,42,131,819917,128,2.681104898452759,2.2742059230804443,4.04111385345459,0.2787701487541199,0.000125,978.1348121166229
6446,42,132,820045,128,2.920093297958374,2.5179855823516846,3.9915759563446045,0.2950296401977539,0.000125,978.2749397754669
6447,42,133,820173,128,2.5258638858795166,2.11851167678833,4.045351028442383,0.2817246615886688,0.000125,978.4150149822235
6448,42,134,820301,128,2.1298940181732178,1.7194859981536865,4.07461404800415,0.29465585947036743,0.000125,978.5585548877716
6449,42,135,820429,128,2.703286647796631,2.3029446601867676,3.97240948677063,0.31011784076690674,0.000125,978.7010660171509
6450,42,136,820557,128,3.725794553756714,3.289699077606201,4.336912631988525,0.2404206395149231,0.000125,978.8429942131042
6451,42,137,820685,128,2.537785053253174,2.134726047515869,4.005161762237549,0.2542615532875061,0.000125,978.9814908504486
6452,42,138,820813,128,3.227492094039917,2.8296284675598145,3.9520764350891113,0.26559343934059143,0.000125,979.1279199123383
6453,42,139,820941,128,2.6283249855041504,2.2094502449035645,4.159238338470459,0.2950885593891144,0.000125,979.2716565132141
6454,42,140,821069,128,2.411116600036621,1.995128870010376,4.130283355712891,0.29595229029655457,0.000125,979.4139399528503
6455,42,141,821197,128,3.0791964530944824,2.6861965656280518,3.9020376205444336,0.2796151638031006,0.000125,979.5577359199524
6456,42,142,821325,128,2.8249194622039795,2.4050872325897217,4.166792392730713,0.31532004475593567,0.000125,979.6990094184875
6457,42,143,821453,128,3.4887337684631348,3.042830467224121,4.432227611541748,0.268061101436615,0.000125,979.8389172554016
6458,42,144,821581,128,2.1057255268096924,1.7058870792388916,3.9680755138397217,0.3030965030193329,0.000125,979.9785273075104
6459,42,145,821709,128,2.7593982219696045,2.345475912094116,4.1119184494018555,0.2730425298213959,0.000125,980.1202013492584
6460,42,146,821837,128,2.6167049407958984,2.203361988067627,4.1032514572143555,0.3017955720424652,0.000125,980.2622711658478
6461,42,147,821965,128,2.52138090133667,2.080049991607666,4.381826400756836,0.31482505798339844,0.000125,980.4040396213531
6462,42,148,822093,128,2.1293320655822754,1.7093931436538696,4.172946453094482,0.2644292116165161,0.000125,980.5469679832458
6463,42,149,822221,128,2.604254961013794,2.205418109893799,3.964183807373047,0.24184861779212952,0.000125,980.6900300979614
6464,42,150,822349,128,2.949484348297119,2.539490222930908,4.070027828216553,0.29915422201156616,0.000125,980.8320717811584
6465,42,151,822477,128,2.245421886444092,1.8352065086364746,4.07383918762207,0.28313493728637695,0.000125,980.9743103981018
6466,42,152,822605,128,3.1964762210845947,2.7783024311065674,4.146188735961914,0.35549110174179077,0.000125,981.117514371872
6467,42,153,822733,128,2.292797327041626,1.8996708393096924,3.905585765838623,0.2568029463291168,0.000125,981.2603714466095
6468,42,154,822738,5,5.39961576461792,4.919511318206787,4.764493465423584,0.3655175566673279,0.000125,981.3962569236755
6469,43,1,822866,128,1.9766327142715454,1.586479902267456,3.8749992847442627,0.2652939558029175,0.000125,982.9265310764313
6470,43,2,822994,128,3.1707139015197754,2.762420654296875,4.057297229766846,0.2563377618789673,0.000125,983.0689558982849
6471,43,3,823122,128,2.561178684234619,2.162050485610962,3.968514919281006,0.22767066955566406,0.000125,983.214465379715
6472,43,4,823250,128,2.250213861465454,1.8474912643432617,3.9984233379364014,0.2880396842956543,0.000125,983.3561999797821
6473,43,5,823378,128,2.466824769973755,2.08882212638855,3.7529430389404297,0.270837664604187,0.000125,983.497834444046
6474,43,6,823506,128,2.7960097789764404,2.393127918243408,4.001478672027588,0.27340447902679443,0.000125,983.6450340747833
6475,43,7,823634,128,1.9292913675308228,1.5528740882873535,3.7435309886932373,0.20641246438026428,0.000125,983.7902915477753
6476,43,8,823762,128,2.941061019897461,2.5343880653381348,4.03557825088501,0.31152042746543884,0.000125,983.9330937862396
6477,43,9,823890,128,2.1187541484832764,1.7109949588775635,4.04857063293457,0.2902103662490845,0.000125,984.0794193744659
6478,43,10,824018,128,2.6157302856445312,2.2205111980438232,3.9268798828125,0.25310343503952026,0.000125,984.2233128547668
6479,43,11,824146,128,2.7161154747009277,2.299429416656494,4.137818336486816,0.29041987657546997,0.000125,984.3669276237488
6480,43,12,824274,128,2.470121383666992,2.0500833988189697,4.173398017883301,0.26982298493385315,0.000125,984.5123443603516
6481,43,13,824402,128,2.82559871673584,2.4112467765808105,4.114813327789307,0.2870452404022217,0.000125,984.6557137966156
6482,43,14,824530,128,2.0531716346740723,1.6490893363952637,4.013855457305908,0.26966890692710876,0.000125,984.8004007339478
6483,43,15,824658,128,2.37420916557312,1.9627927541732788,4.087177276611328,0.26986420154571533,0.000125,984.9434351921082
6484,43,16,824786,128,2.55100679397583,2.141702651977539,4.064492702484131,0.2854838967323303,0.000125,985.0873937606812
6485,43,17,824914,128,2.8571815490722656,2.451519012451172,4.028216361999512,0.28409984707832336,0.000125,985.2332849502563
6486,43,18,825042,128,2.035748243331909,1.6115119457244873,4.2092084884643555,0.3315477967262268,0.000125,985.3760266304016
6487,43,19,825170,128,3.079281806945801,2.6546642780303955,4.215104103088379,0.31071737408638,0.000125,985.5183053016663
6488,43,20,825298,128,3.0416481494903564,2.6223599910736084,4.16182279586792,0.3105981647968292,0.000125,985.6610469818115
6489,43,21,825426,128,3.434941291809082,3.0220260620117188,4.099345684051514,0.2980731129646301,0.000125,985.8039388656616
6490,43,22,825554,128,2.2245802879333496,1.8107248544692993,4.1134467124938965,0.2510841190814972,0.000125,985.9454672336578
6491,43,23,825682,128,2.151902437210083,1.743201494216919,4.0606255531311035,0.2638331651687622,0.000125,986.0887272357941
6492,43,24,825810,128,2.55039644241333,2.1420249938964844,4.057365417480469,0.2634926736354828,0.000125,986.2454464435577
6493,43,25,825938,128,2.5149295330047607,2.1133615970611572,3.9844398498535156,0.31241118907928467,0.000125,986.3864035606384
6494,43,26,826066,128,3.523191213607788,3.1391313076019287,3.8119120597839355,0.28685542941093445,0.000125,986.5320072174072
6495,43,27,826194,128,2.673194169998169,2.2502403259277344,4.196435451507568,0.3310161530971527,0.000125,986.6766917705536
6496,43,28,826322,128,2.5804553031921387,2.1786441802978516,3.987299680709839,0.3081023395061493,0.000125,986.8389282226562
6497,43,29,826450,128,2.795407772064209,2.3752753734588623,4.174871444702148,0.2645210325717926,0.000125,986.9813432693481
6498,43,30,826578,128,2.580496072769165,2.1792209148406982,3.9849729537963867,0.27778565883636475,0.000125,987.1248219013214
6499,43,31,826706,128,2.4048383235931396,1.9989728927612305,4.0309038162231445,0.27749204635620117,0.000125,987.276798248291
6500,43,32,826834,128,3.1637609004974365,2.748732328414917,4.117631912231445,0.3265337347984314,0.000125,987.4172224998474
6501,43,33,826962,128,2.3666396141052246,1.942718505859375,4.209074020385742,0.3013555407524109,0.000125,987.5585424900055
6502,43,34,827090,128,2.6968348026275635,2.2813808917999268,4.1259660720825195,0.28572747111320496,0.000125,987.7021636962891
6503,43,35,827218,128,2.4042840003967285,1.9806746244430542,4.208781719207764,0.2731269896030426,0.000125,987.8458721637726
6504,43,36,827346,128,2.7328643798828125,2.3358397483825684,3.941392421722412,0.2885383665561676,0.000125,987.9866578578949
6505,43,37,827474,128,1.9606897830963135,1.5658496618270874,3.920724391937256,0.2767670452594757,0.000125,988.1304883956909
6506,43,38,827602,128,2.2464516162872314,1.8445327281951904,3.9924697875976562,0.26719433069229126,0.000125,988.2696931362152
6507,43,39,827730,128,2.648916482925415,2.2331459522247314,4.128929615020752,0.28775134682655334,0.000125,988.4093413352966
6508,43,40,827858,128,2.2086219787597656,1.8022048473358154,4.033362865447998,0.3080950975418091,0.000125,988.5487730503082
6509,43,41,827986,128,2.980468273162842,2.555050849914551,4.228374004364014,0.2579817771911621,0.000125,988.6917586326599
6510,43,42,828114,128,2.937246799468994,2.544862985610962,3.8963775634765625,0.2746064364910126,0.000125,988.833001613617
6511,43,43,828242,128,3.0764524936676025,2.704531192779541,3.6923766136169434,0.26837053894996643,0.000125,988.9745097160339
6512,43,44,828370,128,2.7272353172302246,2.3215065002441406,4.027897834777832,0.293893426656723,0.000125,989.1184051036835
6513,43,45,828498,128,2.6768996715545654,2.2870678901672363,3.8673884868621826,0.30928975343704224,0.000125,989.259916305542
6514,43,46,828626,128,1.9562678337097168,1.5724412202835083,3.8163442611694336,0.21921128034591675,0.000125,989.4028317928314
6515,43,47,828754,128,2.600907802581787,2.233206272125244,3.6497983932495117,0.27216899394989014,0.000125,989.5458192825317
6516,43,48,828882,128,2.783449411392212,2.3764891624450684,4.041642189025879,0.27960121631622314,0.000125,989.6890850067139
6517,43,49,829010,128,2.327064275741577,1.9126293659210205,4.116061687469482,0.2828807830810547,0.000125,989.8309223651886
6518,43,50,829138,128,3.680182695388794,3.2717063426971436,4.057758808135986,0.2700538635253906,0.000125,989.9720857143402
6519,43,51,829266,128,2.5764572620391846,2.169722557067871,4.038764476776123,0.28580451011657715,0.000125,990.1186850070953
6520,43,52,829394,128,2.9551615715026855,2.5146796703338623,4.372718811035156,0.3209957778453827,0.000125,990.2611560821533
6521,43,53,829522,128,2.902405261993408,2.478882312774658,4.203431129455566,0.3179757297039032,0.000125,990.4017016887665
6522,43,54,829650,128,2.499897003173828,2.0742013454437256,4.224727630615234,0.3222995698451996,0.000125,990.5416610240936
6523,43,55,829778,128,2.4310054779052734,2.0299184322357178,3.984814405441284,0.2605672776699066,0.000125,990.682122707367
6524,43,56,829906,128,3.0132944583892822,2.596734046936035,4.141364097595215,0.24239608645439148,0.000125,990.8229961395264
6525,43,57,830034,128,3.079496383666992,2.6579947471618652,4.191674709320068,0.23341891169548035,0.000125,990.9654672145844
6526,43,58,830162,128,2.608808994293213,2.1965413093566895,4.094766616821289,0.2790881395339966,0.000125,991.109381198883
6527,43,59,830290,128,2.0785536766052246,1.6911423206329346,3.8473193645477295,0.2679460942745209,0.000125,991.2536435127258
6528,43,60,830418,128,2.640707492828369,2.258878469467163,3.790168285369873,0.28121811151504517,0.000125,991.3939290046692
6529,43,61,830546,128,2.986358404159546,2.591317653656006,3.9265661239624023,0.23841968178749084,0.000125,991.5372443199158
6530,43,62,830674,128,2.7979068756103516,2.409736394882202,3.8592944145202637,0.22412174940109253,0.000125,991.6805799007416
6531,43,63,830802,128,3.1644556522369385,2.7725183963775635,3.8930273056030273,0.2634417414665222,0.000125,991.8217585086823
6532,43,64,830930,128,2.8602800369262695,2.4704298973083496,3.871706962585449,0.2679387629032135,0.000125,991.9637227058411
6533,43,65,831058,128,2.757528066635132,2.3396520614624023,4.150587558746338,0.2817111909389496,0.000125,992.1055784225464
6534,43,66,831186,128,2.8181917667388916,2.400799512863159,4.14445161819458,0.29470303654670715,0.000125,992.2502925395966
6535,43,67,831314,128,2.7654664516448975,2.367825984954834,3.9511306285858154,0.25273576378822327,0.000125,992.3932089805603
6536,43,68,831442,128,2.358508825302124,1.9553039073944092,4.0014729499816895,0.30576881766319275,0.000125,992.5377752780914
6537,43,69,831570,128,2.8280513286590576,2.436061143875122,3.8919765949249268,0.279252827167511,0.000125,992.6789479255676
6538,43,70,831698,128,2.43151593208313,2.0217695236206055,4.067407131195068,0.30056440830230713,0.000125,992.8208632469177
6539,43,71,831826,128,2.3354744911193848,1.9261518716812134,4.06813907623291,0.2508684992790222,0.000125,992.962929725647
6540,43,72,831954,128,2.719174385070801,2.3162875175476074,4.001881122589111,0.2698719799518585,0.000125,993.1058528423309
6541,43,73,832082,128,2.6819005012512207,2.2896833419799805,3.89412522315979,0.2804677486419678,0.000125,993.2482719421387
6542,43,74,832210,128,3.5388925075531006,3.1169490814208984,4.188808441162109,0.3062509000301361,0.000125,993.3898658752441
6543,43,75,832338,128,2.6273841857910156,2.1807656288146973,4.430587291717529,0.35599303245544434,0.000125,993.5321636199951
6544,43,76,832466,128,3.2629289627075195,2.8473916053771973,4.123368263244629,0.32004326581954956,0.000125,993.6723263263702
6545,43,77,832594,128,2.510420560836792,2.0918703079223633,4.158517360687256,0.26983708143234253,0.000125,993.8120474815369
6546,43,78,832722,128,2.5615782737731934,2.1471126079559326,4.113419055938721,0.31237179040908813,0.000125,993.9537341594696
6547,43,79,832850,128,2.201347589492798,1.7971011400222778,4.015134811401367,0.27330532670021057,0.000125,994.1047780513763
6548,43,80,832978,128,3.309992790222168,2.9246675968170166,3.826286792755127,0.26965904235839844,0.000125,994.2473192214966
6549,43,81,833106,128,2.583634376525879,2.147820472717285,4.323368549346924,0.3477015495300293,0.000125,994.3892779350281
6550,43,82,833234,128,2.406059741973877,1.9853123426437378,4.173593997955322,0.33878666162490845,0.000125,994.5369882583618
6551,43,83,833362,128,2.7699403762817383,2.3533437252044678,4.134743690490723,0.31223514676094055,0.000125,994.6771311759949
6552,43,84,833490,128,2.443140983581543,2.020519495010376,4.198988437652588,0.272281289100647,0.000125,994.814465045929
6553,43,85,833618,128,3.0169010162353516,2.6116716861724854,4.029642105102539,0.22651971876621246,0.000125,994.9560883045197
6554,43,86,833746,128,2.262498140335083,1.8748079538345337,3.84889817237854,0.2800561189651489,0.000125,995.0993912220001
6555,43,87,833874,128,2.5298728942871094,2.1194331645965576,4.071080684661865,0.3331626355648041,0.000125,995.2406532764435
6556,43,88,834002,128,1.9453821182250977,1.5297374725341797,4.128217697143555,0.2822834849357605,0.000125,995.3850657939911
6557,43,89,834130,128,2.3657939434051514,1.9939274787902832,3.6909756660461426,0.27689918875694275,0.000125,995.5289523601532
6558,43,90,834258,128,2.455803394317627,2.0717413425445557,3.8156018257141113,0.25019147992134094,0.000125,995.6705956459045
6559,43,91,834386,128,2.7027783393859863,2.3069498538970947,3.928570508956909,0.29714444279670715,0.000125,995.8125355243683
6560,43,92,834514,128,2.74155855178833,2.331866979598999,4.07320499420166,0.23710893094539642,0.000125,995.9546751976013
6561,43,93,834642,128,2.6402347087860107,2.2396492958068848,3.982429027557373,0.23424288630485535,0.000125,996.0962653160095
6562,43,94,834770,128,2.8954427242279053,2.4815890789031982,4.10610818862915,0.3242831826210022,0.000125,996.2379450798035
6563,43,95,834898,128,2.6065738201141357,2.2067532539367676,3.9738175868988037,0.2438880354166031,0.000125,996.3754577636719
6564,43,96,835026,128,2.0861666202545166,1.6843979358673096,3.9886910915374756,0.2899736762046814,0.000125,996.5199780464172
6565,43,97,835154,128,2.7466797828674316,2.3268308639526367,4.1672821044921875,0.3120763301849365,0.000125,996.662801027298
6566,43,98,835282,128,3.11828875541687,2.71359920501709,4.0165510177612305,0.3034282922744751,0.000125,996.8055047988892
6567,43,99,835410,128,2.433002471923828,2.0302507877349854,4.000077247619629,0.27438774704933167,0.000125,996.9506711959839
6568,43,100,835538,128,2.981851100921631,2.578373432159424,4.008572101593018,0.262034147977829,0.000125,997.0934619903564
6569,43,101,835666,128,2.0643885135650635,1.6764987707138062,3.8506414890289307,0.28255966305732727,0.000125,997.235681772232
6570,43,102,835794,128,2.8130922317504883,2.398963212966919,4.115638256072998,0.2565132677555084,0.000125,997.3766977787018
6571,43,103,835922,128,2.7703020572662354,2.3734402656555176,3.9426281452178955,0.2599024772644043,0.000125,997.5199928283691
6572,43,104,836050,128,2.9934449195861816,2.5734262466430664,4.170894145965576,0.29291287064552307,0.000125,997.6602337360382
6573,43,105,836178,128,2.6356043815612793,2.187412977218628,4.454191207885742,0.277230441570282,0.000125,997.8011527061462
6574,43,106,836306,128,3.0337514877319336,2.5825912952423096,4.483293533325195,0.2830824553966522,0.000125,997.9431676864624
6575,43,107,836434,128,2.216179609298706,1.8301737308502197,3.8332152366638184,0.2684251070022583,0.000125,998.0863265991211
6576,43,108,836562,128,2.335810899734497,1.9203764200210571,4.125550270080566,0.2879498302936554,0.000125,998.2271635532379
6577,43,109,836690,128,2.6992831230163574,2.3028979301452637,3.9352059364318848,0.28644973039627075,0.000125,998.366813659668
6578,43,110,836818,128,2.682410478591919,2.2943975925445557,3.853496551513672,0.26632389426231384,0.000125,998.5081124305725
6579,43,111,836946,128,2.908766508102417,2.5267598628997803,3.795429229736328,0.24637046456336975,0.000125,998.6503047943115
6580,43,112,837074,128,2.7941575050354004,2.39731502532959,3.943169116973877,0.2525535821914673,0.000125,998.7918980121613
6581,43,113,837202,128,2.4140686988830566,2.0051093101501465,4.062713146209717,0.2688283622264862,0.000125,998.9343459606171
6582,43,114,837330,128,2.8863565921783447,2.4723708629608154,4.116516590118408,0.2334216982126236,0.000125,999.0767841339111
6583,43,115,837458,128,3.580906391143799,3.1765594482421875,4.012668132781982,0.30802175402641296,0.000125,999.2183108329773
6584,43,116,837586,128,2.0353384017944336,1.6363954544067383,3.9642088413238525,0.2521923780441284,0.000125,999.3558835983276
6585,43,117,837714,128,3.4186298847198486,3.008291006088257,4.071835041046143,0.315542608499527,0.000125,999.4984726905823
6586,43,118,837842,128,2.780003309249878,2.3741040229797363,4.036159038543701,0.2283349186182022,0.000125,999.642706155777
6587,43,119,837970,128,2.401883602142334,2.006258487701416,3.9251391887664795,0.3111092746257782,0.000125,999.7851076126099
6588,43,120,838098,128,2.919839859008789,2.52679443359375,3.9009203910827637,0.2953205704689026,0.000125,999.9280989170074
6589,43,121,838226,128,2.689389944076538,2.2650251388549805,4.215475559234619,0.2817213237285614,0.000125,1000.0713868141174
6590,43,122,838354,128,2.559337854385376,2.1546332836151123,4.021660804748535,0.25385141372680664,0.000125,1000.2152380943298
6591,43,123,838482,128,2.8130722045898438,2.4204163551330566,3.8994908332824707,0.27067047357559204,0.000125,1000.3566083908081
6592,43,124,838610,128,2.6214020252227783,2.2186129093170166,4.005410194396973,0.22481292486190796,0.000125,1000.4987559318542
6593,43,125,838738,128,2.8121731281280518,2.4168434143066406,3.9269020557403564,0.2639475166797638,0.000125,1000.642608165741
6594,43,126,838866,128,2.230998992919922,1.8313337564468384,3.9729325771331787,0.23720458149909973,0.000125,1000.7843844890594
6595,43,127,838994,128,2.4575798511505127,2.0271599292755127,4.277287006378174,0.26912790536880493,0.000125,1000.9276852607727
6596,43,128,839122,128,2.564042568206787,2.174194574356079,3.8729522228240967,0.25527578592300415,0.000125,1001.0732991695404
6597,43,129,839250,128,2.1733977794647217,1.771751046180725,3.991163492202759,0.2530439794063568,0.000125,1001.2139902114868
6598,43,130,839378,128,2.597651958465576,2.206444501876831,3.890810966491699,0.2126399576663971,0.000125,1001.6959190368652
6599,43,131,839506,128,2.890929698944092,2.4695799350738525,4.18671178817749,0.26787257194519043,0.000125,1001.8441135883331
6600,43,132,839634,128,2.0087766647338867,1.5851140022277832,4.208500862121582,0.2812592685222626,0.000125,1001.9839656352997
6601,43,133,839762,128,2.294600486755371,1.8744207620620728,4.169925689697266,0.31871795654296875,0.000125,1002.1280720233917
6602,43,134,839890,128,2.065636157989502,1.668299674987793,3.9488110542297363,0.24554432928562164,0.000125,1002.2704493999481
6603,43,135,840018,128,2.1319777965545654,1.7018013000488281,4.2675652503967285,0.34197860956192017,0.000125,1002.4122934341431
6604,43,136,840146,128,2.108754873275757,1.6940608024597168,4.116707801818848,0.30233094096183777,0.000125,1002.5556240081787
6605,43,137,840274,128,3.0576603412628174,2.642845869064331,4.121915340423584,0.2622850835323334,0.000125,1002.7014667987823
6606,43,138,840402,128,2.9096155166625977,2.507692813873291,3.987159252166748,0.3206721842288971,0.000125,1002.8440907001495
6607,43,139,840530,128,2.847285032272339,2.4397079944610596,4.0457377433776855,0.3003302216529846,0.000125,1002.986766576767
6608,43,140,840658,128,2.6592938899993896,2.2609949111938477,3.955101728439331,0.27888116240501404,0.000125,1003.1301529407501
6609,43,141,840786,128,2.798938274383545,2.39701771736145,3.984086751937866,0.3511869013309479,0.000125,1003.271865606308
6610,43,142,840914,128,2.9618868827819824,2.5364856719970703,4.221185684204102,0.3282526433467865,0.000125,1003.4132032394409
6611,43,143,841042,128,2.6928446292877197,2.2665042877197266,4.231136798858643,0.32266920804977417,0.000125,1003.5557730197906
6612,43,144,841170,128,1.7583723068237305,1.3548681735992432,4.005915641784668,0.2912563383579254,0.000125,1003.6987452507019
6613,43,145,841298,128,3.0026988983154297,2.609313488006592,3.906653881072998,0.2720010280609131,0.000125,1003.8396272659302
6614,43,146,841426,128,2.935124397277832,2.52354097366333,4.083590984344482,0.3224458694458008,0.000125,1003.9823150634766
6615,43,147,841554,128,2.5615203380584717,2.1435368061065674,4.152107238769531,0.2772764265537262,0.000125,1004.1256461143494
6616,43,148,841682,128,2.784147024154663,2.3828659057617188,3.984523296356201,0.282886266708374,0.000125,1004.2693519592285
6617,43,149,841810,128,2.228154420852661,1.8066068887710571,4.182116985321045,0.3335616886615753,0.000125,1004.4111006259918
6618,43,150,841938,128,2.2768514156341553,1.889151930809021,3.8476943969726562,0.2930002510547638,0.000125,1004.5584878921509
6619,43,151,842066,128,2.993222713470459,2.583117723464966,4.07322883605957,0.2781999409198761,0.000125,1004.6991448402405
6620,43,152,842194,128,2.4641835689544678,2.0624046325683594,3.9931559562683105,0.24634549021720886,0.000125,1004.8402895927429
6621,43,153,842322,128,2.1828603744506836,1.7768787145614624,4.029646396636963,0.3017021119594574,0.000125,1004.9835474491119
6622,43,154,842327,5,4.207934379577637,3.758772134780884,4.470763206481934,0.20857124030590057,0.000125,1005.1205930709839
6623,44,1,842455,128,2.4745991230010986,2.070693016052246,4.016737461090088,0.22324210405349731,0.000125,1006.6333649158478
6624,44,2,842583,128,2.4784648418426514,2.0786266326904297,3.9713103771209717,0.270720511674881,0.000125,1006.7793641090393
6625,44,3,842711,128,2.0672614574432373,1.6871123313903809,3.7808678150177,0.20623673498630524,0.000125,1006.9223756790161
6626,44,4,842839,128,2.472031831741333,2.0642740726470947,4.052927017211914,0.24649932980537415,0.000125,1007.0639536380768
6627,44,5,842967,128,2.574204444885254,2.1672258377075195,4.044845104217529,0.24941900372505188,0.000125,1007.2043831348419
6628,44,6,843095,128,2.6987969875335693,2.2757182121276855,4.200854778289795,0.2993248403072357,0.000125,1007.3455367088318
6629,44,7,843223,128,2.825355052947998,2.4097743034362793,4.123109340667725,0.32699501514434814,0.000125,1007.4876849651337
6630,44,8,843351,128,2.74126935005188,2.328197956085205,4.103674411773682,0.2703891396522522,0.000125,1007.6321029663086
6631,44,9,843479,128,2.252891778945923,1.8313637971878052,4.18713903427124,0.2814120650291443,0.000125,1007.7720816135406
6632,44,10,843607,128,2.9363255500793457,2.5286169052124023,4.0491943359375,0.27893730998039246,0.000125,1007.9145994186401
6633,44,11,843735,128,2.967390298843384,2.5734970569610596,3.9104368686676025,0.2849544584751129,0.000125,1008.0572056770325
6634,44,12,843863,128,2.72717547416687,2.316666603088379,4.0721940994262695,0.32894283533096313,0.000125,1008.2002739906311
6635,44,13,843991,128,2.0125598907470703,1.6100965738296509,3.991968870162964,0.3266400098800659,0.000125,1008.3421244621277
6636,44,14,844119,128,2.7135403156280518,2.3108036518096924,4.002432346343994,0.24932663142681122,0.000125,1008.484034538269
6637,44,15,844247,128,3.010962963104248,2.5799264907836914,4.277677059173584,0.32686370611190796,0.000125,1008.6271855831146
6638,44,16,844375,128,2.021178960800171,1.627695083618164,3.9048283100128174,0.3000938594341278,0.000125,1008.7701120376587
6639,44,17,844503,128,2.5246598720550537,2.148019552230835,3.7418713569641113,0.24531005322933197,0.000125,1008.9128534793854
6640,44,18,844631,128,2.660261631011963,2.2639076709747314,3.934542179107666,0.28996703028678894,0.000125,1009.0542099475861
6641,44,19,844759,128,3.063417911529541,2.64943790435791,4.110373497009277,0.2942572236061096,0.000125,1009.1935834884644
6642,44,20,844887,128,2.2716917991638184,1.859887719154358,4.088816165924072,0.29224538803100586,0.000125,1009.3336482048035
6643,44,21,845015,128,2.76839280128479,2.3608317375183105,4.044322967529297,0.3128664791584015,0.000125,1009.4740839004517
6644,44,22,845143,128,2.744717836380005,2.3565049171447754,3.85587215423584,0.2625797986984253,0.000125,1009.6155414581299
6645,44,23,845271,128,1.9528213739395142,1.5435017347335815,4.06494140625,0.2825450599193573,0.000125,1009.7559547424316
6646,44,24,845399,128,2.9977540969848633,2.600339412689209,3.941348075866699,0.3279976546764374,0.000125,1009.8997931480408
6647,44,25,845527,128,2.9008281230926514,2.482011318206787,4.156965732574463,0.31202536821365356,0.000125,1010.0393853187561
6648,44,26,845655,128,2.6325066089630127,2.2461435794830322,3.8379344940185547,0.256957083940506,0.000125,1010.1824359893799
6649,44,27,845783,128,2.0589754581451416,1.6665905714035034,3.896467924118042,0.2737986445426941,0.000125,1010.3225202560425
6650,44,28,845911,128,2.387424945831299,1.9903146028518677,3.941399097442627,0.29704946279525757,0.000125,1010.4632251262665
6651,44,29,846039,128,2.351137161254883,1.9263468980789185,4.2226481437683105,0.2525305449962616,0.000125,1010.6039576530457
6652,44,30,846167,128,2.4096505641937256,2.0193989276885986,3.877549886703491,0.24967344105243683,0.000125,1010.7463562488556
6653,44,31,846295,128,2.3313703536987305,1.9130338430404663,4.156402587890625,0.2696170508861542,0.000125,1010.8881151676178
6654,44,32,846423,128,3.0964441299438477,2.669358968734741,4.241823673248291,0.2902664542198181,0.000125,1011.0300107002258
6655,44,33,846551,128,2.8619632720947266,2.434236526489258,4.247149467468262,0.3011755049228668,0.000125,1011.1752860546112
6656,44,34,846679,128,2.2810559272766113,1.8733199834823608,4.04998779296875,0.2737068831920624,0.000125,1011.3170058727264
6657,44,35,846807,128,2.586402654647827,2.162876605987549,4.201229095458984,0.34032782912254333,0.000125,1011.4591250419617
6658,44,36,846935,128,2.361762523651123,1.9634603261947632,3.9583935737609863,0.24628295004367828,0.000125,1011.6008965969086
6659,44,37,847063,128,2.9238626956939697,2.516852617263794,4.04238224029541,0.2771812677383423,0.000125,1011.7412972450256
6660,44,38,847191,128,2.6206459999084473,2.202106475830078,4.162776947021484,0.22619304060935974,0.000125,1011.8818647861481
6661,44,39,847319,128,3.325659990310669,2.9016239643096924,4.208362102508545,0.3199840188026428,0.000125,1012.0227680206299
6662,44,40,847447,128,2.9367198944091797,2.4975569248199463,4.35993766784668,0.31693288683891296,0.000125,1012.1653590202332
6663,44,41,847575,128,2.8102166652679443,2.3742241859436035,4.332716464996338,0.27207690477371216,0.000125,1012.306233882904
6664,44,42,847703,128,2.4359066486358643,2.058913230895996,3.739858865737915,0.3007591664791107,0.000125,1012.4477708339691
6665,44,43,847831,128,2.970525026321411,2.554800510406494,4.127973556518555,0.2926999628543854,0.000125,1012.5897953510284
6666,44,44,847959,128,3.1210267543792725,2.715832233428955,4.02097225189209,0.30972105264663696,0.000125,1012.7359375953674
6667,44,45,848087,128,2.164591073989868,1.7649942636489868,3.970928907394409,0.250385046005249,0.000125,1012.8790266513824
6668,44,46,848215,128,2.82582950592041,2.391589879989624,4.314220905303955,0.2817535400390625,0.000125,1013.0195353031158
6669,44,47,848343,128,2.396559715270996,1.9874131679534912,4.059813499450684,0.31652018427848816,0.000125,1013.1609168052673
6670,44,48,848471,128,2.6636111736297607,2.2566916942596436,4.042121887207031,0.27071884274482727,0.000125,1013.2989819049835
6671,44,49,848599,128,2.992816686630249,2.573777675628662,4.157846450805664,0.3254370093345642,0.000125,1013.4356489181519
6672,44,50,848727,128,2.065077781677246,1.652371883392334,4.1007795333862305,0.2627946734428406,0.000125,1013.5731196403503
6673,44,51,848855,128,2.7462198734283447,2.3193576335906982,4.237466335296631,0.311560720205307,0.000125,1013.7144448757172
6674,44,52,848983,128,3.37231707572937,2.9573864936828613,4.121962070465088,0.2734473645687103,0.000125,1013.8543496131897
6675,44,53,849111,128,2.2555947303771973,1.8446829319000244,4.076374053955078,0.3274518549442291,0.000125,1013.9959585666656
6676,44,54,849239,128,2.703317403793335,2.2986464500427246,4.015593528747559,0.3111560046672821,0.000125,1014.1405954360962
6677,44,55,849367,128,1.9685145616531372,1.5605708360671997,4.052365779876709,0.27071234583854675,0.000125,1014.2823629379272
6678,44,56,849495,128,2.1883716583251953,1.7768675088882446,4.084199905395508,0.30840712785720825,0.000125,1014.4247477054596
6679,44,57,849623,128,2.7791588306427,2.364109754562378,4.119087219238281,0.3140403628349304,0.000125,1014.5670309066772
6680,44,58,849751,128,2.650852680206299,2.241825580596924,4.061210632324219,0.29060783982276917,0.000125,1014.7102766036987
6681,44,59,849879,128,2.2144970893859863,1.8295310735702515,3.8221616744995117,0.27500075101852417,0.000125,1014.8510224819183
6682,44,60,850007,128,2.2710940837860107,1.8811112642288208,3.8712522983551025,0.2857615351676941,0.000125,1014.9912488460541
6683,44,61,850135,128,2.594341278076172,2.1850316524505615,4.059093952178955,0.34002235531806946,0.000125,1015.1366963386536
6684,44,62,850263,128,3.5110301971435547,3.0935089588165283,4.146836280822754,0.2837725281715393,0.000125,1015.2800490856171
6685,44,63,850391,128,2.562077283859253,2.148160457611084,4.105752944946289,0.33414801955223083,0.000125,1015.4211583137512
6686,44,64,850519,128,3.7514853477478027,3.3438916206359863,4.0488810539245605,0.2705651521682739,0.000125,1015.5616238117218
6687,44,65,850647,128,2.3479866981506348,1.9701555967330933,3.7509448528289795,0.2736612558364868,0.000125,1015.7024900913239
6688,44,66,850775,128,2.4080257415771484,2.0002007484436035,4.054299354553223,0.23951619863510132,0.000125,1015.8443920612335
6689,44,67,850903,128,2.114154100418091,1.727477788925171,3.843796968460083,0.22968000173568726,0.000125,1015.9856948852539
6690,44,68,851031,128,2.1774353981018066,1.7756164073944092,3.9857945442199707,0.32397016882896423,0.000125,1016.1279008388519
6691,44,69,851159,128,3.4938437938690186,3.1032750606536865,3.8801519870758057,0.25533822178840637,0.000125,1016.2696752548218
6692,44,70,851287,128,3.3062117099761963,2.890030860900879,4.132179260253906,0.29627710580825806,0.000125,1016.410965681076
6693,44,71,851415,128,2.744259834289551,2.357635736465454,3.8368589878082275,0.29382941126823425,0.000125,1016.5549840927124
6694,44,72,851543,128,2.47233510017395,2.0670418739318848,4.026601314544678,0.2633172273635864,0.000125,1016.6972825527191
6695,44,73,851671,128,2.239833116531372,1.8638973236083984,3.731999635696411,0.27357950806617737,0.000125,1016.8386931419373
6696,44,74,851799,128,2.849111318588257,2.4218149185180664,4.246823787689209,0.2614118456840515,0.000125,1016.9802665710449
6697,44,75,851927,128,2.243699312210083,1.8605244159698486,3.807180166244507,0.24570214748382568,0.000125,1017.1226606369019
6698,44,76,852055,128,2.0824649333953857,1.6829617023468018,3.9717700481414795,0.2326270490884781,0.000125,1017.2681138515472
6699,44,77,852183,128,1.9803121089935303,1.56103515625,4.162912845611572,0.2985706329345703,0.000125,1017.409285068512
6700,44,78,852311,128,2.531846284866333,2.126584053039551,4.0262370109558105,0.2638692855834961,0.000125,1017.5549244880676
6701,44,79,852439,128,3.2497620582580566,2.8598854541778564,3.8763999938964844,0.22365163266658783,0.000125,1017.6972575187683
6702,44,80,852567,128,2.8925929069519043,2.4692094326019287,4.203591823577881,0.30242908000946045,0.000125,1017.839277267456
6703,44,81,852695,128,2.572579860687256,2.138239622116089,4.311670303344727,0.3173198997974396,0.000125,1017.9805274009705
6704,44,82,852823,128,2.9803378582000732,2.5825319290161133,3.9500255584716797,0.2803431451320648,0.000125,1018.1294345855713
6705,44,83,852951,128,2.8899712562561035,2.482020139694214,4.054415225982666,0.25095897912979126,0.000125,1018.2725052833557
6706,44,84,853079,128,2.779897451400757,2.3631350994110107,4.137938022613525,0.2968529462814331,0.000125,1018.4164054393768
6707,44,85,853207,128,2.6375653743743896,2.223017930984497,4.116999626159668,0.284733384847641,0.000125,1018.5588781833649
6708,44,86,853335,128,1.9423902034759521,1.5445359945297241,3.9558982849121094,0.22644004225730896,0.000125,1018.7000589370728
6709,44,87,853463,128,2.790741443634033,2.3839855194091797,4.0391340255737305,0.28423503041267395,0.000125,1018.8417074680328
6710,44,88,853591,128,2.2225818634033203,1.82498300075531,3.948920249938965,0.27067306637763977,0.000125,1018.9834921360016
6711,44,89,853719,128,2.338195323944092,1.9306904077529907,4.051799297332764,0.23250998556613922,0.000125,1019.1262159347534
6712,44,90,853847,128,3.1188530921936035,2.7219254970550537,3.947171926498413,0.22104470431804657,0.000125,1019.268786907196
6713,44,91,853975,128,2.495638132095337,2.117499351501465,3.758678436279297,0.22710132598876953,0.000125,1019.4104955196381
6714,44,92,854103,128,3.035773754119873,2.635282039642334,3.976199150085449,0.2871705889701843,0.000125,1019.554036617279
6715,44,93,854231,128,2.4712722301483154,2.065006732940674,4.037346839904785,0.2530733048915863,0.000125,1019.6970534324646
6716,44,94,854359,128,2.708507537841797,2.3053104877471924,4.002828121185303,0.29141414165496826,0.000125,1019.8377072811127
6717,44,95,854487,128,2.6798176765441895,2.299374580383301,3.7784886360168457,0.25941991806030273,0.000125,1019.9850494861603
6718,44,96,854615,128,2.544618844985962,2.1311683654785156,4.104466915130615,0.3003878593444824,0.000125,1020.126562833786
6719,44,97,854743,128,3.7204833030700684,3.3347880840301514,3.832589626312256,0.2436191290616989,0.000125,1020.2683045864105
6720,44,98,854871,128,2.1497132778167725,1.7191462516784668,4.282156467437744,0.23512740433216095,0.000125,1020.4088110923767
6721,44,99,854999,128,1.8012546300888062,1.4411567449569702,3.5745232105255127,0.26456427574157715,0.000125,1020.551842212677
6722,44,100,855127,128,2.6715283393859863,2.2734012603759766,3.95428204536438,0.26989680528640747,0.000125,1020.6943972110748
6723,44,101,855255,128,2.5541574954986572,2.146120548248291,4.050574779510498,0.2979401648044586,0.000125,1020.8357908725739
6724,44,102,855383,128,2.6723015308380127,2.2436447143554688,4.257749080657959,0.2882026135921478,0.000125,1020.9779224395752
6725,44,103,855511,128,2.7714366912841797,2.3606555461883545,4.080582141876221,0.2722952961921692,0.000125,1021.1241962909698
6726,44,104,855639,128,2.448359727859497,2.052320718765259,3.933807849884033,0.2658219337463379,0.000125,1021.2656841278076
6727,44,105,855767,128,3.198969841003418,2.784024477005005,4.1259284019470215,0.23524917662143707,0.000125,1021.4058191776276
6728,44,106,855895,128,2.0915770530700684,1.698223352432251,3.904482841491699,0.2905429005622864,0.000125,1021.5482277870178
6729,44,107,856023,128,2.8170745372772217,2.3981282711029053,4.165889739990234,0.23573260009288788,0.000125,1021.6919412612915
6730,44,108,856151,128,3.285151243209839,2.867840528488159,4.145874500274658,0.2723199129104614,0.000125,1021.8340647220612
6731,44,109,856279,128,2.3919942378997803,1.9798872470855713,4.094449996948242,0.2661862373352051,0.000125,1021.978036403656
6732,44,110,856407,128,2.417788505554199,2.036397695541382,3.786339044570923,0.275692880153656,0.000125,1022.1211059093475
6733,44,111,856535,128,3.3531882762908936,2.9599740505218506,3.906006097793579,0.26135367155075073,0.000125,1022.2630500793457
6734,44,112,856663,128,2.090618133544922,1.6717718839645386,4.15608549118042,0.3237738311290741,0.000125,1022.4010994434357
6735,44,113,856791,128,2.6827809810638428,2.3007736206054688,3.790957450866699,0.2911631762981415,0.000125,1022.5464375019073
6736,44,114,856919,128,2.763432741165161,2.3548574447631836,4.055668354034424,0.3008407652378082,0.000125,1022.6878850460052
6737,44,115,857047,128,2.7692642211914062,2.345475912094116,4.210030555725098,0.27851602435112,0.000125,1022.8276734352112
6738,44,116,857175,128,3.1996850967407227,2.7839550971984863,4.127485752105713,0.29814571142196655,0.000125,1022.9680573940277
6739,44,117,857303,128,2.6478652954101562,2.228123664855957,4.171398162841797,0.2601913809776306,0.000125,1023.1104474067688
6740,44,118,857431,128,2.9768831729888916,2.576888084411621,3.9727885723114014,0.27162620425224304,0.000125,1023.2513000965118
6741,44,119,857559,128,2.229708671569824,1.8062245845794678,4.204046249389648,0.30793601274490356,0.000125,1023.3920497894287
6742,44,120,857687,128,2.415672779083252,2.032344341278076,3.806203603744507,0.27079007029533386,0.000125,1023.544774055481
6743,44,121,857815,128,3.0558578968048096,2.644702672958374,4.0843682289123535,0.27185043692588806,0.000125,1023.6881241798401
6744,44,122,857943,128,2.6318657398223877,2.205414056777954,4.23457145690918,0.2994454801082611,0.000125,1023.8367574214935
6745,44,123,858071,128,2.498701572418213,2.0919294357299805,4.041685104370117,0.26035183668136597,0.000125,1023.9779303073883
6746,44,124,858199,128,1.8729679584503174,1.4813389778137207,3.8853025436401367,0.3098704516887665,0.000125,1024.1207282543182
6747,44,125,858327,128,1.939840316772461,1.531219720840454,4.057461261749268,0.28744736313819885,0.000125,1024.2614452838898
6748,44,126,858455,128,2.895611524581909,2.480652093887329,4.120725631713867,0.2886859178543091,0.000125,1024.4026589393616
6749,44,127,858583,128,2.1298909187316895,1.728251576423645,3.9920873641967773,0.24306659400463104,0.000125,1024.5440933704376
6750,44,128,858711,128,1.9386546611785889,1.5545191764831543,3.81315541267395,0.28199222683906555,0.000125,1024.6925122737885
6751,44,129,858839,128,2.111032485961914,1.7179621458053589,3.9052364826202393,0.2546685039997101,0.000125,1024.8368558883667
6752,44,130,858967,128,2.609649419784546,2.1854121685028076,4.209603786468506,0.3276814818382263,0.000125,1024.9793863296509
6753,44,131,859095,128,2.815444231033325,2.4287168979644775,3.8382182121276855,0.29057154059410095,0.000125,1025.1239800453186
6754,44,132,859223,128,1.9952915906906128,1.5919910669326782,4.006706237792969,0.2629854381084442,0.000125,1025.2657561302185
6755,44,133,859351,128,2.968474864959717,2.5586843490600586,4.0725321769714355,0.2537221610546112,0.000125,1025.4071907997131
6756,44,134,859479,128,2.515681266784668,2.1154732704162598,3.9756667613983154,0.2641121745109558,0.000125,1025.5484926700592
6757,44,135,859607,128,2.6906962394714355,2.278388738632202,4.08976936340332,0.3330554962158203,0.000125,1025.6898837089539
6758,44,136,859735,128,2.5198543071746826,2.1022047996520996,4.151691913604736,0.2480221539735794,0.000125,1025.830914735794
6759,44,137,859863,128,2.461988925933838,2.040435314178467,4.189756393432617,0.25780653953552246,0.000125,1025.971358537674
6760,44,138,859991,128,2.5680952072143555,2.1335158348083496,4.3211350440979,0.24658995866775513,0.000125,1026.1136136054993
6761,44,139,860119,128,2.525493860244751,2.128119468688965,3.949399948120117,0.2434377670288086,0.000125,1026.2544422149658
6762,44,140,860247,128,3.0988473892211914,2.7184770107269287,3.7822887897491455,0.21415556967258453,0.000125,1026.3948378562927
6763,44,141,860375,128,2.521686315536499,2.10416316986084,4.145411014556885,0.2982100248336792,0.000125,1026.5400981903076
6764,44,142,860503,128,1.917432188987732,1.5086512565612793,4.061336040496826,0.26472780108451843,0.000125,1026.6839742660522
6765,44,143,860631,128,2.4189867973327637,2.027616500854492,3.8900179862976074,0.23685073852539062,0.000125,1026.8273229599
6766,44,144,860759,128,3.0205843448638916,2.589749336242676,4.274940490722656,0.334085613489151,0.000125,1026.969556570053
6767,44,145,860887,128,1.836292028427124,1.45712411403656,3.7658703327178955,0.2580862045288086,0.000125,1027.1111724376678
6768,44,146,861015,128,2.326841354370117,1.9497852325439453,3.7389063835144043,0.31655216217041016,0.000125,1027.2526638507843
6769,44,147,861143,128,3.0174028873443604,2.6341753005981445,3.8012330532073975,0.3104100227355957,0.000125,1027.3932733535767
6770,44,148,861271,128,2.76853084564209,2.3921406269073486,3.7358310222625732,0.28071585297584534,0.000125,1027.5356783866882
6771,44,149,861399,128,2.789848804473877,2.390920877456665,3.9633629322052,0.2591704726219177,0.000125,1027.6774430274963
6772,44,150,861527,128,2.6053926944732666,2.2018487453460693,4.012258529663086,0.23180976510047913,0.000125,1027.8186728954315
6773,44,151,861655,128,2.174246311187744,1.7651890516281128,4.061821937561035,0.2875053882598877,0.000125,1027.9602086544037
6774,44,152,861783,128,2.3109352588653564,1.9309971332550049,3.770695209503174,0.2868711054325104,0.000125,1028.1037685871124
6775,44,153,861911,128,2.8886077404022217,2.488933801651001,3.972545623779297,0.2419366091489792,0.000125,1028.245322227478
6776,44,154,861916,5,7.424964427947998,7.046668529510498,3.751591682434082,0.3136405646800995,0.000125,1028.3800342082977
6777,45,1,862044,128,2.366396903991699,1.9712804555892944,3.921870708465576,0.2929374873638153,0.000125,1029.8986723423004
6778,45,2,862172,128,2.5206613540649414,2.1274361610412598,3.9066872596740723,0.25564873218536377,0.000125,1030.0416111946106
6779,45,3,862300,128,2.1072888374328613,1.7071608304977417,3.9767913818359375,0.2448817789554596,0.000125,1030.1869626045227
6780,45,4,862428,128,2.120497941970825,1.7236429452896118,3.9430816173553467,0.2546718120574951,0.000125,1030.3273129463196
6781,45,5,862556,128,2.846137285232544,2.429539680480957,4.139305114746094,0.26672443747520447,0.000125,1030.4683921337128
6782,45,6,862684,128,2.849987745285034,2.4226224422454834,4.241575241088867,0.32077378034591675,0.000125,1030.6112308502197
6783,45,7,862812,128,2.6241567134857178,2.225776195526123,3.955857992172241,0.2794773280620575,0.000125,1030.754626750946
6784,45,8,862940,128,2.8555781841278076,2.440718173980713,4.118934154510498,0.29667362570762634,0.000125,1030.8974828720093
6785,45,9,863068,128,1.9824618101119995,1.5790719985961914,4.007856845855713,0.26041364669799805,0.000125,1031.040801525116
6786,45,10,863196,128,3.020376682281494,2.5906779766082764,4.264863967895508,0.3212133049964905,0.000125,1031.1841855049133
6787,45,11,863324,128,2.266115188598633,1.864359736442566,3.9928131103515625,0.24740557372570038,0.000125,1031.3259041309357
6788,45,12,863452,128,2.328664541244507,1.9243299961090088,4.011853218078613,0.31493812799453735,0.000125,1031.4690380096436
6789,45,13,863580,128,2.6593260765075684,2.2844393253326416,3.721155881881714,0.27710428833961487,0.000125,1031.6113188266754
6790,45,14,863708,128,3.2378554344177246,2.8443872928619385,3.9017961025238037,0.3288404643535614,0.000125,1031.752196073532
6791,45,15,863836,128,2.841496706008911,2.4035451412200928,4.352810382843018,0.2670500874519348,0.000125,1031.89382147789
6792,45,16,863964,128,2.3226263523101807,1.9295417070388794,3.9052462577819824,0.25598710775375366,0.000125,1032.0352191925049
6793,45,17,864092,128,2.567936658859253,2.1685433387756348,3.966334819793701,0.27598440647125244,0.000125,1032.178219795227
6794,45,18,864220,128,2.5612971782684326,2.157210111618042,4.012300491333008,0.28569358587265015,0.000125,1032.3194725513458
6795,45,19,864348,128,2.3788554668426514,1.9681644439697266,4.078303813934326,0.28605014085769653,0.000125,1032.4590938091278
6796,45,20,864476,128,2.24359393119812,1.8393146991729736,4.017073631286621,0.2571730613708496,0.000125,1032.6007838249207
6797,45,21,864604,128,2.997615337371826,2.574601650238037,4.200275421142578,0.2986100912094116,0.000125,1032.743224620819
6798,45,22,864732,128,2.55088210105896,2.1412951946258545,4.0670647621154785,0.28803491592407227,0.000125,1032.8854207992554
6799,45,23,864860,128,2.5988314151763916,2.1842918395996094,4.12227725982666,0.23119239509105682,0.000125,1033.0277590751648
6800,45,24,864988,128,2.0443832874298096,1.654428243637085,3.8759148120880127,0.2363332360982895,0.000125,1033.1708812713623
6801,45,25,865116,128,2.5501928329467773,2.1428780555725098,4.045739650726318,0.27408501505851746,0.000125,1033.3129160404205
6802,45,26,865244,128,2.520083427429199,2.110032558441162,4.071803092956543,0.2870512008666992,0.000125,1033.4548604488373
6803,45,27,865372,128,2.404141664505005,2.0016391277313232,3.998272657394409,0.26754093170166016,0.000125,1033.5978105068207
6804,45,28,865500,128,2.4525389671325684,2.0407934188842773,4.0863938331604,0.31061670184135437,0.000125,1033.7407939434052
6805,45,29,865628,128,2.619601011276245,2.2167131900787354,4.000449180603027,0.2842928171157837,0.000125,1033.8862690925598
6806,45,30,865756,128,2.6366631984710693,2.225405216217041,4.086105823516846,0.26473894715309143,0.000125,1034.0285048484802
6807,45,31,865884,128,2.867919683456421,2.4813671112060547,3.8411548137664795,0.2437223345041275,0.000125,1034.1704368591309
6808,45,32,866012,128,2.7341666221618652,2.3549485206604004,3.7664427757263184,0.2573772370815277,0.000125,1034.3118262290955
6809,45,33,866140,128,2.2208125591278076,1.7999533414840698,4.178210735321045,0.30382272601127625,0.000125,1034.451889038086
6810,45,34,866268,128,2.216715097427368,1.8085271120071411,4.054340839385986,0.2753962278366089,0.000125,1034.5935952663422
6811,45,35,866396,128,2.3159563541412354,1.914308786392212,3.9843766689300537,0.3209899961948395,0.000125,1034.73579788208
6812,45,36,866524,128,2.313763380050659,1.9311326742172241,3.8006205558776855,0.25687485933303833,0.000125,1034.878613948822
6813,45,37,866652,128,3.2769854068756104,2.9056396484375,3.685948610305786,0.2750983238220215,0.000125,1035.0205402374268
6814,45,38,866780,128,2.4944043159484863,2.0970675945281982,3.941270112991333,0.32096022367477417,0.000125,1035.162887096405
6815,45,39,866908,128,2.9868948459625244,2.5915541648864746,3.9251012802124023,0.2830490469932556,0.000125,1035.304930448532
6816,45,40,867036,128,2.474477767944336,2.0710818767547607,4.008242607116699,0.2571580111980438,0.000125,1035.444953918457
6817,45,41,867164,128,2.871818780899048,2.485851764678955,3.8303611278533936,0.2930814325809479,0.000125,1035.5876488685608
6818,45,42,867292,128,2.4112353324890137,2.0064358711242676,4.020748615264893,0.27246519923210144,0.000125,1035.7295281887054
6819,45,43,867420,128,2.8261470794677734,2.4379258155822754,3.858579635620117,0.23632480204105377,0.000125,1035.8725383281708
6820,45,44,867548,128,2.3362629413604736,1.926015019416809,4.076080799102783,0.2639685273170471,0.000125,1036.0128409862518
6821,45,45,867676,128,2.4563546180725098,2.0452382564544678,4.080408096313477,0.3075631558895111,0.000125,1036.1551530361176
6822,45,46,867804,128,2.7425458431243896,2.3284449577331543,4.114560604095459,0.26446816325187683,0.000125,1036.644826412201
6823,45,47,867932,128,2.247551202774048,1.8411834239959717,4.034857749938965,0.28819864988327026,0.000125,1036.787765264511
6824,45,48,868060,128,3.1605007648468018,2.7407402992248535,4.165243625640869,0.32360824942588806,0.000125,1036.9327042102814
6825,45,49,868188,128,2.6455461978912354,2.185994863510132,4.566603183746338,0.2891102433204651,0.000125,1037.0762917995453
6826,45,50,868316,128,2.8258306980133057,2.4233453273773193,3.99308705329895,0.31767210364341736,0.000125,1037.2190380096436
6827,45,51,868444,128,2.9425346851348877,2.5541834831237793,3.854705810546875,0.2880682051181793,0.000125,1037.360123872757
6828,45,52,868572,128,1.987709879875183,1.5847432613372803,3.996694326400757,0.3297204375267029,0.000125,1037.5013813972473
6829,45,53,868700,128,2.4095664024353027,2.025560140609741,3.811495780944824,0.2856637239456177,0.000125,1037.6424205303192
6830,45,54,868828,128,1.943240761756897,1.5361278057098389,4.043102741241455,0.2802758812904358,0.000125,1037.7829899787903
6831,45,55,868956,128,3.002561330795288,2.602788209915161,3.96744966506958,0.3028063178062439,0.000125,1037.9233486652374
6832,45,56,869084,128,2.101141929626465,1.7005705833435059,3.9760258197784424,0.2968846261501312,0.000125,1038.0634603500366
6833,45,57,869212,128,2.6435763835906982,2.246042490005493,3.9433183670043945,0.32019126415252686,0.000125,1038.2046139240265
6834,45,58,869340,128,2.1632118225097656,1.7665960788726807,3.9387621879577637,0.2739458680152893,0.000125,1038.3449139595032
6835,45,59,869468,128,3.7287635803222656,3.3101844787597656,4.1538496017456055,0.3194118142127991,0.000125,1038.4843719005585
6836,45,60,869596,128,3.5195345878601074,3.1332247257232666,3.8318676948547363,0.3123163878917694,0.000125,1038.625530719757
6837,45,61,869724,128,3.3233814239501953,2.9140782356262207,4.06588888168335,0.2714511752128601,0.000125,1038.7646315097809
6838,45,62,869852,128,2.236786127090454,1.824184536933899,4.101276874542236,0.24738864600658417,0.000125,1038.9050674438477
6839,45,63,869980,128,2.5866026878356934,2.1943280696868896,3.896352529525757,0.26392683386802673,0.000125,1039.0461976528168
6840,45,64,870108,128,2.783369302749634,2.358807325363159,4.21977424621582,0.25844427943229675,0.000125,1039.1872477531433
6841,45,65,870236,128,1.8832203149795532,1.4914498329162598,3.890690326690674,0.2701447308063507,0.000125,1039.3273248672485
6842,45,66,870364,128,2.6829135417938232,2.2725908756256104,4.077941417694092,0.25284868478775024,0.000125,1039.467017173767
6843,45,67,870492,128,2.317060947418213,1.910609483718872,4.038975238800049,0.2553958594799042,0.000125,1039.6071655750275
6844,45,68,870620,128,2.8615458011627197,2.4746944904327393,3.8434581756591797,0.25054702162742615,0.000125,1039.7470359802246
6845,45,69,870748,128,2.224623203277588,1.8309425115585327,3.912106513977051,0.24699027836322784,0.000125,1039.885788679123
6846,45,70,870876,128,2.0137147903442383,1.6356518268585205,3.753499746322632,0.27129825949668884,0.000125,1040.0269062519073
6847,45,71,871004,128,2.7845983505249023,2.38016939163208,4.01702880859375,0.2726045250892639,0.000125,1040.1695733070374
6848,45,72,871132,128,2.316728115081787,1.9013606309890747,4.12138032913208,0.32293981313705444,0.000125,1040.3063809871674
6849,45,73,871260,128,2.3541555404663086,1.9755492210388184,3.756061553955078,0.30002015829086304,0.000125,1040.4471440315247
6850,45,74,871388,128,2.8146917819976807,2.4257144927978516,3.8617753982543945,0.27998051047325134,0.000125,1040.5889430046082
6851,45,75,871516,128,2.8079323768615723,2.395963430404663,4.095970153808594,0.2371968775987625,0.000125,1040.7268636226654
6852,45,76,871644,128,2.578542709350586,2.147078275680542,4.288074016571045,0.2656893730163574,0.000125,1040.8687691688538
6853,45,77,871772,128,2.3725953102111816,1.9538862705230713,4.156139373779297,0.3095147907733917,0.000125,1041.010856628418
6854,45,78,871900,128,2.686673641204834,2.2871084213256836,3.9699654579162598,0.256877064704895,0.000125,1041.1520433425903
6855,45,79,872028,128,2.8126018047332764,2.4297966957092285,3.797823190689087,0.3022841513156891,0.000125,1041.2905468940735
6856,45,80,872156,128,2.1225061416625977,1.710660696029663,4.093970775604248,0.24482783675193787,0.000125,1041.434770822525
6857,45,81,872284,128,2.5503287315368652,2.145812511444092,4.017078876495361,0.28083670139312744,0.000125,1041.5776116847992
6858,45,82,872412,128,3.491124391555786,3.0926642417907715,3.954850435256958,0.29753077030181885,0.000125,1041.7188448905945
6859,45,83,872540,128,2.725236654281616,2.3019607067108154,4.205017566680908,0.2774272859096527,0.000125,1041.8595757484436
6860,45,84,872668,128,2.3099775314331055,1.8892754316329956,4.182183265686035,0.24837477505207062,0.000125,1041.9995996952057
6861,45,85,872796,128,2.1911232471466064,1.7704423666000366,4.175070285797119,0.3173939883708954,0.000125,1042.1424062252045
6862,45,86,872924,128,2.447129726409912,2.037264585494995,4.074528217315674,0.2412293404340744,0.000125,1042.2855954170227
6863,45,87,873052,128,2.186680316925049,1.7759747505187988,4.083425998687744,0.236297607421875,0.000125,1042.4273209571838
6864,45,88,873180,128,2.498220443725586,2.0837929248809814,4.112232685089111,0.32042884826660156,0.000125,1042.571931362152
6865,45,89,873308,128,2.202561378479004,1.7922359704971313,4.071689128875732,0.31563934683799744,0.000125,1042.7154183387756
6866,45,90,873436,128,2.839238405227661,2.4118778705596924,4.242534160614014,0.3107166588306427,0.000125,1042.8581855297089
6867,45,91,873564,128,2.5923237800598145,2.1844749450683594,4.045588493347168,0.3290007710456848,0.000125,1042.9988157749176
6868,45,92,873692,128,2.3239054679870605,1.896676778793335,4.238010406494141,0.3427804112434387,0.000125,1043.1450674533844
6869,45,93,873820,128,2.1191837787628174,1.7037997245788574,4.123483180999756,0.30356723070144653,0.000125,1043.2852702140808
6870,45,94,873948,128,3.3994555473327637,2.975600004196167,4.210127353668213,0.2842878997325897,0.000125,1043.4243838787079
6871,45,95,874076,128,3.0642576217651367,2.6754190921783447,3.8621087074279785,0.2627551555633545,0.000125,1043.5645186901093
6872,45,96,874204,128,3.6072206497192383,3.2013297080993652,4.031153678894043,0.27757641673088074,0.000125,1043.7052805423737
6873,45,97,874332,128,2.108741044998169,1.7372162342071533,3.689246654510498,0.26001641154289246,0.000125,1043.8472228050232
6874,45,98,874460,128,3.0896902084350586,2.6930129528045654,3.9314382076263428,0.35332855582237244,0.000125,1043.989735841751
6875,45,99,874588,128,2.8420984745025635,2.431999444961548,4.074644565582275,0.26345688104629517,0.000125,1044.132344007492
6876,45,100,874716,128,2.5767834186553955,2.1668143272399902,4.074229717254639,0.2545979619026184,0.000125,1044.2715249061584
6877,45,101,874844,128,2.2740917205810547,1.8736861944198608,3.9756863117218018,0.28370192646980286,0.000125,1044.4102714061737
6878,45,102,874972,128,2.324265956878662,1.9142534732818604,4.073044776916504,0.2708013653755188,0.000125,1044.5530116558075
6879,45,103,875100,128,2.5415921211242676,2.1153128147125244,4.2313456535339355,0.3144737184047699,0.000125,1044.698158979416
6880,45,104,875228,128,2.5521395206451416,2.14276385307312,4.064055919647217,0.2970004975795746,0.000125,1044.840482711792
6881,45,105,875356,128,2.0868494510650635,1.6925580501556396,3.9195244312286377,0.2338903397321701,0.000125,1044.9829063415527
6882,45,106,875484,128,3.1282315254211426,2.7477500438690186,3.7756195068359375,0.2919553220272064,0.000125,1045.1272921562195
6883,45,107,875612,128,2.963749647140503,2.5652689933776855,3.9588611125946045,0.25945159792900085,0.000125,1045.270182609558
6884,45,108,875740,128,2.716008186340332,2.304837703704834,4.08512544631958,0.26579809188842773,0.000125,1045.4122030735016
6885,45,109,875868,128,2.335540533065796,1.9183162450790405,4.141933917999268,0.3031013309955597,0.000125,1045.554446220398
6886,45,110,875996,128,2.1376898288726807,1.7298065423965454,4.051915645599365,0.26918384432792664,0.000125,1045.6972362995148
6887,45,111,876124,128,2.5100443363189697,2.0887084007263184,4.182830333709717,0.3052971661090851,0.000125,1045.8387334346771
6888,45,112,876252,128,2.956207513809204,2.566084861755371,3.877234697341919,0.2399236261844635,0.000125,1045.9799091815948
6889,45,113,876380,128,4.221068382263184,3.8220863342285156,3.966150999069214,0.2366996705532074,0.000125,1046.122742176056
6890,45,114,876508,128,2.5942511558532715,2.1837284564971924,4.081254959106445,0.2397296130657196,0.000125,1046.266000509262
6891,45,115,876636,128,3.53356671333313,3.1292037963867188,4.0156989097595215,0.27931860089302063,0.000125,1046.406389951706
6892,45,116,876764,128,3.749758005142212,3.337594747543335,4.098781108856201,0.22853592038154602,0.000125,1046.5509221553802
6893,45,117,876892,128,2.9450814723968506,2.5292532444000244,4.126739501953125,0.3154318928718567,0.000125,1046.6920363903046
6894,45,118,877020,128,2.2801053524017334,1.8579589128494263,4.194815635681152,0.26648807525634766,0.000125,1046.8340239524841
6895,45,119,877148,128,2.674816846847534,2.2435591220855713,4.2864532470703125,0.2612399160861969,0.000125,1046.9763941764832
6896,45,120,877276,128,2.27233624458313,1.8732655048370361,3.965235471725464,0.25473538041114807,0.000125,1047.1180477142334
6897,45,121,877404,128,2.564988374710083,2.1681365966796875,3.94098162651062,0.27534958720207214,0.000125,1047.2576625347137
6898,45,122,877532,128,3.0165724754333496,2.616865873336792,3.9683849811553955,0.2868252396583557,0.000125,1047.398105621338
6899,45,123,877660,128,2.924992561340332,2.527329206466675,3.9439098834991455,0.3272377848625183,0.000125,1047.5395526885986
6900,45,124,877788,128,1.9685704708099365,1.5632847547531128,4.026247978210449,0.2660828232765198,0.000125,1047.680044412613
6901,45,125,877916,128,1.9015024900436401,1.4800044298171997,4.187168121337891,0.27812451124191284,0.000125,1047.8202307224274
6902,45,126,878044,128,2.902902364730835,2.503913402557373,3.960153102874756,0.2973594665527344,0.000125,1047.9600193500519
6903,45,127,878172,128,2.5177762508392334,2.083965301513672,4.308038711547852,0.30071353912353516,0.000125,1048.1016991138458
6904,45,128,878300,128,3.3286304473876953,2.927727699279785,3.980433225631714,0.2859424650669098,0.000125,1048.2432804107666
6905,45,129,878428,128,2.3132903575897217,1.9317892789840698,3.7862119674682617,0.2879906892776489,0.000125,1048.3889532089233
6906,45,130,878556,128,2.5717973709106445,2.1332595348358154,4.35939884185791,0.25981569290161133,0.000125,1048.533849954605
6907,45,131,878684,128,2.70458984375,2.2778425216674805,4.239184856414795,0.282871812582016,0.000125,1048.6787946224213
6908,45,132,878812,128,2.739494562149048,2.349998950958252,3.8667356967926025,0.28220561146736145,0.000125,1048.8239378929138
6909,45,133,878940,128,2.629298448562622,2.202812671661377,4.236763954162598,0.28092819452285767,0.000125,1048.9669287204742
6910,45,134,879068,128,2.2480196952819824,1.860113501548767,3.8501365184783936,0.28925859928131104,0.000125,1049.1111719608307
6911,45,135,879196,128,3.052891492843628,2.650691032409668,3.9906792640686035,0.3132552206516266,0.000125,1049.2533617019653
6912,45,136,879324,128,3.20650315284729,2.7673540115356445,4.362487316131592,0.2900266647338867,0.000125,1049.3949627876282
6913,45,137,879452,128,3.2341668605804443,2.8140933513641357,4.170774459838867,0.2995934784412384,0.000125,1049.5373966693878
6914,45,138,879580,128,2.779625654220581,2.3595361709594727,4.171109676361084,0.2978565990924835,0.000125,1049.6795670986176
6915,45,139,879708,128,2.2868101596832275,1.8900375366210938,3.94270920753479,0.2501717805862427,0.000125,1049.8193743228912
6916,45,140,879836,128,2.4273674488067627,2.0486416816711426,3.7676918506622314,0.19567924737930298,0.000125,1049.9594535827637
6917,45,141,879964,128,2.0514447689056396,1.6438586711883545,4.046008110046387,0.2985318601131439,0.000125,1050.0996124744415
6918,45,142,880092,128,2.8843533992767334,2.5008890628814697,3.812004327774048,0.2263685017824173,0.000125,1050.2408134937286
6919,45,143,880220,128,1.8879162073135376,1.4895118474960327,3.961022138595581,0.23021772503852844,0.000125,1050.3807077407837
6920,45,144,880348,128,2.582265853881836,2.157900094985962,4.219554901123047,0.24101322889328003,0.000125,1050.5223681926727
6921,45,145,880476,128,2.441361665725708,2.045398235321045,3.933481454849243,0.2615296542644501,0.000125,1050.663223028183
6922,45,146,880604,128,2.935797691345215,2.531261444091797,4.015294075012207,0.30069658160209656,0.000125,1050.8046820163727
6923,45,147,880732,128,2.690894365310669,2.297565221786499,3.904794216156006,0.2849917411804199,0.000125,1050.9466452598572
6924,45,148,880860,128,2.6381616592407227,2.2305006980895996,4.047646522521973,0.2896331250667572,0.000125,1051.08864736557
6925,45,149,880988,128,3.1453418731689453,2.7417171001434326,4.005923271179199,0.3032466769218445,0.000125,1051.2294926643372
6926,45,150,881116,128,2.3004777431488037,1.9023945331573486,3.9503862857818604,0.30446118116378784,0.000125,1051.3702039718628
6927,45,151,881244,128,2.355609655380249,1.941757321357727,4.107909679412842,0.30611833930015564,0.000125,1051.5122292041779
6928,45,152,881372,128,2.419630765914917,2.029599666595459,3.8699705600738525,0.30340826511383057,0.000125,1051.6541068553925
6929,45,153,881500,128,2.9212450981140137,2.5168652534484863,4.017524719238281,0.26273295283317566,0.000125,1051.7950665950775
6930,45,154,881505,5,1.111341953277588,0.7068448662757874,3.9996535778045654,0.4531763792037964,0.000125,1051.9317104816437
6931,46,1,881633,128,2.498778820037842,2.113194227218628,3.827951192855835,0.2789434492588043,6.25e-05,1053.4420199394226
6932,46,2,881761,128,2.8241353034973145,2.415139675140381,4.065035820007324,0.24918358027935028,6.25e-05,1053.5829117298126
6933,46,3,881889,128,2.5845649242401123,2.1768863201141357,4.04840612411499,0.28378865122795105,6.25e-05,1053.7239501476288
6934,46,4,882017,128,2.0927445888519287,1.715610384941101,3.747809410095215,0.23531752824783325,6.25e-05,1053.8638384342194
6935,46,5,882145,128,2.1329429149627686,1.7133324146270752,4.167128562927246,0.28978046774864197,6.25e-05,1054.0041358470917
6936,46,6,882273,128,2.0910022258758545,1.6805499792099,4.074024677276611,0.30498749017715454,6.25e-05,1054.1455173492432
6937,46,7,882401,128,2.109755277633667,1.7283166646957397,3.7887749671936035,0.2561172544956207,6.25e-05,1054.285630941391
6938,46,8,882529,128,2.435274124145508,2.0276947021484375,4.046382427215576,0.29410630464553833,6.25e-05,1054.426242351532
6939,46,9,882657,128,2.317793607711792,1.9019486904144287,4.132232189178467,0.26216351985931396,6.25e-05,1054.5704598426819
6940,46,10,882785,128,3.797046661376953,3.3531417846679688,4.409929275512695,0.29121172428131104,6.25e-05,1054.7166726589203
6941,46,11,882913,128,2.2968618869781494,1.9049720764160156,3.8865606784820557,0.3233734965324402,6.25e-05,1054.857589006424
6942,46,12,883041,128,3.187758684158325,2.779697895050049,4.049831867218018,0.307755708694458,6.25e-05,1054.99853682518
6943,46,13,883169,128,2.609475612640381,2.213015556335449,3.9386284351348877,0.2597353458404541,6.25e-05,1055.1424260139465
6944,46,14,883297,128,2.125152349472046,1.741769552230835,3.806002140045166,0.2782641053199768,6.25e-05,1055.2833416461945
6945,46,15,883425,128,2.113842248916626,1.7137197256088257,3.9726181030273438,0.28608056902885437,6.25e-05,1055.4233593940735
6946,46,16,883553,128,2.652296543121338,2.265366792678833,3.8420164585113525,0.2728014588356018,6.25e-05,1055.563238143921
6947,46,17,883681,128,2.006382465362549,1.6058337688446045,3.9722514152526855,0.33234885334968567,6.25e-05,1055.7032690048218
6948,46,18,883809,128,2.49513840675354,2.112724781036377,3.801270008087158,0.22865819931030273,6.25e-05,1055.843716621399
6949,46,19,883937,128,2.8409221172332764,2.4290637969970703,4.095414161682129,0.23170039057731628,6.25e-05,1055.9835364818573
6950,46,20,884065,128,2.640165090560913,2.229297161102295,4.07795524597168,0.30725955963134766,6.25e-05,1056.1253459453583
6951,46,21,884193,128,3.150878429412842,2.7387936115264893,4.091583728790283,0.2926259934902191,6.25e-05,1056.265067577362
6952,46,22,884321,128,2.339907646179199,1.9409701824188232,3.959684133529663,0.29690372943878174,6.25e-05,1056.4045553207397
6953,46,23,884449,128,2.787792682647705,2.3858120441436768,3.991492748260498,0.28314533829689026,6.25e-05,1056.5479094982147
6954,46,24,884577,128,2.4195640087127686,2.003995418548584,4.128529071807861,0.27155300974845886,6.25e-05,1056.6931264400482
6955,46,25,884705,128,2.4964914321899414,2.078181505203247,4.156961441040039,0.26137644052505493,6.25e-05,1056.8356220722198
6956,46,26,884833,128,2.9519481658935547,2.5303354263305664,4.188689708709717,0.2743765711784363,6.25e-05,1056.9765169620514
6957,46,27,884961,128,2.2061800956726074,1.7883158922195435,4.151439666748047,0.2720450162887573,6.25e-05,1057.1197168827057
6958,46,28,885089,128,2.7738001346588135,2.3633511066436768,4.071469783782959,0.3302176594734192,6.25e-05,1057.2611112594604
6959,46,29,885217,128,2.2434377670288086,1.826688528060913,4.13046407699585,0.3702831268310547,6.25e-05,1057.4011046886444
6960,46,30,885345,128,2.5391528606414795,2.1008989810943604,4.352391719818115,0.3014744818210602,6.25e-05,1057.5425617694855
6961,46,31,885473,128,2.610337972640991,2.2221550941467285,3.8580315113067627,0.2379685789346695,6.25e-05,1057.6828572750092
6962,46,32,885601,128,2.678281307220459,2.2932841777801514,3.8209636211395264,0.29009512066841125,6.25e-05,1057.8230834007263
6963,46,33,885729,128,2.5549731254577637,2.132274627685547,4.196911811828613,0.30073457956314087,6.25e-05,1057.9650774002075
6964,46,34,885857,128,2.66778302192688,2.2510974407196045,4.13773775100708,0.29118093848228455,6.25e-05,1058.1074259281158
6965,46,35,885985,128,2.1319663524627686,1.7280211448669434,4.009462356567383,0.29989519715309143,6.25e-05,1058.248072385788
6966,46,36,886113,128,2.2964565753936768,1.8873021602630615,4.059605598449707,0.3193739354610443,6.25e-05,1058.3879036903381
6967,46,37,886241,128,2.129061698913574,1.7253390550613403,4.0113959312438965,0.2583121359348297,6.25e-05,1058.5282006263733
6968,46,38,886369,128,2.3301031589508057,1.939422607421875,3.878005266189575,0.288004606962204,6.25e-05,1058.6685497760773
6969,46,39,886497,128,2.128058910369873,1.7269647121429443,3.9861276149749756,0.2481546700000763,6.25e-05,1058.8084483146667
6970,46,40,886625,128,2.55269718170166,2.1377382278442383,4.123524188995361,0.260670006275177,6.25e-05,1058.9489889144897
6971,46,41,886753,128,3.001803159713745,2.596510887145996,4.026883602142334,0.2604096233844757,6.25e-05,1059.0896270275116
6972,46,42,886881,128,2.647888422012329,2.231459617614746,4.131594657897949,0.32693856954574585,6.25e-05,1059.2312338352203
6973,46,43,887009,128,2.3890974521636963,1.9891352653503418,3.969428062438965,0.30192336440086365,6.25e-05,1059.3689160346985
6974,46,44,887137,128,2.250513792037964,1.8458268642425537,4.01664400100708,0.3022477924823761,6.25e-05,1059.5113787651062
6975,46,45,887265,128,2.018606424331665,1.597908616065979,4.180020809173584,0.2695852220058441,6.25e-05,1059.6570427417755
6976,46,46,887393,128,2.4031519889831543,1.9959514141082764,4.045166015625,0.2683927118778229,6.25e-05,1059.799326658249
6977,46,47,887521,128,2.4877703189849854,2.0791094303131104,4.058540344238281,0.28068241477012634,6.25e-05,1059.9431071281433
6978,46,48,887649,128,2.510500907897949,2.102278232574463,4.055119514465332,0.27107512950897217,6.25e-05,1060.0856926441193
6979,46,49,887777,128,1.9858373403549194,1.5944561958312988,3.8857150077819824,0.2809653878211975,6.25e-05,1060.2277853488922
6980,46,50,887905,128,2.91709303855896,2.531665802001953,3.8236773014068604,0.30596858263015747,6.25e-05,1060.3666112422943
6981,46,51,888033,128,3.0706076622009277,2.6526453495025635,4.150379180908203,0.292434424161911,6.25e-05,1060.5083022117615
6982,46,52,888161,128,3.1089260578155518,2.7229390144348145,3.8301475048065186,0.29723066091537476,6.25e-05,1060.6512439250946
6983,46,53,888289,128,2.426663875579834,2.023176908493042,4.008381366729736,0.2648928463459015,6.25e-05,1060.792345046997
6984,46,54,888417,128,2.58160400390625,2.1719231605529785,4.066226005554199,0.30581235885620117,6.25e-05,1060.9341156482697
6985,46,55,888545,128,2.252875566482544,1.8449732065200806,4.051502704620361,0.2752149999141693,6.25e-05,1061.0756862163544
6986,46,56,888673,128,2.4721314907073975,2.0625405311584473,4.06308126449585,0.32829001545906067,6.25e-05,1061.216765165329
6987,46,57,888801,128,2.5572011470794678,2.142829656600952,4.116211891174316,0.27504974603652954,6.25e-05,1061.356940984726
6988,46,58,888929,128,2.167012929916382,1.7475953102111816,4.168109893798828,0.26066499948501587,6.25e-05,1061.500613451004
6989,46,59,889057,128,2.27583646774292,1.883519172668457,3.8990209102630615,0.2415096014738083,6.25e-05,1061.6411337852478
6990,46,60,889185,128,2.2467763423919678,1.860940933227539,3.8305723667144775,0.2778283655643463,6.25e-05,1061.7832958698273
6991,46,61,889313,128,2.120091199874878,1.724748134613037,3.925469160079956,0.2796153724193573,6.25e-05,1061.9252064228058
6992,46,62,889441,128,2.9296376705169678,2.5133721828460693,4.128647327423096,0.3400704264640808,6.25e-05,1062.068068742752
6993,46,63,889569,128,2.5881569385528564,2.1813459396362305,4.040895462036133,0.27215826511383057,6.25e-05,1062.221112728119
6994,46,64,889697,128,3.2716667652130127,2.8718197345733643,3.9693357944488525,0.29134395718574524,6.25e-05,1062.3719201087952
6995,46,65,889825,128,2.5577609539031982,2.160895824432373,3.9425909519195557,0.26061949133872986,6.25e-05,1062.5204908847809
6996,46,66,889953,128,2.2443325519561768,1.8313387632369995,4.098996639251709,0.3094203770160675,6.25e-05,1062.664219379425
6997,46,67,890081,128,2.6092417240142822,2.2196943759918213,3.871547222137451,0.23926375806331635,6.25e-05,1062.8066475391388
6998,46,68,890209,128,2.678711175918579,2.2556569576263428,4.201972007751465,0.2856859266757965,6.25e-05,1062.9494898319244
6999,46,69,890337,128,2.063203811645508,1.6609327793121338,3.993927240371704,0.2878148555755615,6.25e-05,1063.093282699585
7000,46,70,890465,128,2.6940762996673584,2.306351900100708,3.8477189540863037,0.2952611446380615,6.25e-05,1063.2349598407745
7001,46,71,890593,128,2.4489221572875977,2.0354161262512207,4.112445831298828,0.2261447310447693,6.25e-05,1063.3759989738464
7002,46,72,890721,128,2.156721353530884,1.738249659538269,4.156916618347168,0.277997225522995,6.25e-05,1063.5172629356384
7003,46,73,890849,128,2.3816936016082764,1.9691311120986938,4.099133491516113,0.2649100720882416,6.25e-05,1063.6590101718903
7004,46,74,890977,128,2.474353075027466,2.063565731048584,4.082391738891602,0.2548324465751648,6.25e-05,1063.8048865795135
7005,46,75,891105,128,2.409203052520752,2.0025522708892822,4.0417094230651855,0.24798904359340668,6.25e-05,1063.9521794319153
7006,46,76,891233,128,2.2179136276245117,1.8093565702438354,4.060422420501709,0.2514803111553192,6.25e-05,1064.098620414734
7007,46,77,891361,128,2.3126893043518066,1.9272489547729492,3.828233003616333,0.26172348856925964,6.25e-05,1064.237620830536
7008,46,78,891489,128,2.9841957092285156,2.5525400638580322,4.286157608032227,0.3039887845516205,6.25e-05,1064.3846859931946
7009,46,79,891617,128,2.370180368423462,1.955034852027893,4.120546340942383,0.3090771734714508,6.25e-05,1064.5287697315216
7010,46,80,891745,128,2.435353994369507,2.0122222900390625,4.198123931884766,0.33192434906959534,6.25e-05,1064.668559551239
7011,46,81,891873,128,2.040879726409912,1.6450543403625488,3.930506467819214,0.27747097611427307,6.25e-05,1064.8062901496887
7012,46,82,892001,128,2.277420997619629,1.8756904602050781,3.9889848232269287,0.28320473432540894,6.25e-05,1064.9436984062195
7013,46,83,892129,128,2.0954999923706055,1.715925693511963,3.770453453063965,0.25289323925971985,6.25e-05,1065.0944793224335
7014,46,84,892257,128,2.4541103839874268,2.033191204071045,4.183325290679932,0.25866106152534485,6.25e-05,1065.2456090450287
7015,46,85,892385,128,2.728983163833618,2.3414011001586914,3.8499526977539062,0.25869452953338623,6.25e-05,1065.391039609909
7016,46,86,892513,128,2.135913133621216,1.7233704328536987,4.093543529510498,0.3188267648220062,6.25e-05,1065.5341699123383
7017,46,87,892641,128,2.3233888149261475,1.917785882949829,4.030713081359863,0.25315800309181213,6.25e-05,1065.6727013587952
7018,46,88,892769,128,2.461881160736084,2.038027048110962,4.209508419036865,0.29032421112060547,6.25e-05,1065.8258213996887
7019,46,89,892897,128,2.569493293762207,2.15519642829895,4.115262508392334,0.27705857157707214,6.25e-05,1065.965853691101
7020,46,90,893025,128,2.4285902976989746,2.0321762561798096,3.9357287883758545,0.28411149978637695,6.25e-05,1066.1071963310242
7021,46,91,893153,128,2.858581304550171,2.4398000240325928,4.160329341888428,0.274823397397995,6.25e-05,1066.245417356491
7022,46,92,893281,128,2.663912773132324,2.260399580001831,4.008628845214844,0.26501867175102234,6.25e-05,1066.385136604309
7023,46,93,893409,128,2.545531749725342,2.135211944580078,4.077565670013428,0.2563355267047882,6.25e-05,1066.526924610138
7024,46,94,893537,128,2.3837809562683105,1.9941436052322388,3.8721368312835693,0.24236781895160675,6.25e-05,1066.666127204895
7025,46,95,893665,128,2.241929292678833,1.8358052968978882,4.0363383293151855,0.2490396648645401,6.25e-05,1066.806532382965
7026,46,96,893793,128,2.835928440093994,2.444598436355591,3.8852550983428955,0.28044241666793823,6.25e-05,1066.94655585289
7027,46,97,893921,128,2.2264771461486816,1.8296586275100708,3.940094470977783,0.2809080183506012,6.25e-05,1067.086041688919
7028,46,98,894049,128,2.8139259815216064,2.4104602336883545,4.002922058105469,0.3173644244670868,6.25e-05,1067.2254881858826
7029,46,99,894177,128,2.5974018573760986,2.1868410110473633,4.07710075378418,0.28507673740386963,6.25e-05,1067.3633270263672
7030,46,100,894305,128,2.5163779258728027,2.100454092025757,4.128060340881348,0.3117769658565521,6.25e-05,1067.4997999668121
7031,46,101,894433,128,2.2082717418670654,1.7990212440490723,4.063281059265137,0.29223641753196716,6.25e-05,1067.638872385025
7032,46,102,894561,128,2.386986494064331,1.9736865758895874,4.1043291091918945,0.2867071032524109,6.25e-05,1067.7770147323608
7033,46,103,894689,128,3.5689916610717773,3.1672775745391846,3.9902520179748535,0.2688792645931244,6.25e-05,1067.9180946350098
7034,46,104,894817,128,2.877685308456421,2.47037410736084,4.047597408294678,0.25514814257621765,6.25e-05,1068.0614676475525
7035,46,105,894945,128,2.6900739669799805,2.2855660915374756,4.017948627471924,0.2712930142879486,6.25e-05,1068.2037830352783
7036,46,106,895073,128,2.6134912967681885,2.2048208713531494,4.059169769287109,0.2753569483757019,6.25e-05,1068.3461074829102
7037,46,107,895201,128,2.7532131671905518,2.3267064094543457,4.235126972198486,0.29940757155418396,6.25e-05,1068.48827791214
7038,46,108,895329,128,3.6034979820251465,3.192072868347168,4.087635517120361,0.26615363359451294,6.25e-05,1068.6314640045166
7039,46,109,895457,128,2.5991272926330566,2.2036519050598145,3.9252235889434814,0.2953026592731476,6.25e-05,1068.7714278697968
7040,46,110,895585,128,2.316667318344116,1.909619688987732,4.042818069458008,0.27660036087036133,6.25e-05,1068.9235606193542
7041,46,111,895713,128,2.8313302993774414,2.4364850521087646,3.922550678253174,0.2590097486972809,6.25e-05,1069.0640478134155
7042,46,112,895841,128,2.9012646675109863,2.4960711002349854,4.023580074310303,0.28356102108955383,6.25e-05,1069.2099146842957
7043,46,113,895969,128,2.68491792678833,2.284654378890991,3.974224805831909,0.2840956151485443,6.25e-05,1069.3526332378387
7044,46,114,896097,128,2.662682056427002,2.263564109802246,3.9629366397857666,0.2824329435825348,6.25e-05,1069.4953722953796
7045,46,115,896225,128,1.917779803276062,1.5107722282409668,4.043829441070557,0.2624586820602417,6.25e-05,1069.6415143013
7046,46,116,896353,128,2.2423617839813232,1.8532474040985107,3.8652360439300537,0.2590941786766052,6.25e-05,1069.7798337936401
7047,46,117,896481,128,2.79019832611084,2.391244411468506,3.9617671966552734,0.27770906686782837,6.25e-05,1069.9236912727356
7048,46,118,896609,128,2.130281448364258,1.7322884798049927,3.9524967670440674,0.274321049451828,6.25e-05,1070.064031124115
7049,46,119,896737,128,2.427143096923828,2.0308401584625244,3.934237480163574,0.2879126965999603,6.25e-05,1070.5286338329315
7050,46,120,896865,128,2.4184327125549316,1.9993339776992798,4.160098075866699,0.30889132618904114,6.25e-05,1070.664567232132
7051,46,121,896993,128,2.352095365524292,1.943668246269226,4.052497386932373,0.317732036113739,6.25e-05,1070.8010303974152
7052,46,122,897121,128,2.6419754028320312,2.2318098545074463,4.076202392578125,0.2545364797115326,6.25e-05,1070.9386668205261
7053,46,123,897249,128,2.0082879066467285,1.5937070846557617,4.120145320892334,0.25664329528808594,6.25e-05,1071.078970193863
7054,46,124,897377,128,3.0052878856658936,2.6012799739837646,4.008914947509766,0.31164294481277466,6.25e-05,1071.2182931900024
7055,46,125,897505,128,2.237532615661621,1.8605409860610962,3.746914863586426,0.23002876341342926,6.25e-05,1071.3590919971466
7056,46,126,897633,128,2.3249714374542236,1.9312597513198853,3.9058055877685547,0.3131062388420105,6.25e-05,1071.5029518604279
7057,46,127,897761,128,2.379862070083618,1.9779752492904663,3.986088752746582,0.32779473066329956,6.25e-05,1071.641453742981
7058,46,128,897889,128,2.437743902206421,2.0708465576171875,3.6414899826049805,0.2748149037361145,6.25e-05,1071.782437324524
7059,46,129,898017,128,2.50736141204834,2.089250087738037,4.153840065002441,0.2727244794368744,6.25e-05,1071.918417930603
7060,46,130,898145,128,2.284250259399414,1.8758127689361572,4.056987762451172,0.27386829257011414,6.25e-05,1072.0576210021973
7061,46,131,898273,128,2.287226915359497,1.900514006614685,3.8359293937683105,0.31198909878730774,6.25e-05,1072.196769952774
7062,46,132,898401,128,2.232905864715576,1.8401323556900024,3.9011669158935547,0.26568174362182617,6.25e-05,1072.339114665985
7063,46,133,898529,128,1.940707802772522,1.539092779159546,3.985435724258423,0.3071466088294983,6.25e-05,1072.4777748584747
7064,46,134,898657,128,2.564610004425049,2.1312148571014404,4.308643817901611,0.25307610630989075,6.25e-05,1072.6198318004608
7065,46,135,898785,128,2.096074104309082,1.6877390146255493,4.0525221824646,0.30827876925468445,6.25e-05,1072.7580354213715
7066,46,136,898913,128,2.5016391277313232,2.0800657272338867,4.184630870819092,0.31103819608688354,6.25e-05,1072.8996889591217
7067,46,137,899041,128,2.256244421005249,1.850531816482544,4.029934406280518,0.2719264030456543,6.25e-05,1073.0376989841461
7068,46,138,899169,128,2.57892107963562,2.168087959289551,4.085990905761719,0.2233961820602417,6.25e-05,1073.177090883255
7069,46,139,899297,128,2.6513049602508545,2.244119167327881,4.0435004234313965,0.2835666537284851,6.25e-05,1073.3180940151215
7070,46,140,899425,128,2.804989814758301,2.4187564849853516,3.836130380630493,0.2620111107826233,6.25e-05,1073.45374751091
7071,46,141,899553,128,2.897922992706299,2.498746395111084,3.963829278945923,0.27938929200172424,6.25e-05,1073.6001601219177
7072,46,142,899681,128,2.8063106536865234,2.4202916622161865,3.83290696144104,0.2728104591369629,6.25e-05,1073.7407035827637
7073,46,143,899809,128,2.7109644412994385,2.3106882572174072,3.9716076850891113,0.311536967754364,6.25e-05,1073.8789541721344
7074,46,144,899937,128,2.6831023693084717,2.26473331451416,4.1569695472717285,0.26721107959747314,6.25e-05,1074.022438287735
7075,46,145,900065,128,1.8538110256195068,1.439499020576477,4.11463737487793,0.2848280370235443,6.25e-05,1074.166514158249
7076,46,146,900193,128,2.2536258697509766,1.8650141954421997,3.8585662841796875,0.27551329135894775,6.25e-05,1074.3105399608612
7077,46,147,900321,128,2.637481927871704,2.2298638820648193,4.044763088226318,0.3141680955886841,6.25e-05,1074.4533321857452
7078,46,148,900449,128,2.26351261138916,1.8657513856887817,3.949331045150757,0.28280919790267944,6.25e-05,1074.5967302322388
7079,46,149,900577,128,2.6240432262420654,2.2383298873901367,3.8280088901519775,0.291252464056015,6.25e-05,1074.7366580963135
7080,46,150,900705,128,2.2883503437042236,1.9127658605575562,3.7287516593933105,0.2709276080131531,6.25e-05,1074.8756749629974
7081,46,151,900833,128,2.3541419506073,1.9302361011505127,4.20953369140625,0.29526111483573914,6.25e-05,1075.0182344913483
7082,46,152,900961,128,2.5191502571105957,2.118595600128174,3.9802403450012207,0.253059059381485,6.25e-05,1075.1589739322662
7083,46,153,901089,128,3.0379586219787598,2.6385045051574707,3.9672160148620605,0.2732571065425873,6.25e-05,1075.3036236763
7084,46,154,901094,5,2.11311936378479,1.8262028694152832,2.82706618309021,0.42096999287605286,6.25e-05,1075.436686515808
7085,47,1,901222,128,2.1696836948394775,1.7316502332687378,4.347046852111816,0.33288878202438354,6.25e-05,1076.9273529052734
7086,47,2,901350,128,2.394577741622925,1.9918701648712158,3.9965145587921143,0.30561473965644836,6.25e-05,1077.0718648433685
7087,47,3,901478,128,2.0749263763427734,1.677049994468689,3.956289529800415,0.22472964227199554,6.25e-05,1077.2149949073792
7088,47,4,901606,128,2.7031729221343994,2.2958929538726807,4.0448198318481445,0.2798013985157013,6.25e-05,1077.356175661087
7089,47,5,901734,128,2.2161312103271484,1.7898451089859009,4.237993240356445,0.24867045879364014,6.25e-05,1077.4965870380402
7090,47,6,901862,128,1.972034215927124,1.5617657899856567,4.075068473815918,0.2761571705341339,6.25e-05,1077.642838716507
7091,47,7,901990,128,2.501676321029663,2.112896680831909,3.8631322383880615,0.24664710462093353,6.25e-05,1077.7976591587067
7092,47,8,902118,128,2.4477808475494385,2.01278018951416,4.320887088775635,0.2912045121192932,6.25e-05,1077.9395990371704
7093,47,9,902246,128,2.5403566360473633,2.1145412921905518,4.227959156036377,0.30192872881889343,6.25e-05,1078.0827980041504
7094,47,10,902374,128,3.4169375896453857,3.0167641639709473,3.9715576171875,0.3017648756504059,6.25e-05,1078.2248351573944
7095,47,11,902502,128,2.402585506439209,2.030447483062744,3.6972060203552246,0.24173399806022644,6.25e-05,1078.3628075122833
7096,47,12,902630,128,2.825745105743408,2.432640790939331,3.9039251804351807,0.27117979526519775,6.25e-05,1078.5107803344727
7097,47,13,902758,128,2.9104888439178467,2.5165762901306152,3.907440423965454,0.31684887409210205,6.25e-05,1078.6523053646088
7098,47,14,902886,128,3.2354609966278076,2.807692766189575,4.242265701293945,0.3541796803474426,6.25e-05,1078.7941617965698
7099,47,15,903014,128,2.0639257431030273,1.6660889387130737,3.951166868209839,0.2720184326171875,6.25e-05,1078.938558101654
7100,47,16,903142,128,2.210404872894287,1.8028573989868164,4.0508952140808105,0.2457745373249054,6.25e-05,1079.0780355930328
7101,47,17,903270,128,2.2923943996429443,1.8877860307693481,4.011910438537598,0.341730535030365,6.25e-05,1079.2161121368408
7102,47,18,903398,128,2.592071533203125,2.199950695037842,3.894235849380493,0.2697272002696991,6.25e-05,1079.3532745838165
7103,47,19,903526,128,2.676880359649658,2.2528393268585205,4.207540988922119,0.3286890685558319,6.25e-05,1079.4952461719513
7104,47,20,903654,128,2.5255839824676514,2.0944957733154297,4.283176898956299,0.27703994512557983,6.25e-05,1079.636952638626
7105,47,21,903782,128,2.5417122840881348,2.1367828845977783,4.023285865783691,0.2601006329059601,6.25e-05,1079.7775976657867
7106,47,22,903910,128,2.466933488845825,2.0402472019195557,4.239703178405762,0.2715947926044464,6.25e-05,1079.9186177253723
7107,47,23,904038,128,2.4448704719543457,2.05724835395813,3.846121072769165,0.3010002374649048,6.25e-05,1080.0607604980469
7108,47,24,904166,128,2.3156721591949463,1.9286211729049683,3.8426482677459717,0.2786262333393097,6.25e-05,1080.204029560089
7109,47,25,904294,128,2.368906259536743,1.9690110683441162,3.970811605453491,0.28141704201698303,6.25e-05,1080.3459525108337
7110,47,26,904422,128,1.871187686920166,1.4647318124771118,4.035937309265137,0.2862056791782379,6.25e-05,1080.4878118038177
7111,47,27,904550,128,1.8666249513626099,1.4668225049972534,3.964623212814331,0.33400991559028625,6.25e-05,1080.6308031082153
7112,47,28,904678,128,3.057945728302002,2.6535136699676514,4.015283584594727,0.2903778851032257,6.25e-05,1080.7731158733368
7113,47,29,904806,128,2.719348192214966,2.30307936668396,4.128219127655029,0.3446919918060303,6.25e-05,1080.9176692962646
7114,47,30,904934,128,2.25862455368042,1.8609819412231445,3.9514427185058594,0.2498282641172409,6.25e-05,1081.0596325397491
7115,47,31,905062,128,2.3893580436706543,1.994502305984497,3.9225993156433105,0.25958487391471863,6.25e-05,1081.2021415233612
7116,47,32,905190,128,2.1848833560943604,1.776759147644043,4.052146911621094,0.29093483090400696,6.25e-05,1081.3439147472382
7117,47,33,905318,128,2.309274435043335,1.9203413724899292,3.8611226081848145,0.28207144141197205,6.25e-05,1081.487411737442
7118,47,34,905446,128,2.4594805240631104,2.0512499809265137,4.052793979644775,0.29511013627052307,6.25e-05,1081.63028550148
7119,47,35,905574,128,2.3693747520446777,1.9566998481750488,4.099539756774902,0.2720831334590912,6.25e-05,1081.7722375392914
7120,47,36,905702,128,2.168581247329712,1.7978980541229248,3.6803812980651855,0.264509379863739,6.25e-05,1081.9150881767273
7121,47,37,905830,128,1.9080740213394165,1.5212714672088623,3.833266019821167,0.34758856892585754,6.25e-05,1082.0583703517914
7122,47,38,905958,128,2.2974255084991455,1.9000047445297241,3.9418232440948486,0.3238524794578552,6.25e-05,1082.2006092071533
7123,47,39,906086,128,2.35245943069458,1.945425271987915,4.042531490325928,0.2780872583389282,6.25e-05,1082.3389959335327
7124,47,40,906214,128,2.6105852127075195,2.1990272998809814,4.086201190948486,0.29377615451812744,6.25e-05,1082.4819447994232
7125,47,41,906342,128,2.4058685302734375,1.9750117063522339,4.27667760848999,0.3189103305339813,6.25e-05,1082.629686832428
7126,47,42,906470,128,2.22799015045166,1.8244190216064453,4.009716033935547,0.2599482238292694,6.25e-05,1082.7729597091675
7127,47,43,906598,128,2.6155953407287598,2.2217659950256348,3.911858320236206,0.2643645703792572,6.25e-05,1082.9162230491638
7128,47,44,906726,128,1.9782806634902954,1.587079644203186,3.8820958137512207,0.2991484999656677,6.25e-05,1083.0589563846588
7129,47,45,906854,128,1.8330026865005493,1.4362974166870117,3.9434401988983154,0.23611311614513397,6.25e-05,1083.2026472091675
7130,47,46,906982,128,2.2313475608825684,1.8251843452453613,4.034173011779785,0.27459046244621277,6.25e-05,1083.3429679870605
7131,47,47,907110,128,1.9703599214553833,1.5757501125335693,3.918437957763672,0.2765973210334778,6.25e-05,1083.4801771640778
7132,47,48,907238,128,2.322733163833618,1.9079139232635498,4.1226911544799805,0.2550119459629059,6.25e-05,1083.6213734149933
7133,47,49,907366,128,2.169140338897705,1.7923908233642578,3.746727466583252,0.20767799019813538,6.25e-05,1083.7583920955658
7134,47,50,907494,128,1.9530891180038452,1.5604983568191528,3.8978402614593506,0.28067341446876526,6.25e-05,1083.895269393921
7135,47,51,907622,128,2.5659892559051514,2.161404609680176,4.0214524269104,0.2439485490322113,6.25e-05,1084.0326595306396
7136,47,52,907750,128,2.2901570796966553,1.8752583265304565,4.119773864746094,0.2921313941478729,6.25e-05,1084.1736178398132
7137,47,53,907878,128,1.9660179615020752,1.541500449180603,4.217114448547363,0.28060153126716614,6.25e-05,1084.317048549652
7138,47,54,908006,128,1.9351277351379395,1.5595574378967285,3.7309300899505615,0.24773083627223969,6.25e-05,1084.4586732387543
7139,47,55,908134,128,2.545365333557129,2.153592109680176,3.892489194869995,0.25243061780929565,6.25e-05,1084.599753856659
7140,47,56,908262,128,2.7862555980682373,2.391948938369751,3.9126462936401367,0.30419138073921204,6.25e-05,1084.74050283432
7141,47,57,908390,128,3.031805992126465,2.634864330291748,3.94231915473938,0.27099326252937317,6.25e-05,1084.8833584785461
7142,47,58,908518,128,2.923722505569458,2.517075777053833,4.0392842292785645,0.2718295753002167,6.25e-05,1085.0254037380219
7143,47,59,908646,128,2.8395133018493652,2.434518575668335,4.0206427574157715,0.2930390536785126,6.25e-05,1085.1688120365143
7144,47,60,908774,128,2.2068262100219727,1.8279105424880981,3.7641801834106445,0.24977435171604156,6.25e-05,1085.30965590477
7145,47,61,908902,128,2.615664005279541,2.205277681350708,4.076996326446533,0.2686828374862671,6.25e-05,1085.4510750770569
7146,47,62,909030,128,1.9452353715896606,1.5289698839187622,4.1362786293029785,0.2637646496295929,6.25e-05,1085.596335887909
7147,47,63,909158,128,2.231457471847534,1.817902684211731,4.106456279754639,0.29090726375579834,6.25e-05,1085.734649181366
7148,47,64,909286,128,1.7507268190383911,1.3588531017303467,3.8947134017944336,0.24024584889411926,6.25e-05,1085.8783066272736
7149,47,65,909414,128,3.756139039993286,3.3486480712890625,4.0454206466674805,0.29490023851394653,6.25e-05,1086.0221154689789
7150,47,66,909542,128,2.459895133972168,2.0275235176086426,4.29335880279541,0.3035871684551239,6.25e-05,1086.1639630794525
7151,47,67,909670,128,2.5438008308410645,2.1466383934020996,3.9418087005615234,0.29816538095474243,6.25e-05,1086.3067622184753
7152,47,68,909798,128,2.0099856853485107,1.619238018989563,3.881465435028076,0.2601051926612854,6.25e-05,1086.451269865036
7153,47,69,909926,128,3.645753860473633,3.2287302017211914,4.139864921569824,0.30372154712677,6.25e-05,1086.5950610637665
7154,47,70,910054,128,2.3493924140930176,1.9380985498428345,4.0837483406066895,0.2919027507305145,6.25e-05,1086.7386903762817
7155,47,71,910182,128,2.2776787281036377,1.9002609252929688,3.746771812438965,0.27406689524650574,6.25e-05,1086.8816545009613
7156,47,72,910310,128,2.4202487468719482,2.0071160793304443,4.10675573348999,0.245707169175148,6.25e-05,1087.022980928421
7157,47,73,910438,128,2.3079514503479004,1.9086759090423584,3.964656352996826,0.281011700630188,6.25e-05,1087.1667947769165
7158,47,74,910566,128,3.011699676513672,2.5840322971343994,4.247664451599121,0.2900943458080292,6.25e-05,1087.3086042404175
7159,47,75,910694,128,2.835261821746826,2.425568103790283,4.066214084625244,0.3072250783443451,6.25e-05,1087.4519765377045
7160,47,76,910822,128,2.6305699348449707,2.2312099933624268,3.9657986164093018,0.27800777554512024,6.25e-05,1087.5932450294495
7161,47,77,910950,128,3.007194757461548,2.5845227241516113,4.192555904388428,0.34164565801620483,6.25e-05,1087.7368514537811
7162,47,78,911078,128,2.802196502685547,2.3892385959625244,4.0960516929626465,0.3352735936641693,6.25e-05,1087.8793556690216
7163,47,79,911206,128,2.3885066509246826,1.9800702333450317,4.058533668518066,0.258303701877594,6.25e-05,1088.0209619998932
7164,47,80,911334,128,2.642364501953125,2.243993043899536,3.958338499069214,0.25377359986305237,6.25e-05,1088.1654660701752
7165,47,81,911462,128,2.2586827278137207,1.841391921043396,4.144113540649414,0.287934809923172,6.25e-05,1088.3077051639557
7166,47,82,911590,128,2.5309643745422363,2.1226706504821777,4.0583343505859375,0.24602214992046356,6.25e-05,1088.4540462493896
7167,47,83,911718,128,3.2910547256469727,2.90392804145813,3.841240167617798,0.3002609610557556,6.25e-05,1088.597280740738
7168,47,84,911846,128,2.7037131786346436,2.3083646297454834,3.9254510402679443,0.28036609292030334,6.25e-05,1088.7376458644867
7169,47,85,911974,128,2.532074213027954,2.1535325050354004,3.7568047046661377,0.2861330211162567,6.25e-05,1088.8812782764435
7170,47,86,912102,128,2.138537645339966,1.7557005882263184,3.8015148639678955,0.2685512900352478,6.25e-05,1089.0217788219452
7171,47,87,912230,128,2.5524327754974365,2.1629931926727295,3.8731040954589844,0.21290405094623566,6.25e-05,1089.1610918045044
7172,47,88,912358,128,2.862420082092285,2.4533960819244385,4.066567420959473,0.23671722412109375,6.25e-05,1089.3043932914734
7173,47,89,912486,128,1.7689334154129028,1.342214584350586,4.239540100097656,0.27648183703422546,6.25e-05,1089.447045326233
7174,47,90,912614,128,2.704267740249634,2.2972779273986816,4.03843355178833,0.3146311342716217,6.25e-05,1089.5909416675568
7175,47,91,912742,128,2.48984694480896,2.087770700454712,3.9955639839172363,0.2519954741001129,6.25e-05,1089.7367706298828
7176,47,92,912870,128,2.29996919631958,1.8966845273971558,4.006983757019043,0.2586315870285034,6.25e-05,1089.879436969757
7177,47,93,912998,128,2.446282386779785,2.076333522796631,3.666323661804199,0.33163005113601685,6.25e-05,1090.0266041755676
7178,47,94,913126,128,2.0459437370300293,1.6376760005950928,4.053433895111084,0.2924543023109436,6.25e-05,1090.1682000160217
7179,47,95,913254,128,2.26664137840271,1.8652669191360474,3.9868669509887695,0.26876121759414673,6.25e-05,1090.310242652893
7180,47,96,913382,128,2.327087163925171,1.9417563676834106,3.828834056854248,0.2447352409362793,6.25e-05,1090.452866077423
7181,47,97,913510,128,2.392671585083008,1.9640040397644043,4.258440971374512,0.28232458233833313,6.25e-05,1090.5914504528046
7182,47,98,913638,128,2.896682024002075,2.4983551502227783,3.9597439765930176,0.2352561205625534,6.25e-05,1090.7305688858032
7183,47,99,913766,128,2.725109338760376,2.327310085296631,3.945079803466797,0.32913145422935486,6.25e-05,1090.8739998340607
7184,47,100,913894,128,1.9710454940795898,1.5764899253845215,3.914259672164917,0.31296032667160034,6.25e-05,1091.01966547966
7185,47,101,914022,128,3.5046558380126953,3.0996577739715576,4.021572113037109,0.2840763330459595,6.25e-05,1091.1678259372711
7186,47,102,914150,128,2.2560267448425293,1.8217133283615112,4.315054893493652,0.2807755470275879,6.25e-05,1091.3118932247162
7187,47,103,914278,128,2.7095139026641846,2.323246479034424,3.832775831222534,0.2989720106124878,6.25e-05,1091.4557673931122
7188,47,104,914406,128,2.696882724761963,2.287369966506958,4.069375514984131,0.2575070261955261,6.25e-05,1091.598605632782
7189,47,105,914534,128,2.070795774459839,1.6622912883758545,4.052617073059082,0.32427313923835754,6.25e-05,1091.7424430847168
7190,47,106,914662,128,2.3700687885284424,1.9823412895202637,3.8525261878967285,0.2474713772535324,6.25e-05,1091.8866314888
7191,47,107,914790,128,3.5317726135253906,3.1107795238494873,4.180224895477295,0.29707202315330505,6.25e-05,1092.0401380062103
7192,47,108,914918,128,2.8340516090393066,2.41306471824646,4.184606075286865,0.25262561440467834,6.25e-05,1092.197699546814
7193,47,109,915046,128,2.432849645614624,2.01843523979187,4.118066787719727,0.2607852816581726,6.25e-05,1092.3395149707794
7194,47,110,915174,128,2.5489768981933594,2.136707067489624,4.089149475097656,0.3354896605014801,6.25e-05,1092.4783957004547
7195,47,111,915302,128,2.4176077842712402,1.9979709386825562,4.164368629455566,0.3199980854988098,6.25e-05,1092.6209127902985
7196,47,112,915430,128,2.6858060359954834,2.2635018825531006,4.195342540740967,0.27699270844459534,6.25e-05,1092.7622876167297
7197,47,113,915558,128,2.4996085166931152,2.119900703430176,3.769726514816284,0.2735045850276947,6.25e-05,1092.9032101631165
7198,47,114,915686,128,2.4340474605560303,2.0589489936828613,3.7282304763793945,0.2275550812482834,6.25e-05,1093.0443277359009
7199,47,115,915814,128,2.1576955318450928,1.7327322959899902,4.221597194671631,0.2803575396537781,6.25e-05,1093.188089132309
7200,47,116,915942,128,2.4553744792938232,2.059760570526123,3.929006814956665,0.2713189125061035,6.25e-05,1093.3291516304016
7201,47,117,916070,128,2.4756839275360107,2.0707333087921143,4.024937629699707,0.24569794535636902,6.25e-05,1093.4720704555511
7202,47,118,916198,128,2.5255956649780273,2.107116460800171,4.153948783874512,0.3084471821784973,6.25e-05,1093.6121425628662
7203,47,119,916326,128,2.1056392192840576,1.7043430805206299,3.9840095043182373,0.28950580954551697,6.25e-05,1093.752784729004
7204,47,120,916454,128,2.869713306427002,2.4581615924835205,4.083937168121338,0.3158084750175476,6.25e-05,1093.8939189910889
7205,47,121,916582,128,2.514939069747925,2.1098504066467285,4.021108150482178,0.2977949380874634,6.25e-05,1094.0374336242676
7206,47,122,916710,128,2.0392119884490967,1.6342332363128662,4.0203328132629395,0.2945418357849121,6.25e-05,1094.1813867092133
7207,47,123,916838,128,2.885443925857544,2.4621353149414062,4.205623149871826,0.2746281623840332,6.25e-05,1094.324101448059
7208,47,124,916966,128,2.754903793334961,2.3515491485595703,4.0084099769592285,0.25136300921440125,6.25e-05,1094.466991186142
7209,47,125,917094,128,2.318889856338501,1.9032220840454102,4.12727165222168,0.2940579056739807,6.25e-05,1094.6113092899323
7210,47,126,917222,128,2.230516195297241,1.826013207435608,4.020263195037842,0.2476762980222702,6.25e-05,1094.7544372081757
7211,47,127,917350,128,2.574887990951538,2.17214298248291,3.9989848136901855,0.28465336561203003,6.25e-05,1094.8973622322083
7212,47,128,917478,128,1.9908325672149658,1.5934511423110962,3.949031352996826,0.24782569706439972,6.25e-05,1095.0392365455627
7213,47,129,917606,128,2.236285448074341,1.813761591911316,4.193831920623779,0.314062237739563,6.25e-05,1095.179606437683
7214,47,130,917734,128,2.4137566089630127,2.000311851501465,4.100911617279053,0.33536407351493835,6.25e-05,1095.3196074962616
7215,47,131,917862,128,2.532421112060547,2.1277928352355957,4.015779495239258,0.3050406873226166,6.25e-05,1095.4612379074097
7216,47,132,917990,128,2.5182411670684814,2.1181702613830566,3.964337110519409,0.36370131373405457,6.25e-05,1095.6021208763123
7217,47,133,918118,128,2.776568651199341,2.380988597869873,3.929271697998047,0.2652890682220459,6.25e-05,1095.741497039795
7218,47,134,918246,128,2.277808427810669,1.877779483795166,3.9742431640625,0.2604697048664093,6.25e-05,1095.8801064491272
7219,47,135,918374,128,2.462308645248413,2.03741455078125,4.2231621742248535,0.25777629017829895,6.25e-05,1096.0237226486206
7220,47,136,918502,128,2.2269058227539062,1.8014215230941772,4.225955009460449,0.2888715863227844,6.25e-05,1096.1669921875
7221,47,137,918630,128,2.267472982406616,1.868829369544983,3.9587535858154297,0.27682873606681824,6.25e-05,1096.3094830513
7222,47,138,918758,128,2.9588420391082764,2.5726475715637207,3.836404323577881,0.2553989589214325,6.25e-05,1096.4518959522247
7223,47,139,918886,128,2.177478790283203,1.7783761024475098,3.9589457511901855,0.32082560658454895,6.25e-05,1096.5941359996796
7224,47,140,919014,128,2.535144567489624,2.133230209350586,3.9847042560577393,0.34439581632614136,6.25e-05,1096.7360610961914
7225,47,141,919142,128,2.544421672821045,2.148357629776001,3.9318432807922363,0.28796225786209106,6.25e-05,1096.878433227539
7226,47,142,919270,128,2.2218949794769287,1.826668381690979,3.9269793033599854,0.25287535786628723,6.25e-05,1097.0203189849854
7227,47,143,919398,128,2.330024480819702,1.9073511362075806,4.1978020668029785,0.2893252968788147,6.25e-05,1097.1609256267548
7228,47,144,919526,128,2.511263370513916,2.112719774246216,3.960111618041992,0.2532404363155365,6.25e-05,1097.3037796020508
7229,47,145,919654,128,2.523061513900757,2.112055540084839,4.080988883972168,0.29071104526519775,6.25e-05,1097.4457423686981
7230,47,146,919782,128,2.762484312057495,2.3571617603302,4.0314483642578125,0.21777717769145966,6.25e-05,1097.5891478061676
7231,47,147,919910,128,2.748206377029419,2.319901704788208,4.251969337463379,0.3107828199863434,6.25e-05,1097.732327222824
7232,47,148,920038,128,2.1355743408203125,1.7435961961746216,3.8928682804107666,0.2691347301006317,6.25e-05,1097.8727650642395
7233,47,149,920166,128,2.093392848968506,1.6770116090774536,4.1344757080078125,0.29338598251342773,6.25e-05,1098.0165269374847
7234,47,150,920294,128,2.5730655193328857,2.151674747467041,4.181562900543213,0.32344284653663635,6.25e-05,1098.158729314804
7235,47,151,920422,128,2.2550454139709473,1.851931095123291,4.005138874053955,0.2600386440753937,6.25e-05,1098.3015158176422
7236,47,152,920550,128,2.5365490913391113,2.131457805633545,4.023502826690674,0.2740994691848755,6.25e-05,1098.4436526298523
7237,47,153,920678,128,2.2064754962921143,1.817551851272583,3.8659465312957764,0.23291242122650146,6.25e-05,1098.5901358127594
7238,47,154,920683,5,1.7385247945785522,1.3562852144241333,3.789215326309204,0.33181139826774597,6.25e-05,1098.7274219989777
7239,48,1,920811,128,2.3670613765716553,1.9399573802947998,4.2393717765808105,0.3166942000389099,6.25e-05,1100.2505161762238
7240,48,2,920939,128,3.001699447631836,2.592869758605957,4.0577263832092285,0.30569007992744446,6.25e-05,1100.3965055942535
7241,48,3,921067,128,2.582115888595581,2.185558319091797,3.9390716552734375,0.2650391459465027,6.25e-05,1100.5391955375671
7242,48,4,921195,128,2.12264084815979,1.735522985458374,3.8437297344207764,0.2744944989681244,6.25e-05,1100.6817047595978
7243,48,5,921323,128,2.8030242919921875,2.373408794403076,4.266908645629883,0.2924721837043762,6.25e-05,1100.8213109970093
7244,48,6,921451,128,2.1790730953216553,1.7780554294586182,3.983751058578491,0.2642641067504883,6.25e-05,1100.9615712165833
7245,48,7,921579,128,2.3845882415771484,1.9680004119873047,4.1369733810424805,0.28905826807022095,6.25e-05,1101.1006908416748
7246,48,8,921707,128,3.283149242401123,2.8568034172058105,4.235760688781738,0.2769814431667328,6.25e-05,1101.235517501831
7247,48,9,921835,128,2.3827402591705322,1.9889435768127441,3.912814140319824,0.2515346109867096,6.25e-05,1101.3751895427704
7248,48,10,921963,128,1.8439921140670776,1.4267038106918335,4.141753196716309,0.3112952411174774,6.25e-05,1101.5173802375793
7249,48,11,922091,128,2.3256988525390625,1.9165867567062378,4.064680576324463,0.26439428329467773,6.25e-05,1101.6588578224182
7250,48,12,922219,128,2.477801561355591,2.067960500717163,4.069751262664795,0.28661048412323,6.25e-05,1101.7988801002502
7251,48,13,922347,128,2.4993093013763428,2.1149940490722656,3.8164618015289307,0.26689818501472473,6.25e-05,1101.9384140968323
7252,48,14,922475,128,2.7686049938201904,2.347034454345703,4.1872076988220215,0.2849762737751007,6.25e-05,1102.0796828269958
7253,48,15,922603,128,2.152190685272217,1.7473797798156738,4.019871711730957,0.2823728621006012,6.25e-05,1102.2200100421906
7254,48,16,922731,128,2.811260938644409,2.4091742038726807,3.992025136947632,0.2884255647659302,6.25e-05,1102.3611867427826
7255,48,17,922859,128,2.902621269226074,2.4855101108551025,4.146351337432861,0.24758891761302948,6.25e-05,1102.504114151001
7256,48,18,922987,128,2.3226757049560547,1.9047009944915771,4.154208660125732,0.25538501143455505,6.25e-05,1102.6486911773682
7257,48,19,923115,128,2.6778852939605713,2.2741806507110596,4.010468482971191,0.2657996416091919,6.25e-05,1102.7897980213165
7258,48,20,923243,128,2.333439588546753,1.9361687898635864,3.944577217102051,0.2813218832015991,6.25e-05,1102.9327411651611
7259,48,21,923371,128,1.8671417236328125,1.4443750381469727,4.198359966278076,0.29306313395500183,6.25e-05,1103.0765314102173
7260,48,22,923499,128,2.3170559406280518,1.89303719997406,4.210901260375977,0.29285380244255066,6.25e-05,1103.2191984653473
7261,48,23,923627,128,2.658425807952881,2.2278521060943604,4.276875972747803,0.288604199886322,6.25e-05,1103.3622407913208
7262,48,24,923755,128,2.1746745109558105,1.764569640159607,4.073266983032227,0.27780646085739136,6.25e-05,1103.505045890808
7263,48,25,923883,128,1.6784489154815674,1.2595099210739136,4.155456066131592,0.33934009075164795,6.25e-05,1103.6591577529907
7264,48,26,924011,128,2.804248809814453,2.3753232955932617,4.258553504943848,0.30702143907546997,6.25e-05,1103.8119633197784
7265,48,27,924139,128,1.7444729804992676,1.3309440612792969,4.106907367706299,0.28380918502807617,6.25e-05,1103.9531145095825
7266,48,28,924267,128,2.1235883235931396,1.7104076147079468,4.1044230461120605,0.27384665608406067,6.25e-05,1104.0946652889252
7267,48,29,924395,128,2.367568254470825,1.9507472515106201,4.137180328369141,0.31030765175819397,6.25e-05,1104.2373611927032
7268,48,30,924523,128,2.2589807510375977,1.8677526712417603,3.881572723388672,0.3070763945579529,6.25e-05,1104.377496957779
7269,48,31,924651,128,2.183974504470825,1.7839040756225586,3.9699554443359375,0.3074946701526642,6.25e-05,1104.5170857906342
7270,48,32,924779,128,2.6652774810791016,2.259047269821167,4.034846305847168,0.27456134557724,6.25e-05,1104.6590933799744
7271,48,33,924907,128,2.160210132598877,1.7728753089904785,3.8485844135284424,0.24763689935207367,6.25e-05,1104.7985754013062
7272,48,34,925035,128,2.5903725624084473,2.202885389328003,3.847864866256714,0.27008867263793945,6.25e-05,1104.9447157382965
7273,48,35,925163,128,2.164994239807129,1.7580363750457764,4.043109893798828,0.2646902799606323,6.25e-05,1105.087821006775
7274,48,36,925291,128,2.138627529144287,1.7494040727615356,3.8661558628082275,0.26079079508781433,6.25e-05,1105.5715744495392
7275,48,37,925419,128,2.8686282634735107,2.4910590648651123,3.7460577487945557,0.29632389545440674,6.25e-05,1105.7126958370209
7276,48,38,925547,128,2.1969552040100098,1.8043491840362549,3.8952105045318604,0.3084857165813446,6.25e-05,1105.8572149276733
7277,48,39,925675,128,2.3717572689056396,1.982487440109253,3.86816143989563,0.245356485247612,6.25e-05,1106.002031803131
7278,48,40,925803,128,2.097081422805786,1.6752160787582397,4.185399532318115,0.33255064487457275,6.25e-05,1106.1440348625183
7279,48,41,925931,128,2.2759833335876465,1.8906242847442627,3.827334403991699,0.26256459951400757,6.25e-05,1106.294960975647
7280,48,42,926059,128,2.329428195953369,1.9502707719802856,3.766993284225464,0.24580197036266327,6.25e-05,1106.4400100708008
7281,48,43,926187,128,2.665963888168335,2.2571821212768555,4.056414604187012,0.31402742862701416,6.25e-05,1106.581794500351
7282,48,44,926315,128,2.6396565437316895,2.2365846633911133,4.005892753601074,0.24827541410923004,6.25e-05,1106.7238178253174
7283,48,45,926443,128,2.759068489074707,2.3386306762695312,4.168178558349609,0.3619946241378784,6.25e-05,1106.8656301498413
7284,48,46,926571,128,2.076575994491577,1.6620712280273438,4.1136298179626465,0.3141864240169525,6.25e-05,1107.0083429813385
7285,48,47,926699,128,1.9849804639816284,1.6081843376159668,3.744480609893799,0.23481042683124542,6.25e-05,1107.1518433094025
7286,48,48,926827,128,1.8473180532455444,1.4320316314697266,4.1200127601623535,0.32851168513298035,6.25e-05,1107.2970666885376
7287,48,49,926955,128,2.4864392280578613,2.0758965015411377,4.082136154174805,0.2329198569059372,6.25e-05,1107.4422552585602
7288,48,50,927083,128,2.4002645015716553,2.0120785236358643,3.855955123901367,0.2590373456478119,6.25e-05,1107.5835700035095
7289,48,51,927211,128,2.287956714630127,1.8810358047485352,4.042198181152344,0.27009353041648865,6.25e-05,1107.7259142398834
7290,48,52,927339,128,1.8770536184310913,1.4812638759613037,3.9296367168426514,0.28261470794677734,6.25e-05,1107.8688673973083
7291,48,53,927467,128,2.261803388595581,1.8474774360656738,4.115657806396484,0.2760075032711029,6.25e-05,1108.012459039688
7292,48,54,927595,128,2.263015031814575,1.8603237867355347,3.9970664978027344,0.2984619140625,6.25e-05,1108.1565535068512
7293,48,55,927723,128,3.0000345706939697,2.579275608062744,4.180459022521973,0.27129456400871277,6.25e-05,1108.2975935935974
7294,48,56,927851,128,1.864173412322998,1.4554554224014282,4.054208278656006,0.32970544695854187,6.25e-05,1108.4393167495728
7295,48,57,927979,128,2.2611382007598877,1.8733487129211426,3.8520054817199707,0.25890469551086426,6.25e-05,1108.5804674625397
7296,48,58,928107,128,2.949925661087036,2.5450470447540283,4.022089004516602,0.26698029041290283,6.25e-05,1108.7226867675781
7297,48,59,928235,128,3.0344479084014893,2.637599468231201,3.9408726692199707,0.27610117197036743,6.25e-05,1108.865734577179
7298,48,60,928363,128,2.5228774547576904,2.0967299938201904,4.232571125030518,0.2890254557132721,6.25e-05,1109.0080254077911
7299,48,61,928491,128,2.8629167079925537,2.4632911682128906,3.9653308391571045,0.30926454067230225,6.25e-05,1109.1499621868134
7300,48,62,928619,128,2.545543909072876,2.12341570854187,4.1877031326293945,0.3357781767845154,6.25e-05,1109.289838552475
7301,48,63,928747,128,2.240206480026245,1.8200745582580566,4.171137809753418,0.30181047320365906,6.25e-05,1109.43026804924
7302,48,64,928875,128,3.0477373600006104,2.640184164047241,4.045920372009277,0.29611125588417053,6.25e-05,1109.571772813797
7303,48,65,929003,128,2.292046546936035,1.8813542127609253,4.080904960632324,0.26019710302352905,6.25e-05,1109.7212889194489
7304,48,66,929131,128,2.689088821411133,2.307971477508545,3.786957263946533,0.24215129017829895,6.25e-05,1109.8634448051453
7305,48,67,929259,128,2.352910041809082,1.9411835670471191,4.087226867675781,0.30038005113601685,6.25e-05,1110.0038361549377
7306,48,68,929387,128,3.0602526664733887,2.682575225830078,3.7521886825561523,0.24584975838661194,6.25e-05,1110.1471824645996
7307,48,69,929515,128,2.7171242237091064,2.3316922187805176,3.8260581493377686,0.2826104760169983,6.25e-05,1110.289827823639
7308,48,70,929643,128,2.148139715194702,1.7574132680892944,3.8816967010498047,0.25567910075187683,6.25e-05,1110.4317095279694
7309,48,71,929771,128,2.2826786041259766,1.8782520294189453,4.019814491271973,0.2445238083600998,6.25e-05,1110.5762302875519
7310,48,72,929899,128,2.9327714443206787,2.5456225872039795,3.8413338661193848,0.30156365036964417,6.25e-05,1110.7200677394867
7311,48,73,930027,128,2.482897996902466,2.0615665912628174,4.181224346160889,0.3208904266357422,6.25e-05,1110.8635804653168
7312,48,74,930155,128,2.510672092437744,2.0959763526916504,4.115514278411865,0.31443166732788086,6.25e-05,1111.0056705474854
7313,48,75,930283,128,2.8313097953796387,2.421536445617676,4.069986343383789,0.27746909856796265,6.25e-05,1111.1509618759155
7314,48,76,930411,128,2.489075183868408,2.0945563316345215,3.923095941543579,0.2209278643131256,6.25e-05,1111.2908825874329
7315,48,77,930539,128,2.9248363971710205,2.5569303035736084,3.6546196937561035,0.24440956115722656,6.25e-05,1111.432695388794
7316,48,78,930667,128,2.5135464668273926,2.121828556060791,3.889183521270752,0.2799425721168518,6.25e-05,1111.5772955417633
7317,48,79,930795,128,2.3612213134765625,1.9630701541900635,3.9539794921875,0.27532821893692017,6.25e-05,1111.71977353096
7318,48,80,930923,128,2.4428117275238037,2.034118175506592,4.061422824859619,0.2551381289958954,6.25e-05,1111.8622782230377
7319,48,81,931051,128,2.7277209758758545,2.3369975090026855,3.879570722579956,0.2766267657279968,6.25e-05,1112.0021436214447
7320,48,82,931179,128,3.0437474250793457,2.632817029953003,4.081480026245117,0.27824321389198303,6.25e-05,1112.145712852478
7321,48,83,931307,128,3.035144567489624,2.645927906036377,3.863619804382324,0.285457044839859,6.25e-05,1112.28781914711
7322,48,84,931435,128,2.5797197818756104,2.192084789276123,3.850161552429199,0.2618875503540039,6.25e-05,1112.4305381774902
7323,48,85,931563,128,2.744954824447632,2.332568883895874,4.098235607147217,0.25622236728668213,6.25e-05,1112.5718290805817
7324,48,86,931691,128,2.661597967147827,2.2456088066101074,4.127197742462158,0.3269538879394531,6.25e-05,1112.7157866954803
7325,48,87,931819,128,1.906802773475647,1.5149898529052734,3.887331485748291,0.3079809546470642,6.25e-05,1112.8579096794128
7326,48,88,931947,128,3.2509169578552246,2.84242844581604,4.056641578674316,0.2824295461177826,6.25e-05,1113.0007319450378
7327,48,89,932075,128,2.0743308067321777,1.6805394887924194,3.9129104614257812,0.25002631545066833,6.25e-05,1113.1435923576355
7328,48,90,932203,128,2.0963234901428223,1.672940731048584,4.210069179534912,0.2375802993774414,6.25e-05,1113.2865097522736
7329,48,91,932331,128,2.250061511993408,1.8625342845916748,3.849428415298462,0.25844624638557434,6.25e-05,1113.4286234378815
7330,48,92,932459,128,2.0309059619903564,1.641115665435791,3.872624397277832,0.25280311703681946,6.25e-05,1113.5730419158936
7331,48,93,932587,128,2.241626739501953,1.8254272937774658,4.133857727050781,0.2813587784767151,6.25e-05,1113.7166469097137
7332,48,94,932715,128,2.3929667472839355,1.9962571859359741,3.938366651535034,0.28728488087654114,6.25e-05,1113.858110666275
7333,48,95,932843,128,2.553419828414917,2.167541980743408,3.831573486328125,0.27206212282180786,6.25e-05,1114.0006930828094
7334,48,96,932971,128,2.931784152984619,2.5303385257720947,3.9853432178497314,0.291140079498291,6.25e-05,1114.144191980362
7335,48,97,933099,128,2.855386972427368,2.4718856811523438,3.8116064071655273,0.2340494841337204,6.25e-05,1114.2871570587158
7336,48,98,933227,128,2.454638719558716,2.0354273319244385,4.161428451538086,0.306850403547287,6.25e-05,1114.4287776947021
7337,48,99,933355,128,2.2883615493774414,1.903621792793274,3.8174779415130615,0.2991957664489746,6.25e-05,1114.57190823555
7338,48,100,933483,128,1.9219788312911987,1.5299944877624512,3.8905279636383057,0.2931521534919739,6.25e-05,1114.7156538963318
7339,48,101,933611,128,2.37949800491333,1.9759604930877686,4.004246234893799,0.311290442943573,6.25e-05,1114.8566160202026
7340,48,102,933739,128,2.2960188388824463,1.8777965307235718,4.155216217041016,0.27005383372306824,6.25e-05,1115.0002527236938
7341,48,103,933867,128,2.707170009613037,2.282409429550171,4.219020366668701,0.28585895895957947,6.25e-05,1115.144609928131
7342,48,104,933995,128,2.510723114013672,2.0933568477630615,4.142769813537598,0.3089306950569153,6.25e-05,1115.28653049469
7343,48,105,934123,128,2.5814547538757324,2.162140369415283,4.163280963897705,0.2986278831958771,6.25e-05,1115.4287657737732
7344,48,106,934251,128,2.466892719268799,2.079256772994995,3.853302478790283,0.23058518767356873,6.25e-05,1115.57218003273
7345,48,107,934379,128,2.6408116817474365,2.234713554382324,4.03506326675415,0.25919395685195923,6.25e-05,1115.72141623497
7346,48,108,934507,128,2.391359806060791,1.9696518182754517,4.188443660736084,0.28637439012527466,6.25e-05,1115.863562822342
7347,48,109,934635,128,2.771716833114624,2.3573668003082275,4.115130424499512,0.28368982672691345,6.25e-05,1116.0069637298584
7348,48,110,934763,128,2.6245861053466797,2.2016212940216064,4.200286388397217,0.2936065196990967,6.25e-05,1116.1465475559235
7349,48,111,934891,128,2.802880048751831,2.417402505874634,3.8239150047302246,0.3086197078227997,6.25e-05,1116.284967660904
7350,48,112,935019,128,2.6043195724487305,2.1969618797302246,4.047421455383301,0.2615385055541992,6.25e-05,1116.4229912757874
7351,48,113,935147,128,2.1010468006134033,1.6910154819488525,4.072452068328857,0.2786158621311188,6.25e-05,1116.5685367584229
7352,48,114,935275,128,2.1902523040771484,1.8120920658111572,3.7550337314605713,0.2657003402709961,6.25e-05,1116.7118427753448
7353,48,115,935403,128,2.423431634902954,2.0298852920532227,3.9093143939971924,0.26149460673332214,6.25e-05,1116.8527987003326
7354,48,116,935531,128,2.586312770843506,2.1640491485595703,4.189448833465576,0.3318779766559601,6.25e-05,1116.995822429657
7355,48,117,935659,128,2.6302359104156494,2.228563070297241,3.989630699157715,0.2709789276123047,6.25e-05,1117.1398692131042
7356,48,118,935787,128,2.7780985832214355,2.3764283657073975,3.9903717041015625,0.26331764459609985,6.25e-05,1117.2826344966888
7357,48,119,935915,128,2.362131118774414,1.9281657934188843,4.307652473449707,0.3199935555458069,6.25e-05,1117.4238948822021
7358,48,120,936043,128,3.060974597930908,2.682365894317627,3.7580480575561523,0.28036877512931824,6.25e-05,1117.5662331581116
7359,48,121,936171,128,2.1665515899658203,1.773950457572937,3.8988871574401855,0.2712443768978119,6.25e-05,1117.7113399505615
7360,48,122,936299,128,2.436917543411255,2.035719871520996,3.983675956726074,0.28300923109054565,6.25e-05,1117.8538999557495
7361,48,123,936427,128,2.739781618118286,2.3224472999572754,4.145914077758789,0.27429258823394775,6.25e-05,1117.995675086975
7362,48,124,936555,128,2.276317596435547,1.8463677167892456,4.270379066467285,0.2912128269672394,6.25e-05,1118.1388664245605
7363,48,125,936683,128,1.9821945428848267,1.6134926080703735,3.6623384952545166,0.24681243300437927,6.25e-05,1118.2806220054626
7364,48,126,936811,128,2.9591004848480225,2.5528564453125,4.036653518676758,0.2578706443309784,6.25e-05,1118.4227027893066
7365,48,127,936939,128,2.5843868255615234,2.197000026702881,3.848264694213867,0.256046861410141,6.25e-05,1118.5653657913208
7366,48,128,937067,128,2.0357563495635986,1.6160954236984253,4.169883728027344,0.2672348618507385,6.25e-05,1118.707108259201
7367,48,129,937195,128,2.3721485137939453,1.9760936498641968,3.9334003925323486,0.27149179577827454,6.25e-05,1118.8532321453094
7368,48,130,937323,128,2.3320820331573486,1.9275082349777222,4.011305332183838,0.3443244993686676,6.25e-05,1118.9983246326447
7369,48,131,937451,128,1.9077969789505005,1.491960883140564,4.131326675415039,0.2703476548194885,6.25e-05,1119.1424806118011
7370,48,132,937579,128,2.2070260047912598,1.8177735805511475,3.8660945892333984,0.26427826285362244,6.25e-05,1119.2881488800049
7371,48,133,937707,128,2.305514335632324,1.8958773612976074,4.070882320404053,0.254862904548645,6.25e-05,1119.4319422245026
7372,48,134,937835,128,2.6588728427886963,2.241598129272461,4.138042449951172,0.34704315662384033,6.25e-05,1119.5855875015259
7373,48,135,937963,128,2.2210142612457275,1.8411715030670166,3.776066780090332,0.22362364828586578,6.25e-05,1119.7280457019806
7374,48,136,938091,128,2.457226276397705,2.0740277767181396,3.8071749210357666,0.24809548258781433,6.25e-05,1119.870344877243
7375,48,137,938219,128,1.8298184871673584,1.4390287399291992,3.8768622875213623,0.31034931540489197,6.25e-05,1120.01092171669
7376,48,138,938347,128,2.674669027328491,2.2641162872314453,4.074709415435791,0.30818918347358704,6.25e-05,1120.1536993980408
7377,48,139,938475,128,2.0062835216522217,1.5974147319793701,4.057358264923096,0.3133075535297394,6.25e-05,1120.2955257892609
7378,48,140,938603,128,2.6815168857574463,2.2824501991271973,3.965045690536499,0.25621458888053894,6.25e-05,1120.43723320961
7379,48,141,938731,128,2.372343063354492,1.9639132022857666,4.056709289550781,0.27588725090026855,6.25e-05,1120.5800364017487
7380,48,142,938859,128,2.29597544670105,1.8845654726028442,4.083057403564453,0.31041231751441956,6.25e-05,1120.7227671146393
7381,48,143,938987,128,2.5723536014556885,2.183702230453491,3.864199161529541,0.2231285274028778,6.25e-05,1120.869377374649
7382,48,144,939115,128,2.4417567253112793,2.029893636703491,4.088103771209717,0.30526238679885864,6.25e-05,1121.0127501487732
7383,48,145,939243,128,2.6449015140533447,2.225651502609253,4.16482400894165,0.27676036953926086,6.25e-05,1121.1537804603577
7384,48,146,939371,128,2.142610549926758,1.7330750226974487,4.070175647735596,0.2518030107021332,6.25e-05,1121.2939264774323
7385,48,147,939499,128,2.5225868225097656,2.0979206562042236,4.2184739112854,0.28187644481658936,6.25e-05,1121.4347741603851
7386,48,148,939627,128,2.734724760055542,2.3280720710754395,4.034733772277832,0.3179245591163635,6.25e-05,1121.575787305832
7387,48,149,939755,128,2.0181498527526855,1.6062778234481812,4.084827899932861,0.338936984539032,6.25e-05,1121.7160358428955
7388,48,150,939883,128,2.3764452934265137,1.9632333517074585,4.100685119628906,0.31433477997779846,6.25e-05,1121.8560979366302
7389,48,151,940011,128,2.425490617752075,2.0246779918670654,3.975597381591797,0.32529547810554504,6.25e-05,1121.996170282364
7390,48,152,940139,128,2.5773508548736572,2.1814212799072266,3.932579517364502,0.2671652138233185,6.25e-05,1122.1373159885406
7391,48,153,940267,128,2.2062816619873047,1.8099473714828491,3.9375267028808594,0.25815117359161377,6.25e-05,1122.2780044078827
7392,48,154,940272,5,2.2341206073760986,1.8070238828659058,4.252850532531738,0.18117845058441162,6.25e-05,1122.4121668338776
