global_step,epoch,batch,samples_seen,batch_size,train_loss,trajectory_loss,control_loss,regularization,lr,elapsed_sec
1,1,1,128,128,155.57077026367188,155.4576873779297,1.0531188249588013,0.7771927714347839,0.001,1.5950169563293457
2,1,2,256,128,148.09646606445312,147.99253845214844,0.9602419137954712,0.7903737425804138,0.001,3.0059432983398438
3,1,3,384,128,150.8970489501953,150.7919158935547,0.9702587127685547,0.8103694319725037,0.001,4.410652160644531
4,1,4,512,128,159.7255401611328,159.61537170410156,1.018275260925293,0.8349817991256714,0.001,5.819209575653076
5,1,5,640,128,152.2255859375,152.1285858154297,0.8839285969734192,0.8608545064926147,0.001,7.213807582855225
6,1,6,768,128,150.35308837890625,150.25942993164062,0.8476799130439758,0.8896088004112244,0.001,8.614237070083618
7,1,7,896,128,145.2234649658203,145.13099670410156,0.8315271735191345,0.9321719408035278,0.001,9.948981285095215
8,1,8,1024,128,136.18055725097656,136.09532165527344,0.7553229331970215,0.9709071516990662,0.001,11.3345468044281
9,1,9,1152,128,143.51828002929688,143.43482971191406,0.7309005260467529,1.0362268686294556,0.001,12.661566734313965
10,1,10,1280,128,140.27085876464844,140.1891632080078,0.7059480547904968,1.1088731288909912,0.001,14.031061887741089
11,1,11,1408,128,146.10089111328125,146.02264404296875,0.6629588603973389,1.19500732421875,0.001,15.411473274230957
12,1,12,1536,128,142.8329315185547,142.7566375732422,0.6342762112617493,1.2861371040344238,0.001,16.794522047042847
13,1,13,1664,128,130.92332458496094,130.8516082763672,0.5760980248451233,1.4100329875946045,0.001,18.176130056381226
14,1,14,1792,128,131.3317413330078,131.25021362304688,0.6571032404899597,1.5822665691375732,0.001,19.51897954940796
15,1,15,1920,128,130.2799530029297,130.19839477539062,0.6356000900268555,1.7998512983322144,0.001,20.857040405273438
16,1,16,2048,128,124.86932373046875,124.7998275756836,0.49198219180107117,2.0295891761779785,0.001,22.18712615966797
17,1,17,2176,128,110.42813873291016,110.35774993896484,0.4712711274623871,2.326261043548584,0.001,23.512773752212524
18,1,18,2304,128,110.930908203125,110.85527038574219,0.4851597249507904,2.7120420932769775,0.001,24.84502148628235
19,1,19,2432,128,110.53864288330078,110.4605712890625,0.4672498404979706,3.1352744102478027,0.001,26.214197874069214
20,1,20,2560,128,92.46031951904297,92.38385772705078,0.4006917476654053,3.63916015625,0.001,27.60028576850891
21,1,21,2688,128,84.27346801757812,84.19132232666016,0.400635302066803,4.208718299865723,0.001,28.992318630218506
22,1,22,2816,128,68.66650390625,68.60203552246094,0.15844522416591644,4.86226224899292,0.001,30.367949724197388
23,1,23,2944,128,54.448421478271484,54.39020919799805,0.023339776322245598,5.587642669677734,0.001,31.744203567504883
24,1,24,3072,128,41.323368072509766,41.25651550292969,0.025040537118911743,6.435055255889893,0.001,33.15982627868652
25,1,25,3200,128,42.681678771972656,42.605796813964844,0.022607827559113503,7.362133979797363,0.001,34.56875157356262
26,1,26,3328,128,31.049381256103516,30.963754653930664,0.022533973678946495,8.337443351745605,0.001,35.97065782546997
27,1,27,3456,128,29.574283599853516,29.478059768676758,0.024165362119674683,9.380752563476562,0.001,37.318732261657715
28,1,28,3584,128,31.44938087463379,31.341686248779297,0.02733900211751461,10.496227264404297,0.001,38.61866021156311
29,1,29,3712,128,26.237455368041992,26.11866569519043,0.024852801114320755,11.630477905273438,0.001,39.94981598854065
30,1,30,3840,128,27.413772583007812,27.283405303955078,0.024686221033334732,12.78995418548584,0.001,41.302908182144165
31,1,31,3968,128,30.576181411743164,30.43560218811035,0.02624795399606228,13.795492172241211,0.001,42.66604495048523
32,1,32,4096,128,30.341188430786133,30.193241119384766,0.02500196173787117,14.544718742370605,0.001,44.00968623161316
33,1,33,4224,128,33.120758056640625,32.967899322509766,0.022879699245095253,15.057149887084961,0.001,45.36265158653259
34,1,34,4352,128,30.19508934020996,30.038448333740234,0.023070083931088448,15.433403968811035,0.001,46.68185567855835
35,1,35,4480,128,28.780601501464844,28.622167587280273,0.02253081649541855,15.61817741394043,0.001,47.99123549461365
36,1,36,4608,128,28.552797317504883,28.393999099731445,0.025901833549141884,15.620816230773926,0.001,49.24972176551819
37,1,37,4736,128,30.34813690185547,30.19045066833496,0.026944464072585106,15.499075889587402,0.001,50.52400350570679
38,1,38,4864,128,29.646535873413086,29.49058723449707,0.025864411145448685,15.336221694946289,0.001,51.8703339099884
39,1,39,4992,128,23.68414878845215,23.531475067138672,0.023381168022751808,15.03347396850586,0.001,53.19209623336792
40,1,40,5120,128,33.23593521118164,33.0870246887207,0.023823503404855728,14.652628898620605,0.001,54.51707625389099
41,1,41,5248,128,31.179914474487305,31.03571891784668,0.026029551401734352,14.159192085266113,0.001,55.797595739364624
42,1,42,5376,128,23.756298065185547,23.61768341064453,0.023636093363165855,13.625164985656738,0.001,57.10290765762329
43,1,43,5504,128,25.08090591430664,24.948461532592773,0.020861556753516197,13.035835266113281,0.001,58.4624981880188
44,1,44,5632,128,29.17926788330078,29.052093505859375,0.025826817378401756,12.459101676940918,0.001,59.748584032058716
45,1,45,5760,128,32.96428680419922,32.84346389770508,0.024555683135986328,11.83676528930664,0.001,61.05054688453674
46,1,46,5888,128,28.86920928955078,28.755693435668945,0.021330198273062706,11.138289451599121,0.001,62.31416034698486
47,1,47,6016,128,32.19782638549805,32.09074401855469,0.024990657344460487,10.458476066589355,0.001,63.548630237579346
48,1,48,6144,128,26.821752548217773,26.72075080871582,0.02963149920105934,9.803681373596191,0.001,64.85260462760925
49,1,49,6272,128,25.922489166259766,25.827335357666016,0.0265161395072937,9.250304222106934,0.001,66.1402223110199
50,1,50,6400,128,30.27503776550293,30.184572219848633,0.02590075507760048,8.787455558776855,0.001,67.42720890045166
51,1,51,6528,128,25.6688232421875,25.58316421508789,0.024014391005039215,8.32568645477295,0.001,68.70135116577148
52,1,52,6656,128,32.53739929199219,32.454551696777344,0.027350544929504395,8.0112886428833,0.001,69.98358988761902
53,1,53,6784,128,29.587779998779297,29.50878143310547,0.026682531461119652,7.63308048248291,0.001,71.2211344242096
54,1,54,6912,128,26.292327880859375,26.217674255371094,0.022127602249383926,7.244089126586914,0.001,72.48703789710999
55,1,55,7040,128,30.474393844604492,30.40240478515625,0.024559004232287407,6.953225135803223,0.001,73.73205828666687
56,1,56,7168,128,29.388408660888672,29.318965911865234,0.02372419647872448,6.707018852233887,0.001,74.94198083877563
57,1,57,7296,128,27.475919723510742,27.40836524963379,0.024581782519817352,6.509524822235107,0.001,76.18760681152344
58,1,58,7424,128,24.356998443603516,24.290977478027344,0.028837844729423523,6.31377649307251,0.001,77.39162588119507
59,1,59,7552,128,30.070144653320312,30.005775451660156,0.030290061607956886,6.134087085723877,0.001,78.64953875541687
60,1,60,7680,128,30.33991241455078,30.278705596923828,0.021963080391287804,5.90115213394165,0.001,79.83595967292786
61,1,61,7808,128,26.799283981323242,26.74005126953125,0.026041029021143913,5.662909030914307,0.001,81.04392886161804
62,1,62,7936,128,27.950061798095703,27.89318084716797,0.030570408329367638,5.382367134094238,0.001,82.22059869766235
63,1,63,8064,128,31.725521087646484,31.67081642150879,0.0321023166179657,5.149414539337158,0.001,83.4377543926239
64,1,64,8192,128,29.957788467407227,29.905986785888672,0.025445828214287758,4.925796031951904,0.001,84.61320495605469
65,1,65,8320,128,26.70867347717285,26.659412384033203,0.02259944938123226,4.700015544891357,0.001,85.77717518806458
66,1,66,8448,128,23.832263946533203,23.785097122192383,0.024093998596072197,4.47580099105835,0.001,86.94921803474426
67,1,67,8576,128,26.667808532714844,26.622339248657227,0.026141375303268433,4.285419940948486,0.001,88.13199043273926
68,1,68,8704,128,27.78216552734375,27.739038467407227,0.022779500111937523,4.085031986236572,0.001,89.32680559158325
69,1,69,8832,128,27.531003952026367,27.48932647705078,0.022744446992874146,3.9404287338256836,0.001,90.56833791732788
70,1,70,8960,128,29.23192596435547,29.190494537353516,0.03405320271849632,3.8026740550994873,0.001,91.80135107040405
71,1,71,9088,128,35.19382858276367,35.154151916503906,0.025274349376559258,3.7147774696350098,0.001,92.97236394882202
72,1,72,9216,128,30.192459106445312,30.154043197631836,0.023360494524240494,3.6080267429351807,0.001,94.13956260681152
73,1,73,9344,128,30.27879524230957,30.24150848388672,0.023650679737329483,3.4921157360076904,0.001,95.30552339553833
74,1,74,9472,128,29.37826156616211,29.341581344604492,0.026223022490739822,3.405691385269165,0.001,96.47236800193787
75,1,75,9600,128,28.57904815673828,28.54275894165039,0.03437654301524162,3.2851364612579346,0.001,97.68711876869202
76,1,76,9728,128,30.314388275146484,30.279706954956055,0.03132366016507149,3.1550142765045166,0.001,98.91194581985474
77,1,77,9856,128,28.566062927246094,28.533540725708008,0.023654842749238014,3.0156962871551514,0.001,100.077791929245
78,1,78,9984,128,31.021207809448242,30.990039825439453,0.02442358061671257,2.8727471828460693,0.001,101.24704122543335
79,1,79,10112,128,32.18798065185547,32.15816116333008,0.0241527259349823,2.740516424179077,0.001,102.41817164421082
80,1,80,10240,128,28.01483917236328,27.98626708984375,0.025182703509926796,2.605388879776001,0.001,103.58483910560608
81,1,81,10368,128,27.935834884643555,27.908557891845703,0.026282085105776787,2.4648046493530273,0.001,104.77304935455322
82,1,82,10496,128,28.36747169494629,28.3411922454834,0.02734014205634594,2.3547167778015137,0.001,105.95566511154175
83,1,83,10624,128,30.060850143432617,30.03536605834961,0.027355492115020752,2.2749035358428955,0.001,107.1478750705719
84,1,84,10752,128,26.41680908203125,26.392471313476562,0.02414100058376789,2.192322254180908,0.001,108.32030463218689
85,1,85,10880,128,25.839078903198242,25.815269470214844,0.02715005911886692,2.109616994857788,0.001,109.49724316596985
86,1,86,11008,128,31.209976196289062,31.18661880493164,0.02769327536225319,2.058800458908081,0.001,110.70156240463257
87,1,87,11136,128,24.823278427124023,24.801040649414062,0.02473992109298706,1.9763867855072021,0.001,111.87297630310059
88,1,88,11264,128,22.817955017089844,22.79627799987793,0.02377156727015972,1.9300923347473145,0.001,113.07423257827759
89,1,89,11392,128,28.66372299194336,28.642587661743164,0.022605108097195625,1.887441635131836,0.001,114.28035235404968
90,1,90,11520,128,27.52823829650879,27.507022857666016,0.02734648622572422,1.8479584455490112,0.001,115.50065779685974
91,1,91,11648,128,24.819082260131836,24.798009872436523,0.029731154441833496,1.8098446130752563,0.001,116.68777513504028
92,1,92,11776,128,23.28278923034668,23.262537002563477,0.025273164734244347,1.7724052667617798,0.001,117.86582040786743
93,1,93,11904,128,25.76719856262207,25.74773597717285,0.022008070722222328,1.726182222366333,0.001,119.07311701774597
94,1,94,12032,128,26.181934356689453,26.162559509277344,0.02529985085129738,1.684545636177063,0.001,120.265460729599
95,1,95,12160,128,25.36672019958496,25.347339630126953,0.02785167656838894,1.6595454216003418,0.001,121.468679189682
96,1,96,12288,128,27.772869110107422,27.75372886657715,0.02743443287909031,1.6397240161895752,0.001,122.67625999450684
97,1,97,12416,128,30.940488815307617,30.921728134155273,0.026845281943678856,1.6077686548233032,0.001,123.87320065498352
98,1,98,12544,128,30.52718734741211,30.508493423461914,0.029305338859558105,1.576332688331604,0.001,125.07005500793457
99,1,99,12672,128,24.793052673339844,24.77509307861328,0.025721406564116478,1.538657784461975,0.001,126.35786628723145
100,1,100,12800,128,27.009075164794922,26.99127197265625,0.02740905061364174,1.5062452554702759,0.001,127.6284658908844
101,1,101,12928,128,27.114622116088867,27.096899032592773,0.028841638937592506,1.4839701652526855,0.001,128.8965549468994
102,1,102,13056,128,21.984642028808594,21.96751594543457,0.02422119304537773,1.4704697132110596,0.001,130.11465668678284
103,1,103,13184,128,25.018659591674805,25.001705169677734,0.024074574932456017,1.4546738862991333,0.001,131.3969349861145
104,1,104,13312,128,29.780725479125977,29.763479232788086,0.02956940233707428,1.428926706314087,0.001,132.69725489616394
105,1,105,13440,128,28.397226333618164,28.380292892456055,0.027737785130739212,1.416048526763916,0.001,133.9524028301239
106,1,106,13568,128,23.10982322692871,23.093523025512695,0.024318909272551537,1.3868608474731445,0.001,135.18106055259705
107,1,107,13696,128,27.081010818481445,27.065126419067383,0.0226131621748209,1.3623086214065552,0.001,136.4711844921112
108,1,108,13824,128,31.20501708984375,31.189180374145508,0.024127492681145668,1.3423559665679932,0.001,137.70241403579712
109,1,109,13952,128,26.75843048095703,26.742921829223633,0.022622639313340187,1.324735164642334,0.001,139.02814102172852
110,1,110,14080,128,28.417083740234375,28.401302337646484,0.02485707215964794,1.3296024799346924,0.001,140.34442019462585
111,1,111,14208,128,22.45623779296875,22.440998077392578,0.020006760954856873,1.3238916397094727,0.001,141.62930011749268
112,1,112,14336,128,23.828857421875,23.813190460205078,0.02623169682919979,1.3045032024383545,0.001,142.96018767356873
113,1,113,14464,128,25.587968826293945,25.571983337402344,0.030169812962412834,1.296728253364563,0.001,144.21133637428284
114,1,114,14592,128,26.27459144592285,26.258892059326172,0.029208863154053688,1.2778505086898804,0.001,145.55391311645508
115,1,115,14720,128,27.651992797851562,27.636707305908203,0.026559287682175636,1.2630770206451416,0.001,146.81468391418457
116,1,116,14848,128,21.976829528808594,21.96161460876465,0.02630235068500042,1.2583937644958496,0.001,148.1108169555664
117,1,117,14976,128,29.416820526123047,29.40182113647461,0.026457542553544044,1.2354360818862915,0.001,149.41500520706177
118,1,118,15104,128,25.550161361694336,25.535282135009766,0.025620102882385254,1.2316769361495972,0.001,150.76611828804016
119,1,119,15232,128,31.93876075744629,31.923492431640625,0.028811363503336906,1.2386507987976074,0.001,152.03051114082336
120,1,120,15360,128,27.13138771057129,27.116029739379883,0.030280787497758865,1.232983112335205,0.001,153.32425546646118
121,1,121,15488,128,26.882648468017578,26.867948532104492,0.025227373465895653,1.2176395654678345,0.001,154.5809531211853
122,1,122,15616,128,22.901010513305664,22.88671112060547,0.021833205595612526,1.211612343788147,0.001,155.88039255142212
123,1,123,15744,128,27.12267303466797,27.10784339904785,0.027432937175035477,1.2087249755859375,0.001,157.17377471923828
124,1,124,15872,128,29.274730682373047,29.259565353393555,0.03079921565949917,1.2084541320800781,0.001,158.42833471298218
125,1,125,16000,128,29.613567352294922,29.598966598510742,0.026300419121980667,1.1969789266586304,0.001,159.66705083847046
126,1,126,16128,128,23.1058349609375,23.091773986816406,0.021047379821538925,1.1957311630249023,0.001,160.90513968467712
127,1,127,16256,128,26.8917293548584,26.877422332763672,0.024979447945952415,1.1808314323425293,0.001,162.21946120262146
128,1,128,16384,128,23.32806396484375,23.31412124633789,0.02235211245715618,1.1707006692886353,0.001,163.5173864364624
129,1,129,16512,128,27.596162796020508,27.582292556762695,0.02291022799909115,1.157889485359192,0.001,164.83595061302185
130,1,130,16640,128,28.22058868408203,28.20655059814453,0.02490016259253025,1.1548081636428833,0.001,166.11962223052979
131,1,131,16768,128,25.213897705078125,25.199804306030273,0.02504883147776127,1.1588951349258423,0.001,167.35079836845398
132,1,132,16896,128,24.223323822021484,24.209095001220703,0.027783691883087158,1.1449190378189087,0.001,168.63426995277405
133,1,133,17024,128,21.751850128173828,21.738012313842773,0.024154022336006165,1.1423691511154175,0.001,169.8246455192566
134,1,134,17152,128,27.024612426757812,27.01106071472168,0.022417426109313965,1.1311289072036743,0.001,171.09836173057556
135,1,135,17280,128,31.693492889404297,31.679140090942383,0.030858367681503296,1.1266424655914307,0.001,172.3824107646942
136,1,136,17408,128,25.945966720581055,25.93235206604004,0.0247529074549675,1.1139005422592163,0.001,173.64293217658997
137,1,137,17536,128,30.435020446777344,30.421276092529297,0.026648977771401405,1.1078962087631226,0.001,174.90873050689697
138,1,138,17664,128,25.800107955932617,25.786331176757812,0.02661454677581787,1.111514687538147,0.001,176.20555877685547
139,1,139,17792,128,25.441495895385742,25.427949905395508,0.024444371461868286,1.1101566553115845,0.001,177.4915189743042
140,1,140,17920,128,26.88231086730957,26.86884880065918,0.023506954312324524,1.1112148761749268,0.001,178.77083563804626
141,1,141,18048,128,25.1154727935791,25.10226821899414,0.021048083901405334,1.1098530292510986,0.001,180.00445103645325
142,1,142,18176,128,26.34894371032715,26.335487365722656,0.02522546611726284,1.0932183265686035,0.001,181.3089635372162
143,1,143,18304,128,30.423229217529297,30.409353256225586,0.029608959332108498,1.0915876626968384,0.001,182.5944287776947
144,1,144,18432,128,29.66737937927246,29.65389633178711,0.02642485871911049,1.084049940109253,0.001,183.83273673057556
145,1,145,18560,128,24.629140853881836,24.615732192993164,0.026062045246362686,1.0802301168441772,0.001,185.03643441200256
146,1,146,18688,128,23.75031280517578,23.73699378967285,0.02645973674952984,1.0672744512557983,0.001,186.29811072349548
147,1,147,18816,128,27.5408992767334,27.527969360351562,0.022374724969267845,1.0691697597503662,0.001,187.5581042766571
148,1,148,18944,128,29.058799743652344,29.045501708984375,0.02651156298816204,1.0647056102752686,0.001,188.8768928050995
149,1,149,19072,128,22.430858612060547,22.418134689331055,0.020520582795143127,1.067251443862915,0.001,190.1636757850647
150,1,150,19200,128,31.486080169677734,31.472681045532227,0.027277344837784767,1.067236065864563,0.001,191.40261006355286
151,1,151,19328,128,30.500917434692383,30.48772621154785,0.02523598074913025,1.0668230056762695,0.001,192.67046928405762
152,1,152,19456,128,33.271724700927734,33.25833511352539,0.02733672223985195,1.065544843673706,0.001,193.94135165214539
153,1,153,19584,128,25.886802673339844,25.87378692626953,0.02409346215426922,1.0606807470321655,0.001,195.2229709625244
154,1,154,19589,5,6.753206253051758,6.739562511444092,0.03011135943233967,1.0632363557815552,0.001,195.4100468158722
155,2,1,19717,128,23.524141311645508,23.51146125793457,0.021090323105454445,1.0570975542068481,0.001,238.24379587173462
156,2,2,19845,128,20.324737548828125,20.311071395874023,0.03038482740521431,1.0627762079238892,0.001,239.4892692565918
157,2,3,19973,128,23.91998291015625,23.907041549682617,0.023329678922891617,1.0609016418457031,0.001,240.7829351425171
158,2,4,20101,128,27.998905181884766,27.985570907592773,0.02652277611196041,1.0681791305541992,0.001,242.05611419677734
159,2,5,20229,128,28.528972625732422,28.515567779541016,0.026454223319888115,1.0759406089782715,0.001,243.35688877105713
160,2,6,20357,128,24.42816734313965,24.415264129638672,0.021365052089095116,1.0766832828521729,0.001,244.62785005569458
161,2,7,20485,128,29.344057083129883,29.33057975769043,0.026509946212172508,1.0825783014297485,0.001,245.90779399871826
162,2,8,20613,128,22.94195556640625,22.928646087646484,0.023717829957604408,1.093924641609192,0.001,247.22087216377258
163,2,9,20741,128,26.286563873291016,26.27284812927246,0.026952067390084267,1.1020089387893677,0.001,248.51133108139038
164,2,10,20869,128,27.322843551635742,27.308618545532227,0.03184998780488968,1.1038891077041626,0.001,249.77587246894836
165,2,11,20997,128,25.93505859375,25.92104148864746,0.029288841411471367,1.108673095703125,0.001,251.03716802597046
166,2,12,21125,128,26.79230499267578,26.77860450744629,0.025750700384378433,1.112548828125,0.001,252.34089636802673
167,2,13,21253,128,27.36332130432129,27.349834442138672,0.022883301600813866,1.1198383569717407,0.001,253.62220311164856
168,2,14,21381,128,22.013952255249023,22.000276565551758,0.024613847956061363,1.121457815170288,0.001,254.8922622203827
169,2,15,21509,128,29.596899032592773,29.58289337158203,0.02774357795715332,1.1231343746185303,0.001,256.2080252170563
170,2,16,21637,128,25.01656150817871,25.002670288085938,0.02653690055012703,1.1237878799438477,0.001,257.51576471328735
171,2,17,21765,128,21.140140533447266,21.12662124633789,0.02238803543150425,1.1280475854873657,0.001,258.7871148586273
172,2,18,21893,128,24.223220825195312,24.209856033325195,0.020168017596006393,1.1349433660507202,0.001,260.0719327926636
173,2,19,22021,128,26.517595291137695,26.50311279296875,0.030602753162384033,1.1423360109329224,0.001,261.3457956314087
174,2,20,22149,128,28.233366012573242,28.218955993652344,0.029929066076874733,1.1416763067245483,0.001,262.60863041877747
175,2,21,22277,128,26.88541030883789,26.87189292907715,0.020915551111102104,1.1424336433410645,0.001,263.8812780380249
176,2,22,22405,128,29.782283782958984,29.76822853088379,0.025986447930336,1.1456594467163086,0.001,265.17329955101013
177,2,23,22533,128,27.410017013549805,27.395267486572266,0.03322003036737442,1.1427700519561768,0.001,266.45060777664185
178,2,24,22661,128,22.865856170654297,22.851825714111328,0.026119327172636986,1.1419144868850708,0.001,267.72230529785156
179,2,25,22789,128,28.353891372680664,28.340240478515625,0.022747360169887543,1.1375415325164795,0.001,269.0277762413025
180,2,26,22917,128,28.213668823242188,28.19964599609375,0.026985282078385353,1.1323202848434448,0.001,270.3108825683594
181,2,27,23045,128,25.65590476989746,25.642101287841797,0.02495071105659008,1.1308356523513794,0.001,271.5857079029083
182,2,28,23173,128,28.1326961517334,28.118816375732422,0.025449469685554504,1.133585810661316,0.001,272.89559602737427
183,2,29,23301,128,27.794681549072266,27.78091812133789,0.02456093393266201,1.1305944919586182,0.001,274.1982514858246
184,2,30,23429,128,33.553749084472656,33.53980255126953,0.026878396049141884,1.1256130933761597,0.001,275.50588631629944
185,2,31,23557,128,25.530717849731445,25.516904830932617,0.02620917558670044,1.1192092895507812,0.001,276.8102140426636
186,2,32,23685,128,31.330114364624023,31.316381454467773,0.025640254840254784,1.1169779300689697,0.001,278.0892014503479
187,2,33,23813,128,23.490163803100586,23.47620391845703,0.028562668710947037,1.1103298664093018,0.001,279.4199016094208
188,2,34,23941,128,30.319786071777344,30.30580711364746,0.02868257835507393,1.1110081672668457,0.001,280.738760471344
189,2,35,24069,128,24.822208404541016,24.808385848999023,0.027717648074030876,1.1050459146499634,0.001,282.03514409065247
190,2,36,24197,128,19.28492546081543,19.27152442932129,0.024471580982208252,1.0953891277313232,0.001,283.3198528289795
191,2,37,24325,128,24.502660751342773,24.48957633972168,0.021967647597193718,1.0887343883514404,0.001,284.60699796676636
192,2,38,24453,128,22.230289459228516,22.216955184936523,0.024826236069202423,1.085053563117981,0.001,285.92811131477356
193,2,39,24581,128,24.39328384399414,24.37973403930664,0.027629384770989418,1.0785555839538574,0.001,287.22284483909607
194,2,40,24709,128,24.62552833557129,24.612703323364258,0.02153945527970791,1.0671614408493042,0.001,288.55446553230286
195,2,41,24837,128,21.33653450012207,21.323610305786133,0.023427993059158325,1.058123230934143,0.001,289.84725046157837
196,2,42,24965,128,23.825809478759766,23.81306266784668,0.022500362247228622,1.0495766401290894,0.001,291.11953115463257
197,2,43,25093,128,27.501123428344727,27.487760543823242,0.029106533154845238,1.0451714992523193,0.001,292.4199299812317
198,2,44,25221,128,22.260028839111328,22.2470645904541,0.02584768645465374,1.0380064249038696,0.001,293.7002053260803
199,2,45,25349,128,24.91297149658203,24.90038299560547,0.0222169142216444,1.0366120338439941,0.001,294.9918203353882
200,2,46,25477,128,28.467283248901367,28.454179763793945,0.02813703753054142,1.029042363166809,0.001,296.3099012374878
201,2,47,25605,128,24.03853988647461,24.0261173248291,0.022325387224555016,1.0191723108291626,0.001,297.5916030406952
202,2,48,25733,128,25.090505599975586,25.077800750732422,0.025726545602083206,1.0131632089614868,0.001,298.89971899986267
203,2,49,25861,128,30.733850479125977,30.720674514770508,0.03073848783969879,1.0101292133331299,0.001,300.1802649497986
204,2,50,25989,128,25.29271125793457,25.280284881591797,0.023663319647312164,1.0059577226638794,0.001,301.48858642578125
205,2,51,26117,128,29.738962173461914,29.72622299194336,0.0276054497808218,0.9979175925254822,0.001,302.7926621437073
206,2,52,26245,128,25.771686553955078,25.75940704345703,0.023502415046095848,0.992877185344696,0.001,304.0798373222351
207,2,53,26373,128,24.02277183532715,24.010732650756836,0.02298072539269924,0.9740028381347656,0.001,305.4067642688751
208,2,54,26501,128,26.682825088500977,26.670581817626953,0.02712537720799446,0.9531376957893372,0.001,306.72360277175903
209,2,55,26629,128,25.531431198120117,25.519453048706055,0.026224596425890923,0.9354782104492188,0.001,308.0236942768097
210,2,56,26757,128,22.312835693359375,22.30091667175293,0.027010101824998856,0.9218546152114868,0.001,309.3340003490448
211,2,57,26885,128,27.538272857666016,27.526473999023438,0.02706603705883026,0.9091610908508301,0.001,310.64269375801086
212,2,58,27013,128,26.051319122314453,26.03877067565918,0.03603062033653259,0.8945024609565735,0.001,311.99156427383423
213,2,59,27141,128,26.713733673095703,26.70262336730957,0.022582251578569412,0.8852938413619995,0.001,313.2743694782257
214,2,60,27269,128,26.014293670654297,26.002708435058594,0.028494715690612793,0.8734768033027649,0.001,314.5759561061859
215,2,61,27397,128,24.48238754272461,24.471094131469727,0.026720648631453514,0.8620894551277161,0.001,315.8764705657959
216,2,62,27525,128,30.216367721557617,30.205463409423828,0.023879578337073326,0.8516684770584106,0.001,317.2085385322571
217,2,63,27653,128,24.83425521850586,24.822959899902344,0.028984731063246727,0.8396053910255432,0.001,318.48937821388245
218,2,64,27781,128,24.29534912109375,24.28466033935547,0.023795921355485916,0.830896258354187,0.001,319.7762794494629
219,2,65,27909,128,19.965669631958008,19.954864501953125,0.026040613651275635,0.8201746344566345,0.001,321.0670657157898
220,2,66,28037,128,27.126773834228516,27.116037368774414,0.025919470936059952,0.8143565058708191,0.001,322.39167165756226
221,2,67,28165,128,26.8604793548584,26.849342346191406,0.03123057819902897,0.8013960719108582,0.001,323.68431758880615
222,2,68,28293,128,23.323835372924805,23.3133602142334,0.02593834698200226,0.78806072473526,0.001,324.97871446609497
223,2,69,28421,128,31.407936096191406,31.397262573242188,0.02845708839595318,0.7828368544578552,0.001,326.2829875946045
224,2,70,28549,128,25.871639251708984,25.861608505249023,0.023810451850295067,0.7649630308151245,0.001,327.60305094718933
225,2,71,28677,128,26.919649124145508,26.909687042236328,0.024549288675189018,0.7506564855575562,0.001,328.8935635089874
226,2,72,28805,128,20.234453201293945,20.22443962097168,0.026414042338728905,0.7371978759765625,0.001,330.1992311477661
227,2,73,28933,128,24.666215896606445,24.6567440032959,0.023050015792250633,0.7167688608169556,0.001,331.492582321167
228,2,74,29061,128,22.951879501342773,22.94272804260254,0.02109786868095398,0.7041845321655273,0.001,332.7875075340271
229,2,75,29189,128,25.660215377807617,25.650352478027344,0.0294666588306427,0.6915143132209778,0.001,334.08352422714233
230,2,76,29317,128,25.411109924316406,25.401020050048828,0.032868534326553345,0.6802822351455688,0.001,335.39547967910767
231,2,77,29445,128,25.571075439453125,25.561391830444336,0.028766686096787453,0.680743932723999,0.001,336.67335057258606
232,2,78,29573,128,27.741741180419922,27.732318878173828,0.02693815529346466,0.6729406118392944,0.001,338.0013220310211
233,2,79,29701,128,28.278696060180664,28.26966094970703,0.024464650079607964,0.658771276473999,0.001,339.27079606056213
234,2,80,29829,128,25.683874130249023,25.674745559692383,0.026074005290865898,0.6521194577217102,0.001,340.5614414215088
235,2,81,29957,128,26.88626480102539,26.87693214416504,0.028637999668717384,0.646992027759552,0.001,341.83134484291077
236,2,82,30085,128,21.126516342163086,21.1180477142334,0.022078290581703186,0.6260437965393066,0.001,343.10237884521484
237,2,83,30213,128,28.918081283569336,28.909536361694336,0.023328376933932304,0.6212533116340637,0.001,344.39549922943115
238,2,84,30341,128,26.176210403442383,26.167741775512695,0.023070363327860832,0.6159884333610535,0.001,345.70955324172974
239,2,85,30469,128,23.241943359375,23.233552932739258,0.022354286164045334,0.6154481768608093,0.001,347.0424087047577
240,2,86,30597,128,29.077795028686523,29.069068908691406,0.02518615499138832,0.6207820773124695,0.001,348.3213040828705
241,2,87,30725,128,25.152313232421875,25.143457412719727,0.026539593935012817,0.620290994644165,0.001,349.61440777778625
242,2,88,30853,128,23.022476196289062,23.013187408447266,0.030078157782554626,0.6281355619430542,0.001,350.9077889919281
243,2,89,30981,128,29.631078720092773,29.621925354003906,0.027448421344161034,0.6408035159111023,0.001,352.24457335472107
244,2,90,31109,128,23.510730743408203,23.501543045043945,0.028064996004104614,0.6381697058677673,0.001,353.5842957496643
245,2,91,31237,128,27.23463249206543,27.22608757019043,0.02133367583155632,0.6413168907165527,0.001,354.8766281604767
246,2,92,31365,128,26.905441284179688,26.896366119384766,0.027112415060400963,0.6365364789962769,0.001,356.19636273384094
247,2,93,31493,128,25.564786911010742,25.555919647216797,0.025884410366415977,0.6278174519538879,0.001,357.46585178375244
248,2,94,31621,128,24.119396209716797,24.11061668395996,0.025423381477594376,0.6237512230873108,0.001,358.7592809200287
249,2,95,31749,128,23.415252685546875,23.40656852722168,0.024951091036200523,0.6190233826637268,0.001,360.05760192871094
250,2,96,31877,128,23.62076759338379,23.611370086669922,0.03158988803625107,0.6238355040550232,0.001,361.30194091796875
251,2,97,32005,128,31.245328903198242,31.23609733581543,0.029490454122424126,0.6283602118492126,0.001,362.60753893852234
252,2,98,32133,128,27.079147338867188,27.06990623474121,0.029087653383612633,0.633205771446228,0.001,363.93367886543274
253,2,99,32261,128,25.559324264526367,25.550748825073242,0.022837454453110695,0.6292849779129028,0.001,365.2318012714386
254,2,100,32389,128,31.78658676147461,31.777441024780273,0.027545956894755363,0.6391820907592773,0.001,366.5388617515564
255,2,101,32517,128,22.764301300048828,22.755779266357422,0.02140546776354313,0.6381900310516357,0.001,367.8426320552826
256,2,102,32645,128,21.962167739868164,21.953495025634766,0.022550052031874657,0.6418082118034363,0.001,369.161874294281
257,2,103,32773,128,25.100006103515625,25.091064453125,0.025139233097434044,0.6427759528160095,0.001,370.4578609466553
258,2,104,32901,128,28.83550262451172,28.8262996673584,0.02755805291235447,0.6446207165718079,0.001,371.7255711555481
259,2,105,33029,128,23.385990142822266,23.376880645751953,0.026291975751519203,0.6480379700660706,0.001,373.0164179801941
260,2,106,33157,128,27.803112030029297,27.79380226135254,0.028629159554839134,0.644763708114624,0.001,374.32002425193787
261,2,107,33285,128,28.212120056152344,28.203075408935547,0.025631530210375786,0.648063600063324,0.001,375.5811710357666
262,2,108,33413,128,23.534608840942383,23.525117874145508,0.03146008774638176,0.6345176696777344,0.001,376.82488465309143
263,2,109,33541,128,30.41126823425293,30.401601791381836,0.03202010691165924,0.6463985443115234,0.001,378.11454248428345
264,2,110,33669,128,22.694541931152344,22.68560218811035,0.0264840479940176,0.6290080547332764,0.001,379.3938670158386
265,2,111,33797,128,21.034086227416992,21.025175094604492,0.026478493586182594,0.6264389753341675,0.001,380.7257294654846
266,2,112,33925,128,25.553653717041016,25.543960571289062,0.034951936453580856,0.6198936104774475,0.001,382.01365399360657
267,2,113,34053,128,26.43893814086914,26.43018341064453,0.025495627894997597,0.6204627156257629,0.001,383.3004925251007
268,2,114,34181,128,23.4256649017334,23.4172420501709,0.023239223286509514,0.6099308729171753,0.001,384.5887589454651
269,2,115,34309,128,22.072643280029297,22.064424514770508,0.021422049030661583,0.6077285408973694,0.001,385.86717319488525
270,2,116,34437,128,30.375164031982422,30.36666488647461,0.024199455976486206,0.6077950596809387,0.001,387.2178952693939
271,2,117,34565,128,24.104660034179688,24.096240997314453,0.024397918954491615,0.5979169011116028,0.001,388.49571442604065
272,2,118,34693,128,25.12853240966797,25.1193904876709,0.030582726001739502,0.6084307432174683,0.001,389.7928810119629
273,2,119,34821,128,26.40053939819336,26.391983032226562,0.02543743886053562,0.6011285185813904,0.001,391.0862581729889
274,2,120,34949,128,28.316865921020508,28.308515548706055,0.024313922971487045,0.5917937755584717,0.001,392.37545228004456
275,2,121,35077,128,23.334787368774414,23.326677322387695,0.023149043321609497,0.5794355869293213,0.001,393.69587540626526
276,2,122,35205,128,24.351884841918945,24.343496322631836,0.02625405788421631,0.576388418674469,0.001,395.00061416625977
277,2,123,35333,128,24.64101791381836,24.631906509399414,0.03278130665421486,0.5833135843276978,0.001,396.2890841960907
278,2,124,35461,128,22.424030303955078,22.415727615356445,0.025895988568663597,0.5713350772857666,0.001,397.6266462802887
279,2,125,35589,128,24.77733039855957,24.76888656616211,0.027476591989398003,0.569584310054779,0.001,398.96049404144287
280,2,126,35717,128,23.28848648071289,23.280323028564453,0.02460631914436817,0.5702481865882874,0.001,400.2439224720001
281,2,127,35845,128,20.92890167236328,20.92071533203125,0.02367485873401165,0.5818491578102112,0.001,401.5521960258484
282,2,128,35973,128,26.18499755859375,26.17620086669922,0.029489263892173767,0.5847286581993103,0.001,402.8670697212219
283,2,129,36101,128,24.911428451538086,24.903078079223633,0.026269828900694847,0.5723794102668762,0.001,404.1420018672943
284,2,130,36229,128,26.429485321044922,26.42089080810547,0.028164518997073174,0.5776776671409607,0.001,405.4327211380005
285,2,131,36357,128,20.138608932495117,20.130552291870117,0.022783610969781876,0.5777043700218201,0.001,406.71265411376953
286,2,132,36485,128,23.3089656829834,23.3006591796875,0.025485724210739136,0.5758985877037048,0.001,408.0095589160919
287,2,133,36613,128,23.794124603271484,23.786029815673828,0.0237965676933527,0.5713691115379333,0.001,409.30793142318726
288,2,134,36741,128,22.32021713256836,22.312023162841797,0.024489009752869606,0.5744291543960571,0.001,410.5795912742615
289,2,135,36869,128,27.08572769165039,27.07721710205078,0.027155280113220215,0.5794568061828613,0.001,411.8575716018677
290,2,136,36997,128,24.561498641967773,24.552595138549805,0.02953338623046875,0.5951326489448547,0.001,413.1584379673004
291,2,137,37125,128,19.093097686767578,19.084678649902344,0.02534906007349491,0.5884112119674683,0.001,414.4278292655945
292,2,138,37253,128,24.92656135559082,24.91741943359375,0.030243558809161186,0.6117501854896545,0.001,415.7816367149353
293,2,139,37381,128,20.086156845092773,20.077632904052734,0.025623071938753128,0.596200168132782,0.001,417.10377979278564
294,2,140,37509,128,22.235864639282227,22.227331161499023,0.026846153661608696,0.5847021341323853,0.001,418.3902020454407
295,2,141,37637,128,24.140796661376953,24.132020950317383,0.028660351410508156,0.5908766388893127,0.001,419.67861104011536
296,2,142,37765,128,23.672300338745117,23.66355323791504,0.02786673977971077,0.5960564017295837,0.001,420.9879148006439
297,2,143,37893,128,22.694011688232422,22.68586540222168,0.022889519110322,0.5856874585151672,0.001,422.26098561286926
298,2,144,38021,128,22.42715835571289,22.41893768310547,0.022566240280866623,0.5964919328689575,0.001,423.54391384124756
299,2,145,38149,128,23.4718074798584,23.46385955810547,0.020228693261742592,0.5923489332199097,0.001,424.8205826282501
300,2,146,38277,128,27.503103256225586,27.49418067932129,0.028190642595291138,0.6103775501251221,0.001,426.1342558860779
301,2,147,38405,128,24.615764617919922,24.607101440429688,0.026171434670686722,0.6045470237731934,0.001,427.4217369556427
302,2,148,38533,128,23.7059326171875,23.696998596191406,0.0300107654184103,0.5933167934417725,0.001,428.7241404056549
303,2,149,38661,128,22.623327255249023,22.61538314819336,0.022548414766788483,0.5689552426338196,0.001,430.02849221229553
304,2,150,38789,128,22.969942092895508,22.96153450012207,0.02718294970691204,0.5690160393714905,0.001,431.3332872390747
305,2,151,38917,128,22.65654754638672,22.64919662475586,0.01962781511247158,0.5389190316200256,0.001,432.62499237060547
306,2,152,39045,128,28.67654037475586,28.668827056884766,0.02347228117287159,0.5365715026855469,0.001,433.93114256858826
307,2,153,39173,128,26.619831085205078,26.61189079284668,0.026255322620272636,0.531359851360321,0.001,435.18958950042725
308,2,154,39178,5,15.268092155456543,15.26024341583252,0.026965860277414322,0.5151980519294739,0.001,435.3728816509247
309,3,1,39306,128,26.618268966674805,26.61014175415039,0.02720549702644348,0.5407887697219849,0.001,479.12799644470215
310,3,2,39434,128,27.93032455444336,27.92184829711914,0.03056960366666317,0.5419516563415527,0.001,480.45205307006836
311,3,3,39562,128,28.49618148803711,28.48862075805664,0.02314862608909607,0.5245048403739929,0.001,481.78439354896545
312,3,4,39690,128,28.22530174255371,28.217735290527344,0.024462638422846794,0.5118440389633179,0.001,483.1093575954437
313,3,5,39818,128,23.730714797973633,23.72320556640625,0.023683881387114525,0.51406329870224,0.001,484.39383721351624
314,3,6,39946,128,24.91556739807129,24.90812873840332,0.02426034025847912,0.5011899471282959,0.001,485.69682121276855
315,3,7,40074,128,26.774717330932617,26.766883850097656,0.028984252363443375,0.4934031665325165,0.001,486.9820454120636
316,3,8,40202,128,26.413509368896484,26.40606117248535,0.024434858933091164,0.5005064010620117,0.001,488.28575682640076
317,3,9,40330,128,24.076370239257812,24.068605422973633,0.027124429121613503,0.5053256154060364,0.001,489.61670207977295
318,3,10,40458,128,21.983739852905273,21.97590446472168,0.027600983157753944,0.5074822902679443,0.001,490.92721819877625
319,3,11,40586,128,23.683542251586914,23.675880432128906,0.0256341639906168,0.5098587870597839,0.001,492.26187467575073
320,3,12,40714,128,26.935657501220703,26.92771339416504,0.026615843176841736,0.5283543467521667,0.001,493.60739278793335
321,3,13,40842,128,26.19657325744629,26.188886642456055,0.025666510686278343,0.5119827389717102,0.001,494.9469676017761
322,3,14,40970,128,25.435548782348633,25.428028106689453,0.026469195261597633,0.48738765716552734,0.001,496.2472414970398
323,3,15,41098,128,27.505582809448242,27.497440338134766,0.032117124646902084,0.4930439889431,0.001,497.54798460006714
324,3,16,41226,128,20.759057998657227,20.75127410888672,0.028587911278009415,0.4924146831035614,0.001,498.91252183914185
325,3,17,41354,128,25.040651321411133,25.033184051513672,0.025557613000273705,0.49116387963294983,0.001,500.2424440383911
326,3,18,41482,128,28.13393211364746,28.125951766967773,0.029867732897400856,0.4993579387664795,0.001,501.61814284324646
327,3,19,41610,128,25.758071899414062,25.750356674194336,0.02856745757162571,0.48585188388824463,0.001,502.93844509124756
328,3,20,41738,128,25.99077033996582,25.982803344726562,0.030787846073508263,0.48884233832359314,0.001,504.2548689842224
329,3,21,41866,128,22.427392959594727,22.42021942138672,0.021671047434210777,0.5007045865058899,0.001,505.5212290287018
330,3,22,41994,128,24.703474044799805,24.695552825927734,0.028531556949019432,0.5066982507705688,0.001,506.82463479042053
331,3,23,42122,128,24.203121185302734,24.19478988647461,0.03190029785037041,0.5142953991889954,0.001,508.1596460342407
332,3,24,42250,128,26.590818405151367,26.583145141601562,0.025231823325157166,0.5150294303894043,0.001,509.4996123313904
333,3,25,42378,128,25.67853546142578,25.670795440673828,0.02572747878730297,0.516793966293335,0.001,510.8397972583771
334,3,26,42506,128,19.18534278869629,19.176681518554688,0.03583667799830437,0.5077294707298279,0.001,512.1607551574707
335,3,27,42634,128,22.656068801879883,22.648569107055664,0.02532026171684265,0.49668166041374207,0.001,513.4936571121216
336,3,28,42762,128,29.94797706604004,29.940275192260742,0.028476476669311523,0.48534756898880005,0.001,514.8317129611969
337,3,29,42890,128,21.428974151611328,21.421276092529297,0.029803762212395668,0.47162356972694397,0.001,516.1578493118286
338,3,30,43018,128,26.853525161743164,26.84628677368164,0.025684375315904617,0.46691060066223145,0.001,517.47123670578
339,3,31,43146,128,26.77760124206543,26.77008628845215,0.02935093455016613,0.4580496549606323,0.001,518.7688510417938
340,3,32,43274,128,17.96302032470703,17.956157684326172,0.02338523231446743,0.4524228572845459,0.001,520.0506069660187
341,3,33,43402,128,27.156789779663086,27.14870262145996,0.035850148648023605,0.4501269459724426,0.001,521.3409633636475
342,3,34,43530,128,25.35528564453125,25.348398208618164,0.02356313169002533,0.45316410064697266,0.001,522.6789257526398
343,3,35,43658,128,24.026206970214844,24.019145965576172,0.026323962956666946,0.4429514408111572,0.001,523.9738156795502
344,3,36,43786,128,24.859243392944336,24.852174758911133,0.027091333642601967,0.43596139550209045,0.001,525.2811615467072
345,3,37,43914,128,25.077003479003906,25.07029914855957,0.023687301203608513,0.43355536460876465,0.001,526.614066362381
346,3,38,44042,128,22.999244689941406,22.991975784301758,0.030165761709213257,0.4252268671989441,0.001,527.9162871837616
347,3,39,44170,128,22.83525848388672,22.828704833984375,0.023477353155612946,0.42061078548431396,0.001,529.2839334011078
348,3,40,44298,128,23.00944709777832,23.002573013305664,0.026568442583084106,0.4217040240764618,0.001,530.5972077846527
349,3,41,44426,128,20.713115692138672,20.705841064453125,0.029660332947969437,0.43092235922813416,0.001,531.9439260959625
350,3,42,44554,128,22.63435935974121,22.627674102783203,0.024816086515784264,0.4203897714614868,0.001,533.3293845653534
351,3,43,44682,128,23.8904972076416,23.883769989013672,0.025373080745339394,0.418977826833725,0.001,534.6827456951141
352,3,44,44810,128,23.3690185546875,23.362028121948242,0.028481800109148026,0.4142651855945587,0.001,536.0720677375793
353,3,45,44938,128,21.5677433013916,21.561412811279297,0.022109035402536392,0.41191762685775757,0.001,537.4139692783356
354,3,46,45066,128,24.416000366210938,24.40907859802246,0.027306700125336647,0.41904860734939575,0.001,538.7307121753693
355,3,47,45194,128,22.336654663085938,22.32992172241211,0.02585395611822605,0.4148430824279785,0.001,540.0720539093018
356,3,48,45322,128,26.825319290161133,26.818511962890625,0.02607707493007183,0.41991186141967773,0.001,541.4554491043091
357,3,49,45450,128,17.644256591796875,17.637788772583008,0.022035200148820877,0.4264867305755615,0.001,542.7915182113647
358,3,50,45578,128,17.912172317504883,17.90542984008789,0.02426835522055626,0.4316648542881012,0.001,544.1561207771301
359,3,51,45706,128,23.355152130126953,23.34788703918457,0.028856372460722923,0.437933087348938,0.001,545.4952764511108
360,3,52,45834,128,26.361074447631836,26.3543701171875,0.023250672966241837,0.4379946291446686,0.001,546.8768610954285
361,3,53,45962,128,25.557893753051758,25.550155639648438,0.03338894248008728,0.4397808611392975,0.001,548.246698141098
362,3,54,46090,128,22.377853393554688,22.370866775512695,0.0265862587839365,0.4327538311481476,0.001,549.6296792030334
363,3,55,46218,128,24.934707641601562,24.927684783935547,0.026212532073259354,0.44017502665519714,0.001,551.0055394172668
364,3,56,46346,128,21.485074996948242,21.478113174438477,0.02451576665043831,0.4510829746723175,0.001,552.3719067573547
365,3,57,46474,128,21.135408401489258,21.128124237060547,0.02699144557118416,0.45843496918678284,0.001,553.7482678890228
366,3,58,46602,128,17.732831954956055,17.726224899291992,0.02016395889222622,0.45919230580329895,0.001,555.1260499954224
367,3,59,46730,128,25.05432891845703,25.046791076660156,0.029582953080534935,0.4579147696495056,0.001,556.4822752475739
368,3,60,46858,128,21.966535568237305,21.959585189819336,0.024491509422659874,0.4501994848251343,0.001,557.8185422420502
369,3,61,46986,128,23.871097564697266,23.863561630249023,0.03048701584339142,0.4487457871437073,0.001,559.1781580448151
370,3,62,47114,128,19.378864288330078,19.371877670288086,0.024543605744838715,0.453139990568161,0.001,560.5165235996246
371,3,63,47242,128,20.451295852661133,20.44420623779297,0.02458689920604229,0.4631063938140869,0.001,561.9025781154633
372,3,64,47370,128,21.654117584228516,21.646923065185547,0.02558678761124611,0.4637117385864258,0.001,563.2824537754059
373,3,65,47498,128,22.167905807495117,22.16071891784668,0.026404326781630516,0.45470404624938965,0.001,564.6647295951843
374,3,66,47626,128,23.460474014282227,23.453205108642578,0.02662469819188118,0.46068528294563293,0.001,566.017819404602
375,3,67,47754,128,19.478899002075195,19.472496032714844,0.019177312031388283,0.4485505223274231,0.001,567.3609158992767
376,3,68,47882,128,22.227783203125,22.22079849243164,0.024638941511511803,0.45200008153915405,0.001,568.7365527153015
377,3,69,48010,128,26.165695190429688,26.158416748046875,0.028054574504494667,0.44727858901023865,0.001,570.1214189529419
378,3,70,48138,128,22.372299194335938,22.364980697631836,0.028440773487091064,0.44745934009552,0.001,571.4709484577179
379,3,71,48266,128,24.085235595703125,24.077564239501953,0.03114241175353527,0.45575565099716187,0.001,572.8501167297363
380,3,72,48394,128,23.100051879882812,23.093151092529297,0.023757342249155045,0.4523983597755432,0.001,574.2079572677612
381,3,73,48522,128,25.210277557373047,25.202672958374023,0.03052084520459175,0.4552968442440033,0.001,575.6064810752869
382,3,74,48650,128,21.359682083129883,21.352519989013672,0.02636990323662758,0.4523954689502716,0.001,576.9965229034424
383,3,75,48778,128,21.486244201660156,21.47945213317871,0.022989263758063316,0.44939836859703064,0.001,578.3806300163269
384,3,76,48906,128,23.7002010345459,23.692880630493164,0.028267210349440575,0.44936203956604004,0.001,579.7579448223114
385,3,77,49034,128,22.53422737121582,22.526905059814453,0.02779301442205906,0.45428362488746643,0.001,581.1656317710876
386,3,78,49162,128,22.606691360473633,22.59912109375,0.029614869505167007,0.4608628749847412,0.001,582.5278561115265
387,3,79,49290,128,21.987194061279297,21.98030662536621,0.022572174668312073,0.4630614221096039,0.001,583.8736021518707
388,3,80,49418,128,23.97583770751953,23.968650817871094,0.02595376968383789,0.45908695459365845,0.001,585.2557935714722
389,3,81,49546,128,20.13812828063965,20.130146026611328,0.033482134342193604,0.46339839696884155,0.001,586.6331725120544
390,3,82,49674,128,21.59269142150879,21.585416793823242,0.02758597396314144,0.4516367018222809,0.001,587.9860002994537
391,3,83,49802,128,17.160629272460938,17.153575897216797,0.026386449113488197,0.4416421949863434,0.001,589.3227035999298
392,3,84,49930,128,17.3692684173584,17.362276077270508,0.02641892246901989,0.43509727716445923,0.001,590.6622061729431
393,3,85,50058,128,19.40365982055664,19.39550018310547,0.037746984511613846,0.4384855628013611,0.001,591.9995090961456
394,3,86,50186,128,16.09271812438965,16.08565330505371,0.026501238346099854,0.4415290951728821,0.001,593.3055872917175
395,3,87,50314,128,17.389141082763672,17.381589889526367,0.03030911087989807,0.45205867290496826,0.001,594.6159863471985
396,3,88,50442,128,16.421276092529297,16.413259506225586,0.03381745144724846,0.46348923444747925,0.001,595.9700469970703
397,3,89,50570,128,14.962764739990234,14.955170631408691,0.029180169105529785,0.46757829189300537,0.001,597.3475692272186
398,3,90,50698,128,19.183528900146484,19.175432205200195,0.03359035775065422,0.4738192856311798,0.001,598.7324154376984
399,3,91,50826,128,13.836130142211914,13.82828140258789,0.030548298731446266,0.4794127345085144,0.001,600.0442123413086
400,3,92,50954,128,14.662065505981445,14.654593467712402,0.026313170790672302,0.48410069942474365,0.001,601.4012722969055
401,3,93,51082,128,16.139402389526367,16.130300521850586,0.043276648968458176,0.47742313146591187,0.001,602.7601058483124
402,3,94,51210,128,19.03181266784668,19.02359962463379,0.03334523364901543,0.48780566453933716,0.001,604.1274678707123
403,3,95,51338,128,16.112869262695312,16.10479736328125,0.032174285501241684,0.4853487014770508,0.001,605.4647858142853
404,3,96,51466,128,13.39334774017334,13.385880470275879,0.024190688505768776,0.5047874450683594,0.001,606.8287737369537
405,3,97,51594,128,13.64615535736084,13.63770866394043,0.03313479572534561,0.5133302211761475,0.001,608.2114827632904
406,3,98,51722,128,15.843155860900879,15.83537769317627,0.026486773043870926,0.5129552483558655,0.001,609.5805432796478
407,3,99,51850,128,16.566816329956055,16.557802200317383,0.038616832345724106,0.515198826789856,0.001,610.9641530513763
408,3,100,51978,128,20.26761245727539,20.259214401245117,0.03219785913825035,0.51778244972229,0.001,612.3395972251892
409,3,101,52106,128,18.822107315063477,18.813817977905273,0.03138643875718117,0.5149217247962952,0.001,613.693874835968
410,3,102,52234,128,17.944293975830078,17.93549346923828,0.03477592393755913,0.5323753952980042,0.001,615.0498530864716
411,3,103,52362,128,19.037181854248047,19.029035568237305,0.028343910351395607,0.5312380790710449,0.001,616.3990523815155
412,3,104,52490,128,19.6694393157959,19.660171508789062,0.03789817914366722,0.5478748679161072,0.001,617.7722070217133
413,3,105,52618,128,19.971153259277344,19.96249771118164,0.030639369040727615,0.5592523217201233,0.001,619.1377935409546
414,3,106,52746,128,13.660131454467773,13.651381492614746,0.030960530042648315,0.5654414892196655,0.001,620.5131185054779
415,3,107,52874,128,16.154693603515625,16.14614486694336,0.028272047638893127,0.572281539440155,0.001,621.8965139389038
416,3,108,53002,128,15.696012496948242,15.687440872192383,0.028334951028227806,0.5738356113433838,0.001,623.2982890605927
417,3,109,53130,128,18.586793899536133,18.577966690063477,0.030529260635375977,0.5772767663002014,0.001,624.6904664039612
418,3,110,53258,128,16.008689880371094,16.000083923339844,0.029032617807388306,0.5702491402626038,0.001,626.0803453922272
419,3,111,53386,128,17.68428611755371,17.675830841064453,0.027730995789170265,0.5682670474052429,0.001,627.4843156337738
420,3,112,53514,128,15.904876708984375,15.896700859069824,0.024372024461627007,0.5738105773925781,0.001,628.8599345684052
421,3,113,53642,128,16.11487579345703,16.10593032836914,0.030536843463778496,0.5892287492752075,0.001,630.2392971515656
422,3,114,53770,128,17.113218307495117,17.104469299316406,0.028055129572749138,0.5943882465362549,0.001,631.606687784195
423,3,115,53898,128,15.24601936340332,15.237122535705566,0.028349941596388817,0.6062011122703552,0.001,632.9736115932465
424,3,116,54026,128,20.156461715698242,20.14702606201172,0.03243007883429527,0.6193789839744568,0.001,634.3633272647858
425,3,117,54154,128,17.3394718170166,17.33046531677246,0.027625730261206627,0.6244696378707886,0.001,635.743114233017
426,3,118,54282,128,16.0588321685791,16.049882888793945,0.02566535584628582,0.6381731033325195,0.001,637.071236371994
427,3,119,54410,128,12.210476875305176,12.201555252075195,0.024328825995326042,0.6489129066467285,0.001,638.4233114719391
428,3,120,54538,128,15.912131309509277,15.90277099609375,0.027921993285417557,0.6567780375480652,0.001,639.7876391410828
429,3,121,54666,128,18.109359741210938,18.099931716918945,0.028149133548140526,0.6613507270812988,0.001,641.1412034034729
430,3,122,54794,128,13.782148361206055,13.773523330688477,0.01875210553407669,0.6750434041023254,0.001,642.5322682857513
431,3,123,54922,128,16.8741397857666,16.865095138549805,0.02288825437426567,0.6756598949432373,0.001,643.929591178894
432,3,124,55050,128,16.40992546081543,16.40068244934082,0.023330900818109512,0.6909477710723877,0.001,645.2616260051727
433,3,125,55178,128,13.347061157226562,13.337422370910645,0.026656711474061012,0.6973503232002258,0.001,646.6163203716278
434,3,126,55306,128,17.65626335144043,17.646343231201172,0.027135103940963745,0.7205490469932556,0.001,647.9650185108185
435,3,127,55434,128,17.348251342773438,17.33795928955078,0.029585732147097588,0.733415961265564,0.001,649.2949576377869
436,3,128,55562,128,17.715463638305664,17.7052059173584,0.028742704540491104,0.7383915185928345,0.001,650.6337225437164
437,3,129,55690,128,12.765044212341309,12.755231857299805,0.02338089421391487,0.7474271655082703,0.001,651.9814398288727
438,3,130,55818,128,12.546125411987305,12.536551475524902,0.021701190620660782,0.7403567433357239,0.001,653.3207221031189
439,3,131,55946,128,17.71432113647461,17.703947067260742,0.02906215190887451,0.7466782331466675,0.001,654.6867475509644
440,3,132,56074,128,17.193727493286133,17.18374252319336,0.023894255980849266,0.7595434188842773,0.001,656.0600373744965
441,3,133,56202,128,11.935768127441406,11.926048278808594,0.02103506401181221,0.7615927457809448,0.001,657.4157450199127
442,3,134,56330,128,12.5921049118042,12.58267879486084,0.01737605407834053,0.7688499689102173,0.001,658.7757453918457
443,3,135,56458,128,15.137429237365723,15.127325057983398,0.02364508807659149,0.7739709615707397,0.001,660.1424424648285
444,3,136,56586,128,17.074138641357422,17.063617706298828,0.02641892433166504,0.7880173325538635,0.001,661.5035448074341
445,3,137,56714,128,18.94526481628418,18.934261322021484,0.030643602833151817,0.7938984632492065,0.001,662.8591384887695
446,3,138,56842,128,12.733611106872559,12.723172187805176,0.02416437678039074,0.8021923303604126,0.001,664.2587976455688
447,3,139,56970,128,14.792059898376465,14.78136920928955,0.025940323248505592,0.8096714019775391,0.001,665.6499292850494
448,3,140,57098,128,13.89500904083252,13.884723663330078,0.02173667959868908,0.8111498355865479,0.001,667.0010368824005
449,3,141,57226,128,15.888652801513672,15.87825870513916,0.021662568673491478,0.8228650093078613,0.001,668.3604824542999
450,3,142,57354,128,16.151575088500977,16.140342712402344,0.02907879650592804,0.8324004411697388,0.001,669.7311141490936
451,3,143,57482,128,19.85257339477539,19.841541290283203,0.02598184160888195,0.8434378504753113,0.001,671.0941128730774
452,3,144,57610,128,14.731681823730469,14.72109603881836,0.02115112915635109,0.8470242619514465,0.001,672.4759359359741
453,3,145,57738,128,14.010929107666016,13.999656677246094,0.02758120931684971,0.8514589071273804,0.001,673.8558173179626
454,3,146,57866,128,15.157822608947754,15.147012710571289,0.022694995626807213,0.8540461659431458,0.001,675.2859580516815
455,3,147,57994,128,14.271860122680664,14.261137008666992,0.02206985093653202,0.8515920639038086,0.001,676.6888334751129
456,3,148,58122,128,13.291049003601074,13.280426979064941,0.020259365439414978,0.8596075773239136,0.001,678.0760703086853
457,3,149,58250,128,14.033509254455566,14.022512435913086,0.025796378031373024,0.84169602394104,0.001,679.4934096336365
458,3,150,58378,128,15.61678409576416,15.605745315551758,0.025747591629624367,0.8463979959487915,0.001,680.9018068313599
459,3,151,58506,128,13.34207534790039,13.331402778625488,0.022117940708994865,0.8461028337478638,0.001,682.3083193302155
460,3,152,58634,128,14.14500617980957,14.134052276611328,0.024569258093833923,0.8497273921966553,0.001,683.7130436897278
461,3,153,58762,128,14.429977416992188,14.419418334960938,0.02003248780965805,0.8555861115455627,0.001,685.1341140270233
462,3,154,58767,5,10.538711547851562,10.52778148651123,0.0207827165722847,0.8851911425590515,0.001,685.3972570896149
463,4,1,58895,128,15.373626708984375,15.362166404724121,0.02866288460791111,0.8593125343322754,0.001,732.1233677864075
464,4,2,59023,128,15.546966552734375,15.535787582397461,0.0256513562053442,0.861331582069397,0.001,733.5092308521271
465,4,3,59151,128,15.35921859741211,15.347630500793457,0.02975705824792385,0.8612958788871765,0.001,734.9339725971222
466,4,4,59279,128,16.4975643157959,16.486066818237305,0.028398891910910606,0.8656940460205078,0.001,736.3252060413361
467,4,5,59407,128,16.71641731262207,16.704748153686523,0.029407072812318802,0.8727979063987732,0.001,737.7108342647552
468,4,6,59535,128,13.816370964050293,13.80546760559082,0.02124018408358097,0.8779714107513428,0.001,739.1074118614197
469,4,7,59663,128,12.563061714172363,12.552308082580566,0.020423974841833115,0.8710752129554749,0.001,740.500004529953
470,4,8,59791,128,16.6094913482666,16.59834098815918,0.02429826930165291,0.8720862865447998,0.001,741.9068667888641
471,4,9,59919,128,12.686362266540527,12.675175666809082,0.024129487574100494,0.8774137496948242,0.001,743.2646746635437
472,4,10,60047,128,14.508716583251953,14.49796199798584,0.020275458693504333,0.8727008104324341,0.001,744.6530137062073
473,4,11,60175,128,22.519977569580078,22.508182525634766,0.029606331139802933,0.8835430145263672,0.001,746.0296368598938
474,4,12,60303,128,11.235434532165527,11.224687576293945,0.019380230456590652,0.8808920383453369,0.001,747.4101276397705
475,4,13,60431,128,13.020427703857422,13.009276390075684,0.02243141271173954,0.8907840847969055,0.001,748.7825846672058
476,4,14,60559,128,12.75819206237793,12.746461868286133,0.027870167046785355,0.8943913578987122,0.001,750.1446306705475
477,4,15,60687,128,10.96958065032959,10.958491325378418,0.02144690416753292,0.8944107890129089,0.001,751.5294857025146
478,4,16,60815,128,13.080409049987793,13.069344520568848,0.020174669101834297,0.9047843217849731,0.001,752.9486849308014
479,4,17,60943,128,12.577342987060547,12.565999031066895,0.02220797725021839,0.9123027920722961,0.001,754.328813791275
480,4,18,61071,128,13.969619750976562,13.958648681640625,0.019961433485150337,0.8975451588630676,0.001,755.696072101593
481,4,19,61199,128,10.850776672363281,10.839496612548828,0.022882215678691864,0.8992336988449097,0.001,757.0623619556427
482,4,20,61327,128,14.454517364501953,14.443438529968262,0.021468231454491615,0.8931654095649719,0.001,758.4394884109497
483,4,21,61455,128,15.294330596923828,15.282636642456055,0.027849454432725906,0.8909471035003662,0.001,759.8067331314087
484,4,22,61583,128,11.330728530883789,11.319145202636719,0.027825070545077324,0.8800071477890015,0.001,761.2118797302246
485,4,23,61711,128,11.714271545410156,11.703645706176758,0.01804402284324169,0.8821032047271729,0.001,762.5978863239288
486,4,24,61839,128,15.26134967803955,15.250604629516602,0.018866201862692833,0.8858902454376221,0.001,763.989325761795
487,4,25,61967,128,13.02710247039795,13.016092300415039,0.021737108007073402,0.8836933374404907,0.001,765.3442945480347
488,4,26,62095,128,15.09885025024414,15.08667278289795,0.03364020213484764,0.881369411945343,0.001,766.7348732948303
489,4,27,62223,128,17.796165466308594,17.785053253173828,0.02328774333000183,0.8782860636711121,0.001,768.123382806778
490,4,28,62351,128,15.643235206604004,15.632035255432129,0.024250727146863937,0.8774599432945251,0.001,769.4702496528625
491,4,29,62479,128,12.562361717224121,12.55114459991455,0.02303432673215866,0.8913736343383789,0.001,770.8605182170868
492,4,30,62607,128,12.744707107543945,12.733489036560059,0.023208243772387505,0.8897221684455872,0.001,772.257963180542
493,4,31,62735,128,14.97079086303711,14.959609985351562,0.02130943536758423,0.9050617814064026,0.001,773.6761865615845
494,4,32,62863,128,17.234107971191406,17.222272872924805,0.026877576485276222,0.9147457480430603,0.001,775.1001977920532
495,4,33,62991,128,15.64156723022461,15.630334854125977,0.01993498206138611,0.9239265322685242,0.001,776.5162825584412
496,4,34,63119,128,12.11861515045166,12.107583999633789,0.018067961558699608,0.9223827719688416,0.001,777.9122722148895
497,4,35,63247,128,12.484926223754883,12.472489356994629,0.030759243294596672,0.9361608028411865,0.001,779.3349940776825
498,4,36,63375,128,15.25826358795166,15.246661186218262,0.022459857165813446,0.9356591105461121,0.001,780.7543902397156
499,4,37,63503,128,14.748022079467773,14.735383987426758,0.03212171792984009,0.9426184892654419,0.001,782.1829874515533
500,4,38,63631,128,15.959765434265137,15.947515487670898,0.027378633618354797,0.9512224197387695,0.001,783.5864424705505
501,4,39,63759,128,16.04987907409668,16.038066864013672,0.023113278672099113,0.9500139951705933,0.001,785.0092701911926
502,4,40,63887,128,10.652070999145508,10.640892028808594,0.01736713945865631,0.9442790746688843,0.001,786.4059863090515
503,4,41,64015,128,13.19282341003418,13.181293487548828,0.020672209560871124,0.9461919665336609,0.001,787.7975351810455
504,4,42,64143,128,10.605926513671875,10.594589233398438,0.019000625237822533,0.9437382817268372,0.001,789.2147421836853
505,4,43,64271,128,11.089726448059082,11.07831859588623,0.01933937706053257,0.9473423361778259,0.001,790.6043047904968
506,4,44,64399,128,11.08155632019043,11.070124626159668,0.020152445882558823,0.9416605830192566,0.001,792.0045835971832
507,4,45,64527,128,13.332521438598633,13.320852279663086,0.021854175254702568,0.9483739733695984,0.001,793.3567917346954
508,4,46,64655,128,13.292529106140137,13.280607223510742,0.025696516036987305,0.9353060126304626,0.001,794.7202532291412
509,4,47,64783,128,13.923474311828613,13.912185668945312,0.01988101378083229,0.9300289154052734,0.001,796.0793325901031
510,4,48,64911,128,15.310986518859863,15.29953670501709,0.020442387089133263,0.9405041933059692,0.001,797.4558653831482
511,4,49,65039,128,14.323932647705078,14.312477111816406,0.019672898575663567,0.9487929940223694,0.001,798.833179473877
512,4,50,65167,128,14.08251667022705,14.070950508117676,0.02115042880177498,0.9450743794441223,0.001,800.2116334438324
513,4,51,65295,128,11.713851928710938,11.702370643615723,0.020323172211647034,0.9449121952056885,0.001,801.6190934181213
514,4,52,65423,128,12.564950942993164,12.553244590759277,0.021742261946201324,0.9531621336936951,0.001,803.0256502628326
515,4,53,65551,128,14.287741661071777,14.274803161621094,0.034111976623535156,0.9526991248130798,0.001,804.415239572525
516,4,54,65679,128,11.340222358703613,11.328802108764648,0.019085172563791275,0.9512041211128235,0.001,805.8439538478851
517,4,55,65807,128,9.380877494812012,9.369277000427246,0.020322049036622047,0.9568333029747009,0.001,807.2100081443787
518,4,56,65935,128,11.541356086730957,11.529919624328613,0.018225815147161484,0.9613971710205078,0.001,808.5918753147125
519,4,57,66063,128,13.867335319519043,13.855496406555176,0.022255325689911842,0.9613420367240906,0.001,809.9788501262665
520,4,58,66191,128,14.735830307006836,14.723563194274902,0.02524174563586712,0.974248468875885,0.001,811.3568549156189
521,4,59,66319,128,13.588130950927734,13.5767183303833,0.018018892034888268,0.9611165523529053,0.001,812.7317235469818
522,4,60,66447,128,12.179580688476562,12.168011665344238,0.019465098157525063,0.9622294902801514,0.001,814.1306073665619
523,4,61,66575,128,13.792417526245117,13.780011177062988,0.02732950821518898,0.9672801494598389,0.001,815.5584242343903
524,4,62,66703,128,12.151647567749023,12.139690399169922,0.022762609645724297,0.9680792689323425,0.001,816.9737823009491
525,4,63,66831,128,12.298548698425293,12.286555290222168,0.024410322308540344,0.9551743268966675,0.001,818.4120416641235
526,4,64,66959,128,13.19798469543457,13.185986518859863,0.023741843178868294,0.9623980522155762,0.001,819.7973165512085
527,4,65,67087,128,14.930290222167969,14.91787052154541,0.027240851894021034,0.9696143865585327,0.001,821.1962099075317
528,4,66,67215,128,11.675827980041504,11.66369342803955,0.0247360672801733,0.9660247564315796,0.001,822.6155941486359
529,4,67,67343,128,13.087085723876953,13.075700759887695,0.01708347164094448,0.9677171111106873,0.001,824.0312557220459
530,4,68,67471,128,11.998299598693848,11.987059593200684,0.017187802121043205,0.9521476030349731,0.001,825.4576313495636
531,4,69,67599,128,7.727632999420166,7.716338634490967,0.017189983278512955,0.9575455188751221,0.001,826.8930444717407
532,4,70,67727,128,13.948568344116211,13.93682861328125,0.022675806656479836,0.947235107421875,0.001,828.2870540618896
533,4,71,67855,128,14.109003067016602,14.097661972045898,0.020302122458815575,0.9311155676841736,0.001,829.7034165859222
534,4,72,67983,128,10.80605697631836,10.794794082641602,0.02024058811366558,0.923925518989563,0.001,831.0907216072083
535,4,73,68111,128,10.738109588623047,10.727025032043457,0.019458066672086716,0.9138719439506531,0.001,832.4512293338776
536,4,74,68239,128,12.60354232788086,12.592606544494629,0.01830407977104187,0.910615086555481,0.001,833.8340239524841
537,4,75,68367,128,12.008150100708008,11.997160911560059,0.01891089789569378,0.9098016023635864,0.001,835.243599653244
538,4,76,68495,128,14.835942268371582,14.82480239868164,0.020360833033919334,0.9103356599807739,0.001,836.6084053516388
539,4,77,68623,128,11.443023681640625,11.43227767944336,0.016636108979582787,0.9082402586936951,0.001,838.0001254081726
540,4,78,68751,128,11.53344440460205,11.52204418182373,0.022358866408467293,0.9165119528770447,0.001,839.3911428451538
541,4,79,68879,128,11.314312934875488,11.303102493286133,0.02009492926299572,0.9201472997665405,0.001,840.7642633914948
542,4,80,69007,128,8.99466609954834,8.98287582397461,0.026550207287073135,0.9135695695877075,0.001,842.1371960639954
543,4,81,69135,128,15.551375389099121,15.539901733398438,0.023387959226965904,0.9135358333587646,0.001,843.5063354969025
544,4,82,69263,128,11.767532348632812,11.756430625915527,0.019642209634184837,0.9136982560157776,0.001,844.8598313331604
545,4,83,69391,128,12.788816452026367,12.777341842651367,0.022906489670276642,0.9183900952339172,0.001,846.229291677475
546,4,84,69519,128,11.47571086883545,11.463953018188477,0.026763364672660828,0.9082263112068176,0.001,847.6346559524536
547,4,85,69647,128,15.763933181762695,15.752673149108887,0.021689800545573235,0.9091192483901978,0.001,849.0479807853699
548,4,86,69775,128,13.688698768615723,13.677719116210938,0.01950981095433235,0.9028781056404114,0.001,850.4310796260834
549,4,87,69903,128,14.147482872009277,14.136249542236328,0.0226362943649292,0.8969404697418213,0.001,851.8233227729797
550,4,88,70031,128,8.751823425292969,8.740700721740723,0.022007068619132042,0.8922077417373657,0.001,853.2030291557312
551,4,89,70159,128,12.304956436157227,12.294163703918457,0.01939496211707592,0.8852973580360413,0.001,854.5395441055298
552,4,90,70287,128,14.412528038024902,14.401198387145996,0.024783261120319366,0.8851462006568909,0.001,855.9108834266663
553,4,91,70415,128,11.425354957580566,11.414551734924316,0.019554797559976578,0.8848279714584351,0.001,857.3111846446991
554,4,92,70543,128,13.236823081970215,13.225788116455078,0.02085155062377453,0.8950271606445312,0.001,858.6962184906006
555,4,93,70671,128,11.979523658752441,11.968490600585938,0.02029590867459774,0.9004031419754028,0.001,860.1072933673859
556,4,94,70799,128,8.86611270904541,8.855537414550781,0.016370246186852455,0.8937384486198425,0.001,861.4978547096252
557,4,95,70927,128,7.88635778427124,7.875495433807373,0.01729823835194111,0.9132339358329773,0.001,862.9425880908966
558,4,96,71055,128,9.594576835632324,9.583544731140137,0.01920407824218273,0.911140501499176,0.001,864.3721809387207
559,4,97,71183,128,13.307710647583008,13.29655933380127,0.020162401720881462,0.9135450124740601,0.001,865.7862792015076
560,4,98,71311,128,9.971952438354492,9.960494995117188,0.02441391535103321,0.9016290307044983,0.001,867.1812164783478
561,4,99,71439,128,11.622145652770996,11.611105918884277,0.020507821813225746,0.8989353179931641,0.001,868.5685455799103
562,4,100,71567,128,13.623757362365723,13.612388610839844,0.024107307195663452,0.8957638144493103,0.001,869.9801604747772
563,4,101,71695,128,13.229248046875,13.217209815979004,0.029878294095396996,0.9050339460372925,0.001,871.3708956241608
564,4,102,71823,128,11.92573356628418,11.91405200958252,0.025364169850945473,0.9145252108573914,0.001,872.744482755661
565,4,103,71951,128,12.033883094787598,12.02273941040039,0.01928105764091015,0.9215638637542725,0.001,874.1181492805481
566,4,104,72079,128,11.082529067993164,11.070837020874023,0.02400832064449787,0.9291619062423706,0.001,875.4894156455994
567,4,105,72207,128,10.914066314697266,10.902338981628418,0.02351110242307186,0.9376665353775024,0.001,876.8613259792328
568,4,106,72335,128,9.3577241897583,9.346396446228027,0.018902529031038284,0.9437838196754456,0.001,878.262038230896
569,4,107,72463,128,13.546430587768555,13.534642219543457,0.023624693974852562,0.942656397819519,0.001,879.6195158958435
570,4,108,72591,128,12.866033554077148,12.85469913482666,0.018771933391690254,0.9457875490188599,0.001,880.9702396392822
571,4,109,72719,128,12.765389442443848,12.75429916381836,0.017281172797083855,0.9362239241600037,0.001,882.3695917129517
572,4,110,72847,128,10.182415962219238,10.170866012573242,0.021813152357935905,0.9368627667427063,0.001,883.7460265159607
573,4,111,72975,128,11.07846736907959,11.066963195800781,0.02093946747481823,0.9410189390182495,0.001,885.1366448402405
574,4,112,73103,128,11.2594575881958,11.247915267944336,0.02272886596620083,0.926975429058075,0.001,886.5455703735352
575,4,113,73231,128,17.368505477905273,17.3558406829834,0.03397130221128464,0.9267886281013489,0.001,887.9402363300323
576,4,114,73359,128,18.060659408569336,18.048681259155273,0.026569917798042297,0.9321528077125549,0.001,889.3199725151062
577,4,115,73487,128,12.614131927490234,12.602505683898926,0.023162825033068657,0.9309790134429932,0.001,890.6971478462219
578,4,116,73615,128,13.524868965148926,13.513439178466797,0.021066298708319664,0.9323567748069763,0.001,892.1108303070068
579,4,117,73743,128,9.273115158081055,9.261842727661133,0.019642842933535576,0.9307761788368225,0.001,893.5056762695312
580,4,118,73871,128,11.057218551635742,11.045869827270508,0.019074080511927605,0.9441573619842529,0.001,894.9197382926941
581,4,119,73999,128,11.074152946472168,11.062893867492676,0.016977550461888313,0.9561086893081665,0.001,896.3174476623535
582,4,120,74127,128,11.731415748596191,11.720184326171875,0.01756448857486248,0.9474380612373352,0.001,897.7073347568512
583,4,121,74255,128,9.375483512878418,9.364407539367676,0.016237681731581688,0.9451624751091003,0.001,899.0713317394257
584,4,122,74383,128,13.853097915649414,13.841415405273438,0.024068942293524742,0.9275043606758118,0.001,900.4399268627167
585,4,123,74511,128,11.398455619812012,11.387914657592773,0.01405064482241869,0.9136618971824646,0.001,901.7933819293976
586,4,124,74639,128,11.020176887512207,11.009462356567383,0.017842808738350868,0.8929914236068726,0.001,903.1771726608276
587,4,125,74767,128,11.213582992553711,11.202921867370605,0.0179328303784132,0.8867878317832947,0.001,904.5602705478668
588,4,126,74895,128,12.951184272766113,12.939874649047852,0.025458425283432007,0.8763390779495239,0.001,905.9485666751862
589,4,127,75023,128,9.111348152160645,9.10069751739502,0.019686633720993996,0.8682369589805603,0.001,907.3063893318176
590,4,128,75151,128,11.982321739196777,11.971457481384277,0.022415218874812126,0.862298846244812,0.001,908.6724956035614
591,4,129,75279,128,11.321396827697754,11.310484886169434,0.024656150490045547,0.8446996212005615,0.001,910.0805594921112
592,4,130,75407,128,11.300348281860352,11.289679527282715,0.02330801449716091,0.8337934017181396,0.001,911.4484808444977
593,4,131,75535,128,8.651841163635254,8.641894340515137,0.016584446653723717,0.8288446664810181,0.001,912.8685810565948
594,4,132,75663,128,8.254476547241211,8.244800567626953,0.013296514749526978,0.8346532583236694,0.001,914.2471168041229
595,4,133,75791,128,11.711838722229004,11.701202392578125,0.023179758340120316,0.8317787647247314,0.001,915.6150403022766
596,4,134,75919,128,11.062681198120117,11.052779197692871,0.01743488572537899,0.8159123659133911,0.001,916.9983875751495
597,4,135,76047,128,13.55916690826416,13.548995971679688,0.021418649703264236,0.802904486656189,0.001,918.4023065567017
598,4,136,76175,128,15.263484001159668,15.25345230102539,0.020833691582083702,0.7947773933410645,0.001,919.7928738594055
599,4,137,76303,128,16.58639144897461,16.5758056640625,0.026505840942263603,0.7933752536773682,0.001,921.2054917812347
600,4,138,76431,128,9.20423412322998,9.19442081451416,0.01798098534345627,0.8015732765197754,0.001,922.5870423316956
601,4,139,76559,128,9.96365737915039,9.953733444213867,0.018067752942442894,0.8116961717605591,0.001,923.9705798625946
602,4,140,76687,128,15.289340019226074,15.279017448425293,0.0218840092420578,0.8133987784385681,0.001,925.3617684841156
603,4,141,76815,128,14.732221603393555,14.722105026245117,0.019055744633078575,0.8211550116539001,0.001,926.7892515659332
604,4,142,76943,128,11.490549087524414,11.480010032653809,0.022773602977395058,0.8261386156082153,0.001,928.2220377922058
605,4,143,77071,128,11.581026077270508,11.571024894714355,0.01770169846713543,0.8231589794158936,0.001,929.6306195259094
606,4,144,77199,128,9.146459579467773,9.136388778686523,0.01787729375064373,0.8283054828643799,0.001,931.0108602046967
607,4,145,77327,128,11.097290992736816,11.087060928344727,0.01914207451045513,0.831570029258728,0.001,932.3818411827087
608,4,146,77455,128,12.716060638427734,12.705544471740723,0.020787838846445084,0.8437289595603943,0.001,933.7731685638428
609,4,147,77583,128,8.774443626403809,8.76444149017334,0.014292584732174873,0.8573032021522522,0.001,935.1953542232513
610,4,148,77711,128,12.207082748413086,12.1965913772583,0.017707044258713722,0.8720295429229736,0.001,936.6023879051208
611,4,149,77839,128,13.211347579956055,13.200082778930664,0.024862119928002357,0.8778273463249207,0.001,937.9865810871124
612,4,150,77967,128,9.463431358337402,9.45266342163086,0.019044486805796623,0.8863502740859985,0.001,939.4022498130798
613,4,151,78095,128,9.766024589538574,9.755500793457031,0.016226980835199356,0.8900256752967834,0.001,940.793089389801
614,4,152,78223,128,9.213518142700195,9.20265007019043,0.020642409101128578,0.8803467154502869,0.001,942.2119090557098
615,4,153,78351,128,12.940552711486816,12.929780960083008,0.019942983984947205,0.8777467012405396,0.001,943.6332919597626
616,4,154,78356,5,3.6612799167633057,3.6508164405822754,0.018647626042366028,0.8598713874816895,0.001,943.9836230278015
617,5,1,78484,128,12.305187225341797,12.294536590576172,0.01920136623084545,0.8730854392051697,0.001,990.7269423007965
618,5,2,78612,128,12.221752166748047,12.210366249084473,0.028370941057801247,0.8549199104309082,0.001,992.063901424408
619,5,3,78740,128,11.907551765441895,11.896503448486328,0.024736715480685234,0.8574548363685608,0.001,993.4078161716461
620,5,4,78868,128,10.777315139770508,10.76619815826416,0.024272184818983078,0.8690078854560852,0.001,994.728474855423
621,5,5,78996,128,11.161236763000488,11.150559425354004,0.019823109731078148,0.869469940662384,0.001,996.1100084781647
622,5,6,79124,128,12.415377616882324,12.404219627380371,0.023432264104485512,0.8815140724182129,0.001,997.5087130069733
623,5,7,79252,128,11.334124565124512,11.322759628295898,0.02523471787571907,0.8841288685798645,0.001,998.9355282783508
624,5,8,79380,128,10.306205749511719,10.29504108428955,0.022229939699172974,0.894192099571228,0.001,1000.3700702190399
625,5,9,79508,128,10.024262428283691,10.013406753540039,0.019860802218317986,0.8869104981422424,0.001,1001.7562730312347
626,5,10,79636,128,8.948799133300781,8.938429832458496,0.015861747786402702,0.8783608675003052,0.001,1003.1166427135468
627,5,11,79764,128,11.743741989135742,11.732784271240234,0.02110525779426098,0.8846828937530518,0.001,1004.518461227417
628,5,12,79892,128,9.732624053955078,9.721659660339355,0.02049333043396473,0.8914601802825928,0.001,1005.9295892715454
629,5,13,80020,128,11.276649475097656,11.265827178955078,0.017969535663723946,0.9025169014930725,0.001,1007.3306064605713
630,5,14,80148,128,8.860922813415527,8.850311279296875,0.016876358538866043,0.8923487663269043,0.001,1008.7204911708832
631,5,15,80276,128,11.880348205566406,11.869634628295898,0.017983408644795418,0.8914989233016968,0.001,1010.1256282329559
632,5,16,80404,128,11.306685447692871,11.295696258544922,0.02001485787332058,0.8987314105033875,0.001,1011.5599002838135
633,5,17,80532,128,11.342772483825684,11.331788063049316,0.020378591492772102,0.894669771194458,0.001,1012.9652810096741
634,5,18,80660,128,11.140185356140137,11.129518508911133,0.017879921942949295,0.8878772258758545,0.001,1014.3591604232788
635,5,19,80788,128,11.252157211303711,11.241653442382812,0.016936790198087692,0.8810080885887146,0.001,1015.7465324401855
636,5,20,80916,128,10.00600814819336,9.99461841583252,0.026934294030070305,0.8696304559707642,0.001,1017.1297540664673
637,5,21,81044,128,10.492197036743164,10.481571197509766,0.018428612500429153,0.8783113360404968,0.001,1018.5034444332123
638,5,22,81172,128,12.01865291595459,12.007866859436035,0.020855754613876343,0.8700269460678101,0.001,1019.9277753829956
639,5,23,81300,128,14.706249237060547,14.695012092590332,0.025991663336753845,0.8638532161712646,0.001,1021.3124566078186
640,5,24,81428,128,11.758404731750488,11.747825622558594,0.01992233470082283,0.8586865067481995,0.001,1022.7521171569824
641,5,25,81556,128,12.170690536499023,12.16045093536377,0.01525086909532547,0.8715047836303711,0.001,1024.1782913208008
642,5,26,81684,128,10.455066680908203,10.444534301757812,0.019121747463941574,0.8619850873947144,0.001,1025.5582423210144
643,5,27,81812,128,10.776224136352539,10.765351295471191,0.022506937384605408,0.8622562885284424,0.001,1026.9634029865265
644,5,28,81940,128,13.811075210571289,13.800621032714844,0.01897304318845272,0.8557759523391724,0.001,1028.3671078681946
645,5,29,82068,128,13.445137977600098,13.434677124023438,0.018531830981373787,0.8607978224754333,0.001,1029.7728788852692
646,5,30,82196,128,12.964014053344727,12.95335578918457,0.02017538622021675,0.8640497326850891,0.001,1031.1550872325897
647,5,31,82324,128,10.888167381286621,10.877873420715332,0.01632741466164589,0.8661078214645386,0.001,1032.5596492290497
648,5,32,82452,128,12.504101753234863,12.49352741241455,0.01910976879298687,0.8662852048873901,0.001,1033.949682712555
649,5,33,82580,128,10.631692886352539,10.6211519241333,0.01922641508281231,0.8617947697639465,0.001,1035.344560623169
650,5,34,82708,128,9.720542907714844,9.710474967956543,0.01567031443119049,0.8501157164573669,0.001,1036.7317690849304
651,5,35,82836,128,12.436812400817871,12.425894737243652,0.024158939719200134,0.8502234220504761,0.001,1038.1119084358215
652,5,36,82964,128,12.820475578308105,12.810015678405762,0.0195819903165102,0.8501893877983093,0.001,1039.5063860416412
653,5,37,83092,128,10.771453857421875,10.761075973510742,0.020166343078017235,0.8360627889633179,0.001,1040.8848330974579
654,5,38,83220,128,11.81003189086914,11.799531936645508,0.022112729027867317,0.8288325071334839,0.001,1042.2713639736176
655,5,39,83348,128,10.27484130859375,10.264758110046387,0.018232302740216255,0.8259723782539368,0.001,1043.6500992774963
656,5,40,83476,128,10.540159225463867,10.529927253723145,0.01892571710050106,0.8339136242866516,0.001,1045.0231640338898
657,5,41,83604,128,10.609100341796875,10.598614692687988,0.021715445443987846,0.83139568567276,0.001,1046.4115550518036
658,5,42,83732,128,14.35161304473877,14.341231346130371,0.020919159054756165,0.8289670944213867,0.001,1047.8162183761597
659,5,43,83860,128,13.19112777709961,13.180803298950195,0.019078081473708153,0.8416796922683716,0.001,1049.187362909317
660,5,44,83988,128,8.506738662719727,8.49637222290039,0.01979629509150982,0.8386300802230835,0.001,1050.580543756485
661,5,45,84116,128,9.665470123291016,9.65531063079834,0.017897922545671463,0.8369545936584473,0.001,1051.979106426239
662,5,46,84244,128,12.0117826461792,12.0016450881958,0.01776588335633278,0.8361228704452515,0.001,1053.3968505859375
663,5,47,84372,128,8.424965858459473,8.41484546661377,0.01831791363656521,0.8288449645042419,0.001,1054.7692875862122
664,5,48,84500,128,9.940020561218262,9.929821014404297,0.019221283495426178,0.8277497887611389,0.001,1056.157787322998
665,5,49,84628,128,13.430793762207031,13.4205961227417,0.018472788855433464,0.8350104093551636,0.001,1057.5288753509521
666,5,50,84756,128,9.007270812988281,8.99669075012207,0.022244615480303764,0.8355395197868347,0.001,1058.8960590362549
667,5,51,84884,128,10.467037200927734,10.456925392150879,0.01717740297317505,0.839381217956543,0.001,1060.3175284862518
668,5,52,85012,128,11.899839401245117,11.889239311218262,0.020501092076301575,0.854965090751648,0.001,1061.7061324119568
669,5,53,85140,128,12.004433631896973,11.994011878967285,0.01802961528301239,0.8618736863136292,0.001,1063.1126189231873
670,5,54,85268,128,8.581623077392578,8.571093559265137,0.019232841208577156,0.8605913519859314,0.001,1064.4796721935272
671,5,55,85396,128,10.520400047302246,10.509947776794434,0.017603570595383644,0.8691438436508179,0.001,1065.894103050232
672,5,56,85524,128,9.446084022521973,9.435569763183594,0.01814919523894787,0.8699412941932678,0.001,1067.3105387687683
673,5,57,85652,128,10.126999855041504,10.116434097290039,0.018991846591234207,0.866667628288269,0.001,1068.6979014873505
674,5,58,85780,128,10.688819885253906,10.677934646606445,0.02229003608226776,0.8656160831451416,0.001,1070.1127104759216
675,5,59,85908,128,12.290787696838379,12.280403137207031,0.01708194985985756,0.8676260113716125,0.001,1071.5023715496063
676,5,60,86036,128,11.862645149230957,11.852025032043457,0.01807558350265026,0.881324291229248,0.001,1072.8861973285675
677,5,61,86164,128,8.709089279174805,8.698847770690918,0.016074955463409424,0.8633873462677002,0.001,1074.2855446338654
678,5,62,86292,128,10.598675727844238,10.588094711303711,0.019687453284859657,0.8612270355224609,0.001,1075.6835508346558
679,5,63,86420,128,11.401925086975098,11.391276359558105,0.02086479403078556,0.8562310934066772,0.001,1077.1204950809479
680,5,64,86548,128,7.553305149078369,7.543222904205322,0.015890303999185562,0.8493371605873108,0.001,1078.5230073928833
681,5,65,86676,128,11.876745223999023,11.86620044708252,0.020438525825738907,0.8501256704330444,0.001,1079.9187550544739
682,5,66,86804,128,9.453736305236816,9.44373893737793,0.01604892872273922,0.839262843132019,0.001,1081.2981033325195
683,5,67,86932,128,12.561755180358887,12.550657272338867,0.027376238256692886,0.8360285758972168,0.001,1082.6943128108978
684,5,68,87060,128,10.564949989318848,10.55465316772461,0.01896851323544979,0.8400292992591858,0.001,1084.1166372299194
685,5,69,87188,128,9.158867835998535,9.14863395690918,0.017376771196722984,0.8496065735816956,0.001,1085.478021621704
686,5,70,87316,128,8.537793159484863,8.5275297164917,0.017542419955134392,0.8509364128112793,0.001,1086.8749265670776
687,5,71,87444,128,12.124428749084473,12.113569259643555,0.023287087678909302,0.8530425429344177,0.001,1088.281882762909
688,5,72,87572,128,8.482285499572754,8.472073554992676,0.016571536660194397,0.855423092842102,0.001,1089.716335773468
689,5,73,87700,128,8.472945213317871,8.462630271911621,0.017728371545672417,0.8541895151138306,0.001,1091.105741739273
690,5,74,87828,128,10.693587303161621,10.683106422424316,0.019357534125447273,0.8545079827308655,0.001,1092.4744274616241
691,5,75,87956,128,15.194931983947754,15.184076309204102,0.02295609749853611,0.8560319542884827,0.001,1093.8663666248322
692,5,76,88084,128,13.000819206237793,12.990187644958496,0.020183486863970757,0.8613578677177429,0.001,1095.240140914917
693,5,77,88212,128,12.598652839660645,12.587932586669922,0.020948905497789383,0.8625440001487732,0.001,1096.6507380008698
694,5,78,88340,128,12.456789016723633,12.446174621582031,0.01855345629155636,0.8759450912475586,0.001,1098.0154201984406
695,5,79,88468,128,7.8143463134765625,7.804190158843994,0.014164062216877937,0.8739962577819824,0.001,1099.4147248268127
696,5,80,88596,128,9.89411449432373,9.883241653442383,0.019326364621520042,0.8939309120178223,0.001,1100.8287162780762
697,5,81,88724,128,10.908855438232422,10.897921562194824,0.020922401919960976,0.8841847777366638,0.001,1102.2148849964142
698,5,82,88852,128,12.422017097473145,12.41132640838623,0.018935000523924828,0.8798038959503174,0.001,1103.5713648796082
699,5,83,88980,128,9.963584899902344,9.953181266784668,0.0160194244235754,0.8801624178886414,0.001,1104.973955154419
700,5,84,89108,128,9.566105842590332,9.555291175842285,0.022049231454730034,0.8610215187072754,0.001,1106.3443820476532
701,5,85,89236,128,10.993124961853027,10.982877731323242,0.017613833770155907,0.848599374294281,0.001,1107.71120595932
702,5,86,89364,128,14.188538551330566,14.177159309387207,0.030368370935320854,0.8343125581741333,0.001,1109.0743854045868
703,5,87,89492,128,11.220308303833008,11.209665298461914,0.023143133148550987,0.8328192830085754,0.001,1110.4458315372467
704,5,88,89620,128,8.609225273132324,8.598999977111816,0.01927059516310692,0.8297901749610901,0.001,1111.8107419013977
705,5,89,89748,128,11.123601913452148,11.11335563659668,0.019635891541838646,0.8282713890075684,0.001,1113.1993911266327
706,5,90,89876,128,12.286438941955566,12.276206016540527,0.019131135195493698,0.8320176601409912,0.001,1114.5702786445618
707,5,91,90004,128,8.027685165405273,8.017867088317871,0.015308908186852932,0.8287160396575928,0.001,1115.953136920929
708,5,92,90132,128,12.801177978515625,12.790682792663574,0.022771308198571205,0.8217521905899048,0.001,1117.3314538002014
709,5,93,90260,128,10.110697746276855,10.10063648223877,0.018232081085443497,0.8238207101821899,0.001,1118.6791727542877
710,5,94,90388,128,11.268939018249512,11.258679389953613,0.021699216216802597,0.8090221881866455,0.001,1119.9880061149597
711,5,95,90516,128,8.981733322143555,8.972034454345703,0.016850758343935013,0.8013609647750854,0.001,1121.3332686424255
712,5,96,90644,128,9.067656517028809,9.058117866516113,0.01528173964470625,0.8010644912719727,0.001,1122.7315039634705
713,5,97,90772,128,7.444533348083496,7.434622764587402,0.019951704889535904,0.7915616631507874,0.001,1124.0899813175201
714,5,98,90900,128,10.29633903503418,10.286483764648438,0.018242089077830315,0.8030568957328796,0.001,1125.4440021514893
715,5,99,91028,128,9.110536575317383,9.100728034973145,0.01885032095015049,0.7923451066017151,0.001,1126.8361840248108
716,5,100,91156,128,9.712301254272461,9.702290534973145,0.021179169416427612,0.7892780900001526,0.001,1128.2365491390228
717,5,101,91284,128,9.23404312133789,9.224077224731445,0.021041397005319595,0.7861985564231873,0.001,1129.6347987651825
718,5,102,91412,128,8.70632266998291,8.696682929992676,0.017649203538894653,0.7874510288238525,0.001,1131.0149519443512
719,5,103,91540,128,10.331592559814453,10.321741104125977,0.020238928496837616,0.7827677130699158,0.001,1132.4150040149689
720,5,104,91668,128,9.895812034606934,9.886117935180664,0.018413837999105453,0.7852365374565125,0.001,1133.8006582260132
721,5,105,91796,128,10.704251289367676,10.694435119628906,0.019586661830544472,0.7857134938240051,0.001,1135.1871478557587
722,5,106,91924,128,11.749268531799316,11.739521980285645,0.018519068136811256,0.7894231677055359,0.001,1136.5649285316467
723,5,107,92052,128,8.897546768188477,8.888045310974121,0.016258014366030693,0.787549614906311,0.001,1137.9314243793488
724,5,108,92180,128,9.734170913696289,9.72462272644043,0.017512714490294456,0.7797315716743469,0.001,1139.3087837696075
725,5,109,92308,128,9.904478073120117,9.894890785217285,0.018947144970297813,0.769260823726654,0.001,1140.662106513977
726,5,110,92436,128,10.359086990356445,10.349499702453613,0.019060617312788963,0.7681264281272888,0.001,1141.9941747188568
727,5,111,92564,128,11.248459815979004,11.238679885864258,0.0216563381254673,0.7614524364471436,0.001,1143.3531637191772
728,5,112,92692,128,14.484222412109375,14.474074363708496,0.025311056524515152,0.761684775352478,0.001,1144.7396941184998
729,5,113,92820,128,10.032683372497559,10.023512840270996,0.015796024352312088,0.75909423828125,0.001,1146.1140360832214
730,5,114,92948,128,7.879581928253174,7.870529651641846,0.015196466818451881,0.7532757520675659,0.001,1147.5073018074036
731,5,115,93076,128,13.717680931091309,13.708344459533691,0.01719515584409237,0.7617326378822327,0.001,1148.9105913639069
732,5,116,93204,128,12.899481773376465,12.890201568603516,0.017000583931803703,0.7579439282417297,0.001,1150.294319152832
733,5,117,93332,128,7.556944847106934,7.5473833084106445,0.019113078713417053,0.7650444507598877,0.001,1151.660103559494
734,5,118,93460,128,10.737030029296875,10.727235794067383,0.02036104165017605,0.7758563160896301,0.001,1153.0184984207153
735,5,119,93588,128,11.018701553344727,11.008528709411621,0.02458173967897892,0.7714537978172302,0.001,1154.4044308662415
736,5,120,93716,128,10.857897758483887,10.848221778869629,0.01787027157843113,0.7889018654823303,0.001,1155.7842495441437
737,5,121,93844,128,11.299991607666016,11.2904691696167,0.01512903906404972,0.800979733467102,0.001,1157.2153489589691
738,5,122,93972,128,10.84697437286377,10.836846351623535,0.021068615838885307,0.802151083946228,0.001,1158.5981442928314
739,5,123,94100,128,12.768254280090332,12.758150100708008,0.02067764848470688,0.8036187887191772,0.001,1159.9911217689514
740,5,124,94228,128,15.031637191772461,15.020878791809082,0.026156211271882057,0.8142532706260681,0.001,1161.3572914600372
741,5,125,94356,128,16.49402618408203,16.483688354492188,0.02147541008889675,0.819044291973114,0.001,1162.74391913414
742,5,126,94484,128,12.410051345825195,12.398868560791016,0.029934657737612724,0.8188973069190979,0.001,1164.1283071041107
743,5,127,94612,128,10.847294807434082,10.837397575378418,0.017213834449648857,0.8175628781318665,0.001,1165.5188994407654
744,5,128,94740,128,13.800554275512695,13.790362358093262,0.01907583884894848,0.828483521938324,0.001,1166.8652091026306
745,5,129,94868,128,7.9189958572387695,7.909135818481445,0.015673181042075157,0.8292900323867798,0.001,1168.204006433487
746,5,130,94996,128,10.36178970336914,10.3515043258667,0.02005860023200512,0.827943742275238,0.001,1169.5477604866028
747,5,131,95124,128,12.658329963684082,12.647741317749023,0.022616878151893616,0.8326460123062134,0.001,1170.9585943222046
748,5,132,95252,128,12.528458595275879,12.518149375915527,0.020779233425855637,0.823096513748169,0.001,1172.36159324646
749,5,133,95380,128,10.972404479980469,10.962043762207031,0.020960016176104546,0.8264374732971191,0.001,1173.7236139774323
750,5,134,95508,128,10.524009704589844,10.514001846313477,0.018784642219543457,0.8129001259803772,0.001,1175.0827026367188
751,5,135,95636,128,10.378479957580566,10.368230819702148,0.021320287138223648,0.8116649389266968,0.001,1176.477302312851
752,5,136,95764,128,10.39182186126709,10.381349563598633,0.024095607921481133,0.8062757253646851,0.001,1177.819611787796
753,5,137,95892,128,13.493824005126953,13.483418464660645,0.024171261116862297,0.7988011240959167,0.001,1179.1567986011505
754,5,138,96020,128,13.229403495788574,13.219535827636719,0.018154744058847427,0.8052312135696411,0.001,1180.5431349277496
755,5,139,96148,128,12.511003494262695,12.500795364379883,0.02077571488916874,0.8131398558616638,0.001,1181.9455227851868
756,5,140,96276,128,9.860223770141602,9.8502197265625,0.018819555640220642,0.8122186064720154,0.001,1183.3673815727234
757,5,141,96404,128,10.967385292053223,10.95694351196289,0.022054987028241158,0.8235647082328796,0.001,1184.736368894577
758,5,142,96532,128,9.31610107421875,9.305074691772461,0.027835899963974953,0.8242273330688477,0.001,1186.121366262436
759,5,143,96660,128,13.082695007324219,13.072164535522461,0.020835524424910545,0.8447142839431763,0.001,1187.4596738815308
760,5,144,96788,128,12.282271385192871,12.271842002868652,0.02050432562828064,0.8378622531890869,0.001,1188.874060869217
761,5,145,96916,128,9.920482635498047,9.91026496887207,0.018876058980822563,0.8330239653587341,0.001,1190.2820734977722
762,5,146,97044,128,11.999114990234375,11.988849639892578,0.020434588193893433,0.8221397995948792,0.001,1191.7051334381104
763,5,147,97172,128,8.802898406982422,8.792852401733398,0.01893213763833046,0.8153392672538757,0.001,1193.0850117206573
764,5,148,97300,128,8.941793441772461,8.932056427001953,0.01693221554160118,0.8044211268424988,0.001,1194.4792063236237
765,5,149,97428,128,10.095125198364258,10.084917068481445,0.022589659318327904,0.7949286699295044,0.001,1195.8746075630188
766,5,150,97556,128,12.877788543701172,12.867329597473145,0.026653170585632324,0.7793641090393066,0.001,1197.243870973587
767,5,151,97684,128,12.353657722473145,12.34377670288086,0.02170947752892971,0.7710853815078735,0.001,1198.6312506198883
768,5,152,97812,128,8.391810417175293,8.382243156433105,0.018238291144371033,0.7743735313415527,0.001,1200.0055367946625
769,5,153,97940,128,10.661911010742188,10.652268409729004,0.019460106268525124,0.7695838212966919,0.001,1201.3273072242737
770,5,154,97945,5,5.217884540557861,5.209813117980957,0.0036596839781850576,0.7705568671226501,0.001,1201.5689041614532
771,6,1,98073,128,10.06892204284668,10.059507369995117,0.01839665323495865,0.7575284242630005,0.001,1247.9293081760406
772,6,2,98201,128,12.195040702819824,12.185785293579102,0.016750290989875793,0.7580655217170715,0.001,1249.3074862957
773,6,3,98329,128,10.64791202545166,10.638349533081055,0.020417751744389534,0.7521132230758667,0.001,1250.7020576000214
774,6,4,98457,128,11.932217597961426,11.922775268554688,0.01927850767970085,0.7514898180961609,0.001,1252.0968503952026
775,6,5,98585,128,9.400755882263184,9.391371726989746,0.017585227265954018,0.7625991702079773,0.001,1253.5089700222015
776,6,6,98713,128,11.123323440551758,11.113412857055664,0.022487958893179893,0.766174852848053,0.001,1254.8779919147491
777,6,7,98841,128,9.57896614074707,9.569189071655273,0.02023397758603096,0.7753674983978271,0.001,1256.2703874111176
778,6,8,98969,128,11.109086990356445,11.099102973937988,0.02245282381772995,0.7739108800888062,0.001,1257.6752309799194
779,6,9,99097,128,9.796262741088867,9.786637306213379,0.018829261884093285,0.7742720246315002,0.001,1259.07430434227
780,6,10,99225,128,9.487910270690918,9.478435516357422,0.01786358654499054,0.7688285708427429,0.001,1260.4478480815887
781,6,11,99353,128,8.549007415771484,8.539349555969238,0.019371913745999336,0.7721109986305237,0.001,1261.8631043434143
782,6,12,99481,128,8.480727195739746,8.471372604370117,0.01590508222579956,0.7763488292694092,0.001,1263.2652080059052
783,6,13,99609,128,9.384974479675293,9.375102996826172,0.02002481184899807,0.7868931889533997,0.001,1264.679357767105
784,6,14,99737,128,8.425922393798828,8.416316032409668,0.017436278983950615,0.7863175272941589,0.001,1266.0789377689362
785,6,15,99865,128,7.1762261390686035,7.165590763092041,0.027537072077393532,0.7881836891174316,0.001,1267.4712448120117
786,6,16,99993,128,9.007462501525879,8.998167991638184,0.013518369756639004,0.7941998243331909,0.001,1268.8452446460724
787,6,17,100121,128,11.48352336883545,11.47330093383789,0.023094583302736282,0.7912867665290833,0.001,1270.261195898056
788,6,18,100249,128,8.610196113586426,8.600492477416992,0.017726654186844826,0.7930384874343872,0.001,1271.5988206863403
789,6,19,100377,128,8.316145896911621,8.306771278381348,0.014196175150573254,0.7954418659210205,0.001,1273.0076863765717
790,6,20,100505,128,10.081646919250488,10.071681022644043,0.019718676805496216,0.7993778586387634,0.001,1274.354160785675
791,6,21,100633,128,11.745895385742188,11.735356330871582,0.025215331465005875,0.8017143607139587,0.001,1275.6997089385986
792,6,22,100761,128,13.239008903503418,13.228854179382324,0.019984086975455284,0.8156712055206299,0.001,1277.0526826381683
793,6,23,100889,128,9.946203231811523,9.936066627502441,0.020703855901956558,0.8066452741622925,0.001,1278.4203934669495
794,6,24,101017,128,9.197793960571289,9.18725872039795,0.024835925549268723,0.8051767349243164,0.001,1279.7677731513977
795,6,25,101145,128,11.556509017944336,11.546818733215332,0.01554515864700079,0.8135581612586975,0.001,1281.0824620723724
796,6,26,101273,128,10.046828269958496,10.036768913269043,0.019656939432024956,0.8093395233154297,0.001,1282.448936700821
797,6,27,101401,128,11.181239128112793,11.17076587677002,0.02334040030837059,0.8139529824256897,0.001,1283.8014583587646
798,6,28,101529,128,7.446331977844238,7.436766624450684,0.015412923879921436,0.8024161458015442,0.001,1285.1962099075317
799,6,29,101657,128,11.497443199157715,11.487410545349121,0.0205537062138319,0.7977583408355713,0.001,1286.585373878479
800,6,30,101785,128,9.454427719116211,9.444934844970703,0.01656126230955124,0.783598005771637,0.001,1287.9513397216797
801,6,31,101913,128,9.620028495788574,9.609867095947266,0.02361079305410385,0.779971182346344,0.001,1289.332499742508
802,6,32,102041,128,11.321809768676758,11.3120756149292,0.020436467602849007,0.7690783739089966,0.001,1290.7239592075348
803,6,33,102169,128,12.618179321289062,12.608448028564453,0.020840277895331383,0.7647188901901245,0.001,1292.08651137352
804,6,34,102297,128,9.018190383911133,9.008743286132812,0.018341047689318657,0.7613146305084229,0.001,1293.5112280845642
805,6,35,102425,128,10.917370796203613,10.907666206359863,0.0211957897990942,0.758441686630249,0.001,1294.9023704528809
806,6,36,102553,128,12.353507041931152,12.343574523925781,0.022208822891116142,0.7711305022239685,0.001,1296.2896747589111
807,6,37,102681,128,10.220003128051758,10.210588455200195,0.018065188080072403,0.7608339190483093,0.001,1297.614594221115
808,6,38,102809,128,11.733036041259766,11.723457336425781,0.01968606747686863,0.7610557675361633,0.001,1298.976253271103
809,6,39,102937,128,9.206511497497559,9.197339057922363,0.015161565504968166,0.7656073570251465,0.001,1300.332349538803
810,6,40,103065,128,10.727408409118652,10.717751502990723,0.019981319084763527,0.76585453748703,0.001,1301.7168791294098
811,6,41,103193,128,11.374515533447266,11.365079879760742,0.018241390585899353,0.7611684203147888,0.001,1303.082198858261
812,6,42,103321,128,7.183464527130127,7.174208641052246,0.017133638262748718,0.7542703151702881,0.001,1304.4728820323944
813,6,43,103449,128,12.422699928283691,12.413192749023438,0.02093823254108429,0.741335391998291,0.001,1305.8470339775085
814,6,44,103577,128,9.738405227661133,9.72935676574707,0.017132548615336418,0.7336044907569885,0.001,1307.2257397174835
815,6,45,103705,128,10.034124374389648,10.025123596191406,0.017552074044942856,0.7246102094650269,0.001,1308.613431930542
816,6,46,103833,128,11.95816707611084,11.948643684387207,0.022030258551239967,0.7320817112922668,0.001,1309.9593167304993
817,6,47,103961,128,11.507394790649414,11.498083114624023,0.020087670534849167,0.7303425669670105,0.001,1311.3342854976654
818,6,48,104089,128,10.579607963562012,10.570047378540039,0.022527232766151428,0.7307544946670532,0.001,1312.7038202285767
819,6,49,104217,128,11.66413402557373,11.654726028442383,0.020014798268675804,0.7406224608421326,0.001,1314.0831298828125
820,6,50,104345,128,8.898366928100586,8.889236450195312,0.017074016854166985,0.7423162460327148,0.001,1315.478008031845
821,6,51,104473,128,12.72619915008545,12.716955184936523,0.018450815230607986,0.7398854494094849,0.001,1316.8943300247192
822,6,52,104601,128,11.38372802734375,11.374312400817871,0.020170684903860092,0.7398166656494141,0.001,1318.2966089248657
823,6,53,104729,128,8.224937438964844,8.215916633605957,0.015861324965953827,0.7434737086296082,0.001,1319.6884405612946
824,6,54,104857,128,8.37753677368164,8.368210792541504,0.019716614857316017,0.7354429364204407,0.001,1321.0948255062103
825,6,55,104985,128,10.435881614685059,10.425888061523438,0.026532193645834923,0.7340652942657471,0.001,1322.466022014618
826,6,56,105113,128,11.40134048461914,11.391813278198242,0.02233642153441906,0.7294089794158936,0.001,1323.8425991535187
827,6,57,105241,128,12.164384841918945,12.154727935791016,0.02339676395058632,0.7317841053009033,0.001,1325.23437166214
828,6,58,105369,128,8.169968605041504,8.160987854003906,0.01665090024471283,0.7315564751625061,0.001,1326.6407442092896
829,6,59,105497,128,8.94282341003418,8.933777809143066,0.01697550155222416,0.7347717881202698,0.001,1328.0449333190918
830,6,60,105625,128,9.879131317138672,9.870037078857422,0.018217597156763077,0.7273123264312744,0.001,1329.4147951602936
831,6,61,105753,128,8.610339164733887,8.601405143737793,0.016028648242354393,0.7331153750419617,0.001,1330.7621788978577
832,6,62,105881,128,9.803740501403809,9.794659614562988,0.01806332729756832,0.7274214029312134,0.001,1332.1913187503815
833,6,63,106009,128,8.854867935180664,8.845452308654785,0.021327657625079155,0.7282792329788208,0.001,1333.5550329685211
834,6,64,106137,128,10.036189079284668,10.027091026306152,0.018893379718065262,0.7208348512649536,0.001,1334.960485458374
835,6,65,106265,128,8.353965759277344,8.345325469970703,0.014781993813812733,0.7162505984306335,0.001,1336.367035150528
836,6,66,106393,128,11.37073802947998,11.361592292785645,0.019660651683807373,0.7179455757141113,0.001,1337.7229278087616
837,6,67,106521,128,11.240944862365723,11.232002258300781,0.017829028889536858,0.715941846370697,0.001,1339.1163475513458
838,6,68,106649,128,9.111029624938965,9.101645469665527,0.021193189546465874,0.7265142798423767,0.001,1340.50630402565
839,6,69,106777,128,8.209786415100098,8.200540542602539,0.020658735185861588,0.7180285453796387,0.001,1341.927979707718
840,6,70,106905,128,11.553478240966797,11.543628692626953,0.026080766692757607,0.7241703867912292,0.001,1343.309651851654
841,6,71,107033,128,15.271563529968262,15.26192855834961,0.02314424142241478,0.7320156693458557,0.001,1344.6454465389252
842,6,72,107161,128,10.55579662322998,10.546427726745605,0.020484227687120438,0.732048511505127,0.001,1345.9845881462097
843,6,73,107289,128,8.337821006774902,8.328557014465332,0.019267821684479713,0.7337831854820251,0.001,1347.3840186595917
844,6,74,107417,128,11.44192123413086,11.432554244995117,0.02131294272840023,0.7235926389694214,0.001,1348.7942814826965
845,6,75,107545,128,12.820098876953125,12.810832977294922,0.02039697766304016,0.722588837146759,0.001,1350.1905040740967
846,6,76,107673,128,9.949299812316895,9.939713478088379,0.02319820038974285,0.7266462445259094,0.001,1351.5707023143768
847,6,77,107801,128,11.558515548706055,11.549649238586426,0.01700393669307232,0.7165576219558716,0.001,1352.9685974121094
848,6,78,107929,128,9.886175155639648,9.877437591552734,0.01563224196434021,0.7174332141876221,0.001,1354.33007979393
849,6,79,108057,128,9.1662015914917,9.157087326049805,0.01963811181485653,0.7150784730911255,0.001,1355.7172989845276
850,6,80,108185,128,7.684175491333008,7.675300598144531,0.016299782320857048,0.7244905829429626,0.001,1357.0852661132812
851,6,81,108313,128,13.405508995056152,13.396506309509277,0.01846168003976345,0.7156693935394287,0.001,1358.4360010623932
852,6,82,108441,128,9.528225898742676,9.519192695617676,0.019953716546297073,0.703773021697998,0.001,1359.8186781406403
853,6,83,108569,128,10.346036911010742,10.336860656738281,0.020688682794570923,0.7107717394828796,0.001,1361.1840438842773
854,6,84,108697,128,13.427067756652832,13.417803764343262,0.022168932482600212,0.7046507000923157,0.001,1362.536711215973
855,6,85,108825,128,8.847579956054688,8.838835716247559,0.017311962321400642,0.701335608959198,0.001,1363.9149553775787
856,6,86,108953,128,7.935921669006348,7.927003860473633,0.01931438408792019,0.698623538017273,0.001,1365.2714834213257
857,6,87,109081,128,9.606632232666016,9.5977144241333,0.019495883956551552,0.6968151330947876,0.001,1366.6672990322113
858,6,88,109209,128,6.931746482849121,6.923375129699707,0.014422646723687649,0.6928850412368774,0.001,1367.998347043991
859,6,89,109337,128,9.415351867675781,9.406755447387695,0.01673934794962406,0.6922445297241211,0.001,1369.4399316310883
860,6,90,109465,128,7.658358097076416,7.6498236656188965,0.016712674871087074,0.6863306760787964,0.001,1370.8126049041748
861,6,91,109593,128,11.947531700134277,11.938214302062988,0.02434389851987362,0.6882637143135071,0.001,1372.1844234466553
862,6,92,109721,128,10.871943473815918,10.863179206848145,0.017903978005051613,0.6973845362663269,0.001,1373.5748889446259
863,6,93,109849,128,9.611836433410645,9.603199005126953,0.016712475568056107,0.6966331005096436,0.001,1374.9586584568024
864,6,94,109977,128,8.986693382263184,8.977782249450684,0.018491024151444435,0.7062281966209412,0.001,1376.304826259613
865,6,95,110105,128,7.862753868103027,7.853312015533447,0.022707624360919,0.7171350717544556,0.001,1377.704818725586
866,6,96,110233,128,12.389636039733887,12.380183219909668,0.022910019382834435,0.7162565588951111,0.001,1379.0361816883087
867,6,97,110361,128,8.840832710266113,8.832113265991211,0.015081834979355335,0.7212001085281372,0.001,1380.4151077270508
868,6,98,110489,128,11.861747741699219,11.851460456848145,0.030327290296554565,0.7254302501678467,0.001,1381.7563786506653
869,6,99,110617,128,10.175522804260254,10.166293144226074,0.019876211881637573,0.7242543697357178,0.001,1383.1256563663483
870,6,100,110745,128,8.214502334594727,8.205540657043457,0.016958752647042274,0.7265753746032715,0.001,1384.5066661834717
871,6,101,110873,128,7.071773529052734,7.06304407119751,0.014312063343822956,0.729863703250885,0.001,1385.8644392490387
872,6,102,111001,128,8.985316276550293,8.975903511047363,0.022249752655625343,0.7188113331794739,0.001,1387.2261056900024
873,6,103,111129,128,13.741039276123047,13.731600761413574,0.023195583373308182,0.7119064927101135,0.001,1388.639594078064
874,6,104,111257,128,8.689645767211914,8.680817604064941,0.017247634008526802,0.7102704644203186,0.001,1389.9847276210785
875,6,105,111385,128,7.55281925201416,7.543591499328613,0.020991364493966103,0.712883472442627,0.001,1391.3688955307007
876,6,106,111513,128,12.05718994140625,12.047861099243164,0.022919243201613426,0.7037431001663208,0.001,1392.6936473846436
877,6,107,111641,128,10.16064167022705,10.151907920837402,0.01694456860423088,0.7039497494697571,0.001,1394.0282793045044
878,6,108,111769,128,8.072188377380371,8.06312370300293,0.01997249945998192,0.7067964673042297,0.001,1395.3510329723358
879,6,109,111897,128,9.885449409484863,9.876479148864746,0.018921619281172752,0.7078165411949158,0.001,1396.7436292171478
880,6,110,112025,128,15.489785194396973,15.480597496032715,0.02089952491223812,0.7098368406295776,0.001,1398.066585302353
881,6,111,112153,128,10.398035049438477,10.389115333557129,0.0178713109344244,0.7132055163383484,0.001,1399.4562797546387
882,6,112,112281,128,8.916749954223633,8.907423973083496,0.020546218380331993,0.7271484136581421,0.001,1400.8662476539612
883,6,113,112409,128,9.048596382141113,9.039820671081543,0.0158032588660717,0.7195241451263428,0.001,1402.2787816524506
884,6,114,112537,128,8.995190620422363,8.985785484313965,0.02356930822134018,0.7048733234405518,0.001,1403.6678388118744
885,6,115,112665,128,7.470808982849121,7.4619903564453125,0.016977427527308464,0.7121068835258484,0.001,1405.0724258422852
886,6,116,112793,128,10.432794570922852,10.423604965209961,0.023039663210511208,0.688584566116333,0.001,1406.4573922157288
887,6,117,112921,128,8.401142120361328,8.392341613769531,0.01878112368285656,0.6922709345817566,0.001,1407.8701283931732
888,6,118,113049,128,10.119930267333984,10.1109619140625,0.02066296897828579,0.6901272535324097,0.001,1409.2464566230774
889,6,119,113177,128,11.307910919189453,11.299261093139648,0.01833566091954708,0.6815518736839294,0.001,1410.6488876342773
890,6,120,113305,128,10.839595794677734,10.830873489379883,0.01963569037616253,0.6758431792259216,0.001,1411.979870557785
891,6,121,113433,128,7.459909439086914,7.451333999633789,0.01941867731511593,0.6633661389350891,0.001,1413.291724205017
892,6,122,113561,128,12.070100784301758,12.061566352844238,0.01909465156495571,0.6625177264213562,0.001,1414.6194891929626
893,6,123,113689,128,10.350733757019043,10.342191696166992,0.019498152658343315,0.6591807007789612,0.001,1415.9249799251556
894,6,124,113817,128,8.85595989227295,8.847579956054688,0.01891288533806801,0.6488446593284607,0.001,1417.2425429821014
895,6,125,113945,128,8.956025123596191,8.947688102722168,0.017603948712348938,0.6576828360557556,0.001,1418.5777192115784
896,6,126,114073,128,11.296416282653809,11.288029670715332,0.018297135829925537,0.655662477016449,0.001,1419.9245021343231
897,6,127,114201,128,10.698541641235352,10.690006256103516,0.018439922481775284,0.6690772771835327,0.001,1421.317345380783
898,6,128,114329,128,8.162443161010742,8.153932571411133,0.01849016547203064,0.6661417484283447,0.001,1422.6747105121613
899,6,129,114457,128,10.643472671508789,10.634270668029785,0.025549981743097305,0.6647132039070129,0.001,1424.0215022563934
900,6,130,114585,128,8.706655502319336,8.698307037353516,0.01722610369324684,0.6626229286193848,0.001,1425.3648431301117
901,6,131,114713,128,8.02019214630127,8.011876106262207,0.017620069906115532,0.6553191542625427,0.001,1426.750365972519
902,6,132,114841,128,9.675592422485352,9.667000770568848,0.020378554239869118,0.6553851962089539,0.001,1428.160574913025
903,6,133,114969,128,11.995711326599121,11.987244606018066,0.019416337832808495,0.6525071859359741,0.001,1429.5348036289215
904,6,134,115097,128,7.893927574157715,7.885857582092285,0.015386677347123623,0.6531357765197754,0.001,1430.8769750595093
905,6,135,115225,128,8.692652702331543,8.684216499328613,0.01893956959247589,0.6542432904243469,0.001,1432.2770385742188
906,6,136,115353,128,6.769164562225342,6.7611284255981445,0.01563701033592224,0.6472366452217102,0.001,1433.6537146568298
907,6,137,115481,128,8.764476776123047,8.755806922912598,0.021854614838957787,0.6484032273292542,0.001,1435.0427293777466
908,6,138,115609,128,9.135830879211426,9.127490997314453,0.018434125930070877,0.6496359705924988,0.001,1436.4379222393036
909,6,139,115737,128,9.34223747253418,9.333759307861328,0.019848985597491264,0.6493452787399292,0.001,1437.8579881191254
910,6,140,115865,128,10.616565704345703,10.60822582244873,0.01864154450595379,0.6475284695625305,0.001,1439.2451417446136
911,6,141,115993,128,10.486974716186523,10.478656768798828,0.01924017071723938,0.6394790410995483,0.001,1440.644849061966
912,6,142,116121,128,9.247581481933594,9.239397048950195,0.01849893480539322,0.6333872079849243,0.001,1442.0378241539001
913,6,143,116249,128,8.066251754760742,8.057821273803711,0.020201001316308975,0.641029953956604,0.001,1443.4238667488098
914,6,144,116377,128,11.007355690002441,10.99881362915039,0.021531952545046806,0.6388200521469116,0.001,1444.805839061737
915,6,145,116505,128,7.698546886444092,7.690484046936035,0.016605189070105553,0.6402288675308228,0.001,1446.1884453296661
916,6,146,116633,128,11.977535247802734,11.969191551208496,0.019392115995287895,0.6404755115509033,0.001,1447.5389244556427
917,6,147,116761,128,8.249387741088867,8.241008758544922,0.019560448825359344,0.6423238515853882,0.001,1448.8725235462189
918,6,148,116889,128,8.996505737304688,8.988399505615234,0.01699179969727993,0.6407020688056946,0.001,1450.212429523468
919,6,149,117017,128,10.499395370483398,10.491281509399414,0.017600055783987045,0.6354670524597168,0.001,1451.5962071418762
920,6,150,117145,128,8.198860168457031,8.190916061401367,0.015565209090709686,0.6387989521026611,0.001,1452.9534804821014
921,6,151,117273,128,6.628961086273193,6.6211161613464355,0.014852458611130714,0.6359483003616333,0.001,1454.291972875595
922,6,152,117401,128,13.466947555541992,13.458854675292969,0.01856187917292118,0.6237497329711914,0.001,1455.590103149414
923,6,153,117529,128,9.451530456542969,9.443140983581543,0.02148299850523472,0.624116837978363,0.001,1456.9065220355988
924,6,154,117534,5,7.609496116638184,7.602360248565674,0.012903094291687012,0.5845556259155273,0.001,1457.1010966300964
925,7,1,117662,128,9.109792709350586,9.101746559143066,0.018209334462881088,0.6225917339324951,0.001,1501.745764017105
926,7,2,117790,128,8.6764497756958,8.668444633483887,0.017123330384492874,0.6292667388916016,0.001,1503.084060907364
927,7,3,117918,128,10.049993515014648,10.042011260986328,0.01628422737121582,0.6353378891944885,0.001,1504.4117321968079
928,7,4,118046,128,9.409210205078125,9.400861740112305,0.019089272245764732,0.6438736915588379,0.001,1505.7435457706451
929,7,5,118174,128,7.345371723175049,7.33691930770874,0.019027069211006165,0.6550037264823914,0.001,1507.060061454773
930,7,6,118302,128,9.853256225585938,9.844633102416992,0.02110777050256729,0.6512253880500793,0.001,1508.4125664234161
931,7,7,118430,128,9.63666820526123,9.628314971923828,0.018100319430232048,0.6542859673500061,0.001,1509.7899882793427
932,7,8,118558,128,10.584136962890625,10.575522422790527,0.02054583467543125,0.6560451984405518,0.001,1511.1645245552063
933,7,9,118686,128,8.469034194946289,8.460420608520508,0.020281873643398285,0.6585471630096436,0.001,1512.5735187530518
934,7,10,118814,128,8.648527145385742,8.639991760253906,0.019883831962943077,0.6546840667724609,0.001,1513.9652030467987
935,7,11,118942,128,9.169755935668945,9.161508560180664,0.01805691048502922,0.6442239284515381,0.001,1515.3151800632477
936,7,12,119070,128,13.25004768371582,13.241256713867188,0.024228978902101517,0.636752188205719,0.001,1516.6546058654785
937,7,13,119198,128,11.026691436767578,11.018186569213867,0.022172100841999054,0.6287215948104858,0.001,1518.0250897407532
938,7,14,119326,128,9.652965545654297,9.64490032196045,0.017273185774683952,0.6338192224502563,0.001,1519.3441965579987
939,7,15,119454,128,8.733691215515137,8.72550106048584,0.018187958747148514,0.637136697769165,0.001,1520.6827127933502
940,7,16,119582,128,7.703769207000732,7.695709705352783,0.01683175563812256,0.63763827085495,0.001,1522.0208766460419
941,7,17,119710,128,11.90623950958252,11.897941589355469,0.019248314201831818,0.6373200416564941,0.001,1523.4156720638275
942,7,18,119838,128,10.503527641296387,10.495523452758789,0.016497252508997917,0.635414719581604,0.001,1524.806075811386
943,7,19,119966,128,8.45510482788086,8.447071075439453,0.016922948881983757,0.6342374086380005,0.001,1526.1839702129364
944,7,20,120094,128,9.444238662719727,9.436190605163574,0.017444496974349022,0.6303869485855103,0.001,1527.5792560577393
945,7,21,120222,128,10.42723274230957,10.419218063354492,0.01699615642428398,0.6315092444419861,0.001,1528.9429795742035
946,7,22,120350,128,11.89865493774414,11.889596939086914,0.027856910601258278,0.6272674798965454,0.001,1530.2676587104797
947,7,23,120478,128,8.67857837677002,8.67058277130127,0.017866088077425957,0.6209120750427246,0.001,1531.6499545574188
948,7,24,120606,128,11.20205020904541,11.193995475769043,0.01891469769179821,0.6163952946662903,0.001,1533.021296262741
949,7,25,120734,128,8.794210433959961,8.78648567199707,0.015320450067520142,0.6192938685417175,0.001,1534.3809909820557
950,7,26,120862,128,8.282971382141113,8.275100708007812,0.01651804707944393,0.6218555569648743,0.001,1535.7131390571594
951,7,27,120990,128,8.519052505493164,8.511087417602539,0.01727055385708809,0.6238406896591187,0.001,1537.10404753685
952,7,28,121118,128,9.08840274810791,9.080171585083008,0.020317861810326576,0.6199876070022583,0.001,1538.5315086841583
953,7,29,121246,128,8.940378189086914,8.931818008422852,0.02380976639688015,0.6178488731384277,0.001,1539.9447076320648
954,7,30,121374,128,8.99979305267334,8.991832733154297,0.01813461072742939,0.6146399974822998,0.001,1541.3341357707977
955,7,31,121502,128,10.564260482788086,10.5565824508667,0.015802696347236633,0.6098030805587769,0.001,1542.7004981040955
956,7,32,121630,128,13.640336036682129,13.632217407226562,0.02075902372598648,0.6042683124542236,0.001,1544.072417974472
957,7,33,121758,128,12.718448638916016,12.71037769317627,0.021072547882795334,0.5963109731674194,0.001,1545.4049274921417
958,7,34,121886,128,8.012955665588379,8.00517749786377,0.018286067992448807,0.5949562788009644,0.001,1546.7427446842194
959,7,35,122014,128,9.509443283081055,9.501385688781738,0.020679514855146408,0.599042534828186,0.001,1548.1167151927948
960,7,36,122142,128,7.199990272521973,7.192179203033447,0.01719120517373085,0.6091898679733276,0.001,1549.4565465450287
961,7,37,122270,128,8.498276710510254,8.490119934082031,0.01983817107975483,0.6173254251480103,0.001,1550.7984659671783
962,7,38,122398,128,9.97671890258789,9.968331336975098,0.02211116999387741,0.6176453232765198,0.001,1552.114167690277
963,7,39,122526,128,8.454610824584961,8.446463584899902,0.019586889073252678,0.6187925338745117,0.001,1553.4681615829468
964,7,40,122654,128,6.888946056365967,6.880934715270996,0.01768827624619007,0.6242048144340515,0.001,1554.785725593567
965,7,41,122782,128,6.9399027824401855,6.9319000244140625,0.017362454906105995,0.6266497373580933,0.001,1556.1683185100555
966,7,42,122910,128,10.861735343933105,10.853411674499512,0.02062731795012951,0.6260692477226257,0.001,1557.5213713645935
967,7,43,123038,128,13.371021270751953,13.362953186035156,0.017575090751051903,0.6310179233551025,0.001,1558.8746807575226
968,7,44,123166,128,13.27755069732666,13.268651962280273,0.026030540466308594,0.6295032501220703,0.001,1560.201542854309
969,7,45,123294,128,9.516741752624512,9.507715225219727,0.027151042595505714,0.6311823129653931,0.001,1561.5792801380157
970,7,46,123422,128,8.840261459350586,8.832038879394531,0.018625838682055473,0.6359907984733582,0.001,1562.9394512176514
971,7,47,123550,128,8.23377513885498,8.225696563720703,0.0169465821236372,0.63837069272995,0.001,1564.2702622413635
972,7,48,123678,128,8.042180061340332,8.034167289733887,0.016018424183130264,0.6410639882087708,0.001,1565.6238334178925
973,7,49,123806,128,10.643167495727539,10.634921073913574,0.019611993804574013,0.6286113262176514,0.001,1567.0072145462036
974,7,50,123934,128,10.266263008117676,10.257889747619629,0.021688293665647507,0.6204243898391724,0.001,1568.3288238048553
975,7,51,124062,128,10.82341194152832,10.8154296875,0.01823580078780651,0.6158819794654846,0.001,1569.7351081371307
976,7,52,124190,128,11.254631042480469,11.246526718139648,0.020426807925105095,0.6061951518058777,0.001,1571.1214952468872
977,7,53,124318,128,9.53372573852539,9.526167869567871,0.01584068313241005,0.5973605513572693,0.001,1572.5144255161285
978,7,54,124446,128,9.997339248657227,9.989229202270508,0.021740885451436043,0.5936136841773987,0.001,1573.8810074329376
979,7,55,124574,128,11.63589859008789,11.627434730529785,0.025863273069262505,0.5877969264984131,0.001,1575.2393169403076
980,7,56,124702,128,8.430656433105469,8.422633171081543,0.02088027261197567,0.5935219526290894,0.001,1576.6411390304565
981,7,57,124830,128,10.239832878112793,10.23212718963623,0.017340082675218582,0.5971510410308838,0.001,1578.0065579414368
982,7,58,124958,128,8.990434646606445,8.982521057128906,0.01829831674695015,0.608343243598938,0.001,1579.3701705932617
983,7,59,125086,128,10.166389465332031,10.15810489654541,0.021890899166464806,0.6095696091651917,0.001,1580.7188022136688
984,7,60,125214,128,8.680319786071777,8.672325134277344,0.01961834356188774,0.6032998561859131,0.001,1582.081206560135
985,7,61,125342,128,9.132146835327148,9.124466896057129,0.015531167387962341,0.6125937700271606,0.001,1583.4402751922607
986,7,62,125470,128,8.676458358764648,8.66810417175293,0.021848997101187706,0.6169081330299377,0.001,1584.7461705207825
987,7,63,125598,128,7.315039157867432,7.307003974914551,0.01802113652229309,0.6233309507369995,0.001,1586.087851524353
988,7,64,125726,128,8.83367919921875,8.82564926147461,0.018652288243174553,0.6164215207099915,0.001,1587.4336342811584
989,7,65,125854,128,6.596466541290283,6.58853006362915,0.016937479376792908,0.6242938041687012,0.001,1588.8324773311615
990,7,66,125982,128,7.530900001525879,7.523035049438477,0.01651766337454319,0.6213114857673645,0.001,1590.2463500499725
991,7,67,126110,128,8.376908302307129,8.368951797485352,0.018434319645166397,0.6113497614860535,0.001,1591.6344771385193
992,7,68,126238,128,8.490147590637207,8.482393264770508,0.017020897939801216,0.6052473783493042,0.001,1592.9902045726776
993,7,69,126366,128,7.618651390075684,7.61079216003418,0.017069203779101372,0.615218997001648,0.001,1594.3499398231506
994,7,70,126494,128,10.584293365478516,10.576351165771484,0.019486604258418083,0.5993719100952148,0.001,1595.682784795761
995,7,71,126622,128,7.485381126403809,7.477669715881348,0.017364200204610825,0.5974591374397278,0.001,1597.074890613556
996,7,72,126750,128,7.994323253631592,7.9868903160095215,0.015336188487708569,0.5899320840835571,0.001,1598.4542610645294
997,7,73,126878,128,7.656627655029297,7.648876667022705,0.01857638917863369,0.5893453359603882,0.001,1599.8080356121063
998,7,74,127006,128,10.901640892028809,10.893697738647461,0.021843155845999718,0.575939416885376,0.001,1601.159573316574
999,7,75,127134,128,8.465449333190918,8.45766544342041,0.019889941439032555,0.5794910788536072,0.001,1602.5272555351257
1000,7,76,127262,128,8.531865119934082,8.524243354797363,0.01919311285018921,0.5702387094497681,0.001,1603.8605830669403
1001,7,77,127390,128,6.792347431182861,6.784900188446045,0.016332510858774185,0.5814307332038879,0.001,1605.2575314044952
1002,7,78,127518,128,10.490035057067871,10.482548713684082,0.0186088215559721,0.5625279545783997,0.001,1606.6176953315735
1003,7,79,127646,128,8.471504211425781,8.464038848876953,0.017995188012719154,0.5666137337684631,0.001,1608.0160689353943
1004,7,80,127774,128,7.994409561157227,7.987044811248779,0.01799161545932293,0.5565431714057922,0.001,1609.3607654571533
1005,7,81,127902,128,10.47285270690918,10.465615272521973,0.017051538452506065,0.5532339811325073,0.001,1610.71515250206
1006,7,82,128030,128,10.012417793273926,10.005050659179688,0.019688239321112633,0.5399105548858643,0.001,1612.0539939403534
1007,7,83,128158,128,11.558448791503906,11.550989151000977,0.020145123824477196,0.544509768486023,0.001,1613.3908398151398
1008,7,84,128286,128,8.789815902709961,8.781959533691406,0.022548705339431763,0.560171902179718,0.001,1614.7862482070923
1009,7,85,128414,128,8.2210111618042,8.213960647583008,0.014302956871688366,0.5620371103286743,0.001,1616.1602547168732
1010,7,86,128542,128,8.556519508361816,8.549203872680664,0.018284285441040993,0.548758327960968,0.001,1617.5518295764923
1011,7,87,128670,128,11.206253051757812,11.198868751525879,0.019123254343867302,0.5472111701965332,0.001,1618.919356584549
1012,7,88,128798,128,9.596417427062988,9.589080810546875,0.019402608275413513,0.539577841758728,0.001,1620.277438402176
1013,7,89,128926,128,9.608506202697754,9.601287841796875,0.017753729596734047,0.544281542301178,0.001,1621.663387298584
1014,7,90,129054,128,11.795304298400879,11.787858009338379,0.02027154341340065,0.5418860912322998,0.001,1623.0451924800873
1015,7,91,129182,128,9.45586109161377,9.44853401184082,0.019021833315491676,0.5424691438674927,0.001,1624.3950679302216
1016,7,92,129310,128,7.458282470703125,7.451172351837158,0.01626605913043022,0.5483465790748596,0.001,1625.7229883670807
1017,7,93,129438,128,7.551539897918701,7.5444159507751465,0.016136322170495987,0.5510110855102539,0.001,1627.084181547165
1018,7,94,129566,128,8.703848838806152,8.696297645568848,0.018880996853113174,0.5662565231323242,0.001,1628.4714121818542
1019,7,95,129694,128,12.937742233276367,12.930034637451172,0.021959338337183,0.5511257648468018,0.001,1629.8115282058716
1020,7,96,129822,128,7.441216468811035,7.4338483810424805,0.017573440447449684,0.5610968470573425,0.001,1631.1288464069366
1021,7,97,129950,128,10.306303024291992,10.298775672912598,0.02027183584868908,0.5500281453132629,0.001,1632.5161757469177
1022,7,98,130078,128,9.29073715209961,9.283394813537598,0.017435923218727112,0.5598547458648682,0.001,1633.8901462554932
1023,7,99,130206,128,8.386469841003418,8.379006385803223,0.018888050690293312,0.5574370622634888,0.001,1635.247550725937
1024,7,100,130334,128,11.287030220031738,11.2797269821167,0.016261879354715347,0.5676978230476379,0.001,1636.5809993743896
1025,7,101,130462,128,11.077589988708496,11.070168495178223,0.017370257526636124,0.5684730410575867,0.001,1637.9527621269226
1026,7,102,130590,128,8.901405334472656,8.893596649169922,0.01975104585289955,0.5834011435508728,0.001,1639.2974123954773
1027,7,103,130718,128,9.087367057800293,9.079851150512695,0.01729740761220455,0.5785996913909912,0.001,1640.670003414154
1028,7,104,130846,128,8.547255516052246,8.53921127319336,0.02239331416785717,0.5805169939994812,0.001,1642.070044517517
1029,7,105,130974,128,8.273945808410645,8.266253471374512,0.01699545420706272,0.5992615818977356,0.001,1643.459093093872
1030,7,106,131102,128,9.21247386932373,9.204482078552246,0.021595748141407967,0.5832815170288086,0.001,1644.8373401165009
1031,7,107,131230,128,9.410850524902344,9.402994155883789,0.018520349636673927,0.6004601716995239,0.001,1646.2045106887817
1032,7,108,131358,128,11.4575834274292,11.449082374572754,0.02488812431693077,0.6011717319488525,0.001,1647.545372247696
1033,7,109,131486,128,10.663411140441895,10.655247688293457,0.021589545533061028,0.6003926992416382,0.001,1648.915125131607
1034,7,110,131614,128,10.235790252685547,10.22758674621582,0.02040063962340355,0.6163125038146973,0.001,1650.272449016571
1035,7,111,131742,128,8.997254371643066,8.989402770996094,0.018361471593379974,0.6016190648078918,0.001,1651.6384093761444
1036,7,112,131870,128,6.469969749450684,6.462167739868164,0.018761947751045227,0.5925562977790833,0.001,1652.9998433589935
1037,7,113,131998,128,8.640863418579102,8.633082389831543,0.018768245354294777,0.5904510021209717,0.001,1654.3797104358673
1038,7,114,132126,128,8.795150756835938,8.786734580993652,0.025420142337679863,0.5874499082565308,0.001,1655.734616279602
1039,7,115,132254,128,8.372896194458008,8.365080833435059,0.020401926711201668,0.577523946762085,0.001,1657.072021484375
1040,7,116,132382,128,8.754576683044434,8.746940612792969,0.01936495304107666,0.5698922276496887,0.001,1658.4674546718597
1041,7,117,132510,128,10.794778823852539,10.787352561950684,0.018298955634236336,0.5596212148666382,0.001,1659.8425331115723
1042,7,118,132638,128,10.075284957885742,10.068037033081055,0.016758320853114128,0.5571985244750977,0.001,1661.2089731693268
1043,7,119,132766,128,8.934456825256348,8.926650047302246,0.022111162543296814,0.5595444440841675,0.001,1662.5517513751984
1044,7,120,132894,128,7.919658660888672,7.911785125732422,0.023373840376734734,0.5536093711853027,0.001,1663.9268736839294
1045,7,121,133022,128,8.358762741088867,8.351022720336914,0.021673595532774925,0.5572457313537598,0.001,1665.3398022651672
1046,7,122,133150,128,8.367204666137695,8.359704971313477,0.020476562902331352,0.5451691150665283,0.001,1666.7060947418213
1047,7,123,133278,128,11.984498977661133,11.976997375488281,0.019978825002908707,0.5503640174865723,0.001,1668.092545747757
1048,7,124,133406,128,10.435372352600098,10.427816390991211,0.02162567339837551,0.5393348336219788,0.001,1669.4965279102325
1049,7,125,133534,128,11.88820743560791,11.880359649658203,0.023702023550868034,0.5477785468101501,0.001,1670.8983182907104
1050,7,126,133662,128,7.764235496520996,7.757322311401367,0.013595417141914368,0.5553722381591797,0.001,1672.2679290771484
1051,7,127,133790,128,8.168426513671875,8.161298751831055,0.014336622320115566,0.5693944096565247,0.001,1673.609966993332
1052,7,128,133918,128,7.16204833984375,7.1544599533081055,0.01827278546988964,0.5761074423789978,0.001,1674.9388501644135
1053,7,129,134046,128,9.157384872436523,9.150032043457031,0.017840394750237465,0.5568684339523315,0.001,1676.2773022651672
1054,7,130,134174,128,11.063802719116211,11.055988311767578,0.02119898796081543,0.5694391131401062,0.001,1677.6608171463013
1055,7,131,134302,128,8.164247512817383,8.157124519348145,0.014480254612863064,0.5674899220466614,0.001,1679.062995672226
1056,7,132,134430,128,8.39055061340332,8.382796287536621,0.02092675305902958,0.5661563277244568,0.001,1680.4338467121124
1057,7,133,134558,128,10.434239387512207,10.426522254943848,0.019828489050269127,0.573471188545227,0.001,1681.7938196659088
1058,7,134,134686,128,9.226177215576172,9.218541145324707,0.019083162769675255,0.5728241205215454,0.001,1683.178653717041
1059,7,135,134814,128,9.934577941894531,9.926910400390625,0.02033626101911068,0.5634620189666748,0.001,1684.511815071106
1060,7,136,134942,128,11.078442573547363,11.070159912109375,0.024690968915820122,0.5813630819320679,0.001,1685.867873430252
1061,7,137,135070,128,7.014032363891602,7.0066447257995605,0.016873855143785477,0.5700109601020813,0.001,1687.2387011051178
1062,7,138,135198,128,8.225356101989746,8.217674255371094,0.01957678608596325,0.5723520517349243,0.001,1688.5918998718262
1063,7,139,135326,128,10.124262809753418,10.116701126098633,0.01911606267094612,0.565069854259491,0.001,1689.912917137146
1064,7,140,135454,128,11.2731351852417,11.265938758850098,0.016887793317437172,0.5507016777992249,0.001,1691.2628891468048
1065,7,141,135582,128,9.087018013000488,9.079587936401367,0.019584277644753456,0.5471627712249756,0.001,1692.6508393287659
1066,7,142,135710,128,7.445821762084961,7.4386677742004395,0.016342539340257645,0.5519652366638184,0.001,1694.048531293869
1067,7,143,135838,128,7.0370283126831055,7.029839038848877,0.01755489408969879,0.5433696508407593,0.001,1695.419591665268
1068,7,144,135966,128,11.088081359863281,11.080404281616211,0.021422477439045906,0.5535511374473572,0.001,1696.7962758541107
1069,7,145,136094,128,7.940117835998535,7.932765007019043,0.017129069194197655,0.5640211701393127,0.001,1698.1496789455414
1070,7,146,136222,128,10.387240409851074,10.379644393920898,0.02035534381866455,0.5560800433158875,0.001,1699.5037515163422
1071,7,147,136350,128,10.23499584197998,10.226933479309082,0.024018852040171623,0.5660351514816284,0.001,1700.8744928836823
1072,7,148,136478,128,10.11786937713623,10.110394477844238,0.01784430257976055,0.5690793991088867,0.001,1702.2299761772156
1073,7,149,136606,128,9.184773445129395,9.176950454711914,0.021274778991937637,0.5695784687995911,0.001,1703.578637599945
1074,7,150,136734,128,11.966814041137695,11.9594087600708,0.02003980055451393,0.540177047252655,0.001,1704.969166278839
1075,7,151,136862,128,9.798659324645996,9.790969848632812,0.022877594456076622,0.5401772260665894,0.001,1706.3343257904053
1076,7,152,136990,128,10.424402236938477,10.416911125183105,0.020106477662920952,0.5480387210845947,0.001,1707.7006633281708
1077,7,153,137118,128,8.503006935119629,8.495539665222168,0.018758101388812065,0.5590919852256775,0.001,1709.0707075595856
1078,7,154,137123,5,0.9278350472450256,0.9200571775436401,0.013594002462923527,0.6418462991714478,0.001,1709.2651472091675
1079,8,1,137251,128,8.414813041687012,8.407380104064941,0.019820338115096092,0.5451297163963318,0.001,1753.3419485092163
1080,8,2,137379,128,8.989416122436523,8.982069969177246,0.018025076016783714,0.5543664693832397,0.001,1754.7045030593872
1081,8,3,137507,128,10.61680793762207,10.6089448928833,0.023396996781229973,0.5524064302444458,0.001,1756.0226142406464
1082,8,4,137635,128,8.625445365905762,8.617959022521973,0.018921496346592903,0.5594384670257568,0.001,1757.3431191444397
1083,8,5,137763,128,7.582993984222412,7.575723648071289,0.01811988279223442,0.5458321571350098,0.001,1758.728464603424
1084,8,6,137891,128,7.038267612457275,7.031181812286377,0.015520608983933926,0.553388774394989,0.001,1760.1022114753723
1085,8,7,138019,128,11.054143905639648,11.046337127685547,0.023754259571433067,0.543116569519043,0.001,1761.4715139865875
1086,8,8,138147,128,8.805540084838867,8.798149108886719,0.019479233771562576,0.5442659854888916,0.001,1762.8561725616455
1087,8,9,138275,128,9.1008939743042,9.093830108642578,0.01619124412536621,0.5444638133049011,0.001,1764.241631269455
1088,8,10,138403,128,7.729884147644043,7.722494125366211,0.017751723527908325,0.5614700317382812,0.001,1765.611501455307
1089,8,11,138531,128,8.779891967773438,8.772568702697754,0.01667054370045662,0.5656488537788391,0.001,1766.9222793579102
1090,8,12,138659,128,8.076169967651367,8.068801879882812,0.017240120097994804,0.5643998980522156,0.001,1768.2891461849213
1091,8,13,138787,128,8.329627990722656,8.322218894958496,0.018407056108117104,0.5568720698356628,0.001,1769.6416726112366
1092,8,14,138915,128,11.414767265319824,11.407119750976562,0.021404454484581947,0.550792396068573,0.001,1770.9831912517548
1093,8,15,139043,128,10.052030563354492,10.044252395629883,0.02142956666648388,0.5635388493537903,0.001,1772.3417284488678
1094,8,16,139171,128,7.7837934494018555,7.776604652404785,0.01677648164331913,0.5511293411254883,0.001,1773.6983981132507
1095,8,17,139299,128,9.921217918395996,9.914017677307129,0.01653278060257435,0.5546308755874634,0.001,1775.0650968551636
1096,8,18,139427,128,10.121899604797363,10.114166259765625,0.02163405530154705,0.5570589900016785,0.001,1776.4430677890778
1097,8,19,139555,128,10.01799488067627,10.010361671447754,0.02147854119539261,0.5485988855361938,0.001,1777.8302145004272
1098,8,20,139683,128,8.777878761291504,8.770864486694336,0.017596757039427757,0.5254976153373718,0.001,1779.1806483268738
1099,8,21,139811,128,7.024503707885742,7.016784191131592,0.02382265031337738,0.5337230563163757,0.001,1780.5448100566864
1100,8,22,139939,128,8.512045860290527,8.504899978637695,0.017199503257870674,0.5426325798034668,0.001,1781.9388043880463
1101,8,23,140067,128,8.776559829711914,8.769048690795898,0.02066037990152836,0.5445654392242432,0.001,1783.3102135658264
1102,8,24,140195,128,9.549397468566895,9.541725158691406,0.02125054970383644,0.5547257661819458,0.001,1784.6334476470947
1103,8,25,140323,128,6.818037509918213,6.810757160186768,0.01907881163060665,0.5372405052185059,0.001,1785.9399571418762
1104,8,26,140451,128,7.353874206542969,7.3469390869140625,0.01624944619834423,0.5309973955154419,0.001,1787.2733199596405
1105,8,27,140579,128,8.85441780090332,8.847302436828613,0.01671464927494526,0.5443167090415955,0.001,1788.5671963691711
1106,8,28,140707,128,13.085152626037598,13.07762336730957,0.021277008578181267,0.5401846170425415,0.001,1789.9296605587006
1107,8,29,140835,128,7.395359992980957,7.388490676879883,0.014234687201678753,0.544615626335144,0.001,1791.2184689044952
1108,8,30,140963,128,10.09051513671875,10.082984924316406,0.020354172214865685,0.5494697690010071,0.001,1792.5444085597992
1109,8,31,141091,128,6.483165740966797,6.476065158843994,0.016290027648210526,0.5471904277801514,0.001,1793.909901380539
1110,8,32,141219,128,8.08688735961914,8.079821586608887,0.01624225080013275,0.5441980361938477,0.001,1795.2591755390167
1111,8,33,141347,128,8.101680755615234,8.094278335571289,0.019686266779899597,0.5433676838874817,0.001,1796.6184568405151
1112,8,34,141475,128,7.416064739227295,7.408559799194336,0.01988798752427101,0.5515981316566467,0.001,1797.9602835178375
1113,8,35,141603,128,6.168919086456299,6.161677360534668,0.01888350211083889,0.5353384613990784,0.001,1799.3122172355652
1114,8,36,141731,128,7.553951263427734,7.546419620513916,0.02164798602461815,0.5366767644882202,0.001,1800.6806616783142
1115,8,37,141859,128,10.582507133483887,10.575023651123047,0.021400656551122665,0.5343130826950073,0.001,1802.0459954738617
1116,8,38,141987,128,9.568757057189941,9.561630249023438,0.01859898492693901,0.5266912579536438,0.001,1803.3466489315033
1117,8,39,142115,128,7.985662460327148,7.978472709655762,0.020502686500549316,0.5139570832252502,0.001,1804.6530985832214
1118,8,40,142243,128,11.14125919342041,11.13448429107666,0.015331636182963848,0.524186909198761,0.001,1805.9966723918915
1119,8,41,142371,128,8.671625137329102,8.664604187011719,0.018772277981042862,0.5144214034080505,0.001,1807.346212387085
1120,8,42,142499,128,10.828083992004395,10.820707321166992,0.02234731800854206,0.5141777992248535,0.001,1808.6994206905365
1121,8,43,142627,128,10.035494804382324,10.028483390808105,0.01837252452969551,0.5174190402030945,0.001,1810.0620908737183
1122,8,44,142755,128,10.586397171020508,10.579036712646484,0.020174173638224602,0.5343310832977295,0.001,1811.3906939029694
1123,8,45,142883,128,9.299530982971191,9.292186737060547,0.021998031064867973,0.5143939256668091,0.001,1812.7356584072113
1124,8,46,143011,128,8.561534881591797,8.554250717163086,0.019511839374899864,0.5332819223403931,0.001,1814.1038074493408
1125,8,47,143139,128,9.21094036102295,9.203903198242188,0.018701428547501564,0.5166848301887512,0.001,1815.4661087989807
1126,8,48,143267,128,9.055432319641113,9.048596382141113,0.01761445216834545,0.5074911713600159,0.001,1816.822361946106
1127,8,49,143395,128,11.034979820251465,11.027532577514648,0.024968326091766357,0.4950786828994751,0.001,1818.188493013382
1128,8,50,143523,128,11.02116870880127,11.013740539550781,0.02408570609986782,0.50191330909729,0.001,1819.5498442649841
1129,8,51,143651,128,9.921273231506348,9.914087295532227,0.022669795900583267,0.4919236898422241,0.001,1820.9135587215424
1130,8,52,143779,128,8.785152435302734,8.778230667114258,0.019249124452471733,0.4997243881225586,0.001,1822.2748057842255
1131,8,53,143907,128,7.525904178619385,7.518830299377441,0.019391929730772972,0.513435423374176,0.001,1823.6222131252289
1132,8,54,144035,128,9.5062894821167,9.499059677124023,0.021533094346523285,0.5076038837432861,0.001,1824.9864103794098
1133,8,55,144163,128,8.68225383758545,8.67496395111084,0.0219381432980299,0.5096021294593811,0.001,1826.3153250217438
1134,8,56,144291,128,8.659079551696777,8.651998519897461,0.019643425941467285,0.5116432905197144,0.001,1827.6378881931305
1135,8,57,144419,128,7.010415077209473,7.003652572631836,0.01719844341278076,0.504243791103363,0.001,1828.9717724323273
1136,8,58,144547,128,8.92547607421875,8.91881275177002,0.01832057535648346,0.48316046595573425,0.001,1830.3273055553436
1137,8,59,144675,128,7.915187358856201,7.908631324768066,0.016385827213525772,0.49174246191978455,0.001,1831.6823754310608
1138,8,60,144803,128,8.575504302978516,8.568792343139648,0.017050914466381073,0.5006431341171265,0.001,1833.0340869426727
1139,8,61,144931,128,10.292764663696289,10.285945892333984,0.018592217937111855,0.49588701128959656,0.001,1834.372525691986
1140,8,62,145059,128,6.4575042724609375,6.450615882873535,0.017806803807616234,0.5107889175415039,0.001,1835.7161571979523
1141,8,63,145187,128,8.303336143493652,8.296294212341309,0.019436096772551537,0.5098349452018738,0.001,1837.0426132678986
1142,8,64,145315,128,7.9897332191467285,7.982930660247803,0.015919268131256104,0.5210599303245544,0.001,1838.3811662197113
1143,8,65,145443,128,8.010632514953613,8.003857612609863,0.01479250192642212,0.5296207666397095,0.001,1839.733865737915
1144,8,66,145571,128,11.256047248840332,11.248766899108887,0.020596077665686607,0.5220867395401001,0.001,1841.1180789470673
1145,8,67,145699,128,9.719294548034668,9.712336540222168,0.01859474740922451,0.5098589658737183,0.001,1842.4750182628632
1146,8,68,145827,128,7.813399314880371,7.806340217590332,0.018581455573439598,0.5200688242912292,0.001,1843.834657907486
1147,8,69,145955,128,6.7626142501831055,6.755895614624023,0.01624428853392601,0.5093905329704285,0.001,1845.1926226615906
1148,8,70,146083,128,9.071466445922852,9.064605712890625,0.017841923981904984,0.5076389908790588,0.001,1846.5871300697327
1149,8,71,146211,128,5.833322525024414,5.82644510269165,0.016920868307352066,0.5185021758079529,0.001,1847.9866516590118
1150,8,72,146339,128,8.373676300048828,8.366549491882324,0.018649036064743996,0.5262534618377686,0.001,1849.3447272777557
1151,8,73,146467,128,10.274662971496582,10.267471313476562,0.020601678639650345,0.513164758682251,0.001,1850.7292413711548
1152,8,74,146595,128,10.086341857910156,10.079435348510742,0.017900817096233368,0.511688768863678,0.001,1852.1108701229095
1153,8,75,146723,128,7.196669578552246,7.189505100250244,0.017513010650873184,0.5413028001785278,0.001,1853.5059299468994
1154,8,76,146851,128,7.6870622634887695,7.679791450500488,0.0180972870439291,0.5461333990097046,0.001,1854.8512885570526
1155,8,77,146979,128,10.448052406311035,10.440656661987305,0.021672874689102173,0.5227755308151245,0.001,1856.255376815796
1156,8,78,147107,128,7.826829433441162,7.819201469421387,0.022451957687735558,0.5382595062255859,0.001,1857.622855424881
1157,8,79,147235,128,9.693767547607422,9.68642807006836,0.02005808614194393,0.5333535671234131,0.001,1859.0014100074768
1158,8,80,147363,128,7.933942794799805,7.926821231842041,0.01903846301138401,0.521732747554779,0.001,1860.4002890586853
1159,8,81,147491,128,6.97925329208374,6.972275733947754,0.01599925383925438,0.5377618670463562,0.001,1861.7447981834412
1160,8,82,147619,128,7.8801093101501465,7.873064994812012,0.020214209333062172,0.5023127198219299,0.001,1863.1170761585236
1161,8,83,147747,128,6.563735485076904,6.556808948516846,0.016797123476862907,0.5246673226356506,0.001,1864.4895460605621
1162,8,84,147875,128,10.829160690307617,10.822064399719238,0.020223714411258698,0.5073143243789673,0.001,1865.8557670116425
1163,8,85,148003,128,8.831677436828613,8.824626922607422,0.016758063808083534,0.5374679565429688,0.001,1867.2564904689789
1164,8,86,148131,128,7.83534049987793,7.8279805183410645,0.020440595224499702,0.5315859913825989,0.001,1868.6189348697662
1165,8,87,148259,128,7.893385410308838,7.885904788970947,0.020854344591498375,0.5395616292953491,0.001,1869.9866704940796
1166,8,88,148387,128,12.055764198303223,12.04820442199707,0.021237706765532494,0.5436010360717773,0.001,1871.3275635242462
1167,8,89,148515,128,9.604316711425781,9.596360206604004,0.025266990065574646,0.5430631041526794,0.001,1872.7034244537354
1168,8,90,148643,128,9.40802001953125,9.400805473327637,0.01849379576742649,0.5365647673606873,0.001,1874.097643852234
1169,8,91,148771,128,7.336935997009277,7.329658508300781,0.018819550052285194,0.5395647287368774,0.001,1875.48237991333
1170,8,92,148899,128,8.077217102050781,8.070328712463379,0.01563318446278572,0.532548189163208,0.001,1876.8424096107483
1171,8,93,149027,128,10.960855484008789,10.953166961669922,0.02198050357401371,0.5490666031837463,0.001,1878.213742017746
1172,8,94,149155,128,9.302382469177246,9.294912338256836,0.021345866844058037,0.5336005091667175,0.001,1879.5523166656494
1173,8,95,149283,128,9.808722496032715,9.801410675048828,0.018367335200309753,0.5475466847419739,0.001,1880.912693977356
1174,8,96,149411,128,8.644588470458984,8.636756896972656,0.025076821446418762,0.5324105620384216,0.001,1882.2585670948029
1175,8,97,149539,128,10.854687690734863,10.84740161895752,0.019523948431015015,0.5333561301231384,0.001,1883.637699842453
1176,8,98,149667,128,8.71299934387207,8.705931663513184,0.016099976375699043,0.5457869172096252,0.001,1884.9968707561493
1177,8,99,149795,128,8.266812324523926,8.258989334106445,0.024785874411463737,0.5344143509864807,0.001,1886.3282942771912
1178,8,100,149923,128,9.140613555908203,9.133325576782227,0.020375225692987442,0.5250484943389893,0.001,1887.7276940345764
1179,8,101,150051,128,7.252987384796143,7.24644660949707,0.013979017734527588,0.514290452003479,0.001,1889.0964431762695
1180,8,102,150179,128,8.241530418395996,8.234598159790039,0.019489360973238945,0.49826422333717346,0.001,1890.4678044319153
1181,8,103,150307,128,8.286856651306152,8.27979850769043,0.019908616319298744,0.5066829919815063,0.001,1891.839099407196
1182,8,104,150435,128,10.206473350524902,10.199220657348633,0.02246333844959736,0.5006872415542603,0.001,1893.2129957675934
1183,8,105,150563,128,6.592937469482422,6.5861029624938965,0.01804940402507782,0.5029708743095398,0.001,1894.5744378566742
1184,8,106,150691,128,8.058218955993652,8.051545143127441,0.016707643866539,0.5002560019493103,0.001,1895.9311804771423
1185,8,107,150819,128,7.859539031982422,7.852884292602539,0.01445154007524252,0.5209655165672302,0.001,1897.3123812675476
1186,8,108,150947,128,10.478538513183594,10.470964431762695,0.02468334510922432,0.5106134414672852,0.001,1898.6435713768005
1187,8,109,151075,128,7.854465007781982,7.847707271575928,0.01654948852956295,0.5102803707122803,0.001,1899.9815545082092
1188,8,110,151203,128,7.808544635772705,7.801332950592041,0.022203383967280388,0.49915024638175964,0.001,1901.3247330188751
1189,8,111,151331,128,9.293990135192871,9.287201881408691,0.017649803310632706,0.5023162961006165,0.001,1902.7120199203491
1190,8,112,151459,128,6.150475025177002,6.143927574157715,0.015032134018838406,0.5044271349906921,0.001,1904.1097674369812
1191,8,113,151587,128,9.871480941772461,9.864532470703125,0.0212386604398489,0.4824463427066803,0.001,1905.4674270153046
1192,8,114,151715,128,11.537047386169434,11.529918670654297,0.020034154877066612,0.5125210285186768,0.001,1906.8727612495422
1193,8,115,151843,128,7.394680976867676,7.3876633644104,0.016544407233595848,0.5363209247589111,0.001,1908.277042388916
1194,8,116,151971,128,8.459562301635742,8.4517240524292,0.023316379636526108,0.5506126284599304,0.001,1909.617126941681
1195,8,117,152099,128,8.948659896850586,8.94090461730957,0.02180582657456398,0.5574284791946411,0.001,1910.9614670276642
1196,8,118,152227,128,7.567688465118408,7.560283184051514,0.018975453451275826,0.5508124232292175,0.001,1912.2674384117126
1197,8,119,152355,128,9.86828327178955,9.861034393310547,0.01731419935822487,0.5516550540924072,0.001,1913.6295812129974
1198,8,120,152483,128,7.70736837387085,7.700058460235596,0.01531508844345808,0.5778516530990601,0.001,1914.9716379642487
1199,8,121,152611,128,7.560362815856934,7.552917003631592,0.01791667751967907,0.5654560923576355,0.001,1916.3508532047272
1200,8,122,152739,128,8.329146385192871,8.321739196777344,0.018604841083288193,0.554692268371582,0.001,1917.692106962204
1201,8,123,152867,128,9.70818042755127,9.700883865356445,0.018633754923939705,0.5432823300361633,0.001,1919.0965406894684
1202,8,124,152995,128,12.158987045288086,12.151633262634277,0.01790098287165165,0.5563528537750244,0.001,1920.4821083545685
1203,8,125,153123,128,9.590916633605957,9.5838041305542,0.016710719093680382,0.5442103147506714,0.001,1921.8310351371765
1204,8,126,153251,128,9.606119155883789,9.598684310913086,0.02020837925374508,0.5414077043533325,0.001,1923.1908249855042
1205,8,127,153379,128,12.368868827819824,12.361356735229492,0.020600290969014168,0.5451711416244507,0.001,1924.5412440299988
1206,8,128,153507,128,10.71469783782959,10.707374572753906,0.01886136084794998,0.5437211990356445,0.001,1925.8866958618164
1207,8,129,153635,128,10.385515213012695,10.378108978271484,0.019653255119919777,0.5440839529037476,0.001,1927.2322239875793
1208,8,130,153763,128,8.602603912353516,8.595417976379395,0.01802128180861473,0.5383361577987671,0.001,1928.6204810142517
1209,8,131,153891,128,7.124423980712891,7.117251873016357,0.016583753749728203,0.5513606071472168,0.001,1930.0159828662872
1210,8,132,154019,128,8.770585060119629,8.763177871704102,0.01936611533164978,0.5470365285873413,0.001,1931.3878145217896
1211,8,133,154147,128,11.980537414550781,11.972811698913574,0.020366687327623367,0.5688843131065369,0.001,1932.7696056365967
1212,8,134,154275,128,13.208305358886719,13.200608253479004,0.020323483273386955,0.5664868950843811,0.001,1934.155471086502
1213,8,135,154403,128,8.349265098571777,8.341912269592285,0.016901882365345955,0.5662998557090759,0.001,1935.5520231723785
1214,8,136,154531,128,7.856106758117676,7.848823070526123,0.01492504496127367,0.5791081786155701,0.001,1936.902194261551
1215,8,137,154659,128,6.6156768798828125,6.608584880828857,0.014084226451814175,0.5683592557907104,0.001,1938.2387189865112
1216,8,138,154787,128,9.043255805969238,9.035836219787598,0.01650385931134224,0.5768682360649109,0.001,1939.5861592292786
1217,8,139,154915,128,8.43089485168457,8.423432350158691,0.01882478967308998,0.5579965114593506,0.001,1940.9017055034637
1218,8,140,155043,128,8.11115550994873,8.104254722595215,0.015725117176771164,0.5328079462051392,0.001,1942.2929105758667
1219,8,141,155171,128,7.346746444702148,7.339258670806885,0.022948579862713814,0.5192844271659851,0.001,1943.6924166679382
1220,8,142,155299,128,7.551384449005127,7.543590545654297,0.02272677980363369,0.5521232485771179,0.001,1945.0701959133148
1221,8,143,155427,128,7.04248571395874,7.0352277755737305,0.016584908589720726,0.5599549412727356,0.001,1946.46559548378
1222,8,144,155555,128,9.98994255065918,9.982658386230469,0.019402742385864258,0.5343156456947327,0.001,1947.8132014274597
1223,8,145,155683,128,8.41425609588623,8.4071626663208,0.01627679541707039,0.5465161204338074,0.001,1949.1643805503845
1224,8,146,155811,128,9.547502517700195,9.540350914001465,0.016729243099689484,0.5478399991989136,0.001,1950.5525677204132
1225,8,147,155939,128,11.892820358276367,11.88550853729248,0.01790752075612545,0.5520406365394592,0.001,1951.894033908844
1226,8,148,156067,128,8.157265663146973,8.150260925292969,0.015025814063847065,0.5501663088798523,0.001,1953.2905101776123
1227,8,149,156195,128,9.322362899780273,9.314931869506836,0.020748978480696678,0.5355907678604126,0.001,1954.6415967941284
1228,8,150,156323,128,7.269472122192383,7.262411594390869,0.01762872003018856,0.5297461748123169,0.001,1955.9421527385712
1229,8,151,156451,128,9.945732116699219,9.938258171081543,0.01847478561103344,0.5626403093338013,0.001,1957.3373351097107
1230,8,152,156579,128,8.908997535705566,8.901884078979492,0.01532344426959753,0.5581263899803162,0.001,1958.7658016681671
1231,8,153,156707,128,7.944064617156982,7.937007904052734,0.016452018171548843,0.5411572456359863,0.001,1960.1833753585815
1232,8,154,156712,5,6.896307468414307,6.887564659118652,0.028123170137405396,0.5930451154708862,0.001,1960.4194202423096
1233,9,1,156840,128,11.676360130310059,11.668899536132812,0.020635029301047325,0.5396639108657837,0.001,2007.074153661728
1234,9,2,156968,128,7.164019584655762,7.156748294830322,0.018332237377762794,0.5438043475151062,0.001,2008.4607124328613
1235,9,3,157096,128,10.327576637268066,10.319504737854004,0.029397567734122276,0.5131587982177734,0.001,2009.8580300807953
1236,9,4,157224,128,10.163274765014648,10.156343460083008,0.01898304745554924,0.503241777420044,0.001,2011.2510378360748
1237,9,5,157352,128,10.791444778442383,10.784425735473633,0.021506650373339653,0.48688334226608276,0.001,2012.654263496399
1238,9,6,157480,128,10.28046989440918,10.273180961608887,0.022103294730186462,0.5078722238540649,0.001,2014.0283892154694
1239,9,7,157608,128,11.833381652832031,11.82594108581543,0.02462018094956875,0.49780911207199097,0.001,2015.4110791683197
1240,9,8,157736,128,10.977052688598633,10.969871520996094,0.02033877931535244,0.514733612537384,0.001,2016.8280668258667
1241,9,9,157864,128,12.118592262268066,12.111096382141113,0.02241593785583973,0.5254409313201904,0.001,2018.214290857315
1242,9,10,157992,128,7.913668155670166,7.906622409820557,0.016424406319856644,0.5403711795806885,0.001,2019.5689623355865
1243,9,11,158120,128,9.162476539611816,9.15549087524414,0.01756008341908455,0.5230249762535095,0.001,2020.913025379181
1244,9,12,158248,128,11.264910697937012,11.258023262023926,0.016538536176085472,0.5233531594276428,0.001,2022.2292578220367
1245,9,13,158376,128,9.797371864318848,9.78984546661377,0.020766640082001686,0.5449517369270325,0.001,2023.5699105262756
1246,9,14,158504,128,8.183910369873047,8.177233695983887,0.014842105098068714,0.519248902797699,0.001,2024.893738746643
1247,9,15,158632,128,7.202142238616943,7.194971084594727,0.018374687060713768,0.5334036350250244,0.001,2026.2686517238617
1248,9,16,158760,128,9.664113998413086,9.656728744506836,0.021415064111351967,0.5242865681648254,0.001,2027.662258386612
1249,9,17,158888,128,10.511675834655762,10.50452995300293,0.020015323534607887,0.5144562125205994,0.001,2029.0416016578674
1250,9,18,159016,128,9.070903778076172,9.06383228302002,0.017996812239289284,0.5272059440612793,0.001,2030.4411406517029
1251,9,19,159144,128,12.543919563293457,12.536306381225586,0.025323186069726944,0.5080848932266235,0.001,2031.8440608978271
1252,9,20,159272,128,8.725173950195312,8.718098640441895,0.018884951248764992,0.5186777114868164,0.001,2033.2467956542969
1253,9,21,159400,128,11.040224075317383,11.032689094543457,0.024302154779434204,0.5104946494102478,0.001,2034.6311376094818
1254,9,22,159528,128,10.345417022705078,10.338403701782227,0.019417379051446915,0.5072022080421448,0.001,2036.0433580875397
1255,9,23,159656,128,10.897256851196289,10.88979721069336,0.018676167353987694,0.559260904788971,0.001,2037.4496774673462
1256,9,24,159784,128,7.9266676902771,7.919581413269043,0.016738194972276688,0.5412747263908386,0.001,2038.8561236858368
1257,9,25,159912,128,7.525094032287598,7.51801061630249,0.017576009035110474,0.5325579643249512,0.001,2040.2301290035248
1258,9,26,160040,128,8.022546768188477,8.015220642089844,0.015697767958045006,0.5756087899208069,0.001,2041.6018283367157
1259,9,27,160168,128,7.841907978057861,7.834357261657715,0.01904747635126114,0.564578652381897,0.001,2042.9331738948822
1260,9,28,160296,128,9.50547981262207,9.497810363769531,0.021580003201961517,0.5511140823364258,0.001,2044.2709119319916
1261,9,29,160424,128,9.975286483764648,9.96795654296875,0.016981128603219986,0.5631428360939026,0.001,2045.615496635437
1262,9,30,160552,128,6.990772724151611,6.983262538909912,0.018673229962587357,0.5643057823181152,0.001,2046.9463090896606
1263,9,31,160680,128,7.147242069244385,7.139687538146973,0.015290739946067333,0.6025213003158569,0.001,2048.3018658161163
1264,9,32,160808,128,7.591874122619629,7.584596157073975,0.018358139321208,0.5441988110542297,0.001,2049.632176876068
1265,9,33,160936,128,8.222981452941895,8.215394973754883,0.02163747325539589,0.5422857403755188,0.001,2050.98673415184
1266,9,34,161064,128,8.148785591125488,8.141201972961426,0.020593099296092987,0.5524258017539978,0.001,2052.3690683841705
1267,9,35,161192,128,6.7329630851745605,6.726022720336914,0.013215774670243263,0.5618378520011902,0.001,2053.7471442222595
1268,9,36,161320,128,7.688836097717285,7.682003498077393,0.016036376357078552,0.5229210257530212,0.001,2055.161261320114
1269,9,37,161448,128,6.6752095222473145,6.6680474281311035,0.019100284203886986,0.5251688957214355,0.001,2056.5515282154083
1270,9,38,161576,128,9.626531600952148,9.619233131408691,0.02056274749338627,0.5242380499839783,0.001,2057.9098913669586
1271,9,39,161704,128,9.189356803894043,9.181731224060059,0.01914217509329319,0.5711682438850403,0.001,2059.2942187786102
1272,9,40,161832,128,5.869800567626953,5.862612247467041,0.021160075441002846,0.5072133541107178,0.001,2060.643248319626
1273,9,41,161960,128,8.99215316772461,8.984966278076172,0.02030481956899166,0.5156310200691223,0.001,2062.0489752292633
1274,9,42,162088,128,8.797762870788574,8.790277481079102,0.022116897627711296,0.5273866057395935,0.001,2063.4548547267914
1275,9,43,162216,128,7.879707336425781,7.872631549835205,0.018742237240076065,0.5201520323753357,0.001,2064.8098430633545
1276,9,44,162344,128,6.820857048034668,6.813918113708496,0.01700984314084053,0.523817777633667,0.001,2066.1529631614685
1277,9,45,162472,128,6.2984490394592285,6.291696548461914,0.016595497727394104,0.5093315839767456,0.001,2067.509347677231
1278,9,46,162600,128,7.585198879241943,7.578471660614014,0.018690748140215874,0.48579123616218567,0.001,2068.875021457672
1279,9,47,162728,128,8.459029197692871,8.45231819152832,0.017018157988786697,0.5009650588035583,0.001,2070.246826648712
1280,9,48,162856,128,11.318000793457031,11.311227798461914,0.01807989738881588,0.4964956045150757,0.001,2071.643175840378
1281,9,49,162984,128,9.780203819274902,9.773566246032715,0.018016962334513664,0.48357224464416504,0.001,2072.988534927368
1282,9,50,163112,128,6.793704032897949,6.787213325500488,0.018399743363261223,0.46504321694374084,0.001,2074.3559453487396
1283,9,51,163240,128,11.449493408203125,11.442861557006836,0.018719004467129707,0.47593221068382263,0.001,2075.6725862026215
1284,9,52,163368,128,5.631766319274902,5.625251293182373,0.017149344086647034,0.4800446927547455,0.001,2077.0208282470703
1285,9,53,163496,128,15.478904724121094,15.472084999084473,0.022278526797890663,0.459226131439209,0.001,2078.392679452896
1286,9,54,163624,128,8.5089693069458,8.502396583557129,0.017832104116678238,0.4789201319217682,0.001,2079.788628101349
1287,9,55,163752,128,8.069796562194824,8.0634126663208,0.01780649833381176,0.46030378341674805,0.001,2081.191483736038
1288,9,56,163880,128,7.084174633026123,7.077690601348877,0.017780739814043045,0.47060427069664,0.001,2082.6163790225983
1289,9,57,164008,128,8.218323707580566,8.212059020996094,0.01733294501900673,0.45315325260162354,0.001,2083.97443652153
1290,9,58,164136,128,8.821331024169922,8.814521789550781,0.01899574138224125,0.49097466468811035,0.001,2085.349618434906
1291,9,59,164264,128,5.882366180419922,5.8755106925964355,0.01606498472392559,0.5249048471450806,0.001,2086.6952373981476
1292,9,60,164392,128,8.245034217834473,8.238004684448242,0.017037896439433098,0.5325672030448914,0.001,2088.0201001167297
1293,9,61,164520,128,8.628279685974121,8.620932579040527,0.02056591771543026,0.5291101932525635,0.001,2089.3964133262634
1294,9,62,164648,128,8.135183334350586,8.128312110900879,0.017454156652092934,0.512609601020813,0.001,2090.756732940674
1295,9,63,164776,128,9.30724811553955,9.300086975097656,0.019023163244128227,0.5258106589317322,0.001,2092.096592903137
1296,9,64,164904,128,7.133440017700195,7.126858234405518,0.0181015245616436,0.4771556854248047,0.001,2093.466812849045
1297,9,65,165032,128,14.643120765686035,14.636147499084473,0.02225848101079464,0.47476330399513245,0.001,2094.8586387634277
1298,9,66,165160,128,6.912413120269775,6.905945777893066,0.016151582822203636,0.4852319359779358,0.001,2096.277408838272
1299,9,67,165288,128,8.173253059387207,8.166147232055664,0.020010050386190414,0.5105103254318237,0.001,2097.6885809898376
1300,9,68,165416,128,12.850930213928223,12.843891143798828,0.02242041565477848,0.4796660840511322,0.001,2099.0914220809937
1301,9,69,165544,128,11.090482711791992,11.083210945129395,0.020106405019760132,0.5261548757553101,0.001,2100.4327199459076
1302,9,70,165672,128,11.71138858795166,11.703691482543945,0.023637328296899796,0.5332550406455994,0.001,2101.8339047431946
1303,9,71,165800,128,8.051287651062012,8.043423652648926,0.022392703220248222,0.5624777674674988,0.001,2103.1795206069946
1304,9,72,165928,128,10.535829544067383,10.528223037719727,0.020338183268904686,0.5572455525398254,0.001,2104.559434890747
1305,9,73,166056,128,8.080801963806152,8.073163032531738,0.019066397100687027,0.5732969045639038,0.001,2105.905970096588
1306,9,74,166184,128,7.587406158447266,7.579864501953125,0.01956355944275856,0.5585294365882874,0.001,2107.3143124580383
1307,9,75,166312,128,7.604808330535889,7.597393035888672,0.018081167712807655,0.5606907606124878,0.001,2108.720671892166
1308,9,76,166440,128,8.369670867919922,8.362481117248535,0.018747691065073013,0.5315027236938477,0.001,2110.0720171928406
1309,9,77,166568,128,6.955589771270752,6.948591709136963,0.016703128814697266,0.5327768921852112,0.001,2111.44971370697
1310,9,78,166696,128,10.209867477416992,10.202374458312988,0.022635480388998985,0.5229265093803406,0.001,2112.789298057556
1311,9,79,166824,128,14.019031524658203,14.011521339416504,0.025215817615389824,0.49887651205062866,0.001,2114.168577671051
1312,9,80,166952,128,7.5865092277526855,7.579895496368408,0.014969992451369762,0.5116998553276062,0.001,2115.484395265579
1313,9,81,167080,128,7.954987049102783,7.948678493499756,0.015874424949288368,0.47211921215057373,0.001,2116.8625004291534
1314,9,82,167208,128,6.841187000274658,6.834445476531982,0.01924479566514492,0.48168134689331055,0.001,2118.2186341285706
1315,9,83,167336,128,8.860967636108398,8.854142189025879,0.01971433125436306,0.48538610339164734,0.001,2119.590272665024
1316,9,84,167464,128,10.562909126281738,10.555927276611328,0.023154916241765022,0.46661439538002014,0.001,2120.9793787002563
1317,9,85,167592,128,8.842949867248535,8.836165428161621,0.019344717264175415,0.4850851893424988,0.001,2122.3464851379395
1318,9,86,167720,128,6.25346565246582,6.246845722198486,0.016903623938560486,0.49295908212661743,0.001,2123.721836566925
1319,9,87,167848,128,9.913680076599121,9.906721115112305,0.020792998373508453,0.4879589378833771,0.001,2125.0976045131683
1320,9,88,167976,128,8.71606731414795,8.709070205688477,0.019011467695236206,0.5096878409385681,0.001,2126.4767787456512
1321,9,89,168104,128,10.138861656188965,10.1320219039917,0.017260199412703514,0.5113672018051147,0.001,2127.7854237556458
1322,9,90,168232,128,9.004651069641113,8.998035430908203,0.01647852174937725,0.49673065543174744,0.001,2129.139130115509
1323,9,91,168360,128,9.103888511657715,9.097088813781738,0.01878918707370758,0.4920879900455475,0.001,2130.5444729328156
1324,9,92,168488,128,8.57119369506836,8.565065383911133,0.014739087782800198,0.4653915762901306,0.001,2131.9177129268646
1325,9,93,168616,128,7.966803073883057,7.960270881652832,0.018523385748267174,0.46798381209373474,0.001,2133.289890527725
1326,9,94,168744,128,9.873377799987793,9.867083549499512,0.016949627548456192,0.4599153399467468,0.001,2134.6903042793274
1327,9,95,168872,128,7.849930286407471,7.843390464782715,0.015430114232003689,0.4996717572212219,0.001,2136.091826915741
1328,9,96,169000,128,7.502266883850098,7.495270729064941,0.02122403122484684,0.4873974919319153,0.001,2137.468197584152
1329,9,97,169128,128,9.286630630493164,9.279735565185547,0.020683711394667625,0.4826808273792267,0.001,2138.83962392807
1330,9,98,169256,128,9.836345672607422,9.829741477966309,0.01843097433447838,0.47604092955589294,0.001,2140.207214832306
1331,9,99,169384,128,8.93574047088623,8.928932189941406,0.019757850095629692,0.48322606086730957,0.001,2141.550565481186
1332,9,100,169512,128,10.74258041381836,10.735817909240723,0.02081429772078991,0.46804842352867126,0.001,2142.86993932724
1333,9,101,169640,128,12.027663230895996,12.020462989807129,0.022717231884598732,0.4928458333015442,0.001,2144.191896677017
1334,9,102,169768,128,11.116438865661621,11.109121322631836,0.022738326340913773,0.5044288635253906,0.001,2145.50888466835
1335,9,103,169896,128,7.421207904815674,7.41429328918457,0.018524711951613426,0.506197452545166,0.001,2146.8573327064514
1336,9,104,170024,128,9.603450775146484,9.594493865966797,0.034219689667224884,0.5535151958465576,0.001,2148.185055732727
1337,9,105,170152,128,8.20869255065918,8.201411247253418,0.01609322614967823,0.5672046542167664,0.001,2149.559956073761
1338,9,106,170280,128,6.624791145324707,6.61758279800415,0.01780354045331478,0.5427873134613037,0.001,2150.9017910957336
1339,9,107,170408,128,7.65376615524292,7.64680814743042,0.015800202265381813,0.5377578735351562,0.001,2152.21933221817
1340,9,108,170536,128,8.244359016418457,8.236746788024902,0.018901174888014793,0.5722222328186035,0.001,2153.5743329524994
1341,9,109,170664,128,8.088768005371094,8.082109451293945,0.017048483714461327,0.49532514810562134,0.001,2154.903383255005
1342,9,110,170792,128,11.77519702911377,11.768102645874023,0.020548630505800247,0.503904402256012,0.001,2156.270795106888
1343,9,111,170920,128,10.651055335998535,10.643977165222168,0.019891738891601562,0.5089066624641418,0.001,2157.6053709983826
1344,9,112,171048,128,7.767103672027588,7.760093688964844,0.01836988516151905,0.5173002481460571,0.001,2158.9259934425354
1345,9,113,171176,128,10.955175399780273,10.947901725769043,0.020019125193357468,0.5271596908569336,0.001,2160.26660823822
1346,9,114,171304,128,6.440234661102295,6.4333906173706055,0.016026262193918228,0.5241407155990601,0.001,2161.658814430237
1347,9,115,171432,128,9.347020149230957,9.339271545410156,0.021547580137848854,0.5594369173049927,0.001,2163.00669836998
1348,9,116,171560,128,8.565386772155762,8.557942390441895,0.021825386211276054,0.5260986685752869,0.001,2164.3499171733856
1349,9,117,171688,128,7.335524082183838,7.328514099121094,0.015289518050849438,0.5481307506561279,0.001,2165.727704524994
1350,9,118,171816,128,8.485532760620117,8.4780855178833,0.018072674050927162,0.5639936327934265,0.001,2167.11466050148
1351,9,119,171944,128,8.49099349975586,8.483613967895508,0.017556574195623398,0.562371551990509,0.001,2168.4915957450867
1352,9,120,172072,128,8.86707878112793,8.859530448913574,0.01869293674826622,0.5679018497467041,0.001,2169.838844537735
1353,9,121,172200,128,9.303868293762207,9.296768188476562,0.017803063616156578,0.531969428062439,0.001,2171.2140378952026
1354,9,122,172328,128,8.74281120300293,8.735281944274902,0.021486541256308556,0.5380436778068542,0.001,2172.530972957611
1355,9,123,172456,128,8.971762657165527,8.964858055114746,0.017944911494851112,0.5109874606132507,0.001,2173.8714303970337
1356,9,124,172584,128,6.853931903839111,6.84730339050293,0.015608588233590126,0.5067659020423889,0.001,2175.227588891983
1357,9,125,172712,128,11.003739356994629,10.996138572692871,0.02013331651687622,0.5587823390960693,0.001,2176.607236623764
1358,9,126,172840,128,6.387304306030273,6.380574703216553,0.016492513939738274,0.5080267786979675,0.001,2177.9711062908173
1359,9,127,172968,128,7.62274694442749,7.615642070770264,0.018317097797989845,0.5273104906082153,0.001,2179.3436329364777
1360,9,128,173096,128,7.772453784942627,7.76570987701416,0.01654803566634655,0.5089484453201294,0.001,2180.6998608112335
1361,9,129,173224,128,9.13398265838623,9.127154350280762,0.019427860155701637,0.48861461877822876,0.001,2182.0429122447968
1362,9,130,173352,128,6.243443012237549,6.236215114593506,0.01726372353732586,0.5501683950424194,0.001,2183.3990683555603
1363,9,131,173480,128,9.822808265686035,9.815673828125,0.02093696966767311,0.5040863752365112,0.001,2184.7912521362305
1364,9,132,173608,128,6.405398368835449,6.398420333862305,0.01948482356965542,0.5029549598693848,0.001,2186.1808099746704
1365,9,133,173736,128,6.796426296234131,6.789425849914551,0.016262197867035866,0.5374481678009033,0.001,2187.5309455394745
1366,9,134,173864,128,9.41724967956543,9.410015106201172,0.02024632692337036,0.5209944844245911,0.001,2188.8351714611053
1367,9,135,173992,128,8.60515308380127,8.597841262817383,0.018195465207099915,0.5492594838142395,0.001,2190.178754091263
1368,9,136,174120,128,7.94797945022583,7.940186500549316,0.019507473334670067,0.5842278003692627,0.001,2191.5402052402496
1369,9,137,174248,128,8.770303726196289,8.762818336486816,0.01866079308092594,0.5618670582771301,0.001,2192.8712751865387
1370,9,138,174376,128,10.16223430633545,10.154088020324707,0.02233256958425045,0.5912576913833618,0.001,2194.2134444713593
1371,9,139,174504,128,7.3123908042907715,7.3053998947143555,0.01589363068342209,0.5401496887207031,0.001,2195.5586228370667
1372,9,140,174632,128,12.987308502197266,12.979477882385254,0.025545526295900345,0.5275970697402954,0.001,2196.912168264389
1373,9,141,174760,128,7.911839008331299,7.904755115509033,0.0214508268982172,0.493856281042099,0.001,2198.2759068012238
1374,9,142,174888,128,9.025531768798828,9.018052101135254,0.02058473229408264,0.5421589016914368,0.001,2199.624632358551
1375,9,143,175016,128,9.423263549804688,9.416369438171387,0.018274448812007904,0.5066970586776733,0.001,2200.9374828338623
1376,9,144,175144,128,9.340248107910156,9.33322525024414,0.018170388415455818,0.5206326246261597,0.001,2202.2735323905945
1377,9,145,175272,128,6.813861846923828,6.807347774505615,0.014514691196382046,0.5062371492385864,0.001,2203.5995240211487
1378,9,146,175400,128,9.814334869384766,9.807637214660645,0.0167168527841568,0.5025761127471924,0.001,2204.919414281845
1379,9,147,175528,128,9.291738510131836,9.284680366516113,0.020499015226960182,0.5009127855300903,0.001,2206.2705342769623
1380,9,148,175656,128,7.954894065856934,7.9482808113098145,0.01746549643576145,0.4866791367530823,0.001,2207.6300570964813
1381,9,149,175784,128,5.831409454345703,5.824460506439209,0.019546261057257652,0.4994554817676544,0.001,2209.004880666733
1382,9,150,175912,128,8.380635261535645,8.373846054077148,0.017066610977053642,0.5082454085350037,0.001,2210.351272583008
1383,9,151,176040,128,8.173666954040527,8.166699409484863,0.019067367538809776,0.5061522126197815,0.001,2211.6914858818054
1384,9,152,176168,128,8.15858268737793,8.151611328125,0.020687561482191086,0.49032971262931824,0.001,2213.056100845337
1385,9,153,176296,128,5.8631463050842285,5.8560357093811035,0.017804449424147606,0.5330173373222351,0.001,2214.3830320835114
1386,9,154,176301,5,12.478315353393555,12.471914291381836,0.02479740045964718,0.39215195178985596,0.001,2214.59424328804
1387,10,1,176429,128,8.10058879852295,8.094258308410645,0.016639752313494682,0.46660149097442627,0.001,2258.537043571472
1388,10,2,176557,128,8.320530891418457,8.313843727111816,0.017946342006325722,0.4892362356185913,0.001,2259.89190864563
1389,10,3,176685,128,6.1548752784729,6.14835262298584,0.017316045239567757,0.47911536693573,0.001,2261.229943037033
1390,10,4,176813,128,7.008608341217041,7.002010345458984,0.013190964236855507,0.5279086232185364,0.001,2262.584206342697
1391,10,5,176941,128,9.171704292297363,9.165088653564453,0.019404856488108635,0.4674999415874481,0.001,2263.9584288597107
1392,10,6,177069,128,5.903874397277832,5.897261619567871,0.014150479808449745,0.5197429060935974,0.001,2265.3560729026794
1393,10,7,177197,128,9.087335586547852,9.080511093139648,0.016954753547906876,0.5129051208496094,0.001,2266.73859500885
1394,10,8,177325,128,6.719165325164795,6.712147235870361,0.018414676189422607,0.51764315366745,0.001,2268.1106884479523
1395,10,9,177453,128,12.416799545288086,12.409692764282227,0.020361535251140594,0.5070789456367493,0.001,2269.4392375946045
1396,10,10,177581,128,10.745414733886719,10.737668991088867,0.020763350650668144,0.566946804523468,0.001,2270.7652089595795
1397,10,11,177709,128,7.9013519287109375,7.89417839050293,0.01770968548953533,0.5402364730834961,0.001,2272.098407268524
1398,10,12,177837,128,9.661835670471191,9.654340744018555,0.01729361154139042,0.5766205191612244,0.001,2273.459424495697
1399,10,13,177965,128,8.583880424499512,8.576831817626953,0.0159207284450531,0.5457104444503784,0.001,2274.8158373832703
1400,10,14,178093,128,8.183083534240723,8.17612075805664,0.019307931885123253,0.5032025575637817,0.001,2276.2091195583344
1401,10,15,178221,128,12.030277252197266,12.023448944091797,0.018054967746138573,0.5023157596588135,0.001,2277.5862522125244
1402,10,16,178349,128,9.172506332397461,9.165499687194824,0.016795605421066284,0.5327066779136658,0.001,2278.966191291809
1403,10,17,178477,128,8.036140441894531,8.028937339782715,0.017856894060969353,0.5417845845222473,0.001,2280.344134092331
1404,10,18,178605,128,6.9074296951293945,6.900505542755127,0.01868514157831669,0.5055657625198364,0.001,2281.709536790848
1405,10,19,178733,128,9.03506851196289,9.027986526489258,0.018528515473008156,0.5228712558746338,0.001,2283.073404312134
1406,10,20,178861,128,9.353656768798828,9.346206665039062,0.025286240503191948,0.4921993315219879,0.001,2284.4474551677704
1407,10,21,178989,128,11.241548538208008,11.23462200164795,0.018669886514544487,0.5059170126914978,0.001,2285.785803794861
1408,10,22,179117,128,8.016039848327637,8.008935928344727,0.01725044474005699,0.5378708243370056,0.001,2287.16668510437
1409,10,23,179245,128,7.637571811676025,7.630141735076904,0.020134270191192627,0.5416842103004456,0.001,2288.511570453644
1410,10,24,179373,128,9.958063125610352,9.95063304901123,0.021350810304284096,0.5294830799102783,0.001,2289.8181960582733
1411,10,25,179501,128,9.765307426452637,9.757914543151855,0.01803496479988098,0.5589433908462524,0.001,2291.1584644317627
1412,10,26,179629,128,7.07289457321167,7.066175937652588,0.01562286913394928,0.5156363248825073,0.001,2292.464859008789
1413,10,27,179757,128,8.589579582214355,8.582255363464355,0.02121726982295513,0.5202088356018066,0.001,2293.7840547561646
1414,10,28,179885,128,8.884746551513672,8.877781867980957,0.018243128433823586,0.5140290260314941,0.001,2295.0967133045197
1415,10,29,180013,128,9.290560722351074,9.284075736999512,0.0165395624935627,0.48312339186668396,0.001,2296.466967344284
1416,10,30,180141,128,7.148988723754883,7.142348289489746,0.018028942868113518,0.48376980423927307,0.001,2297.796979665756
1417,10,31,180269,128,7.053057670593262,7.046207427978516,0.017216086387634277,0.5128984451293945,0.001,2299.1387276649475
1418,10,32,180397,128,8.610568046569824,8.603423118591309,0.02213372103869915,0.49314719438552856,0.001,2300.5091795921326
1419,10,33,180525,128,10.304555892944336,10.296902656555176,0.021284615620970726,0.552466869354248,0.001,2301.8310086727142
1420,10,34,180653,128,12.38171100616455,12.373868942260742,0.02281700074672699,0.5559918284416199,0.001,2303.1416385173798
1421,10,35,180781,128,12.485014915466309,12.477043151855469,0.023713279515504837,0.5600261092185974,0.001,2304.5116691589355
1422,10,36,180909,128,7.872110843658447,7.864142894744873,0.017295127734541893,0.6238388419151306,0.001,2305.8493094444275
1423,10,37,181037,128,7.132681369781494,7.1242523193359375,0.022595800459384918,0.6169402003288269,0.001,2307.2442388534546
1424,10,38,181165,128,8.585695266723633,8.577681541442871,0.022334670647978783,0.5780574679374695,0.001,2308.641468524933
1425,10,39,181293,128,10.911436080932617,10.903498649597168,0.020709821954369545,0.5866420865058899,0.001,2310.0204877853394
1426,10,40,181421,128,8.681848526000977,8.67459774017334,0.02038126066327095,0.5212898850440979,0.001,2311.3740072250366
1427,10,41,181549,128,8.953628540039062,8.946643829345703,0.015491393394768238,0.543567419052124,0.001,2312.744637966156
1428,10,42,181677,128,7.44805383682251,7.440526962280273,0.022152606397867203,0.5311326384544373,0.001,2314.084436893463
1429,10,43,181805,128,9.006500244140625,8.999404907226562,0.02167428657412529,0.4927452802658081,0.001,2315.483703136444
1430,10,44,181933,128,7.4822001457214355,7.475020885467529,0.01835433952510357,0.5343983173370361,0.001,2316.8220195770264
1431,10,45,182061,128,9.18533706665039,9.178686141967773,0.018131302669644356,0.4837673306465149,0.001,2318.1707162857056
1432,10,46,182189,128,8.675752639770508,8.668713569641113,0.021337492391467094,0.49055683612823486,0.001,2319.5132644176483
1433,10,47,182317,128,7.900777339935303,7.893515110015869,0.020631035789847374,0.51988685131073,0.001,2320.8410551548004
1434,10,48,182445,128,6.474049091339111,6.467036724090576,0.015475782565772533,0.5464646220207214,0.001,2322.217800140381
1435,10,49,182573,128,8.347025871276855,8.339387893676758,0.02098618447780609,0.5539007782936096,0.001,2323.5868730545044
1436,10,50,182701,128,9.042539596557617,9.035301208496094,0.020731037482619286,0.5164768695831299,0.001,2324.978410243988
1437,10,51,182829,128,6.9494781494140625,6.941977024078369,0.015903981402516365,0.5910847783088684,0.001,2326.3846740722656
1438,10,52,182957,128,7.263312339782715,7.25596809387207,0.01853492297232151,0.549085795879364,0.001,2327.756909132004
1439,10,53,183085,128,9.091032028198242,9.083686828613281,0.019302302971482277,0.5415416359901428,0.001,2329.146334886551
1440,10,54,183213,128,8.691405296325684,8.684021949768066,0.02038199082016945,0.5345287919044495,0.001,2330.5334208011627
1441,10,55,183341,128,7.703343391418457,7.69574499130249,0.022311894223093987,0.5367391705513,0.001,2331.8890607357025
1442,10,56,183469,128,6.521055221557617,6.513749122619629,0.017521580681204796,0.5553776621818542,0.001,2333.3049128055573
1443,10,57,183597,128,6.889199733734131,6.882471561431885,0.012897104024887085,0.5438206791877747,0.001,2334.675397157669
1444,10,58,183725,128,8.228771209716797,8.22157096862793,0.01811078190803528,0.5389265418052673,0.001,2336.0649857521057
1445,10,59,183853,128,9.651864051818848,9.644720077514648,0.01989327184855938,0.5155067443847656,0.001,2337.418033361435
1446,10,60,183981,128,5.758083343505859,5.750995635986328,0.017380688339471817,0.534984290599823,0.001,2338.76722741127
1447,10,61,184109,128,8.53365421295166,8.526418685913086,0.016777146607637405,0.5557618141174316,0.001,2340.1392879486084
1448,10,62,184237,128,8.544614791870117,8.537615776062012,0.017604300752282143,0.5238874554634094,0.001,2341.45738196373
1449,10,63,184365,128,10.194458961486816,10.187838554382324,0.015026787295937538,0.5117884278297424,0.001,2342.8235166072845
1450,10,64,184493,128,10.937021255493164,10.929208755493164,0.02319914475083351,0.5491917133331299,0.001,2344.1693139076233
1451,10,65,184621,128,8.855570793151855,8.848407745361328,0.019784001633524895,0.5183894038200378,0.001,2345.534427165985
1452,10,66,184749,128,9.247584342956543,9.240307807922363,0.019041046500205994,0.5371934175491333,0.001,2346.869577407837
1453,10,67,184877,128,8.120452880859375,8.113160133361816,0.01726795732975006,0.5565258264541626,0.001,2348.1902861595154
1454,10,68,185005,128,10.160635948181152,10.154075622558594,0.017462147399783134,0.4814572334289551,0.001,2349.520993709564
1455,10,69,185133,128,8.240160942077637,8.232710838317871,0.025289565324783325,0.4920894503593445,0.001,2350.862179517746
1456,10,70,185261,128,10.051715850830078,10.044018745422363,0.023263223469257355,0.5371534824371338,0.001,2352.1907942295074
1457,10,71,185389,128,7.461770534515381,7.454752445220947,0.019479751586914062,0.5070355534553528,0.001,2353.5356204509735
1458,10,72,185517,128,9.529349327087402,9.522562026977539,0.016048705205321312,0.518204391002655,0.001,2354.8830664157867
1459,10,73,185645,128,8.098931312561035,8.091675758361816,0.014508969150483608,0.5804669260978699,0.001,2356.214930534363
1460,10,74,185773,128,10.077590942382812,10.070505142211914,0.02234206162393093,0.4851160943508148,0.001,2357.546422481537
1461,10,75,185901,128,9.012335777282715,9.00521183013916,0.01596016250550747,0.552749514579773,0.001,2358.918325662613
1462,10,76,186029,128,8.049395561218262,8.042142868041992,0.01732458733022213,0.5519720911979675,0.001,2360.282238483429
1463,10,77,186157,128,6.981839179992676,6.974795341491699,0.017253287136554718,0.5318670868873596,0.001,2361.6694192886353
1464,10,78,186285,128,8.712187767028809,8.704156875610352,0.021201977506279945,0.591058075428009,0.001,2363.0624825954437
1465,10,79,186413,128,6.858025074005127,6.8502984046936035,0.018624436110258102,0.5864124298095703,0.001,2364.4408872127533
1466,10,80,186541,128,9.457599639892578,9.44975757598877,0.01839659921824932,0.6002475619316101,0.001,2365.8042097091675
1467,10,81,186669,128,5.420696258544922,5.413387775421143,0.01616617850959301,0.5692129135131836,0.001,2367.1752121448517
1468,10,82,186797,128,8.55482292175293,8.547857284545898,0.019552869722247124,0.5010804533958435,0.001,2368.5517036914825
1469,10,83,186925,128,7.6307501792907715,7.624030113220215,0.016221478581428528,0.5097988247871399,0.001,2369.9575157165527
1470,10,84,187053,128,6.478463649749756,6.471749782562256,0.017604975029826164,0.4953567385673523,0.001,2371.2827455997467
1471,10,85,187181,128,9.509507179260254,9.502405166625977,0.023097548633813858,0.47921282052993774,0.001,2372.6592977046967
1472,10,86,187309,128,8.3034029006958,8.29626178741455,0.01911628060042858,0.5230114459991455,0.001,2374.075996875763
1473,10,87,187437,128,9.887432098388672,9.879541397094727,0.022029830142855644,0.568757176399231,0.001,2375.4393644332886
1474,10,88,187565,128,8.080222129821777,8.072874069213867,0.021497054025530815,0.5198919177055359,0.001,2376.8053193092346
1475,10,89,187693,128,11.468506813049316,11.460254669189453,0.02601529471576214,0.5650281310081482,0.001,2378.14932012558
1476,10,90,187821,128,8.522042274475098,8.514552116394043,0.01886737160384655,0.5603893995285034,0.001,2379.5138471126556
1477,10,91,187949,128,7.596725940704346,7.589206218719482,0.017100689932703972,0.5809597969055176,0.001,2380.904644012451
1478,10,92,188077,128,8.283002853393555,8.27493667602539,0.01930627040565014,0.613592803478241,0.001,2382.256740093231
1479,10,93,188205,128,7.834924221038818,7.826962471008301,0.020445117726922035,0.5916874408721924,0.001,2383.6185348033905
1480,10,94,188333,128,9.30333137512207,9.29568862915039,0.017890360206365585,0.5853593945503235,0.001,2384.9638035297394
1481,10,95,188461,128,11.228776931762695,11.22125244140625,0.018773267045617104,0.5646664500236511,0.001,2386.3167583942413
1482,10,96,188589,128,7.315715312957764,7.307829856872559,0.019996775314211845,0.588578999042511,0.001,2387.7047696113586
1483,10,97,188717,128,7.0123982429504395,7.005023956298828,0.013995162211358547,0.5974790453910828,0.001,2389.062252998352
1484,10,98,188845,128,9.400435447692871,9.393253326416016,0.021576127037405968,0.5024722814559937,0.001,2390.4480531215668
1485,10,99,188973,128,7.207005977630615,7.199427604675293,0.01844499446451664,0.5733844041824341,0.001,2391.841643810272
1486,10,100,189101,128,10.177138328552246,10.169661521911621,0.018902381882071495,0.5586962103843689,0.001,2393.225183725357
1487,10,101,189229,128,10.683911323547363,10.676420211791992,0.024625694379210472,0.5029023289680481,0.001,2394.6025834083557
1488,10,102,189357,128,6.7436394691467285,6.7370123863220215,0.016024908050894737,0.5024616718292236,0.001,2395.968956232071
1489,10,103,189485,128,8.32402515411377,8.316903114318848,0.01688995771110058,0.5432710647583008,0.001,2397.2786655426025
1490,10,104,189613,128,8.35479736328125,8.347309112548828,0.020402347669005394,0.5448493957519531,0.001,2398.6780655384064
1491,10,105,189741,128,7.878243446350098,7.870717525482178,0.01903756707906723,0.562231183052063,0.001,2400.084255218506
1492,10,106,189869,128,8.801297187805176,8.794468879699707,0.01682214066386223,0.5145636200904846,0.001,2401.4902153015137
1493,10,107,189997,128,9.648674964904785,9.641966819763184,0.022119686007499695,0.44969600439071655,0.001,2402.893883228302
1494,10,108,190125,128,6.450758457183838,6.443165302276611,0.021054882556200027,0.5487463474273682,0.001,2404.32461810112
1495,10,109,190253,128,9.808523178100586,9.802166938781738,0.01931384578347206,0.44248512387275696,0.001,2405.7266256809235
1496,10,110,190381,128,8.235718727111816,8.228877067565918,0.020110180601477623,0.4830298125743866,0.001,2407.1039690971375
1497,10,111,190509,128,7.875592231750488,7.868757247924805,0.018268128857016563,0.500842273235321,0.001,2408.482871055603
1498,10,112,190637,128,7.994297027587891,7.9875078201293945,0.016085421666502953,0.5180683732032776,0.001,2409.8577337265015
1499,10,113,190765,128,6.271259784698486,6.264570236206055,0.017771568149328232,0.4912581741809845,0.001,2411.2163734436035
1500,10,114,190893,128,8.1504545211792,8.14410400390625,0.01718241535127163,0.4631674587726593,0.001,2412.606436252594
1501,10,115,191021,128,9.15671443939209,9.149773597717285,0.02186363749206066,0.4754447638988495,0.001,2414.004827976227
1502,10,116,191149,128,7.684832572937012,7.678187370300293,0.01490138377994299,0.5154978036880493,0.001,2415.41792678833
1503,10,117,191277,128,10.021103858947754,10.014238357543945,0.017194010317325592,0.5146042108535767,0.001,2416.825658559799
1504,10,118,191405,128,8.75365924835205,8.74632740020752,0.018228424713015556,0.5509476065635681,0.001,2418.211135864258
1505,10,119,191533,128,10.616907119750977,10.609628677368164,0.017365437000989914,0.5541470646858215,0.001,2419.565686225891
1506,10,120,191661,128,12.159201622009277,12.15172004699707,0.021216532215476036,0.5359220504760742,0.001,2420.9033365249634
1507,10,121,191789,128,9.170475959777832,9.162315368652344,0.024549920111894608,0.5705779194831848,0.001,2422.2451045513153
1508,10,122,191917,128,11.177151679992676,11.170068740844727,0.019472891464829445,0.5135624408721924,0.001,2423.6279385089874
1509,10,123,192045,128,6.145298480987549,6.138273239135742,0.017478926107287407,0.5277343988418579,0.001,2424.9974727630615
1510,10,124,192173,128,10.583966255187988,10.57680892944336,0.02301720343530178,0.48547470569610596,0.001,2426.33837556839
1511,10,125,192301,128,8.467693328857422,8.46087646484375,0.01822870410978794,0.4994555711746216,0.001,2427.7287764549255
1512,10,126,192429,128,9.90178108215332,9.895099639892578,0.020484641194343567,0.4633285701274872,0.001,2429.1083528995514
1513,10,127,192557,128,9.196379661560059,9.189743995666504,0.017698895186185837,0.4866090714931488,0.001,2430.4992220401764
1514,10,128,192685,128,6.5261125564575195,6.519280910491943,0.01734023354947567,0.5097256302833557,0.001,2431.8613982200623
1515,10,129,192813,128,9.196046829223633,9.188386917114258,0.02182581089437008,0.5477243065834045,0.001,2433.2225856781006
1516,10,130,192941,128,8.853846549987793,8.846774101257324,0.02114609070122242,0.495794415473938,0.001,2434.618787765503
1517,10,131,193069,128,10.584415435791016,10.577327728271484,0.01979590207338333,0.510783851146698,0.001,2435.914420604706
1518,10,132,193197,128,10.660883903503418,10.65295124053955,0.02469964511692524,0.5462753176689148,0.001,2437.293522119522
1519,10,133,193325,128,8.661113739013672,8.653604507446289,0.020640024915337563,0.5445168018341064,0.001,2438.657284975052
1520,10,134,193453,128,6.517220497131348,6.509869575500488,0.01727101020514965,0.5624055862426758,0.001,2440.044000864029
1521,10,135,193581,128,8.204360961914062,8.196623802185059,0.017918583005666733,0.5944989919662476,0.001,2441.4481179714203
1522,10,136,193709,128,7.544676780700684,7.537097930908203,0.015541836619377136,0.6024836897850037,0.001,2442.854293346405
1523,10,137,193837,128,7.90374231338501,7.895568370819092,0.019229087978601456,0.6250841617584229,0.001,2444.2287051677704
1524,10,138,193965,128,8.065960884094238,8.058067321777344,0.016597922891378403,0.6234168410301208,0.001,2445.564783334732
1525,10,139,194093,128,7.974194049835205,7.966421604156494,0.02131543681025505,0.5640934705734253,0.001,2446.9365916252136
1526,10,140,194221,128,8.318115234375,8.30974292755127,0.020383581519126892,0.633414626121521,0.001,2448.317330598831
1527,10,141,194349,128,8.395936965942383,8.387537956237793,0.018461186438798904,0.6552721858024597,0.001,2449.7260875701904
1528,10,142,194477,128,7.7042365074157715,7.695611000061035,0.01769639551639557,0.6855983138084412,0.001,2451.099224090576
1529,10,143,194605,128,6.666080951690674,6.657607555389404,0.016710177063941956,0.680265486240387,0.001,2452.480888605118
1530,10,144,194733,128,7.250439167022705,7.242140769958496,0.01707412861287594,0.6590673327445984,0.001,2453.900452375412
1531,10,145,194861,128,9.766427040100098,9.757978439331055,0.020923316478729248,0.6356503963470459,0.001,2455.303409576416
1532,10,146,194989,128,7.072157859802246,7.063724040985107,0.016220813617110252,0.6811772584915161,0.001,2456.7266986370087
1533,10,147,195117,128,7.684918403625488,7.676820278167725,0.017764775082468987,0.6321333050727844,0.001,2458.1361134052277
1534,10,148,195245,128,8.489862442016602,8.481369972229004,0.01871095784008503,0.6621098518371582,0.001,2459.542636871338
1535,10,149,195373,128,6.401016712188721,6.392123699188232,0.018420204520225525,0.7050825357437134,0.001,2460.894363641739
1536,10,150,195501,128,8.599310874938965,8.590433120727539,0.019574617967009544,0.6919600367546082,0.001,2462.2863035202026
1537,10,151,195629,128,9.041486740112305,9.032732963562012,0.020448753610253334,0.6709549427032471,0.001,2463.6848573684692
1538,10,152,195757,128,7.045438289642334,7.035849571228027,0.023615805432200432,0.7226806282997131,0.001,2465.0611984729767
1539,10,153,195885,128,7.277771472930908,7.269409656524658,0.01845542900264263,0.6516652703285217,0.001,2466.4828135967255
1540,10,154,195890,5,10.69884204864502,10.688078880310059,0.0207582488656044,0.8686708211898804,0.001,2466.78316450119
1541,11,1,196018,128,9.879129409790039,9.870283126831055,0.018374906852841377,0.7008599042892456,0.001,2512.9325289726257
1542,11,2,196146,128,13.266958236694336,13.258440971374512,0.023563599213957787,0.6160650849342346,0.001,2514.303311109543
1543,11,3,196274,128,11.85657787322998,11.84847640991211,0.019457420334219933,0.6156132817268372,0.001,2515.718106508255
1544,11,4,196402,128,8.001211166381836,7.9928507804870605,0.018124325200915337,0.6547922492027283,0.001,2517.1374440193176
1545,11,5,196530,128,9.252860069274902,9.244829177856445,0.021042099222540855,0.5927442312240601,0.001,2518.488607406616
1546,11,6,196658,128,11.528268814086914,11.520773887634277,0.020030830055475235,0.5491864085197449,0.001,2519.851877450943
1547,11,7,196786,128,8.305827140808105,8.297730445861816,0.022835729643702507,0.5813626050949097,0.001,2521.2408730983734
1548,11,8,196914,128,9.988779067993164,9.981025695800781,0.018523355945944786,0.5901400446891785,0.001,2522.606126308441
1549,11,9,197042,128,8.517822265625,8.50938892364502,0.025615036487579346,0.5871534943580627,0.001,2523.926962375641
1550,11,10,197170,128,9.363382339477539,9.355717658996582,0.023022187873721123,0.5362890362739563,0.001,2525.2755999565125
1551,11,11,197298,128,9.303792953491211,9.296183586120605,0.022053072229027748,0.5404825806617737,0.001,2526.629652738571
1552,11,12,197426,128,8.128175735473633,8.121273040771484,0.013171816244721413,0.5586068034172058,0.001,2528.0365138053894
1553,11,13,197554,128,9.703978538513184,9.69671630859375,0.021793238818645477,0.5083534121513367,0.001,2529.4366869926453
1554,11,14,197682,128,9.106925010681152,9.09964370727539,0.021531525999307632,0.5128357410430908,0.001,2530.7978024482727
1555,11,15,197810,128,15.506205558776855,15.498451232910156,0.0247645266354084,0.5277827978134155,0.001,2532.190197467804
1556,11,16,197938,128,7.9680304527282715,7.96096658706665,0.017586862668395042,0.5305331349372864,0.001,2533.591937303543
1557,11,17,198066,128,7.9182233810424805,7.910923004150391,0.02163970097899437,0.5136653780937195,0.001,2534.991868019104
1558,11,18,198194,128,9.47584056854248,9.468279838562012,0.0224542748183012,0.5314995050430298,0.001,2536.399829149246
1559,11,19,198322,128,7.833500385284424,7.825873374938965,0.019196806475520134,0.5707412958145142,0.001,2537.8167157173157
1560,11,20,198450,128,10.822924613952637,10.815205574035645,0.023038402199745178,0.5415189862251282,0.001,2539.1891276836395
1561,11,21,198578,128,9.439539909362793,9.431519508361816,0.02370060421526432,0.5650684237480164,0.001,2540.547974586487
1562,11,22,198706,128,10.443856239318848,10.43643856048584,0.019324347376823425,0.5485824942588806,0.001,2541.874964952469
1563,11,23,198834,128,11.643752098083496,11.636385917663574,0.01998288556933403,0.5367849469184875,0.001,2543.2254526615143
1564,11,24,198962,128,8.165997505187988,8.158270835876465,0.01949341408908367,0.5777132511138916,0.001,2544.573400259018
1565,11,25,199090,128,7.925008773803711,7.917572975158691,0.01826053112745285,0.5609607696533203,0.001,2545.9502115249634
1566,11,26,199218,128,8.852932929992676,8.845394134521484,0.019109655171632767,0.5627180337905884,0.001,2547.3247725963593
1567,11,27,199346,128,10.308269500732422,10.301173210144043,0.017458688467741013,0.5349861979484558,0.001,2548.6765611171722
1568,11,28,199474,128,9.268563270568848,9.260825157165527,0.020539917051792145,0.5684230327606201,0.001,2549.9959650039673
1569,11,29,199602,128,6.6365966796875,6.630019187927246,0.017233073711395264,0.4854067265987396,0.001,2551.3017032146454
1570,11,30,199730,128,7.562295913696289,7.555527210235596,0.017481114715337753,0.5020774602890015,0.001,2552.643009185791
1571,11,31,199858,128,11.12630558013916,11.119490623474121,0.01898336224257946,0.49165651202201843,0.001,2553.9827966690063
1572,11,32,199986,128,9.499462127685547,9.491982460021973,0.020623793825507164,0.5417343378067017,0.001,2555.32612490654
1573,11,33,200114,128,12.946155548095703,12.938655853271484,0.02239973470568657,0.5259280800819397,0.001,2556.7607583999634
1574,11,34,200242,128,11.593505859375,11.58532428741455,0.02602560818195343,0.557922899723053,0.001,2558.1529614925385
1575,11,35,200370,128,8.276652336120605,8.268757820129395,0.016641227528452873,0.6230295896530151,0.001,2559.564518928528
1576,11,36,200498,128,12.264758110046387,12.256942749023438,0.020353829488158226,0.577995777130127,0.001,2560.9689617156982
1577,11,37,200626,128,9.327651977539062,9.319549560546875,0.02237013727426529,0.5865447521209717,0.001,2562.3576440811157
1578,11,38,200754,128,9.19942855834961,9.191286087036133,0.018707042559981346,0.6271742582321167,0.001,2563.73175573349
1579,11,39,200882,128,6.679679870605469,6.671213626861572,0.018927332013845444,0.6573607921600342,0.001,2565.135300397873
1580,11,40,201010,128,7.430292129516602,7.422047138214111,0.016565801575779915,0.6588470339775085,0.001,2566.5511450767517
1581,11,41,201138,128,7.259924411773682,7.2523322105407715,0.014943747781217098,0.6097782850265503,0.001,2568.007150411606
1582,11,42,201266,128,9.1715669631958,9.162900924682617,0.019485164433717728,0.6717514991760254,0.001,2569.3796327114105
1583,11,43,201394,128,8.920938491821289,8.912568092346191,0.017435481771826744,0.6627297401428223,0.001,2570.77285695076
1584,11,44,201522,128,9.233838081359863,9.22555160522461,0.020144497975707054,0.6271948218345642,0.001,2572.2004380226135
1585,11,45,201650,128,9.232558250427246,9.224471092224121,0.019896646961569786,0.609820544719696,0.001,2573.637938261032
1586,11,46,201778,128,7.997462749481201,7.989118576049805,0.018856637179851532,0.645842969417572,0.001,2575.0451633930206
1587,11,47,201906,128,8.665021896362305,8.656716346740723,0.017988931387662888,0.6507272720336914,0.001,2576.4514725208282
1588,11,48,202034,128,7.157227039337158,7.149092197418213,0.018756983801722527,0.625904381275177,0.001,2577.8946435451508
1589,11,49,202162,128,10.234283447265625,10.225582122802734,0.021899284794926643,0.6511909365653992,0.001,2579.3452830314636
1590,11,50,202290,128,9.871091842651367,9.862092018127441,0.020850548520684242,0.691472053527832,0.001,2580.7848012447357
1591,11,51,202418,128,7.700448036193848,7.691720485687256,0.019698405638337135,0.6757909059524536,0.001,2582.209393262863
1592,11,52,202546,128,8.147932052612305,8.138772964477539,0.01989559642970562,0.7169895768165588,0.001,2583.6311688423157
1593,11,53,202674,128,7.719890594482422,7.71065616607666,0.01885192096233368,0.7349071502685547,0.001,2585.033744573593
1594,11,54,202802,128,8.965682983398438,8.956276893615723,0.02032429724931717,0.7373656034469604,0.001,2586.4680273532867
1595,11,55,202930,128,8.625120162963867,8.61552906036377,0.019333314150571823,0.7657601237297058,0.001,2587.887116909027
1596,11,56,203058,128,8.817386627197266,8.807106971740723,0.021901292726397514,0.8089457750320435,0.001,2589.329217195511
1597,11,57,203186,128,9.703269004821777,9.694211959838867,0.01650349050760269,0.7406213283538818,0.001,2590.774228334427
1598,11,58,203314,128,7.039198875427246,7.030463695526123,0.01706557907164097,0.7028367519378662,0.001,2592.210373401642
1599,11,59,203442,128,7.765853404998779,7.757191181182861,0.01662393845617771,0.6999831199645996,0.001,2593.646559715271
1600,11,60,203570,128,10.367756843566895,10.359665870666504,0.016919875517487526,0.639936089515686,0.001,2595.0594062805176
1601,11,61,203698,128,8.070728302001953,8.062491416931152,0.01891082338988781,0.6345293521881104,0.001,2596.5038871765137
1602,11,62,203826,128,7.143798828125,7.134544372558594,0.022247109562158585,0.7029345631599426,0.001,2597.9535372257233
1603,11,63,203954,128,7.645570755004883,7.637385368347168,0.01599680259823799,0.6585474014282227,0.001,2599.3801152706146
1604,11,64,204082,128,7.21766471862793,7.208537578582764,0.018337126821279526,0.729317843914032,0.001,2600.795478105545
1605,11,65,204210,128,6.094555854797363,6.085906982421875,0.01790986768901348,0.6857836246490479,0.001,2602.2276198863983
1606,11,66,204338,128,10.369114875793457,10.3605318069458,0.01865195296704769,0.6718028783798218,0.001,2603.6572082042694
1607,11,67,204466,128,7.180080413818359,7.171994209289551,0.01758340373635292,0.6327859163284302,0.001,2605.0710546970367
1608,11,68,204594,128,7.255536079406738,7.24709415435791,0.019926784560084343,0.644912838935852,0.001,2606.5075600147247
1609,11,69,204722,128,9.124592781066895,9.115824699401855,0.02123449742794037,0.6644065380096436,0.001,2607.9244763851166
1610,11,70,204850,128,7.9541754722595215,7.946159839630127,0.015666795894503593,0.6448634266853333,0.001,2609.3160812854767
1611,11,71,204978,128,6.787521839141846,6.779994964599609,0.016281655058264732,0.5898693203926086,0.001,2610.706051826477
1612,11,72,205106,128,7.657260417938232,7.649877071380615,0.015990907326340675,0.5784175395965576,0.001,2612.155054330826
1613,11,73,205234,128,7.819455623626709,7.8112053871154785,0.016701456159353256,0.6580026149749756,0.001,2613.514677286148
1614,11,74,205362,128,9.661113739013672,9.653895378112793,0.01698947511613369,0.5520188212394714,0.001,2614.892072200775
1615,11,75,205490,128,9.039387702941895,9.031707763671875,0.01591622270643711,0.6088581085205078,0.001,2616.2607827186584
1616,11,76,205618,128,7.8243865966796875,7.816432476043701,0.01769460365176201,0.6184352040290833,0.001,2617.6209428310394
1617,11,77,205746,128,6.573704242706299,6.56619119644165,0.014435282908380032,0.6069533824920654,0.001,2619.0126588344574
1618,11,78,205874,128,9.598356246948242,9.590617179870605,0.018602335825562477,0.5878528952598572,0.001,2620.457598924637
1619,11,79,206002,128,6.465409278869629,6.4578375816345215,0.01797407679259777,0.577428936958313,0.001,2621.8885498046875
1620,11,80,206130,128,6.558764457702637,6.551061153411865,0.0159792210906744,0.6105505228042603,0.001,2623.3084301948547
1621,11,81,206258,128,6.980114936828613,6.9727678298950195,0.015553443692624569,0.5791769623756409,0.001,2624.739455461502
1622,11,82,206386,128,8.393960952758789,8.38607120513916,0.020278671756386757,0.5862101912498474,0.001,2626.1551325321198
1623,11,83,206514,128,8.149618148803711,8.142184257507324,0.020590201020240784,0.5375221371650696,0.001,2627.588609457016
1624,11,84,206642,128,7.5085062980651855,7.500945568084717,0.016404952853918076,0.5920332670211792,0.001,2629.028084039688
1625,11,85,206770,128,7.472100734710693,7.464825630187988,0.018229221925139427,0.5452024936676025,0.001,2630.4182603359222
1626,11,86,206898,128,6.094570636749268,6.086909770965576,0.019936172291636467,0.5667372941970825,0.001,2631.7678804397583
1627,11,87,207026,128,8.35303783416748,8.345650672912598,0.018108174204826355,0.5575757026672363,0.001,2633.1905179023743
1628,11,88,207154,128,7.4641876220703125,7.4565043449401855,0.017310675233602524,0.5952261090278625,0.001,2634.6075632572174
1629,11,89,207282,128,6.656736373901367,6.648801803588867,0.018160825595259666,0.6118490099906921,0.001,2636.027051925659
1630,11,90,207410,128,7.154235363006592,7.146064281463623,0.016980133950710297,0.6473278403282166,0.001,2637.395342350006
1631,11,91,207538,128,8.628130912780762,8.619660377502441,0.01991451345384121,0.6478888988494873,0.001,2638.8045976161957
1632,11,92,207666,128,8.004741668701172,7.996587753295898,0.017389535903930664,0.6415110230445862,0.001,2640.157390832901
1633,11,93,207794,128,11.396218299865723,11.38787841796875,0.021667668595910072,0.617286205291748,0.001,2641.555409193039
1634,11,94,207922,128,8.493453979492188,8.484515190124512,0.022013705223798752,0.673762321472168,0.001,2642.9385194778442
1635,11,95,208050,128,8.374160766601562,8.36585521697998,0.01953289471566677,0.6352056860923767,0.001,2644.348462820053
1636,11,96,208178,128,6.124651908874512,6.117304801940918,0.017316386103630066,0.561529815196991,0.001,2645.744553089142
1637,11,97,208306,128,7.190937042236328,7.18337345123291,0.014958381652832031,0.6067652106285095,0.001,2647.1402871608734
1638,11,98,208434,128,4.725438594818115,4.717580318450928,0.014813407324254513,0.6376810073852539,0.001,2648.563824892044
1639,11,99,208562,128,9.230977058410645,9.22351360321045,0.0157935731112957,0.5884308218955994,0.001,2649.9380054473877
1640,11,100,208690,128,9.965505599975586,9.958356857299805,0.018086763098835945,0.5339179635047913,0.001,2651.2884583473206
1641,11,101,208818,128,6.151756286621094,6.143795967102051,0.020216627046465874,0.5938538312911987,0.001,2652.695828437805
1642,11,102,208946,128,6.043168544769287,6.036645412445068,0.012073404155671597,0.5315693020820618,0.001,2654.1022107601166
1643,11,103,209074,128,8.94041919708252,8.933425903320312,0.016122613102197647,0.5380251407623291,0.001,2655.510418176651
1644,11,104,209202,128,9.705706596374512,9.69853687286377,0.019683929160237312,0.5201313495635986,0.001,2656.9331188201904
1645,11,105,209330,128,9.5343656539917,9.526725769042969,0.024603350088000298,0.5179365873336792,0.001,2658.3360517024994
1646,11,106,209458,128,6.957001686096191,6.949921607971191,0.014656739309430122,0.5614334940910339,0.001,2659.7353534698486
1647,11,107,209586,128,9.828177452087402,9.820496559143066,0.0171706210821867,0.5964458584785461,0.001,2661.1646914482117
1648,11,108,209714,128,7.4431610107421875,7.4352641105651855,0.02022697404026985,0.5874356627464294,0.001,2662.605817079544
1649,11,109,209842,128,9.050557136535645,9.042756080627441,0.020269639790058136,0.5774634480476379,0.001,2664.008682489395
1650,11,110,209970,128,8.602385520935059,8.594496726989746,0.019044118002057076,0.598392903804779,0.001,2665.4202756881714
1651,11,111,210098,128,7.304946422576904,7.297135829925537,0.01646031253039837,0.6164484024047852,0.001,2666.832405090332
1652,11,112,210226,128,5.200181007385254,5.19232702255249,0.015894144773483276,0.6264674067497253,0.001,2668.2177555561066
1653,11,113,210354,128,8.423385620117188,8.41588306427002,0.018499789759516716,0.5652811527252197,0.001,2669.612826347351
1654,11,114,210482,128,9.885456085205078,9.87704849243164,0.020042940974235535,0.640343427658081,0.001,2671.0008356571198
1655,11,115,210610,128,7.584446907043457,7.576280117034912,0.01828121952712536,0.6338562369346619,0.001,2672.4314682483673
1656,11,116,210738,128,9.639071464538574,9.630536079406738,0.018420739099383354,0.6693044304847717,0.001,2673.8438634872437
1657,11,117,210866,128,9.59089183807373,9.582758903503418,0.019863588735461235,0.6146557927131653,0.001,2675.2121839523315
1658,11,118,210994,128,9.56986141204834,9.561408042907715,0.01967622898519039,0.6485545635223389,0.001,2676.6110265254974
1659,11,119,211122,128,8.96054744720459,8.95244312286377,0.016479983925819397,0.6455941200256348,0.001,2678.0302298069
1660,11,120,211250,128,6.47634220123291,6.468636989593506,0.015131997875869274,0.6192165613174438,0.001,2679.459252357483
1661,11,121,211378,128,9.690511703491211,9.681608200073242,0.024248583242297173,0.6478574872016907,0.001,2680.871636867523
1662,11,122,211506,128,8.287583351135254,8.278803825378418,0.023710722103714943,0.6408630013465881,0.001,2682.323624610901
1663,11,123,211634,128,8.220706939697266,8.21307373046875,0.018300767987966537,0.5802746415138245,0.001,2683.721744775772
1664,11,124,211762,128,8.349623680114746,8.341888427734375,0.01741691119968891,0.599382221698761,0.001,2685.1268532276154
1665,11,125,211890,128,6.980463981628418,6.973230838775635,0.01751747913658619,0.5481453537940979,0.001,2686.5522108078003
1666,11,126,212018,128,5.921359062194824,5.913733005523682,0.01748647168278694,0.5877699851989746,0.001,2687.9753625392914
1667,11,127,212146,128,8.41427230834961,8.406729698181152,0.02239922247827053,0.5302557349205017,0.001,2689.404231071472
1668,11,128,212274,128,9.417123794555664,9.409135818481445,0.02269364707171917,0.5718585848808289,0.001,2690.8640418052673
1669,11,129,212402,128,5.694875717163086,5.688137054443359,0.015134080313146114,0.5225033760070801,0.001,2692.2695269584656
1670,11,130,212530,128,7.691493511199951,7.683959007263184,0.017725268378853798,0.5762273669242859,0.001,2693.7007970809937
1671,11,131,212658,128,8.012707710266113,8.005142211914062,0.014236989431083202,0.6141682267189026,0.001,2695.1414120197296
1672,11,132,212786,128,7.113345146179199,7.106262683868408,0.013314313255250454,0.5751153230667114,0.001,2696.55734539032
1673,11,133,212914,128,7.011376857757568,7.003100395202637,0.017588581889867783,0.6517449617385864,0.001,2697.9690067768097
1674,11,134,213042,128,6.9076337814331055,6.900174140930176,0.018637044355273247,0.5596134066581726,0.001,2699.398514509201
1675,11,135,213170,128,9.748129844665527,9.739947319030762,0.023329904302954674,0.5849724411964417,0.001,2700.8194711208344
1676,11,136,213298,128,8.597578048706055,8.588912010192871,0.019325528293848038,0.6733421683311462,0.001,2702.2433683872223
1677,11,137,213426,128,8.7244291305542,8.716828346252441,0.017938725650310516,0.5806515216827393,0.001,2703.678859472275
1678,11,138,213554,128,7.536166191101074,7.527716636657715,0.019696569070219994,0.6479938626289368,0.001,2705.102308511734
1679,11,139,213682,128,9.194000244140625,9.185733795166016,0.0177271980792284,0.6493129134178162,0.001,2706.477131128311
1680,11,140,213810,128,8.116167068481445,8.108107566833496,0.01781386323273182,0.6277902126312256,0.001,2707.8598277568817
1681,11,141,213938,128,7.331827163696289,7.323429584503174,0.016218913719058037,0.6775670647621155,0.001,2709.249789953232
1682,11,142,214066,128,9.407451629638672,9.399127960205078,0.019093915820121765,0.6414063572883606,0.001,2710.6717326641083
1683,11,143,214194,128,9.461389541625977,9.452756881713867,0.018062090501189232,0.6825928688049316,0.001,2712.028007507324
1684,11,144,214322,128,8.4251708984375,8.417495727539062,0.015596929006278515,0.6116297841072083,0.001,2713.4453561306
1685,11,145,214450,128,6.419447422027588,6.411562442779541,0.014944182708859444,0.6390362977981567,0.001,2714.868721008301
1686,11,146,214578,128,7.1502556800842285,7.142910480499268,0.017172586172819138,0.5628004670143127,0.001,2716.2533297538757
1687,11,147,214706,128,7.984212398529053,7.975399971008301,0.01910644769668579,0.6901684999465942,0.001,2717.693831682205
1688,11,148,214834,128,7.9953179359436035,7.987083911895752,0.018141089007258415,0.6420220732688904,0.001,2719.125958442688
1689,11,149,214962,128,11.110200881958008,11.101531982421875,0.022132502868771553,0.6455672383308411,0.001,2720.5201275348663
1690,11,150,215090,128,8.600301742553711,8.591957092285156,0.02103126235306263,0.6242077946662903,0.001,2721.908677816391
1691,11,151,215218,128,5.772345542907715,5.7640814781188965,0.01566612720489502,0.6697534918785095,0.001,2723.3065102100372
1692,11,152,215346,128,5.692158222198486,5.683473110198975,0.016439218074083328,0.7040820121765137,0.001,2724.7749099731445
1693,11,153,215474,128,6.415193557739258,6.406177043914795,0.016108809038996696,0.7405767440795898,0.001,2726.2244029045105
1694,11,154,215479,5,3.560342788696289,3.55413556098938,0.00919380784034729,0.5287896990776062,0.001,2726.4878389835358
1695,12,1,215607,128,9.399811744689941,9.391435623168945,0.017004402354359627,0.6675410866737366,0.001,2774.2191619873047
1696,12,2,215735,128,8.69398021697998,8.685516357421875,0.02233934961259365,0.6230272054672241,0.001,2775.6513578891754
1697,12,3,215863,128,9.833270072937012,9.824336051940918,0.02647342160344124,0.628680944442749,0.001,2777.0944747924805
1698,12,4,215991,128,9.80877685546875,9.800899505615234,0.014231555163860321,0.6454763412475586,0.001,2778.4987120628357
1699,12,5,216119,128,7.632344722747803,7.62454080581665,0.01592404581606388,0.621116578578949,0.001,2779.9369733333588
1700,12,6,216247,128,9.644499778747559,9.636658668518066,0.017033562064170837,0.6138030886650085,0.001,2781.332823753357
1701,12,7,216375,128,8.27019214630127,8.262107849121094,0.013989396393299103,0.6685218811035156,0.001,2782.725548505783
1702,12,8,216503,128,6.679321765899658,6.670773029327393,0.018486857414245605,0.6700034737586975,0.001,2784.164666414261
1703,12,9,216631,128,7.417020797729492,7.4085917472839355,0.015642527490854263,0.6864850521087646,0.001,2785.618423461914
1704,12,10,216759,128,7.083385944366455,7.075333595275879,0.01727541722357273,0.632477343082428,0.001,2787.1026668548584
1705,12,11,216887,128,10.478080749511719,10.469121932983398,0.02157815359532833,0.6800339221954346,0.001,2788.56116938591
1706,12,12,217015,128,9.184578895568848,9.175593376159668,0.02120370976626873,0.6865067481994629,0.001,2789.9856898784637
1707,12,13,217143,128,6.370791435241699,6.3619232177734375,0.0235374066978693,0.651448130607605,0.001,2791.3758220672607
1708,12,14,217271,128,6.964052677154541,6.955530643463135,0.018237322568893433,0.6698225140571594,0.001,2792.798161506653
1709,12,15,217399,128,8.528365135192871,8.51971435546875,0.01692347601056099,0.6958190202713013,0.001,2794.1800622940063
1710,12,16,217527,128,8.228093147277832,8.219987869262695,0.0188749972730875,0.6217495799064636,0.001,2795.5735960006714
1711,12,17,217655,128,8.032873153686523,8.023898124694824,0.019067883491516113,0.7068455219268799,0.001,2796.969544649124
1712,12,18,217783,128,8.183542251586914,8.174715042114258,0.023466551676392555,0.6480070352554321,0.001,2798.362901687622
1713,12,19,217911,128,8.470917701721191,8.461447715759277,0.017302891239523888,0.7740457653999329,0.001,2799.7513637542725
1714,12,20,218039,128,9.160510063171387,9.151201248168945,0.015187205746769905,0.7790936827659607,0.001,2801.1474130153656
1715,12,21,218167,128,8.088187217712402,8.078840255737305,0.01594621315598488,0.7752804756164551,0.001,2802.5773689746857
1716,12,22,218295,128,8.764235496520996,8.755561828613281,0.016134509816765785,0.7059593796730042,0.001,2803.9715101718903
1717,12,23,218423,128,9.836150169372559,9.827762603759766,0.01716955378651619,0.6670961380004883,0.001,2805.3446509838104
1718,12,24,218551,128,8.311570167541504,8.303455352783203,0.01438121683895588,0.6676293015480042,0.001,2806.7379500865936
1719,12,25,218679,128,7.3692803382873535,7.361097812652588,0.017353180795907974,0.6447396874427795,0.001,2808.174530029297
1720,12,26,218807,128,6.485558986663818,6.477852821350098,0.01579149439930916,0.6127095222473145,0.001,2809.6228210926056
1721,12,27,218935,128,8.365259170532227,8.35766887664795,0.017224092036485672,0.5867885947227478,0.001,2811.0647218227386
1722,12,28,219063,128,6.9255523681640625,6.9174299240112305,0.016172876581549644,0.6504775881767273,0.001,2812.5275316238403
1723,12,29,219191,128,7.270621299743652,7.263004779815674,0.020396173000335693,0.5577111840248108,0.001,2813.9689671993256
1724,12,30,219319,128,8.861047744750977,8.852182388305664,0.01802842691540718,0.7063074707984924,0.001,2815.4340233802795
1725,12,31,219447,128,9.274042129516602,9.264986038208008,0.023725062608718872,0.6683127880096436,0.001,2816.9201333522797
1726,12,32,219575,128,8.025346755981445,8.017308235168457,0.01578698121011257,0.6460304856300354,0.001,2818.3668065071106
1727,12,33,219703,128,7.0036940574646,6.994962692260742,0.019218092784285545,0.6809507012367249,0.001,2819.833014726639
1728,12,34,219831,128,8.94109058380127,8.931943893432617,0.017230132594704628,0.7423071265220642,0.001,2821.2851479053497
1729,12,35,219959,128,6.679421901702881,6.669713973999023,0.01766410656273365,0.7941896915435791,0.001,2822.735634803772
1730,12,36,220087,128,7.093507289886475,7.083845615386963,0.01608939841389656,0.8052630424499512,0.001,2824.192330121994
1731,12,37,220215,128,7.260469436645508,7.251410484313965,0.015479529276490211,0.7511257529258728,0.001,2825.6715593338013
1732,12,38,220343,128,6.34183406829834,6.333279609680176,0.013753469102084637,0.7179386019706726,0.001,2827.1204199790955
1733,12,39,220471,128,6.257113456726074,6.248712539672852,0.014019879512488842,0.6998997926712036,0.001,2828.584016084671
1734,12,40,220599,128,10.256611824035645,10.247316360473633,0.015700163319706917,0.772599995136261,0.001,2830.050602912903
1735,12,41,220727,128,9.33381462097168,9.324447631835938,0.019411595538258553,0.74258953332901,0.001,2831.4870274066925
1736,12,42,220855,128,7.26458215713501,7.255590915679932,0.02045261301100254,0.6946179270744324,0.001,2832.9145016670227
1737,12,43,220983,128,8.09671401977539,8.086967468261719,0.01635395549237728,0.8110812902450562,0.001,2834.365704536438
1738,12,44,221111,128,9.0397310256958,9.030248641967773,0.01750672236084938,0.7731677889823914,0.001,2835.7786073684692
1739,12,45,221239,128,9.806565284729004,9.79811954498291,0.021490469574928284,0.6297128200531006,0.001,2837.237528324127
1740,12,46,221367,128,9.56285285949707,9.553323745727539,0.021726420149207115,0.7356578707695007,0.001,2838.646331310272
1741,12,47,221495,128,6.92261266708374,6.914149284362793,0.014126923866569996,0.705066978931427,0.001,2840.03479719162
1742,12,48,221623,128,9.515215873718262,9.506067276000977,0.015898317098617554,0.755841076374054,0.001,2841.4093165397644
1743,12,49,221751,128,8.904176712036133,8.895254135131836,0.01888463832437992,0.7034033536911011,0.001,2842.779876947403
1744,12,50,221879,128,7.443148136138916,7.434366226196289,0.0176792424172163,0.7013839483261108,0.001,2844.1648535728455
1745,12,51,222007,128,6.728447437286377,6.71897554397583,0.015095400623977184,0.7962049841880798,0.001,2845.536595582962
1746,12,52,222135,128,7.526440620422363,7.517158508300781,0.01628209464251995,0.7653836607933044,0.001,2846.971851348877
1747,12,53,222263,128,6.813966274261475,6.805473327636719,0.019663894549012184,0.6526498198509216,0.001,2848.4160103797913
1748,12,54,222391,128,8.035543441772461,8.026819229125977,0.01947648823261261,0.6777068376541138,0.001,2849.8397929668427
1749,12,55,222519,128,6.426605224609375,6.417649745941162,0.017506413161754608,0.7205014228820801,0.001,2851.1986649036407
1750,12,56,222647,128,9.560733795166016,9.552620887756348,0.01825973205268383,0.6286910176277161,0.001,2852.6371462345123
1751,12,57,222775,128,6.38848352432251,6.379666328430176,0.016920944675803185,0.7125000357627869,0.001,2854.066528558731
1752,12,58,222903,128,8.100067138671875,8.091811180114746,0.02054288610816002,0.6201394200325012,0.001,2855.473840236664
1753,12,59,223031,128,9.677928924560547,9.669174194335938,0.022422758862376213,0.6512919068336487,0.001,2856.8867869377136
1754,12,60,223159,128,7.58558464050293,7.576929569244385,0.01860467530786991,0.6794576048851013,0.001,2858.317800283432
1755,12,61,223287,128,9.310392379760742,9.301865577697754,0.01637580431997776,0.6889588236808777,0.001,2859.7363641262054
1756,12,62,223415,128,7.435186862945557,7.426631927490234,0.018081409856677055,0.6746757626533508,0.001,2861.1249709129333
1757,12,63,223543,128,8.932385444641113,8.923602104187012,0.019276702776551247,0.6856184601783752,0.001,2862.5079712867737
1758,12,64,223671,128,6.950923442840576,6.941766738891602,0.019895164296030998,0.7167481780052185,0.001,2863.942645072937
1759,12,65,223799,128,8.326013565063477,8.317672729492188,0.018314698711037636,0.6509698033332825,0.001,2865.386198759079
1760,12,66,223927,128,7.165585041046143,7.157413005828857,0.01403760351240635,0.6768418550491333,0.001,2866.8517241477966
1761,12,67,224055,128,12.570666313171387,12.562500953674316,0.023417195305228233,0.5824378728866577,0.001,2868.287942171097
1762,12,68,224183,128,8.840798377990723,8.832404136657715,0.017455322667956352,0.6648962497711182,0.001,2869.7345299720764
1763,12,69,224311,128,7.693512916564941,7.68558406829834,0.01614314131438732,0.631476104259491,0.001,2871.174005508423
1764,12,70,224439,128,6.746522903442383,6.737846374511719,0.01824813149869442,0.6851822137832642,0.001,2872.5706067085266
1765,12,71,224567,128,6.9765706062316895,6.968397617340088,0.016654089093208313,0.6507401466369629,0.001,2874.009161233902
1766,12,72,224695,128,5.660177230834961,5.652523040771484,0.014619764871895313,0.6191989779472351,0.001,2875.4720430374146
1767,12,73,224823,128,7.140365123748779,7.132778167724609,0.015606105327606201,0.6026414632797241,0.001,2876.9016387462616
1768,12,74,224951,128,7.727755069732666,7.719255447387695,0.019365552812814713,0.6562967300415039,0.001,2878.340586900711
1769,12,75,225079,128,9.451397895812988,9.44335651397705,0.02048117108643055,0.5992481708526611,0.001,2879.7778203487396
1770,12,76,225207,128,7.932143688201904,7.924202919006348,0.015688786283135414,0.6371942162513733,0.001,2881.2193937301636
1771,12,77,225335,128,7.593298435211182,7.5853095054626465,0.01873096264898777,0.6115735769271851,0.001,2882.6522872447968
1772,12,78,225463,128,9.772997856140137,9.764948844909668,0.01919747330248356,0.612919807434082,0.001,2884.0336961746216
1773,12,79,225591,128,7.372736930847168,7.363999843597412,0.017095673829317093,0.7027536630630493,0.001,2885.4346759319305
1774,12,80,225719,128,8.962961196899414,8.954568862915039,0.017284536734223366,0.6663933992385864,0.001,2886.8085644245148
1775,12,81,225847,128,5.106917858123779,5.099364280700684,0.013193986378610134,0.6233994364738464,0.001,2888.241671562195
1776,12,82,225975,128,8.484726905822754,8.475937843322754,0.024007093161344528,0.6388677358627319,0.001,2889.6431753635406
1777,12,83,226103,128,7.402419090270996,7.394043445587158,0.017819611355662346,0.6593465805053711,0.001,2891.0701558589935
1778,12,84,226231,128,9.192643165588379,9.184422492980957,0.02037455327808857,0.6183632612228394,0.001,2892.496309041977
1779,12,85,226359,128,10.171589851379395,10.163475036621094,0.01693856716156006,0.6421500444412231,0.001,2893.9182527065277
1780,12,86,226487,128,8.98879623413086,8.980605125427246,0.018108192831277847,0.6380339860916138,0.001,2895.2682983875275
1781,12,87,226615,128,8.401017189025879,8.39321231842041,0.018404535949230194,0.5963990688323975,0.001,2896.65176653862
1782,12,88,226743,128,8.655105590820312,8.64755916595459,0.016342967748641968,0.5911402702331543,0.001,2898.035014629364
1783,12,89,226871,128,6.345061302185059,6.337829113006592,0.015528288669884205,0.5679078102111816,0.001,2899.46884393692
1784,12,90,226999,128,8.151702880859375,8.143952369689941,0.01765282265841961,0.5985507965087891,0.001,2900.9036796092987
1785,12,91,227127,128,7.023847579956055,7.015549182891846,0.020762436091899872,0.6222311854362488,0.001,2902.3813169002533
1786,12,92,227255,128,6.60213565826416,6.5935773849487305,0.018790608271956444,0.6679202318191528,0.001,2903.8171694278717
1787,12,93,227383,128,7.902108192443848,7.893941402435303,0.020556937903165817,0.6111122369766235,0.001,2905.2450239658356
1788,12,94,227511,128,8.589259147644043,8.58119010925293,0.02015911601483822,0.6052780151367188,0.001,2906.631155014038
1789,12,95,227639,128,10.090254783630371,10.081953048706055,0.018848657608032227,0.6417577266693115,0.001,2907.9986007213593
1790,12,96,227767,128,7.704263210296631,7.695969581604004,0.015785202383995056,0.6715487241744995,0.001,2909.3945128917694
1791,12,97,227895,128,6.83699369430542,6.828652381896973,0.015536095015704632,0.6787779331207275,0.001,2910.826460838318
1792,12,98,228023,128,8.568510055541992,8.560270309448242,0.016874685883522034,0.6552225947380066,0.001,2912.266248703003
1793,12,99,228151,128,5.504802227020264,5.49670934677124,0.013651723973453045,0.6727875471115112,0.001,2913.72687125206
1794,12,100,228279,128,7.681941032409668,7.673241138458252,0.020143499597907066,0.6685805916786194,0.001,2915.1892948150635
1795,12,101,228407,128,8.811788558959961,8.803239822387695,0.01814894564449787,0.6733656525611877,0.001,2916.6115658283234
1796,12,102,228535,128,5.406473159790039,5.397238731384277,0.013661769218742847,0.7868314981460571,0.001,2918.091928243637
1797,12,103,228663,128,7.414361000061035,7.4065375328063965,0.015578689984977245,0.6265794634819031,0.001,2919.5357019901276
1798,12,104,228791,128,6.622011661529541,6.613986015319824,0.015463585034012794,0.6479315757751465,0.001,2920.9807045459747
1799,12,105,228919,128,7.800447940826416,7.791836261749268,0.015780219808220863,0.7033974528312683,0.001,2922.4116926193237
1800,12,106,229047,128,8.952105522155762,8.943824768066406,0.020826641470193863,0.6197851300239563,0.001,2923.8619577884674
1801,12,107,229175,128,7.70155143737793,7.692571640014648,0.023825425654649734,0.6596861481666565,0.001,2925.260454893112
1802,12,108,229303,128,5.690404415130615,5.682973384857178,0.014468640089035034,0.5984248518943787,0.001,2926.7097222805023
1803,12,109,229431,128,7.817940711975098,7.809577941894531,0.016782185062766075,0.668454647064209,0.001,2928.1096885204315
1804,12,110,229559,128,7.846224784851074,7.837374210357666,0.020430419594049454,0.6807237267494202,0.001,2929.525703907013
1805,12,111,229687,128,7.322362899780273,7.314019680023193,0.021972833201289177,0.614608645439148,0.001,2930.919375181198
1806,12,112,229815,128,9.119646072387695,9.111820220947266,0.01715061254799366,0.6110882759094238,0.001,2932.3212106227875
1807,12,113,229943,128,7.827185153961182,7.819277763366699,0.01619967631995678,0.6287544965744019,0.001,2933.6973855495453
1808,12,114,230071,128,6.397559642791748,6.389162540435791,0.017874425277113914,0.6609269976615906,0.001,2935.08739566803
1809,12,115,230199,128,8.493339538574219,8.48486328125,0.01951616071164608,0.6524745225906372,0.001,2936.5040028095245
1810,12,116,230327,128,7.733600616455078,7.72504186630249,0.018346434459090233,0.6723749041557312,0.001,2937.9293253421783
1811,12,117,230455,128,8.118467330932617,8.110636711120605,0.018990326672792435,0.5931993126869202,0.001,2939.3676393032074
1812,12,118,230583,128,7.827545642852783,7.81984806060791,0.01795802265405655,0.5901612639427185,0.001,2940.750339269638
1813,12,119,230711,128,5.9733452796936035,5.965575218200684,0.01612178049981594,0.615803599357605,0.001,2942.1878006458282
1814,12,120,230839,128,6.15419864654541,6.145967960357666,0.016892576590180397,0.6541151404380798,0.001,2943.6299431324005
1815,12,121,230967,128,6.232604503631592,6.225204944610596,0.014207327738404274,0.5979098677635193,0.001,2945.0342416763306
1816,12,122,231095,128,8.43485164642334,8.427279472351074,0.017232222482562065,0.5848606824874878,0.001,2946.415004491806
1817,12,123,231223,128,8.732461929321289,8.724096298217773,0.016733115538954735,0.6692283153533936,0.001,2947.8393998146057
1818,12,124,231351,128,7.364401817321777,7.356201648712158,0.016828780993819237,0.6517568826675415,0.001,2949.2304830551147
1819,12,125,231479,128,9.059319496154785,9.051609992980957,0.016996772959828377,0.6010064482688904,0.001,2950.637469291687
1820,12,126,231607,128,7.80061149597168,7.792924880981445,0.01688721776008606,0.5997474789619446,0.001,2952.0382719039917
1821,12,127,231735,128,7.929230213165283,7.921741485595703,0.019130036234855652,0.5575807094573975,0.001,2953.4402198791504
1822,12,128,231863,128,10.352191925048828,10.343997955322266,0.018947914242744446,0.6299327611923218,0.001,2954.8592286109924
1823,12,129,231991,128,7.235936164855957,7.22755241394043,0.018417377024888992,0.6542127132415771,0.001,2956.2985808849335
1824,12,130,232119,128,8.224149703979492,8.215453147888184,0.017614027485251427,0.6935194134712219,0.001,2957.7139959335327
1825,12,131,232247,128,12.203995704650879,12.194952964782715,0.021049831062555313,0.6937669515609741,0.001,2959.070564508438
1826,12,132,232375,128,8.758657455444336,8.750487327575684,0.021187061443924904,0.6051066517829895,0.001,2960.4182970523834
1827,12,133,232503,128,6.559007167816162,6.55077600479126,0.016021614894270897,0.6629218459129333,0.001,2961.84006357193
1828,12,134,232631,128,7.760796546936035,7.753386974334717,0.01948019303381443,0.5461885929107666,0.001,2963.292632818222
1829,12,135,232759,128,8.336411476135254,8.328365325927734,0.020897051319479942,0.595656156539917,0.001,2964.739502429962
1830,12,136,232887,128,6.124392509460449,6.116833209991455,0.013575016520917416,0.6201953291893005,0.001,2966.1558582782745
1831,12,137,233015,128,8.351263046264648,8.343417167663574,0.02086997590959072,0.5759704113006592,0.001,2967.5496804714203
1832,12,138,233143,128,6.421844005584717,6.4141340255737305,0.014990870840847492,0.6210825443267822,0.001,2968.9486124515533
1833,12,139,233271,128,7.781413555145264,7.774388790130615,0.01526546198874712,0.549851655960083,0.001,2970.356155872345
1834,12,140,233399,128,4.336924076080322,4.32908821105957,0.014109119772911072,0.6424968242645264,0.001,2971.7491064071655
1835,12,141,233527,128,6.9016523361206055,6.89361572265625,0.018778007477521896,0.6158856749534607,0.001,2973.1990442276
1836,12,142,233655,128,8.322717666625977,8.314398765563965,0.01875249668955803,0.644402801990509,0.001,2974.6357729434967
1837,12,143,233783,128,9.166509628295898,9.159059524536133,0.015350236557424068,0.591451108455658,0.001,2976.077912569046
1838,12,144,233911,128,7.442201614379883,7.433254241943359,0.02490340732038021,0.64568692445755,0.001,2977.524266242981
1839,12,145,234039,128,7.922473907470703,7.913441181182861,0.02302427403628826,0.672991156578064,0.001,2978.939277410507
1840,12,146,234167,128,6.778096675872803,6.769899368286133,0.018689004704356194,0.6328356862068176,0.001,2980.367374420166
1841,12,147,234295,128,7.647899627685547,7.639585971832275,0.017259659245610237,0.6587310433387756,0.001,2981.748579263687
1842,12,148,234423,128,6.177093982696533,6.1687774658203125,0.01954781450331211,0.6362178921699524,0.001,2983.1609156131744
1843,12,149,234551,128,7.899743556976318,7.890951633453369,0.017178891226649284,0.7074084281921387,0.001,2984.54306268692
1844,12,150,234679,128,10.073901176452637,10.065299034118652,0.02130773663520813,0.6471308469772339,0.001,2985.974235534668
1845,12,151,234807,128,7.27035665512085,7.261574745178223,0.015935828909277916,0.7188194394111633,0.001,2987.3838670253754
1846,12,152,234935,128,7.283327102661133,7.274922847747803,0.018195170909166336,0.6584848761558533,0.001,2988.8324167728424
1847,12,153,235063,128,6.307413578033447,6.298566818237305,0.01878601685166359,0.6967895030975342,0.001,2990.2210960388184
1848,12,154,235068,5,14.244136810302734,14.2364501953125,0.03217815235257149,0.446868896484375,0.001,2990.476377725601
1849,13,1,235196,128,7.912478923797607,7.904378890991211,0.01908755861222744,0.6191433072090149,0.001,3037.5955049991608
1850,13,2,235324,128,6.123852729797363,6.115358829498291,0.015341782942414284,0.6959733366966248,0.001,3039.0046875476837
1851,13,3,235452,128,9.306992530822754,9.299101829528809,0.016143521293997765,0.6275674700737,0.001,3040.415139436722
1852,13,4,235580,128,8.42740535736084,8.418986320495605,0.019168909639120102,0.6502615809440613,0.001,3041.8314986228943
1853,13,5,235708,128,10.449724197387695,10.440784454345703,0.023103956133127213,0.6628970503807068,0.001,3043.2668194770813
1854,13,6,235836,128,6.740583419799805,6.731476306915283,0.016309568658471107,0.7476467490196228,0.001,3044.724371433258
1855,13,7,235964,128,7.093381881713867,7.0830488204956055,0.019068986177444458,0.8426322937011719,0.001,3046.1457719802856
1856,13,8,236092,128,5.989591121673584,5.979869842529297,0.01756751909852028,0.7964717149734497,0.001,3047.5891292095184
1857,13,9,236220,128,8.298808097839355,8.288491249084473,0.017165208235383034,0.8599879741668701,0.001,3049.0196664333344
1858,13,10,236348,128,8.50339126586914,8.493864059448242,0.02421816997230053,0.7106019854545593,0.001,3050.422209262848
1859,13,11,236476,128,7.1974287033081055,7.188485622406006,0.016734320670366287,0.7270008325576782,0.001,3051.8715176582336
1860,13,12,236604,128,7.719090461730957,7.709918975830078,0.020877962931990623,0.7083737850189209,0.001,3053.283446788788
1861,13,13,236732,128,8.040270805358887,8.030586242675781,0.02099110186100006,0.7585232257843018,0.001,3054.6986248493195
1862,13,14,236860,128,7.296680927276611,7.287453651428223,0.01626906916499138,0.7600396275520325,0.001,3056.118110179901
1863,13,15,236988,128,7.982992649078369,7.974130153656006,0.019809674471616745,0.6881705522537231,0.001,3057.5522871017456
1864,13,16,237116,128,7.773850917816162,7.764822959899902,0.01652798056602478,0.73752361536026,0.001,3058.9997713565826
1865,13,17,237244,128,7.10606575012207,7.0978193283081055,0.017867255955934525,0.6459496021270752,0.001,3060.4621620178223
1866,13,18,237372,128,6.474545478820801,6.4659905433654785,0.013861903920769691,0.7168627977371216,0.001,3061.894833803177
1867,13,19,237500,128,9.4694242477417,9.461390495300293,0.019935429096221924,0.6040633320808411,0.001,3063.3225440979004
1868,13,20,237628,128,6.5675764083862305,6.559056758880615,0.015775742009282112,0.6942176222801208,0.001,3064.773861169815
1869,13,21,237756,128,6.75076150894165,6.741990089416504,0.015971077606081963,0.7174515724182129,0.001,3066.2071537971497
1870,13,22,237884,128,7.730151653289795,7.721395015716553,0.019045844674110413,0.6851954460144043,0.001,3067.5864510536194
1871,13,23,238012,128,6.902044296264648,6.893435955047607,0.017453668639063835,0.6863036155700684,0.001,3068.9620563983917
1872,13,24,238140,128,10.148289680480957,10.138011932373047,0.02227695845067501,0.8050377368927002,0.001,3070.358247756958
1873,13,25,238268,128,7.264039039611816,7.254415512084961,0.01803739182651043,0.7819820642471313,0.001,3071.7721931934357
1874,13,26,238396,128,8.739422798156738,8.73008918762207,0.01995781995356083,0.7337778806686401,0.001,3073.1723127365112
1875,13,27,238524,128,8.615117073059082,8.60566520690918,0.017159124836325645,0.7736541032791138,0.001,3074.616269826889
1876,13,28,238652,128,9.432244300842285,9.422689437866211,0.01997695490717888,0.7556482553482056,0.001,3076.0673377513885
1877,13,29,238780,128,8.805526733398438,8.79565715789795,0.018745191395282745,0.7994207739830017,0.001,3077.4896671772003
1878,13,30,238908,128,8.098309516906738,8.089024543762207,0.01722634769976139,0.7563068866729736,0.001,3078.9345891475677
1879,13,31,239036,128,8.293801307678223,8.285170555114746,0.018998445942997932,0.6731441020965576,0.001,3080.3875102996826
1880,13,32,239164,128,9.064176559448242,9.054727554321289,0.02196343056857586,0.725299060344696,0.001,3081.8133087158203
1881,13,33,239292,128,7.536109447479248,7.5280585289001465,0.01616494171321392,0.6434494853019714,0.001,3083.2495424747467
1882,13,34,239420,128,6.692304611206055,6.683067798614502,0.01662329025566578,0.7574415802955627,0.001,3084.7074670791626
1883,13,35,239548,128,7.136296272277832,7.128024578094482,0.01814163103699684,0.6457499861717224,0.001,3086.171846628189
1884,13,36,239676,128,8.829095840454102,8.820183753967285,0.020233822986483574,0.6888235807418823,0.001,3087.5878415107727
1885,13,37,239804,128,11.037416458129883,11.028448104858398,0.02066626027226448,0.690163254737854,0.001,3088.99143743515
1886,13,38,239932,128,10.27315902709961,10.26473617553711,0.02348334901034832,0.6075116991996765,0.001,3090.4126813411713
1887,13,39,240060,128,7.602020263671875,7.593584060668945,0.018267933279275894,0.6609309911727905,0.001,3091.8387427330017
1888,13,40,240188,128,7.4876508712768555,7.479499816894531,0.01635749079287052,0.6515632271766663,0.001,3093.2666144371033
1889,13,41,240316,128,9.614982604980469,9.606504440307617,0.019801616668701172,0.6498621106147766,0.001,3094.7074818611145
1890,13,42,240444,128,7.931139945983887,7.921472072601318,0.02233613096177578,0.7434552311897278,0.001,3096.148803949356
1891,13,43,240572,128,9.183099746704102,9.174271583557129,0.023058125749230385,0.6522018313407898,0.001,3097.571506023407
1892,13,44,240700,128,9.007672309875488,8.998226165771484,0.020839421078562737,0.7362268567085266,0.001,3098.9658467769623
1893,13,45,240828,128,8.752540588378906,8.743492126464844,0.015254341065883636,0.7522595524787903,0.001,3100.3830308914185
1894,13,46,240956,128,7.035751819610596,7.025705814361572,0.018658889457583427,0.8180277943611145,0.001,3101.7848856449127
1895,13,47,241084,128,8.39043140411377,8.381763458251953,0.01807636022567749,0.6860365271568298,0.001,3103.2044003009796
1896,13,48,241212,128,6.5619306564331055,6.551784515380859,0.02157280221581459,0.7988958954811096,0.001,3104.6316905021667
1897,13,49,241340,128,7.870484352111816,7.861932277679443,0.016613008454442024,0.6890814900398254,0.001,3106.0818445682526
1898,13,50,241468,128,6.314062118530273,6.305342197418213,0.014522060751914978,0.7267844080924988,0.001,3107.5179290771484
1899,13,51,241596,128,5.016697883605957,5.008711338043213,0.013694184832274914,0.6616861820220947,0.001,3108.9663350582123
1900,13,52,241724,128,9.699640274047852,9.691237449645996,0.017662275582551956,0.6636989116668701,0.001,3110.3990409374237
1901,13,53,241852,128,6.772456169128418,6.763450622558594,0.016566958278417587,0.7348990440368652,0.001,3111.8202559947968
1902,13,54,241980,128,7.7487874031066895,7.740468502044678,0.01892276667058468,0.6426665186882019,0.001,3113.23601102829
1903,13,55,242108,128,4.670760154724121,4.662586688995361,0.013012844137847424,0.6872201561927795,0.001,3114.658070087433
1904,13,56,242236,128,6.479732513427734,6.471899032592773,0.015693267807364464,0.6264040470123291,0.001,3116.065262079239
1905,13,57,242364,128,8.051911354064941,8.042598724365234,0.01849539391696453,0.7463223934173584,0.001,3117.516366004944
1906,13,58,242492,128,8.447257995605469,8.43852710723877,0.0187776330858469,0.685310959815979,0.001,3118.9158952236176
1907,13,59,242620,128,8.732551574707031,8.722923278808594,0.017107700929045677,0.7917085289955139,0.001,3120.316411972046
1908,13,60,242748,128,7.278203010559082,7.269163131713867,0.01589410938322544,0.7450478076934814,0.001,3121.7412555217743
1909,13,61,242876,128,8.950199127197266,8.940232276916504,0.018384139984846115,0.8127968311309814,0.001,3123.1257030963898
1910,13,62,243004,128,7.768622875213623,7.759282112121582,0.01844128593802452,0.7496607899665833,0.001,3124.5104966163635
1911,13,63,243132,128,8.14692211151123,8.137373924255371,0.016285855323076248,0.7918933033943176,0.001,3125.936072587967
1912,13,64,243260,128,8.829249382019043,8.81981086730957,0.01813865266740322,0.7624768018722534,0.001,3127.367915868759
1913,13,65,243388,128,8.28256893157959,8.272865295410156,0.021777145564556122,0.7526816129684448,0.001,3128.80130982399
1914,13,66,243516,128,11.200562477111816,11.190438270568848,0.020500151440501213,0.8073638081550598,0.001,3130.2472825050354
1915,13,67,243644,128,7.57021427154541,7.561324596405029,0.017390910536050797,0.7150776386260986,0.001,3131.672907590866
1916,13,68,243772,128,8.317730903625488,8.308418273925781,0.016800282523036003,0.7632542848587036,0.001,3133.075360774994
1917,13,69,243900,128,9.127795219421387,9.118236541748047,0.019144592806696892,0.7644848823547363,0.001,3134.434851884842
1918,13,70,244028,128,7.158143043518066,7.148521423339844,0.020116150379180908,0.7609689235687256,0.001,3135.79932141304
1919,13,71,244156,128,8.863727569580078,8.854832649230957,0.018331466242671013,0.7061782479286194,0.001,3137.2145199775696
1920,13,72,244284,128,6.89412784576416,6.884823799133301,0.014238307252526283,0.788028359413147,0.001,3138.6129002571106
1921,13,73,244412,128,5.450960636138916,5.441375255584717,0.013004140928387642,0.8285279870033264,0.001,3140.0027644634247
1922,13,74,244540,128,7.648462772369385,7.639522552490234,0.01816871576011181,0.7123249173164368,0.001,3141.4647693634033
1923,13,75,244668,128,10.32529067993164,10.315823554992676,0.021962253376841545,0.7271081805229187,0.001,3142.850081205368
1924,13,76,244796,128,10.572689056396484,10.562718391418457,0.022126048803329468,0.7757900357246399,0.001,3144.28786444664
1925,13,77,244924,128,7.854607105255127,7.8447794914245605,0.01993010938167572,0.7834203839302063,0.001,3145.7461879253387
1926,13,78,245052,128,9.379809379577637,9.370333671569824,0.016910364851355553,0.7784596681594849,0.001,3147.188985347748
1927,13,79,245180,128,6.768153190612793,6.757487773895264,0.01367633044719696,0.9297633171081543,0.001,3148.5678062438965
1928,13,80,245308,128,9.372564315795898,9.361849784851074,0.02049202099442482,0.8664762377738953,0.001,3149.9507372379303
1929,13,81,245436,128,8.657781600952148,8.647306442260742,0.01764376275241375,0.8710687160491943,0.001,3151.3675565719604
1930,13,82,245564,128,8.591259002685547,8.581503868103027,0.023476112633943558,0.7406895160675049,0.001,3152.7134907245636
1931,13,83,245692,128,9.617268562316895,9.60823917388916,0.018046364188194275,0.7224947214126587,0.001,3154.1220350265503
1932,13,84,245820,128,6.877450466156006,6.867997646331787,0.01452369149774313,0.8000174164772034,0.001,3155.524708509445
1933,13,85,245948,128,9.944610595703125,9.935547828674316,0.02091965824365616,0.697007417678833,0.001,3156.9626948833466
1934,13,86,246076,128,8.57667350769043,8.568227767944336,0.02010003663599491,0.6435288190841675,0.001,3158.3964397907257
1935,13,87,246204,128,8.59342098236084,8.584107398986816,0.01834697648882866,0.7478288412094116,0.001,3159.8414895534515
1936,13,88,246332,128,7.262852668762207,7.254925727844238,0.016334563493728638,0.6293259859085083,0.001,3161.2785494327545
1937,13,89,246460,128,5.679134368896484,5.670320987701416,0.013415485620498657,0.7471837997436523,0.001,3162.732791662216
1938,13,90,246588,128,6.508403301239014,6.498843193054199,0.014554065652191639,0.8105034828186035,0.001,3164.189261198044
1939,13,91,246716,128,7.295034408569336,7.285378456115723,0.017582127824425697,0.7897679805755615,0.001,3165.6450860500336
1940,13,92,246844,128,7.982481956481934,7.973324775695801,0.018598761409521103,0.7297335267066956,0.001,3167.0816328525543
1941,13,93,246972,128,8.820180892944336,8.811147689819336,0.01619703695178032,0.7413884401321411,0.001,3168.5556333065033
1942,13,94,247100,128,8.660266876220703,8.651079177856445,0.02219053916633129,0.6968052983283997,0.001,3169.9787442684174
1943,13,95,247228,128,5.269155979156494,5.2603230476379395,0.01571429707109928,0.7261433005332947,0.001,3171.4114170074463
1944,13,96,247356,128,6.3525710105896,6.343552589416504,0.013278262689709663,0.7690233588218689,0.001,3172.8448207378387
1945,13,97,247484,128,7.966777801513672,7.95804500579834,0.018904173746705055,0.684249997138977,0.001,3174.3077821731567
1946,13,98,247612,128,7.061959266662598,7.052431583404541,0.019588876515626907,0.7568758130073547,0.001,3175.841262102127
1947,13,99,247740,128,7.331149101257324,7.32219123840332,0.015107420273125172,0.7447248697280884,0.001,3177.281759262085
1948,13,100,247868,128,6.875669956207275,6.866528511047363,0.019954698160290718,0.7145662307739258,0.001,3178.7044224739075
1949,13,101,247996,128,8.327363967895508,8.318564414978027,0.01807926408946514,0.6991556882858276,0.001,3180.1721794605255
1950,13,102,248124,128,11.216632843017578,11.206413269042969,0.01974881812930107,0.8244876265525818,0.001,3181.622138738632
1951,13,103,248252,128,7.980757236480713,7.970505237579346,0.01568329706788063,0.8683856129646301,0.001,3183.0136671066284
1952,13,104,248380,128,7.334875106811523,7.3254804611206055,0.014744194224476814,0.7920377254486084,0.001,3184.4176235198975
1953,13,105,248508,128,4.886598110198975,4.877566337585449,0.017112482339143753,0.7320168018341064,0.001,3185.8102962970734
1954,13,106,248636,128,9.758233070373535,9.749755859375,0.018509378656744957,0.6626432538032532,0.001,3187.243565797806
1955,13,107,248764,128,5.982534408569336,5.973956108093262,0.015652386471629143,0.7012698650360107,0.001,3188.6114621162415
1956,13,108,248892,128,10.35432243347168,10.346161842346191,0.016888735815882683,0.6471395492553711,0.001,3189.9769818782806
1957,13,109,249020,128,6.328269004821777,6.320397853851318,0.017122328281402588,0.615890383720398,0.001,3191.3323776721954
1958,13,110,249148,128,6.715131759643555,6.706783294677734,0.01732194423675537,0.6616009473800659,0.001,3192.7453722953796
1959,13,111,249276,128,7.866262435913086,7.8575005531311035,0.021781424060463905,0.6583821177482605,0.001,3194.177806377411
1960,13,112,249404,128,7.86671257019043,7.8584489822387695,0.01752726547420025,0.6510682702064514,0.001,3195.560033798218
1961,13,113,249532,128,9.125000953674316,9.115839958190918,0.02529670111835003,0.6630428433418274,0.001,3196.9661350250244
1962,13,114,249660,128,8.241290092468262,8.231340408325195,0.018167773261666298,0.8132816553115845,0.001,3198.4590356349945
1963,13,115,249788,128,7.956968307495117,7.947887420654297,0.018801385536789894,0.7200654149055481,0.001,3199.9023525714874
1964,13,116,249916,128,9.051509857177734,9.041738510131836,0.024812860414385796,0.7290288805961609,0.001,3201.3413619995117
1965,13,117,250044,128,5.643774032592773,5.634303569793701,0.015522733330726624,0.7918533682823181,0.001,3202.786433696747
1966,13,118,250172,128,7.742163181304932,7.7325568199157715,0.016492614522576332,0.7956830859184265,0.001,3204.2124032974243
1967,13,119,250300,128,7.48602819442749,7.476194858551025,0.018512293696403503,0.7982378602027893,0.001,3205.6258668899536
1968,13,120,250428,128,10.404088020324707,10.394791603088379,0.019737208262085915,0.7322317957878113,0.001,3207.0361874103546
1969,13,121,250556,128,7.135034084320068,7.1244096755981445,0.018516797572374344,0.8772890567779541,0.001,3208.4358417987823
1970,13,122,250684,128,8.192675590515137,8.182930946350098,0.02032029628753662,0.7711949348449707,0.001,3209.867990255356
1971,13,123,250812,128,7.5303144454956055,7.521599769592285,0.017532745376229286,0.6961206197738647,0.001,3211.322741985321
1972,13,124,250940,128,7.138392925262451,7.129708290100098,0.01502065360546112,0.7182685732841492,0.001,3212.763931274414
1973,13,125,251068,128,7.096529960632324,7.086737632751465,0.017606085166335106,0.8032017946243286,0.001,3214.199377298355
1974,13,126,251196,128,5.3287739753723145,5.318783760070801,0.017915761098265648,0.8198804259300232,0.001,3215.5954926013947
1975,13,127,251324,128,6.23378849029541,6.223769187927246,0.015227342955768108,0.849656343460083,0.001,3217.050582885742
1976,13,128,251452,128,7.335769176483154,7.326385498046875,0.020793909206986427,0.7304351329803467,0.001,3218.5048110485077
1977,13,129,251580,128,7.485951900482178,7.476763725280762,0.018504543229937553,0.7337549924850464,0.001,3219.9324123859406
1978,13,130,251708,128,6.381632328033447,6.372532844543457,0.016259366646409035,0.747368574142456,0.001,3221.3633980751038
1979,13,131,251836,128,5.677824020385742,5.669814586639404,0.015426404774188995,0.6466743350028992,0.001,3222.8086116313934
1980,13,132,251964,128,7.200756072998047,7.19210958480835,0.01526636816561222,0.7119877934455872,0.001,3224.26460647583
1981,13,133,252092,128,6.375723361968994,6.36651086807251,0.01395841222256422,0.7816681265830994,0.001,3225.6813859939575
1982,13,134,252220,128,6.5784912109375,6.569399833679199,0.016022300347685814,0.7489278316497803,0.001,3227.051795721054
1983,13,135,252348,128,7.5786004066467285,7.570131301879883,0.016041908413171768,0.6865147352218628,0.001,3228.429374933243
1984,13,136,252476,128,7.86968469619751,7.860837936401367,0.018328413367271423,0.701388418674469,0.001,3229.8577842712402
1985,13,137,252604,128,8.521705627441406,8.513092994689941,0.018602123484015465,0.6751896142959595,0.001,3231.30064368248
1986,13,138,252732,128,7.512248992919922,7.504499912261963,0.014086785726249218,0.6340336203575134,0.001,3232.7606058120728
1987,13,139,252860,128,9.905282974243164,9.897122383117676,0.018154626712203026,0.6344565153121948,0.001,3234.1981830596924
1988,13,140,252988,128,7.604751110076904,7.5963850021362305,0.014231592416763306,0.6942975521087646,0.001,3235.552365541458
1989,13,141,253116,128,7.371945381164551,7.3626790046691895,0.014308581128716469,0.7835153341293335,0.001,3236.971687078476
1990,13,142,253244,128,6.614643096923828,6.606010437011719,0.016532346606254578,0.6979511976242065,0.001,3238.324801683426
1991,13,143,253372,128,7.720428466796875,7.711390018463135,0.021250419318675995,0.6913219690322876,0.001,3239.721296072006
1992,13,144,253500,128,11.028450012207031,11.019164085388184,0.021196337416768074,0.7166072726249695,0.001,3241.147469997406
1993,13,145,253628,128,8.706558227539062,8.697668075561523,0.020004957914352417,0.688922107219696,0.001,3242.584328889847
1994,13,146,253756,128,6.774071216583252,6.765702247619629,0.016600176692008972,0.6709002256393433,0.001,3244.025290250778
1995,13,147,253884,128,7.958831310272217,7.950081825256348,0.021475378423929214,0.6601788401603699,0.001,3245.476165294647
1996,13,148,254012,128,7.207477569580078,7.198718070983887,0.017492635175585747,0.7010334730148315,0.001,3246.9046998023987
1997,13,149,254140,128,6.435704231262207,6.426894664764404,0.018338099122047424,0.6975578665733337,0.001,3248.3429234027863
1998,13,150,254268,128,6.519320964813232,6.510428428649902,0.020118549466133118,0.68809574842453,0.001,3249.764212846756
1999,13,151,254396,128,6.555411338806152,6.546335220336914,0.014586949720978737,0.7617504596710205,0.001,3251.185392141342
2000,13,152,254524,128,8.529433250427246,8.521395683288574,0.0186134222894907,0.6175580024719238,0.001,3252.6211807727814
2001,13,153,254652,128,6.669841766357422,6.660425186157227,0.013392872177064419,0.8076956272125244,0.001,3254.0304453372955
2002,13,154,254657,5,3.045227527618408,3.0382447242736816,0.0060699451714754105,0.6375876069068909,0.001,3254.306733608246
2003,14,1,254785,128,6.723297119140625,6.714493751525879,0.015687739476561546,0.7234629392623901,0.001,3302.457304239273
2004,14,2,254913,128,7.603111743927002,7.593574523925781,0.02227512001991272,0.7310066223144531,0.001,3303.90083193779
2005,14,3,255041,128,6.74497127532959,6.736109256744385,0.01877669058740139,0.6984212398529053,0.001,3305.3513627052307
2006,14,4,255169,128,8.7925443649292,8.78355598449707,0.019272880628705025,0.7060574889183044,0.001,3306.7951962947845
2007,14,5,255297,128,6.2752909660339355,6.267251968383789,0.014228622429072857,0.6616222262382507,0.001,3308.225845336914
2008,14,6,255425,128,7.041042804718018,7.031785488128662,0.01676064170897007,0.7581233978271484,0.001,3309.6555178165436
2009,14,7,255553,128,5.077781677246094,5.068175792694092,0.014338511042296886,0.8172094821929932,0.001,3311.107607126236
2010,14,8,255681,128,5.604947566986084,5.596053123474121,0.01529538631439209,0.7364969253540039,0.001,3312.5418272018433
2011,14,9,255809,128,6.547325134277344,6.537041187286377,0.015393524430692196,0.8744485974311829,0.001,3313.979823589325
2012,14,10,255937,128,8.211224555969238,8.201905250549316,0.020222101360559464,0.7297979593276978,0.001,3315.410622358322
2013,14,11,256065,128,7.6629319190979,7.654342174530029,0.014837659895420074,0.7105633616447449,0.001,3316.802434682846
2014,14,12,256193,128,8.248849868774414,8.239206314086914,0.021203214302659035,0.7523955702781677,0.001,3318.1756172180176
2015,14,13,256321,128,7.189277648925781,7.180212020874023,0.015302632935345173,0.7535580396652222,0.001,3319.586930990219
2016,14,14,256449,128,6.494204044342041,6.485845565795898,0.01923391781747341,0.6435070037841797,0.001,3320.995792388916
2017,14,15,256577,128,7.25704288482666,7.2488837242126465,0.015582065097987652,0.6601057648658752,0.001,3322.4490332603455
2018,14,16,256705,128,4.876359939575195,4.867592811584473,0.015033301897346973,0.726361095905304,0.001,3323.8763840198517
2019,14,17,256833,128,6.134477138519287,6.126194477081299,0.016548272222280502,0.6628227829933167,0.001,3325.2998151779175
2020,14,18,256961,128,8.71733570098877,8.708589553833008,0.0207980927079916,0.666656494140625,0.001,3326.7538073062897
2021,14,19,257089,128,7.41273832321167,7.403762340545654,0.017090274021029472,0.7267042398452759,0.001,3328.2245967388153
2022,14,20,257217,128,6.791613578796387,6.7830281257629395,0.018499616533517838,0.6735524535179138,0.001,3329.6861538887024
2023,14,21,257345,128,6.260849475860596,6.251735210418701,0.014445734210312366,0.7670117616653442,0.001,3331.118422269821
2024,14,22,257473,128,8.022560119628906,8.013663291931152,0.018522804602980614,0.7044342756271362,0.001,3332.5403065681458
2025,14,23,257601,128,5.980142116546631,5.971251964569092,0.018825339153409004,0.700755774974823,0.001,3333.95748090744
2026,14,24,257729,128,6.955433368682861,6.946219444274902,0.018442949280142784,0.7369301915168762,0.001,3335.4181995391846
2027,14,25,257857,128,7.82928991317749,7.820891857147217,0.017490465193986893,0.6649073362350464,0.001,3336.8351395130157
2028,14,26,257985,128,7.025187969207764,7.0173492431640625,0.018421029672026634,0.5996800661087036,0.001,3338.2767021656036
2029,14,27,258113,128,9.239933013916016,9.230725288391113,0.015860116109251976,0.7622036933898926,0.001,3339.7415187358856
2030,14,28,258241,128,5.452584266662598,5.443474769592285,0.01801363192498684,0.7307814359664917,0.001,3341.161142349243
2031,14,29,258369,128,7.166235446929932,7.157196521759033,0.019610390067100525,0.7077486515045166,0.001,3342.614334344864
2032,14,30,258497,128,5.556469917297363,5.5474853515625,0.01284437533468008,0.7700079083442688,0.001,3344.071153640747
2033,14,31,258625,128,6.131283760070801,6.122588157653809,0.015782590955495834,0.7117400169372559,0.001,3345.5346903800964
2034,14,32,258753,128,7.476351261138916,7.467440128326416,0.020148439332842827,0.6896471381187439,0.001,3346.995075941086
2035,14,33,258881,128,5.905770778656006,5.896612167358398,0.01619051955640316,0.7539775967597961,0.001,3348.4145851135254
2036,14,34,259009,128,6.7665886878967285,6.756143569946289,0.01706317625939846,0.8738824129104614,0.001,3349.8461413383484
2037,14,35,259137,128,6.917122840881348,6.907774448394775,0.015440884046256542,0.7804515361785889,0.001,3351.2724573612213
2038,14,36,259265,128,6.242403030395508,6.233516693115234,0.013807624578475952,0.75052410364151,0.001,3352.7244811058044
2039,14,37,259393,128,6.834951400756836,6.825294017791748,0.021928107365965843,0.7464191913604736,0.001,3354.161029815674
2040,14,38,259521,128,8.778094291687012,8.76865291595459,0.018141908571124077,0.7627601623535156,0.001,3355.623831510544
2041,14,39,259649,128,6.935400009155273,6.925349235534668,0.020351555198431015,0.8015715479850769,0.001,3357.0820112228394
2042,14,40,259777,128,6.102030277252197,6.092745304107666,0.01551552303135395,0.7733228206634521,0.001,3358.5169909000397
2043,14,41,259905,128,5.878203392028809,5.867067337036133,0.017117368057370186,0.942420244216919,0.001,3359.956437587738
2044,14,42,260033,128,9.844581604003906,9.833474159240723,0.021473238244652748,0.8959963321685791,0.001,3361.3441944122314
2045,14,43,260161,128,6.058999538421631,6.048964500427246,0.01596304588019848,0.8438471555709839,0.001,3362.801929473877
2046,14,44,260289,128,5.6040215492248535,5.59468412399292,0.014529094099998474,0.7884507179260254,0.001,3364.2422919273376
2047,14,45,260417,128,8.16650104522705,8.156967163085938,0.01741131581366062,0.7792917490005493,0.001,3365.688054084778
2048,14,46,260545,128,10.777074813842773,10.767627716064453,0.01798391155898571,0.7648321986198425,0.001,3367.134975194931
2049,14,47,260673,128,7.949815273284912,7.940173625946045,0.020022721961140633,0.7639444470405579,0.001,3368.6117384433746
2050,14,48,260801,128,6.783449649810791,6.774633884429932,0.015187770128250122,0.7296872138977051,0.001,3370.090422153473
2051,14,49,260929,128,8.589332580566406,8.579828262329102,0.01926765777170658,0.7577566504478455,0.001,3371.5335745811462
2052,14,50,261057,128,7.490406513214111,7.481779098510742,0.019160253927111626,0.6711359620094299,0.001,3372.9417884349823
2053,14,51,261185,128,9.930121421813965,9.921401977539062,0.019379910081624985,0.6781643629074097,0.001,3374.386049747467
2054,14,52,261313,128,7.756565093994141,7.74744987487793,0.01869201846420765,0.7245857119560242,0.001,3375.83007478714
2055,14,53,261441,128,6.0069403648376465,5.997829914093018,0.019148916006088257,0.7195442914962769,0.001,3377.313955783844
2056,14,54,261569,128,10.47121524810791,10.462623596191406,0.01976369321346283,0.6615420579910278,0.001,3378.7843673229218
2057,14,55,261697,128,8.459566116333008,8.45033073425293,0.019167235121130943,0.7318187355995178,0.001,3380.2650101184845
2058,14,56,261825,128,8.555803298950195,8.54715347290039,0.018181927502155304,0.6831546425819397,0.001,3381.678745985031
2059,14,57,261953,128,8.371231079101562,8.361571311950684,0.01912192441523075,0.77474445104599,0.001,3383.066395521164
2060,14,58,262081,128,7.054049491882324,7.0439863204956055,0.01795021817088127,0.8268594145774841,0.001,3384.4305205345154
2061,14,59,262209,128,8.274944305419922,8.265307426452637,0.016747498884797096,0.796262800693512,0.001,3385.857346057892
2062,14,60,262337,128,6.949674129486084,6.939168930053711,0.01975567638874054,0.8529730439186096,0.001,3387.3393454551697
2063,14,61,262465,128,7.559195518493652,7.550640106201172,0.021325036883354187,0.6423211097717285,0.001,3388.788676261902
2064,14,62,262593,128,5.303206443786621,5.2944722175598145,0.013410202227532864,0.7393587827682495,0.001,3390.241310596466
2065,14,63,262721,128,7.249806880950928,7.24070405960083,0.01691330410540104,0.7411355972290039,0.001,3391.6825380325317
2066,14,64,262849,128,6.338843822479248,6.329702854156494,0.01859928108751774,0.7280786633491516,0.001,3393.1298990249634
2067,14,65,262977,128,7.367422103881836,7.3583984375,0.017231373116374016,0.7300505638122559,0.001,3394.5963563919067
2068,14,66,263105,128,7.388621807098389,7.379309177398682,0.014704415574669838,0.7842136025428772,0.001,3396.0048513412476
2069,14,67,263233,128,7.154357433319092,7.144444942474365,0.01709950901567936,0.8202388882637024,0.001,3397.4411973953247
2070,14,68,263361,128,6.4193854331970215,6.40954065322876,0.014457399025559425,0.8399174809455872,0.001,3398.896819114685
2071,14,69,263489,128,6.9606032371521,6.950984001159668,0.01595609448850155,0.802371621131897,0.001,3400.342718601227
2072,14,70,263617,128,8.237299919128418,8.22722339630127,0.020393893122673035,0.8037999272346497,0.001,3401.766838788986
2073,14,71,263745,128,7.23945951461792,7.229184627532959,0.018573256209492683,0.8417537808418274,0.001,3403.1465775966644
2074,14,72,263873,128,6.717026233673096,6.706997394561768,0.021031847223639488,0.7925354242324829,0.001,3404.5927624702454
2075,14,73,264001,128,7.6120829582214355,7.601430892944336,0.018875857815146446,0.8764258623123169,0.001,3406.040586709976
2076,14,74,264129,128,7.818282127380371,7.808112144470215,0.019612837582826614,0.8208556175231934,0.001,3407.5026242733
2077,14,75,264257,128,6.934544086456299,6.925044536590576,0.024482084438204765,0.70514976978302,0.001,3408.9211959838867
2078,14,76,264385,128,5.304769039154053,5.295159816741943,0.014282646588981152,0.818098247051239,0.001,3410.334487915039
2079,14,77,264513,128,7.329858779907227,7.3200459480285645,0.018949154764413834,0.7917804718017578,0.001,3411.729991674423
2080,14,78,264641,128,7.412302017211914,7.402657985687256,0.022717872634530067,0.7372410893440247,0.001,3413.16717171669
2081,14,79,264769,128,5.682326793670654,5.673856258392334,0.013121935538947582,0.7158101797103882,0.001,3414.601030111313
2082,14,80,264897,128,8.48702335357666,8.478041648864746,0.016581296920776367,0.7322956919670105,0.001,3416.0055406093597
2083,14,81,265025,128,7.772268295288086,7.762033462524414,0.015525496564805508,0.8682186603546143,0.001,3417.378971338272
2084,14,82,265153,128,7.437222480773926,7.428299903869629,0.017407020553946495,0.7181773781776428,0.001,3418.79633808136
2085,14,83,265281,128,7.799068927764893,7.789616584777832,0.01504239346832037,0.7947817444801331,0.001,3420.2000226974487
2086,14,84,265409,128,6.5346999168396,6.524807929992676,0.012134465388953686,0.8678596615791321,0.001,3421.6502356529236
2087,14,85,265537,128,7.9951558113098145,7.986637592315674,0.018828783184289932,0.6635050177574158,0.001,3423.074234485626
2088,14,86,265665,128,6.971985340118408,6.962577819824219,0.016423424705863,0.7765300273895264,0.001,3424.516414642334
2089,14,87,265793,128,5.86854887008667,5.859153747558594,0.014793233945965767,0.7916209101676941,0.001,3425.9375715255737
2090,14,88,265921,128,10.437479019165039,10.427617073059082,0.019137682393193245,0.7947939038276672,0.001,3427.3357107639313
2091,14,89,266049,128,9.777310371398926,9.767655372619629,0.02193804271519184,0.7461530566215515,0.001,3428.760479927063
2092,14,90,266177,128,7.307064533233643,7.297900199890137,0.016601303592324257,0.7503776550292969,0.001,3430.1931207180023
2093,14,91,266305,128,6.491703033447266,6.482979774475098,0.017353391274809837,0.6987819075584412,0.001,3431.6223566532135
2094,14,92,266433,128,8.47297477722168,8.464376449584961,0.020833147689700127,0.6514291763305664,0.001,3433.065897464752
2095,14,93,266561,128,7.1284966468811035,7.11890172958374,0.01968524232506752,0.7626490592956543,0.001,3434.4851973056793
2096,14,94,266689,128,5.75583553314209,5.747218132019043,0.0157470740377903,0.7042807340621948,0.001,3435.893492937088
2097,14,95,266817,128,8.895752906799316,8.886283874511719,0.018799979239702225,0.7589766383171082,0.001,3437.3293182849884
2098,14,96,266945,128,8.555615425109863,8.546128273010254,0.017887109890580177,0.7697655558586121,0.001,3438.745203733444
2099,14,97,267073,128,5.522726058959961,5.51366662979126,0.015612222254276276,0.7498301267623901,0.001,3440.1573491096497
2100,14,98,267201,128,7.469664096832275,7.459620475769043,0.017381200566887856,0.8305491209030151,0.001,3441.600175142288
2101,14,99,267329,128,9.792341232299805,9.782439231872559,0.017757147550582886,0.8126272559165955,0.001,3442.984593629837
2102,14,100,267457,128,8.867626190185547,8.858316421508789,0.019312838092446327,0.7378653883934021,0.001,3444.4141256809235
2103,14,101,267585,128,9.82170581817627,9.811979293823242,0.019206179305911064,0.7806297540664673,0.001,3445.8259143829346
2104,14,102,267713,128,11.371156692504883,11.361873626708984,0.015823623165488243,0.7700924873352051,0.001,3447.219570875168
2105,14,103,267841,128,8.854050636291504,8.843862533569336,0.017312271520495415,0.8457598090171814,0.001,3448.637750148773
2106,14,104,267969,128,6.632983207702637,6.622097492218018,0.015116751194000244,0.9374154210090637,0.001,3450.053491592407
2107,14,105,268097,128,5.0692458152771,5.059879779815674,0.015108704566955566,0.7854794263839722,0.001,3451.477717399597
2108,14,106,268225,128,11.265198707580566,11.255172729492188,0.018662000074982643,0.8159742951393127,0.001,3452.9253273010254
2109,14,107,268353,128,10.312470436096191,10.303226470947266,0.019204651936888695,0.7323567271232605,0.001,3454.377551794052
2110,14,108,268481,128,6.4446635246276855,6.4355621337890625,0.01550308521836996,0.7551284432411194,0.001,3455.8290026187897
2111,14,109,268609,128,6.20145845413208,6.193306922912598,0.015551434829831123,0.6596758365631104,0.001,3457.2470409870148
2112,14,110,268737,128,9.007281303405762,8.998390197753906,0.017730889841914177,0.7118529677391052,0.001,3458.687296628952
2113,14,111,268865,128,6.642985820770264,6.6343817710876465,0.01620488427579403,0.6983872652053833,0.001,3460.1135551929474
2114,14,112,268993,128,9.582144737243652,9.573654174804688,0.01619143597781658,0.6871602535247803,0.001,3461.540510892868
2115,14,113,269121,128,9.837035179138184,9.826951026916504,0.019265754148364067,0.8157891035079956,0.001,3462.967251062393
2116,14,114,269249,128,8.089701652526855,8.07955551147461,0.017742106691002846,0.8372695446014404,0.001,3464.3920028209686
2117,14,115,269377,128,10.05819034576416,10.048831939697266,0.016550565138459206,0.7704083323478699,0.001,3465.8237810134888
2118,14,116,269505,128,8.934911727905273,8.924895286560059,0.01646151952445507,0.837062418460846,0.001,3467.289272069931
2119,14,117,269633,128,5.997847080230713,5.986417293548584,0.01408508699387312,1.0021024942398071,0.001,3468.7599794864655
2120,14,118,269761,128,10.435661315917969,10.425214767456055,0.018992116674780846,0.8547887802124023,0.001,3470.230592727661
2121,14,119,269889,128,8.636212348937988,8.624842643737793,0.015608894638717175,0.9808246493339539,0.001,3471.7050511837006
2122,14,120,270017,128,7.982868194580078,7.970293045043945,0.014003497548401356,1.117479920387268,0.001,3473.1344571113586
2123,14,121,270145,128,11.603901863098145,11.592672348022461,0.021601254120469093,0.9069073796272278,0.001,3474.537985563278
2124,14,122,270273,128,8.842806816101074,8.83021068572998,0.02319985255599022,1.0275936126708984,0.001,3475.932956457138
2125,14,123,270401,128,9.125577926635742,9.115974426269531,0.023924274370074272,0.7211204767227173,0.001,3477.3630826473236
2126,14,124,270529,128,6.76200008392334,6.749303340911865,0.01365630328655243,1.1331088542938232,0.001,3478.7932391166687
2127,14,125,270657,128,9.795040130615234,9.783726692199707,0.02101580798625946,0.9211079478263855,0.001,3480.1895203590393
2128,14,126,270785,128,7.165732383728027,7.155121803283691,0.021511554718017578,0.845962405204773,0.001,3481.5891931056976
2129,14,127,270913,128,8.40899658203125,8.398200035095215,0.01730976067483425,0.9065306186676025,0.001,3482.9834237098694
2130,14,128,271041,128,7.411828517913818,7.401909828186035,0.01662847213447094,0.8256118297576904,0.001,3484.415792942047
2131,14,129,271169,128,6.510467052459717,6.500810623168945,0.017858166247606277,0.7870620489120483,0.001,3485.8547875881195
2132,14,130,271297,128,7.055372714996338,7.046616077423096,0.018384303897619247,0.6918442249298096,0.001,3487.2881169319153
2133,14,131,271425,128,5.916729927062988,5.907865047454834,0.014613496139645576,0.7403488755226135,0.001,3488.6928918361664
2134,14,132,271553,128,5.603871822357178,5.595093727111816,0.013768702745437622,0.7400933504104614,0.001,3490.1191799640656
2135,14,133,271681,128,6.401248931884766,6.392209529876709,0.01781908981502056,0.7257392406463623,0.001,3491.5924282073975
2136,14,134,271809,128,6.396258354187012,6.387052059173584,0.015147663652896881,0.7691168785095215,0.001,3493.0261132717133
2137,14,135,271937,128,8.095975875854492,8.086082458496094,0.019718803465366364,0.792080283164978,0.001,3494.4801750183105
2138,14,136,272065,128,6.3150410652160645,6.306911945343018,0.012906390242278576,0.6838130354881287,0.001,3495.8814392089844
2139,14,137,272193,128,9.440398216247559,9.430734634399414,0.01645047962665558,0.8018922805786133,0.001,3497.318756580353
2140,14,138,272321,128,6.973614692687988,6.963967323303223,0.018914366140961647,0.7755577564239502,0.001,3498.7901499271393
2141,14,139,272449,128,5.392685890197754,5.382205486297607,0.016242247074842453,0.8856322765350342,0.001,3500.255913734436
2142,14,140,272577,128,5.384850025177002,5.374765396118164,0.015214430168271065,0.8562920689582825,0.001,3501.6510763168335
2143,14,141,272705,128,9.240568161010742,9.231372833251953,0.020033376291394234,0.7191289663314819,0.001,3503.0244767665863
2144,14,142,272833,128,8.655251502990723,8.644415855407715,0.017732324078679085,0.9062628149986267,0.001,3504.3987724781036
2145,14,143,272961,128,5.5323944091796875,5.522680282592773,0.016760410740971565,0.8038046360015869,0.001,3505.780213832855
2146,14,144,273089,128,6.3255615234375,6.315829277038574,0.015378640964627266,0.8194342255592346,0.001,3507.217659473419
2147,14,145,273217,128,8.130236625671387,8.120622634887695,0.01930808834731579,0.7682944536209106,0.001,3508.6729538440704
2148,14,146,273345,128,7.0975165367126465,7.087615013122559,0.020236743614077568,0.7877653241157532,0.001,3510.1401557922363
2149,14,147,273473,128,7.120119571685791,7.110904693603516,0.021102840080857277,0.7104388475418091,0.001,3511.608865261078
2150,14,148,273601,128,8.710919380187988,8.702103614807129,0.019477201625704765,0.6868466138839722,0.001,3513.077450275421
2151,14,149,273729,128,6.728587627410889,6.720219612121582,0.017343197017908096,0.6633875966072083,0.001,3514.536007165909
2152,14,150,273857,128,11.859875679016113,11.85019588470459,0.021467695012688637,0.753332793712616,0.001,3515.925677537918
2153,14,151,273985,128,11.000974655151367,10.991154670715332,0.022911932319402695,0.7529405355453491,0.001,3517.368921518326
2154,14,152,274113,128,8.140420913696289,8.130361557006836,0.02216961607336998,0.784159779548645,0.001,3518.8037719726562
2155,14,153,274241,128,9.47612476348877,9.466170310974121,0.017330003902316093,0.8221986889839172,0.001,3520.2653386592865
2156,14,154,274246,5,1.8995028734207153,1.8838987350463867,0.005447304341942072,1.505929708480835,0.001,3520.5440611839294
2157,15,1,274374,128,9.100737571716309,9.091537475585938,0.01720167137682438,0.7480123043060303,0.001,3568.3425748348236
2158,15,2,274502,128,10.412320137023926,10.402576446533203,0.0187253188341856,0.7871614098548889,0.001,3569.7684111595154
2159,15,3,274630,128,8.989228248596191,8.979206085205078,0.02274659276008606,0.7747770547866821,0.001,3571.1619589328766
2160,15,4,274758,128,9.296991348266602,9.287166595458984,0.017331445589661598,0.8091866374015808,0.001,3572.5659489631653
2161,15,5,274886,128,7.607786178588867,7.5975799560546875,0.015485457144677639,0.8657265305519104,0.001,3573.9406864643097
2162,15,6,275014,128,8.46688461303711,8.457152366638184,0.01673196814954281,0.8059180974960327,0.001,3575.314076900482
2163,15,7,275142,128,8.859349250793457,8.849710464477539,0.015810146927833557,0.8057792782783508,0.001,3576.6986067295074
2164,15,8,275270,128,6.789571762084961,6.779536724090576,0.017726633697748184,0.8262261748313904,0.001,3578.1029028892517
2165,15,9,275398,128,8.919562339782715,8.909710884094238,0.020207446068525314,0.7831056714057922,0.001,3579.5013296604156
2166,15,10,275526,128,5.890083312988281,5.880306720733643,0.015358633361756802,0.8240764141082764,0.001,3580.8923573493958
2167,15,11,275654,128,7.152684688568115,7.141595363616943,0.017770176753401756,0.9312202334403992,0.001,3582.2908883094788
2168,15,12,275782,128,7.751164436340332,7.7416672706604,0.018586335703730583,0.7638604640960693,0.001,3583.739336013794
2169,15,13,275910,128,8.04629898071289,8.036551475524902,0.018411880359053612,0.7906352877616882,0.001,3585.1234493255615
2170,15,14,276038,128,8.136027336120605,8.125564575195312,0.01862146519124508,0.8600485324859619,0.001,3586.5451970100403
2171,15,15,276166,128,7.384397983551025,7.374294757843018,0.01425891276448965,0.8677484393119812,0.001,3587.9883720874786
2172,15,16,276294,128,8.361079216003418,8.350584030151367,0.019977709278464317,0.8497583270072937,0.001,3589.4456145763397
2173,15,17,276422,128,6.87578010559082,6.865106582641602,0.015667950734496117,0.910675048828125,0.001,3590.848573446274
2174,15,18,276550,128,10.624713897705078,10.613492965698242,0.01657821796834469,0.9563069343566895,0.001,3592.259747505188
2175,15,19,276678,128,8.015473365783691,8.004314422607422,0.017877331003546715,0.9371220469474792,0.001,3593.6507906913757
2176,15,20,276806,128,8.083552360534668,8.072564125061035,0.0190675500780344,0.9081582427024841,0.001,3595.0426292419434
2177,15,21,276934,128,6.199807643890381,6.1884846687316895,0.013700502924621105,0.9953235983848572,0.001,3596.4554448127747
2178,15,22,277062,128,6.599025726318359,6.589093208312988,0.016252515837550163,0.8307342529296875,0.001,3597.8233959674835
2179,15,23,277190,128,7.285172939300537,7.2752604484558105,0.014666455797851086,0.8445631265640259,0.001,3599.181112766266
2180,15,24,277318,128,5.942837238311768,5.933219909667969,0.015118750743567944,0.8105144500732422,0.001,3600.5944311618805
2181,15,25,277446,128,5.379213333129883,5.36971378326416,0.016850659623742104,0.7814583778381348,0.001,3602.0448570251465
2182,15,26,277574,128,6.771449089050293,6.760776519775391,0.018239278346300125,0.8848697543144226,0.001,3603.4669687747955
2183,15,27,277702,128,8.608626365661621,8.59786319732666,0.015747491270303726,0.9188717603683472,0.001,3604.883388519287
2184,15,28,277830,128,8.739297866821289,8.728245735168457,0.020864447578787804,0.8965680599212646,0.001,3606.30424618721
2185,15,29,277958,128,7.848284721374512,7.837441444396973,0.016697723418474197,0.9173566102981567,0.001,3607.7427253723145
2186,15,30,278086,128,7.782563209533691,7.772554874420166,0.018101772293448448,0.819840133190155,0.001,3609.151465654373
2187,15,31,278214,128,6.052795886993408,6.041317939758301,0.01581667736172676,0.9896484613418579,0.001,3610.5417692661285
2188,15,32,278342,128,9.381629943847656,9.370704650878906,0.023823915049433708,0.8543285727500916,0.001,3611.9151527881622
2189,15,33,278470,128,7.121723175048828,7.110158920288086,0.014692834578454494,1.0095306634902954,0.001,3613.3100843429565
2190,15,34,278598,128,7.692712306976318,7.681917667388916,0.017232133075594902,0.9071245193481445,0.001,3614.751209259033
2191,15,35,278726,128,4.7546467781066895,4.7447967529296875,0.01734408549964428,0.8115638494491577,0.001,3616.158491373062
2192,15,36,278854,128,7.043558120727539,7.033361911773682,0.02025279402732849,0.8171213865280151,0.001,3617.5888743400574
2193,15,37,278982,128,7.487959861755371,7.478170871734619,0.0193274337798357,0.7856260538101196,0.001,3618.981771469116
2194,15,38,279110,128,9.154166221618652,9.144679069519043,0.018211865797638893,0.7665737271308899,0.001,3620.360911846161
2195,15,39,279238,128,6.308953762054443,6.299309253692627,0.013814571313560009,0.8263068199157715,0.001,3621.7479667663574
2196,15,40,279366,128,9.659878730773926,9.6498441696167,0.017256218940019608,0.8308935165405273,0.001,3623.1611363887787
2197,15,41,279494,128,6.614505290985107,6.604501724243164,0.013417348265647888,0.8661864995956421,0.001,3624.5281443595886
2198,15,42,279622,128,6.596921920776367,6.587700366973877,0.0164945125579834,0.757199227809906,0.001,3625.8842713832855
2199,15,43,279750,128,6.682949542999268,6.6731858253479,0.01509449165314436,0.8254250884056091,0.001,3627.2916350364685
2200,15,44,279878,128,8.672184944152832,8.662331581115723,0.01817689836025238,0.803580105304718,0.001,3628.7347428798676
2201,15,45,280006,128,8.672306060791016,8.662093162536621,0.0211649127304554,0.8096569776535034,0.001,3630.163206577301
2202,15,46,280134,128,6.284780979156494,6.274728775024414,0.018442971631884575,0.8207769393920898,0.001,3631.5936291217804
2203,15,47,280262,128,7.017968654632568,7.008357048034668,0.01515102107077837,0.8096686601638794,0.001,3633.0038969516754
2204,15,48,280390,128,6.949272155761719,6.939006805419922,0.018426651135087013,0.8422897458076477,0.001,3634.446888923645
2205,15,49,280518,128,7.412263870239258,7.401174068450928,0.015255384147167206,0.956436276435852,0.001,3635.859859228134
2206,15,50,280646,128,6.277207851409912,6.267817497253418,0.017245778813958168,0.766545295715332,0.001,3637.2791571617126
2207,15,51,280774,128,8.731915473937988,8.722328186035156,0.017287323251366615,0.7858483195304871,0.001,3638.6946058273315
2208,15,52,280902,128,6.83862829208374,6.829360008239746,0.015879279002547264,0.7680345773696899,0.001,3640.1176822185516
2209,15,53,281030,128,4.991745948791504,4.982013702392578,0.018065905198454857,0.7925490736961365,0.001,3641.54248714447
2210,15,54,281158,128,6.156123638153076,6.146638870239258,0.011717741377651691,0.8313306570053101,0.001,3642.918563604355
2211,15,55,281286,128,8.804471969604492,8.793713569641113,0.021267933771014214,0.8631807565689087,0.001,3644.302558898926
2212,15,56,281414,128,6.450292587280273,6.439394474029541,0.015402405522763729,0.9357870221138,0.001,3645.6401998996735
2213,15,57,281542,128,7.755373001098633,7.745328426361084,0.017532309517264366,0.8291130661964417,0.001,3647.0365364551544
2214,15,58,281670,128,5.461611270904541,5.450986862182617,0.013138032518327236,0.9310620427131653,0.001,3648.4223573207855
2215,15,59,281798,128,8.41801643371582,8.407319068908691,0.017881762236356735,0.8909566402435303,0.001,3649.8145735263824
2216,15,60,281926,128,7.370248317718506,7.359857082366943,0.019352072849869728,0.8456026911735535,0.001,3651.2136483192444
2217,15,61,282054,128,8.411569595336914,8.401382446289062,0.018730206415057182,0.8313666582107544,0.001,3652.650234222412
2218,15,62,282182,128,6.8607282638549805,6.8501811027526855,0.015363983809947968,0.9010970592498779,0.001,3654.0643203258514
2219,15,63,282310,128,5.5833563804626465,5.573585033416748,0.017153821885585785,0.805602490901947,0.001,3655.4727256298065
2220,15,64,282438,128,7.178041458129883,7.166794300079346,0.014230066910386086,0.9824138283729553,0.001,3656.842350959778
2221,15,65,282566,128,6.2668023109436035,6.256663799285889,0.018651947379112244,0.8273054361343384,0.001,3658.247706413269
2222,15,66,282694,128,8.479183197021484,8.46899127960205,0.016771743074059486,0.8514078855514526,0.001,3659.6421909332275
2223,15,67,282822,128,5.968140125274658,5.955899238586426,0.014862218871712685,1.075444221496582,0.001,3661.0542073249817
2224,15,68,282950,128,6.278658866882324,6.268362522125244,0.01679852604866028,0.8616395592689514,0.001,3662.4898257255554
2225,15,69,283078,128,6.115788459777832,6.104905605316162,0.01821134053170681,0.906204104423523,0.001,3663.919016599655
2226,15,70,283206,128,8.551361083984375,8.541458129882812,0.017561696469783783,0.8147192597389221,0.001,3665.3558778762817
2227,15,71,283334,128,6.562965393066406,6.553430557250977,0.016096988692879677,0.7924895286560059,0.001,3666.7824506759644
2228,15,72,283462,128,6.814208984375,6.804354667663574,0.01832601986825466,0.8022035956382751,0.001,3668.1748242378235
2229,15,73,283590,128,9.031250953674316,9.02005386352539,0.018569236621260643,0.9340572357177734,0.001,3669.6167187690735
2230,15,74,283718,128,7.379290580749512,7.368976593017578,0.01865025795996189,0.8449066281318665,0.001,3671.0461230278015
2231,15,75,283846,128,8.005982398986816,7.995328903198242,0.014457001350820065,0.9208176732063293,0.001,3672.4463863372803
2232,15,76,283974,128,7.986722946166992,7.977047920227051,0.0170902106910944,0.7966001629829407,0.001,3673.8510777950287
2233,15,77,284102,128,7.226132392883301,7.21697473526001,0.016834869980812073,0.7474151253700256,0.001,3675.17768406868
2234,15,78,284230,128,5.973220348358154,5.962400913238525,0.020016465336084366,0.8817672729492188,0.001,3676.5975952148438
2235,15,79,284358,128,7.8283305168151855,7.819489479064941,0.015541234984993935,0.7287037372589111,0.001,3677.977051973343
2236,15,80,284486,128,6.727305889129639,6.717634677886963,0.014175708405673504,0.8253594040870667,0.001,3679.392415046692
2237,15,81,284614,128,8.531193733215332,8.521001815795898,0.017387723550200462,0.8453744649887085,0.001,3680.8316316604614
2238,15,82,284742,128,6.644472122192383,6.6341729164123535,0.019600557163357735,0.833900511264801,0.001,3682.272448539734
2239,15,83,284870,128,6.690547943115234,6.68027925491333,0.017432240769267082,0.8525373339653015,0.001,3683.713175058365
2240,15,84,284998,128,9.0640869140625,9.053444862365723,0.01672307215631008,0.8969360589981079,0.001,3685.116701602936
2241,15,85,285126,128,6.815345287322998,6.804112911224365,0.014796874485909939,0.9752909541130066,0.001,3686.533970594406
2242,15,86,285254,128,6.878641128540039,6.868560314178467,0.016205372288823128,0.8459807634353638,0.001,3687.9697675704956
2243,15,87,285382,128,8.333913803100586,8.322653770446777,0.017213676124811172,0.9538460969924927,0.001,3689.397862672806
2244,15,88,285510,128,9.394327163696289,9.38448715209961,0.02133580856025219,0.7706586718559265,0.001,3690.810249567032
2245,15,89,285638,128,6.140631675720215,6.129939556121826,0.013164356350898743,0.9375395178794861,0.001,3692.228808403015
2246,15,90,285766,128,6.943106174468994,6.931980609893799,0.018446287140250206,0.9281240701675415,0.001,3693.641731739044
2247,15,91,285894,128,9.122310638427734,9.110852241516113,0.0268111415207386,0.8777522444725037,0.001,3695.0641300678253
2248,15,92,286022,128,7.525716781616211,7.5152997970581055,0.018433814868330956,0.8573328852653503,0.001,3696.5055038928986
2249,15,93,286150,128,7.147413730621338,7.136318683624268,0.016599372029304504,0.9435265064239502,0.001,3697.933338880539
2250,15,94,286278,128,8.489904403686523,8.478551864624023,0.018407724797725677,0.9511625170707703,0.001,3699.3350241184235
2251,15,95,286406,128,8.862444877624512,8.850560188293457,0.020370347425341606,0.9847325682640076,0.001,3700.723371744156
2252,15,96,286534,128,6.978500843048096,6.967004776000977,0.019280388951301575,0.9568101763725281,0.001,3702.145073413849
2253,15,97,286662,128,5.273614883422852,5.261364936828613,0.0179170873016119,1.0458523035049438,0.001,3703.5160319805145
2254,15,98,286790,128,5.3565993309021,5.3456902503967285,0.016562549397349358,0.9253129363059998,0.001,3704.925616979599
2255,15,99,286918,128,6.830137252807617,6.8192315101623535,0.015427705831825733,0.9362980127334595,0.001,3706.267419576645
2256,15,100,287046,128,7.404514312744141,7.393608570098877,0.014195546507835388,0.9486222863197327,0.001,3707.6623373031616
2257,15,101,287174,128,4.612143039703369,4.601884841918945,0.012622229754924774,0.8995779752731323,0.001,3708.983606815338
2258,15,102,287302,128,8.168180465698242,8.158345222473145,0.01879284717142582,0.7955446839332581,0.001,3710.3434896469116
2259,15,103,287430,128,6.736289978027344,6.725898265838623,0.017141098156571388,0.8677591681480408,0.001,3711.7202961444855
2260,15,104,287558,128,7.564640998840332,7.553823471069336,0.020088916644454002,0.8808755874633789,0.001,3713.0851435661316
2261,15,105,287686,128,8.751991271972656,8.741387367248535,0.015723254531621933,0.903129518032074,0.001,3714.475117921829
2262,15,106,287814,128,10.015657424926758,10.005496978759766,0.017984261736273766,0.8362104892730713,0.001,3715.8814594745636
2263,15,107,287942,128,6.743337631225586,6.7329020500183105,0.014801561832427979,0.8955612182617188,0.001,3717.2728538513184
2264,15,108,288070,128,7.115227699279785,7.10366153717041,0.016048822551965714,0.9961180090904236,0.001,3718.662140607834
2265,15,109,288198,128,9.186521530151367,9.176717758178711,0.016301153227686882,0.8173816800117493,0.001,3720.043221950531
2266,15,110,288326,128,7.6087775230407715,7.5980000495910645,0.018819047138094902,0.889556348323822,0.001,3721.475053548813
2267,15,111,288454,128,8.21705150604248,8.206125259399414,0.016527701169252396,0.927316427230835,0.001,3722.8815021514893
2268,15,112,288582,128,6.705757141113281,6.695014476776123,0.014642903581261635,0.9278272390365601,0.001,3724.2867538928986
2269,15,113,288710,128,5.254374980926514,5.244637489318848,0.014444327913224697,0.829325795173645,0.001,3725.682013273239
2270,15,114,288838,128,7.611398696899414,7.601364612579346,0.014972682110965252,0.8536614179611206,0.001,3727.083944797516
2271,15,115,288966,128,5.508180141448975,5.498417377471924,0.013800243847072124,0.8382722735404968,0.001,3728.4655346870422
2272,15,116,289094,128,8.497395515441895,8.487174987792969,0.01957300305366516,0.8263496160507202,0.001,3729.828601360321
2273,15,117,289222,128,7.1116204261779785,7.1027021408081055,0.017423219978809357,0.7175694704055786,0.001,3731.180448770523
2274,15,118,289350,128,11.100447654724121,11.090887069702148,0.018143361434340477,0.7747005820274353,0.001,3732.5580649375916
2275,15,119,289478,128,7.432791709899902,7.421900272369385,0.016995400190353394,0.9191781282424927,0.001,3733.9600534439087
2276,15,120,289606,128,8.59717082977295,8.588081359863281,0.018666155636310577,0.7222881317138672,0.001,3735.3054342269897
2277,15,121,289734,128,9.659982681274414,9.65031623840332,0.01846136711537838,0.7819656729698181,0.001,3736.6338663101196
2278,15,122,289862,128,7.426270484924316,7.415980339050293,0.01573505811393261,0.871677041053772,0.001,3738.0163338184357
2279,15,123,289990,128,7.718404769897461,7.707576751708984,0.016714463010430336,0.9156709313392639,0.001,3739.3473629951477
2280,15,124,290118,128,8.567057609558105,8.556178092956543,0.020036889240145683,0.8875976800918579,0.001,3740.685548067093
2281,15,125,290246,128,5.7249956130981445,5.7137627601623535,0.0129685178399086,0.9936012625694275,0.001,3742.078642129898
2282,15,126,290374,128,7.051281452178955,7.040924072265625,0.0203845351934433,0.831904411315918,0.001,3743.4753732681274
2283,15,127,290502,128,7.594130039215088,7.583442211151123,0.016300082206726074,0.9058124423027039,0.001,3744.8586654663086
2284,15,128,290630,128,9.514397621154785,9.502572059631348,0.020558346062898636,0.9769554138183594,0.001,3746.2756865024567
2285,15,129,290758,128,8.284067153930664,8.271951675415039,0.02631964161992073,0.9483394622802734,0.001,3747.6994168758392
2286,15,130,290886,128,6.144386291503906,6.133183479309082,0.016644950956106186,0.9538030028343201,0.001,3749.0984587669373
2287,15,131,291014,128,4.786158561706543,4.7756853103637695,0.013636762276291847,0.9109373092651367,0.001,3750.4972417354584
2288,15,132,291142,128,7.684041976928711,7.673161029815674,0.01397502887994051,0.9483323693275452,0.001,3751.8582830429077
2289,15,133,291270,128,7.558806896209717,7.547711372375488,0.020081937313079834,0.9087562561035156,0.001,3753.243379354477
2290,15,134,291398,128,6.817298889160156,6.807277202606201,0.01395243126899004,0.8626644611358643,0.001,3754.613028049469
2291,15,135,291526,128,7.044810771942139,7.033387660980225,0.01623390056192875,0.980018138885498,0.001,3755.9823994636536
2292,15,136,291654,128,8.488004684448242,8.476028442382812,0.020221048966050148,0.9954058527946472,0.001,3757.383418083191
2293,15,137,291782,128,5.6478400230407715,5.63810396194458,0.013528908602893353,0.8383285999298096,0.001,3758.7758395671844
2294,15,138,291910,128,5.695342063903809,5.6844329833984375,0.013722178526222706,0.953659176826477,0.001,3760.1618490219116
2295,15,139,292038,128,6.779676914215088,6.76723051071167,0.01525799185037613,1.0920556783676147,0.001,3761.5356402397156
2296,15,140,292166,128,7.533132553100586,7.521167755126953,0.021879106760025024,0.9776837229728699,0.001,3762.953772544861
2297,15,141,292294,128,6.585587501525879,6.574695110321045,0.016914913430809975,0.9200956225395203,0.001,3764.3452031612396
2298,15,142,292422,128,6.247794151306152,6.235318660736084,0.015030535869300365,1.0972312688827515,0.001,3765.723708629608
2299,15,143,292550,128,7.7578325271606445,7.746236801147461,0.01724776066839695,0.9871166348457336,0.001,3767.1019053459167
2300,15,144,292678,128,8.1647367477417,8.153850555419922,0.015618260018527508,0.932424783706665,0.001,3768.4597470760345
2301,15,145,292806,128,7.6672587394714355,7.654881954193115,0.019444549456238747,1.0432088375091553,0.001,3769.850762605667
2302,15,146,292934,128,9.227746963500977,9.218314170837402,0.017595108598470688,0.7673569917678833,0.001,3771.2127814292908
2303,15,147,293062,128,6.277624607086182,6.2665815353393555,0.016694484278559685,0.9373809695243835,0.001,3772.5731630325317
2304,15,148,293190,128,9.69266128540039,9.680652618408203,0.021839985623955727,0.9825032353401184,0.001,3773.9115896224976
2305,15,149,293318,128,7.163923263549805,7.153142929077148,0.01697196625173092,0.9083437919616699,0.001,3775.2628219127655
2306,15,150,293446,128,10.302421569824219,10.29055404663086,0.02635372243821621,0.9232282042503357,0.001,3776.5982139110565
2307,15,151,293574,128,8.20676040649414,8.194851875305176,0.01805110275745392,1.0103451013565063,0.001,3777.9410836696625
2308,15,152,293702,128,7.091825485229492,7.080465793609619,0.016386909410357475,0.9720830321311951,0.001,3779.302759408951
2309,15,153,293830,128,5.636472702026367,5.626446723937988,0.01656104438006878,0.8369804620742798,0.001,3780.670576572418
2310,15,154,293835,5,2.4424993991851807,2.429541826248169,0.008657303638756275,1.2091894149780273,0.001,3780.960635662079
2311,16,1,293963,128,6.619873046875,6.609451770782471,0.015973655506968498,0.8823949098587036,0.001,3828.2540769577026
2312,16,2,294091,128,6.1363844871521,6.126059055328369,0.014958269894123077,0.8829591870307922,0.001,3829.669619321823
2313,16,3,294219,128,8.020345687866211,8.009331703186035,0.01619216613471508,0.9394875764846802,0.001,3831.0903935432434
2314,16,4,294347,128,8.535758018493652,8.524604797363281,0.01658634841442108,0.9494810700416565,0.001,3832.4903643131256
2315,16,5,294475,128,8.681246757507324,8.670796394348145,0.018538856878876686,0.8596716523170471,0.001,3833.9074292182922
2316,16,6,294603,128,8.379953384399414,8.369270324707031,0.02385762147605419,0.8296835422515869,0.001,3835.285966873169
2317,16,7,294731,128,6.21011209487915,6.200227737426758,0.017642391845583916,0.811985969543457,0.001,3836.6591951847076
2318,16,8,294859,128,6.106651782989502,6.096360683441162,0.01617874950170517,0.8673384785652161,0.001,3838.022542953491
2319,16,9,294987,128,10.809150695800781,10.798310279846191,0.01959332637488842,0.8880249261856079,0.001,3839.423406124115
2320,16,10,295115,128,6.350422382354736,6.339993476867676,0.018974265083670616,0.8531373143196106,0.001,3840.8142030239105
2321,16,11,295243,128,7.943119525909424,7.932603359222412,0.014794373884797096,0.9036498665809631,0.001,3842.1671199798584
2322,16,12,295371,128,7.830711841583252,7.820090293884277,0.01771988905966282,0.8849821090698242,0.001,3843.571497440338
2323,16,13,295499,128,6.776273727416992,6.7666521072387695,0.015666931867599487,0.8054941296577454,0.001,3844.9332978725433
2324,16,14,295627,128,7.5033440589904785,7.4940009117126465,0.018420211970806122,0.750090479850769,0.001,3846.310449361801
2325,16,15,295755,128,6.522469997406006,6.512577056884766,0.017082178965210915,0.8185064196586609,0.001,3847.6699798107147
2326,16,16,295883,128,7.540755271911621,7.530635833740234,0.020667215809226036,0.8052657842636108,0.001,3849.0789666175842
2327,16,17,296011,128,9.03128719329834,9.020825386047363,0.019636178389191628,0.8498349189758301,0.001,3850.4920043945312
2328,16,18,296139,128,6.993658065795898,6.983206748962402,0.01633986458182335,0.8817030787467957,0.001,3851.8926770687103
2329,16,19,296267,128,7.852814197540283,7.842994213104248,0.016596581786870956,0.816032886505127,0.001,3853.2808878421783
2330,16,20,296395,128,6.132850646972656,6.121817111968994,0.014299784786999226,0.9603560566902161,0.001,3854.6590015888214
2331,16,21,296523,128,10.688664436340332,10.678167343139648,0.021711479872465134,0.8325904607772827,0.001,3856.0170533657074
2332,16,22,296651,128,8.258211135864258,8.246193885803223,0.01793777011334896,1.022301435470581,0.001,3857.34760928154
2333,16,23,296779,128,9.350484848022461,9.340055465698242,0.01891576498746872,0.8538559675216675,0.001,3858.6901321411133
2334,16,24,296907,128,7.084259033203125,7.074171543121338,0.013774720020592213,0.8710066676139832,0.001,3860.081425666809
2335,16,25,297035,128,7.155913352966309,7.1450910568237305,0.019439145922660828,0.8878437280654907,0.001,3861.4471061229706
2336,16,26,297163,128,9.143580436706543,9.13301944732666,0.014727862551808357,0.908820390701294,0.001,3862.8333027362823
2337,16,27,297291,128,5.333255767822266,5.321868896484375,0.02029348909854889,0.9357469081878662,0.001,3864.229009628296
2338,16,28,297419,128,7.853091239929199,7.842065334320068,0.01692635752260685,0.933312714099884,0.001,3865.5945580005646
2339,16,29,297547,128,8.05432415008545,8.043671607971191,0.01661905087530613,0.8990603685379028,0.001,3866.9917097091675
2340,16,30,297675,128,6.528697967529297,6.517942428588867,0.014747397974133492,0.9280502200126648,0.001,3868.3913004398346
2341,16,31,297803,128,6.889742851257324,6.878812789916992,0.01689956896007061,0.9240368604660034,0.001,3869.765865802765
2342,16,32,297931,128,6.537312984466553,6.527039051055908,0.014903398230671883,0.878359317779541,0.001,3871.147011756897
2343,16,33,298059,128,7.79563045501709,7.7843241691589355,0.02208884246647358,0.9097793102264404,0.001,3872.555457830429
2344,16,34,298187,128,9.124321937561035,9.111872673034668,0.023995930328965187,1.0050276517868042,0.001,3873.977660179138
2345,16,35,298315,128,7.748480796813965,7.736300945281982,0.016009483486413956,1.0579183101654053,0.001,3875.3717715740204
2346,16,36,298443,128,8.136202812194824,8.123687744140625,0.022068368270993233,1.0308611392974854,0.001,3876.7918722629547
2347,16,37,298571,128,9.230154991149902,9.218828201293945,0.015418886207044125,0.9784859418869019,0.001,3878.1691977977753
2348,16,38,298699,128,7.91751766204834,7.905387878417969,0.017410730943083763,1.0388745069503784,0.001,3879.574487924576
2349,16,39,298827,128,8.187100410461426,8.174753189086914,0.016732370480895042,1.0673271417617798,0.001,3881.002369403839
2350,16,40,298955,128,12.15355110168457,12.139866828918457,0.01794722117483616,1.188981056213379,0.001,3882.4404480457306
2351,16,41,299083,128,8.229186058044434,8.216160774230957,0.023139839991927147,1.0711466073989868,0.001,3883.857293844223
2352,16,42,299211,128,7.500260829925537,7.48665714263916,0.015312793664634228,1.2072731256484985,0.001,3885.291967868805
2353,16,43,299339,128,6.846315860748291,6.835474967956543,0.015478349290788174,0.9293213486671448,0.001,3886.6818442344666
2354,16,44,299467,128,7.433902263641357,7.421824932098389,0.021333597600460052,0.9943726658821106,0.001,3888.076627969742
2355,16,45,299595,128,8.831344604492188,8.820802688598633,0.015957580879330635,0.894636869430542,0.001,3889.4736716747284
2356,16,46,299723,128,9.415806770324707,9.40461540222168,0.020969077944755554,0.9094215035438538,0.001,3890.8608615398407
2357,16,47,299851,128,7.836580753326416,7.826004981994629,0.015113363042473793,0.9064348340034485,0.001,3892.253361940384
2358,16,48,299979,128,5.159278392791748,5.1474456787109375,0.015596643090248108,1.0273078680038452,0.001,3893.6476922035217
2359,16,49,300107,128,5.511612892150879,5.500492095947266,0.014513342641294003,0.9669486880302429,0.001,3895.0722126960754
2360,16,50,300235,128,8.244603157043457,8.234880447387695,0.01457351353019476,0.826562225818634,0.001,3896.487462043762
2361,16,51,300363,128,6.46914529800415,6.4580888748168945,0.01588655263185501,0.9467766284942627,0.001,3897.877748966217
2362,16,52,300491,128,6.767377853393555,6.756967067718506,0.014954677782952785,0.8915460705757141,0.001,3899.2262201309204
2363,16,53,300619,128,7.772696495056152,7.762176990509033,0.015278644859790802,0.8991681337356567,0.001,3900.6322083473206
2364,16,54,300747,128,8.462968826293945,8.452341079711914,0.017235195264220238,0.8904679417610168,0.001,3902.018995285034
2365,16,55,300875,128,7.347099304199219,7.337741851806641,0.014508453197777271,0.7906438708305359,0.001,3903.4303097724915
2366,16,56,301003,128,8.117989540100098,8.10782241821289,0.019995657727122307,0.8167093396186829,0.001,3904.816521167755
2367,16,57,301131,128,7.919226169586182,7.90884256362915,0.020542845129966736,0.8329415917396545,0.001,3906.221363544464
2368,16,58,301259,128,10.895726203918457,10.885381698608398,0.019592860713601112,0.8385869264602661,0.001,3907.5928061008453
2369,16,59,301387,128,6.7368388175964355,6.72671365737915,0.015146340243518353,0.8610804677009583,0.001,3909.003170490265
2370,16,60,301515,128,6.537337303161621,6.526548385620117,0.015139013528823853,0.9274769425392151,0.001,3910.41903090477
2371,16,61,301643,128,7.268087863922119,7.258542537689209,0.017931697890162468,0.7751823663711548,0.001,3911.8028552532196
2372,16,62,301771,128,5.23747444152832,5.226562023162842,0.01400883961468935,0.9511549472808838,0.001,3913.195830821991
2373,16,63,301899,128,6.741096019744873,6.730738162994385,0.015956232324242592,0.8762319087982178,0.001,3914.607399702072
2374,16,64,302027,128,5.779353141784668,5.768561840057373,0.014800812117755413,0.9311057329177856,0.001,3916.023382663727
2375,16,65,302155,128,6.633513450622559,6.622541427612305,0.018733877688646317,0.9098348617553711,0.001,3917.41432261467
2376,16,66,302283,128,6.010963439941406,6.001155376434326,0.014829969964921474,0.8325088620185852,0.001,3918.7974231243134
2377,16,67,302411,128,6.608033180236816,6.596823215484619,0.021135326474905014,0.9096807837486267,0.001,3920.2161736488342
2378,16,68,302539,128,5.8799357414245605,5.869162559509277,0.016677191480994225,0.9105701446533203,0.001,3921.644195795059
2379,16,69,302667,128,8.104907035827637,8.09314250946045,0.017015552148222923,1.006330966949463,0.001,3923.002573490143
2380,16,70,302795,128,8.447270393371582,8.43607234954834,0.01981413923203945,0.9215990900993347,0.001,3924.3964235782623
2381,16,71,302923,128,7.888658046722412,7.878377914428711,0.015340655110776424,0.874627411365509,0.001,3925.767650604248
2382,16,72,303051,128,6.459458827972412,6.448774814605713,0.01591530069708824,0.9092445969581604,0.001,3927.1615703105927
2383,16,73,303179,128,9.423731803894043,9.413715362548828,0.019548315554857254,0.8060944080352783,0.001,3928.5538210868835
2384,16,74,303307,128,7.927108287811279,7.916017532348633,0.018235161900520325,0.9267417788505554,0.001,3929.9590232372284
2385,16,75,303435,128,8.50760555267334,8.497099876403809,0.02092263475060463,0.841307520866394,0.001,3931.3239521980286
2386,16,76,303563,128,7.790939807891846,7.7807817459106445,0.024464527145028114,0.7711234092712402,0.001,3932.710107564926
2387,16,77,303691,128,7.0289201736450195,7.017152786254883,0.017249001190066338,1.0042874813079834,0.001,3934.069019317627
2388,16,78,303819,128,7.124876499176025,7.114366054534912,0.019883563742041588,0.8521890044212341,0.001,3935.4844896793365
2389,16,79,303947,128,6.226053714752197,6.2138166427612305,0.017395909875631332,1.0497429370880127,0.001,3936.884800195694
2390,16,80,304075,128,7.724364757537842,7.712784290313721,0.017953654751181602,0.9785178899765015,0.001,3938.2793819904327
2391,16,81,304203,128,7.9628424644470215,7.951786041259766,0.014703343622386456,0.958594024181366,0.001,3939.698720932007
2392,16,82,304331,128,7.768781661987305,7.758750915527344,0.016159720718860626,0.8414749503135681,0.001,3941.0448043346405
2393,16,83,304459,128,6.919212818145752,6.907570838928223,0.018115002661943436,0.9830510020256042,0.001,3942.4386870861053
2394,16,84,304587,128,6.206326007843018,6.195733547210693,0.01813623122870922,0.8779116272926331,0.001,3943.8512048721313
2395,16,85,304715,128,7.194407939910889,7.183141231536865,0.016540756449103355,0.9612409472465515,0.001,3945.242187023163
2396,16,86,304843,128,5.71864128112793,5.706934928894043,0.015619881451129913,1.0144222974777222,0.001,3946.676290035248
2397,16,87,304971,128,5.558638095855713,5.5488739013671875,0.012760213576257229,0.8488297462463379,0.001,3948.1215119361877
2398,16,88,305099,128,8.804848670959473,8.79311466217041,0.016485139727592468,1.00848388671875,0.001,3949.5399067401886
2399,16,89,305227,128,6.454512596130371,6.444277763366699,0.01592482440173626,0.864235520362854,0.001,3950.9375998973846
2400,16,90,305355,128,6.03478479385376,6.023841857910156,0.016063176095485687,0.9336404800415039,0.001,3952.3215363025665
2401,16,91,305483,128,5.678130149841309,5.667271137237549,0.012874490581452847,0.9571352005004883,0.001,3953.7263967990875
2402,16,92,305611,128,5.866507530212402,5.85502815246582,0.014676867984235287,1.001146674156189,0.001,3955.105621576309
2403,16,93,305739,128,6.085146903991699,6.073864936828613,0.015555542893707752,0.9726563096046448,0.001,3956.493860244751
2404,16,94,305867,128,7.233345031738281,7.221407413482666,0.015045218169689178,1.043304443359375,0.001,3957.8651609420776
2405,16,95,305995,128,6.633666038513184,6.621612548828125,0.012595206499099731,1.0794240236282349,0.001,3959.294981956482
2406,16,96,306123,128,5.996446132659912,5.983340263366699,0.019769903272390366,1.1128963232040405,0.001,3960.680788755417
2407,16,97,306251,128,7.2980499267578125,7.286673069000244,0.019548071548342705,0.9421589970588684,0.001,3962.0675954818726
2408,16,98,306379,128,6.786437034606934,6.774811267852783,0.021969133988022804,0.9428896903991699,0.001,3963.4431784152985
2409,16,99,306507,128,6.03081750869751,6.01967191696167,0.014096036553382874,0.9736257791519165,0.001,3964.805785179138
2410,16,100,306635,128,9.000943183898926,8.98992919921875,0.014440690167248249,0.9570044875144958,0.001,3966.2059042453766
2411,16,101,306763,128,6.25351095199585,6.244474411010742,0.014042578637599945,0.7632313966751099,0.001,3967.5712447166443
2412,16,102,306891,128,4.616733551025391,4.606380462646484,0.013869265094399452,0.8965898156166077,0.001,3968.932758808136
2413,16,103,307019,128,7.901909828186035,7.8916449546813965,0.01627502404153347,0.8637511730194092,0.001,3970.3618466854095
2414,16,104,307147,128,6.352977752685547,6.342007637023926,0.0166824571788311,0.9301426410675049,0.001,3971.759560585022
2415,16,105,307275,128,6.757251739501953,6.7475738525390625,0.014723685570061207,0.8205244541168213,0.001,3973.1473319530487
2416,16,106,307403,128,8.22634506225586,8.216598510742188,0.01746048405766487,0.8000192642211914,0.001,3974.540539264679
2417,16,107,307531,128,8.435711860656738,8.425668716430664,0.01847977750003338,0.8194565176963806,0.001,3975.9007353782654
2418,16,108,307659,128,5.519377708435059,5.509164333343506,0.017616812139749527,0.8451439738273621,0.001,3977.241513490677
2419,16,109,307787,128,6.399151802062988,6.3896918296813965,0.016726939007639885,0.7787216305732727,0.001,3978.6376583576202
2420,16,110,307915,128,6.8260040283203125,6.815365314483643,0.018155833706259727,0.8822914361953735,0.001,3979.982974052429
2421,16,111,308043,128,7.9269256591796875,7.9174981117248535,0.01711091212928295,0.7716720700263977,0.001,3981.359742641449
2422,16,112,308171,128,6.191254138946533,6.180649757385254,0.018985707312822342,0.8705629706382751,0.001,3982.7685449123383
2423,16,113,308299,128,7.440969944000244,7.4318671226501465,0.01610988937318325,0.7492002248764038,0.001,3984.1321036815643
2424,16,114,308427,128,6.845378398895264,6.834555149078369,0.017592698335647583,0.9064198136329651,0.001,3985.5325832366943
2425,16,115,308555,128,6.466885566711426,6.456912040710449,0.014335609041154385,0.8539948463439941,0.001,3986.9435262680054
2426,16,116,308683,128,6.764288902282715,6.75370979309082,0.01842355541884899,0.8736598491668701,0.001,3988.308655023575
2427,16,117,308811,128,7.7957282066345215,7.785030364990234,0.01910902000963688,0.8787308931350708,0.001,3989.7225782871246
2428,16,118,308939,128,9.30678653717041,9.29747200012207,0.0176436398178339,0.7550649046897888,0.001,3991.078331232071
2429,16,119,309067,128,6.163681507110596,6.1519293785095215,0.017621435225009918,0.9990416765213013,0.001,3992.4665389060974
2430,16,120,309195,128,10.164819717407227,10.152748107910156,0.01833098940551281,1.023827314376831,0.001,3993.8635828495026
2431,16,121,309323,128,7.329642295837402,7.318688869476318,0.017934367060661316,0.9160109162330627,0.001,3995.258220434189
2432,16,122,309451,128,6.2099432945251465,6.197571754455566,0.02058042585849762,1.031331181526184,0.001,3996.665491580963
2433,16,123,309579,128,7.915832996368408,7.904465198516846,0.015948470681905746,0.9772581458091736,0.001,3998.076507806778
2434,16,124,309707,128,7.164639949798584,7.153034687042236,0.01460940670222044,1.0144431591033936,0.001,3999.495189189911
2435,16,125,309835,128,6.7935791015625,6.7820210456848145,0.013719138689339161,1.018601417541504,0.001,4000.913640975952
2436,16,126,309963,128,7.028243541717529,7.016864776611328,0.018723979592323303,0.9506252408027649,0.001,4002.328535079956
2437,16,127,310091,128,9.820005416870117,9.808913230895996,0.01914273574948311,0.9178077578544617,0.001,4003.749022960663
2438,16,128,310219,128,7.560551166534424,7.548980236053467,0.019108587875962257,0.9660242795944214,0.001,4005.1461713314056
2439,16,129,310347,128,9.985939025878906,9.97441577911377,0.017379870638251305,0.978557288646698,0.001,4006.5440816879272
2440,16,130,310475,128,7.582435131072998,7.570931434631348,0.014839974232017994,1.001987338066101,0.001,4007.9431273937225
2441,16,131,310603,128,8.276504516601562,8.265625953674316,0.023218711838126183,0.8555917143821716,0.001,4009.3488669395447
2442,16,132,310731,128,5.425743579864502,5.412191390991211,0.014901909045875072,1.2062146663665771,0.001,4010.7655341625214
2443,16,133,310859,128,9.282459259033203,9.271093368530273,0.022026320919394493,0.9162712693214417,0.001,4012.1501355171204
2444,16,134,310987,128,6.151391983032227,6.140039443969727,0.018921930342912674,0.9460477232933044,0.001,4013.540322780609
2445,16,135,311115,128,7.385931015014648,7.375216484069824,0.01830628514289856,0.8883910179138184,0.001,4014.976205587387
2446,16,136,311243,128,6.282810688018799,6.2721710205078125,0.015637267380952835,0.9075969457626343,0.001,4016.3850660324097
2447,16,137,311371,128,7.300681114196777,7.2900872230529785,0.018052449449896812,0.8788580298423767,0.001,4017.7675569057465
2448,16,138,311499,128,7.557373523712158,7.547181606292725,0.017332835122942924,0.8458468914031982,0.001,4019.093196630478
2449,16,139,311627,128,7.794429302215576,7.784125804901123,0.01661730743944645,0.8641863465309143,0.001,4020.488060235977
2450,16,140,311755,128,5.428404808044434,5.4176435470581055,0.013745042495429516,0.9386610984802246,0.001,4021.90656375885
2451,16,141,311883,128,7.308091640472412,7.299072265625,0.015474751591682434,0.7472225427627563,0.001,4023.2978303432465
2452,16,142,312011,128,5.852344989776611,5.843125820159912,0.013814118690788746,0.783793032169342,0.001,4024.6794576644897
2453,16,143,312139,128,6.047327041625977,6.036810398101807,0.01506360899657011,0.9010434746742249,0.001,4026.0569138526917
2454,16,144,312267,128,6.589778423309326,6.580146789550781,0.015098134987056255,0.8121922612190247,0.001,4027.5080194473267
2455,16,145,312395,128,5.752241611480713,5.740683555603027,0.014733134768903255,1.0084443092346191,0.001,4028.909919023514
2456,16,146,312523,128,7.0096049308776855,7.000174045562744,0.014879069291055202,0.7943000793457031,0.001,4030.283320426941
2457,16,147,312651,128,6.513278007507324,6.502447128295898,0.017483267933130264,0.9082165956497192,0.001,4031.639534473419
2458,16,148,312779,128,7.27617073059082,7.2654008865356445,0.015134668909013271,0.9256191253662109,0.001,4032.99471783638
2459,16,149,312907,128,6.24335241317749,6.233779430389404,0.015552076511085033,0.8017348051071167,0.001,4034.413920879364
2460,16,150,313035,128,7.214322090148926,7.204084396362305,0.015637127682566643,0.8673961162567139,0.001,4035.817668199539
2461,16,151,313163,128,6.046586036682129,6.036677837371826,0.014831135049462318,0.8425049781799316,0.001,4037.245719432831
2462,16,152,313291,128,5.6632890701293945,5.653493881225586,0.01874059997498989,0.7921122908592224,0.001,4038.66091132164
2463,16,153,313419,128,6.357440948486328,6.347610950469971,0.01675555668771267,0.8154329657554626,0.001,4040.044101715088
2464,16,154,313424,5,2.449312925338745,2.4381771087646484,0.007761617656797171,1.0359771251678467,0.001,4040.230043888092
2465,17,1,313552,128,8.607450485229492,8.596899032592773,0.018549922853708267,0.8696802854537964,0.001,4086.057844877243
2466,17,2,313680,128,7.830593109130859,7.820875644683838,0.018009498715400696,0.7916445732116699,0.001,4087.417701482773
2467,17,3,313808,128,7.139003753662109,7.129815101623535,0.017475400120019913,0.7440901398658752,0.001,4088.795634508133
2468,17,4,313936,128,4.869716644287109,4.8595805168151855,0.01506970077753067,0.8629542589187622,0.001,4090.154790878296
2469,17,5,314064,128,5.808116436004639,5.797762393951416,0.013150769285857677,0.903877317905426,0.001,4091.5392332077026
2470,17,6,314192,128,5.5531229972839355,5.5435051918029785,0.01703510247170925,0.791387677192688,0.001,4092.9097406864166
2471,17,7,314320,128,6.786653995513916,6.77713680267334,0.015043208375573158,0.8012988567352295,0.001,4094.272809743881
2472,17,8,314448,128,7.888244152069092,7.878293991088867,0.015696998685598373,0.8380351066589355,0.001,4095.611033678055
2473,17,9,314576,128,6.014869213104248,6.003989219665527,0.02480003610253334,0.8400164842605591,0.001,4096.9806344509125
2474,17,10,314704,128,9.42182445526123,9.41060733795166,0.015766708180308342,0.9641097187995911,0.001,4098.335191726685
2475,17,11,314832,128,7.665555477142334,7.6554694175720215,0.015709448605775833,0.8514901995658875,0.001,4099.6822192668915
2476,17,12,314960,128,9.029508590698242,9.018813133239746,0.017145425081253052,0.8980823159217834,0.001,4101.078385591507
2477,17,13,315088,128,6.2066874504089355,6.1967453956604,0.018831761553883553,0.8059035539627075,0.001,4102.468843698502
2478,17,14,315216,128,6.554948806762695,6.543081760406494,0.012361548840999603,1.0630871057510376,0.001,4103.81499004364
2479,17,15,315344,128,6.0509538650512695,6.0396728515625,0.013456490822136402,0.9935349225997925,0.001,4105.200031995773
2480,17,16,315472,128,6.224016189575195,6.211447715759277,0.01729668118059635,1.0838954448699951,0.001,4106.577257394791
2481,17,17,315600,128,5.161029815673828,5.14924430847168,0.013269985094666481,1.045835018157959,0.001,4107.95859003067
2482,17,18,315728,128,6.235837459564209,6.225152969360352,0.015473377890884876,0.9137096405029297,0.001,4109.331205844879
2483,17,19,315856,128,6.8704833984375,6.8578386306762695,0.019658943638205528,1.0678930282592773,0.001,4110.748365402222
2484,17,20,315984,128,7.522416591644287,7.509794235229492,0.016378283500671387,1.0984593629837036,0.001,4112.156076192856
2485,17,21,316112,128,8.059175491333008,8.046659469604492,0.018853798508644104,1.0630412101745605,0.001,4113.534383296967
2486,17,22,316240,128,10.052860260009766,10.040877342224121,0.02521091140806675,0.9461612701416016,0.001,4114.936136960983
2487,17,23,316368,128,7.2119903564453125,7.199845790863037,0.014405748806893826,1.0704022645950317,0.001,4116.338706970215
2488,17,24,316496,128,7.633624076843262,7.621943950653076,0.018398264423012733,0.9840534329414368,0.001,4117.699488162994
2489,17,25,316624,128,9.267279624938965,9.255023956298828,0.024497536942362785,0.9806137681007385,0.001,4119.069669008255
2490,17,26,316752,128,8.568840026855469,8.557686805725098,0.018585538491606712,0.9294140338897705,0.001,4120.436768293381
2491,17,27,316880,128,6.459044456481934,6.448260307312012,0.014465796761214733,0.933728814125061,0.001,4121.819662570953
2492,17,28,317008,128,6.602964878082275,6.591189384460449,0.0135049344971776,1.0425063371658325,0.001,4123.199448823929
2493,17,29,317136,128,6.972637176513672,6.961672306060791,0.015575638972222805,0.9407539367675781,0.001,4124.593909740448
2494,17,30,317264,128,6.928310394287109,6.917095184326172,0.015711328014731407,0.9644167423248291,0.001,4125.959194660187
2495,17,31,317392,128,7.312394142150879,7.300171375274658,0.017579277977347374,1.0464575290679932,0.001,4127.3483374118805
2496,17,32,317520,128,7.058392524719238,7.046753883361816,0.015554875135421753,1.0083428621292114,0.001,4128.743886947632
2497,17,33,317648,128,7.1608567237854,7.150673866271973,0.01859421841800213,0.8323724269866943,0.001,4130.160547733307
2498,17,34,317776,128,10.624034881591797,10.612675666809082,0.023759564384818077,0.898331880569458,0.001,4131.560676336288
2499,17,35,317904,128,9.031736373901367,9.019659996032715,0.02350824885070324,0.9725484251976013,0.001,4132.956685781479
2500,17,36,318032,128,7.650033473968506,7.639270782470703,0.018500348553061485,0.8912399411201477,0.001,4134.374139547348
2501,17,37,318160,128,7.143467903137207,7.1307759284973145,0.014579638838768005,1.1233735084533691,0.001,4135.7860651016235
2502,17,38,318288,128,10.508444786071777,10.497772216796875,0.01833249442279339,0.8839513063430786,0.001,4137.203084945679
2503,17,39,318416,128,7.22157096862793,7.208137035369873,0.022947773337364197,1.113963007926941,0.001,4138.590528249741
2504,17,40,318544,128,11.485607147216797,11.473372459411621,0.02126685157418251,1.0107866525650024,0.001,4139.977426528931
2505,17,41,318672,128,7.870705604553223,7.858879089355469,0.01606890745460987,1.021942377090454,0.001,4141.372931480408
2506,17,42,318800,128,8.465620040893555,8.454050064086914,0.02327539399266243,0.9242386817932129,0.001,4142.78972530365
2507,17,43,318928,128,7.621241569519043,7.608497619628906,0.01860310696065426,1.0883889198303223,0.001,4144.198297262192
2508,17,44,319056,128,6.745605945587158,6.735393524169922,0.01534759160131216,0.8677619695663452,0.001,4145.604089260101
2509,17,45,319184,128,5.980812072753906,5.969561576843262,0.015913765877485275,0.9659384489059448,0.001,4146.993419885635
2510,17,46,319312,128,8.48792552947998,8.477621078491211,0.016442952677607536,0.8660413026809692,0.001,4148.443608522415
2511,17,47,319440,128,10.709486961364746,10.698348999023438,0.021404320374131203,0.8998254537582397,0.001,4149.808515548706
2512,17,48,319568,128,10.41958999633789,10.408154487609863,0.02085711434483528,0.9350213408470154,0.001,4151.176826477051
2513,17,49,319696,128,8.2515230178833,8.24025821685791,0.01906031370162964,0.9358251690864563,0.001,4152.544666051865
2514,17,50,319824,128,5.322813987731934,5.312060832977295,0.011669530533254147,0.9586191177368164,0.001,4153.925942897797
2515,17,51,319952,128,7.7574543952941895,7.746203422546387,0.018432006239891052,0.9408187866210938,0.001,4155.331265211105
2516,17,52,320080,128,4.430439472198486,4.418910503387451,0.013548771850764751,1.0174274444580078,0.001,4156.742200613022
2517,17,53,320208,128,7.746237754821777,7.735198020935059,0.01661345176398754,0.9378619194030762,0.001,4158.145379543304
2518,17,54,320336,128,6.036731243133545,6.025345802307129,0.011464123614132404,1.0238994359970093,0.001,4159.56405711174
2519,17,55,320464,128,7.134017467498779,7.1233015060424805,0.017219683155417442,0.8994114398956299,0.001,4160.930833816528
2520,17,56,320592,128,8.066017150878906,8.054965019226074,0.018953487277030945,0.9156930446624756,0.001,4162.329827070236
2521,17,57,320720,128,5.651399612426758,5.6397600173950195,0.015195037238299847,1.0119811296463013,0.001,4163.71017742157
2522,17,58,320848,128,8.776176452636719,8.76447868347168,0.02028067409992218,0.9669736623764038,0.001,4165.119000673294
2523,17,59,320976,128,7.685388565063477,7.674138069152832,0.01844223216176033,0.94062340259552,0.001,4166.537750005722
2524,17,60,321104,128,8.519400596618652,8.508617401123047,0.020963773131370544,0.868696928024292,0.001,4167.943964719772
2525,17,61,321232,128,7.133884429931641,7.123498916625977,0.01682242564857006,0.8703107237815857,0.001,4169.361795663834
2526,17,62,321360,128,6.460867404937744,6.450463771820068,0.015820100903511047,0.8821463584899902,0.001,4170.77615904808
2527,17,63,321488,128,5.896119594573975,5.884416580200195,0.016331871971488,1.0070008039474487,0.001,4172.167336463928
2528,17,64,321616,128,5.92949104309082,5.919325351715088,0.012576291337609291,0.8908288478851318,0.001,4173.588435173035
2529,17,65,321744,128,6.527980804443359,6.517297267913818,0.018005862832069397,0.8882821202278137,0.001,4174.999796152115
2530,17,66,321872,128,6.45867395401001,6.447769641876221,0.015273583121597767,0.9377201199531555,0.001,4176.406108617783
2531,17,67,322000,128,5.936046123504639,5.925429344177246,0.016548583284020424,0.8962172865867615,0.001,4177.78906750679
2532,17,68,322128,128,5.773805141448975,5.763757705688477,0.014788689091801643,0.8568687438964844,0.001,4179.19433259964
2533,17,69,322256,128,6.8852338790893555,6.875521659851074,0.015563204884529114,0.8155942559242249,0.001,4180.6187653541565
2534,17,70,322384,128,5.659066677093506,5.648988246917725,0.013815993443131447,0.8697126507759094,0.001,4182.0298528671265
2535,17,71,322512,128,9.460201263427734,9.449883460998535,0.018468331545591354,0.8470613360404968,0.001,4183.448388576508
2536,17,72,322640,128,5.007245063781738,4.996706962585449,0.014905303716659546,0.9047731161117554,0.001,4184.846398115158
2537,17,73,322768,128,6.602046966552734,6.591490268707275,0.014880821108818054,0.9068358540534973,0.001,4186.243909835815
2538,17,74,322896,128,6.158076763153076,6.147068023681641,0.015830857679247856,0.9425631165504456,0.001,4187.622493982315
2539,17,75,323024,128,5.858102321624756,5.846608638763428,0.016758663579821587,0.9817748069763184,0.001,4189.048100709915
2540,17,76,323152,128,6.089670181274414,6.08016300201416,0.014651461504399776,0.804180383682251,0.001,4190.472781419754
2541,17,77,323280,128,5.55095911026001,5.5418572425842285,0.014831030741333961,0.761870801448822,0.001,4191.885249376297
2542,17,78,323408,128,6.413414001464844,6.403006076812744,0.01564040035009384,0.8843663930892944,0.001,4193.293015003204
2543,17,79,323536,128,9.16634750366211,9.154376983642578,0.01693451777100563,1.0276401042938232,0.001,4194.714132785797
2544,17,80,323664,128,8.40707015991211,8.396310806274414,0.018054919317364693,0.8954127430915833,0.001,4196.128091335297
2545,17,81,323792,128,7.65087366104126,7.638552665710449,0.018595829606056213,1.046109676361084,0.001,4197.540937423706
2546,17,82,323920,128,5.396859645843506,5.385516166687012,0.015689991414546967,0.9774731397628784,0.001,4198.94874382019
2547,17,83,324048,128,7.376297473907471,7.364325046539307,0.017914293333888054,1.0181081295013428,0.001,4200.33123588562
2548,17,84,324176,128,7.9768900871276855,7.966090202331543,0.020316530019044876,0.8768002390861511,0.001,4201.709829330444
2549,17,85,324304,128,7.651261806488037,7.639883041381836,0.014697101898491383,0.9908964037895203,0.001,4203.103640079498
2550,17,86,324432,128,6.029548168182373,6.018126010894775,0.015142475254833698,0.9907880425453186,0.001,4204.467740058899
2551,17,87,324560,128,5.526503562927246,5.5140061378479,0.011268028058111668,1.1370869874954224,0.001,4205.85463476181
2552,17,88,324688,128,8.530768394470215,8.518927574157715,0.01469508744776249,1.0370935201644897,0.001,4207.268515348434
2553,17,89,324816,128,10.855925559997559,10.843775749206543,0.019475646317005157,1.0202208757400513,0.001,4208.655890226364
2554,17,90,324944,128,6.764706611633301,6.752961158752441,0.016619276255369186,1.0083684921264648,0.001,4210.048426151276
2555,17,91,325072,128,7.212893009185791,7.200591564178467,0.01972762681543827,1.0328693389892578,0.001,4211.442092895508
2556,17,92,325200,128,6.5823259353637695,6.570377349853516,0.018786638975143433,1.0070035457611084,0.001,4212.828480005264
2557,17,93,325328,128,6.134263038635254,6.121164798736572,0.01556004025042057,1.1542128324508667,0.001,4214.203762769699
2558,17,94,325456,128,10.384201049804688,10.37176513671875,0.023274799808859825,1.0108146667480469,0.001,4215.548170566559
2559,17,95,325584,128,9.771410942077637,9.758376121520996,0.02291189134120941,1.074388027191162,0.001,4216.934944629669
2560,17,96,325712,128,8.885843276977539,8.8727445602417,0.020979663357138634,1.1000314950942993,0.001,4218.278673648834
2561,17,97,325840,128,8.410733222961426,8.398460388183594,0.019994724541902542,1.0272783041000366,0.001,4219.6195113658905
2562,17,98,325968,128,6.048839569091797,6.037214756011963,0.015772296115756035,1.0047311782836914,0.001,4221.007569313049
2563,17,99,326096,128,6.4616875648498535,6.451009750366211,0.016605069860816002,0.901753306388855,0.001,4222.382080554962
2564,17,100,326224,128,7.105040550231934,7.0945634841918945,0.01774716190993786,0.8702274560928345,0.001,4223.792175531387
2565,17,101,326352,128,7.889453887939453,7.878093242645264,0.019358299672603607,0.9424765110015869,0.001,4225.202112913132
2566,17,102,326480,128,6.996435642242432,6.983898639678955,0.01638702116906643,1.0898231267929077,0.001,4226.597474813461
2567,17,103,326608,128,7.445921421051025,7.434715270996094,0.015219633467495441,0.968424916267395,0.001,4227.9861879348755
2568,17,104,326736,128,9.032036781311035,9.021482467651367,0.021091965958476067,0.8444674611091614,0.001,4229.353530883789
2569,17,105,326864,128,7.003307819366455,6.992030620574951,0.019533267244696617,0.9323959946632385,0.001,4230.752747297287
2570,17,106,326992,128,6.6017913818359375,6.591681480407715,0.014166819863021374,0.8693395256996155,0.001,4232.157546281815
2571,17,107,327120,128,6.234846591949463,6.223391532897949,0.01698349229991436,0.9756466150283813,0.001,4233.530665874481
2572,17,108,327248,128,6.397557258605957,6.386740684509277,0.016900911927223206,0.9126713871955872,0.001,4234.915288209915
2573,17,109,327376,128,6.746026992797852,6.734668731689453,0.020123416557908058,0.9346210360527039,0.001,4236.284088611603
2574,17,110,327504,128,5.492014408111572,5.480008125305176,0.021915215998888016,0.9814848899841309,0.001,4237.657641172409
2575,17,111,327632,128,8.356480598449707,8.345425605773926,0.01509115844964981,0.9545899629592896,0.001,4239.058753013611
2576,17,112,327760,128,7.785418510437012,7.774930477142334,0.01889723353087902,0.8598261475563049,0.001,4240.423541069031
2577,17,113,327888,128,5.900490760803223,5.889133930206299,0.017014963552355766,0.9655653238296509,0.001,4241.809654474258
2578,17,114,328016,128,9.29834270477295,9.28795337677002,0.020430175587534904,0.8346350789070129,0.001,4243.157111167908
2579,17,115,328144,128,7.408251762390137,7.398134708404541,0.0170833021402359,0.84087073802948,0.001,4244.557511329651
2580,17,116,328272,128,7.855469226837158,7.845311164855957,0.01797560416162014,0.8360421061515808,0.001,4245.95432972908
2581,17,117,328400,128,7.083774089813232,7.073437690734863,0.014596248045563698,0.8876639604568481,0.001,4247.312872171402
2582,17,118,328528,128,6.958094120025635,6.946588039398193,0.018309513106942177,0.9675002098083496,0.001,4248.695336818695
2583,17,119,328656,128,7.346081733703613,7.333964824676514,0.014844628982245922,1.0632611513137817,0.001,4250.070313692093
2584,17,120,328784,128,7.468111991882324,7.458115577697754,0.01633821427822113,0.8362866044044495,0.001,4251.4600574970245
2585,17,121,328912,128,5.325626373291016,5.315171718597412,0.013272560201585293,0.9127785563468933,0.001,4252.89531826973
2586,17,122,329040,128,6.435248851776123,6.425317287445068,0.014601287432014942,0.8471528887748718,0.001,4254.317514419556
2587,17,123,329168,128,5.663390159606934,5.651534557342529,0.015281450934708118,1.0327500104904175,0.001,4255.705646276474
2588,17,124,329296,128,5.741856098175049,5.732131004333496,0.01322868186980486,0.840214729309082,0.001,4257.12300825119
2589,17,125,329424,128,6.671329021453857,6.660357475280762,0.0147158894687891,0.9499937891960144,0.001,4258.496424198151
2590,17,126,329552,128,6.724226951599121,6.711726665496826,0.013931996189057827,1.1106760501861572,0.001,4259.839052200317
2591,17,127,329680,128,6.152944564819336,6.141936302185059,0.013882914558053017,0.9620247483253479,0.001,4261.205972671509
2592,17,128,329808,128,8.326272964477539,8.314416885375977,0.01699901558458805,1.0156883001327515,0.001,4262.605108261108
2593,17,129,329936,128,8.0502347946167,8.039437294006348,0.01816476695239544,0.8980284929275513,0.001,4264.002948284149
2594,17,130,330064,128,5.576735019683838,5.565860748291016,0.013255222700536251,0.9548519849777222,0.001,4265.400349140167
2595,17,131,330192,128,6.75752592086792,6.746048450469971,0.017945434898138046,0.9683075547218323,0.001,4266.790689706802
2596,17,132,330320,128,8.158560752868652,8.147510528564453,0.015496969223022461,0.950061559677124,0.001,4268.161429643631
2597,17,133,330448,128,8.123207092285156,8.112028121948242,0.01688440702855587,0.9490556120872498,0.001,4269.545505285263
2598,17,134,330576,128,6.328997611999512,6.317378997802734,0.014820003882050514,1.0136523246765137,0.001,4270.923114538193
2599,17,135,330704,128,6.898759365081787,6.887811660766602,0.019712870940566063,0.897668719291687,0.001,4272.386117935181
2600,17,136,330832,128,6.253599643707275,6.2433342933654785,0.016426483169198036,0.8622508645057678,0.001,4273.798476457596
2601,17,137,330960,128,7.719635486602783,7.708541393280029,0.017250819131731987,0.9368860125541687,0.001,4275.190231084824
2602,17,138,331088,128,5.9571757316589355,5.946725368499756,0.016264528036117554,0.8823689818382263,0.001,4276.582206487656
2603,17,139,331216,128,6.104773998260498,6.0927629470825195,0.019485952332615852,1.0062270164489746,0.001,4277.964898586273
2604,17,140,331344,128,5.364419460296631,5.35298490524292,0.012655175291001797,1.0169023275375366,0.001,4279.327826976776
2605,17,141,331472,128,5.434725284576416,5.421933650970459,0.022841615602374077,1.0507426261901855,0.001,4280.726665258408
2606,17,142,331600,128,8.048247337341309,8.036994934082031,0.014483866281807423,0.9803361892700195,0.001,4282.136013269424
2607,17,143,331728,128,6.508716583251953,6.498178482055664,0.013671032153069973,0.9171065092086792,0.001,4283.558558940887
2608,17,144,331856,128,5.569532871246338,5.55860710144043,0.01519997138530016,0.9405640959739685,0.001,4284.963369846344
2609,17,145,331984,128,7.248202323913574,7.23561429977417,0.016520455479621887,1.0936005115509033,0.001,4286.348678588867
2610,17,146,332112,128,6.542132377624512,6.532674789428711,0.01632596366107464,0.7825008630752563,0.001,4287.736901521683
2611,17,147,332240,128,5.837615966796875,5.827879905700684,0.016915515065193176,0.8044613003730774,0.001,4289.1231417655945
2612,17,148,332368,128,6.164660453796387,6.154885768890381,0.016163701191544533,0.815830409526825,0.001,4290.480468988419
2613,17,149,332496,128,8.383322715759277,8.372956275939941,0.017686519771814346,0.8596904873847961,0.001,4291.8369970321655
2614,17,150,332624,128,6.194069862365723,6.18358850479126,0.01765133999288082,0.8716026544570923,0.001,4293.254020214081
2615,17,151,332752,128,8.00563907623291,7.994634628295898,0.01869269087910652,0.9135414958000183,0.001,4294.695195913315
2616,17,152,332880,128,8.000692367553711,7.990176677703857,0.018241001293063164,0.8692259788513184,0.001,4296.101944923401
2617,17,153,333008,128,7.216160774230957,7.205552577972412,0.016280995681881905,0.8980465531349182,0.001,4297.526573181152
2618,17,154,333013,5,2.4860379695892334,2.4714300632476807,0.012607690878212452,1.3347207307815552,0.001,4297.787828207016
2619,18,1,333141,128,7.823437213897705,7.812652111053467,0.022645482793450356,0.8520568609237671,0.001,4344.1904401779175
2620,18,2,333269,128,11.26857852935791,11.25650691986084,0.025419503450393677,0.9530170559883118,0.001,4345.559960365295
2621,18,3,333397,128,9.926512718200684,9.91377067565918,0.02901083044707775,0.9841328263282776,0.001,4346.977515697479
2622,18,4,333525,128,8.539290428161621,8.527247428894043,0.015310314483940601,1.0512688159942627,0.001,4348.380299568176
2623,18,5,333653,128,7.497012615203857,7.484283447265625,0.018211957067251205,1.090790033340454,0.001,4349.793300151825
2624,18,6,333781,128,8.13560676574707,8.122881889343262,0.02111762762069702,1.0613021850585938,0.001,4351.211943626404
2625,18,7,333909,128,6.87002420425415,6.856867790222168,0.018475478515028954,1.1308791637420654,0.001,4352.622522592545
2626,18,8,334037,128,8.282611846923828,8.270224571228027,0.016218405216932297,1.0764905214309692,0.001,4354.034789085388
2627,18,9,334165,128,7.900736331939697,7.888422012329102,0.015944359824061394,1.0719962120056152,0.001,4355.429840326309
2628,18,10,334293,128,6.9613471031188965,6.949202537536621,0.014397653751075268,1.0705108642578125,0.001,4356.795147418976
2629,18,11,334421,128,6.889058589935303,6.8788628578186035,0.017518173903226852,0.8443748950958252,0.001,4358.178286790848
2630,18,12,334549,128,6.980214595794678,6.968300819396973,0.014464536681771278,1.0467664003372192,0.001,4359.569981813431
2631,18,13,334677,128,6.1687164306640625,6.156199932098389,0.020203668624162674,1.0496177673339844,0.001,4360.99108672142
2632,18,14,334805,128,6.800623416900635,6.789579391479492,0.01603209599852562,0.9440798163414001,0.001,4362.40322136879
2633,18,15,334933,128,5.891974449157715,5.879959583282471,0.016344226896762848,1.0380258560180664,0.001,4363.82200884819
2634,18,16,335061,128,7.490040302276611,7.47779655456543,0.017738256603479385,1.046990990638733,0.001,4365.234390258789
2635,18,17,335189,128,6.205506324768066,6.193696022033691,0.01344433706253767,1.0466301441192627,0.001,4366.663791894913
2636,18,18,335317,128,6.5652971267700195,6.553260803222656,0.01616852916777134,1.0419329404830933,0.001,4368.060702085495
2637,18,19,335445,128,6.292394161224365,6.281054496765137,0.015551653690636158,0.9784740805625916,0.001,4369.465805053711
2638,18,20,335573,128,4.652654647827148,4.6407880783081055,0.017242494970560074,1.0142333507537842,0.001,4370.852779150009
2639,18,21,335701,128,5.198147296905518,5.1872992515563965,0.01762487180531025,0.9085564017295837,0.001,4372.265954256058
2640,18,22,335829,128,5.4523186683654785,5.4407830238342285,0.015912005677819252,0.9944469928741455,0.001,4373.628826141357
2641,18,23,335957,128,5.519043922424316,5.507152557373047,0.014896491542458534,1.0401872396469116,0.001,4375.0248465538025
2642,18,24,336085,128,5.094223976135254,5.083528518676758,0.014876723289489746,0.9207762479782104,0.001,4376.40438747406
2643,18,25,336213,128,7.412635803222656,7.401512145996094,0.014454281888902187,0.9678436517715454,0.001,4377.8066120147705
2644,18,26,336341,128,5.333957672119141,5.3235931396484375,0.012888438068330288,0.907547652721405,0.001,4379.230804443359
2645,18,27,336469,128,5.7236528396606445,5.712392807006836,0.015587860718369484,0.9701284170150757,0.001,4380.611480951309
2646,18,28,336597,128,5.734433174133301,5.722635746002197,0.0133524714037776,1.0462241172790527,0.001,4382.027609586716
2647,18,29,336725,128,7.232383728027344,7.221601486206055,0.01693725399672985,0.9088718891143799,0.001,4383.4645738601685
2648,18,30,336853,128,7.78900671005249,7.776766777038574,0.020342061296105385,1.0205695629119873,0.001,4384.871019363403
2649,18,31,336981,128,6.720390319824219,6.70952844619751,0.016084033995866776,0.9253309965133667,0.001,4386.28716135025
2650,18,32,337109,128,6.765685081481934,6.754700183868408,0.01588376611471176,0.9396438002586365,0.001,4387.685168504715
2651,18,33,337237,128,5.052790641784668,5.041381359100342,0.011000835336744785,1.0309395790100098,0.001,4389.0949447155
2652,18,34,337365,128,7.3481574058532715,7.338162899017334,0.015660682693123817,0.8428342938423157,0.001,4390.451988458633
2653,18,35,337493,128,9.568666458129883,9.558510780334473,0.01633036695420742,0.8522579073905945,0.001,4391.831850528717
2654,18,36,337621,128,6.918568134307861,6.907989501953125,0.016956528648734093,0.8883011937141418,0.001,4393.214360237122
2655,18,37,337749,128,7.029141902923584,7.017723560333252,0.019726654514670372,0.9445690512657166,0.001,4394.580626249313
2656,18,38,337877,128,5.547916889190674,5.537266254425049,0.013551351614296436,0.929531455039978,0.001,4395.943511009216
2657,18,39,338005,128,8.03821086883545,8.027449607849121,0.015679264441132545,0.919317901134491,0.001,4397.307862281799
2658,18,40,338133,128,5.69745397567749,5.686254978179932,0.01611209660768509,0.9587897658348083,0.001,4398.684848070145
2659,18,41,338261,128,7.114746570587158,7.103445053100586,0.01727892830967903,0.9573695063591003,0.001,4400.049321651459
2660,18,42,338389,128,5.4752197265625,5.463188171386719,0.017002638429403305,1.0331059694290161,0.001,4401.419291496277
2661,18,43,338517,128,5.736268997192383,5.724636554718018,0.017531076446175575,0.9879035353660583,0.001,4402.806689977646
2662,18,44,338645,128,7.449676990509033,7.437633037567139,0.014942893758416176,1.0549359321594238,0.001,4404.170799732208
2663,18,45,338773,128,5.885177135467529,5.874037742614746,0.016440995037555695,0.9495230317115784,0.001,4405.517513513565
2664,18,46,338901,128,8.252564430236816,8.240593910217285,0.023059489205479622,0.966464638710022,0.001,4406.9240255355835
2665,18,47,339029,128,6.366011619567871,6.354877471923828,0.014780796132981777,0.9655716419219971,0.001,4408.318318843842
2666,18,48,339157,128,8.979752540588379,8.968421936035156,0.014983338303864002,0.9832264184951782,0.001,4409.71595621109
2667,18,49,339285,128,5.860838890075684,5.848406791687012,0.01450058352202177,1.0982067584991455,0.001,4411.111651659012
2668,18,50,339413,128,8.268083572387695,8.25692367553711,0.014376485720276833,0.9722393751144409,0.001,4412.475245952606
2669,18,51,339541,128,8.527403831481934,8.51576042175293,0.019280774518847466,0.9715092778205872,0.001,4413.883528470993
2670,18,52,339669,128,7.0949201583862305,7.081885814666748,0.015520739369094372,1.1482434272766113,0.001,4415.253651380539
2671,18,53,339797,128,6.60321044921875,6.5895843505859375,0.017730750143527985,1.1853359937667847,0.001,4416.644397497177
2672,18,54,339925,128,4.977581024169922,4.96494197845459,0.01615273393690586,1.1023935079574585,0.001,4418.017692327499
2673,18,55,340053,128,8.003084182739258,7.990671157836914,0.017465976998209953,1.0666427612304688,0.001,4419.398317575455
2674,18,56,340181,128,6.113022804260254,6.1009016036987305,0.01635158620774746,1.0486000776290894,0.001,4420.788074970245
2675,18,57,340309,128,6.997284889221191,6.98584508895874,0.017865486443042755,0.9652923345565796,0.001,4422.151941776276
2676,18,58,340437,128,5.499768257141113,5.486054420471191,0.01684184931218624,1.2029709815979004,0.001,4423.508882761002
2677,18,59,340565,128,7.530735969543457,7.519020080566406,0.01611580327153206,1.01040518283844,0.001,4424.905414581299
2678,18,60,340693,128,6.601563453674316,6.590023994445801,0.017225835472345352,0.9816753268241882,0.001,4426.279108285904
2679,18,61,340821,128,6.2657036781311035,6.254814147949219,0.015098226256668568,0.9379963278770447,0.001,4427.664408683777
2680,18,62,340949,128,8.612712860107422,8.601587295532227,0.015509513206779957,0.9575139284133911,0.001,4429.034894943237
2681,18,63,341077,128,5.496657371520996,5.4861273765563965,0.013885659165680408,0.9141324162483215,0.001,4430.386301040649
2682,18,64,341205,128,6.6453399658203125,6.634352684020996,0.014080825261771679,0.9579159617424011,0.001,4431.724372148514
2683,18,65,341333,128,4.965941905975342,4.955158710479736,0.014689912088215351,0.9314151406288147,0.001,4433.086829662323
2684,18,66,341461,128,6.371982574462891,6.361691951751709,0.019619494676589966,0.8328543901443481,0.001,4434.461366653442
2685,18,67,341589,128,6.988519668579102,6.9779133796691895,0.01560425665229559,0.9045904278755188,0.001,4435.8185341358185
2686,18,68,341717,128,5.937015533447266,5.9252028465271,0.013092475943267345,1.0503249168395996,0.001,4437.160764694214
2687,18,69,341845,128,5.826904296875,5.81547212600708,0.01798708736896515,0.9633489847183228,0.001,4438.544362783432
2688,18,70,341973,128,6.375261306762695,6.364250183105469,0.0171760655939579,0.929355263710022,0.001,4439.951042175293
2689,18,71,342101,128,6.426551818847656,6.415940284729004,0.01455188449472189,0.9156221747398376,0.001,4441.323826313019
2690,18,72,342229,128,7.09329891204834,7.08251428604126,0.015986954793334007,0.9185923337936401,0.001,4442.681968212128
2691,18,73,342357,128,8.938461303710938,8.927590370178223,0.0174856074154377,0.9123314619064331,0.001,4444.053636074066
2692,18,74,342485,128,7.180880546569824,7.170738220214844,0.01708424650132656,0.8433588147163391,0.001,4445.4081172943115
2693,18,75,342613,128,6.205904006958008,6.19553279876709,0.01807629130780697,0.8563292026519775,0.001,4446.798772096634
2694,18,76,342741,128,7.2904839515686035,7.278995990753174,0.015456968918442726,0.9942020773887634,0.001,4448.175576210022
2695,18,77,342869,128,4.870295524597168,4.859479904174805,0.013043204322457314,0.9511436820030212,0.001,4449.535998106003
2696,18,78,342997,128,5.785378932952881,5.774598121643066,0.013760638423264027,0.9404619336128235,0.001,4450.916712999344
2697,18,79,343125,128,8.118986129760742,8.107768058776855,0.017653170973062515,0.9452383518218994,0.001,4452.290504932404
2698,18,80,343253,128,7.6561970710754395,7.645214080810547,0.01599702797830105,0.9382979273796082,0.001,4453.648697137833
2699,18,81,343381,128,6.810670375823975,6.800471782684326,0.015081333927810192,0.8690372705459595,0.001,4455.033919095993
2700,18,82,343509,128,6.028810501098633,6.017322063446045,0.01793915592133999,0.9694600105285645,0.001,4456.450962305069
2701,18,83,343637,128,7.169358253479004,7.1581902503967285,0.018073219805955887,0.9360923171043396,0.001,4457.865190029144
2702,18,84,343765,128,8.549239158630371,8.537874221801758,0.019360756501555443,0.942904531955719,0.001,4459.266958475113
2703,18,85,343893,128,6.466258525848389,6.454694747924805,0.016693327575922012,0.9894176125526428,0.001,4460.643851041794
2704,18,86,344021,128,8.187965393066406,8.177140235900879,0.017475849017500877,0.9078176021575928,0.001,4462.020906925201
2705,18,87,344149,128,6.439737319946289,6.428678035736084,0.016541356220841408,0.94051593542099,0.001,4463.367420434952
2706,18,88,344277,128,5.641766548156738,5.631263256072998,0.014954551123082638,0.9007840156555176,0.001,4464.753931760788
2707,18,89,344405,128,5.780633926391602,5.768976211547852,0.014400172047317028,1.0217903852462769,0.001,4466.154230356216
2708,18,90,344533,128,9.748719215393066,9.737452507019043,0.018743034452199936,0.9392384886741638,0.001,4467.553467512131
2709,18,91,344661,128,5.9268479347229,5.91506814956665,0.014743715524673462,1.0305278301239014,0.001,4468.980046272278
2710,18,92,344789,128,6.590083122253418,6.579265594482422,0.01652051880955696,0.9165170192718506,0.001,4470.379668474197
2711,18,93,344917,128,7.811751365661621,7.7995781898498535,0.02012917771935463,1.0160614252090454,0.001,4471.7499232292175
2712,18,94,345045,128,6.442512512207031,6.43100643157959,0.018502626568078995,0.9655714631080627,0.001,4473.117811203003
2713,18,95,345173,128,8.344381332397461,8.333669662475586,0.015533426776528358,0.9157746434211731,0.001,4474.511247634888
2714,18,96,345301,128,8.175724983215332,8.164146423339844,0.017159385606646538,0.9862780570983887,0.001,4475.900097608566
2715,18,97,345429,128,7.157752513885498,7.146636486053467,0.014964135363698006,0.9619669914245605,0.001,4477.299165725708
2716,18,98,345557,128,4.918607234954834,4.9075026512146,0.01271355152130127,0.9833402633666992,0.001,4478.679711103439
2717,18,99,345685,128,5.189087867736816,5.17781400680542,0.014497187919914722,0.9824095368385315,0.001,4480.027844429016
2718,18,100,345813,128,7.73313045501709,7.7219319343566895,0.015000662766397,0.9698490500450134,0.001,4481.376371622086
2719,18,101,345941,128,5.830933570861816,5.820004463195801,0.012400616891682148,0.9688823223114014,0.001,4482.737363815308
2720,18,102,346069,128,6.099707126617432,6.088237762451172,0.01390310563147068,1.0078788995742798,0.001,4484.135420799255
2721,18,103,346197,128,7.4182891845703125,7.406702995300293,0.014091498218476772,1.0177099704742432,0.001,4485.504264116287
2722,18,104,346325,128,7.794790267944336,7.782637119293213,0.018460197374224663,1.0307224988937378,0.001,4486.912681102753
2723,18,105,346453,128,7.47967529296875,7.46894645690918,0.016920072957873344,0.9036871790885925,0.001,4488.306457519531
2724,18,106,346581,128,5.614795207977295,5.603063583374023,0.018413899466395378,0.98902827501297,0.001,4489.717895030975
2725,18,107,346709,128,5.940279960632324,5.928354740142822,0.01666448824107647,1.0258501768112183,0.001,4491.093601226807
2726,18,108,346837,128,6.094120502471924,6.083185195922852,0.016998469829559326,0.9235532283782959,0.001,4492.491896152496
2727,18,109,346965,128,7.002354145050049,6.990246295928955,0.019658667966723442,1.0142021179199219,0.001,4493.896778106689
2728,18,110,347093,128,4.2197980880737305,4.207589149475098,0.011218465864658356,1.1086888313293457,0.001,4495.287136554718
2729,18,111,347221,128,5.623657703399658,5.611623764038086,0.014782763086259365,1.0555673837661743,0.001,4496.668848276138
2730,18,112,347349,128,7.245529651641846,7.233268737792969,0.01457514800131321,1.0802998542785645,0.001,4498.070783138275
2731,18,113,347477,128,6.981013298034668,6.96856689453125,0.015910295769572258,1.0855300426483154,0.001,4499.477343559265
2732,18,114,347605,128,6.035270690917969,6.02398681640625,0.012873317115008831,0.999626874923706,0.001,4500.862288475037
2733,18,115,347733,128,8.312466621398926,8.300899505615234,0.018514230847358704,0.9716421365737915,0.001,4502.250023603439
2734,18,116,347861,128,5.60296106338501,5.590903282165527,0.014955299906432629,1.056233286857605,0.001,4503.636722803116
2735,18,117,347989,128,8.015843391418457,8.003374099731445,0.02098620869219303,1.0370427370071411,0.001,4505.047904491425
2736,18,118,348117,128,8.329126358032227,8.317904472351074,0.01593977026641369,0.9628177285194397,0.001,4506.448924064636
2737,18,119,348245,128,7.012965679168701,7.000687122344971,0.015377786941826344,1.0740669965744019,0.001,4507.860999822617
2738,18,120,348373,128,5.9518818855285645,5.940011978149414,0.012886379845440388,1.0581461191177368,0.001,4509.268519878387
2739,18,121,348501,128,7.543097019195557,7.530147552490234,0.01711246185004711,1.1237938404083252,0.001,4510.67631483078
2740,18,122,348629,128,7.283246994018555,7.272284507751465,0.020198754966259003,0.894263505935669,0.001,4512.051090478897
2741,18,123,348757,128,8.611294746398926,8.600290298461914,0.020464513450860977,0.895759105682373,0.001,4513.455044269562
2742,18,124,348885,128,6.6034698486328125,6.592953681945801,0.017616933211684227,0.875421941280365,0.001,4514.844690322876
2743,18,125,349013,128,6.493022441864014,6.4835615158081055,0.015704309567809105,0.7890511155128479,0.001,4516.2668607234955
2744,18,126,349141,128,6.413733005523682,6.403873443603516,0.015704933553934097,0.8289084434509277,0.001,4517.670360565186
2745,18,127,349269,128,6.065187454223633,6.053892135620117,0.015490121208131313,0.9746218919754028,0.001,4519.069866657257
2746,18,128,349397,128,6.467608451843262,6.457597732543945,0.015281418338418007,0.8482568264007568,0.001,4520.474620342255
2747,18,129,349525,128,5.828474044799805,5.817028522491455,0.012595164589583874,1.0186327695846558,0.001,4521.895720481873
2748,18,130,349653,128,7.318238735198975,7.307210922241211,0.017336515709757805,0.9293954372406006,0.001,4523.2692177295685
2749,18,131,349781,128,8.52505874633789,8.515426635742188,0.01576187089085579,0.8055816292762756,0.001,4524.6398730278015
2750,18,132,349909,128,6.9548492431640625,6.94382905960083,0.021396586671471596,0.8880615234375,0.001,4525.983383178711
2751,18,133,350037,128,6.215917110443115,6.205412864685059,0.0158523116260767,0.8919071555137634,0.001,4527.326406002045
2752,18,134,350165,128,8.972529411315918,8.961807250976562,0.01744825765490532,0.8977130651473999,0.001,4528.670850515366
2753,18,135,350293,128,7.820868492126465,7.8098649978637695,0.015211397781968117,0.9482492804527283,0.001,4530.022642850876
2754,18,136,350421,128,7.753508567810059,7.741960525512695,0.01923723705112934,0.9624298810958862,0.001,4531.365019321442
2755,18,137,350549,128,6.80873441696167,6.798346996307373,0.016181031242012978,0.8769360184669495,0.001,4532.750362873077
2756,18,138,350677,128,6.204176425933838,6.192052841186523,0.014444765634834766,1.0679014921188354,0.001,4534.073215961456
2757,18,139,350805,128,5.721831798553467,5.710208415985107,0.019707972183823586,0.9652628302574158,0.001,4535.444290161133
2758,18,140,350933,128,7.292912483215332,7.280444145202637,0.017622387036681175,1.0706149339675903,0.001,4536.805752515793
2759,18,141,351061,128,5.790389060974121,5.778156757354736,0.014474187977612019,1.0785189867019653,0.001,4538.179889917374
2760,18,142,351189,128,6.372289180755615,6.361032009124756,0.018245616927742958,0.9432783126831055,0.001,4539.602020978928
2761,18,143,351317,128,7.820055961608887,7.80765962600708,0.018471455201506615,1.0549204349517822,0.001,4540.99679017067
2762,18,144,351445,128,7.405196666717529,7.391757965087891,0.019409453496336937,1.1497983932495117,0.001,4542.418913841248
2763,18,145,351573,128,5.971177101135254,5.9589948654174805,0.019702984020113945,1.0212087631225586,0.001,4543.798907995224
2764,18,146,351701,128,6.98057746887207,6.968296527862549,0.018838951364159584,1.0396848917007446,0.001,4545.2231776714325
2765,18,147,351829,128,5.569085597991943,5.556777000427246,0.015689043328166008,1.07399320602417,0.001,4546.651624679565
2766,18,148,351957,128,6.416582107543945,6.404770851135254,0.015087999403476715,1.0302764177322388,0.001,4548.031814575195
2767,18,149,352085,128,6.134373188018799,6.123045921325684,0.017521372064948082,0.9575297832489014,0.001,4549.402473211288
2768,18,150,352213,128,4.6198039054870605,4.606932640075684,0.015181911177933216,1.1353007555007935,0.001,4550.775293111801
2769,18,151,352341,128,7.145750522613525,7.1339030265808105,0.013972356915473938,1.0450166463851929,0.001,4552.119934558868
2770,18,152,352469,128,5.362176418304443,5.351298809051514,0.012678262777626514,0.9609739184379578,0.001,4553.489231586456
2771,18,153,352597,128,6.963445663452148,6.951220989227295,0.018287966027855873,1.039595603942871,0.001,4554.866608142853
2772,18,154,352602,5,2.702993631362915,2.685695171356201,0.011477310210466385,1.615075707435608,0.001,4555.188046216965
2773,19,1,352730,128,6.339297294616699,6.3270063400268555,0.013612866401672363,1.0929665565490723,0.001,4600.915776252747
2774,19,2,352858,128,7.0300822257995605,7.019073009490967,0.013887116685509682,0.9620662331581116,0.001,4602.277528047562
2775,19,3,352986,128,7.360812187194824,7.34996223449707,0.01643200032413006,0.9206708669662476,0.001,4603.656504154205
2776,19,4,353114,128,5.840155124664307,5.829202175140381,0.012170444242656231,0.9736005663871765,0.001,4605.033233880997
2777,19,5,353242,128,7.894435405731201,7.883629322052002,0.01759319193661213,0.9046688079833984,0.001,4606.430011034012
2778,19,6,353370,128,6.504943370819092,6.493394374847412,0.01722009852528572,0.9827238917350769,0.001,4607.824242591858
2779,19,7,353498,128,6.75577974319458,6.744852066040039,0.01705235056579113,0.9222412705421448,0.001,4609.209881544113
2780,19,8,353626,128,7.284418106079102,7.27298641204834,0.01390827912837267,1.0040827989578247,0.001,4610.5900292396545
2781,19,9,353754,128,5.675441265106201,5.663337230682373,0.016974810510873795,1.0406688451766968,0.001,4612.005248069763
2782,19,10,353882,128,11.521551132202148,11.509818077087402,0.023425815626978874,0.9390972256660461,0.001,4613.41304397583
2783,19,11,354010,128,6.209299087524414,6.196910858154297,0.014934820123016834,1.0894845724105835,0.001,4614.816403865814
2784,19,12,354138,128,6.184183120727539,6.171872138977051,0.01625412330031395,1.0685209035873413,0.001,4616.221022129059
2785,19,13,354266,128,8.124652862548828,8.112796783447266,0.020405961200594902,0.9814961552619934,0.001,4617.600111722946
2786,19,14,354394,128,6.106182098388672,6.094674110412598,0.01766483299434185,0.9741103649139404,0.001,4618.999584674835
2787,19,15,354522,128,7.606921195983887,7.594615936279297,0.01683533750474453,1.0621566772460938,0.001,4620.380882263184
2788,19,16,354650,128,7.534449100494385,7.523138523101807,0.016470683738589287,0.9663388729095459,0.001,4621.760575532913
2789,19,17,354778,128,6.061187267303467,6.049536228179932,0.015661684796214104,1.0085068941116333,0.001,4623.121115684509
2790,19,18,354906,128,7.492783069610596,7.479855537414551,0.017945701256394386,1.1132993698120117,0.001,4624.492573738098
2791,19,19,355034,128,6.7352094650268555,6.72299861907959,0.015822390094399452,1.0628859996795654,0.001,4625.85843038559
2792,19,20,355162,128,4.991881370544434,4.981060028076172,0.012049560435116291,0.961650013923645,0.001,4627.239822149277
2793,19,21,355290,128,6.617176055908203,6.606148719787598,0.014670491218566895,0.956020712852478,0.001,4628.597644329071
2794,19,22,355418,128,7.73431396484375,7.723001003265381,0.01809968426823616,0.9502930641174316,0.001,4629.973977327347
2795,19,23,355546,128,6.592519283294678,6.5824713706970215,0.02005552314221859,0.8042157292366028,0.001,4631.3146550655365
2796,19,24,355674,128,7.70570182800293,7.695156097412109,0.015988169237971306,0.894680380821228,0.001,4632.700304985046
2797,19,25,355802,128,6.74177360534668,6.731175899505615,0.015739677473902702,0.9023883938789368,0.001,4634.11200761795
2798,19,26,355930,128,7.6485276222229,7.637734413146973,0.021786004304885864,0.8614533543586731,0.001,4635.5184099674225
2799,19,27,356058,128,5.0538458824157715,5.0425920486450195,0.013069343753159046,0.9946849942207336,0.001,4636.907522916794
2800,19,28,356186,128,6.5667948722839355,6.556950569152832,0.013248083181679249,0.8519484996795654,0.001,4638.290504932404
2801,19,29,356314,128,5.615567684173584,5.6030473709106445,0.026296241208910942,0.9890345931053162,0.001,4639.664977550507
2802,19,30,356442,128,6.7971415519714355,6.785964012145996,0.01705583557486534,0.9472035765647888,0.001,4641.047149419785
2803,19,31,356570,128,5.3101420402526855,5.298559188842773,0.0181462112814188,0.976800799369812,0.001,4642.444289684296
2804,19,32,356698,128,7.155365467071533,7.143443584442139,0.014970245771110058,1.0425150394439697,0.001,4643.8079226017
2805,19,33,356826,128,6.864436626434326,6.852433681488037,0.018489448353648186,1.015395164489746,0.001,4645.182956933975
2806,19,34,356954,128,6.674393177032471,6.6608147621154785,0.017562633380293846,1.1822062730789185,0.001,4646.574095964432
2807,19,35,357082,128,6.7479987144470215,6.734835147857666,0.01845543645322323,1.1318047046661377,0.001,4647.949135065079
2808,19,36,357210,128,7.160538196563721,7.1470770835876465,0.01860424317419529,1.1600497961044312,0.001,4649.3295340538025
2809,19,37,357338,128,7.899130344390869,7.884907245635986,0.01627017743885517,1.2595897912979126,0.001,4650.718986272812
2810,19,38,357466,128,5.52739143371582,5.514074802398682,0.012699405662715435,1.2046979665756226,0.001,4652.088807821274
2811,19,39,357594,128,6.060855865478516,6.048287391662598,0.01438170950859785,1.1130375862121582,0.001,4653.476737499237
2812,19,40,357722,128,6.717319488525391,6.705301284790039,0.017629889771342278,1.0255299806594849,0.001,4654.878134965897
2813,19,41,357850,128,8.045804023742676,8.034021377563477,0.017048876732587814,1.0077316761016846,0.001,4656.250757932663
2814,19,42,357978,128,7.311949729919434,7.298620700836182,0.016004618257284164,1.1728661060333252,0.001,4657.653923511505
2815,19,43,358106,128,8.162468910217285,8.151147842407227,0.01804426498711109,0.9516500234603882,0.001,4659.025872468948
2816,19,44,358234,128,5.97960090637207,5.96795129776001,0.015399055555462837,1.0110002756118774,0.001,4660.4502120018005
2817,19,45,358362,128,7.054050445556641,7.042525768280029,0.014606497250497341,1.0064200162887573,0.001,4661.835933923721
2818,19,46,358490,128,6.488011360168457,6.475870132446289,0.015257002785801888,1.0615249872207642,0.001,4663.224683523178
2819,19,47,358618,128,5.75258731842041,5.74143648147583,0.0163885485380888,0.9512144327163696,0.001,4664.629433870316
2820,19,48,358746,128,5.5151047706604,5.502880096435547,0.016952963545918465,1.0529539585113525,0.001,4666.0207324028015
2821,19,49,358874,128,5.051624774932861,5.039463996887207,0.014403278939425945,1.072017788887024,0.001,4667.428770065308
2822,19,50,359002,128,7.417743682861328,7.405666828155518,0.017895469442009926,1.0287426710128784,0.001,4668.796988964081
2823,19,51,359130,128,5.317225456237793,5.303999423980713,0.013300578109920025,1.189604640007019,0.001,4670.155484676361
2824,19,52,359258,128,7.270267963409424,7.25728702545166,0.012488516978919506,1.1732101440429688,0.001,4671.545283317566
2825,19,53,359386,128,7.555520057678223,7.54506254196167,0.01646079123020172,0.8811337947845459,0.001,4672.9315803050995
2826,19,54,359514,128,6.570269584655762,6.558775901794434,0.012929837219417095,1.0200577974319458,0.001,4674.299113750458
2827,19,55,359642,128,6.1956586837768555,6.1856160163879395,0.01456356979906559,0.8586627840995789,0.001,4675.693297147751
2828,19,56,359770,128,6.0619378089904785,6.050055027008057,0.014322302304208279,1.0450267791748047,0.001,4677.079833745956
2829,19,57,359898,128,6.586362838745117,6.574704647064209,0.014559573493897915,1.0202642679214478,0.001,4678.469278097153
2830,19,58,360026,128,4.1783037185668945,4.165858745574951,0.013269336894154549,1.1117839813232422,0.001,4679.87793135643
2831,19,59,360154,128,5.551309108734131,5.5404133796691895,0.013978302478790283,0.9498317837715149,0.001,4681.260372638702
2832,19,60,360282,128,7.712607383728027,7.701221466064453,0.01646355725824833,0.9739274978637695,0.001,4682.62601351738
2833,19,61,360410,128,6.190128803253174,6.176539897918701,0.01854480430483818,1.1734527349472046,0.001,4683.997071027756
2834,19,62,360538,128,5.869203090667725,5.858299732208252,0.02048615738749504,0.8854888081550598,0.001,4685.363666057587
2835,19,63,360666,128,6.407149791717529,6.396539688110352,0.017709169536828995,0.8839153051376343,0.001,4686.75351190567
2836,19,64,360794,128,5.03267240524292,5.021667003631592,0.018629252910614014,0.9142287373542786,0.001,4688.159893274307
2837,19,65,360922,128,8.670451164245605,8.6595458984375,0.020353591069579124,0.8870232701301575,0.001,4689.572792768478
2838,19,66,361050,128,9.400461196899414,9.389063835144043,0.02241288125514984,0.9155928492546082,0.001,4690.956070184708
2839,19,67,361178,128,9.021463394165039,9.010431289672852,0.01965045928955078,0.9067075848579407,0.001,4692.387563467026
2840,19,68,361306,128,6.178983688354492,6.167877674102783,0.020523760467767715,0.9053600430488586,0.001,4693.7962765693665
2841,19,69,361434,128,9.50541877746582,9.49404525756836,0.022997478023171425,0.9074259996414185,0.001,4695.162136793137
2842,19,70,361562,128,7.404256343841553,7.3923163414001465,0.018886297941207886,1.0051417350769043,0.001,4696.499400377274
2843,19,71,361690,128,10.38938045501709,10.377927780151367,0.021244490519165993,0.9328138828277588,0.001,4697.867187976837
2844,19,72,361818,128,8.585991859436035,8.574304580688477,0.02053975500166416,0.9632692933082581,0.001,4699.227233409882
2845,19,73,361946,128,7.388022422790527,7.377262115478516,0.016575485467910767,0.9102761745452881,0.001,4700.571597099304
2846,19,74,362074,128,6.293500900268555,6.281768321990967,0.015553543344140053,1.0176972150802612,0.001,4701.952425003052
2847,19,75,362202,128,10.83819580078125,10.82741928100586,0.019801869988441467,0.8796371817588806,0.001,4703.3384528160095
2848,19,76,362330,128,7.35789680480957,7.346778392791748,0.019376512616872787,0.9180341362953186,0.001,4704.728714942932
2849,19,77,362458,128,7.939016819000244,7.927873611450195,0.018050996586680412,0.9337854981422424,0.001,4706.1407153606415
2850,19,78,362586,128,8.240297317504883,8.227571487426758,0.016183791682124138,1.1107858419418335,0.001,4707.490475177765
2851,19,79,362714,128,5.812334060668945,5.800445079803467,0.01288974191993475,1.0599894523620605,0.001,4708.872107744217
2852,19,80,362842,128,10.315832138061523,10.304595947265625,0.017750758677721024,0.9461454749107361,0.001,4710.243165969849
2853,19,81,362970,128,8.404362678527832,8.39228630065918,0.020829938352108,0.9993316531181335,0.001,4711.62336564064
2854,19,82,363098,128,7.883545398712158,7.871724605560303,0.016146643087267876,1.0206212997436523,0.001,4712.973615884781
2855,19,83,363226,128,8.212106704711914,8.20068073272705,0.0219236109405756,0.9233378767967224,0.001,4714.3542902469635
2856,19,84,363354,128,6.963048458099365,6.952060699462891,0.014673045836389065,0.9520519375801086,0.001,4715.722581624985
2857,19,85,363482,128,8.350232124328613,8.33956527709961,0.0222743209451437,0.8438664674758911,0.001,4717.112322330475
2858,19,86,363610,128,9.502516746520996,9.493255615234375,0.019209470599889755,0.734073281288147,0.001,4718.526411771774
2859,19,87,363738,128,7.330889701843262,7.320249080657959,0.014639781787991524,0.9176788926124573,0.001,4719.897007703781
2860,19,88,363866,128,6.42802095413208,6.417304992675781,0.015711499378085136,0.9144617319107056,0.001,4721.279479026794
2861,19,89,363994,128,6.734913349151611,6.724456310272217,0.01483083050698042,0.8973930478096008,0.001,4722.6906633377075
2862,19,90,364122,128,6.894634246826172,6.883541107177734,0.015413460321724415,0.9551792144775391,0.001,4724.077091932297
2863,19,91,364250,128,4.946534633636475,4.936389446258545,0.015247399918735027,0.8620452880859375,0.001,4725.458538770676
2864,19,92,364378,128,5.827208995819092,5.815269947052002,0.0180684681981802,1.013219952583313,0.001,4726.846808195114
2865,19,93,364506,128,7.367495536804199,7.356542110443115,0.022090179845690727,0.8744322657585144,0.001,4728.266084194183
2866,19,94,364634,128,5.277872562408447,5.266581058502197,0.01451671402901411,0.9840230345726013,0.001,4729.651033163071
2867,19,95,364762,128,7.890439033508301,7.878756523132324,0.01724684238433838,0.9957924485206604,0.001,4731.030802726746
2868,19,96,364890,128,5.01593542098999,5.00360107421875,0.017663931474089622,1.056799292564392,0.001,4732.42337846756
2869,19,97,365018,128,6.5571699142456055,6.544382572174072,0.018451450392603874,1.094208002090454,0.001,4733.79949426651
2870,19,98,365146,128,6.086825847625732,6.075279235839844,0.016044503077864647,0.9941919445991516,0.001,4735.193596601486
2871,19,99,365274,128,8.655447959899902,8.642142295837402,0.019617734476923943,1.1344048976898193,0.001,4736.583869934082
2872,19,100,365402,128,7.565116882324219,7.553852081298828,0.02024039812386036,0.9240776300430298,0.001,4737.949959754944
2873,19,101,365530,128,5.606361389160156,5.59336519241333,0.01331496424973011,1.166502833366394,0.001,4739.330813407898
2874,19,102,365658,128,5.983883380889893,5.97191858291626,0.013597607612609863,1.0604839324951172,0.001,4740.710607051849
2875,19,103,365786,128,6.425058364868164,6.413088798522949,0.015067937783896923,1.0462936162948608,0.001,4742.121426582336
2876,19,104,365914,128,6.026498317718506,6.014736652374268,0.013330737128853798,1.0428376197814941,0.001,4743.532653331757
2877,19,105,366042,128,7.7550368309021,7.740448474884033,0.018064843490719795,1.2782200574874878,0.001,4744.928366422653
2878,19,106,366170,128,7.683399200439453,7.668745994567871,0.017076991498470306,1.2945672273635864,0.001,4746.332875728607
2879,19,107,366298,128,6.226593494415283,6.211180210113525,0.013279597274959087,1.4085482358932495,0.001,4747.737091302872
2880,19,108,366426,128,8.341889381408691,8.326397895812988,0.01896444894373417,1.3594839572906494,0.001,4749.138908624649
2881,19,109,366554,128,7.407337665557861,7.38993501663208,0.01910639926791191,1.5491747856140137,0.001,4750.573612451553
2882,19,110,366682,128,12.433568954467773,12.416910171508789,0.02892303466796875,1.376651406288147,0.001,4751.979025840759
2883,19,111,366810,128,8.472681045532227,8.456451416015625,0.02034219726920128,1.41952383518219,0.001,4753.398813724518
2884,19,112,366938,128,6.499554634094238,6.485933303833008,0.019115442410111427,1.170983076095581,0.001,4754.815524339676
2885,19,113,367066,128,7.190499782562256,7.176699638366699,0.017289090901613235,1.2070974111557007,0.001,4756.233786582947
2886,19,114,367194,128,7.512588024139404,7.497950077056885,0.014076726511120796,1.3230561017990112,0.001,4757.629013061523
2887,19,115,367322,128,8.820651054382324,8.80489730834961,0.01719464361667633,1.403411626815796,0.001,4759.041851520538
2888,19,116,367450,128,7.708750247955322,7.693105220794678,0.021816333755850792,1.3463448286056519,0.001,4760.4470937252045
2889,19,117,367578,128,5.44726037979126,5.433551788330078,0.015373976901173592,1.217110276222229,0.001,4761.811968326569
2890,19,118,367706,128,6.411097049713135,6.398754596710205,0.016068384051322937,1.0735403299331665,0.001,4763.190675497055
2891,19,119,367834,128,5.941229343414307,5.929064750671387,0.014506853185594082,1.0713993310928345,0.001,4764.585859298706
2892,19,120,367962,128,7.337416648864746,7.324737071990967,0.015563423745334148,1.1123088598251343,0.001,4765.997276306152
2893,19,121,368090,128,6.504164695739746,6.491177082061768,0.014903711155056953,1.1497199535369873,0.001,4767.399903059006
2894,19,122,368218,128,5.024933815002441,5.012475967407227,0.01473669707775116,1.098376989364624,0.001,4768.798356056213
2895,19,123,368346,128,5.97538948059082,5.961464881896973,0.0135640949010849,1.2568045854568481,0.001,4770.1574902534485
2896,19,124,368474,128,6.060491561889648,6.048099994659424,0.014171919785439968,1.097463846206665,0.001,4771.556111097336
2897,19,125,368602,128,8.157891273498535,8.145926475524902,0.017222261056303978,1.0242228507995605,0.001,4772.916136026382
2898,19,126,368730,128,5.717817783355713,5.704883575439453,0.01451872568577528,1.1482231616973877,0.001,4774.28742313385
2899,19,127,368858,128,7.2088303565979,7.195739269256592,0.015478658489882946,1.1543108224868774,0.001,4775.665864229202
2900,19,128,368986,128,9.353944778442383,9.342703819274902,0.015671342611312866,0.9674204587936401,0.001,4777.05756187439
2901,19,129,369114,128,7.446813106536865,7.434742450714111,0.018979886546730995,1.0173035860061646,0.001,4778.48010802269
2902,19,130,369242,128,5.989664554595947,5.976670742034912,0.01870722882449627,1.112334966659546,0.001,4779.859214544296
2903,19,131,369370,128,6.594043254852295,6.581031322479248,0.015808919444680214,1.1431355476379395,0.001,4781.249288082123
2904,19,132,369498,128,6.289193153381348,6.277737617492676,0.01507273968309164,0.9948300123214722,0.001,4782.6432909965515
2905,19,133,369626,128,6.213350296020508,6.199957847595215,0.01582726649940014,1.180981993675232,0.001,4784.031569480896
2906,19,134,369754,128,6.250076770782471,6.238250732421875,0.018741372972726822,0.9952003955841064,0.001,4785.355315446854
2907,19,135,369882,128,9.001608848571777,8.989161491394043,0.014973722398281097,1.0950373411178589,0.001,4786.688921451569
2908,19,136,370010,128,6.610472679138184,6.596050262451172,0.017925307154655457,1.2630176544189453,0.001,4788.0736746788025
2909,19,137,370138,128,7.7708635330200195,7.760165214538574,0.01761706732213497,0.893659234046936,0.001,4789.482956647873
2910,19,138,370266,128,7.689083576202393,7.677526950836182,0.014334052801132202,1.012339472770691,0.001,4790.875427246094
2911,19,139,370394,128,5.552812576293945,5.5409345626831055,0.013731754384934902,1.0504952669143677,0.001,4792.275557279587
2912,19,140,370522,128,5.392703533172607,5.381309509277344,0.012299488298594952,1.016420602798462,0.001,4793.697495937347
2913,19,141,370650,128,5.6866984367370605,5.674713611602783,0.014451742172241211,1.0539406538009644,0.001,4795.101091623306
2914,19,142,370778,128,5.52658224105835,5.514037132263184,0.01238439604640007,1.1306893825531006,0.001,4796.464299201965
2915,19,143,370906,128,6.404778480529785,6.39382266998291,0.01567891798913479,0.9388068914413452,0.001,4797.847927808762
2916,19,144,371034,128,7.403707504272461,7.392226696014404,0.017550958320498466,0.972533643245697,0.001,4799.238974332809
2917,19,145,371162,128,5.862292766571045,5.850768566131592,0.012123947031795979,1.031159520149231,0.001,4800.60485124588
2918,19,146,371290,128,6.077959060668945,6.065150737762451,0.015583768486976624,1.1250079870224,0.001,4801.985612154007
2919,19,147,371418,128,4.510516166687012,4.498027324676514,0.011481820605695248,1.1340820789337158,0.001,4803.364970445633
2920,19,148,371546,128,7.191566467285156,7.180284023284912,0.013358342461287975,0.9946628212928772,0.001,4804.748276233673
2921,19,149,371674,128,6.220320701599121,6.208136081695557,0.014339396730065346,1.075094223022461,0.001,4806.141062498093
2922,19,150,371802,128,6.769014358520508,6.755147933959961,0.016884205862879753,1.2177892923355103,0.001,4807.5406613349915
2923,19,151,371930,128,5.003138065338135,4.991286277770996,0.012341128662228584,1.0617506504058838,0.001,4808.930675268173
2924,19,152,372058,128,6.338927268981934,6.327491283416748,0.01606634072959423,0.982953667640686,0.001,4810.347662448883
2925,19,153,372186,128,7.213228225708008,7.199892520904541,0.015187687240540981,1.181718349456787,0.001,4811.76459145546
2926,19,154,372191,5,5.762426853179932,5.753234386444092,0.015268366783857346,0.7665582895278931,0.001,4811.9632177352905
2927,20,1,372319,128,11.094782829284668,11.084336280822754,0.02202655002474785,0.8243663907051086,0.0005,4858.9532923698425
2928,20,2,372447,128,8.016183853149414,8.00490951538086,0.018707338720560074,0.9403060674667358,0.0005,4860.362746953964
2929,20,3,372575,128,5.54788875579834,5.536843776702881,0.01633038930594921,0.9411699175834656,0.0005,4861.75576043129
2930,20,4,372703,128,5.568027973175049,5.557262420654297,0.012737484648823738,0.9492053389549255,0.0005,4863.141340494156
2931,20,5,372831,128,6.375941276550293,6.363928318023682,0.015255773440003395,1.048771858215332,0.0005,4864.529388427734
2932,20,6,372959,128,7.767741680145264,7.75507926940918,0.015581369400024414,1.1104003190994263,0.0005,4865.9008910655975
2933,20,7,373087,128,5.880316257476807,5.867619037628174,0.017465023323893547,1.0950604677200317,0.0005,4867.3007376194
2934,20,8,373215,128,5.843800067901611,5.832470417022705,0.013735609129071236,0.9955710768699646,0.0005,4868.669723987579
2935,20,9,373343,128,6.2126970291137695,6.199610710144043,0.01562807895243168,1.152374029159546,0.0005,4870.063019037247
2936,20,10,373471,128,5.6860575675964355,5.6742777824401855,0.013783186674118042,1.0401235818862915,0.0005,4871.456093549728
2937,20,11,373599,128,5.489474296569824,5.478177070617676,0.013810545206069946,0.9916373491287231,0.0005,4872.831875562668
2938,20,12,373727,128,6.6757988929748535,6.663197994232178,0.01507627498358488,1.1093031167984009,0.0005,4874.239543199539
2939,20,13,373855,128,6.863105773925781,6.852113246917725,0.015911364927887917,0.9401412010192871,0.0005,4875.648900508881
2940,20,14,373983,128,5.9566264152526855,5.943973064422607,0.01425956655293703,1.1227617263793945,0.0005,4877.004796504974
2941,20,15,374111,128,6.509869575500488,6.497870922088623,0.020078467205166817,0.9990741610527039,0.0005,4878.388982534409
2942,20,16,374239,128,6.814278602600098,6.802473545074463,0.018583690747618675,0.9946690797805786,0.0005,4879.780281543732
2943,20,17,374367,128,5.274460792541504,5.262457847595215,0.015156309120357037,1.048695683479309,0.0005,4881.154467582703
2944,20,18,374495,128,6.343703269958496,6.331741809844971,0.014153714291751385,1.0546222925186157,0.0005,4882.5604412555695
2945,20,19,374623,128,5.716413974761963,5.702348232269287,0.01456008292734623,1.2609965801239014,0.0005,4883.96268081665
2946,20,20,374751,128,8.019848823547363,8.006443977355957,0.020519156008958817,1.1352311372756958,0.0005,4885.350585222244
2947,20,21,374879,128,4.364193439483643,4.35031795501709,0.011777905747294426,1.2697705030441284,0.0005,4886.743324279785
2948,20,22,375007,128,5.8746795654296875,5.863536834716797,0.013453912921249866,0.9797371029853821,0.0005,4888.134625673294
2949,20,23,375135,128,7.250945091247559,7.239694595336914,0.013967782258987427,0.9853677153587341,0.0005,4889.526152133942
2950,20,24,375263,128,6.628660202026367,6.6160359382629395,0.017715098336338997,1.0852687358856201,0.0005,4890.924255609512
2951,20,25,375391,128,4.777446269989014,4.765435218811035,0.014083041809499264,1.0602864027023315,0.0005,4892.3217051029205
2952,20,26,375519,128,5.083414554595947,5.070225238800049,0.013567665591835976,1.1832716464996338,0.0005,4893.690343141556
2953,20,27,375647,128,6.013236999511719,6.002435207366943,0.016162050887942314,0.9185662865638733,0.0005,4895.059313774109
2954,20,28,375775,128,9.289870262145996,9.278738021850586,0.017827561125159264,0.9349539875984192,0.0005,4896.41933131218
2955,20,29,375903,128,5.081264495849609,5.069153785705566,0.01450274046510458,1.0660712718963623,0.0005,4897.785762548447
2956,20,30,376031,128,6.161245822906494,6.149308681488037,0.014732290990650654,1.0463566780090332,0.0005,4899.150283098221
2957,20,31,376159,128,7.775312900543213,7.764334201812744,0.018794815987348557,0.9098917245864868,0.0005,4900.484999656677
2958,20,32,376287,128,6.9490885734558105,6.937361717224121,0.016841841861605644,1.0042744874954224,0.0005,4901.820935964584
2959,20,33,376415,128,9.022127151489258,9.007951736450195,0.02336994744837284,1.1838383674621582,0.0005,4903.165654182434
2960,20,34,376543,128,5.492815017700195,5.480391979217529,0.013725809752941132,1.1050254106521606,0.0005,4904.500027418137
2961,20,35,376671,128,7.5016069412231445,7.489672660827637,0.015561215579509735,1.0378317832946777,0.0005,4905.813757181168
2962,20,36,376799,128,6.439448833465576,6.4269890785217285,0.016333168372511864,1.0826473236083984,0.0005,4907.153874158859
2963,20,37,376927,128,4.466933250427246,4.454884052276611,0.013981047086417675,1.0650990009307861,0.0005,4908.504974603653
2964,20,38,377055,128,8.110217094421387,8.098614692687988,0.01803993433713913,0.9797908663749695,0.0005,4909.892946720123
2965,20,39,377183,128,6.7252326011657715,6.712867259979248,0.015577748417854309,1.0807651281356812,0.0005,4911.276931762695
2966,20,40,377311,128,5.86685037612915,5.855384349822998,0.014899331144988537,0.9975847601890564,0.0005,4912.667285919189
2967,20,41,377439,128,5.500446796417236,5.488464832305908,0.013528629206120968,1.062923550605774,0.0005,4914.053432941437
2968,20,42,377567,128,5.487044811248779,5.474277019500732,0.013279275968670845,1.1439743041992188,0.0005,4915.439804792404
2969,20,43,377695,128,4.993408679962158,4.980191707611084,0.013012957759201527,1.1915881633758545,0.0005,4916.8144335746765
2970,20,44,377823,128,7.956280708312988,7.943878650665283,0.016286179423332214,1.0773776769638062,0.0005,4918.199779033661
2971,20,45,377951,128,6.325219631195068,6.31289529800415,0.0175255686044693,1.057217001914978,0.0005,4919.6248099803925
2972,20,46,378079,128,6.1126708984375,6.100931167602539,0.01842537522315979,0.9897059798240662,0.0005,4921.0243446826935
2973,20,47,378207,128,5.032697677612305,5.021304130554199,0.01404723059386015,0.9988979697227478,0.0005,4922.433629512787
2974,20,48,378335,128,5.277552604675293,5.265016555786133,0.012649834156036377,1.1271014213562012,0.0005,4923.852028131485
2975,20,49,378463,128,6.461184024810791,6.44857120513916,0.013825036585330963,1.1230581998825073,0.0005,4925.239108085632
2976,20,50,378591,128,6.822464942932129,6.811095237731934,0.01524300780147314,0.9845126271247864,0.0005,4926.5743153095245
2977,20,51,378719,128,6.344245910644531,6.332162380218506,0.016656650230288506,1.0417790412902832,0.0005,4927.949407577515
2978,20,52,378847,128,5.185104846954346,5.172371864318848,0.014875644817948341,1.124502182006836,0.0005,4929.345579624176
2979,20,53,378975,128,5.772304058074951,5.759600639343262,0.014933684840798378,1.1209948062896729,0.0005,4930.744412660599
2980,20,54,379103,128,5.82745885848999,5.815119743347168,0.015592423267662525,1.0779999494552612,0.0005,4932.1255848407745
2981,20,55,379231,128,5.272851467132568,5.262276649475098,0.014534604735672474,0.9121628999710083,0.0005,4933.49773311615
2982,20,56,379359,128,7.717687129974365,7.707316875457764,0.01392954122275114,0.8977208733558655,0.0005,4934.88224196434
2983,20,57,379487,128,5.825098991394043,5.811897277832031,0.01420988142490387,1.178084373474121,0.0005,4936.2616930007935
2984,20,58,379615,128,6.038011074066162,6.025970935821533,0.01369247492402792,1.0670472383499146,0.0005,4937.590185642242
2985,20,59,379743,128,5.764161586761475,5.753046989440918,0.013359990902245045,0.9778613448143005,0.0005,4938.960207223892
2986,20,60,379871,128,5.543898582458496,5.531154155731201,0.013968944549560547,1.1347851753234863,0.0005,4940.353734731674
2987,20,61,379999,128,7.308407783508301,7.296224594116211,0.018138093873858452,1.0369253158569336,0.0005,4941.753886938095
2988,20,62,380127,128,6.261138916015625,6.250908374786377,0.015686823055148125,0.8661694526672363,0.0005,4943.10999917984
2989,20,63,380255,128,4.816123008728027,4.804190635681152,0.01492764987051487,1.0439256429672241,0.0005,4944.511438369751
2990,20,64,380383,128,5.1826372146606445,5.17118501663208,0.013493537902832031,1.0102825164794922,0.0005,4945.879801273346
2991,20,65,380511,128,5.050858497619629,5.039247035980225,0.01700941100716591,0.9910542964935303,0.0005,4947.263485193253
2992,20,66,380639,128,4.49191427230835,4.480114459991455,0.016746072098612785,1.0125257968902588,0.0005,4948.683105230331
2993,20,67,380767,128,6.390328407287598,6.378105163574219,0.013202810660004616,1.090308427810669,0.0005,4950.056352138519
2994,20,68,380895,128,6.486581325531006,6.475108623504639,0.016945116221904755,0.9777964353561401,0.0005,4951.404026031494
2995,20,69,381023,128,7.6395392417907715,7.627932071685791,0.01774604432284832,0.9832373261451721,0.0005,4952.755081892014
2996,20,70,381151,128,6.160475254058838,6.146561145782471,0.015130228362977505,1.2401056289672852,0.0005,4954.0997104644775
2997,20,71,381279,128,6.138185501098633,6.124264240264893,0.018447592854499817,1.2076448202133179,0.0005,4955.474062681198
2998,20,72,381407,128,5.674985408782959,5.663278579711914,0.014405383728444576,1.0266392230987549,0.0005,4956.837258338928
2999,20,73,381535,128,4.380588054656982,4.369124889373779,0.01562492549419403,0.9900467395782471,0.0005,4958.217702865601
3000,20,74,381663,128,8.888117790222168,8.876612663269043,0.020461836829781532,0.9459011554718018,0.0005,4959.58341217041
3001,20,75,381791,128,6.581094741821289,6.5692524909973145,0.019042959436774254,0.9937593340873718,0.0005,4960.989427089691
3002,20,76,381919,128,5.436249732971191,5.424214839935303,0.01304822601377964,1.0730334520339966,0.0005,4962.358499288559
3003,20,77,382047,128,5.525181293487549,5.515051364898682,0.0178994033485651,0.833999752998352,0.0005,4963.727506875992
3004,20,78,382175,128,5.658214092254639,5.645282745361328,0.011434059590101242,1.1788047552108765,0.0005,4965.088705778122
3005,20,79,382303,128,7.2503838539123535,7.238014221191406,0.014257061295211315,1.0943735837936401,0.0005,4966.469994544983
3006,20,80,382431,128,8.850043296813965,8.838492393493652,0.021383969113230705,0.9413154721260071,0.0005,4967.845167636871
3007,20,81,382559,128,9.000021934509277,8.989810943603516,0.016717905178666115,0.8539564609527588,0.0005,4969.232656478882
3008,20,82,382687,128,5.30433988571167,5.291863918304443,0.013852066360414028,1.1090763807296753,0.0005,4970.630566358566
3009,20,83,382815,128,5.271361827850342,5.2591423988342285,0.014821769669651985,1.0737534761428833,0.0005,4972.0089201927185
3010,20,84,382943,128,7.402990818023682,7.391213417053223,0.019433973357081413,0.9833703637123108,0.0005,4973.380522489548
3011,20,85,383071,128,5.725873947143555,5.71486759185791,0.018699517473578453,0.9136323928833008,0.0005,4974.7531707286835
3012,20,86,383199,128,5.1774067878723145,5.166906356811523,0.012020527385175228,0.9298374652862549,0.0005,4976.105486631393
3013,20,87,383327,128,5.632543563842773,5.619595050811768,0.013081284239888191,1.164049744606018,0.0005,4977.499958753586
3014,20,88,383455,128,5.729365348815918,5.717509746551514,0.01598329283297062,1.0257397890090942,0.0005,4978.926816701889
3015,20,89,383583,128,6.028928756713867,6.017048358917236,0.0164501890540123,1.0235239267349243,0.0005,4980.330410480499
3016,20,90,383711,128,7.839565753936768,7.827360153198242,0.020707935094833374,1.0134488344192505,0.0005,4981.745480775833
3017,20,91,383839,128,5.166113376617432,5.154888153076172,0.01326766051352024,0.9898585081100464,0.0005,4983.116500139236
3018,20,92,383967,128,5.918537616729736,5.907372951507568,0.012619015760719776,0.9902766942977905,0.0005,4984.518711805344
3019,20,93,384095,128,6.058102130889893,6.046393871307373,0.013411814346909523,1.0366700887680054,0.0005,4985.918055534363
3020,20,94,384223,128,9.045639038085938,9.03493881225586,0.018647952005267143,0.8836266398429871,0.0005,4987.314558982849
3021,20,95,384351,128,7.8255720138549805,7.815035343170166,0.014929828234016895,0.9043916463851929,0.0005,4988.716936826706
3022,20,96,384479,128,6.83867883682251,6.827218532562256,0.016607200726866722,0.9799625277519226,0.0005,4990.121290922165
3023,20,97,384607,128,8.732321739196777,8.720810890197754,0.01795416884124279,0.9715427756309509,0.0005,4991.480912923813
3024,20,98,384735,128,4.977478981018066,4.966684341430664,0.01608806848526001,0.9185727834701538,0.0005,4992.88588476181
3025,20,99,384863,128,7.954127788543701,7.94170618057251,0.020807811990380287,1.0340880155563354,0.0005,4994.285838842392
3026,20,100,384991,128,6.296161651611328,6.283176422119141,0.014739888720214367,1.1511402130126953,0.0005,4995.611843824387
3027,20,101,385119,128,7.640995025634766,7.629448413848877,0.023065531626343727,0.9239972829818726,0.0005,4996.9550750255585
3028,20,102,385247,128,6.47411584854126,6.460849285125732,0.01602940447628498,1.1663215160369873,0.0005,4998.33980846405
3029,20,103,385375,128,5.82513427734375,5.810911178588867,0.013623540289700031,1.286056399345398,0.0005,4999.734480142593
3030,20,104,385503,128,6.12123441696167,6.107292175292969,0.01477484405040741,1.2464748620986938,0.0005,5001.119079828262
3031,20,105,385631,128,5.937839984893799,5.926802158355713,0.016162307932972908,0.9421929121017456,0.0005,5002.516090393066
3032,20,106,385759,128,7.935256481170654,7.923323154449463,0.01644670031964779,1.0288480520248413,0.0005,5003.90961766243
3033,20,107,385887,128,5.589845180511475,5.578675270080566,0.013692009262740612,0.9800851941108704,0.0005,5005.30543923378
3034,20,108,386015,128,3.080152988433838,3.067556858062744,0.011594714596867561,1.143666386604309,0.0005,5006.691688537598
3035,20,109,386143,128,5.096874237060547,5.084500312805176,0.011080404743552208,1.1265836954116821,0.0005,5008.08406829834
3036,20,110,386271,128,7.739348411560059,7.728423595428467,0.017949996516108513,0.9129976034164429,0.0005,5009.486170053482
3037,20,111,386399,128,6.892751216888428,6.881052017211914,0.02528303861618042,0.9171032309532166,0.0005,5010.878475427628
3038,20,112,386527,128,6.062050819396973,6.051077842712402,0.017253417521715164,0.9247913360595703,0.0005,5012.267283439636
3039,20,113,386655,128,5.412331581115723,5.401818752288818,0.012749736197292805,0.923760175704956,0.0005,5013.653435230255
3040,20,114,386783,128,4.635825157165527,4.624330997467041,0.012229385785758495,1.0271226167678833,0.0005,5015.040145874023
3041,20,115,386911,128,4.6743388175964355,4.663215637207031,0.013454670086503029,0.9777489900588989,0.0005,5016.41864824295
3042,20,116,387039,128,5.977957725524902,5.9682936668396,0.012938003055751324,0.8370371460914612,0.0005,5017.834302663803
3043,20,117,387167,128,6.0350341796875,6.0239481925964355,0.015217146836221218,0.9564289450645447,0.0005,5019.243810892105
3044,20,118,387295,128,5.782851219177246,5.7720561027526855,0.01645679585635662,0.9149537682533264,0.0005,5020.620769262314
3045,20,119,387423,128,5.412836074829102,5.400519847869873,0.01756991632282734,1.0559041500091553,0.0005,5022.075897455215
3046,20,120,387551,128,5.250239849090576,5.238650798797607,0.013694589026272297,1.0219480991363525,0.0005,5023.449810504913
3047,20,121,387679,128,5.993989944458008,5.983165740966797,0.013998842798173428,0.9424408674240112,0.0005,5024.846412420273
3048,20,122,387807,128,5.616321086883545,5.604979991912842,0.014724728651344776,0.9868715405464172,0.0005,5026.244505882263
3049,20,123,387935,128,6.565584182739258,6.553843975067139,0.015359098091721535,1.0204219818115234,0.0005,5027.639976739883
3050,20,124,388063,128,5.872331142425537,5.860210418701172,0.01237848587334156,1.088304877281189,0.0005,5029.037663459778
3051,20,125,388191,128,4.563930988311768,4.551573753356934,0.012964225374162197,1.1060572862625122,0.0005,5030.401631355286
3052,20,126,388319,128,5.896373271942139,5.884477615356445,0.018301265314221382,1.0065640211105347,0.0005,5031.8039309978485
3053,20,127,388447,128,5.184390068054199,5.172736644744873,0.013044171035289764,1.0349026918411255,0.0005,5033.19059419632
3054,20,128,388575,128,4.172082424163818,4.161012649536133,0.014493673108518124,0.9620004892349243,0.0005,5034.598133802414
3055,20,129,388703,128,6.641393661499023,6.629458904266357,0.019651129841804504,0.9969585537910461,0.0005,5035.975383758545
3056,20,130,388831,128,5.124260902404785,5.110357284545898,0.013068998232483864,1.2596789598464966,0.0005,5037.362872600555
3057,20,131,388959,128,5.7246294021606445,5.711780071258545,0.016966499388217926,1.1152716875076294,0.0005,5038.76708316803
3058,20,132,389087,128,5.75123405456543,5.737414836883545,0.014787587337195873,1.234067678451538,0.0005,5040.1802179813385
3059,20,133,389215,128,7.5083088874816895,7.496750831604004,0.015373500064015388,1.0020720958709717,0.0005,5041.575569391251
3060,20,134,389343,128,8.469090461730957,8.457661628723145,0.019923124462366104,0.943675696849823,0.0005,5042.996382713318
3061,20,135,389471,128,5.439566135406494,5.426586627960205,0.018537119030952454,1.1125786304473877,0.0005,5044.3999218940735
3062,20,136,389599,128,9.09308910369873,9.081076622009277,0.019382234662771225,1.0075026750564575,0.0005,5045.769273042679
3063,20,137,389727,128,6.8912763595581055,6.879220008850098,0.02094004862010479,0.9962358474731445,0.0005,5047.1477954387665
3064,20,138,389855,128,8.101289749145508,8.090603828430176,0.01818636804819107,0.8867325186729431,0.0005,5048.547456979752
3065,20,139,389983,128,5.888216018676758,5.876230239868164,0.01302502304315567,1.0683274269104004,0.0005,5049.922976016998
3066,20,140,390111,128,5.622925281524658,5.612215995788574,0.018313011154532433,0.8877628445625305,0.0005,5051.2763912677765
3067,20,141,390239,128,4.755020618438721,4.743932247161865,0.013007081113755703,0.9787358045578003,0.0005,5052.627198934555
3068,20,142,390367,128,5.83870792388916,5.826796531677246,0.0190396998077631,1.0007474422454834,0.0005,5054.016514539719
3069,20,143,390495,128,5.858573913574219,5.848562240600586,0.016549592837691307,0.8356425762176514,0.0005,5055.386598825455
3070,20,144,390623,128,5.616940498352051,5.606024742126465,0.012485708110034466,0.9667217135429382,0.0005,5056.739216566086
3071,20,145,390751,128,7.149727821350098,7.137924671173096,0.02024504914879799,0.977860689163208,0.0005,5058.11757683754
3072,20,146,390879,128,5.787265300750732,5.774888038635254,0.015900973230600357,1.0787079334259033,0.0005,5059.508908033371
3073,20,147,391007,128,5.197605133056641,5.185452938079834,0.014196648262441158,1.0732777118682861,0.0005,5060.889738082886
3074,20,148,391135,128,4.668285846710205,4.656574726104736,0.014770843088626862,1.023396372795105,0.0005,5062.292747974396
3075,20,149,391263,128,6.362033367156982,6.350916862487793,0.015194013714790344,0.9597373604774475,0.0005,5063.6583461761475
3076,20,150,391391,128,7.039863109588623,7.0292067527771,0.017562424764037132,0.8900133371353149,0.0005,5065.027169942856
3077,20,151,391519,128,5.999607086181641,5.988114356994629,0.015748385339975357,0.9917588233947754,0.0005,5066.378615140915
3078,20,152,391647,128,5.810485363006592,5.799549102783203,0.015599722042679787,0.9376592636108398,0.0005,5067.7327172756195
3079,20,153,391775,128,5.845434188842773,5.833913326263428,0.013179457746446133,1.0202924013137817,0.0005,5069.097606658936
3080,20,154,391780,5,11.722214698791504,11.708352088928223,0.014827915467321873,1.237945795059204,0.0005,5069.418386220932
3081,21,1,391908,128,4.858776092529297,4.8465118408203125,0.015770627185702324,1.0687156915664673,0.0005,5116.2335867881775
3082,21,2,392036,128,6.514807224273682,6.502966403961182,0.016410870477557182,1.0199353694915771,0.0005,5117.614591360092
3083,21,3,392164,128,5.9965972900390625,5.986083507537842,0.017753228545188904,0.8738500475883484,0.0005,5119.009902954102
3084,21,4,392292,128,5.376642227172852,5.364660263061523,0.013147586956620216,1.0667099952697754,0.0005,5120.358129739761
3085,21,5,392420,128,6.887036323547363,6.876115798950195,0.014908603392541409,0.9429627060890198,0.0005,5121.745433092117
3086,21,6,392548,128,5.292853355407715,5.2809295654296875,0.014742967672646046,1.04495370388031,0.0005,5123.11810874939
3087,21,7,392676,128,6.583253383636475,6.572462558746338,0.014803528785705566,0.9310084581375122,0.0005,5124.4705283641815
3088,21,8,392804,128,5.170400142669678,5.158260345458984,0.014826290309429169,1.0657545328140259,0.0005,5125.82261300087
3089,21,9,392932,128,4.619339466094971,4.607349872589111,0.013453147374093533,1.0644314289093018,0.0005,5127.194692134857
3090,21,10,393060,128,4.683476448059082,4.672380447387695,0.014256581664085388,0.9670300483703613,0.0005,5128.596462011337
3091,21,11,393188,128,6.360016822814941,6.347332954406738,0.013676508329808712,1.131649374961853,0.0005,5129.940271139145
3092,21,12,393316,128,5.995916366577148,5.985175132751465,0.013337619602680206,0.9407542943954468,0.0005,5131.316929101944
3093,21,13,393444,128,6.9124250411987305,6.90081787109375,0.015985015779733658,1.000859260559082,0.0005,5132.635895729065
3094,21,14,393572,128,6.593743324279785,6.58197546005249,0.015310791321098804,1.0236692428588867,0.0005,5134.007797956467
3095,21,15,393700,128,4.7387285232543945,4.726808547973633,0.01381127443164587,1.0538865327835083,0.0005,5135.352671384811
3096,21,16,393828,128,7.3994669914245605,7.387277603149414,0.016988659277558327,1.049065113067627,0.0005,5136.7511212825775
3097,21,17,393956,128,6.6082587242126465,6.595748424530029,0.015820471569895744,1.0928317308425903,0.0005,5138.116342782974
3098,21,18,394084,128,5.678679943084717,5.666140556335449,0.019297990947961807,1.0609761476516724,0.0005,5139.478186607361
3099,21,19,394212,128,6.269087791442871,6.258281707763672,0.014428377151489258,0.936326265335083,0.0005,5140.832054376602
3100,21,20,394340,128,5.98774528503418,5.975497245788574,0.01593140698969364,1.065481424331665,0.0005,5142.1928062438965
3101,21,21,394468,128,4.83660888671875,4.825128078460693,0.013681125827133656,1.0112918615341187,0.0005,5143.561252117157
3102,21,22,394596,128,5.572803497314453,5.560500144958496,0.015856115147471428,1.0717710256576538,0.0005,5144.922135591507
3103,21,23,394724,128,5.05662202835083,5.044810771942139,0.013998438604176044,1.0411429405212402,0.0005,5146.297004938126
3104,21,24,394852,128,6.032985687255859,6.021884918212891,0.015493218787014484,0.9551451802253723,0.0005,5147.674422740936
3105,21,25,394980,128,5.480299472808838,5.468766212463379,0.01770724728703499,0.9762722253799438,0.0005,5149.062786579132
3106,21,26,395108,128,4.781460285186768,4.769521236419678,0.015999743714928627,1.0339469909667969,0.0005,5150.464822769165
3107,21,27,395236,128,6.009588718414307,5.998068809509277,0.01453190203756094,1.00664222240448,0.0005,5151.862234115601
3108,21,28,395364,128,6.529665946960449,6.51909065246582,0.0150224594399333,0.9073066711425781,0.0005,5153.257525444031
3109,21,29,395492,128,4.9894700050354,4.978058815002441,0.013591478578746319,1.0052012205123901,0.0005,5154.645614385605
3110,21,30,395620,128,5.611652374267578,5.601737022399902,0.014515957795083523,0.8464096188545227,0.0005,5156.040453195572
3111,21,31,395748,128,5.7213134765625,5.708642959594727,0.013819507323205471,1.1288764476776123,0.0005,5157.42559838295
3112,21,32,395876,128,7.535942554473877,7.524803161621094,0.023588625714182854,0.8780356049537659,0.0005,5158.817826032639
3113,21,33,396004,128,6.836825847625732,6.825780391693115,0.014598873443901539,0.9585386514663696,0.0005,5160.215060710907
3114,21,34,396132,128,5.597733020782471,5.586776256561279,0.014517820440232754,0.9504899978637695,0.0005,5161.602385044098
3115,21,35,396260,128,6.802068710327148,6.7911882400512695,0.015444010496139526,0.9335781931877136,0.0005,5162.9680461883545
3116,21,36,396388,128,5.047957420349121,5.035976409912109,0.020373061299324036,0.9943574070930481,0.0005,5164.354360342026
3117,21,37,396516,128,5.003694534301758,4.991323947906494,0.013371506705880165,1.103376030921936,0.0005,5165.705412387848
3118,21,38,396644,128,4.88553524017334,4.874580383300781,0.011390339583158493,0.9815831184387207,0.0005,5167.058298826218
3119,21,39,396772,128,5.183309078216553,5.1718854904174805,0.012317142449319363,1.01920747756958,0.0005,5168.43519616127
3120,21,40,396900,128,3.9258720874786377,3.9142773151397705,0.020655348896980286,0.9529420733451843,0.0005,5169.809412479401
3121,21,41,397028,128,6.333827018737793,6.322096347808838,0.016161976382136345,1.0114517211914062,0.0005,5171.152883529663
3122,21,42,397156,128,5.278028964996338,5.2652506828308105,0.01638983190059662,1.1139343976974487,0.0005,5172.554728031158
3123,21,43,397284,128,6.205111980438232,6.194276809692383,0.01856960915029049,0.8978132605552673,0.0005,5173.944807767868
3124,21,44,397412,128,7.416241645812988,7.404635429382324,0.017993414774537086,0.9807335138320923,0.0005,5175.317746639252
3125,21,45,397540,128,5.27249813079834,5.260581016540527,0.015763437375426292,1.0340478420257568,0.0005,5176.7039206027985
3126,21,46,397668,128,5.988692283630371,5.9771037101745605,0.016656624153256416,0.9922745823860168,0.0005,5178.079017400742
3127,21,47,397796,128,6.182439804077148,6.171463489532471,0.012950683943927288,0.9681389331817627,0.0005,5179.4174547195435
3128,21,48,397924,128,5.332632541656494,5.3215107917785645,0.014214853756129742,0.9700391888618469,0.0005,5180.8192183971405
3129,21,49,398052,128,5.1486639976501465,5.135897159576416,0.011232549324631691,1.1643412113189697,0.0005,5182.171372175217
3130,21,50,398180,128,6.212309837341309,6.199784755706787,0.014796948991715908,1.1045244932174683,0.0005,5183.508106946945
3131,21,51,398308,128,5.871070861816406,5.860525131225586,0.015276476740837097,0.9017731547355652,0.0005,5184.843339920044
3132,21,52,398436,128,5.820293426513672,5.809401988983154,0.013137931935489178,0.9577842950820923,0.0005,5186.181483030319
3133,21,53,398564,128,4.957573413848877,4.9451904296875,0.012920352630317211,1.1090854406356812,0.0005,5187.520636558533
3134,21,54,398692,128,5.481822967529297,5.470128536224365,0.014523200690746307,1.0242217779159546,0.0005,5188.853595018387
3135,21,55,398820,128,5.796416759490967,5.784517288208008,0.014479036442935467,1.0451873540878296,0.0005,5190.207822799683
3136,21,56,398948,128,9.49341106414795,9.481256484985352,0.01831606589257717,1.0322253704071045,0.0005,5191.561342000961
3137,21,57,399076,128,7.1554388999938965,7.145432472229004,0.015469923615455627,0.8459444046020508,0.0005,5192.879899978638
3138,21,58,399204,128,7.348897457122803,7.337453365325928,0.017203448340296745,0.9723739624023438,0.0005,5194.284757137299
3139,21,59,399332,128,5.533432483673096,5.523502826690674,0.014452765695750713,0.848414957523346,0.0005,5195.673285484314
3140,21,60,399460,128,6.900116920471191,6.887635231018066,0.016154317185282707,1.0866334438323975,0.0005,5197.064825057983
3141,21,61,399588,128,8.859267234802246,8.847257614135742,0.015345031395554543,1.0475568771362305,0.0005,5198.442434310913
3142,21,62,399716,128,5.622725009918213,5.610635757446289,0.015149506740272045,1.0574241876602173,0.0005,5199.794818401337
3143,21,63,399844,128,6.071417808532715,6.060566425323486,0.014901841059327126,0.9361103773117065,0.0005,5201.149473667145
3144,21,64,399972,128,6.884905815124512,6.873916149139404,0.017909705638885498,0.9198800325393677,0.0005,5202.510370731354
3145,21,65,400100,128,5.051276206970215,5.0413618087768555,0.012016650289297104,0.8712774515151978,0.0005,5203.869756698608
3146,21,66,400228,128,6.1137285232543945,6.101816654205322,0.023422209545969963,0.9569816589355469,0.0005,5205.250633478165
3147,21,67,400356,128,10.148490905761719,10.137036323547363,0.0178238395601511,0.9671849608421326,0.0005,5206.661023378372
3148,21,68,400484,128,6.725355625152588,6.71347713470459,0.01373757142573595,1.050479769706726,0.0005,5208.070096731186
3149,21,69,400612,128,7.521782875061035,7.510837554931641,0.01770932413637638,0.9174357652664185,0.0005,5209.4649448394775
3150,21,70,400740,128,6.44830322265625,6.436886787414551,0.015718845650553703,0.9844919443130493,0.0005,5210.853490591049
3151,21,71,400868,128,5.119404315948486,5.10808801651001,0.013545984402298927,0.9961714148521423,0.0005,5212.225607395172
3152,21,72,400996,128,6.634350776672363,6.623159408569336,0.017064964398741722,0.9484996795654297,0.0005,5213.59708738327
3153,21,73,401124,128,5.972021579742432,5.9605913162231445,0.017579367384314537,0.9672272801399231,0.0005,5214.952305793762
3154,21,74,401252,128,6.437495708465576,6.424921035766602,0.01596824824810028,1.0977805852890015,0.0005,5216.339236736298
3155,21,75,401380,128,5.908322334289551,5.896123886108398,0.016148582100868225,1.058351755142212,0.0005,5217.723844766617
3156,21,76,401508,128,6.5692644119262695,6.556909084320068,0.013531890697777271,1.100183367729187,0.0005,5219.120605707169
3157,21,77,401636,128,3.656867027282715,3.6464109420776367,0.010708030313253403,0.9385454058647156,0.0005,5220.487380743027
3158,21,78,401764,128,4.651111125946045,4.639259338378906,0.012383321300148964,1.061356544494629,0.0005,5221.869012594223
3159,21,79,401892,128,6.659407615661621,6.647956848144531,0.016887053847312927,0.9762428998947144,0.0005,5223.258986949921
3160,21,80,402020,128,8.154052734375,8.142192840576172,0.01487161498516798,1.0373543500900269,0.0005,5224.609661817551
3161,21,81,402148,128,8.083887100219727,8.073271751403809,0.017881318926811218,0.8827162981033325,0.0005,5225.9712727069855
3162,21,82,402276,128,6.570823669433594,6.560560703277588,0.015717903152108192,0.8691385984420776,0.0005,5227.318353176117
3163,21,83,402404,128,6.944855213165283,6.933393478393555,0.016097990795969963,0.985176682472229,0.0005,5228.674167633057
3164,21,84,402532,128,9.487297058105469,9.475445747375488,0.01898098737001419,0.9953284859657288,0.0005,5230.01845574379
3165,21,85,402660,128,6.197000026702881,6.1846604347229,0.015348684974014759,1.0804741382598877,0.0005,5231.369950532913
3166,21,86,402788,128,6.59346342086792,6.581572532653809,0.013283110223710537,1.0562571287155151,0.0005,5232.703526496887
3167,21,87,402916,128,6.417083740234375,6.403910160064697,0.0193063672631979,1.124267816543579,0.0005,5234.036647558212
3168,21,88,403044,128,8.572399139404297,8.559286117553711,0.018116913735866547,1.1301099061965942,0.0005,5235.395636081696
3169,21,89,403172,128,6.717901229858398,6.706457614898682,0.015901291742920876,0.9853473901748657,0.0005,5236.747715473175
3170,21,90,403300,128,4.769974708557129,4.759770393371582,0.017549801617860794,0.8449717164039612,0.0005,5238.123020172119
3171,21,91,403428,128,5.086293697357178,5.075389862060547,0.016619903966784477,0.9241973161697388,0.0005,5239.526226758957
3172,21,92,403556,128,5.926181316375732,5.915009498596191,0.01847056858241558,0.9324464797973633,0.0005,5240.933743238449
3173,21,93,403684,128,5.04904317855835,5.039175987243652,0.016075067222118378,0.8259798884391785,0.0005,5242.350469350815
3174,21,94,403812,128,4.22847318649292,4.217592239379883,0.014102155342698097,0.9470762014389038,0.0005,5243.745580673218
3175,21,95,403940,128,5.610487461090088,5.599359035491943,0.01589941419661045,0.9538577198982239,0.0005,5245.123260259628
3176,21,96,404068,128,6.139100551605225,6.128666877746582,0.016008494421839714,0.8832897543907166,0.0005,5246.524125576019
3177,21,97,404196,128,6.988759517669678,6.978016376495361,0.018024293705821037,0.8940914869308472,0.0005,5247.892431020737
3178,21,98,404324,128,6.235220432281494,6.223181247711182,0.01428529154509306,1.0610395669937134,0.0005,5249.261692047119
3179,21,99,404452,128,4.929046154022217,4.917364120483398,0.013416836969554424,1.0340361595153809,0.0005,5250.627032279968
3180,21,100,404580,128,6.056695938110352,6.046123504638672,0.016758611425757408,0.8896389603614807,0.0005,5251.980144262314
3181,21,101,404708,128,5.545565128326416,5.534914970397949,0.012998051941394806,0.9350419640541077,0.0005,5253.334993839264
3182,21,102,404836,128,5.040539264678955,5.028177261352539,0.013849071227014065,1.0977447032928467,0.0005,5254.716783285141
3183,21,103,404964,128,6.6762566566467285,6.665019512176514,0.014912040904164314,0.9746036529541016,0.0005,5256.093975782394
3184,21,104,405092,128,4.76384162902832,4.752227306365967,0.011388040147721767,1.0475494861602783,0.0005,5257.471894979477
3185,21,105,405220,128,5.9388508796691895,5.928043842315674,0.015583894215524197,0.9248965978622437,0.0005,5258.8463978767395
3186,21,106,405348,128,8.585208892822266,8.57337474822998,0.01694682613015175,1.0139739513397217,0.0005,5260.212739706039
3187,21,107,405476,128,5.772906303405762,5.7603864669799805,0.017875727266073227,1.0732263326644897,0.0005,5261.58620762825
3188,21,108,405604,128,6.398050785064697,6.386795520782471,0.017597652971744537,0.9495652318000793,0.0005,5262.970657110214
3189,21,109,405732,128,5.357584476470947,5.345085620880127,0.01579943113029003,1.091925024986267,0.0005,5264.374619722366
3190,21,110,405860,128,5.334996223449707,5.322897434234619,0.01743295043706894,1.0355619192123413,0.0005,5265.779853582382
3191,21,111,405988,128,5.763974666595459,5.7522664070129395,0.016060305759310722,1.010206937789917,0.0005,5267.191434144974
3192,21,112,406116,128,5.689593315124512,5.678422451019287,0.015909552574157715,0.9579963088035583,0.0005,5268.5875153541565
3193,21,113,406244,128,5.325187683105469,5.31261682510376,0.01985558681190014,1.0585265159606934,0.0005,5269.9752514362335
3194,21,114,406372,128,6.324674129486084,6.312228679656982,0.014978170394897461,1.09474778175354,0.0005,5271.324542045593
3195,21,115,406500,128,6.981300354003906,6.971014499664307,0.017664290964603424,0.8519604802131653,0.0005,5272.676610469818
3196,21,116,406628,128,5.7916364669799805,5.779727458953857,0.01756630651652813,1.015255331993103,0.0005,5274.0368773937225
3197,21,117,406756,128,5.11749267578125,5.105325222015381,0.017386047169566154,1.0429141521453857,0.0005,5275.39914894104
3198,21,118,406884,128,6.225677013397217,6.2142534255981445,0.014404132030904293,0.9983206987380981,0.0005,5276.7880890369415
3199,21,119,407012,128,5.0333099365234375,5.021803379058838,0.01832604967057705,0.9674273729324341,0.0005,5278.16418170929
3200,21,120,407140,128,7.222557544708252,7.210970878601074,0.020050380378961563,0.9581685662269592,0.0005,5279.5702657699585
3201,21,121,407268,128,6.681739330291748,6.668839454650879,0.014883550815284252,1.141150712966919,0.0005,5280.942923784256
3202,21,122,407396,128,4.277198791503906,4.2649993896484375,0.010203809477388859,1.1179090738296509,0.0005,5282.3500010967255
3203,21,123,407524,128,7.092586517333984,7.081789970397949,0.01546376384794712,0.9250401258468628,0.0005,5283.753039121628
3204,21,124,407652,128,9.077472686767578,9.065911293029785,0.019402574747800827,0.9620795845985413,0.0005,5285.1636345386505
3205,21,125,407780,128,7.893084526062012,7.882004737854004,0.013843300752341747,0.9695448279380798,0.0005,5286.560454368591
3206,21,126,407908,128,5.393617630004883,5.382064342498779,0.01559483539313078,0.9993971586227417,0.0005,5287.945296287537
3207,21,127,408036,128,5.16848611831665,5.157655715942383,0.015665506944060326,0.9263787865638733,0.0005,5289.3379464149475
3208,21,128,408164,128,7.604067325592041,7.594023704528809,0.014376426115632057,0.8606002926826477,0.0005,5290.735632419586
3209,21,129,408292,128,5.109282493591309,5.098522186279297,0.013642284087836742,0.9396136999130249,0.0005,5292.148544549942
3210,21,130,408420,128,7.021882057189941,7.010352611541748,0.01736743561923504,0.9793018698692322,0.0005,5293.567743778229
3211,21,131,408548,128,6.05527400970459,6.044482707977295,0.015332735143601894,0.9257766604423523,0.0005,5294.961724281311
3212,21,132,408676,128,6.861720561981201,6.850751876831055,0.0177012886852026,0.9198530912399292,0.0005,5296.353671550751
3213,21,133,408804,128,5.066697120666504,5.055047035217285,0.018873581662774086,0.9762750864028931,0.0005,5297.737755060196
3214,21,134,408932,128,5.061934471130371,5.050695896148682,0.01294009666889906,0.9944236278533936,0.0005,5299.134402513504
3215,21,135,409060,128,5.7972917556762695,5.787173271179199,0.012859228067100048,0.8832589983940125,0.0005,5300.540392398834
3216,21,136,409188,128,5.5019025802612305,5.490102767944336,0.013259815983474255,1.0473759174346924,0.0005,5301.932700872421
3217,21,137,409316,128,5.214452266693115,5.203551292419434,0.014181128703057766,0.948273777961731,0.0005,5303.313814163208
3218,21,138,409444,128,6.813976764678955,6.803613662719727,0.0172113049775362,0.8642388582229614,0.0005,5304.669361829758
3219,21,139,409572,128,7.5165839195251465,7.505790710449219,0.0183830838650465,0.8954858183860779,0.0005,5306.043665647507
3220,21,140,409700,128,6.573023319244385,6.562849998474121,0.01569439098238945,0.8603856563568115,0.0005,5307.393031597137
3221,21,141,409828,128,6.551098823547363,6.539900779724121,0.013536212034523487,0.9844128489494324,0.0005,5308.770609617233
3222,21,142,409956,128,5.666007995605469,5.655706882476807,0.014646141789853573,0.8836392164230347,0.0005,5310.134690999985
3223,21,143,410084,128,5.418398857116699,5.407779693603516,0.013546764850616455,0.9264631271362305,0.0005,5311.527304172516
3224,21,144,410212,128,5.568327903747559,5.556440353393555,0.014526746235787868,1.0434945821762085,0.0005,5312.929498195648
3225,21,145,410340,128,5.923420429229736,5.913506984710693,0.015283751301467419,0.8385166525840759,0.0005,5314.321620941162
3226,21,146,410468,128,6.016243934631348,6.005967617034912,0.012630537152290344,0.9012941718101501,0.0005,5315.741822957993
3227,21,147,410596,128,6.177346706390381,6.167231559753418,0.015017948113381863,0.8613476753234863,0.0005,5317.141102313995
3228,21,148,410724,128,5.024995803833008,5.014510631561279,0.011598794721066952,0.9325361847877502,0.0005,5318.541538715363
3229,21,149,410852,128,7.482321739196777,7.472102165222168,0.016638657078146935,0.8555651903152466,0.0005,5319.922191143036
3230,21,150,410980,128,6.925891399383545,6.914296627044678,0.015487504191696644,1.0046125650405884,0.0005,5321.304110765457
3231,21,151,411108,128,5.688752174377441,5.677377223968506,0.015551594085991383,0.9819875955581665,0.0005,5322.688501119614
3232,21,152,411236,128,6.040005683898926,6.028429985046387,0.017768362537026405,0.9799149036407471,0.0005,5324.063446998596
3233,21,153,411364,128,5.13269567489624,5.12056303024292,0.01593870483338833,1.0538380146026611,0.0005,5325.440436601639
3234,21,154,411369,5,3.237943172454834,3.2267415523529053,0.008333372883498669,1.036842942237854,0.0005,5325.817723035812
3235,22,1,411497,128,5.566123008728027,5.55605936050415,0.013339159078896046,0.873003363609314,0.0005,5373.088268518448
3236,22,2,411625,128,5.5424580574035645,5.531161785125732,0.013325423002243042,0.9963566660881042,0.0005,5374.477459192276
3237,22,3,411753,128,5.5481791496276855,5.536124229431152,0.018635114654898643,1.0191295146942139,0.0005,5375.835584640503
3238,22,4,411881,128,5.305290222167969,5.293054580688477,0.01639438234269619,1.0596386194229126,0.0005,5377.214427471161
3239,22,5,412009,128,7.582063674926758,7.569743633270264,0.01993473246693611,1.032625436782837,0.0005,5378.593944787979
3240,22,6,412137,128,7.332089900970459,7.320805549621582,0.016313938423991203,0.9653098583221436,0.0005,5379.976360321045
3241,22,7,412265,128,7.763108730316162,7.750463008880615,0.018665773794054985,1.0779476165771484,0.0005,5381.345266342163
3242,22,8,412393,128,7.833877086639404,7.82236909866333,0.017576679587364197,0.9750503897666931,0.0005,5382.72887969017
3243,22,9,412521,128,7.199757099151611,7.187826633453369,0.021944455802440643,0.9736287593841553,0.0005,5384.1443202495575
3244,22,10,412649,128,5.606817245483398,5.594353675842285,0.01527030672878027,1.0936788320541382,0.0005,5385.541516780853
3245,22,11,412777,128,5.956811428070068,5.946554660797119,0.013667404651641846,0.8889923095703125,0.0005,5386.914994716644
3246,22,12,412905,128,6.366390705108643,6.355736255645752,0.015619318000972271,0.9092507362365723,0.0005,5388.297233581543
3247,22,13,413033,128,7.818686485290527,7.807694435119629,0.0185770932585001,0.9134501218795776,0.0005,5389.642824888229
3248,22,14,413161,128,7.09152889251709,7.080433368682861,0.01801059953868389,0.9294683933258057,0.0005,5391.006867170334
3249,22,15,413289,128,5.268174648284912,5.257619857788086,0.013529735617339611,0.9201920628547668,0.0005,5392.38279914856
3250,22,16,413417,128,6.764265060424805,6.754457473754883,0.017211956903338432,0.8085994124412537,0.0005,5393.741940736771
3251,22,17,413545,128,6.0061564445495605,5.995977401733398,0.01791594736278057,0.8387441635131836,0.0005,5395.112279891968
3252,22,18,413673,128,5.474397659301758,5.4636077880859375,0.01600896380841732,0.918893575668335,0.0005,5396.47164440155
3253,22,19,413801,128,4.133458614349365,4.123623371124268,0.014200820587575436,0.8415102958679199,0.0005,5397.841220378876
3254,22,20,413929,128,5.167097091674805,5.156761646270752,0.013836528174579144,0.8951680064201355,0.0005,5399.216155767441
3255,22,21,414057,128,5.896365642547607,5.8858561515808105,0.014742465689778328,0.9034929871559143,0.0005,5400.609202623367
3256,22,22,414185,128,5.41447639465332,5.403783798217773,0.016435222700238228,0.9049034714698792,0.0005,5401.983837604523
3257,22,23,414313,128,6.309861660003662,6.29986047744751,0.018335392698645592,0.8167511224746704,0.0005,5403.3636293411255
3258,22,24,414441,128,7.820785999298096,7.810440540313721,0.014407956972718239,0.8904366493225098,0.0005,5404.751143217087
3259,22,25,414569,128,6.4033684730529785,6.3943400382995605,0.013350605964660645,0.7693243622779846,0.0005,5406.114964008331
3260,22,26,414697,128,5.3379225730896,5.328135013580322,0.012765325605869293,0.8511121273040771,0.0005,5407.532191514969
3261,22,27,414825,128,4.645867347717285,4.63507080078125,0.011488172225654125,0.9647634029388428,0.0005,5408.91539311409
3262,22,28,414953,128,4.096096992492676,4.085883617401123,0.01328000146895647,0.8885271549224854,0.0005,5410.336836099625
3263,22,29,415081,128,6.169101238250732,6.1582183837890625,0.01750432513654232,0.9132184386253357,0.0005,5411.713523864746
3264,22,30,415209,128,5.6152544021606445,5.605645179748535,0.012277962639927864,0.8381376266479492,0.0005,5413.097904682159
3265,22,31,415337,128,5.84736967086792,5.835700511932373,0.013853390701115131,1.0284054279327393,0.0005,5414.49708199501
3266,22,32,415465,128,5.679678440093994,5.66895055770874,0.01601461134850979,0.9126011729240417,0.0005,5415.983446598053
3267,22,33,415593,128,7.965994358062744,7.954543590545654,0.017889589071273804,0.9661803841590881,0.0005,5417.42743396759
3268,22,34,415721,128,7.254918575286865,7.244240760803223,0.016850797459483147,0.8992701172828674,0.0005,5418.819325685501
3269,22,35,415849,128,7.023000717163086,7.0114288330078125,0.01481426041573286,1.009040355682373,0.0005,5420.189736604691
3270,22,36,415977,128,3.55511474609375,3.544870615005493,0.011487212032079697,0.909545361995697,0.0005,5421.56736946106
3271,22,37,416105,128,5.483066558837891,5.470516681671143,0.014377186074852943,1.1112421751022339,0.0005,5422.9971697330475
3272,22,38,416233,128,5.71995735168457,5.708967685699463,0.01501881517469883,0.9487658143043518,0.0005,5424.40128493309
3273,22,39,416361,128,4.371873378753662,4.3591837882995605,0.014650652185082436,1.1224695444107056,0.0005,5425.772971153259
3274,22,40,416489,128,7.740030288696289,7.728827476501465,0.020158512517809868,0.9186625480651855,0.0005,5427.179681777954
3275,22,41,416617,128,5.739466190338135,5.727423667907715,0.012379801832139492,1.0804778337478638,0.0005,5428.597368717194
3276,22,42,416745,128,5.808435440063477,5.79612398147583,0.017857585102319717,1.0525774955749512,0.0005,5430.020704746246
3277,22,43,416873,128,5.458012104034424,5.446918964385986,0.012050585821270943,0.9888095855712891,0.0005,5431.360947608948
3278,22,44,417001,128,6.154721736907959,6.1429524421691895,0.01725073717534542,1.0043929815292358,0.0005,5432.718040943146
3279,22,45,417129,128,8.348772048950195,8.336538314819336,0.014862531796097755,1.074788212776184,0.0005,5434.075625181198
3280,22,46,417257,128,6.021262168884277,6.00977897644043,0.015118095092475414,0.9971797466278076,0.0005,5435.440301179886
3281,22,47,417385,128,7.066066265106201,7.053613185882568,0.017131507396697998,1.0739929676055908,0.0005,5436.80100774765
3282,22,48,417513,128,6.530677318572998,6.51761531829834,0.013740121386945248,1.1687519550323486,0.0005,5438.168945550919
3283,22,49,417641,128,6.4429612159729,6.431003570556641,0.014233827590942383,1.0534064769744873,0.0005,5439.584114074707
3284,22,50,417769,128,6.4239678382873535,6.412758827209473,0.013951579108834267,0.9813909530639648,0.0005,5440.999432086945
3285,22,51,417897,128,7.7110161781311035,7.699641227722168,0.017837638035416603,0.9591224193572998,0.0005,5442.415198802948
3286,22,52,418025,128,6.0533270835876465,6.041439533233643,0.013001619838178158,1.058714747428894,0.0005,5443.828554868698
3287,22,53,418153,128,5.7348313331604,5.7224225997924805,0.014814472757279873,1.0927033424377441,0.0005,5445.187782287598
3288,22,54,418281,128,5.595298767089844,5.5836896896362305,0.023244692012667656,0.9284313917160034,0.0005,5446.576983690262
3289,22,55,418409,128,5.690659523010254,5.67965030670166,0.014832890592515469,0.9525719285011292,0.0005,5447.955357313156
3290,22,56,418537,128,6.5648932456970215,6.55433464050293,0.020952118560671806,0.8463537693023682,0.0005,5449.317832231522
3291,22,57,418665,128,8.011518478393555,7.999829292297363,0.01924675703048706,0.9764943718910217,0.0005,5450.735024213791
3292,22,58,418793,128,7.423707008361816,7.411813259124756,0.015670573338866234,1.0326886177062988,0.0005,5452.141608953476
3293,22,59,418921,128,4.288661956787109,4.276575565338135,0.013428491540253162,1.0743542909622192,0.0005,5453.548085689545
3294,22,60,419049,128,5.300401210784912,5.2892374992370605,0.012130741961300373,0.995073676109314,0.0005,5454.951371669769
3295,22,61,419177,128,5.1810832023620605,5.170088768005371,0.013710021041333675,0.9623733162879944,0.0005,5456.360921382904
3296,22,62,419305,128,6.452836990356445,6.442913055419922,0.01637568511068821,0.8286582231521606,0.0005,5457.765110015869
3297,22,63,419433,128,6.057045936584473,6.04605770111084,0.019770031794905663,0.9011473059654236,0.0005,5459.121641159058
3298,22,64,419561,128,4.608678340911865,4.598354816436768,0.012387853115797043,0.9084688425064087,0.0005,5460.5026524066925
3299,22,65,419689,128,6.304453372955322,6.292356967926025,0.017470628023147583,1.034920573234558,0.0005,5461.860734701157
3300,22,66,419817,128,5.6375274658203125,5.626986503601074,0.014799046330153942,0.9061036705970764,0.0005,5463.278182029724
3301,22,67,419945,128,6.068803310394287,6.05642032623291,0.015483823604881763,1.0834788084030151,0.0005,5464.667819023132
3302,22,68,420073,128,6.0836567878723145,6.073207378387451,0.014959226362407207,0.8953371644020081,0.0005,5466.05396437645
3303,22,69,420201,128,5.967645168304443,5.956171989440918,0.017304949462413788,0.974259078502655,0.0005,5467.46658372879
3304,22,70,420329,128,5.807516574859619,5.795968532562256,0.019050685688853264,0.9642955660820007,0.0005,5468.88188624382
3305,22,71,420457,128,5.6739068031311035,5.663389205932617,0.01870349422097206,0.8647394180297852,0.0005,5470.2853038311005
3306,22,72,420585,128,5.731951713562012,5.721526145935059,0.01870046555995941,0.8555381298065186,0.0005,5471.703190088272
3307,22,73,420713,128,4.959044933319092,4.948032855987549,0.013660984113812447,0.9645798206329346,0.0005,5473.104908466339
3308,22,74,420841,128,5.352170944213867,5.341248035430908,0.014755641110241413,0.9447425007820129,0.0005,5474.4883670806885
3309,22,75,420969,128,7.062804222106934,7.051671504974365,0.01724185235798359,0.9408366084098816,0.0005,5475.885824680328
3310,22,76,421097,128,6.70663595199585,6.694969177246094,0.01393812894821167,1.0273089408874512,0.0005,5477.273565769196
3311,22,77,421225,128,5.794668197631836,5.782947063446045,0.016499971970915794,1.007142186164856,0.0005,5478.662117958069
3312,22,78,421353,128,4.887167453765869,4.877890586853027,0.012450464069843292,0.8031644821166992,0.0005,5480.042721748352
3313,22,79,421481,128,6.916134834289551,6.906141757965088,0.01817764900624752,0.8175560235977173,0.0005,5481.445472002029
3314,22,80,421609,128,5.405328750610352,5.3946428298950195,0.013491380028426647,0.9336976408958435,0.0005,5482.817439556122
3315,22,81,421737,128,5.05203104019165,5.041191577911377,0.013186990283429623,0.9520741701126099,0.0005,5484.197956800461
3316,22,82,421865,128,4.6636199951171875,4.6533203125,0.013229518197476864,0.8977072834968567,0.0005,5485.567365407944
3317,22,83,421993,128,4.456227779388428,4.445858478546143,0.013655397109687328,0.9003434777259827,0.0005,5486.921667814255
3318,22,84,422121,128,4.869564056396484,4.859078884124756,0.012498755007982254,0.9235168099403381,0.0005,5488.300296545029
3319,22,85,422249,128,6.496846675872803,6.485607624053955,0.015403213910758495,0.9698938131332397,0.0005,5489.670745134354
3320,22,86,422377,128,5.807124137878418,5.796445369720459,0.016851885244250298,0.8993668556213379,0.0005,5491.048895359039
3321,22,87,422505,128,4.408396244049072,4.398470878601074,0.013842306099832058,0.8540973663330078,0.0005,5492.401252031326
3322,22,88,422633,128,6.617969036102295,6.607324123382568,0.015749873593449593,0.9069820642471313,0.0005,5493.775042295456
3323,22,89,422761,128,4.81210470199585,4.801356792449951,0.010601912625133991,0.9687792062759399,0.0005,5495.15874004364
3324,22,90,422889,128,5.13709020614624,5.126620769500732,0.016135994344949722,0.8855729103088379,0.0005,5496.547305583954
3325,22,91,423017,128,7.166118144989014,7.15536642074585,0.014681658707559109,0.9283636212348938,0.0005,5497.8913559913635
3326,22,92,423145,128,6.961780548095703,6.950804710388184,0.01513287890702486,0.9462528824806213,0.0005,5499.247309684753
3327,22,93,423273,128,5.7289323806762695,5.718719482421875,0.01564635895192623,0.8648228645324707,0.0005,5500.593630552292
3328,22,94,423401,128,5.987588405609131,5.97688627243042,0.01727023534476757,0.8975099921226501,0.0005,5501.993003368378
3329,22,95,423529,128,5.947883605957031,5.935441017150879,0.017017031088471413,1.0740612745285034,0.0005,5503.394903898239
3330,22,96,423657,128,5.465686798095703,5.454041957855225,0.015897367149591446,1.0055034160614014,0.0005,5504.811094760895
3331,22,97,423785,128,7.28063440322876,7.269043922424316,0.013791930861771107,1.021125316619873,0.0005,5506.210932731628
3332,22,98,423913,128,6.3431596755981445,6.331921100616455,0.017797520384192467,0.9458879232406616,0.0005,5507.5956263542175
3333,22,99,424041,128,5.176720142364502,5.164809703826904,0.01221428718417883,1.0688891410827637,0.0005,5508.989526987076
3334,22,100,424169,128,5.687337398529053,5.675352096557617,0.015807831659913063,1.0404396057128906,0.0005,5510.383527517319
3335,22,101,424297,128,5.259744644165039,5.248591423034668,0.01654956303536892,0.9498042464256287,0.0005,5511.73465514183
3336,22,102,424425,128,4.594404220581055,4.5825419425964355,0.013859497383236885,1.0476239919662476,0.0005,5513.140365600586
3337,22,103,424553,128,6.131718635559082,6.119507312774658,0.012965339235961437,1.0915029048919678,0.0005,5514.522544622421
3338,22,104,424681,128,7.3854899406433105,7.37384033203125,0.01735280267894268,0.991448163986206,0.0005,5515.910467147827
3339,22,105,424809,128,6.873198509216309,6.862071514129639,0.014182688668370247,0.9709089398384094,0.0005,5517.292398929596
3340,22,106,424937,128,5.511943340301514,5.500302314758301,0.012280276976525784,1.041296124458313,0.0005,5518.699720144272
3341,22,107,425065,128,5.170051574707031,5.157647609710693,0.01510340441018343,1.089401364326477,0.0005,5520.098333120346
3342,22,108,425193,128,5.61284875869751,5.599593162536621,0.013405672274529934,1.1915405988693237,0.0005,5521.468669652939
3343,22,109,425321,128,4.972475528717041,4.96048641204834,0.0160637479275465,1.0382628440856934,0.0005,5522.858743906021
3344,22,110,425449,128,6.382271766662598,6.370023250579834,0.012638908810913563,1.0984554290771484,0.0005,5524.267475605011
3345,22,111,425577,128,9.550788879394531,9.539315223693848,0.01967003382742405,0.950585663318634,0.0005,5525.626526117325
3346,22,112,425705,128,4.741718769073486,4.731351375579834,0.01276409812271595,0.9090874791145325,0.0005,5527.01336145401
3347,22,113,425833,128,7.295268535614014,7.283666610717773,0.01625863090157509,0.9975769519805908,0.0005,5528.394007921219
3348,22,114,425961,128,6.146540641784668,6.135986328125,0.012866008095443249,0.9267736077308655,0.0005,5529.804140806198
3349,22,115,426089,128,6.557109355926514,6.545665264129639,0.019142312929034233,0.9529890418052673,0.0005,5531.190713882446
3350,22,116,426217,128,5.840977668762207,5.8300089836120605,0.016832483932375908,0.9285406470298767,0.0005,5532.5993745327
3351,22,117,426345,128,6.684197902679443,6.673193454742432,0.015919292345643044,0.9412204027175903,0.0005,5533.972797393799
3352,22,118,426473,128,5.619815826416016,5.607803821563721,0.014960062690079212,1.0516282320022583,0.0005,5535.327514886856
3353,22,119,426601,128,6.115622043609619,6.104079246520996,0.013100302778184414,1.0233116149902344,0.0005,5536.720847129822
3354,22,120,426729,128,6.674991130828857,6.663026332855225,0.01383615005761385,1.058110237121582,0.0005,5538.093101978302
3355,22,121,426857,128,7.53700065612793,7.526392936706543,0.014594397507607937,0.9148018956184387,0.0005,5539.497930765152
3356,22,122,426985,128,5.671070575714111,5.659528732299805,0.01541451271623373,0.9999994039535522,0.0005,5540.900755405426
3357,22,123,427113,128,4.778271198272705,4.766997814178467,0.01022121962159872,1.025123119354248,0.0005,5542.266531229019
3358,22,124,427241,128,5.586606502532959,5.574948787689209,0.013796927407383919,1.0278170108795166,0.0005,5543.665377616882
3359,22,125,427369,128,4.271872520446777,4.260566711425781,0.011164729483425617,1.0189497470855713,0.0005,5545.059224367142
3360,22,126,427497,128,4.911960601806641,4.899051189422607,0.01633082702755928,1.127624273300171,0.0005,5546.455104589462
3361,22,127,427625,128,6.9081878662109375,6.897708415985107,0.013449159450829029,0.9134595394134521,0.0005,5547.848526000977
3362,22,128,427753,128,6.952047824859619,6.941252708435059,0.01840974949300289,0.8954139947891235,0.0005,5549.20533823967
3363,22,129,427881,128,4.942321300506592,4.931203365325928,0.014339271001517773,0.9683873653411865,0.0005,5550.562036991119
3364,22,130,428009,128,5.044058322906494,5.03265380859375,0.012632734142243862,1.0141571760177612,0.0005,5551.918626070023
3365,22,131,428137,128,5.582939624786377,5.571069240570068,0.014260247349739075,1.0444127321243286,0.0005,5553.294269800186
3366,22,132,428265,128,7.055466651916504,7.043859004974365,0.013354700990021229,1.0272040367126465,0.0005,5554.680437326431
3367,22,133,428393,128,5.501984596252441,5.490948677062988,0.014209735207259655,0.9614942073822021,0.0005,5556.039145708084
3368,22,134,428521,128,6.7589850425720215,6.748547554016113,0.01778876595199108,0.8658276796340942,0.0005,5557.3774564266205
3369,22,135,428649,128,6.844865322113037,6.833198547363281,0.01558255311101675,1.0108563899993896,0.0005,5558.7357614040375
3370,22,136,428777,128,6.61390495300293,6.602883338928223,0.01694798283278942,0.9326828718185425,0.0005,5560.074949026108
3371,22,137,428905,128,5.418788433074951,5.406827926635742,0.01657036878168583,1.0303328037261963,0.0005,5561.432430028915
3372,22,138,429033,128,4.484279632568359,4.473083019256592,0.01218422967940569,0.9978200793266296,0.0005,5562.844959497452
3373,22,139,429161,128,6.048793792724609,6.038207530975342,0.016264034435153008,0.8959566354751587,0.0005,5564.216393470764
3374,22,140,429289,128,4.5692458152771,4.557682037353516,0.017205918207764626,0.9843442440032959,0.0005,5565.594158172607
3375,22,141,429417,128,6.621311664581299,6.610200881958008,0.021191461011767387,0.8991941213607788,0.0005,5566.949703454971
3376,22,142,429545,128,4.850090503692627,4.837955474853516,0.013424426317214966,1.0792622566223145,0.0005,5568.314206838608
3377,22,143,429673,128,6.561704158782959,6.549403667449951,0.016742287203669548,1.0626188516616821,0.0005,5569.672702789307
3378,22,144,429801,128,6.035412311553955,6.024660587310791,0.015436464920639992,0.920831561088562,0.0005,5571.069924592972
3379,22,145,429929,128,5.102193832397461,5.091707229614258,0.014051946811378002,0.9081319570541382,0.0005,5572.469923019409
3380,22,146,430057,128,5.892693042755127,5.881944179534912,0.015903925523161888,0.9158827662467957,0.0005,5573.851139307022
3381,22,147,430185,128,6.195258140563965,6.185358047485352,0.015503239817917347,0.8350003957748413,0.0005,5575.204175233841
3382,22,148,430313,128,6.042844772338867,6.031830310821533,0.016127465292811394,0.9401841163635254,0.0005,5576.5734441280365
3383,22,149,430441,128,6.414192199707031,6.402897834777832,0.012627105228602886,1.0031523704528809,0.0005,5577.952503919601
3384,22,150,430569,128,4.784298896789551,4.774580001831055,0.010714066214859486,0.8647497296333313,0.0005,5579.291229963303
3385,22,151,430697,128,5.954180717468262,5.944186687469482,0.018624285236001015,0.8131625056266785,0.0005,5580.622919559479
3386,22,152,430825,128,6.011566638946533,6.000523090362549,0.015960220247507095,0.9447745680809021,0.0005,5581.987873315811
3387,22,153,430953,128,7.085557460784912,7.075038909912109,0.02001369558274746,0.8517324328422546,0.0005,5583.328825235367
3388,22,154,430958,5,2.6162233352661133,2.6065051555633545,0.014366380870342255,0.8281493186950684,0.0005,5583.512351512909
3389,23,1,431086,128,5.7366766929626465,5.7271013259887695,0.014177276752889156,0.8157850503921509,0.0005,5629.262013673782
3390,23,2,431214,128,5.370932579040527,5.360194206237793,0.01359991729259491,0.937839150428772,0.0005,5630.669774770737
3391,23,3,431342,128,6.016025066375732,6.005654811859131,0.016946112737059593,0.8675766587257385,0.0005,5632.036174297333
3392,23,4,431470,128,6.236168384552002,6.22659969329834,0.0157740768045187,0.799132227897644,0.0005,5633.401859283447
3393,23,5,431598,128,6.363481521606445,6.352600574493408,0.01721508800983429,0.9159585237503052,0.0005,5634.754665613174
3394,23,6,431726,128,5.7037835121154785,5.693638324737549,0.014254762791097164,0.8720031380653381,0.0005,5636.108345270157
3395,23,7,431854,128,6.387763500213623,6.377466201782227,0.015799155458807945,0.8717508316040039,0.0005,5637.492747306824
3396,23,8,431982,128,5.6244964599609375,5.614095687866211,0.015632018446922302,0.8837563991546631,0.0005,5638.86136507988
3397,23,9,432110,128,7.20800256729126,7.1981072425842285,0.014160418882966042,0.8478972911834717,0.0005,5640.250234127045
3398,23,10,432238,128,6.080615997314453,6.069900989532471,0.014958268962800503,0.9218965768814087,0.0005,5641.669464349747
3399,23,11,432366,128,7.443386554718018,7.4334564208984375,0.01691831462085247,0.8238323330879211,0.0005,5643.0499041080475
3400,23,12,432494,128,5.012711524963379,5.002267837524414,0.012359730899333954,0.9207836389541626,0.0005,5644.447731494904
3401,23,13,432622,128,7.155362606048584,7.144179344177246,0.01893715374171734,0.9289858341217041,0.0005,5645.81235909462
3402,23,14,432750,128,4.767663955688477,4.756155490875244,0.012707704678177834,1.0237476825714111,0.0005,5647.16482925415
3403,23,15,432878,128,6.395690441131592,6.384216785430908,0.01755320467054844,0.971825361251831,0.0005,5648.556799411774
3404,23,16,433006,128,4.960263729095459,4.948476791381836,0.017261555418372154,1.0060652494430542,0.0005,5649.942586660385
3405,23,17,433134,128,5.754299163818359,5.743575096130371,0.017816558480262756,0.8942467570304871,0.0005,5651.351317167282
3406,23,18,433262,128,5.008413314819336,4.9970221519470215,0.01604737527668476,0.9786550402641296,0.0005,5652.727608203888
3407,23,19,433390,128,4.486944198608398,4.4754638671875,0.011413060128688812,1.0339065790176392,0.0005,5654.143316268921
3408,23,20,433518,128,7.599313735961914,7.588447093963623,0.01686147414147854,0.9180389642715454,0.0005,5655.543966293335
3409,23,21,433646,128,4.593311786651611,4.5817060470581055,0.012323008850216866,1.037368655204773,0.0005,5656.90523147583
3410,23,22,433774,128,7.605076313018799,7.5952911376953125,0.01441511046141386,0.8343881368637085,0.0005,5658.3022491931915
3411,23,23,433902,128,3.878819465637207,3.8685247898101807,0.011748959310352802,0.9119656085968018,0.0005,5659.693753480911
3412,23,24,434030,128,4.746754169464111,4.736148357391357,0.01384107954800129,0.9221619963645935,0.0005,5661.106819868088
3413,23,25,434158,128,5.115500450134277,5.104524612426758,0.012167352251708508,0.9759113192558289,0.0005,5662.496071577072
3414,23,26,434286,128,5.960256099700928,5.949373245239258,0.014128108508884907,0.9469876289367676,0.0005,5663.893525600433
3415,23,27,434414,128,7.6014933586120605,7.589790344238281,0.015224761329591274,1.0180360078811646,0.0005,5665.281183958054
3416,23,28,434542,128,4.786747455596924,4.775038719177246,0.018761394545435905,0.9832289218902588,0.0005,5666.667256355286
3417,23,29,434670,128,5.690695762634277,5.679225444793701,0.015328885987401009,0.9937476515769958,0.0005,5668.054279088974
3418,23,30,434798,128,5.245495319366455,5.23335599899292,0.015871331095695496,1.0552364587783813,0.0005,5669.459668159485
3419,23,31,434926,128,5.75616455078125,5.744283199310303,0.01553259789943695,1.0328104496002197,0.0005,5670.864617824554
3420,23,32,435054,128,4.534435272216797,4.522997856140137,0.010049286298453808,1.0432897806167603,0.0005,5672.274961233139
3421,23,33,435182,128,6.3834638595581055,6.372183322906494,0.019345607608556747,0.9346066117286682,0.0005,5673.657075643539
3422,23,34,435310,128,6.043720722198486,6.032763481140137,0.01368157472461462,0.9589004516601562,0.0005,5675.054892539978
3423,23,35,435438,128,7.135049819946289,7.123734474182129,0.018986567854881287,0.9416463971138,0.0005,5676.440942287445
3424,23,36,435566,128,4.483638286590576,4.473694324493408,0.013287804089486599,0.8615046143531799,0.0005,5677.828816890717
3425,23,37,435694,128,4.685234069824219,4.67343807220459,0.014672428369522095,1.0328892469406128,0.0005,5679.234144926071
3426,23,38,435822,128,5.937450885772705,5.926609039306641,0.015125827863812447,0.9329215884208679,0.0005,5680.627578258514
3427,23,39,435950,128,6.478272914886475,6.4669623374938965,0.016026193276047707,0.9707933068275452,0.0005,5681.995278835297
3428,23,40,436078,128,5.003792762756348,4.992939472198486,0.013320731930434704,0.9521163702011108,0.0005,5683.351150035858
3429,23,41,436206,128,5.635043621063232,5.623540878295898,0.01736575923860073,0.9765936136245728,0.0005,5684.709366321564
3430,23,42,436334,128,4.634137153625488,4.622936725616455,0.012953266501426697,0.9905287623405457,0.0005,5686.105744600296
3431,23,43,436462,128,6.001130104064941,5.990322589874268,0.014087937772274017,0.9398780465126038,0.0005,5687.484740495682
3432,23,44,436590,128,6.44976282119751,6.439043998718262,0.015140146017074585,0.9204685091972351,0.0005,5688.876678943634
3433,23,45,436718,128,5.538337707519531,5.526683807373047,0.012522063218057156,1.0401561260223389,0.0005,5690.270306348801
3434,23,46,436846,128,4.709440231323242,4.698681831359863,0.01514128316193819,0.9244261384010315,0.0005,5691.640937328339
3435,23,47,436974,128,6.813401699066162,6.802273273468018,0.017317771911621094,0.9396483302116394,0.0005,5693.014871120453
3436,23,48,437102,128,5.267689228057861,5.25675106048584,0.014069582335650921,0.9530947804450989,0.0005,5694.386087656021
3437,23,49,437230,128,4.289309024810791,4.278024673461914,0.012979188933968544,0.9986308217048645,0.0005,5695.727830171585
3438,23,50,437358,128,4.875230312347412,4.8645501136779785,0.012765350751578808,0.9403794407844543,0.0005,5697.106785774231
3439,23,51,437486,128,5.818820476531982,5.8080244064331055,0.012662309221923351,0.953015923500061,0.0005,5698.476110458374
3440,23,52,437614,128,6.0673394203186035,6.056243419647217,0.01128546055406332,0.9967119693756104,0.0005,5699.863662242889
3441,23,53,437742,128,6.4013671875,6.390267848968506,0.01564314030110836,0.9534907341003418,0.0005,5701.25981760025
3442,23,54,437870,128,5.236355781555176,5.224453926086426,0.013523495756089687,1.0549579858779907,0.0005,5702.669163942337
3443,23,55,437998,128,5.467541217803955,5.45732307434082,0.015434774570167065,0.8674655556678772,0.0005,5704.055675268173
3444,23,56,438126,128,5.103186130523682,5.091115951538086,0.017864016816020012,1.0283901691436768,0.0005,5705.437754392624
3445,23,57,438254,128,4.558312892913818,4.546168804168701,0.018576281145215034,1.0286104679107666,0.0005,5706.812500715256
3446,23,58,438382,128,4.41202974319458,4.400445938110352,0.014576727524399757,1.0126038789749146,0.0005,5708.169485092163
3447,23,59,438510,128,5.50676155090332,5.494344711303711,0.014714471064507961,1.0945299863815308,0.0005,5709.574770450592
3448,23,60,438638,128,4.842037677764893,4.831000804901123,0.010841259732842445,0.9952399730682373,0.0005,5710.993619680405
3449,23,61,438766,128,6.111762046813965,6.100977420806885,0.015466558746993542,0.9237890839576721,0.0005,5712.397899627686
3450,23,62,438894,128,5.431711673736572,5.419929027557373,0.014856964349746704,1.029678463935852,0.0005,5713.808718919754
3451,23,63,439022,128,6.0172271728515625,6.005904674530029,0.014863825403153896,0.9836105108261108,0.0005,5715.2087297439575
3452,23,64,439150,128,5.974259376525879,5.962981700897217,0.014526071958243847,0.9825446009635925,0.0005,5716.600114107132
3453,23,65,439278,128,6.5049943923950195,6.492260932922363,0.017505645751953125,1.0983034372329712,0.0005,5717.987172603607
3454,23,66,439406,128,4.796894550323486,4.785592555999756,0.011865018866956234,1.0115514993667603,0.0005,5719.354040622711
3455,23,67,439534,128,6.733819961547852,6.721398830413818,0.020953504368662834,1.0325936079025269,0.0005,5720.742301225662
3456,23,68,439662,128,6.349587917327881,6.33829927444458,0.01609162986278534,0.96793532371521,0.0005,5722.122110128403
3457,23,69,439790,128,6.083211421966553,6.071883678436279,0.01644960604608059,0.9682860374450684,0.0005,5723.47040271759
3458,23,70,439918,128,5.981491565704346,5.969192981719971,0.013154016807675362,1.09829580783844,0.0005,5724.837553501129
3459,23,71,440046,128,5.712560176849365,5.702646732330322,0.015139192342758179,0.8399381637573242,0.0005,5726.215887308121
3460,23,72,440174,128,5.399643898010254,5.387706279754639,0.015341958962380886,1.0403629541397095,0.0005,5727.6004157066345
3461,23,73,440302,128,6.9994964599609375,6.988848686218262,0.015688851475715637,0.9079116582870483,0.0005,5728.993519067764
3462,23,74,440430,128,5.193869113922119,5.181976795196533,0.015245958231389523,1.0367681980133057,0.0005,5730.4004492759705
3463,23,75,440558,128,7.975421905517578,7.9628753662109375,0.017683357000350952,1.0778379440307617,0.0005,5731.791019916534
3464,23,76,440686,128,5.282174587249756,5.269211769104004,0.015195521526038647,1.1443018913269043,0.0005,5733.181026220322
3465,23,77,440814,128,5.1470818519592285,5.134944915771484,0.017354730516672134,1.040117859840393,0.0005,5734.569593191147
3466,23,78,440942,128,5.527464866638184,5.515601634979248,0.013013235293328762,1.0561800003051758,0.0005,5735.96438908577
3467,23,79,441070,128,8.981396675109863,8.969673156738281,0.018810417503118515,0.9843196868896484,0.0005,5737.332922697067
3468,23,80,441198,128,5.7416605949401855,5.728795051574707,0.01528310775756836,1.133723497390747,0.0005,5738.715036153793
3469,23,81,441326,128,7.445573806762695,7.433834075927734,0.01674664206802845,1.006516933441162,0.0005,5740.083267211914
3470,23,82,441454,128,4.556456565856934,4.544735908508301,0.013117934577167034,1.040893316268921,0.0005,5741.4632794857025
3471,23,83,441582,128,5.710982799530029,5.698631286621094,0.0163077674806118,1.0720525979995728,0.0005,5742.815754413605
3472,23,84,441710,128,5.935967445373535,5.923450946807861,0.01899724267423153,1.0616717338562012,0.0005,5744.1936728954315
3473,23,85,441838,128,4.437103271484375,4.4266204833984375,0.015547255054116249,0.8928351998329163,0.0005,5745.5628407001495
3474,23,86,441966,128,5.621753215789795,5.61039400100708,0.01612952910363674,0.9746264219284058,0.0005,5746.922451734543
3475,23,87,442094,128,5.2631072998046875,5.251254558563232,0.015913907438516617,1.0261311531066895,0.0005,5748.2772850990295
3476,23,88,442222,128,5.159815311431885,5.149127006530762,0.015893995761871338,0.9099234938621521,0.0005,5749.6630301475525
3477,23,89,442350,128,7.724334239959717,7.7131476402282715,0.01573631353676319,0.9613015055656433,0.0005,5751.033256530762
3478,23,90,442478,128,7.451905250549316,7.441336154937744,0.016283735632896423,0.8940617442131042,0.0005,5752.4062168598175
3479,23,91,442606,128,7.6459832191467285,7.6339592933654785,0.014881598763167858,1.053559422492981,0.0005,5753.781555175781
3480,23,92,442734,128,6.654434680938721,6.644350051879883,0.019159303978085518,0.816862940788269,0.0005,5755.165841817856
3481,23,93,442862,128,7.207680702209473,7.19692325592041,0.01786334067583084,0.8971444368362427,0.0005,5756.5283370018005
3482,23,94,442990,128,7.610739231109619,7.599026203155518,0.019263068214058876,0.978678822517395,0.0005,5757.882109165192
3483,23,95,443118,128,7.408342361450195,7.396282196044922,0.018925225362181664,1.0167548656463623,0.0005,5759.259760379791
3484,23,96,443246,128,7.177689075469971,7.166430950164795,0.018632221966981888,0.9395046234130859,0.0005,5760.5934908390045
3485,23,97,443374,128,6.344054222106934,6.333162307739258,0.014361634850502014,0.9455446004867554,0.0005,5761.953993320465
3486,23,98,443502,128,5.4910197257995605,5.478278636932373,0.014944568276405334,1.124678373336792,0.0005,5763.314696311951
3487,23,99,443630,128,4.361868858337402,4.350675106048584,0.014402973465621471,0.9753327965736389,0.0005,5764.691159248352
3488,23,100,443758,128,6.299385070800781,6.288961887359619,0.018205935135483742,0.8602430820465088,0.0005,5766.050497770309
3489,23,101,443886,128,9.347993850708008,9.3383150100708,0.019867269322276115,0.7692041397094727,0.0005,5767.42752456665
3490,23,102,444014,128,5.524613380432129,5.513908863067627,0.01209147647023201,0.9495071768760681,0.0005,5768.806832313538
3491,23,103,444142,128,5.869470119476318,5.859165668487549,0.018575264140963554,0.8446900844573975,0.0005,5770.1870703697205
3492,23,104,444270,128,6.703737258911133,6.69241189956665,0.01887686736881733,0.9437748789787292,0.0005,5771.567242860794
3493,23,105,444398,128,5.2505598068237305,5.238734722137451,0.01249616127461195,1.0575191974639893,0.0005,5772.926172494888
3494,23,106,444526,128,6.9782185554504395,6.9687819480896,0.014763451181352139,0.7960169315338135,0.0005,5774.296238660812
3495,23,107,444654,128,5.735968589782715,5.725520610809326,0.011827902868390083,0.9265648722648621,0.0005,5775.642040014267
3496,23,108,444782,128,5.673059463500977,5.662762641906738,0.016100456938147545,0.8686654567718506,0.0005,5776.988147735596
3497,23,109,444910,128,6.414140701293945,6.403575420379639,0.017002029344439507,0.886495053768158,0.0005,5778.369201660156
3498,23,110,445038,128,7.936982154846191,7.926119804382324,0.01632295362651348,0.9229979515075684,0.0005,5779.7550213336945
3499,23,111,445166,128,5.209260940551758,5.198556423187256,0.015052564442157745,0.9198974967002869,0.0005,5781.113131761551
3500,23,112,445294,128,6.762858867645264,6.751039981842041,0.0159402247518301,1.022486925125122,0.0005,5782.487588644028
3501,23,113,445422,128,5.9926066398620605,5.981441020965576,0.016357893124222755,0.9530221819877625,0.0005,5783.875911951065
3502,23,114,445550,128,5.543619155883789,5.53250789642334,0.014376267790794373,0.967368483543396,0.0005,5785.249226331711
3503,23,115,445678,128,4.8584771156311035,4.846625328063965,0.014318183064460754,1.041978359222412,0.0005,5786.640623807907
3504,23,116,445806,128,7.175025939941406,7.1634840965271,0.013714042492210865,1.017034888267517,0.0005,5788.00972700119
3505,23,117,445934,128,6.290176868438721,6.278278350830078,0.014183840714395046,1.047985553741455,0.0005,5789.365958929062
3506,23,118,446062,128,6.924009323120117,6.913762092590332,0.01757926493883133,0.8489148020744324,0.0005,5790.769380092621
3507,23,119,446190,128,4.611932754516602,4.600950241088867,0.013939449563622475,0.9588598608970642,0.0005,5792.157321691513
3508,23,120,446318,128,4.286559581756592,4.274255275726318,0.013691849075257778,1.0935245752334595,0.0005,5793.553433895111
3509,23,121,446446,128,5.940393924713135,5.928460121154785,0.01541441585868597,1.039240837097168,0.0005,5794.930872440338
3510,23,122,446574,128,6.64931058883667,6.6392059326171875,0.017594970762729645,0.8344903588294983,0.0005,5796.310082435608
3511,23,123,446702,128,6.128704071044922,6.117852687835693,0.013702250085771084,0.9480917453765869,0.0005,5797.669145584106
3512,23,124,446830,128,6.384304046630859,6.3733954429626465,0.01469866931438446,0.9438565969467163,0.0005,5799.0118272304535
3513,23,125,446958,128,5.222599506378174,5.211820125579834,0.01340473722666502,0.9439063668251038,0.0005,5800.374814748764
3514,23,126,447086,128,5.474084377288818,5.463438034057617,0.01400905754417181,0.9245493412017822,0.0005,5801.7254984378815
3515,23,127,447214,128,5.133824825286865,5.1233673095703125,0.017229659482836723,0.8734868764877319,0.0005,5803.09860253334
3516,23,128,447342,128,4.68316125869751,4.67153263092041,0.013930528424680233,1.0235704183578491,0.0005,5804.462149620056
3517,23,129,447470,128,5.267338275909424,5.256366729736328,0.013750659301877022,0.9596455693244934,0.0005,5805.85377573967
3518,23,130,447598,128,4.513800144195557,4.502956867218018,0.012838107533752918,0.9559467434883118,0.0005,5807.206565618515
3519,23,131,447726,128,5.825583457946777,5.816224098205566,0.012398386374115944,0.8119646310806274,0.0005,5808.616720676422
3520,23,132,447854,128,5.584737777709961,5.575497150421143,0.0158346276730299,0.7657220959663391,0.0005,5809.974039554596
3521,23,133,447982,128,6.038984775543213,6.027743339538574,0.013079345226287842,0.9933236837387085,0.0005,5811.336817741394
3522,23,134,448110,128,5.600345134735107,5.5901875495910645,0.01657777465879917,0.8499857187271118,0.0005,5812.705784082413
3523,23,135,448238,128,5.62999963760376,5.619157791137695,0.015518546104431152,0.9290066957473755,0.0005,5814.047816991806
3524,23,136,448366,128,6.034430980682373,6.023740291595459,0.017223050817847252,0.8968207240104675,0.0005,5815.414261579514
3525,23,137,448494,128,6.767044544219971,6.757054328918457,0.01663934998214245,0.8325859904289246,0.0005,5816.751831531525
3526,23,138,448622,128,5.9006500244140625,5.8902907371521,0.01769566535949707,0.8589813709259033,0.0005,5818.137980461121
3527,23,139,448750,128,7.399753570556641,7.389200687408447,0.01794421672821045,0.8758497834205627,0.0005,5819.503636598587
3528,23,140,448878,128,5.632967948913574,5.623777866363525,0.01296911109238863,0.7892935872077942,0.0005,5820.871564626694
3529,23,141,449006,128,8.374815940856934,8.364535331726074,0.015257894061505795,0.8754502534866333,0.0005,5822.23720574379
3530,23,142,449134,128,5.315411567687988,5.305853843688965,0.013451707549393177,0.8212535977363586,0.0005,5823.580560207367
3531,23,143,449262,128,5.088547229766846,5.079073905944824,0.013061905279755592,0.8167202472686768,0.0005,5824.944313764572
3532,23,144,449390,128,6.041614532470703,6.03144645690918,0.014380494132637978,0.8729811310768127,0.0005,5826.3605399131775
3533,23,145,449518,128,4.140156269073486,4.129428386688232,0.01253871526569128,0.9473754167556763,0.0005,5827.781871795654
3534,23,146,449646,128,6.161672115325928,6.150583267211914,0.020231759175658226,0.9065817594528198,0.0005,5829.163971424103
3535,23,147,449774,128,6.960105895996094,6.949276447296143,0.015118852257728577,0.9317340850830078,0.0005,5830.569019079208
3536,23,148,449902,128,5.608798503875732,5.599668502807617,0.013222092762589455,0.780762791633606,0.0005,5831.961367368698
3537,23,149,450030,128,6.751499176025391,6.740546226501465,0.01620391383767128,0.9332774877548218,0.0005,5833.372826576233
3538,23,150,450158,128,6.343233585357666,6.333300590515137,0.016306443139910698,0.8302069306373596,0.0005,5834.764028310776
3539,23,151,450286,128,4.647239685058594,4.63566780090332,0.0155522171407938,1.0016233921051025,0.0005,5836.124785900116
3540,23,152,450414,128,6.239299774169922,6.227946758270264,0.014779764227569103,0.9875021576881409,0.0005,5837.517412900925
3541,23,153,450542,128,6.025875568389893,6.0152387619018555,0.013888697139918804,0.924778163433075,0.0005,5838.935128450394
3542,23,154,450547,5,7.849183082580566,7.838739395141602,0.018358003348112106,0.8607966899871826,0.0005,5839.107412815094
3543,24,1,450675,128,4.683653354644775,4.672852039337158,0.013241276144981384,0.9477100372314453,0.0005,5885.463803768158
3544,24,2,450803,128,5.0061726570129395,4.994782447814941,0.014384445734322071,0.9951437711715698,0.0005,5886.860169887543
3545,24,3,450931,128,6.2582926750183105,6.247768402099609,0.015011005103588104,0.9023115038871765,0.0005,5888.215492486954
3546,24,4,451059,128,7.65078592300415,7.640057563781738,0.016486188396811485,0.907992959022522,0.0005,5889.562607049942
3547,24,5,451187,128,5.849923610687256,5.839534759521484,0.015741979703307152,0.881467878818512,0.0005,5890.952246665955
3548,24,6,451315,128,4.832276821136475,4.821455001831055,0.01218006294220686,0.9604032039642334,0.0005,5892.321309089661
3549,24,7,451443,128,5.894657611846924,5.883479595184326,0.015135123394429684,0.9664756655693054,0.0005,5893.684098243713
3550,24,8,451571,128,5.739526271820068,5.728560924530029,0.015881504863500595,0.9377203583717346,0.0005,5895.036497116089
3551,24,9,451699,128,6.0425262451171875,6.032535076141357,0.013830900192260742,0.8607689738273621,0.0005,5896.45205950737
3552,24,10,451827,128,5.558642387390137,5.546760082244873,0.015310138463973999,1.035110592842102,0.0005,5897.837736606598
3553,24,11,451955,128,4.4469685554504395,4.436232089996338,0.013487191870808601,0.9387838244438171,0.0005,5899.240586519241
3554,24,12,452083,128,5.651098728179932,5.639785289764404,0.015435625799000263,0.9769690036773682,0.0005,5900.633569955826
3555,24,13,452211,128,7.757535457611084,7.746968746185303,0.01695537008345127,0.8871087431907654,0.0005,5902.026762962341
3556,24,14,452339,128,7.2091450691223145,7.198031425476074,0.015141886658966541,0.9599888920783997,0.0005,5903.404024600983
3557,24,15,452467,128,5.4240498542785645,5.412062168121338,0.015843048691749573,1.0403093099594116,0.0005,5904.786321640015
3558,24,16,452595,128,6.088111400604248,6.078815460205078,0.018469518050551414,0.744928777217865,0.0005,5906.167140483856
3559,24,17,452723,128,4.944703578948975,4.934239864349365,0.015926137566566467,0.887101411819458,0.0005,5907.587532758713
3560,24,18,452851,128,5.71005392074585,5.69979190826416,0.013116586022078991,0.8950001001358032,0.0005,5909.005178451538
3561,24,19,452979,128,3.7856483459472656,3.7746739387512207,0.011222862638533115,0.9852269291877747,0.0005,5910.384033679962
3562,24,20,453107,128,7.4470109939575195,7.436104774475098,0.018659284338355064,0.9040316343307495,0.0005,5911.760664463043
3563,24,21,453235,128,6.3761725425720215,6.365483283996582,0.014933556318283081,0.9195951819419861,0.0005,5913.093024015427
3564,24,22,453363,128,6.260426998138428,6.249680995941162,0.015310818329453468,0.9214690923690796,0.0005,5914.480375766754
3565,24,23,453491,128,5.444701671600342,5.434970855712891,0.013073024339973927,0.8423182964324951,0.0005,5915.885594367981
3566,24,24,453619,128,7.0395002365112305,7.029135227203369,0.01391544658690691,0.8973560333251953,0.0005,5917.26701426506
3567,24,25,453747,128,5.607826232910156,5.597530841827393,0.01394768338650465,0.8900555968284607,0.0005,5918.686052083969
3568,24,26,453875,128,6.528563022613525,6.517841339111328,0.0168442502617836,0.9037604331970215,0.0005,5920.047187805176
3569,24,27,454003,128,5.915778160095215,5.904097557067871,0.017895299941301346,0.9890847206115723,0.0005,5921.443318605423
3570,24,28,454131,128,5.937595844268799,5.926416873931885,0.01619756780564785,0.9559274911880493,0.0005,5922.811382293701
3571,24,29,454259,128,4.497209548950195,4.484873294830322,0.019126638770103455,1.0423798561096191,0.0005,5924.199038982391
3572,24,30,454387,128,6.3080220222473145,6.2972187995910645,0.015539211221039295,0.9249386787414551,0.0005,5925.588001012802
3573,24,31,454515,128,4.614394664764404,4.604157447814941,0.015429801307618618,0.8694011569023132,0.0005,5926.993070363998
3574,24,32,454643,128,4.217341899871826,4.205167770385742,0.01869606412947178,1.0304306745529175,0.0005,5928.371155023575
3575,24,33,454771,128,4.74118185043335,4.729888916015625,0.014111650176346302,0.9881910681724548,0.0005,5929.729866266251
3576,24,34,454899,128,5.5386576652526855,5.527464389801025,0.014783376827836037,0.9715022444725037,0.0005,5931.098926305771
3577,24,35,455027,128,4.59058952331543,4.579993724822998,0.013441222719848156,0.9251516461372375,0.0005,5932.498872280121
3578,24,36,455155,128,7.507049083709717,7.496155738830566,0.014421206898987293,0.9451363682746887,0.0005,5933.871819972992
3579,24,37,455283,128,6.155622482299805,6.1445393562316895,0.014877778477966785,0.9595569968223572,0.0005,5935.232541561127
3580,24,38,455411,128,4.686639308929443,4.675599098205566,0.016657311469316483,0.9374743700027466,0.0005,5936.626337766647
3581,24,39,455539,128,5.585199356079102,5.574812412261963,0.013378763571381569,0.9049019813537598,0.0005,5938.006201267242
3582,24,40,455667,128,6.721673488616943,6.7121992111206055,0.015609673224389553,0.7913006544113159,0.0005,5939.375229597092
3583,24,41,455795,128,6.775216579437256,6.76692533493042,0.01492698211222887,0.6798792481422424,0.0005,5940.749019145966
3584,24,42,455923,128,5.364926338195801,5.354423999786377,0.016034221276640892,0.8898801207542419,0.0005,5942.099506855011
3585,24,43,456051,128,5.906882286071777,5.896129131317139,0.01595853827893734,0.9157156944274902,0.0005,5943.467447519302
3586,24,44,456179,128,4.073995590209961,4.064091682434082,0.01203139778226614,0.8700684309005737,0.0005,5944.85880947113
3587,24,45,456307,128,5.6646833419799805,5.653946876525879,0.013541392050683498,0.9382247924804688,0.0005,5946.245509386063
3588,24,46,456435,128,6.301019668579102,6.289240837097168,0.018896451219916344,0.9889333844184875,0.0005,5947.641839504242
3589,24,47,456563,128,5.189384460449219,5.176904201507568,0.014006673358380795,1.1079622507095337,0.0005,5949.000433683395
3590,24,48,456691,128,5.36472749710083,5.35431432723999,0.018105139955878258,0.8602537512779236,0.0005,5950.3631756305695
3591,24,49,456819,128,3.8650448322296143,3.854189395904541,0.01420923788100481,0.9434517025947571,0.0005,5951.757612228394
3592,24,50,456947,128,4.844658851623535,4.8336992263793945,0.014435658231377602,0.95160973072052,0.0005,5953.160190820694
3593,24,51,457075,128,6.489381313323975,6.47788667678833,0.014964324422180653,0.999850869178772,0.0005,5954.507464170456
3594,24,52,457203,128,6.181671619415283,6.1711530685424805,0.016071325168013573,0.8911575675010681,0.0005,5955.861657857895
3595,24,53,457331,128,5.103586673736572,5.0920634269714355,0.017775995656847954,0.9745776653289795,0.0005,5957.210822343826
3596,24,54,457459,128,5.435820579528809,5.424942493438721,0.01513317134231329,0.9364609122276306,0.0005,5958.577234506607
3597,24,55,457587,128,5.921939373016357,5.911224842071533,0.013802352361381054,0.9334123134613037,0.0005,5959.953623533249
3598,24,56,457715,128,5.26693868637085,5.254951000213623,0.015935443341732025,1.0394105911254883,0.0005,5961.311451911926
3599,24,57,457843,128,5.021187782287598,5.009306907653809,0.0134697575122118,1.0533634424209595,0.0005,5962.70509147644
3600,24,58,457971,128,6.312837600708008,6.299448013305664,0.016081079840660095,1.178152084350586,0.0005,5964.076294898987
3601,24,59,458099,128,5.486053943634033,5.474968910217285,0.01982964389026165,0.9101664423942566,0.0005,5965.440842866898
3602,24,60,458227,128,6.980970859527588,6.970925807952881,0.016514483839273453,0.8393852710723877,0.0005,5966.854289531708
3603,24,61,458355,128,6.883465766906738,6.872751235961914,0.017197612673044205,0.8994806408882141,0.0005,5968.226197004318
3604,24,62,458483,128,7.729852676391602,7.717302322387695,0.01714320480823517,1.0836046934127808,0.0005,5969.592304944992
3605,24,63,458611,128,5.299274444580078,5.288891315460205,0.014612863771617413,0.8921626806259155,0.0005,5970.97376704216
3606,24,64,458739,128,6.659205913543701,6.6485185623168945,0.01849895529448986,0.8837237358093262,0.0005,5972.35413646698
3607,24,65,458867,128,5.542914390563965,5.532158374786377,0.014935157261788845,0.9262329339981079,0.0005,5973.686548471451
3608,24,66,458995,128,6.272602558135986,6.262393474578857,0.012411057017743587,0.8967708945274353,0.0005,5975.057726621628
3609,24,67,459123,128,5.416215419769287,5.406067371368408,0.012841753661632538,0.8863845467567444,0.0005,5976.4487290382385
3610,24,68,459251,128,4.8646559715271,4.854269504547119,0.014929448254406452,0.8893305063247681,0.0005,5977.783142089844
3611,24,69,459379,128,5.2085652351379395,5.197940349578857,0.012266195379197598,0.9398384094238281,0.0005,5979.178899049759
3612,24,70,459507,128,6.182394504547119,6.1720476150512695,0.014888300560414791,0.8857988119125366,0.0005,5980.546522855759
3613,24,71,459635,128,3.962721109390259,3.9527080059051514,0.012357992120087147,0.8777346014976501,0.0005,5981.945198535919
3614,24,72,459763,128,5.224817752838135,5.21496057510376,0.012828844599425793,0.8574524521827698,0.0005,5983.315263748169
3615,24,73,459891,128,5.46644401550293,5.455092906951904,0.015702931210398674,0.9781051278114319,0.0005,5984.686008214951
3616,24,74,460019,128,4.349996566772461,4.339083194732666,0.012089644558727741,0.970451831817627,0.0005,5986.0780918598175
3617,24,75,460147,128,6.7246575355529785,6.714437007904053,0.016759319230914116,0.8544673323631287,0.0005,5987.435990095139
3618,24,76,460275,128,5.175267696380615,5.162804126739502,0.013019355945289135,1.1161664724349976,0.0005,5988.822857141495
3619,24,77,460403,128,5.472625732421875,5.461803436279297,0.019534189254045486,0.8868809342384338,0.0005,5990.175592422485
3620,24,78,460531,128,4.858733177185059,4.848141193389893,0.011327171698212624,0.945949375629425,0.0005,5991.5422105789185
3621,24,79,460659,128,6.233822345733643,6.222607612609863,0.014816964976489544,0.9733399152755737,0.0005,5992.890992164612
3622,24,80,460787,128,7.199860572814941,7.189762592315674,0.016455557197332382,0.8452189564704895,0.0005,5994.237934589386
3623,24,81,460915,128,5.402417182922363,5.3913655281066895,0.012513277120888233,0.9800599813461304,0.0005,5995.620693683624
3624,24,82,461043,128,6.106232643127441,6.096654415130615,0.012590387836098671,0.8319397568702698,0.0005,5996.967334032059
3625,24,83,461171,128,4.983465194702148,4.971996784210205,0.018130792304873466,0.9655323028564453,0.0005,5998.316833257675
3626,24,84,461299,128,6.525597095489502,6.514362335205078,0.020897841081023216,0.914458155632019,0.0005,5999.654687643051
3627,24,85,461427,128,4.585826873779297,4.5750017166137695,0.013474230654537678,0.9477781653404236,0.0005,6001.00946354866
3628,24,86,461555,128,5.688145637512207,5.677189826965332,0.015254347585141659,0.9430448412895203,0.0005,6002.362133264542
3629,24,87,461683,128,5.9836225509643555,5.971847057342529,0.017083873972296715,1.0067110061645508,0.0005,6003.763578653336
3630,24,88,461811,128,5.112612724304199,5.1017746925354,0.011563507840037346,0.9681885838508606,0.0005,6005.16326546669
3631,24,89,461939,128,6.623490333557129,6.6130170822143555,0.016875574365258217,0.878592312335968,0.0005,6006.547599077225
3632,24,90,462067,128,5.987516403198242,5.977427959442139,0.01577864959836006,0.8510351181030273,0.0005,6007.915052652359
3633,24,91,462195,128,3.9134461879730225,3.9023213386535645,0.013946905732154846,0.973011314868927,0.0005,6009.292789697647
3634,24,92,462323,128,7.590652942657471,7.5799970626831055,0.020152052864432335,0.8640753626823425,0.0005,6010.69384098053
3635,24,93,462451,128,4.590991020202637,4.579530715942383,0.014870173297822475,0.9973247051239014,0.0005,6012.086542606354
3636,24,94,462579,128,7.247172832489014,7.236264228820801,0.01828412339091301,0.9080336093902588,0.0005,6013.444533586502
3637,24,95,462707,128,7.329217910766602,7.318101406097412,0.01809018664062023,0.9307231307029724,0.0005,6014.805298089981
3638,24,96,462835,128,5.520090103149414,5.508577346801758,0.014966005459427834,1.0016030073165894,0.0005,6016.136431217194
3639,24,97,462963,128,6.9451003074646,6.9349541664123535,0.01370686013251543,0.877524197101593,0.0005,6017.472663640976
3640,24,98,463091,128,4.917858600616455,4.9070892333984375,0.01537971943616867,0.9231720566749573,0.0005,6018.8285410404205
3641,24,99,463219,128,6.078514575958252,6.067062854766846,0.018519878387451172,0.9599729776382446,0.0005,6020.179697036743
3642,24,100,463347,128,5.041452884674072,5.030224323272705,0.016909027472138405,0.9537836909294128,0.0005,6021.574125051498
3643,24,101,463475,128,6.36741828918457,6.356916427612305,0.01435038447380066,0.9066913723945618,0.0005,6022.985951662064
3644,24,102,463603,128,5.56939172744751,5.558828353881836,0.012720665894448757,0.9291040897369385,0.0005,6024.355623722076
3645,24,103,463731,128,6.751181602478027,6.739645957946777,0.015479213558137417,0.9987781047821045,0.0005,6025.705720424652
3646,24,104,463859,128,5.988296985626221,5.976437091827393,0.015328541398048401,1.0326875448226929,0.0005,6027.112257480621
3647,24,105,463987,128,6.015450954437256,6.0046305656433105,0.016568129882216454,0.9163546562194824,0.0005,6028.470764875412
3648,24,106,464115,128,7.197897434234619,7.188007831573486,0.015414108522236347,0.8348046541213989,0.0005,6029.862924814224
3649,24,107,464243,128,5.469704627990723,5.45891809463501,0.019151777029037476,0.8871671557426453,0.0005,6031.273996114731
3650,24,108,464371,128,7.190232276916504,7.180138111114502,0.015855757519602776,0.8508710265159607,0.0005,6032.690979719162
3651,24,109,464499,128,7.54297399520874,7.533274173736572,0.013521799817681313,0.8347345590591431,0.0005,6034.069844245911
3652,24,110,464627,128,6.475127696990967,6.464383602142334,0.016130758449435234,0.9131030440330505,0.0005,6035.463729381561
3653,24,111,464755,128,4.5509352684021,4.5386505126953125,0.013555996119976044,1.092893123626709,0.0005,6036.8554854393005
3654,24,112,464883,128,6.461215972900391,6.45072078704834,0.01604307070374489,0.8891082406044006,0.0005,6038.194529056549
3655,24,113,465011,128,5.710305690765381,5.699397563934326,0.012564904987812042,0.9651790261268616,0.0005,6039.564976930618
3656,24,114,465139,128,4.957328796386719,4.94667911529541,0.01642344892024994,0.9007315635681152,0.0005,6040.930400133133
3657,24,115,465267,128,5.611390590667725,5.600430965423584,0.013206702657043934,0.9638862013816833,0.0005,6042.279128313065
3658,24,116,465395,128,5.059251308441162,5.047790050506592,0.010580629110336304,1.0403388738632202,0.0005,6043.623195648193
3659,24,117,465523,128,5.983041763305664,5.972593307495117,0.013486324809491634,0.9100102186203003,0.0005,6045.004138946533
3660,24,118,465651,128,5.479618549346924,5.467460632324219,0.016186406835913658,1.0539132356643677,0.0005,6046.403172969818
3661,24,119,465779,128,3.9645333290100098,3.953653573989868,0.010616409592330456,0.9818151593208313,0.0005,6047.813685417175
3662,24,120,465907,128,5.209807872772217,5.199425220489502,0.012889248318970203,0.909377932548523,0.0005,6049.20797586441
3663,24,121,466035,128,5.254499435424805,5.243460178375244,0.01621817611157894,0.941737949848175,0.0005,6050.574808359146
3664,24,122,466163,128,5.176048278808594,5.166069984436035,0.014040789566934109,0.857402503490448,0.0005,6051.925419092178
3665,24,123,466291,128,6.344819068908691,6.332914352416992,0.020205501466989517,0.9884262084960938,0.0005,6053.298239946365
3666,24,124,466419,128,4.727954387664795,4.716236114501953,0.012380540370941162,1.048025369644165,0.0005,6054.666983366013
3667,24,125,466547,128,7.627377986907959,7.617214202880859,0.01946130208671093,0.8217791318893433,0.0005,6056.0760407447815
3668,24,126,466675,128,5.806130409240723,5.796260833740234,0.014950868673622608,0.8374489545822144,0.0005,6057.448328971863
3669,24,127,466803,128,6.398028373718262,6.386384963989258,0.0169869065284729,0.9944996237754822,0.0005,6058.856422662735
3670,24,128,466931,128,6.596651554107666,6.586300373077393,0.018948392942547798,0.8456344604492188,0.0005,6060.252597808838
3671,24,129,467059,128,4.480285167694092,4.470812797546387,0.012556175701320171,0.8216765522956848,0.0005,6061.65197467804
3672,24,130,467187,128,6.476062774658203,6.464362144470215,0.016232255846261978,1.0077428817749023,0.0005,6063.074350595474
3673,24,131,467315,128,6.738629341125488,6.727926731109619,0.01827734149992466,0.8874769806861877,0.0005,6064.431854724884
3674,24,132,467443,128,5.61724853515625,5.607004642486572,0.014026927761733532,0.8840802907943726,0.0005,6065.821075201035
3675,24,133,467571,128,5.3377509117126465,5.327159881591797,0.013340495526790619,0.925682008266449,0.0005,6067.1797778606415
3676,24,134,467699,128,4.956724166870117,4.945933818817139,0.018397606909275055,0.8950856328010559,0.0005,6068.565679550171
3677,24,135,467827,128,5.578039646148682,5.566926002502441,0.01766168884932995,0.9347228407859802,0.0005,6069.958883523941
3678,24,136,467955,128,5.099329471588135,5.087964057922363,0.014705908484756947,0.989501416683197,0.0005,6071.369291782379
3679,24,137,468083,128,4.894226551055908,4.8830647468566895,0.013627195730805397,0.9798996448516846,0.0005,6072.760145664215
3680,24,138,468211,128,5.5114006996154785,5.500601291656494,0.0138783548027277,0.9411225914955139,0.0005,6074.179131269455
3681,24,139,468339,128,6.434938907623291,6.423379898071289,0.016055351123213768,0.9953473210334778,0.0005,6075.593667507172
3682,24,140,468467,128,5.931746959686279,5.919678211212158,0.018431734293699265,1.0225735902786255,0.0005,6076.950928211212
3683,24,141,468595,128,7.008819580078125,6.998133182525635,0.017230108380317688,0.8963623046875,0.0005,6078.349199056625
3684,24,142,468723,128,7.122551441192627,7.110966682434082,0.016006475314497948,0.9984044432640076,0.0005,6079.746469497681
3685,24,143,468851,128,5.909588813781738,5.8980913162231445,0.014861158095300198,1.0011272430419922,0.0005,6081.128804206848
3686,24,144,468979,128,5.731070041656494,5.719966888427734,0.014317174442112446,0.9671014547348022,0.0005,6082.531538248062
3687,24,145,469107,128,4.7211689949035645,4.710409641265869,0.012959452345967293,0.9463297128677368,0.0005,6083.942936182022
3688,24,146,469235,128,6.1329874992370605,6.1217732429504395,0.015999063849449158,0.9614368677139282,0.0005,6085.315949440002
3689,24,147,469363,128,6.7074971199035645,6.695337295532227,0.013720340095460415,1.0787745714187622,0.0005,6086.72435259819
3690,24,148,469491,128,5.8982768058776855,5.887001037597656,0.01643756963312626,0.9632284045219421,0.0005,6088.115937709808
3691,24,149,469619,128,6.286926746368408,6.273937702178955,0.017829587683081627,1.1206040382385254,0.0005,6089.478210687637
3692,24,150,469747,128,5.803514003753662,5.792255401611328,0.013604353182017803,0.9898105263710022,0.0005,6090.86208319664
3693,24,151,469875,128,5.823761940002441,5.812624931335449,0.014312955550849438,0.9705495834350586,0.0005,6092.250983953476
3694,24,152,470003,128,5.33597993850708,5.323510646820068,0.014002460055053234,1.1069035530090332,0.0005,6093.632833003998
3695,24,153,470131,128,9.683135986328125,9.670851707458496,0.02311229147017002,0.9973136186599731,0.0005,6094.976067066193
3696,24,154,470136,5,11.280465126037598,11.269286155700684,0.02752097323536873,0.84271240234375,0.0005,6095.1811447143555
3697,25,1,470264,128,8.050360679626465,8.03752326965332,0.017309408634901047,1.1106436252593994,0.0005,6141.937803268433
3698,25,2,470392,128,4.851428031921387,4.839308738708496,0.017752347514033318,1.0344094038009644,0.0005,6143.320969820023
3699,25,3,470520,128,5.399622917175293,5.38714599609375,0.014366084709763527,1.1040055751800537,0.0005,6144.698428869247
3700,25,4,470648,128,5.107301712036133,5.095528602600098,0.0182071290910244,0.9952646493911743,0.0005,6146.08060669899
3701,25,5,470776,128,6.4614458084106445,6.449531078338623,0.015565735287964344,1.0358272790908813,0.0005,6147.474678277969
3702,25,6,470904,128,5.515926837921143,5.503952980041504,0.014162366278469563,1.0557751655578613,0.0005,6148.894457817078
3703,25,7,471032,128,7.098368167877197,7.086337566375732,0.01711392216384411,1.0319005250930786,0.0005,6150.30021739006
3704,25,8,471160,128,6.677043914794922,6.666899681091309,0.011699638329446316,0.897387683391571,0.0005,6151.7094650268555
3705,25,9,471288,128,4.336480140686035,4.324289321899414,0.011046077124774456,1.1085789203643799,0.0005,6153.094757556915
3706,25,10,471416,128,7.3999834060668945,7.389482021331787,0.01797477714717388,0.8703842759132385,0.0005,6154.489374160767
3707,25,11,471544,128,7.366554260253906,7.3560614585876465,0.016878074035048485,0.8804745674133301,0.0005,6155.889426708221
3708,25,12,471672,128,7.065277099609375,7.054073810577393,0.019087770953774452,0.9294425249099731,0.0005,6157.288478851318
3709,25,13,471800,128,5.478222846984863,5.466371536254883,0.013818591833114624,1.04693603515625,0.0005,6158.699404478073
3710,25,14,471928,128,7.180319786071777,7.168540000915527,0.016904816031455994,1.0089421272277832,0.0005,6160.108552694321
3711,25,15,472056,128,7.018631935119629,7.007715702056885,0.014880252070724964,0.9428207278251648,0.0005,6161.500394821167
3712,25,16,472184,128,6.3026957511901855,6.290193557739258,0.012883603572845459,1.1213988065719604,0.0005,6162.896233558655
3713,25,17,472312,128,6.010929584503174,5.998796463012695,0.017879122868180275,1.0345150232315063,0.0005,6164.30073428154
3714,25,18,472440,128,6.152458190917969,6.141601085662842,0.015263170003890991,0.933072566986084,0.0005,6165.696724891663
3715,25,19,472568,128,5.81290340423584,5.801597595214844,0.01784636080265045,0.9521093964576721,0.0005,6167.103848457336
3716,25,20,472696,128,5.342329502105713,5.330835342407227,0.013200814835727215,1.0174323320388794,0.0005,6168.499668598175
3717,25,21,472824,128,5.785049915313721,5.77305793762207,0.017804443836212158,1.0211644172668457,0.0005,6169.876184940338
3718,25,22,472952,128,5.426486015319824,5.415236473083496,0.014623510651290417,0.9787009358406067,0.0005,6171.258322477341
3719,25,23,473080,128,6.35523796081543,6.344107627868652,0.014884592965245247,0.9641453623771667,0.0005,6172.653841018677
3720,25,24,473208,128,5.312127590179443,5.3007283210754395,0.017723137512803078,0.9627102613449097,0.0005,6174.0383994579315
3721,25,25,473336,128,6.078975677490234,6.067843437194824,0.016366789117455482,0.9495775103569031,0.0005,6175.441363096237
3722,25,26,473464,128,5.611187934875488,5.600888729095459,0.013849361799657345,0.8914493322372437,0.0005,6176.841636896133
3723,25,27,473592,128,5.205147743225098,5.193528652191162,0.014825296588242054,1.013674259185791,0.0005,6178.1844573020935
3724,25,28,473720,128,5.4760894775390625,5.465680122375488,0.01465068943798542,0.8944572806358337,0.0005,6179.562652587891
3725,25,29,473848,128,6.209782123565674,6.198404312133789,0.01213042251765728,1.0164775848388672,0.0005,6180.940069198608
3726,25,30,473976,128,5.746920108795166,5.736759662628174,0.014267632737755775,0.8733543753623962,0.0005,6182.340126037598
3727,25,31,474104,128,6.40118408203125,6.390239715576172,0.014837286435067654,0.9460686445236206,0.0005,6183.727370262146
3728,25,32,474232,128,4.783113479614258,4.773294925689697,0.01190400030463934,0.862852156162262,0.0005,6185.121017456055
3729,25,33,474360,128,5.59904670715332,5.588486671447754,0.015417871065437794,0.9018343091011047,0.0005,6186.519387483597
3730,25,34,474488,128,5.350674629211426,5.339964866638184,0.020159319043159485,0.8693612813949585,0.0005,6187.866973400116
3731,25,35,474616,128,5.751491546630859,5.740927696228027,0.01612257957458496,0.8951771259307861,0.0005,6189.258611679077
3732,25,36,474744,128,6.799113750457764,6.789364814758301,0.015662673860788345,0.8182607293128967,0.0005,6190.652805566788
3733,25,37,474872,128,5.256322860717773,5.244643211364746,0.014455521479249,1.0233659744262695,0.0005,6192.0517110824585
3734,25,38,475000,128,5.403025150299072,5.39182710647583,0.014712989330291748,0.9726290702819824,0.0005,6193.456945180893
3735,25,39,475128,128,5.5155863761901855,5.503785610198975,0.01594207063317299,1.0206624269485474,0.0005,6194.861939430237
3736,25,40,475256,128,5.12257719039917,5.111535549163818,0.014277803711593151,0.9613813757896423,0.0005,6196.250411987305
3737,25,41,475384,128,4.867532730102539,4.856363773345947,0.01462066825479269,0.9707003831863403,0.0005,6197.62935757637
3738,25,42,475512,128,6.022487163543701,6.011337757110596,0.020438073202967644,0.910590410232544,0.0005,6199.03314614296
3739,25,43,475640,128,5.070513725280762,5.060604572296143,0.014835983514785767,0.8425626754760742,0.0005,6200.410744190216
3740,25,44,475768,128,4.698744773864746,4.6875,0.012241298332810402,1.002083659172058,0.0005,6201.8035888671875
3741,25,45,475896,128,7.9889302253723145,7.97904109954834,0.018719997256994247,0.8017198443412781,0.0005,6203.201567649841
3742,25,46,476024,128,6.021636486053467,6.010354042053223,0.012789706699550152,1.000365972518921,0.0005,6204.610266923904
3743,25,47,476152,128,4.510992050170898,4.499919414520264,0.014348210766911507,0.9637659192085266,0.0005,6206.017725944519
3744,25,48,476280,128,6.768171787261963,6.756409168243408,0.016356704756617546,1.012692928314209,0.0005,6207.405067682266
3745,25,49,476408,128,4.655155658721924,4.644038200378418,0.012946552596986294,0.9822931885719299,0.0005,6208.782652854919
3746,25,50,476536,128,4.920483589172363,4.9086761474609375,0.0142415976151824,1.03829026222229,0.0005,6210.168195009232
3747,25,51,476664,128,6.616413116455078,6.604911804199219,0.014953719452023506,1.000598669052124,0.0005,6211.568832397461
3748,25,52,476792,128,5.667970180511475,5.655191421508789,0.01519053615629673,1.125935435295105,0.0005,6212.979154586792
3749,25,53,476920,128,6.783709526062012,6.773478984832764,0.020927181467413902,0.813750147819519,0.0005,6214.372376680374
3750,25,54,477048,128,4.59771203994751,4.586403846740723,0.013455547392368317,0.9962487816810608,0.0005,6215.78440952301
3751,25,55,477176,128,4.205679893493652,4.194293975830078,0.01122751273214817,1.0263077020645142,0.0005,6217.2017557621
3752,25,56,477304,128,5.858523368835449,5.847150802612305,0.014601880684494972,0.9912310838699341,0.0005,6218.610000610352
3753,25,57,477432,128,5.135551929473877,5.125649929046631,0.01488728541880846,0.8413223028182983,0.0005,6220.016553163528
3754,25,58,477560,128,5.730661392211914,5.719743251800537,0.01722654514014721,0.9195341467857361,0.0005,6221.414329767227
3755,25,59,477688,128,6.326338768005371,6.315447807312012,0.014246557839214802,0.9466086030006409,0.0005,6222.825079917908
3756,25,60,477816,128,6.064460277557373,6.051751136779785,0.020282434299588203,1.0680716037750244,0.0005,6224.243237018585
3757,25,61,477944,128,5.617252349853516,5.6069135665893555,0.016292808577418327,0.8709433078765869,0.0005,6225.634193658829
3758,25,62,478072,128,6.077297210693359,6.066915988922119,0.01677883043885231,0.8703322410583496,0.0005,6227.041729450226
3759,25,63,478200,128,5.174670696258545,5.1640424728393555,0.014932814054191113,0.9134716391563416,0.0005,6228.4348158836365
3760,25,64,478328,128,4.895379066467285,4.885296821594238,0.013454869389533997,0.8736646175384521,0.0005,6229.831061601639
3761,25,65,478456,128,5.317143440246582,5.305450439453125,0.017958248034119606,0.9897345900535583,0.0005,6231.23132610321
3762,25,66,478584,128,4.845456123352051,4.8343915939331055,0.013443301431834698,0.9720238447189331,0.0005,6232.642501592636
3763,25,67,478712,128,4.396685600280762,4.385855197906494,0.012891136109828949,0.9541599750518799,0.0005,6234.0410170555115
3764,25,68,478840,128,5.468662261962891,5.458314895629883,0.013675731606781483,0.8979921936988831,0.0005,6235.438117980957
3765,25,69,478968,128,4.5401530265808105,4.527987957000732,0.01330085750669241,1.0835000276565552,0.0005,6236.836668252945
3766,25,70,479096,128,4.856653690338135,4.846022129058838,0.011340058408677578,0.9497438669204712,0.0005,6238.2188856601715
3767,25,71,479224,128,5.602078437805176,5.590621471405029,0.015113720670342445,0.9945434927940369,0.0005,6239.575437784195
3768,25,72,479352,128,6.261356830596924,6.249933242797852,0.017140908166766167,0.9709237217903137,0.0005,6240.960816144943
3769,25,73,479480,128,4.195161819458008,4.184141159057617,0.014745793305337429,0.9546236395835876,0.0005,6242.355258703232
3770,25,74,479608,128,6.713186740875244,6.702648639678955,0.016885925084352493,0.8849394917488098,0.0005,6243.747535467148
3771,25,75,479736,128,5.723137855529785,5.711953639984131,0.013855904340744019,0.9798570871353149,0.0005,6245.171326160431
3772,25,76,479864,128,7.040952205657959,7.030890941619873,0.017661163583397865,0.8294923901557922,0.0005,6246.579392194748
3773,25,77,479992,128,3.893651247024536,3.8826990127563477,0.010088291950523853,0.994345486164093,0.0005,6247.973845481873
3774,25,78,480120,128,4.694826602935791,4.684322357177734,0.01808764971792698,0.8695500493049622,0.0005,6249.33744764328
3775,25,79,480248,128,5.090888023376465,5.079733848571777,0.013853833079338074,0.9768748879432678,0.0005,6250.718057155609
3776,25,80,480376,128,4.8546600341796875,4.845158576965332,0.01380914170295,0.8120484352111816,0.0005,6252.100035429001
3777,25,81,480504,128,4.316760063171387,4.304798603057861,0.012554540298879147,1.0705946683883667,0.0005,6253.484937667847
3778,25,82,480632,128,6.1922221183776855,6.182399749755859,0.016596153378486633,0.8163145184516907,0.0005,6254.861114263535
3779,25,83,480760,128,5.335573673248291,5.324841499328613,0.014787356369197369,0.9253351092338562,0.0005,6256.262400865555
3780,25,84,480888,128,5.398550987243652,5.388486385345459,0.01335615199059248,0.872917115688324,0.0005,6257.638187646866
3781,25,85,481016,128,5.5159454345703125,5.505929470062256,0.015358946286141872,0.848016083240509,0.0005,6259.00337934494
3782,25,86,481144,128,6.340022087097168,6.329189300537109,0.015550533309578896,0.9277803897857666,0.0005,6260.396364212036
3783,25,87,481272,128,4.356629371643066,4.344986438751221,0.014911860227584839,1.0151907205581665,0.0005,6261.75617647171
3784,25,88,481400,128,5.729596138000488,5.717297077178955,0.014795971103012562,1.08191978931427,0.0005,6263.134921073914
3785,25,89,481528,128,5.41786003112793,5.405380725860596,0.016400747001171112,1.0839506387710571,0.0005,6264.498607873917
3786,25,90,481656,128,4.456019878387451,4.445021152496338,0.012989938259124756,0.9699816703796387,0.0005,6265.9045515060425
3787,25,91,481784,128,4.679872512817383,4.668124198913574,0.012035571038722992,1.0545001029968262,0.0005,6267.289559841156
3788,25,92,481912,128,5.186202049255371,5.175802230834961,0.014756356365978718,0.8924044966697693,0.0005,6268.671990871429
3789,25,93,482040,128,6.738963603973389,6.727325916290283,0.01382175087928772,1.0255513191223145,0.0005,6270.027574539185
3790,25,94,482168,128,6.321404457092285,6.309576511383057,0.014107927680015564,1.0416840314865112,0.0005,6271.387903690338
3791,25,95,482296,128,4.558740139007568,4.547924041748047,0.01138306688517332,0.967772364616394,0.0005,6272.800071001053
3792,25,96,482424,128,4.241187572479248,4.227725982666016,0.014277270995080471,1.203386664390564,0.0005,6274.1922833919525
3793,25,97,482552,128,5.921290397644043,5.910527229309082,0.019974229857325554,0.8765609264373779,0.0005,6275.577003955841
3794,25,98,482680,128,4.877089023590088,4.866950988769531,0.013911251910030842,0.8746882677078247,0.0005,6276.946018457413
3795,25,99,482808,128,5.267801284790039,5.256486892700195,0.011583078652620316,1.0156197547912598,0.0005,6278.331805944443
3796,25,100,482936,128,4.856755256652832,4.845640659332275,0.011901925317943096,0.9924273490905762,0.0005,6279.731746673584
3797,25,101,483064,128,4.1173787117004395,4.106227397918701,0.01132715493440628,1.0018833875656128,0.0005,6281.10565829277
3798,25,102,483192,128,5.363469123840332,5.352485179901123,0.014207419939339161,0.956301748752594,0.0005,6282.479472160339
3799,25,103,483320,128,6.43800687789917,6.426914691925049,0.012721613049507141,0.9819989204406738,0.0005,6283.856312036514
3800,25,104,483448,128,4.5442657470703125,4.533841609954834,0.011699283495545387,0.9253923296928406,0.0005,6285.244900941849
3801,25,105,483576,128,4.794099807739258,4.782851696014404,0.01348511315882206,0.989947497844696,0.0005,6286.6241710186005
3802,25,106,483704,128,4.9377570152282715,4.926715850830078,0.015719657763838768,0.9468846917152405,0.0005,6288.001313447952
3803,25,107,483832,128,4.807175636291504,4.796292304992676,0.013876989483833313,0.9495919346809387,0.0005,6289.384501457214
3804,25,108,483960,128,5.02496862411499,5.014718055725098,0.013687336817383766,0.8882127404212952,0.0005,6290.751639842987
3805,25,109,484088,128,5.78285026550293,5.77120304107666,0.015967924147844315,1.0050132274627686,0.0005,6292.127312898636
3806,25,110,484216,128,7.5876336097717285,7.57521915435791,0.01799553446471691,1.0614701509475708,0.0005,6293.510254621506
3807,25,111,484344,128,6.029321670532227,6.016631603240967,0.01454220712184906,1.1235651969909668,0.0005,6294.8764295578
3808,25,112,484472,128,4.273972034454346,4.261758327484131,0.014186382293701172,1.079491376876831,0.0005,6296.218747615814
3809,25,113,484600,128,6.397941589355469,6.386831283569336,0.017571771517395973,0.9353339076042175,0.0005,6297.58428478241
3810,25,114,484728,128,7.03057861328125,7.018726825714111,0.017660941928625107,1.0085718631744385,0.0005,6298.980490684509
3811,25,115,484856,128,5.0485520362854,5.03650426864624,0.016826434060931206,1.036514163017273,0.0005,6300.362565994263
3812,25,116,484984,128,5.206272602081299,5.193884372711182,0.014259770512580872,1.096232295036316,0.0005,6301.727046012878
3813,25,117,485112,128,7.272462844848633,7.262495040893555,0.015416611917316914,0.8426149487495422,0.0005,6303.102566957474
3814,25,118,485240,128,5.59675407409668,5.586184501647949,0.013233265839517117,0.9246418476104736,0.0005,6304.47110247612
3815,25,119,485368,128,6.26261043548584,6.251595497131348,0.017657991498708725,0.9249367713928223,0.0005,6305.8170573711395
3816,25,120,485496,128,4.767684459686279,4.758100509643555,0.014495032839477062,0.8134145736694336,0.0005,6307.1961987018585
3817,25,121,485624,128,5.245290756225586,5.23490571975708,0.014223850332200527,0.8962468504905701,0.0005,6308.587360858917
3818,25,122,485752,128,6.410531997680664,6.3999176025390625,0.020185818895697594,0.8595906496047974,0.0005,6309.969455718994
3819,25,123,485880,128,5.039239406585693,5.027975082397461,0.017437463626265526,0.9520750641822815,0.0005,6311.3529579639435
3820,25,124,486008,128,5.448906898498535,5.439587593078613,0.013647938147187233,0.7954604029655457,0.0005,6312.721225500107
3821,25,125,486136,128,5.763679027557373,5.753941535949707,0.012700527906417847,0.8467620611190796,0.0005,6314.1027500629425
3822,25,126,486264,128,6.4616289138793945,6.452119827270508,0.012743793427944183,0.8234381079673767,0.0005,6315.510253667831
3823,25,127,486392,128,5.300583362579346,5.290472984313965,0.015780026093125343,0.8532714247703552,0.0005,6316.884331941605
3824,25,128,486520,128,5.236196994781494,5.224945068359375,0.015484428964555264,0.9703456163406372,0.0005,6318.259343147278
3825,25,129,486648,128,5.054774761199951,5.044713020324707,0.013506600633263588,0.8711095452308655,0.0005,6319.642937421799
3826,25,130,486776,128,5.634230136871338,5.624361038208008,0.010978019796311855,0.8771454691886902,0.0005,6321.046683549881
3827,25,131,486904,128,4.87548828125,4.865582466125488,0.01646902970969677,0.8259023427963257,0.0005,6322.429592132568
3828,25,132,487032,128,5.819950580596924,5.809393405914307,0.013803183101117611,0.9176810383796692,0.0005,6323.837268590927
3829,25,133,487160,128,4.801848888397217,4.792056083679199,0.013680308125913143,0.842460572719574,0.0005,6325.239372730255
3830,25,134,487288,128,6.233107566833496,6.2220635414123535,0.0171449463814497,0.9329496622085571,0.0005,6326.6416120529175
3831,25,135,487416,128,6.4793381690979,6.468795299530029,0.01889011822640896,0.8653579950332642,0.0005,6328.03187417984
3832,25,136,487544,128,7.291147232055664,7.279789447784424,0.015561560168862343,0.9801679849624634,0.0005,6329.407276153564
3833,25,137,487672,128,5.773901462554932,5.762642860412598,0.014526642858982086,0.9806037545204163,0.0005,6330.788927078247
3834,25,138,487800,128,7.81354284286499,7.802254676818848,0.01966475509107113,0.9321532845497131,0.0005,6332.18038725853
3835,25,139,487928,128,4.7256927490234375,4.714463710784912,0.015005341731011868,0.9728428721427917,0.0005,6333.578850746155
3836,25,140,488056,128,5.481649875640869,5.469966411590576,0.014025472104549408,1.0280990600585938,0.0005,6334.984354734421
3837,25,141,488184,128,6.391536235809326,6.380499362945557,0.014829483814537525,0.9554077982902527,0.0005,6336.357382059097
3838,25,142,488312,128,5.814968109130859,5.804307460784912,0.013590777292847633,0.9301578998565674,0.0005,6337.695371627808
3839,25,143,488440,128,6.4185967445373535,6.407806396484375,0.013374804519116879,0.9452871680259705,0.0005,6339.080848932266
3840,25,144,488568,128,4.335302352905273,4.324636459350586,0.01200094074010849,0.9465535879135132,0.0005,6340.470799207687
3841,25,145,488696,128,4.1315412521362305,4.1212382316589355,0.011395342648029327,0.9163373708724976,0.0005,6341.883339166641
3842,25,146,488824,128,5.744625568389893,5.732423782348633,0.016023484990000725,1.0599733591079712,0.0005,6343.284862041473
3843,25,147,488952,128,4.97076940536499,4.959453105926514,0.011304996907711029,1.0185664892196655,0.0005,6344.711950302124
3844,25,148,489080,128,5.690072536468506,5.679047107696533,0.01733814738690853,0.9291752576828003,0.0005,6346.134145498276
3845,25,149,489208,128,6.465710163116455,6.454484939575195,0.017186127603054047,0.9506866335868835,0.0005,6347.51691865921
3846,25,150,489336,128,5.091259479522705,5.079793930053711,0.016225675120949745,0.984291136264801,0.0005,6348.87687587738
3847,25,151,489464,128,4.373119831085205,4.362720012664795,0.01385474856942892,0.9014338254928589,0.0005,6350.264148712158
3848,25,152,489592,128,5.746817111968994,5.7353997230529785,0.014548382721841335,0.9962445497512817,0.0005,6351.6554453372955
3849,25,153,489720,128,5.74178409576416,5.731150150299072,0.014893732033669949,0.9144741296768188,0.0005,6353.041925191879
3850,25,154,489725,5,2.079025983810425,2.0707051753997803,0.0068629407323896885,0.7634369134902954,0.0005,6353.269243478775
3851,26,1,489853,128,4.630545139312744,4.620477676391602,0.0128346411511302,0.8783671259880066,0.0005,6399.657923936844
3852,26,2,489981,128,3.2743852138519287,3.26332688331604,0.012531990185379982,0.9805183410644531,0.0005,6401.0642693042755
3853,26,3,490109,128,8.211697578430176,8.202432632446289,0.018093639984726906,0.7456012964248657,0.0005,6402.4040904045105
3854,26,4,490237,128,6.410561561584473,6.3984055519104,0.02002374827861786,1.0153577327728271,0.0005,6403.779529809952
3855,26,5,490365,128,3.687408685684204,3.677199363708496,0.009816235862672329,0.9227864742279053,0.0005,6405.163880825043
3856,26,6,490493,128,5.466946125030518,5.455877780914307,0.015368252992630005,0.953134298324585,0.0005,6406.5277144908905
3857,26,7,490621,128,6.079423427581787,6.069376468658447,0.019015956670045853,0.8145138621330261,0.0005,6407.876976251602
3858,26,8,490749,128,4.761785507202148,4.752528190612793,0.012722107581794262,0.7985128164291382,0.0005,6409.242163181305
3859,26,9,490877,128,6.597762107849121,6.587187767028809,0.012839789502322674,0.9290285706520081,0.0005,6410.629826784134
3860,26,10,491005,128,5.296818256378174,5.287572383880615,0.013884365558624268,0.785733699798584,0.0005,6412.006402730942
3861,26,11,491133,128,7.952416896820068,7.942156791687012,0.01747981645166874,0.851193904876709,0.0005,6413.365346670151
3862,26,12,491261,128,3.576977491378784,3.5663511753082275,0.013258417136967182,0.9300508499145508,0.0005,6414.715570688248
3863,26,13,491389,128,5.085756301879883,5.076968193054199,0.014086100272834301,0.7379423975944519,0.0005,6416.053202390671
3864,26,14,491517,128,4.791995048522949,4.782134056091309,0.013414966873824596,0.8519706130027771,0.0005,6417.394847154617
3865,26,15,491645,128,6.99575662612915,6.985743522644043,0.01279571931809187,0.8733921647071838,0.0005,6418.764093875885
3866,26,16,491773,128,3.8750717639923096,3.8648359775543213,0.012636922299861908,0.897217333316803,0.0005,6420.129594564438
3867,26,17,491901,128,3.7538247108459473,3.7430484294891357,0.010401099920272827,0.9736064672470093,0.0005,6421.507954359055
3868,26,18,492029,128,5.52594518661499,5.5157151222229,0.015685949474573135,0.8661218285560608,0.0005,6422.862800121307
3869,26,19,492157,128,5.389569282531738,5.380553245544434,0.01517208106815815,0.7498706579208374,0.0005,6424.219829082489
3870,26,20,492285,128,4.285568714141846,4.275379180908203,0.01546477247029543,0.8643009662628174,0.0005,6425.619337558746
3871,26,21,492413,128,6.341673851013184,6.331690788269043,0.01539903599768877,0.8443196415901184,0.0005,6426.980621337891
3872,26,22,492541,128,7.423038959503174,7.411426544189453,0.014993689022958279,1.0113215446472168,0.0005,6428.329572439194
3873,26,23,492669,128,6.462461948394775,6.451715469360352,0.01463357638567686,0.9283074736595154,0.0005,6429.713775396347
3874,26,24,492797,128,5.394723415374756,5.382846355438232,0.015027902089059353,1.0373976230621338,0.0005,6431.113249540329
3875,26,25,492925,128,7.331445693969727,7.3198981285095215,0.018097564578056335,0.9737744331359863,0.0005,6432.5004529953
3876,26,26,493053,128,5.958279609680176,5.94745397567749,0.021540487185120583,0.8671950101852417,0.0005,6433.903827190399
3877,26,27,493181,128,5.272277355194092,5.261115074157715,0.014051416888833046,0.9757019281387329,0.0005,6435.298125505447
3878,26,28,493309,128,4.938035011291504,4.927509307861328,0.014483722858130932,0.9077503085136414,0.0005,6436.693109512329
3879,26,29,493437,128,4.919669151306152,4.908706188201904,0.014034307561814785,0.9559459686279297,0.0005,6438.053312540054
3880,26,30,493565,128,4.991426467895508,4.981104373931885,0.016833093017339706,0.8638737797737122,0.0005,6439.428114652634
3881,26,31,493693,128,4.913634777069092,4.902999401092529,0.013743164949119091,0.9260975122451782,0.0005,6440.831922531128
3882,26,32,493821,128,5.158409118652344,5.147347450256348,0.013445747084915638,0.9717214703559875,0.0005,6442.2318749427795
3883,26,33,493949,128,5.594359874725342,5.584046363830566,0.01456675585359335,0.8856638669967651,0.0005,6443.618244886398
3884,26,34,494077,128,5.346221923828125,5.3356194496154785,0.01597604714334011,0.9004974961280823,0.0005,6444.996443748474
3885,26,35,494205,128,7.094870567321777,7.084107875823975,0.016232911497354507,0.9139365553855896,0.0005,6446.3735892772675
3886,26,36,494333,128,6.425510883331299,6.415170669555664,0.015458554029464722,0.8794416189193726,0.0005,6447.730787038803
3887,26,37,494461,128,4.4227986335754395,4.411753177642822,0.013478264212608337,0.9697452783584595,0.0005,6449.085534334183
3888,26,38,494589,128,6.767180919647217,6.756307601928711,0.013338538818061352,0.9539632797241211,0.0005,6450.46685051918
3889,26,39,494717,128,4.090310573577881,4.0798563957214355,0.010986216366291046,0.9355689287185669,0.0005,6451.8263466358185
3890,26,40,494845,128,3.8544704914093018,3.842158079147339,0.011435220018029213,1.116892695426941,0.0005,6453.195694684982
3891,26,41,494973,128,5.716927528381348,5.7065911293029785,0.01294662058353424,0.9041650295257568,0.0005,6454.565812587738
3892,26,42,495101,128,6.230420112609863,6.219198226928711,0.013498293235898018,0.9872041344642639,0.0005,6455.954206943512
3893,26,43,495229,128,6.99716854095459,6.986179828643799,0.014570404775440693,0.9531578421592712,0.0005,6457.32147860527
3894,26,44,495357,128,6.500396728515625,6.490255832672119,0.013047778978943825,0.8836196660995483,0.0005,6458.678606748581
3895,26,45,495485,128,4.762612342834473,4.751335144042969,0.01594211906194687,0.9683209657669067,0.0005,6460.075697183609
3896,26,46,495613,128,6.0204267501831055,6.00927734375,0.016773054376244545,0.9472092986106873,0.0005,6461.437048912048
3897,26,47,495741,128,5.889266490936279,5.877861976623535,0.018521415069699287,0.955248236656189,0.0005,6462.8301820755005
3898,26,48,495869,128,3.897235155105591,3.886803150177002,0.011759483255445957,0.925610363483429,0.0005,6464.231156349182
3899,26,49,495997,128,4.965073585510254,4.954878330230713,0.013870020397007465,0.8808088898658752,0.0005,6465.627068996429
3900,26,50,496125,128,6.978293418884277,6.967081069946289,0.01773817650973797,0.9438597559928894,0.0005,6467.035225391388
3901,26,51,496253,128,4.867837905883789,4.856334686279297,0.01371651142835617,1.013147234916687,0.0005,6468.43740940094
3902,26,52,496381,128,6.240994930267334,6.229860305786133,0.014814967289566994,0.96529620885849,0.0005,6469.817890405655
3903,26,53,496509,128,4.778232097625732,4.76719331741333,0.010582747869193554,0.998077929019928,0.0005,6471.223116397858
3904,26,54,496637,128,4.797130107879639,4.786245346069336,0.012990963645279408,0.9585800170898438,0.0005,6472.601341962814
3905,26,55,496765,128,4.657360076904297,4.647057056427002,0.013202344067394733,0.8982661962509155,0.0005,6474.007390022278
3906,26,56,496893,128,4.605073928833008,4.593621253967285,0.014413652010262012,1.0011035203933716,0.0005,6475.39843082428
3907,26,57,497021,128,3.5987491607666016,3.5882387161254883,0.010842454619705677,0.942619800567627,0.0005,6476.794904232025
3908,26,58,497149,128,6.622408390045166,6.6098198890686035,0.016128020361065865,1.0975888967514038,0.0005,6478.199578285217
3909,26,59,497277,128,5.219766139984131,5.209105491638184,0.011223400942981243,0.9538342356681824,0.0005,6479.598928928375
3910,26,60,497405,128,5.692779064178467,5.683523178100586,0.015800857916474342,0.7675607800483704,0.0005,6480.987597942352
3911,26,61,497533,128,5.655457019805908,5.643418788909912,0.012846025638282299,1.0753674507141113,0.0005,6482.386473417282
3912,26,62,497661,128,5.498675346374512,5.487742900848389,0.018029531463980675,0.9129443764686584,0.0005,6483.725784301758
3913,26,63,497789,128,6.2502760887146,6.238192081451416,0.01767905056476593,1.031581997871399,0.0005,6485.086750984192
3914,26,64,497917,128,6.494676113128662,6.4837236404418945,0.014312791638076305,0.9521068334579468,0.0005,6486.4788377285
3915,26,65,498045,128,4.6954026222229,4.683619499206543,0.011583720333874226,1.0624910593032837,0.0005,6487.883167505264
3916,26,66,498173,128,4.526088714599609,4.515230178833008,0.013745185919106007,0.9483627080917358,0.0005,6489.262160778046
3917,26,67,498301,128,6.483366012573242,6.472383975982666,0.01581783965229988,0.9400537014007568,0.0005,6490.639003992081
3918,26,68,498429,128,6.008644104003906,5.998705863952637,0.01447835098952055,0.8490703105926514,0.0005,6492.089500904083
3919,26,69,498557,128,5.539227485656738,5.527603626251221,0.01570289395749569,1.005361557006836,0.0005,6493.471880435944
3920,26,70,498685,128,7.153372764587402,7.141640663146973,0.015148358419537544,1.0216999053955078,0.0005,6494.858485460281
3921,26,71,498813,128,5.003767490386963,4.993891716003418,0.01653674803674221,0.8222260475158691,0.0005,6496.2488894462585
3922,26,72,498941,128,5.312427997589111,5.302051544189453,0.01430294569581747,0.8945785760879517,0.0005,6497.581164360046
3923,26,73,499069,128,5.1137213706970215,5.103269100189209,0.012859237380325794,0.9166053533554077,0.0005,6498.968946218491
3924,26,74,499197,128,6.207414150238037,6.197241306304932,0.016042649745941162,0.8568913340568542,0.0005,6500.354665517807
3925,26,75,499325,128,6.047773838043213,6.0362958908081055,0.014209422282874584,1.0057178735733032,0.0005,6501.750082492828
3926,26,76,499453,128,4.943343639373779,4.931870937347412,0.015210160985589027,0.9951821565628052,0.0005,6503.147592782974
3927,26,77,499581,128,6.039650917053223,6.02825927734375,0.01724228821694851,0.966730535030365,0.0005,6504.540647268295
3928,26,78,499709,128,5.748786926269531,5.738930702209473,0.01545397937297821,0.8310756087303162,0.0005,6505.955711841583
3929,26,79,499837,128,6.159313201904297,6.148114204406738,0.015763571485877037,0.9622598886489868,0.0005,6507.353519201279
3930,26,80,499965,128,6.184980869293213,6.174219608306885,0.016048407182097435,0.9156006574630737,0.0005,6508.75336432457
3931,26,81,500093,128,4.493473052978516,4.483623504638672,0.01755325123667717,0.8094401955604553,0.0005,6510.147912025452
3932,26,82,500221,128,4.794009685516357,4.784726142883301,0.012614157982170582,0.802214503288269,0.0005,6511.552349805832
3933,26,83,500349,128,6.2731733322143555,6.261786460876465,0.020000990480184555,0.9386304020881653,0.0005,6512.915857076645
3934,26,84,500477,128,5.775424003601074,5.765754699707031,0.014075862243771553,0.8261666297912598,0.0005,6514.279753684998
3935,26,85,500605,128,4.9705939292907715,4.961014747619629,0.014369115233421326,0.8142654895782471,0.0005,6515.661630630493
3936,26,86,500733,128,4.4129533767700195,4.401724338531494,0.013079497031867504,0.9921000599861145,0.0005,6517.047380924225
3937,26,87,500861,128,5.973638534545898,5.963484287261963,0.016362391412258148,0.8518255352973938,0.0005,6518.453399181366
3938,26,88,500989,128,5.970537185668945,5.960118293762207,0.01635684072971344,0.8783111572265625,0.0005,6519.826027393341
3939,26,89,501117,128,6.378813743591309,6.369121551513672,0.014069952070713043,0.8285121321678162,0.0005,6521.190887451172
3940,26,90,501245,128,6.218426704406738,6.207889556884766,0.014979693107306957,0.903942883014679,0.0005,6522.5746195316315
3941,26,91,501373,128,5.104069232940674,5.092990875244141,0.01563689485192299,0.9514644742012024,0.0005,6523.946564912796
3942,26,92,501501,128,5.501560211181641,5.4922332763671875,0.01469133235514164,0.7857955098152161,0.0005,6525.352401256561
3943,26,93,501629,128,4.8543009757995605,4.843923091888428,0.014222678728401661,0.895561695098877,0.0005,6526.763930797577
3944,26,94,501757,128,5.371169567108154,5.359692573547363,0.016555877402424812,0.9821253418922424,0.0005,6528.141518831253
3945,26,95,501885,128,4.066171646118164,4.055099010467529,0.014291695319116116,0.9643678665161133,0.0005,6529.524875879288
3946,26,96,502013,128,5.569228172302246,5.558361053466797,0.016344567760825157,0.9232541918754578,0.0005,6530.911665439606
3947,26,97,502141,128,5.337591648101807,5.327153205871582,0.016322150826454163,0.8806461691856384,0.0005,6532.2720737457275
3948,26,98,502269,128,5.686712741851807,5.675707817077637,0.015965959057211876,0.9408532977104187,0.0005,6533.632375001907
3949,26,99,502397,128,5.003030300140381,4.992804527282715,0.014855004847049713,0.8740453124046326,0.0005,6535.000368595123
3950,26,100,502525,128,5.29986572265625,5.288938045501709,0.017587697133421898,0.916917085647583,0.0005,6536.3704879283905
3951,26,101,502653,128,5.352023601531982,5.3407135009765625,0.012617307715117931,1.0048521757125854,0.0005,6537.771663188934
3952,26,102,502781,128,5.065250873565674,5.053898334503174,0.014938202686607838,0.9858742952346802,0.0005,6539.167264223099
3953,26,103,502909,128,3.71136474609375,3.7004268169403076,0.014574668370187283,0.9480363130569458,0.0005,6540.538410186768
3954,26,104,503037,128,4.474228858947754,4.463352203369141,0.01643430069088936,0.9233157634735107,0.0005,6541.915447950363
3955,26,105,503165,128,5.326656341552734,5.315164089202881,0.01852397434413433,0.9639796018600464,0.0005,6543.261657953262
3956,26,106,503293,128,6.773194313049316,6.763012409210205,0.01886572875082493,0.8295595049858093,0.0005,6544.639038324356
3957,26,107,503421,128,5.299794673919678,5.289488792419434,0.01477151270955801,0.8828763365745544,0.0005,6546.027809381485
3958,26,108,503549,128,3.9010143280029297,3.890287160873413,0.01487521268427372,0.9239731431007385,0.0005,6547.346654891968
3959,26,109,503677,128,7.030679702758789,7.018088340759277,0.015881327912211418,1.1003235578536987,0.0005,6548.738984107971
3960,26,110,503805,128,5.5245585441589355,5.513274669647217,0.014882335439324379,0.9795874953269958,0.0005,6550.12633061409
3961,26,111,503933,128,4.714504241943359,4.704329490661621,0.013690859079360962,0.8805851936340332,0.0005,6551.491202354431
3962,26,112,504061,128,4.5445637702941895,4.5344767570495605,0.014429274015128613,0.8644288182258606,0.0005,6552.88685631752
3963,26,113,504189,128,5.8340020179748535,5.82337760925293,0.016629835590720177,0.8961430191993713,0.0005,6554.256810426712
3964,26,114,504317,128,4.918080806732178,4.906838417053223,0.016792086884379387,0.9562920331954956,0.0005,6555.636060714722
3965,26,115,504445,128,7.136775016784668,7.126851558685303,0.014868685975670815,0.843654990196228,0.0005,6556.986086845398
3966,26,116,504573,128,6.738771915435791,6.728265285491943,0.021394183859229088,0.8366973400115967,0.0005,6558.367236852646
3967,26,117,504701,128,4.434324264526367,4.4225077629089355,0.015524047426879406,1.026394009590149,0.0005,6559.716203451157
3968,26,118,504829,128,5.701496124267578,5.691513538360596,0.013774680905044079,0.8604803681373596,0.0005,6561.08526301384
3969,26,119,504957,128,5.684614181518555,5.6750264167785645,0.015397331677377224,0.8047989010810852,0.0005,6562.46334028244
3970,26,120,505085,128,4.5659894943237305,4.555759906768799,0.012495125643908978,0.8980443477630615,0.0005,6563.830649852753
3971,26,121,505213,128,5.46791410446167,5.458224296569824,0.013155261985957623,0.837431788444519,0.0005,6565.184116601944
3972,26,122,505341,128,5.250223159790039,5.2397847175598145,0.012236262671649456,0.9214652180671692,0.0005,6566.545107603073
3973,26,123,505469,128,4.5388503074646,4.528378486633301,0.014800943434238434,0.8991899490356445,0.0005,6567.9170734882355
3974,26,124,505597,128,4.831920146942139,4.822066783905029,0.013812585733830929,0.8472149968147278,0.0005,6569.304804801941
3975,26,125,505725,128,5.052430152893066,5.041601657867432,0.015508552081882954,0.9277962446212769,0.0005,6570.688676357269
3976,26,126,505853,128,4.036651134490967,4.026033401489258,0.014661982655525208,0.9151537418365479,0.0005,6572.035932064056
3977,26,127,505981,128,3.938519239425659,3.926774740219116,0.013759571127593517,1.0368515253067017,0.0005,6573.384314775467
3978,26,128,506109,128,5.62851619720459,5.618247985839844,0.017902741208672523,0.8478299975395203,0.0005,6574.753179550171
3979,26,129,506237,128,6.562686920166016,6.54988431930542,0.018655331805348396,1.0937201976776123,0.0005,6576.123079776764
3980,26,130,506365,128,6.424088478088379,6.412342548370361,0.016618667170405388,1.0084210634231567,0.0005,6577.484421491623
3981,26,131,506493,128,6.18696403503418,6.176776885986328,0.01798136532306671,0.838922917842865,0.0005,6578.83966088295
3982,26,132,506621,128,6.143431186676025,6.1322526931762695,0.016704780980944633,0.9508081078529358,0.0005,6580.23513507843
3983,26,133,506749,128,5.738145351409912,5.726901054382324,0.015936672687530518,0.965079128742218,0.0005,6581.6180329322815
3984,26,134,506877,128,5.691490173339844,5.681327819824219,0.015377250500023365,0.862472653388977,0.0005,6583.0297520160675
3985,26,135,507005,128,5.886280059814453,5.875035285949707,0.014398264698684216,0.980481743812561,0.0005,6584.431079864502
3986,26,136,507133,128,4.524036884307861,4.514660835266113,0.012761003337800503,0.8100153803825378,0.0005,6585.841666460037
3987,26,137,507261,128,6.337374210357666,6.324857711791992,0.019446328282356262,1.057198405265808,0.0005,6587.203647613525
3988,26,138,507389,128,4.709518909454346,4.698511600494385,0.013659087009727955,0.9641174674034119,0.0005,6588.623842716217
3989,26,139,507517,128,4.628451824188232,4.616128444671631,0.013820699416100979,1.09415602684021,0.0005,6590.008340358734
3990,26,140,507645,128,5.380954742431641,5.370341777801514,0.012593555264174938,0.9353495836257935,0.0005,6591.39405298233
3991,26,141,507773,128,4.684163570404053,4.672171592712402,0.018363935872912407,1.0155445337295532,0.0005,6592.760652780533
3992,26,142,507901,128,5.922391414642334,5.912381172180176,0.01434769481420517,0.8575637340545654,0.0005,6594.129170417786
3993,26,143,508029,128,6.428671360015869,6.416792869567871,0.015282821841537952,1.0350388288497925,0.0005,6595.51584982872
3994,26,144,508157,128,4.926460266113281,4.916271209716797,0.014233133755624294,0.8765718936920166,0.0005,6596.88343834877
3995,26,145,508285,128,5.004295349121094,4.994052886962891,0.011687328107655048,0.907376229763031,0.0005,6598.245480537415
3996,26,146,508413,128,4.504636287689209,4.493631839752197,0.015330418013036251,0.9471396207809448,0.0005,6599.634186506271
3997,26,147,508541,128,5.76719856262207,5.756278991699219,0.018484527245163918,0.907111644744873,0.0005,6601.004945755005
3998,26,148,508669,128,6.447035789489746,6.436036586761475,0.016541529446840286,0.9345165491104126,0.0005,6602.362895488739
3999,26,149,508797,128,7.053348064422607,7.0433478355407715,0.017922818660736084,0.8208027482032776,0.0005,6603.72825717926
4000,26,150,508925,128,6.375558376312256,6.364240646362305,0.014633785001933575,0.9854391813278198,0.0005,6605.1024742126465
4001,26,151,509053,128,3.9577345848083496,3.947031021118164,0.012564820237457752,0.9447028636932373,0.0005,6606.488258123398
4002,26,152,509181,128,4.785983562469482,4.775441646575928,0.0146779241040349,0.9074309468269348,0.0005,6607.896970033646
4003,26,153,509309,128,5.404735565185547,5.3931708335876465,0.014750740490853786,1.0089892148971558,0.0005,6609.269726753235
4004,26,154,509314,5,16.648347854614258,16.62794303894043,0.01625729911029339,1.8780335187911987,0.0005,6609.529582500458
4005,27,1,509442,128,5.270791053771973,5.261358737945557,0.013985484838485718,0.8033785223960876,0.0005,6655.827799320221
4006,27,2,509570,128,4.729015350341797,4.718269348144531,0.013055922463536263,0.944050669670105,0.0005,6657.218875646591
4007,27,3,509698,128,5.543688774108887,5.533092498779297,0.014938587322831154,0.9102463126182556,0.0005,6658.576403617859
4008,27,4,509826,128,5.863657474517822,5.852006912231445,0.020962566137313843,0.9554336071014404,0.0005,6659.95105099678
4009,27,5,509954,128,5.280247688293457,5.268858432769775,0.01358255185186863,1.0031461715698242,0.0005,6661.299327850342
4010,27,6,510082,128,5.6981377601623535,5.686829090118408,0.018530769273638725,0.9455776810646057,0.0005,6662.672787666321
4011,27,7,510210,128,6.11173677444458,6.101240634918213,0.013779150322079659,0.9118282198905945,0.0005,6664.027068138123
4012,27,8,510338,128,5.340551376342773,5.33059024810791,0.014574277214705944,0.8504025936126709,0.0005,6665.401955604553
4013,27,9,510466,128,4.380707263946533,4.369874477386475,0.01164642907679081,0.9668464660644531,0.0005,6666.803674221039
4014,27,10,510594,128,8.165501594543457,8.154562950134277,0.022169236093759537,0.8721224665641785,0.0005,6668.184675455093
4015,27,11,510722,128,5.633620262145996,5.624536514282227,0.013405940495431423,0.774321973323822,0.0005,6669.5547885894775
4016,27,12,510850,128,6.208955764770508,6.1990203857421875,0.012204721570014954,0.8714562058448792,0.0005,6670.9160623550415
4017,27,13,510978,128,5.569106578826904,5.558804988861084,0.019463447853922844,0.8355228304862976,0.0005,6672.370915412903
4018,27,14,511106,128,5.145845413208008,5.135545253753662,0.01372277457267046,0.8927721381187439,0.0005,6673.753296375275
4019,27,15,511234,128,5.528201103210449,5.516849517822266,0.018625715747475624,0.9489269852638245,0.0005,6675.111823797226
4020,27,16,511362,128,6.435727119445801,6.425539016723633,0.0174125824123621,0.8446662425994873,0.0005,6676.524083375931
4021,27,17,511490,128,4.252124309539795,4.2422261238098145,0.012819804251194,0.8616178631782532,0.0005,6677.918873548508
4022,27,18,511618,128,4.677334308624268,4.66734504699707,0.011925590224564075,0.8796476721763611,0.0005,6679.345286846161
4023,27,19,511746,128,5.019186496734619,5.009432315826416,0.010286393575370312,0.8725712895393372,0.0005,6680.753888130188
4024,27,20,511874,128,5.143168926239014,5.131557464599609,0.01606869325041771,1.000467300415039,0.0005,6682.163963317871
4025,27,21,512002,128,5.098137855529785,5.087950706481934,0.015489724464714527,0.863835334777832,0.0005,6683.55823302269
4026,27,22,512130,128,4.343318462371826,4.332373142242432,0.011218588799238205,0.9823513627052307,0.0005,6684.938086509705
4027,27,23,512258,128,5.798827171325684,5.787817001342773,0.015520023182034492,0.9458070993423462,0.0005,6686.34450507164
4028,27,24,512386,128,5.123349666595459,5.111710548400879,0.014320156536996365,1.0206942558288574,0.0005,6687.737087965012
4029,27,25,512514,128,7.017079830169678,7.006749153137207,0.014044058509171009,0.8926441073417664,0.0005,6689.109708309174
4030,27,26,512642,128,6.315048694610596,6.303926944732666,0.01451809611171484,0.9669927358627319,0.0005,6690.48312997818
4031,27,27,512770,128,5.797732830047607,5.786574363708496,0.01930398866534233,0.9228246212005615,0.0005,6691.877801179886
4032,27,28,512898,128,4.150328636169434,4.139461994171143,0.014082150533795357,0.9458754062652588,0.0005,6693.25239944458
4033,27,29,513026,128,6.514591217041016,6.504871368408203,0.015664102509617805,0.8153274655342102,0.0005,6694.6363117694855
4034,27,30,513154,128,5.6538896560668945,5.643723487854004,0.01606163941323757,0.8560323119163513,0.0005,6696.046655654907
4035,27,31,513282,128,5.248233318328857,5.238747596740723,0.012153391726315022,0.827024519443512,0.0005,6697.450059175491
4036,27,32,513410,128,5.257744312286377,5.247349262237549,0.011937219649553299,0.9201691150665283,0.0005,6698.849840402603
4037,27,33,513538,128,4.750838756561279,4.741093158721924,0.0120791494846344,0.8537983894348145,0.0005,6700.209063529968
4038,27,34,513666,128,5.649964809417725,5.639906406402588,0.012787677347660065,0.8779342174530029,0.0005,6701.589080095291
4039,27,35,513794,128,5.000439167022705,4.988917350769043,0.01834966242313385,0.9686991572380066,0.0005,6702.932838916779
4040,27,36,513922,128,6.303635120391846,6.291498184204102,0.013632684014737606,1.077380657196045,0.0005,6704.339503526688
4041,27,37,514050,128,5.014580249786377,5.004980564117432,0.01532120443880558,0.8067678213119507,0.0005,6705.715579032898
4042,27,38,514178,128,5.596333026885986,5.585818767547607,0.01587972603738308,0.8926264047622681,0.0005,6707.112867116928
4043,27,39,514306,128,4.892632484436035,4.882089138031006,0.01209810096770525,0.9333685636520386,0.0005,6708.51261806488
4044,27,40,514434,128,5.283498287200928,5.2737555503845215,0.014967895112931728,0.8245762586593628,0.0005,6709.904544353485
4045,27,41,514562,128,7.22382116317749,7.213359832763672,0.01666572131216526,0.8794978857040405,0.0005,6711.337067127228
4046,27,42,514690,128,7.200525760650635,7.189156532287598,0.01861233450472355,0.9508222937583923,0.0005,6712.771710395813
4047,27,43,514818,128,4.938102722167969,4.928182601928711,0.013355669565498829,0.8584406971931458,0.0005,6714.2069528102875
4048,27,44,514946,128,5.349210739135742,5.338712215423584,0.01505847554653883,0.8992840051651001,0.0005,6715.614321231842
4049,27,45,515074,128,5.459300994873047,5.449479103088379,0.014783302322030067,0.8343715667724609,0.0005,6716.999582290649
4050,27,46,515202,128,5.75844144821167,5.745885372161865,0.016932649537920952,1.0863001346588135,0.0005,6718.363763809204
4051,27,47,515330,128,7.144619941711426,7.134073257446289,0.01375308632850647,0.9171596765518188,0.0005,6719.773490905762
4052,27,48,515458,128,5.540688991546631,5.529885768890381,0.014554199762642384,0.9347838759422302,0.0005,6721.1590366363525
4053,27,49,515586,128,5.135851860046387,5.124229431152344,0.012911743484437466,1.0331370830535889,0.0005,6722.541688203812
4054,27,50,515714,128,7.701854705810547,7.690821647644043,0.020436802878975868,0.8989324569702148,0.0005,6723.927603960037
4055,27,51,515842,128,6.271742820739746,6.260219573974609,0.015063583850860596,1.0016875267028809,0.0005,6725.337131738663
4056,27,52,515970,128,5.330019474029541,5.31898832321167,0.01632830500602722,0.9398608207702637,0.0005,6726.721031904221
4057,27,53,516098,128,4.800697326660156,4.789233684539795,0.010989956557750702,1.0364761352539062,0.0005,6728.104046821594
4058,27,54,516226,128,5.272784233093262,5.261290550231934,0.019146252423524857,0.9578965306282043,0.0005,6729.501324892044
4059,27,55,516354,128,6.050668239593506,6.040823936462402,0.0151600930839777,0.8328286409378052,0.0005,6730.886103153229
4060,27,56,516482,128,5.060306549072266,5.050104141235352,0.013104376383125782,0.8892150521278381,0.0005,6732.276314496994
4061,27,57,516610,128,5.305943965911865,5.295108318328857,0.01299926359206438,0.9535811543464661,0.0005,6733.644401311874
4062,27,58,516738,128,5.368850231170654,5.358288288116455,0.014480650424957275,0.9113888740539551,0.0005,6734.99981212616
4063,27,59,516866,128,5.105751037597656,5.095736980438232,0.012998173013329506,0.8714160919189453,0.0005,6736.374305725098
4064,27,60,516994,128,5.122317790985107,5.110662937164307,0.011283555999398232,1.0526716709136963,0.0005,6737.789675712585
4065,27,61,517122,128,5.340183258056641,5.327962875366211,0.012817068956792355,1.0938471555709839,0.0005,6739.199856042862
4066,27,62,517250,128,5.63812255859375,5.627026081085205,0.016288751736283302,0.9467769265174866,0.0005,6740.627644300461
4067,27,63,517378,128,4.852282524108887,4.841299057006836,0.013731414452195168,0.9610315561294556,0.0005,6742.011526346207
4068,27,64,517506,128,5.546980857849121,5.536019325256348,0.01860613375902176,0.9101142287254333,0.0005,6743.3973388671875
4069,27,65,517634,128,6.401252269744873,6.389664173126221,0.017058148980140686,0.9882305860519409,0.0005,6744.794190406799
4070,27,66,517762,128,5.04302978515625,5.0312089920043945,0.017474383115768433,1.0073151588439941,0.0005,6746.204421520233
4071,27,67,517890,128,6.168356418609619,6.157196998596191,0.018848532810807228,0.9274678230285645,0.0005,6747.602177143097
4072,27,68,518018,128,5.621454238891602,5.610742092132568,0.015069839544594288,0.9205156564712524,0.0005,6748.984353542328
4073,27,69,518146,128,4.41934871673584,4.407878398895264,0.011442244052886963,1.0325732231140137,0.0005,6750.392420291901
4074,27,70,518274,128,4.674691677093506,4.662679672241211,0.014719349332153797,1.0540107488632202,0.0005,6751.76921081543
4075,27,71,518402,128,5.21804666519165,5.208413600921631,0.01820215955376625,0.7813025712966919,0.0005,6753.125297784805
4076,27,72,518530,128,4.6933770179748535,4.682462215423584,0.01614668034017086,0.9300040602684021,0.0005,6754.488825082779
4077,27,73,518658,128,5.426949501037598,5.415173530578613,0.012515387497842312,1.0524200201034546,0.0005,6755.868643045425
4078,27,74,518786,128,4.125217914581299,4.115413665771484,0.01158338226377964,0.8646233677864075,0.0005,6757.260460615158
4079,27,75,518914,128,5.124752998352051,5.113572597503662,0.014544415287673473,0.9726157784461975,0.0005,6758.654182910919
4080,27,76,519042,128,4.782362461090088,4.772581100463867,0.013038530945777893,0.847764253616333,0.0005,6760.01139998436
4081,27,77,519170,128,6.776968479156494,6.766331195831299,0.01667655073106289,0.8969968557357788,0.0005,6761.404194116592
4082,27,78,519298,128,6.2448883056640625,6.2337846755981445,0.013756240718066692,0.9728012681007385,0.0005,6762.807855844498
4083,27,79,519426,128,5.223845958709717,5.213198184967041,0.014813455753028393,0.9166202545166016,0.0005,6764.190330028534
4084,27,80,519554,128,4.886224746704102,4.8746490478515625,0.013154459185898304,1.025997519493103,0.0005,6765.571413755417
4085,27,81,519682,128,4.9250006675720215,4.914028167724609,0.013027680106461048,0.9669899940490723,0.0005,6766.947538614273
4086,27,82,519810,128,5.78936243057251,5.779858589172363,0.014172821305692196,0.8086755275726318,0.0005,6768.314729452133
4087,27,83,519938,128,4.90983247756958,4.898611545562744,0.014942309819161892,0.9726452827453613,0.0005,6769.681838989258
4088,27,84,520066,128,5.037616729736328,5.027234077453613,0.014640348963439465,0.8918710350990295,0.0005,6771.074885606766
4089,27,85,520194,128,6.0245842933654785,6.015120029449463,0.018011918291449547,0.7663251161575317,0.0005,6772.415762424469
4090,27,86,520322,128,4.93796443939209,4.926880359649658,0.014494615606963634,0.9634376764297485,0.0005,6773.804781675339
4091,27,87,520450,128,7.98815393447876,7.977250099182129,0.018005376681685448,0.9103400111198425,0.0005,6775.182684183121
4092,27,88,520578,128,5.318019390106201,5.307136058807373,0.014223897829651833,0.9460718631744385,0.0005,6776.543267965317
4093,27,89,520706,128,5.9294633865356445,5.918226718902588,0.017866158857941628,0.9449756145477295,0.0005,6777.903144359589
4094,27,90,520834,128,5.072200775146484,5.061341762542725,0.01592939905822277,0.926573634147644,0.0005,6779.244962692261
4095,27,91,520962,128,6.510605335235596,6.499638557434082,0.020374543964862823,0.8929310441017151,0.0005,6780.642307281494
4096,27,92,521090,128,5.0248494148254395,5.014015197753906,0.012677363120019436,0.9566373229026794,0.0005,6781.982110977173
4097,27,93,521218,128,6.097343444824219,6.087289810180664,0.01421472430229187,0.8631987571716309,0.0005,6783.363145828247
4098,27,94,521346,128,6.222039699554443,6.2122578620910645,0.015245526097714901,0.8257600665092468,0.0005,6784.767462015152
4099,27,95,521474,128,4.717529773712158,4.7074432373046875,0.012579920701682568,0.8828768134117126,0.0005,6786.167263746262
4100,27,96,521602,128,4.017124652862549,4.006185531616211,0.011899923905730247,0.9748964905738831,0.0005,6787.525254487991
4101,27,97,521730,128,4.380834102630615,4.369320869445801,0.013926212675869465,1.0120265483856201,0.0005,6788.865937948227
4102,27,98,521858,128,5.090395450592041,5.080324649810791,0.01245961058884859,0.8824881315231323,0.0005,6790.185580253601
4103,27,99,521986,128,4.779534816741943,4.768341064453125,0.014795330353081226,0.9714205265045166,0.0005,6791.570028543472
4104,27,100,522114,128,5.081233501434326,5.070725917816162,0.012809956446290016,0.9226579666137695,0.0005,6792.908632040024
4105,27,101,522242,128,4.962190628051758,4.953039169311523,0.01239236630499363,0.7912290096282959,0.0005,6794.276514530182
4106,27,102,522370,128,5.997018814086914,5.986098766326904,0.017355918884277344,0.9184187650680542,0.0005,6795.635373353958
4107,27,103,522498,128,4.96345329284668,4.951842308044434,0.01625913754105568,0.9985138177871704,0.0005,6796.988006830215
4108,27,104,522626,128,5.481278896331787,5.47106409072876,0.014208542183041573,0.8793990612030029,0.0005,6798.3472373485565
4109,27,105,522754,128,6.061809062957764,6.052337646484375,0.016654137521982193,0.7806041240692139,0.0005,6799.727021217346
4110,27,106,522882,128,6.031968116760254,6.022270679473877,0.01818891428411007,0.7878875732421875,0.0005,6801.12725520134
4111,27,107,523010,128,6.329795837402344,6.3186421394348145,0.012320972047746181,0.9921649694442749,0.0005,6802.513174772263
4112,27,108,523138,128,4.530142307281494,4.518664360046387,0.01584647223353386,0.9893436431884766,0.0005,6803.9184691905975
4113,27,109,523266,128,4.633360385894775,4.621610164642334,0.011624953709542751,1.0587646961212158,0.0005,6805.282880783081
4114,27,110,523394,128,3.826172351837158,3.8146142959594727,0.012794764712452888,1.0278434753417969,0.0005,6806.650423288345
4115,27,111,523522,128,6.215330123901367,6.204024791717529,0.01695195771753788,0.9610384106636047,0.0005,6808.038143873215
4116,27,112,523650,128,4.843029499053955,4.831494331359863,0.012991945259273052,1.0235806703567505,0.0005,6809.389268159866
4117,27,113,523778,128,5.215123653411865,5.201693058013916,0.01696687750518322,1.1733776330947876,0.0005,6810.79335975647
4118,27,114,523906,128,4.962488174438477,4.953249454498291,0.01395350694656372,0.7843356132507324,0.0005,6812.146050930023
4119,27,115,524034,128,5.1037774085998535,5.091719150543213,0.016190269961953163,1.0439509153366089,0.0005,6813.521317720413
4120,27,116,524162,128,4.4557061195373535,4.445445537567139,0.012887001037597656,0.8971797227859497,0.0005,6814.930143356323
4121,27,117,524290,128,3.7678253650665283,3.7573304176330566,0.013412308879196644,0.9153695702552795,0.0005,6816.329482793808
4122,27,118,524418,128,6.347720146179199,6.338354110717773,0.015993880107998848,0.7766600847244263,0.0005,6817.719094753265
4123,27,119,524546,128,3.930227518081665,3.9186604022979736,0.012694582343101501,1.029786229133606,0.0005,6819.107795953751
4124,27,120,524674,128,6.213840007781982,6.203492641448975,0.017987919971346855,0.854858934879303,0.0005,6820.5323259830475
4125,27,121,524802,128,3.892841100692749,3.8819739818573,0.011504185386002064,0.9716845750808716,0.0005,6821.934118270874
4126,27,122,524930,128,6.344130992889404,6.333669662475586,0.0186607725918293,0.8595567345619202,0.0005,6823.35267162323
4127,27,123,525058,128,5.665909767150879,5.654083251953125,0.015526066534221172,1.0274087190628052,0.0005,6824.762322902679
4128,27,124,525186,128,5.007964611053467,4.996102333068848,0.014060253277420998,1.0456064939498901,0.0005,6826.148804426193
4129,27,125,525314,128,3.9161126613616943,3.905449867248535,0.010835914872586727,0.9579170346260071,0.0005,6827.530935764313
4130,27,126,525442,128,4.4022955894470215,4.391695499420166,0.017664892598986626,0.8833368420600891,0.0005,6828.9538633823395
4131,27,127,525570,128,4.71527624130249,4.704372406005859,0.015472764149308205,0.9356482028961182,0.0005,6830.362105131149
4132,27,128,525698,128,5.012103080749512,5.001945972442627,0.013789936900138855,0.8778178691864014,0.0005,6831.746617794037
4133,27,129,525826,128,3.965420961380005,3.9563186168670654,0.011662869714200497,0.793610692024231,0.0005,6833.136414766312
4134,27,130,525954,128,5.880016326904297,5.869390487670898,0.01943218521773815,0.868287980556488,0.0005,6834.560119628906
4135,27,131,526082,128,6.547924995422363,6.537143707275391,0.015450078062713146,0.9236509203910828,0.0005,6835.89634346962
4136,27,132,526210,128,5.981444358825684,5.969818592071533,0.019943300634622574,0.9631770253181458,0.0005,6837.281287908554
4137,27,133,526338,128,6.173835754394531,6.163326263427734,0.016773350536823273,0.8831982016563416,0.0005,6838.656677007675
4138,27,134,526466,128,5.587706565856934,5.576879024505615,0.011554911732673645,0.9672186374664307,0.0005,6840.014330148697
4139,27,135,526594,128,5.946591854095459,5.934371471405029,0.010825137607753277,1.113785743713379,0.0005,6841.37504029274
4140,27,136,526722,128,4.34368371963501,4.332693576812744,0.011056864634156227,0.9884552359580994,0.0005,6842.753105640411
4141,27,137,526850,128,5.214010238647461,5.203281402587891,0.013670188374817371,0.9361801743507385,0.0005,6844.137082099915
4142,27,138,526978,128,6.438971042633057,6.42828893661499,0.01591387763619423,0.9090991020202637,0.0005,6845.540885210037
4143,27,139,527106,128,7.379328727722168,7.368820667266846,0.015750901773571968,0.8933106660842896,0.0005,6846.971658229828
4144,27,140,527234,128,4.283403396606445,4.271673202514648,0.01357945054769516,1.0372252464294434,0.0005,6848.38005065918
4145,27,141,527362,128,5.700760841369629,5.690379619598389,0.012413348071277142,0.9139833450317383,0.0005,6849.750368356705
4146,27,142,527490,128,4.4602131843566895,4.448213577270508,0.011194071732461452,1.0879883766174316,0.0005,6851.138098716736
4147,27,143,527618,128,5.043531894683838,5.033059597015381,0.014921465888619423,0.8980212211608887,0.0005,6852.511328935623
4148,27,144,527746,128,6.234612941741943,6.222712993621826,0.016927262768149376,1.020717978477478,0.0005,6853.896003484726
4149,27,145,527874,128,7.182335376739502,7.170807361602783,0.015582774765789509,0.9969573616981506,0.0005,6855.283173561096
4150,27,146,528002,128,5.940461158752441,5.930145263671875,0.01984305866062641,0.8331660628318787,0.0005,6856.64093542099
4151,27,147,528130,128,6.338704586029053,6.327434062957764,0.015158558264374733,0.9754555821418762,0.0005,6858.007468700409
4152,27,148,528258,128,6.747620105743408,6.736943244934082,0.014997929334640503,0.9177221655845642,0.0005,6859.3780169487
4153,27,149,528386,128,4.43678617477417,4.426839351654053,0.01181970164179802,0.8764710426330566,0.0005,6860.7862713336945
4154,27,150,528514,128,6.0164947509765625,6.0062432289123535,0.01859952136874199,0.8391320109367371,0.0005,6862.171077489853
4155,27,151,528642,128,4.10799503326416,4.096931457519531,0.014203307218849659,0.9643189311027527,0.0005,6863.569810390472
4156,27,152,528770,128,5.057588577270508,5.046630859375,0.01336428802460432,0.9621272087097168,0.0005,6864.987465143204
4157,27,153,528898,128,6.581986427307129,6.571902275085449,0.015652941539883614,0.8518768548965454,0.0005,6866.388738393784
4158,27,154,528903,5,2.1784636974334717,2.165964126586914,0.00975014641880989,1.1524516344070435,0.0005,6866.594739437103
4159,28,1,529031,128,6.325634002685547,6.313863754272461,0.01793430559337139,0.9976692795753479,0.0005,6913.365603685379
4160,28,2,529159,128,4.74656867980957,4.7363810539245605,0.013387414626777172,0.8848735690116882,0.0005,6914.7223472595215
4161,28,3,529287,128,5.295671463012695,5.28483772277832,0.014783813618123531,0.9355739951133728,0.0005,6916.1087510585785
4162,28,4,529415,128,4.548737049102783,4.537440776824951,0.013765893876552582,0.991950273513794,0.0005,6917.485207557678
4163,28,5,529543,128,5.203489303588867,5.193560600280762,0.02152201347053051,0.777672529220581,0.0005,6918.86212849617
4164,28,6,529671,128,6.077595233917236,6.06845760345459,0.016154082491993904,0.7522294521331787,0.0005,6920.236927270889
4165,28,7,529799,128,4.096743583679199,4.086110591888428,0.014160036109387875,0.921665608882904,0.0005,6921.609878778458
4166,28,8,529927,128,5.786375999450684,5.776806831359863,0.01278707291930914,0.8290333151817322,0.0005,6922.969772815704
4167,28,9,530055,128,5.671487808227539,5.660202503204346,0.013629785738885403,0.9922292232513428,0.0005,6924.357157230377
4168,28,10,530183,128,5.320021629333496,5.308662414550781,0.012474688701331615,1.0111721754074097,0.0005,6925.728266716003
4169,28,11,530311,128,7.490367412567139,7.479523658752441,0.014214142225682735,0.9422428011894226,0.0005,6927.105352401733
4170,28,12,530439,128,6.953183650970459,6.940671920776367,0.016491830348968506,1.0862284898757935,0.0005,6928.4807760715485
4171,28,13,530567,128,4.423402309417725,4.413299083709717,0.012975207529962063,0.8805755972862244,0.0005,6929.844938516617
4172,28,14,530695,128,4.9008002281188965,4.889959335327148,0.012640628032386303,0.9576928019523621,0.0005,6931.221591711044
4173,28,15,530823,128,4.45140266418457,4.438847064971924,0.011518544517457485,1.1403557062149048,0.0005,6932.592160224915
4174,28,16,530951,128,5.0013651847839355,4.9871087074279785,0.014131537638604641,1.2843225002288818,0.0005,6933.960604190826
4175,28,17,531079,128,4.772104263305664,4.759782791137695,0.018354227766394615,1.0486085414886475,0.0005,6935.328501701355
4176,28,18,531207,128,4.099644184112549,4.087662220001221,0.013751909136772156,1.0606591701507568,0.0005,6936.681186914444
4177,28,19,531335,128,6.7385172843933105,6.726585865020752,0.01952960155904293,0.9978353977203369,0.0005,6938.037765741348
4178,28,20,531463,128,5.401669502258301,5.390069007873535,0.013798492960631847,1.0220593214035034,0.0005,6939.411685466766
4179,28,21,531591,128,6.889400005340576,6.878217697143555,0.016079485416412354,0.9574187994003296,0.0005,6940.782836437225
4180,28,22,531719,128,6.013136386871338,6.002525806427002,0.013749678619205952,0.9235438704490662,0.0005,6942.175888776779
4181,28,23,531847,128,6.437794208526611,6.42573881149292,0.016247570514678955,1.0430889129638672,0.0005,6943.5802228450775
4182,28,24,531975,128,5.840226650238037,5.830158233642578,0.01504634227603674,0.8564117550849915,0.0005,6944.941641569138
4183,28,25,532103,128,3.8691675662994385,3.85707426071167,0.012627489864826202,1.0830590724945068,0.0005,6946.296165466309
4184,28,26,532231,128,5.4145402908325195,5.403846263885498,0.01368485577404499,0.9325625896453857,0.0005,6947.6541659832
4185,28,27,532359,128,4.54891300201416,4.537363052368164,0.012638906016945839,1.0285950899124146,0.0005,6949.023662567139
4186,28,28,532487,128,4.6384992599487305,4.6267266273498535,0.010746306739747524,1.0698020458221436,0.0005,6950.420977830887
4187,28,29,532615,128,5.933917045593262,5.924066543579102,0.01702800951898098,0.814766526222229,0.0005,6951.792521238327
4188,28,30,532743,128,6.254533290863037,6.244878768920898,0.01566319726407528,0.8088297247886658,0.0005,6953.174638032913
4189,28,31,532871,128,6.258822441101074,6.249299049377441,0.015327036380767822,0.7990674376487732,0.0005,6954.569194316864
4190,28,32,532999,128,6.631687641143799,6.622496128082275,0.014921207912266254,0.7699581384658813,0.0005,6955.936804294586
4191,28,33,533127,128,6.067253589630127,6.0580244064331055,0.016602380201220512,0.7568871974945068,0.0005,6957.308813095093
4192,28,34,533255,128,5.842691421508789,5.83286714553833,0.016613876447081566,0.816290557384491,0.0005,6958.6913850307465
4193,28,35,533383,128,5.800992965698242,5.7888360023498535,0.017396394163370132,1.041740894317627,0.0005,6960.073730230331
4194,28,36,533511,128,5.4535112380981445,5.441935062408447,0.013550641015172005,1.022109866142273,0.0005,6961.47024679184
4195,28,37,533639,128,4.752712249755859,4.742656230926514,0.01309047918766737,0.8746976256370544,0.0005,6962.863876342773
4196,28,38,533767,128,5.904916286468506,5.894433975219727,0.019766217097640038,0.850578248500824,0.0005,6964.242909908295
4197,28,39,533895,128,4.804074287414551,4.793236255645752,0.011849076487123966,0.9653192758560181,0.0005,6965.606307268143
4198,28,40,534023,128,5.1906914710998535,5.179425239562988,0.015070783905684948,0.9759036302566528,0.0005,6966.992628574371
4199,28,41,534151,128,5.007186412811279,4.9952778816223145,0.013734164647758007,1.0535390377044678,0.0005,6968.363766908646
4200,28,42,534279,128,5.784986972808838,5.77479887008667,0.014015741646289825,0.8786582946777344,0.0005,6969.768767356873
4201,28,43,534407,128,6.247962951660156,6.238307952880859,0.015273749828338623,0.8127462267875671,0.0005,6971.1591539382935
4202,28,44,534535,128,4.6777472496032715,4.66815710067749,0.013454645872116089,0.8244730234146118,0.0005,6972.556109189987
4203,28,45,534663,128,4.012308120727539,4.0015339851379395,0.01349384244531393,0.9424804449081421,0.0005,6973.940401792526
4204,28,46,534791,128,5.1762871742248535,5.165843486785889,0.018930409103631973,0.8550692200660706,0.0005,6975.331505775452
4205,28,47,534919,128,4.366513252258301,4.355881214141846,0.014069202356040478,0.9225106835365295,0.0005,6976.72492146492
4206,28,48,535047,128,4.69341516494751,4.682722091674805,0.012771422043442726,0.9416171312332153,0.0005,6978.110265016556
4207,28,49,535175,128,4.842371940612793,4.829650402069092,0.015354213304817677,1.1185938119888306,0.0005,6979.47780251503
4208,28,50,535303,128,3.685396432876587,3.6749820709228516,0.010518076829612255,0.9362440705299377,0.0005,6980.855028390884
4209,28,51,535431,128,6.216341495513916,6.205220699310303,0.014456978999078274,0.9674908518791199,0.0005,6982.224577903748
4210,28,52,535559,128,3.98140549659729,3.970319986343384,0.011129300110042095,0.9972676038742065,0.0005,6983.600079298019
4211,28,53,535687,128,4.303740978240967,4.292391777038574,0.013757484965026379,0.997348427772522,0.0005,6984.975400686264
4212,28,54,535815,128,5.334634780883789,5.323382377624512,0.012337946332991123,1.001893401145935,0.0005,6986.37398648262
4213,28,55,535943,128,6.793911933898926,6.782540321350098,0.01679256372153759,0.9692062139511108,0.0005,6987.744510650635
4214,28,56,536071,128,5.369626045227051,5.35815954208374,0.01646546833217144,0.9819927215576172,0.0005,6989.123327493668
4215,28,57,536199,128,5.551272869110107,5.53928279876709,0.019905848428606987,0.9999365210533142,0.0005,6990.52926492691
4216,28,58,536327,128,5.709329605102539,5.697872638702393,0.018324879929423332,0.9624258875846863,0.0005,6991.916257143021
4217,28,59,536455,128,6.772404193878174,6.762684345245361,0.014188882894814014,0.8300962448120117,0.0005,6993.289554357529
4218,28,60,536583,128,4.828913688659668,4.817447185516357,0.012410169467329979,1.0225164890289307,0.0005,6994.677289247513
4219,28,61,536711,128,5.879160404205322,5.8679704666137695,0.013349373824894428,0.9854925274848938,0.0005,6996.037864923477
4220,28,62,536839,128,5.957892894744873,5.946053504943848,0.015991726890206337,1.024001121520996,0.0005,6997.425979614258
4221,28,63,536967,128,5.736530303955078,5.724481582641602,0.016242308542132378,1.0424697399139404,0.0005,6998.831283330917
4222,28,64,537095,128,6.49105978012085,6.479702472686768,0.018110496923327446,0.9546274542808533,0.0005,7000.227827787399
4223,28,65,537223,128,8.509340286254883,8.497171401977539,0.021268436685204506,1.0041756629943848,0.0005,7001.622237920761
4224,28,66,537351,128,4.00098991394043,3.9898905754089355,0.014151105657219887,0.9684545993804932,0.0005,7003.013617515564
4225,28,67,537479,128,5.206337928771973,5.195461273193359,0.014965257607400417,0.9380319118499756,0.0005,7004.4060072898865
4226,28,68,537607,128,5.471652507781982,5.461245536804199,0.012948437593877316,0.9112167358398438,0.0005,7005.788821220398
4227,28,69,537735,128,5.323933124542236,5.312051773071289,0.014811369590461254,1.0400067567825317,0.0005,7007.172411441803
4228,28,70,537863,128,4.993212699890137,4.983870983123779,0.016519496217370033,0.7690033316612244,0.0005,7008.56364774704
4229,28,71,537991,128,4.317724704742432,4.307530403137207,0.011896607466042042,0.9004504084587097,0.0005,7009.973949432373
4230,28,72,538119,128,4.444377899169922,4.4340105056762695,0.014097425155341625,0.8957821130752563,0.0005,7011.3387105464935
4231,28,73,538247,128,5.210076808929443,5.201434135437012,0.015322737395763397,0.7110419869422913,0.0005,7012.71458029747
4232,28,74,538375,128,4.28865909576416,4.278218746185303,0.014144942164421082,0.9026156067848206,0.0005,7014.091738462448
4233,28,75,538503,128,5.2422637939453125,5.230698585510254,0.01509766560047865,1.0055456161499023,0.0005,7015.503945827484
4234,28,76,538631,128,5.773687839508057,5.76165771484375,0.015958556905388832,1.0434268712997437,0.0005,7016.900145292282
4235,28,77,538759,128,4.401284217834473,4.391092777252197,0.014601975679397583,0.8731192946434021,0.0005,7018.309547901154
4236,28,78,538887,128,3.8736586570739746,3.861987829208374,0.014133562333881855,1.0257539749145508,0.0005,7019.6763484478
4237,28,79,539015,128,4.090817928314209,4.079468250274658,0.00994466245174408,1.0355017185211182,0.0005,7021.040797710419
4238,28,80,539143,128,5.096311569213867,5.085596084594727,0.016823967918753624,0.9033300876617432,0.0005,7022.399723768234
4239,28,81,539271,128,5.920661449432373,5.909778594970703,0.010930487886071205,0.9789854288101196,0.0005,7023.78115272522
4240,28,82,539399,128,5.823412895202637,5.812472820281982,0.018612101674079895,0.9079160094261169,0.0005,7025.1561188697815
4241,28,83,539527,128,3.629149913787842,3.6173300743103027,0.013153557665646076,1.0504478216171265,0.0005,7026.537509918213
4242,28,84,539655,128,3.7606496810913086,3.750916004180908,0.01313493587076664,0.8420179486274719,0.0005,7027.924305200577
4243,28,85,539783,128,6.027974605560303,6.017969608306885,0.016620734706521034,0.8342910408973694,0.0005,7029.338522195816
4244,28,86,539911,128,5.546008110046387,5.53576135635376,0.015540237538516521,0.8692678809165955,0.0005,7030.732120037079
4245,28,87,540039,128,5.073923587799072,5.062808990478516,0.012802653014659882,0.9834311008453369,0.0005,7032.138015985489
4246,28,88,540167,128,5.105269432067871,5.094140529632568,0.016062838956713676,0.9522401094436646,0.0005,7033.5403175354
4247,28,89,540295,128,4.907039165496826,4.895726680755615,0.012519992887973785,1.006029486656189,0.0005,7034.925806045532
4248,28,90,540423,128,5.112846374511719,5.102652549743652,0.013479314744472504,0.8845675587654114,0.0005,7036.339524507523
4249,28,91,540551,128,5.330837726593018,5.3175201416015625,0.012597265653312206,1.2057664394378662,0.0005,7037.745086431503
4250,28,92,540679,128,6.3076934814453125,6.296846866607666,0.014368782751262188,0.9410126209259033,0.0005,7039.168153047562
4251,28,93,540807,128,4.062345027923584,4.050772190093994,0.012968011200428009,1.0275918245315552,0.0005,7040.540231466293
4252,28,94,540935,128,4.749561786651611,4.738903999328613,0.012502294965088367,0.9407355785369873,0.0005,7041.958876132965
4253,28,95,541063,128,4.882549285888672,4.87136173248291,0.014013389125466347,0.9786349534988403,0.0005,7043.339846372604
4254,28,96,541191,128,4.296609878540039,4.285025119781494,0.011330954730510712,1.0451605319976807,0.0005,7044.698033571243
4255,28,97,541319,128,5.4292802810668945,5.419577121734619,0.014098013751208782,0.8293197154998779,0.0005,7046.0843937397
4256,28,98,541447,128,5.617790699005127,5.6075119972229,0.01840992644429207,0.8437570929527283,0.0005,7047.438170671463
4257,28,99,541575,128,4.730871677398682,4.719547271728516,0.013891825452446938,0.9935504198074341,0.0005,7048.80180478096
4258,28,100,541703,128,5.30211877822876,5.290004253387451,0.011705960147082806,1.0943694114685059,0.0005,7050.174033641815
4259,28,101,541831,128,4.749001979827881,4.737668514251709,0.013852237723767757,0.9948195219039917,0.0005,7051.548407793045
4260,28,102,541959,128,6.141860485076904,6.130350589752197,0.020118797197937965,0.9498018622398376,0.0005,7052.903333425522
4261,28,103,542087,128,4.982635021209717,4.971920013427734,0.012990987859666348,0.9416097402572632,0.0005,7054.267176389694
4262,28,104,542215,128,5.055878639221191,5.044065952301025,0.018153516575694084,0.9997145533561707,0.0005,7055.631275653839
4263,28,105,542343,128,3.829509735107422,3.8173751831054688,0.011423890478909016,1.099214792251587,0.0005,7057.045119762421
4264,28,106,542471,128,3.7950398921966553,3.7851667404174805,0.011776945553719997,0.8695421814918518,0.0005,7058.453755617142
4265,28,107,542599,128,5.980148792266846,5.968836307525635,0.016260458156466484,0.9686471223831177,0.0005,7059.810630559921
4266,28,108,542727,128,5.329891681671143,5.318898677825928,0.013595744967460632,0.9633325338363647,0.0005,7061.184864997864
4267,28,109,542855,128,5.153293132781982,5.142234802246094,0.015645641833543777,0.9493863582611084,0.0005,7062.592303276062
4268,28,110,542983,128,4.359795570373535,4.348658084869385,0.013565120287239552,0.9781069159507751,0.0005,7063.987824678421
4269,28,111,543111,128,5.916816234588623,5.905384540557861,0.016417035833001137,0.9789857864379883,0.0005,7065.397232294083
4270,28,112,543239,128,5.3301801681518555,5.318559169769287,0.017068354412913322,0.9914446473121643,0.0005,7066.769594907761
4271,28,113,543367,128,7.787803649902344,7.776373386383057,0.02009670063853264,0.9420418739318848,0.0005,7068.147276878357
4272,28,114,543495,128,5.634621620178223,5.622462749481201,0.016187040135264397,1.054003119468689,0.0005,7069.502621889114
4273,28,115,543623,128,5.874300956726074,5.863670349121094,0.01758032664656639,0.8872381448745728,0.0005,7070.874185800552
4274,28,116,543751,128,6.230225563049316,6.219866752624512,0.014240989461541176,0.8934651017189026,0.0005,7072.239272117615
4275,28,117,543879,128,4.486199378967285,4.474576473236084,0.01306580938398838,1.0316462516784668,0.0005,7073.614940643311
4276,28,118,544007,128,7.077471733093262,7.067525863647461,0.014317795634269714,0.8514148592948914,0.0005,7074.991394042969
4277,28,119,544135,128,4.681582927703857,4.670679092407227,0.011829170398414135,0.9720905423164368,0.0005,7076.3743052482605
4278,28,120,544263,128,5.0612616539001465,5.050609588623047,0.014083931222558022,0.9243334531784058,0.0005,7077.773444890976
4279,28,121,544391,128,5.832280158996582,5.8217363357543945,0.017912499606609344,0.8752521872520447,0.0005,7079.184698104858
4280,28,122,544519,128,4.092440605163574,4.082131385803223,0.013804003596305847,0.8928570747375488,0.0005,7080.597849845886
4281,28,123,544647,128,5.056729793548584,5.046226978302002,0.012381910346448421,0.9264441132545471,0.0005,7081.954831600189
4282,28,124,544775,128,4.397648811340332,4.388085842132568,0.016281794756650925,0.7934642434120178,0.0005,7083.358027219772
4283,28,125,544903,128,5.857996940612793,5.8470940589904785,0.017555449157953262,0.9147248268127441,0.0005,7084.743005514145
4284,28,126,545031,128,4.534092426300049,4.522966384887695,0.011205828748643398,1.0005642175674438,0.0005,7086.118880987167
4285,28,127,545159,128,4.928719520568848,4.91852331161499,0.011878463439643383,0.9008606672286987,0.0005,7087.527383565903
4286,28,128,545287,128,5.853849411010742,5.8439226150512695,0.014989659190177917,0.8427766561508179,0.0005,7088.931415557861
4287,28,129,545415,128,5.676684856414795,5.665843963623047,0.015640951693058014,0.9277053475379944,0.0005,7090.305632591248
4288,28,130,545543,128,6.532549858093262,6.520708084106445,0.01881171204149723,0.9960879683494568,0.0005,7091.675506591797
4289,28,131,545671,128,6.107946395874023,6.097923278808594,0.015000357292592525,0.8522849082946777,0.0005,7093.069561958313
4290,28,132,545799,128,5.975914001464844,5.965286731719971,0.017796101048588753,0.884757399559021,0.0005,7094.479372262955
4291,28,133,545927,128,5.305434226989746,5.294814109802246,0.01745009981095791,0.8874752521514893,0.0005,7095.844290494919
4292,28,134,546055,128,6.4191670417785645,6.408507347106934,0.016105709597468376,0.9048917889595032,0.0005,7097.202926874161
4293,28,135,546183,128,5.038946151733398,5.029829502105713,0.012542292475700378,0.7862601280212402,0.0005,7098.564599752426
4294,28,136,546311,128,6.097123146057129,6.085811138153076,0.015063568949699402,0.9805729389190674,0.0005,7099.930176496506
4295,28,137,546439,128,5.312488079071045,5.303530693054199,0.015542395412921906,0.7403359413146973,0.0005,7101.3282861709595
4296,28,138,546567,128,6.147937774658203,6.136699199676514,0.017139149829745293,0.9524933695793152,0.0005,7102.696254253387
4297,28,139,546695,128,4.753358364105225,4.742679595947266,0.018379969522356987,0.8840444087982178,0.0005,7104.069728374481
4298,28,140,546823,128,4.9922871589660645,4.982120037078857,0.01226626243442297,0.8940573930740356,0.0005,7105.460747003555
4299,28,141,546951,128,5.087775230407715,5.0774617195129395,0.014396998099982738,0.8874157667160034,0.0005,7106.848345994949
4300,28,142,547079,128,4.815225601196289,4.803697109222412,0.012607214041054249,1.026794672012329,0.0005,7108.252188205719
4301,28,143,547207,128,5.978506565093994,5.968029975891113,0.018352000042796135,0.8641443848609924,0.0005,7109.671973466873
4302,28,144,547335,128,4.346980094909668,4.335997581481934,0.013091564178466797,0.9673158526420593,0.0005,7111.077739953995
4303,28,145,547463,128,5.470890998840332,5.4601898193359375,0.016209622845053673,0.9080511331558228,0.0005,7112.473008394241
4304,28,146,547591,128,7.615033149719238,7.603986740112305,0.015990694984793663,0.9447733163833618,0.0005,7113.8810930252075
4305,28,147,547719,128,5.188297748565674,5.176588535308838,0.015541351400315762,1.0155166387557983,0.0005,7115.293459892273
4306,28,148,547847,128,6.076851844787598,6.065800189971924,0.01673797145485878,0.9378159046173096,0.0005,7116.715518951416
4307,28,149,547975,128,6.033178806304932,6.023045063018799,0.01766134425997734,0.8367481231689453,0.0005,7118.103978872299
4308,28,150,548103,128,4.798221111297607,4.787924766540527,0.013151108287274837,0.8981028199195862,0.0005,7119.505823850632
4309,28,151,548231,128,4.11818790435791,4.105909824371338,0.013079396449029446,1.0970033407211304,0.0005,7120.902548074722
4310,28,152,548359,128,5.036962509155273,5.0265936851501465,0.014146069996058941,0.895392119884491,0.0005,7122.308176755905
4311,28,153,548487,128,5.9323410987854,5.921021461486816,0.01720859669148922,0.9598957896232605,0.0005,7123.7006986141205
4312,28,154,548492,5,5.195315361022949,5.178574085235596,0.015257337130606174,1.5215380191802979,0.0005,7123.930070400238
4313,29,1,548620,128,3.9902637004852295,3.9787216186523438,0.012895959429442883,1.0252488851547241,0.0005,7170.657643556595
4314,29,2,548748,128,6.0565643310546875,6.046212196350098,0.016324393451213837,0.8720120191574097,0.0005,7172.077307224274
4315,29,3,548876,128,4.0163044929504395,4.005480766296387,0.0151461660861969,0.9309483170509338,0.0005,7173.466091156006
4316,29,4,549004,128,3.7987821102142334,3.787649631500244,0.011858338490128517,0.994650661945343,0.0005,7174.871254444122
4317,29,5,549132,128,5.821852684020996,5.812328815460205,0.017036259174346924,0.7820344567298889,0.0005,7176.295861959457
4318,29,6,549260,128,5.145792007446289,5.136943817138672,0.011778539977967739,0.7670248746871948,0.0005,7177.654520273209
4319,29,7,549388,128,5.450004577636719,5.439425468444824,0.013595524244010448,0.9219631552696228,0.0005,7179.011368751526
4320,29,8,549516,128,4.149234771728516,4.139257431030273,0.013061289675533772,0.8671228289604187,0.0005,7180.407563209534
4321,29,9,549644,128,4.39672327041626,4.385646820068359,0.011336910538375378,0.9942706823348999,0.0005,7181.827249765396
4322,29,10,549772,128,5.923112392425537,5.912961006164551,0.014504772610962391,0.8701069355010986,0.0005,7183.189532279968
4323,29,11,549900,128,6.09868860244751,6.088137626647949,0.01865760050714016,0.8685100078582764,0.0005,7184.594656467438
4324,29,12,550028,128,5.136913299560547,5.126819610595703,0.011867254972457886,0.8906729817390442,0.0005,7185.987317800522
4325,29,13,550156,128,4.413876533508301,4.402126312255859,0.014158974401652813,1.0334492921829224,0.0005,7187.385675907135
4326,29,14,550284,128,6.0326361656188965,6.020930290222168,0.018091658130288124,0.9896554946899414,0.0005,7188.792902469635
4327,29,15,550412,128,4.201045989990234,4.188784599304199,0.014866403304040432,1.0774669647216797,0.0005,7190.203331232071
4328,29,16,550540,128,7.438018798828125,7.4263715744018555,0.013283738866448402,1.0318663120269775,0.0005,7191.60474562645
4329,29,17,550668,128,5.967391014099121,5.954625606536865,0.015461014583706856,1.1219555139541626,0.0005,7192.986610651016
4330,29,18,550796,128,4.293087005615234,4.280424118041992,0.017404936254024506,1.0922572612762451,0.0005,7194.348345279694
4331,29,19,550924,128,4.649265766143799,4.638253688812256,0.015726760029792786,0.9439606666564941,0.0005,7195.707527399063
4332,29,20,551052,128,5.3472771644592285,5.336677551269531,0.01395493745803833,0.9204068183898926,0.0005,7197.098099470139
4333,29,21,551180,128,4.086342811584473,4.074504852294922,0.018474316224455833,0.9990777373313904,0.0005,7198.50387430191
4334,29,22,551308,128,5.1145429611206055,5.102534294128418,0.013963517732918262,1.0612609386444092,0.0005,7199.871527194977
4335,29,23,551436,128,5.5038981437683105,5.492566108703613,0.010033540427684784,1.0328857898712158,0.0005,7201.247695446014
4336,29,24,551564,128,5.041990756988525,5.030786514282227,0.014273677952587605,0.9777033925056458,0.0005,7202.674206495285
4337,29,25,551692,128,4.476852893829346,4.4659104347229,0.01407917495816946,0.9534483551979065,0.0005,7204.114093065262
4338,29,26,551820,128,4.410195827484131,4.398429870605469,0.012853371910750866,1.0480420589447021,0.0005,7205.497396230698
4339,29,27,551948,128,7.198586463928223,7.188052177429199,0.01775059662759304,0.8758974671363831,0.0005,7206.857504606247
4340,29,28,552076,128,4.287583827972412,4.276175022125244,0.01534548681229353,0.9874576330184937,0.0005,7208.239677429199
4341,29,29,552204,128,4.188841342926025,4.177881717681885,0.012735353782773018,0.9686019420623779,0.0005,7209.6085550785065
4342,29,30,552332,128,4.9986982345581055,4.987600326538086,0.012927502393722534,0.98052579164505,0.0005,7210.979460716248
4343,29,31,552460,128,5.235844135284424,5.22456169128418,0.013069139793515205,0.9975498914718628,0.0005,7212.353550195694
4344,29,32,552588,128,5.025753974914551,5.015643119812012,0.014559506438672543,0.8655022978782654,0.0005,7213.80048251152
4345,29,33,552716,128,6.063310623168945,6.051692962646484,0.013150939717888832,1.0302599668502808,0.0005,7215.184270620346
4346,29,34,552844,128,5.037268161773682,5.025773525238037,0.01404552161693573,1.0090045928955078,0.0005,7216.5493953228
4347,29,35,552972,128,5.050575256347656,5.039062023162842,0.014172320254147053,1.0095998048782349,0.0005,7217.907646417618
4348,29,36,553100,128,4.696465492248535,4.686822414398193,0.011961816810071468,0.8446537852287292,0.0005,7219.293356895447
4349,29,37,553228,128,3.765535831451416,3.7536282539367676,0.01551747228950262,1.0356025695800781,0.0005,7220.697921514511
4350,29,38,553356,128,6.7810235023498535,6.768982887268066,0.01740105263888836,1.0300558805465698,0.0005,7222.097496747971
4351,29,39,553484,128,5.452584743499756,5.441022872924805,0.019131163135170937,0.9648712873458862,0.0005,7223.471931695938
4352,29,40,553612,128,4.911605358123779,4.900873184204102,0.017584702000021935,0.8973788619041443,0.0005,7224.867774963379
4353,29,41,553740,128,5.295080184936523,5.28405237197876,0.017267299816012383,0.9301061034202576,0.0005,7226.228873729706
4354,29,42,553868,128,6.113617897033691,6.102930068969727,0.018340785056352615,0.8854143619537354,0.0005,7227.576466560364
4355,29,43,553996,128,6.776336669921875,6.765382289886475,0.019018156453967094,0.9052734971046448,0.0005,7228.947355508804
4356,29,44,554124,128,5.098259449005127,5.087590217590332,0.019660403952002525,0.8703411221504211,0.0005,7230.309712409973
4357,29,45,554252,128,5.557029724121094,5.5466694831848145,0.013594317249953747,0.9000942707061768,0.0005,7231.676397323608
4358,29,46,554380,128,5.1597723960876465,5.148486137390137,0.013021710328757763,0.9984167218208313,0.0005,7233.0256423950195
4359,29,47,554508,128,5.256824970245361,5.2456889152526855,0.01583571545779705,0.9552702307701111,0.0005,7234.368774175644
4360,29,48,554636,128,5.686760902404785,5.677450180053711,0.016834594309329987,0.7627406120300293,0.0005,7235.743315458298
4361,29,49,554764,128,5.2358078956604,5.225838661193848,0.014703750610351562,0.849848210811615,0.0005,7237.093724012375
4362,29,50,554892,128,6.405465126037598,6.39491081237793,0.014599471352994442,0.9094324111938477,0.0005,7238.457842588425
4363,29,51,555020,128,5.878690719604492,5.867269515991211,0.01752990111708641,0.9668350219726562,0.0005,7239.835823297501
4364,29,52,555148,128,5.823383808135986,5.8135881423950195,0.01851740851998329,0.7943979501724243,0.0005,7241.221555233002
4365,29,53,555276,128,6.231121063232422,6.219419002532959,0.02616242878139019,0.908586323261261,0.0005,7242.595232009888
4366,29,54,555404,128,6.570409297943115,6.560337543487549,0.017221670597791672,0.8349279761314392,0.0005,7244.011716842651
4367,29,55,555532,128,4.8682146072387695,4.857974529266357,0.014214858412742615,0.881881058216095,0.0005,7245.3979024887085
4368,29,56,555660,128,5.313417911529541,5.303361415863037,0.012555854395031929,0.8801093101501465,0.0005,7246.7830946445465
4369,29,57,555788,128,5.779999732971191,5.770382881164551,0.012589707039296627,0.8358044624328613,0.0005,7248.230950593948
4370,29,58,555916,128,4.6466875076293945,4.637657642364502,0.011052421294152737,0.7924759984016418,0.0005,7249.6300573349
4371,29,59,556044,128,5.3202996253967285,5.309909343719482,0.012183706276118755,0.9171900749206543,0.0005,7251.043808221817
4372,29,60,556172,128,5.662596225738525,5.651480674743652,0.015058308839797974,0.960960865020752,0.0005,7252.463865041733
4373,29,61,556300,128,3.891649007797241,3.881072759628296,0.014105952344834805,0.9165650606155396,0.0005,7253.847813367844
4374,29,62,556428,128,4.80900239944458,4.798235893249512,0.016460921615362167,0.9120646119117737,0.0005,7255.249423742294
4375,29,63,556556,128,5.5097126960754395,5.499076843261719,0.017435641959309578,0.889210045337677,0.0005,7256.649994134903
4376,29,64,556684,128,4.235397815704346,4.2239460945129395,0.015791988000273705,0.9872658252716064,0.0005,7258.030606985092
4377,29,65,556812,128,5.346170902252197,5.336455821990967,0.015001130290329456,0.8214940428733826,0.0005,7259.388652563095
4378,29,66,556940,128,4.0195770263671875,4.008889198303223,0.01703917607665062,0.8984094858169556,0.0005,7260.787035942078
4379,29,67,557068,128,4.864882946014404,4.852388858795166,0.0179443396627903,1.0699909925460815,0.0005,7262.207253456116
4380,29,68,557196,128,5.480418682098389,5.468286037445068,0.01608271151781082,1.0524122714996338,0.0005,7263.6143844127655
4381,29,69,557324,128,6.866730213165283,6.85520076751709,0.01571681909263134,0.9957663416862488,0.0005,7264.993432998657
4382,29,70,557452,128,4.990480899810791,4.979537487030029,0.015307468362152576,0.9412853717803955,0.0005,7266.4003229141235
4383,29,71,557580,128,6.402406692504883,6.391067981719971,0.014082520268857479,0.9930440187454224,0.0005,7267.808787345886
4384,29,72,557708,128,5.984029293060303,5.972717761993408,0.016352027654647827,0.9676691889762878,0.0005,7269.199662208557
4385,29,73,557836,128,6.3027520179748535,6.291543960571289,0.016212942078709602,0.9586710929870605,0.0005,7270.583034515381
4386,29,74,557964,128,5.692981719970703,5.681682586669922,0.01628296636044979,0.9670566916465759,0.0005,7271.996957063675
4387,29,75,558092,128,5.767166614532471,5.754891395568848,0.01648561842739582,1.0626614093780518,0.0005,7273.373485326767
4388,29,76,558220,128,4.258932590484619,4.248295783996582,0.011850778944790363,0.9452090263366699,0.0005,7274.761919975281
4389,29,77,558348,128,6.630709648132324,6.620394229888916,0.018810098990797997,0.843432605266571,0.0005,7276.167124271393
4390,29,78,558476,128,3.6210060119628906,3.6095705032348633,0.011560126207768917,1.0279417037963867,0.0005,7277.529149770737
4391,29,79,558604,128,4.834713935852051,4.824461936950684,0.010674634948372841,0.9184438586235046,0.0005,7278.937037706375
4392,29,80,558732,128,6.108623027801514,6.098087310791016,0.014513025060296059,0.908416211605072,0.0005,7280.3151342868805
4393,29,81,558860,128,6.635322570800781,6.624269485473633,0.01578022539615631,0.9475106596946716,0.0005,7281.748834848404
4394,29,82,558988,128,5.204849720001221,5.1939377784729,0.015972519293427467,0.9314470291137695,0.0005,7283.113395690918
4395,29,83,559116,128,4.346766471862793,4.3365278244018555,0.01459609903395176,0.8779168128967285,0.0005,7284.5513916015625
4396,29,84,559244,128,5.410103797912598,5.399165153503418,0.015738222748041153,0.9364593625068665,0.0005,7285.936141252518
4397,29,85,559372,128,5.96091365814209,5.950342655181885,0.01609770767390728,0.896126389503479,0.0005,7287.346935033798
4398,29,86,559500,128,4.666851997375488,4.655683994293213,0.013302306644618511,0.9837595224380493,0.0005,7288.761724948883
4399,29,87,559628,128,4.98234748840332,4.96930456161499,0.016072845086455345,1.1435344219207764,0.0005,7290.139386415482
4400,29,88,559756,128,6.397336959838867,6.38642692565918,0.017374951392412186,0.9172345995903015,0.0005,7291.494735240936
4401,29,89,559884,128,5.101689338684082,5.090993881225586,0.014738159254193306,0.9221497774124146,0.0005,7292.899742841721
4402,29,90,560012,128,5.565104961395264,5.553030967712402,0.015407663770020008,1.0533255338668823,0.0005,7294.264364242554
4403,29,91,560140,128,5.654262065887451,5.642422676086426,0.01534726656973362,1.0304670333862305,0.0005,7295.65188908577
4404,29,92,560268,128,4.933351039886475,4.9225172996521,0.017839161679148674,0.905005156993866,0.0005,7297.019061326981
4405,29,93,560396,128,4.7092742919921875,4.69728422164917,0.012700214050710201,1.0720289945602417,0.0005,7298.3840708732605
4406,29,94,560524,128,6.177881717681885,6.165687561035156,0.012683439068496227,1.0925859212875366,0.0005,7299.754168748856
4407,29,95,560652,128,4.367888927459717,4.356534957885742,0.013344085775315762,1.0019978284835815,0.0005,7301.1212792396545
4408,29,96,560780,128,4.315854549407959,4.3032426834106445,0.013913558796048164,1.1220319271087646,0.0005,7302.469195604324
4409,29,97,560908,128,3.6661524772644043,3.6557271480560303,0.01183803379535675,0.9241532683372498,0.0005,7303.814478158951
4410,29,98,561036,128,4.596358776092529,4.584818363189697,0.01269883569329977,1.0270681381225586,0.0005,7305.171289205551
4411,29,99,561164,128,5.849601745605469,5.837444305419922,0.012850376777350903,1.087255835533142,0.0005,7306.5299417972565
4412,29,100,561292,128,4.792576789855957,4.779857158660889,0.018400980159640312,1.0879606008529663,0.0005,7307.915367841721
4413,29,101,561420,128,6.024394989013672,6.012951374053955,0.017296496778726578,0.9714210629463196,0.0005,7309.2873594760895
4414,29,102,561548,128,5.461681842803955,5.450043201446533,0.012234032154083252,1.0415159463882446,0.0005,7310.712939977646
4415,29,103,561676,128,5.104141712188721,5.093663692474365,0.01430517714470625,0.904762864112854,0.0005,7312.094605922699
4416,29,104,561804,128,3.9977805614471436,3.986760139465332,0.01281678956001997,0.9738757610321045,0.0005,7313.45726442337
4417,29,105,561932,128,5.025581359863281,5.015136241912842,0.01312160026282072,0.9132813215255737,0.0005,7314.827648639679
4418,29,106,562060,128,5.1778693199157715,5.16743278503418,0.014185735955834389,0.9018146991729736,0.0005,7316.207017660141
4419,29,107,562188,128,3.9755020141601562,3.965730905532837,0.01151579525321722,0.8619621992111206,0.0005,7317.559290647507
4420,29,108,562316,128,5.082481861114502,5.070944309234619,0.013004526495933533,1.0237153768539429,0.0005,7318.913827180862
4421,29,109,562444,128,7.333774089813232,7.321689128875732,0.018774598836898804,1.0207606554031372,0.0005,7320.265220165253
4422,29,110,562572,128,5.488242149353027,5.476149082183838,0.016329649835824966,1.0459686517715454,0.0005,7321.643054008484
4423,29,111,562700,128,5.183911323547363,5.173000812530518,0.013689830899238586,0.9541724324226379,0.0005,7323.025047540665
4424,29,112,562828,128,7.154121398925781,7.143017292022705,0.014781549572944641,0.9625673294067383,0.0005,7324.396359443665
4425,29,113,562956,128,6.15747594833374,6.146273136138916,0.016205187886953354,0.958260178565979,0.0005,7325.798330783844
4426,29,114,563084,128,5.645110607147217,5.633383274078369,0.013448307290673256,1.0382707118988037,0.0005,7327.166180610657
4427,29,115,563212,128,4.222442150115967,4.210303783416748,0.0168853010982275,1.044975757598877,0.0005,7328.528967618942
4428,29,116,563340,128,4.697525501251221,4.6863298416137695,0.015359356999397278,0.9659762978553772,0.0005,7329.887390375137
4429,29,117,563468,128,5.323178291320801,5.311694145202637,0.014797351323068142,1.0004693269729614,0.0005,7331.295042514801
4430,29,118,563596,128,4.805346488952637,4.793955326080322,0.013659081421792507,1.0024936199188232,0.0005,7332.6750864982605
4431,29,119,563724,128,5.012956619262695,5.000624179840088,0.012324484996497631,1.1099783182144165,0.0005,7334.021296977997
4432,29,120,563852,128,5.0042548179626465,4.994021892547607,0.01252612005919218,0.8980372548103333,0.0005,7335.410422563553
4433,29,121,563980,128,5.209957599639893,5.198550701141357,0.016342896968126297,0.9772563576698303,0.0005,7336.806302070618
4434,29,122,564108,128,5.877702236175537,5.867033004760742,0.013274875469505787,0.9341737031936646,0.0005,7338.185795783997
4435,29,123,564236,128,5.351134300231934,5.341207981109619,0.011453202925622463,0.8780718445777893,0.0005,7339.555248975754
4436,29,124,564364,128,3.6214842796325684,3.6109793186187744,0.010703128762543201,0.9434599876403809,0.0005,7340.943031072617
4437,29,125,564492,128,5.423429012298584,5.412158966064453,0.015034878626465797,0.9766395092010498,0.0005,7342.341448307037
4438,29,126,564620,128,4.954537868499756,4.943261623382568,0.014418438076972961,0.9834364652633667,0.0005,7343.786539554596
4439,29,127,564748,128,4.187882423400879,4.176661014556885,0.013372763060033321,0.9884199500083923,0.0005,7345.164806604385
4440,29,128,564876,128,3.749631404876709,3.73868465423584,0.012550704181194305,0.9691705107688904,0.0005,7346.546397447586
4441,29,129,565004,128,7.199538230895996,7.187946319580078,0.015064454637467861,1.0085426568984985,0.0005,7347.9369328022
4442,29,130,565132,128,6.2151947021484375,6.2049784660339355,0.014108343981206417,0.8805375099182129,0.0005,7349.317051649094
4443,29,131,565260,128,5.802027225494385,5.790781497955322,0.01383616030216217,0.9862115979194641,0.0005,7350.697432756424
4444,29,132,565388,128,5.805074214935303,5.794126510620117,0.01804041862487793,0.9144063591957092,0.0005,7352.060712099075
4445,29,133,565516,128,3.525003671646118,3.5123889446258545,0.0170369204133749,1.0910900831222534,0.0005,7353.436136960983
4446,29,134,565644,128,4.767786502838135,4.756221771240234,0.015115705318748951,1.0053012371063232,0.0005,7354.821226596832
4447,29,135,565772,128,5.949674129486084,5.937913417816162,0.01291193999350071,1.0469448566436768,0.0005,7356.184152841568
4448,29,136,565900,128,5.021132946014404,5.010222911834717,0.01203944068402052,0.9706026315689087,0.0005,7357.5800886154175
4449,29,137,566028,128,3.5700290203094482,3.5588629245758057,0.009958158247172832,1.017022728919983,0.0005,7359.0003316402435
4450,29,138,566156,128,5.42392635345459,5.412144660949707,0.015726951882243156,1.0209062099456787,0.0005,7360.376316070557
4451,29,139,566284,128,4.4594340324401855,4.44964075088501,0.011242280714213848,0.8668690323829651,0.0005,7361.752960443497
4452,29,140,566412,128,5.421875,5.410215377807617,0.012784208171069622,1.0381407737731934,0.0005,7363.160907030106
4453,29,141,566540,128,5.492788314819336,5.4816813468933105,0.011930102482438087,0.9913913011550903,0.0005,7364.544949769974
4454,29,142,566668,128,4.978231906890869,4.966893672943115,0.015080839395523071,0.9829983711242676,0.0005,7365.948543071747
4455,29,143,566796,128,5.782968044281006,5.772409915924072,0.011192264966666698,0.943911612033844,0.0005,7367.363793849945
4456,29,144,566924,128,4.48959493637085,4.478725910186768,0.012356496416032314,0.9633752703666687,0.0005,7368.734157085419
4457,29,145,567052,128,5.34602165222168,5.336094379425049,0.014358661137521267,0.849137544631958,0.0005,7370.099932909012
4458,29,146,567180,128,5.397942543029785,5.387641429901123,0.016134994104504585,0.8687623739242554,0.0005,7371.490736722946
4459,29,147,567308,128,5.0302863121032715,5.021332740783691,0.013915021903812885,0.7562314867973328,0.0005,7372.89714884758
4460,29,148,567436,128,6.256477355957031,6.246674537658691,0.015042580664157867,0.8298486471176147,0.0005,7374.313332557678
4461,29,149,567564,128,4.982448101043701,4.972303867340088,0.011858237907290459,0.8958476781845093,0.0005,7375.72526550293
4462,29,150,567692,128,5.771015644073486,5.760196208953857,0.012760140001773834,0.954352855682373,0.0005,7377.10453081131
4463,29,151,567820,128,5.87045955657959,5.858841419219971,0.01616678200662136,1.000163197517395,0.0005,7378.467183589935
4464,29,152,567948,128,6.0250325202941895,6.014177322387695,0.016434744000434875,0.9211429953575134,0.0005,7379.8208293914795
4465,29,153,568076,128,5.44267463684082,5.4324517250061035,0.01580425538122654,0.864270806312561,0.0005,7381.2192142009735
4466,29,154,568081,5,1.9362326860427856,1.9256359338760376,0.010327846743166447,0.9563877582550049,0.0005,7381.4202353954315
4467,30,1,568209,128,4.318915843963623,4.307713508605957,0.017464376986026764,0.9455859065055847,0.0005,7428.166170120239
4468,30,2,568337,128,4.050207138061523,4.039434432983398,0.014523318968713284,0.9320453405380249,0.0005,7429.562994480133
4469,30,3,568465,128,5.096032619476318,5.0855326652526855,0.016127172857522964,0.8887364864349365,0.0005,7430.946068763733
4470,30,4,568593,128,4.959080696105957,4.949934482574463,0.014250156469643116,0.7721354961395264,0.0005,7432.363904714584
4471,30,5,568721,128,5.749517917633057,5.738855838775635,0.013282020576298237,0.9334279298782349,0.0005,7433.769078731537
4472,30,6,568849,128,5.0900774002075195,5.077376365661621,0.015621445141732693,1.1138954162597656,0.0005,7435.169758319855
4473,30,7,568977,128,6.575375080108643,6.565683364868164,0.014312416315078735,0.8260056972503662,0.0005,7436.570659160614
4474,30,8,569105,128,4.900182723999023,4.888925552368164,0.012791129760444164,0.9978289604187012,0.0005,7437.975845575333
4475,30,9,569233,128,5.1912689208984375,5.180008888244629,0.013368618674576283,0.9923186898231506,0.0005,7439.3201014995575
4476,30,10,569361,128,5.360840320587158,5.349632263183594,0.013492405414581299,0.9858620762825012,0.0005,7440.735747337341
4477,30,11,569489,128,4.560203552246094,4.549580097198486,0.01398168969899416,0.9225329756736755,0.0005,7442.14418888092
4478,30,12,569617,128,5.1495041847229,5.1383562088012695,0.011904877610504627,0.9957393407821655,0.0005,7443.544811487198
4479,30,13,569745,128,5.203204154968262,5.192636013031006,0.013044744729995728,0.9263426065444946,0.0005,7444.898772478104
4480,30,14,569873,128,5.53298282623291,5.522006511688232,0.015598492696881294,0.9416466355323792,0.0005,7446.307395219803
4481,30,15,570001,128,4.136880397796631,4.125329494476318,0.009646524675190449,1.0586446523666382,0.0005,7447.677718162537
4482,30,16,570129,128,4.174935340881348,4.164746284484863,0.0133938267827034,0.884939432144165,0.0005,7449.0765697956085
4483,30,17,570257,128,5.048025131225586,5.036410331726074,0.016551723703742027,0.9959822297096252,0.0005,7450.477235555649
4484,30,18,570385,128,7.210509300231934,7.199258804321289,0.017201993614435196,0.9530263543128967,0.0005,7451.833405971527
4485,30,19,570513,128,5.41046667098999,5.399285316467285,0.016081275418400764,0.9573445916175842,0.0005,7453.2286858558655
4486,30,20,570641,128,6.090387344360352,6.080600738525391,0.013477032072842121,0.8438955545425415,0.0005,7454.605662822723
4487,30,21,570769,128,5.723235130310059,5.71203088760376,0.014986067079007626,0.9705735445022583,0.0005,7455.98618888855
4488,30,22,570897,128,5.527719974517822,5.515289783477783,0.01300989743322134,1.1129404306411743,0.0005,7457.372534275055
4489,30,23,571025,128,7.363696575164795,7.351698875427246,0.01668841578066349,1.0328906774520874,0.0005,7458.771685600281
4490,30,24,571153,128,5.253028869628906,5.242506504058838,0.014284349046647549,0.9093632698059082,0.0005,7460.130351305008
4491,30,25,571281,128,7.528946399688721,7.517390727996826,0.021239591762423515,0.9431969523429871,0.0005,7461.556332588196
4492,30,26,571409,128,4.613241195678711,4.602609634399414,0.011953776702284813,0.9436078071594238,0.0005,7462.961586475372
4493,30,27,571537,128,5.956332683563232,5.944730281829834,0.01386563666164875,1.0215952396392822,0.0005,7464.382560491562
4494,30,28,571665,128,6.109302520751953,6.099255561828613,0.012545782141387463,0.8792595863342285,0.0005,7465.764301776886
4495,30,29,571793,128,4.587967872619629,4.577482223510742,0.011730738915503025,0.9312501549720764,0.0005,7467.189923286438
4496,30,30,571921,128,7.080801486968994,7.069374084472656,0.016466623172163963,0.9781016111373901,0.0005,7468.570113897324
4497,30,31,572049,128,6.289337635040283,6.278737545013428,0.013341343961656094,0.9265914559364319,0.0005,7469.970341920853
4498,30,32,572177,128,5.901417255401611,5.890087127685547,0.015251916833221912,0.9804906845092773,0.0005,7471.328115940094
4499,30,33,572305,128,6.793245792388916,6.780325412750244,0.020643441006541252,1.0856369733810425,0.0005,7472.720265388489
4500,30,34,572433,128,5.713786602020264,5.7036871910095215,0.017458908259868622,0.8353862166404724,0.0005,7474.1276659965515
4501,30,35,572561,128,4.82919979095459,4.818901538848877,0.013203210197389126,0.8977847695350647,0.0005,7475.536128044128
4502,30,36,572689,128,4.030307769775391,4.019729137420654,0.01386409904807806,0.9192129969596863,0.0005,7476.935771226883
4503,30,37,572817,128,6.033123016357422,6.0225982666015625,0.014173689298331738,0.9107494950294495,0.0005,7478.3233730793
4504,30,38,572945,128,8.305096626281738,8.294727325439453,0.01775224320590496,0.8594942092895508,0.0005,7479.732080936432
4505,30,39,573073,128,8.23447036743164,8.222925186157227,0.016990935429930687,0.9845392107963562,0.0005,7481.117091417313
4506,30,40,573201,128,6.409559726715088,6.3990325927734375,0.01581542380154133,0.8945369124412537,0.0005,7482.513807058334
4507,30,41,573329,128,6.020046710968018,6.0106520652771,0.015188145451247692,0.7875734567642212,0.0005,7483.914597034454
4508,30,42,573457,128,5.174755573272705,5.164328098297119,0.013051360845565796,0.9122141003608704,0.0005,7485.296348571777
4509,30,43,573585,128,5.211823463439941,5.200032711029053,0.01339802797883749,1.0450918674468994,0.0005,7486.651072740555
4510,30,44,573713,128,7.420637130737305,7.409678936004639,0.020371966063976288,0.8920938372612,0.0005,7488.006519317627
4511,30,45,573841,128,7.289325714111328,7.279195785522461,0.019641386345028877,0.8166044354438782,0.0005,7489.389231443405
4512,30,46,573969,128,7.228304386138916,7.217447280883789,0.016743412241339684,0.9183067679405212,0.0005,7490.74126791954
4513,30,47,574097,128,7.622767925262451,7.611955642700195,0.01714455522596836,0.9097972512245178,0.0005,7492.134907245636
4514,30,48,574225,128,5.086343288421631,5.075445652008057,0.015717515721917152,0.9325881004333496,0.0005,7493.525876045227
4515,30,49,574353,128,5.614662170410156,5.603785991668701,0.014300921931862831,0.9446082711219788,0.0005,7494.914806604385
4516,30,50,574481,128,5.32675313949585,5.316958427429199,0.014023169875144958,0.8392228484153748,0.0005,7496.309749364853
4517,30,51,574609,128,5.334831714630127,5.324526786804199,0.01349406223744154,0.8955675363540649,0.0005,7497.690249681473
4518,30,52,574737,128,3.6967198848724365,3.6857104301452637,0.014842698350548744,0.9525282979011536,0.0005,7499.103189229965
4519,30,53,574865,128,5.399738788604736,5.389739036560059,0.01599464751780033,0.8400300741195679,0.0005,7500.496454238892
4520,30,54,574993,128,6.638491153717041,6.626737117767334,0.012856947258114815,1.0468426942825317,0.0005,7501.905488014221
4521,30,55,575121,128,4.434051513671875,4.4231462478637695,0.01238362304866314,0.9666774272918701,0.0005,7503.305691242218
4522,30,56,575249,128,5.877299785614014,5.866672515869141,0.014768569730222225,0.9150698781013489,0.0005,7504.697245121002
4523,30,57,575377,128,5.274234771728516,5.2651824951171875,0.013157862238585949,0.7736454606056213,0.0005,7506.123270988464
4524,30,58,575505,128,4.571121692657471,4.559848785400391,0.0127732427790761,0.9995547533035278,0.0005,7507.487339019775
4525,30,59,575633,128,5.723761558532715,5.713598251342773,0.015048806555569172,0.8658227324485779,0.0005,7508.868939638138
4526,30,60,575761,128,5.143918037414551,5.132229804992676,0.019906943663954735,0.9697317481040955,0.0005,7510.2807059288025
4527,30,61,575889,128,4.845040798187256,4.834864616394043,0.013893927447497845,0.8786827921867371,0.0005,7511.684135913849
4528,30,62,576017,128,5.185574054718018,5.174095630645752,0.014943494461476803,0.9983845353126526,0.0005,7513.096804141998
4529,30,63,576145,128,4.578502655029297,4.566946506500244,0.013151493854820728,1.0241104364395142,0.0005,7514.500533103943
4530,30,64,576273,128,5.018479347229004,5.007134914398193,0.013684182427823544,0.9975760579109192,0.0005,7515.902874708176
4531,30,65,576401,128,6.973363399505615,6.962085723876953,0.02006063424050808,0.9271591305732727,0.0005,7517.284181833267
4532,30,66,576529,128,4.610823154449463,4.600587368011475,0.01000311691313982,0.9235506057739258,0.0005,7518.67769742012
4533,30,67,576657,128,5.974823951721191,5.964221954345703,0.01278177835047245,0.9323632717132568,0.0005,7520.074042081833
4534,30,68,576785,128,4.689362525939941,4.677962303161621,0.015102419070899487,0.9890066981315613,0.0005,7521.426191568375
4535,30,69,576913,128,6.003609657287598,5.993402481079102,0.013000796549022198,0.8907225131988525,0.0005,7522.8054049015045
4536,30,70,577041,128,4.393959999084473,4.383746147155762,0.015748148784041405,0.8638875484466553,0.0005,7524.199253797531
4537,30,71,577169,128,5.314414024353027,5.3030242919921875,0.013257554732263088,1.0063896179199219,0.0005,7525.61040353775
4538,30,72,577297,128,4.489647388458252,4.478671550750732,0.0130885886028409,0.9666923880577087,0.0005,7527.025691509247
4539,30,73,577425,128,5.218705654144287,5.20800256729126,0.014820444397628307,0.9221060276031494,0.0005,7528.417873382568
4540,30,74,577553,128,5.156885147094727,5.147058486938477,0.01433139480650425,0.839343249797821,0.0005,7529.787867307663
4541,30,75,577681,128,6.11735725402832,6.106313705444336,0.015411867760121822,0.9502298831939697,0.0005,7531.184921503067
4542,30,76,577809,128,6.260435581207275,6.249604225158691,0.01974671706557274,0.885699450969696,0.0005,7532.5498514175415
4543,30,77,577937,128,5.285190582275391,5.274729251861572,0.01579045131802559,0.8882538676261902,0.0005,7533.9634308815
4544,30,78,578065,128,5.63560152053833,5.62445068359375,0.014502227306365967,0.9700655341148376,0.0005,7535.360085487366
4545,30,79,578193,128,5.560822010040283,5.551854133605957,0.015044632367789745,0.7463598251342773,0.0005,7536.746657371521
4546,30,80,578321,128,4.145385265350342,4.136082172393799,0.013289687223732471,0.7973967790603638,0.0005,7538.122054576874
4547,30,81,578449,128,3.753702402114868,3.743623733520508,0.014794244430959225,0.8599166870117188,0.0005,7539.523044586182
4548,30,82,578577,128,4.908228874206543,4.898731708526611,0.013225728645920753,0.8174269795417786,0.0005,7540.93509221077
4549,30,83,578705,128,4.565806865692139,4.55399751663208,0.012938081286847591,1.0515817403793335,0.0005,7542.331116914749
4550,30,84,578833,128,4.760266304016113,4.748300075531006,0.014171773567795753,1.0548895597457886,0.0005,7543.732063770294
4551,30,85,578961,128,4.053868770599365,4.043196678161621,0.013824003748595715,0.9289966821670532,0.0005,7545.12206697464
4552,30,86,579089,128,5.073517799377441,5.062928676605225,0.013485155068337917,0.924085259437561,0.0005,7546.550981521606
4553,30,87,579217,128,5.177355766296387,5.167095184326172,0.012591743841767311,0.9001049995422363,0.0005,7547.91606259346
4554,30,88,579345,128,6.954705715179443,6.944119453430176,0.017828984186053276,0.8803554773330688,0.0005,7549.308072805405
4555,30,89,579473,128,6.030776023864746,6.021367073059082,0.013692033477127552,0.8039901256561279,0.0005,7550.696202754974
4556,30,90,579601,128,4.770626068115234,4.7593674659729,0.015580371022224426,0.9700881838798523,0.0005,7552.090028524399
4557,30,91,579729,128,5.443416118621826,5.432217597961426,0.01460582297295332,0.9737957119941711,0.0005,7553.467069149017
4558,30,92,579857,128,3.5377368927001953,3.5272765159606934,0.015545404516160488,0.8905961513519287,0.0005,7554.878066539764
4559,30,93,579985,128,3.82503342628479,3.813627243041992,0.010800170712172985,1.032621145248413,0.0005,7556.2544231414795
4560,30,94,580113,128,4.717059135437012,4.706251621246338,0.011695577763020992,0.9637618660926819,0.0005,7557.636786699295
4561,30,95,580241,128,3.9661288261413574,3.9537672996520996,0.015394560061395168,1.0821974277496338,0.0005,7559.0331594944
4562,30,96,580369,128,5.93730354309082,5.9256815910339355,0.014985958114266396,1.0123144388198853,0.0005,7560.38591337204
4563,30,97,580497,128,5.756441593170166,5.746448040008545,0.016965605318546295,0.8296864628791809,0.0005,7561.791872501373
4564,30,98,580625,128,5.543551445007324,5.529568672180176,0.016170186921954155,1.236580729484558,0.0005,7563.185484886169
4565,30,99,580753,128,6.127349853515625,6.115270614624023,0.01674743741750717,1.0404586791992188,0.0005,7564.570523023605
4566,30,100,580881,128,4.501828670501709,4.488965034484863,0.013752697966992855,1.148820400238037,0.0005,7565.9473514556885
4567,30,101,581009,128,5.179086208343506,5.167392253875732,0.012840569019317627,1.041000247001648,0.0005,7567.31942152977
4568,30,102,581137,128,4.2742018699646,4.261814117431641,0.011793926358222961,1.1208378076553345,0.0005,7568.724391460419
4569,30,103,581265,128,4.421438217163086,4.409566402435303,0.015840979292988777,1.0287697315216064,0.0005,7570.145782709122
4570,30,104,581393,128,5.285686492919922,5.274051189422607,0.013225661590695381,1.0312590599060059,0.0005,7571.5283443927765
4571,30,105,581521,128,4.4503493309021,4.439153671264648,0.013128921389579773,0.9883097410202026,0.0005,7572.924413919449
4572,30,106,581649,128,6.644398212432861,6.634350299835205,0.019407400861382484,0.8107019066810608,0.0005,7574.328732013702
4573,30,107,581777,128,4.748233795166016,4.738011360168457,0.01432188879698515,0.8789968490600586,0.0005,7575.715719461441
4574,30,108,581905,128,5.420882225036621,5.409102439880371,0.012661369517445564,1.0513759851455688,0.0005,7577.122630357742
4575,30,109,582033,128,4.950608730316162,4.938095569610596,0.014155159704387188,1.1097663640975952,0.0005,7578.524691104889
4576,30,110,582161,128,5.259295463562012,5.249754905700684,0.014585757628083229,0.808182954788208,0.0005,7579.932455301285
4577,30,111,582289,128,5.139769554138184,5.128630638122559,0.013695880770683289,0.9769366979598999,0.0005,7581.3225355148315
4578,30,112,582417,128,5.166845798492432,5.155097007751465,0.019984086975455284,0.9750204086303711,0.0005,7582.704340457916
4579,30,113,582545,128,4.483506202697754,4.472242832183838,0.013712174259126186,0.9892182350158691,0.0005,7584.094002246857
4580,30,114,582673,128,5.082352161407471,5.0714616775512695,0.012506173923611641,0.9639857411384583,0.0005,7585.477341413498
4581,30,115,582801,128,4.3412604331970215,4.32968807220459,0.014627033844590187,1.0109399557113647,0.0005,7586.871097326279
4582,30,116,582929,128,5.440383434295654,5.428792476654053,0.012667179107666016,1.0324140787124634,0.0005,7588.253032207489
4583,30,117,583057,128,4.008746147155762,3.998781442642212,0.0135777173563838,0.8606680035591125,0.0005,7589.660170316696
4584,30,118,583185,128,3.5693259239196777,3.5579605102539062,0.013238662853837013,1.004137635231018,0.0005,7591.048501253128
4585,30,119,583313,128,5.269836902618408,5.258293628692627,0.015146086923778057,1.00287663936615,0.0005,7592.448094844818
4586,30,120,583441,128,5.1335768699646,5.123148441314697,0.014289322309195995,0.8999274373054504,0.0005,7593.864820480347
4587,30,121,583569,128,4.590920448303223,4.581116676330566,0.011813794262707233,0.8621953725814819,0.0005,7595.2275977134705
4588,30,122,583697,128,5.2251763343811035,5.2140793800354,0.015337339602410793,0.9563361406326294,0.0005,7596.5962998867035
4589,30,123,583825,128,5.013909339904785,5.002988815307617,0.013294264674186707,0.9590875506401062,0.0005,7597.968764781952
4590,30,124,583953,128,5.676354885101318,5.665770053863525,0.017953332513570786,0.8789334297180176,0.0005,7599.344569683075
4591,30,125,584081,128,5.998550891876221,5.988973140716553,0.01468072272837162,0.81093430519104,0.0005,7600.772384405136
4592,30,126,584209,128,4.9457688331604,4.935256004333496,0.014314556494355202,0.9081442356109619,0.0005,7602.192137002945
4593,30,127,584337,128,5.997031211853027,5.987392425537109,0.01606372930109501,0.803222119808197,0.0005,7603.5766570568085
4594,30,128,584465,128,4.395503997802734,4.384851932525635,0.014521862380206585,0.9200237393379211,0.0005,7604.963526010513
4595,30,129,584593,128,3.9548256397247314,3.945111036300659,0.013151297345757484,0.8399513363838196,0.0005,7606.33328127861
4596,30,130,584721,128,5.847373962402344,5.8382487297058105,0.013151607476174831,0.781007707118988,0.0005,7607.693858385086
4597,30,131,584849,128,5.326839923858643,5.315247535705566,0.01338108815252781,1.025434136390686,0.0005,7609.080273389816
4598,30,132,584977,128,5.250472068786621,5.240644931793213,0.013954496942460537,0.8431715369224548,0.0005,7610.466709852219
4599,30,133,585105,128,4.277649402618408,4.267098426818848,0.012973377481102943,0.925369143486023,0.0005,7611.8233098983765
4600,30,134,585233,128,4.406835079193115,4.39673376083374,0.011919154785573483,0.8909136056900024,0.0005,7613.195078134537
4601,30,135,585361,128,6.2156147956848145,6.204747676849365,0.020873991772532463,0.8779479265213013,0.0005,7614.571521282196
4602,30,136,585489,128,7.970102310180664,7.958284378051758,0.018113497644662857,1.000624179840088,0.0005,7615.976483106613
4603,30,137,585617,128,4.92034387588501,4.9095659255981445,0.015401671640574932,0.9237999320030212,0.0005,7617.341277837753
4604,30,138,585745,128,4.1573166847229,4.146388530731201,0.011512285098433495,0.9777201414108276,0.0005,7618.7042236328125
4605,30,139,585873,128,5.04549503326416,5.034550666809082,0.013518482446670532,0.9592710137367249,0.0005,7620.065165042877
4606,30,140,586001,128,5.984096527099609,5.973400115966797,0.015464350581169128,0.9149817228317261,0.0005,7621.439332008362
4607,30,141,586129,128,3.6476900577545166,3.636528730392456,0.010862844064831734,1.0075069665908813,0.0005,7622.820809602737
4608,30,142,586257,128,4.978489398956299,4.966363430023193,0.013905728235840797,1.0735347270965576,0.0005,7624.2453763484955
4609,30,143,586385,128,4.240917205810547,4.229516983032227,0.011710327118635178,1.022903323173523,0.0005,7625.675102710724
4610,30,144,586513,128,5.344668388366699,5.333992958068848,0.014161164872348309,0.9259071350097656,0.0005,7627.048410892487
4611,30,145,586641,128,5.350647449493408,5.3394575119018555,0.018527541309595108,0.9336981773376465,0.0005,7628.45886349678
4612,30,146,586769,128,3.6107940673828125,3.6003072261810303,0.014479297213256359,0.9039030075073242,0.0005,7629.863681316376
4613,30,147,586897,128,4.604373455047607,4.593861103057861,0.015115290880203247,0.9000803232192993,0.0005,7631.228776693344
4614,30,148,587025,128,5.4560160636901855,5.446525573730469,0.012980016879737377,0.8192535638809204,0.0005,7632.594966173172
4615,30,149,587153,128,6.359334945678711,6.350087642669678,0.014315125532448292,0.7815605401992798,0.0005,7634.00937795639
4616,30,150,587281,128,5.79839563369751,5.788402080535889,0.0167447030544281,0.8318882584571838,0.0005,7635.3972589969635
4617,30,151,587409,128,5.270276069641113,5.259892463684082,0.01689724624156952,0.8693694472312927,0.0005,7636.762652158737
4618,30,152,587537,128,4.930914402008057,4.9202070236206055,0.013843739405274391,0.9323261380195618,0.0005,7638.144406795502
4619,30,153,587665,128,5.335598945617676,5.325734615325928,0.012280941009521484,0.863649845123291,0.0005,7639.5154485702515
4620,30,154,587670,5,1.3599623441696167,1.3521623611450195,0.0106485765427351,0.6735129356384277,0.0005,7639.698652744293
4621,31,1,587798,128,4.434669017791748,4.422900676727295,0.012387270107865334,1.0529594421386719,0.0005,7685.8770978450775
4622,31,2,587926,128,4.838118553161621,4.828087329864502,0.015108861029148102,0.852033257484436,0.0005,7687.268471479416
4623,31,3,588054,128,4.699594974517822,4.689107894897461,0.013065648265182972,0.918060302734375,0.0005,7688.647479295731
4624,31,4,588182,128,6.698901176452637,6.688473701477051,0.017412422224879265,0.8686083555221558,0.0005,7690.056098461151
4625,31,5,588310,128,5.008112907409668,4.997469902038574,0.014203283004462719,0.9222554564476013,0.0005,7691.43878030777
4626,31,6,588438,128,7.106886863708496,7.096983909606934,0.016813740134239197,0.8221483826637268,0.0005,7692.763719320297
4627,31,7,588566,128,5.447938919067383,5.437383651733398,0.015553089790046215,0.899995744228363,0.0005,7694.145616769791
4628,31,8,588694,128,6.331177711486816,6.3219194412231445,0.01754862442612648,0.750372052192688,0.0005,7695.484654188156
4629,31,9,588822,128,4.9196457862854,4.9094319343566895,0.015607465989887714,0.8653098940849304,0.0005,7696.860003948212
4630,31,10,588950,128,4.331145763397217,4.320024490356445,0.01664363034069538,0.9457144737243652,0.0005,7698.224843740463
4631,31,11,589078,128,6.1750617027282715,6.164252281188965,0.014965677633881569,0.9312618970870972,0.0005,7699.563262462616
4632,31,12,589206,128,5.3364386558532715,5.326175689697266,0.014321115799248219,0.8830985426902771,0.0005,7700.921754598618
4633,31,13,589334,128,6.0184526443481445,6.0095930099487305,0.016127105802297592,0.724682092666626,0.0005,7702.339210987091
4634,31,14,589462,128,3.775733232498169,3.7640249729156494,0.011730949394404888,1.0535331964492798,0.0005,7703.714147090912
4635,31,15,589590,128,5.272725582122803,5.2617034912109375,0.014131151139736176,0.9608837366104126,0.0005,7705.07705116272
4636,31,16,589718,128,4.463712215423584,4.453072547912598,0.013731769286096096,0.926654040813446,0.0005,7706.44454407692
4637,31,17,589846,128,4.424056529998779,4.412641525268555,0.014955991879105568,0.9919776916503906,0.0005,7707.829061985016
4638,31,18,589974,128,5.268504619598389,5.257685661315918,0.011759850196540356,0.9642947912216187,0.0005,7709.207018375397
4639,31,19,590102,128,5.034196376800537,5.023747444152832,0.014276665635406971,0.9021443724632263,0.0005,7710.607362270355
4640,31,20,590230,128,5.664229869842529,5.65363073348999,0.017154023051261902,0.8883969187736511,0.0005,7712.017416238785
4641,31,21,590358,128,7.517898082733154,7.5065412521362305,0.018581846728920937,0.9498805403709412,0.0005,7713.441904783249
4642,31,22,590486,128,5.996048450469971,5.986376762390137,0.01828494854271412,0.7842888236045837,0.0005,7714.816004753113
4643,31,23,590614,128,6.620953559875488,6.609592437744141,0.016721636056900024,0.9688717126846313,0.0005,7716.209947347641
4644,31,24,590742,128,4.376790523529053,4.366504669189453,0.012997251935303211,0.8986169695854187,0.0005,7717.5897896289825
4645,31,25,590870,128,4.718422889709473,4.7079057693481445,0.013264571316540241,0.9190593957901001,0.0005,7718.971010684967
4646,31,26,590998,128,4.093403339385986,4.083988189697266,0.013120712712407112,0.8103014230728149,0.0005,7720.387937068939
4647,31,27,591126,128,6.11754035949707,6.106767654418945,0.01555743720382452,0.9216606020927429,0.0005,7721.770907402039
4648,31,28,591254,128,6.928823947906494,6.917867660522461,0.013098055496811867,0.9646207690238953,0.0005,7723.139323472977
4649,31,29,591382,128,4.466455936431885,4.455920696258545,0.011126345954835415,0.9422637224197388,0.0005,7724.492569208145
4650,31,30,591510,128,4.749722003936768,4.739398002624512,0.013392380438745022,0.8984434604644775,0.0005,7725.889045953751
4651,31,31,591638,128,4.160669803619385,4.150141716003418,0.01183988805860281,0.9344208836555481,0.0005,7727.299518823624
4652,31,32,591766,128,4.2487030029296875,4.2383856773376465,0.011324419640004635,0.9184837937355042,0.0005,7728.6825613975525
4653,31,33,591894,128,4.197412967681885,4.187574863433838,0.013342643156647682,0.8503836393356323,0.0005,7730.081377983093
4654,31,34,592022,128,4.920719146728516,4.909615993499756,0.014092802070081234,0.9693921208381653,0.0005,7731.494990110397
4655,31,35,592150,128,4.635984420776367,4.626416206359863,0.016081256791949272,0.7960212230682373,0.0005,7732.9115743637085
4656,31,36,592278,128,5.927072048187256,5.916134834289551,0.01751132681965828,0.9186434149742126,0.0005,7734.300327777863
4657,31,37,592406,128,5.668597221374512,5.657782554626465,0.017605889588594437,0.9054198265075684,0.0005,7735.682950019836
4658,31,38,592534,128,4.992283821105957,4.982025623321533,0.013323535211384296,0.8925818204879761,0.0005,7737.089181423187
4659,31,39,592662,128,3.498657464981079,3.488257646560669,0.01189501117914915,0.9210456609725952,0.0005,7738.473715305328
4660,31,40,592790,128,4.277315616607666,4.265630722045898,0.012881363742053509,1.0396883487701416,0.0005,7739.849690198898
4661,31,41,592918,128,5.165770530700684,5.154928684234619,0.013238287530839443,0.9517953991889954,0.0005,7741.262464284897
4662,31,42,593046,128,5.548038005828857,5.537332534790039,0.015160894952714443,0.9189536571502686,0.0005,7742.675551652908
4663,31,43,593174,128,4.893436431884766,4.882429599761963,0.014746608212590218,0.9532119631767273,0.0005,7744.055213212967
4664,31,44,593302,128,4.29732608795166,4.285885810852051,0.018669070675969124,0.9573310017585754,0.0005,7745.461615085602
4665,31,45,593430,128,5.273941993713379,5.26186990737915,0.012567058205604553,1.0815328359603882,0.0005,7746.856229305267
4666,31,46,593558,128,5.898287773132324,5.886011123657227,0.018099995329976082,1.0466538667678833,0.0005,7748.222344636917
4667,31,47,593686,128,4.971956253051758,4.960379123687744,0.011838960461318493,1.039315104484558,0.0005,7749.613775730133
4668,31,48,593814,128,4.883632183074951,4.872756481170654,0.01670689508318901,0.9205101132392883,0.0005,7751.015678167343
4669,31,49,593942,128,3.352742910385132,3.342179536819458,0.011754047125577927,0.9387955069541931,0.0005,7752.421489477158
4670,31,50,594070,128,3.835219621658325,3.8232290744781494,0.012492294423282146,1.074126958847046,0.0005,7753.815462350845
4671,31,51,594198,128,6.205469608306885,6.194490909576416,0.01700768806040287,0.9277933835983276,0.0005,7755.220370769501
4672,31,52,594326,128,5.61545467376709,5.604256629943848,0.014965069480240345,0.9701626896858215,0.0005,7756.667812824249
4673,31,53,594454,128,4.8208160400390625,4.809500217437744,0.012787523679435253,1.0037097930908203,0.0005,7758.08257484436
4674,31,54,594582,128,4.235692501068115,4.224497318267822,0.01106745284050703,1.0088341236114502,0.0005,7759.458778381348
4675,31,55,594710,128,4.994725704193115,4.982885360717773,0.015281985513865948,1.031186580657959,0.0005,7760.832472324371
4676,31,56,594838,128,5.133650779724121,5.120240211486816,0.012597835622727871,1.215065598487854,0.0005,7762.21396112442
4677,31,57,594966,128,5.0841803550720215,5.072826385498047,0.013478762470185757,1.0006103515625,0.0005,7763.60687994957
4678,31,58,595094,128,5.240673542022705,5.228959560394287,0.013744554482400417,1.0339919328689575,0.0005,7764.994873523712
4679,31,59,595222,128,5.211029052734375,5.198734283447266,0.01698855124413967,1.0595604181289673,0.0005,7766.361885547638
4680,31,60,595350,128,4.778439998626709,4.7673563957214355,0.01614430546760559,0.946899950504303,0.0005,7767.73069691658
4681,31,61,595478,128,4.2130279541015625,4.200595378875732,0.011762923561036587,1.1256250143051147,0.0005,7769.12219452858
4682,31,62,595606,128,6.045471668243408,6.034350872039795,0.014187410473823547,0.970241904258728,0.0005,7770.512169122696
4683,31,63,595734,128,6.2516679763793945,6.241011142730713,0.012238028459250927,0.9432647228240967,0.0005,7771.900650024414
4684,31,64,595862,128,7.262505054473877,7.25012731552124,0.016848880797624588,1.06931471824646,0.0005,7773.263167858124
4685,31,65,595990,128,5.554326057434082,5.541900634765625,0.015439922921359539,1.0881261825561523,0.0005,7774.610542058945
4686,31,66,596118,128,7.6028337478637695,7.591766834259033,0.019375912845134735,0.9129638075828552,0.0005,7775.9826917648315
4687,31,67,596246,128,8.233691215515137,8.222628593444824,0.01868264190852642,0.9194819927215576,0.0005,7777.345565319061
4688,31,68,596374,128,6.541484355926514,6.530035972595215,0.01713544689118862,0.9734516143798828,0.0005,7778.783592939377
4689,31,69,596502,128,7.85548210144043,7.8439202308654785,0.01769980415701866,0.9792078137397766,0.0005,7780.198718070984
4690,31,70,596630,128,4.157811164855957,4.145259857177734,0.013691050000488758,1.1182138919830322,0.0005,7781.561213970184
4691,31,71,596758,128,6.2456374168396,6.234369277954102,0.01565888151526451,0.9702208042144775,0.0005,7782.928320407867
4692,31,72,596886,128,5.772465229034424,5.762208938598633,0.01497073657810688,0.8759202361106873,0.0005,7784.32349562645
4693,31,73,597014,128,7.14124059677124,7.129512310028076,0.01605924405157566,1.0122524499893188,0.0005,7785.684732437134
4694,31,74,597142,128,4.1989288330078125,4.188264846801758,0.01096551213413477,0.9567335247993469,0.0005,7787.1005527973175
4695,31,75,597270,128,4.736372947692871,4.725063800811768,0.016849113628268242,0.9624112248420715,0.0005,7788.490535259247
4696,31,76,597398,128,7.719379425048828,7.708515644073486,0.017717724665999413,0.9091740846633911,0.0005,7789.887830257416
4697,31,77,597526,128,4.679847240447998,4.6690993309021,0.015986818820238113,0.9148870706558228,0.0005,7791.275967359543
4698,31,78,597654,128,5.326835632324219,5.31543493270874,0.01390832383185625,1.0009784698486328,0.0005,7792.650092124939
4699,31,79,597782,128,4.864293575286865,4.852639198303223,0.012620816007256508,1.039218783378601,0.0005,7793.990902900696
4700,31,80,597910,128,6.158730506896973,6.146787643432617,0.02356112003326416,0.9586924910545349,0.0005,7795.384186506271
4701,31,81,598038,128,8.269564628601074,8.25877857208252,0.018452880904078484,0.8940869569778442,0.0005,7796.805321455002
4702,31,82,598166,128,5.588517665863037,5.576570987701416,0.014902167022228241,1.0456626415252686,0.0005,7798.220512390137
4703,31,83,598294,128,4.444698333740234,4.435162544250488,0.011039985343813896,0.8431839942932129,0.0005,7799.597733259201
4704,31,84,598422,128,3.7872307300567627,3.7762773036956787,0.015400073491036892,0.9413507580757141,0.0005,7800.980063915253
4705,31,85,598550,128,4.8850789070129395,4.87509298324585,0.017551658675074577,0.823078989982605,0.0005,7802.3799068927765
4706,31,86,598678,128,5.191360950469971,5.180270671844482,0.01726835034787655,0.9363526105880737,0.0005,7803.7859354019165
4707,31,87,598806,128,4.709042549133301,4.69769811630249,0.012780767865478992,1.0066325664520264,0.0005,7805.184215068817
4708,31,88,598934,128,6.387263298034668,6.3761067390441895,0.021112842485308647,0.9044975638389587,0.0005,7806.578129768372
4709,31,89,599062,128,5.403641223907471,5.3915629386901855,0.016169831156730652,1.0461554527282715,0.0005,7807.988141536713
4710,31,90,599190,128,5.181853294372559,5.170614242553711,0.017911288887262344,0.9448267221450806,0.0005,7809.410886049271
4711,31,91,599318,128,4.791758060455322,4.781984329223633,0.013027049601078033,0.8470777869224548,0.0005,7810.811993122101
4712,31,92,599446,128,6.002892971038818,5.992363452911377,0.011267893016338348,0.9402795433998108,0.0005,7812.16224694252
4713,31,93,599574,128,4.601904392242432,4.591114044189453,0.014572175219655037,0.9333353042602539,0.0005,7813.546129703522
4714,31,94,599702,128,5.588070392608643,5.576966285705566,0.015512502752244473,0.9552894234657288,0.0005,7814.925149679184
4715,31,95,599830,128,5.681634426116943,5.669559001922607,0.014829891733825207,1.0592290163040161,0.0005,7816.316437482834
4716,31,96,599958,128,4.661435127258301,4.6508378982543945,0.013632032088935375,0.9233846664428711,0.0005,7817.679581165314
4717,31,97,600086,128,5.571637153625488,5.560710906982422,0.017233744263648987,0.9203106760978699,0.0005,7819.094492673874
4718,31,98,600214,128,6.825434684753418,6.8138508796691895,0.015487181022763252,1.003515362739563,0.0005,7820.503712415695
4719,31,99,600342,128,6.7540283203125,6.743740558624268,0.014646952040493488,0.8822792768478394,0.0005,7821.856268405914
4720,31,100,600470,128,5.656538486480713,5.645157337188721,0.017964227125048637,0.9584847092628479,0.0005,7823.2356860637665
4721,31,101,600598,128,5.055220603942871,5.045654296875,0.014261779375374317,0.8140315413475037,0.0005,7824.627716779709
4722,31,102,600726,128,5.423238277435303,5.411418914794922,0.019433680921792984,0.9875668883323669,0.0005,7825.989124298096
4723,31,103,600854,128,5.9117207527160645,5.9001264572143555,0.017698019742965698,0.9824317693710327,0.0005,7827.3504939079285
4724,31,104,600982,128,4.733320236206055,4.72152853012085,0.016301849856972694,1.0161288976669312,0.0005,7828.728406667709
4725,31,105,601110,128,5.551264762878418,5.540195465087891,0.012957400642335415,0.9773629307746887,0.0005,7830.121367692947
4726,31,106,601238,128,4.418975353240967,4.409071445465088,0.012683483771979809,0.8635331988334656,0.0005,7831.546786785126
4727,31,107,601366,128,5.361758232116699,5.352094650268555,0.014913772232830524,0.817200779914856,0.0005,7832.920918464661
4728,31,108,601494,128,6.008737564086914,5.997341156005859,0.014754906296730042,0.9921191334724426,0.0005,7834.314968347549
4729,31,109,601622,128,5.603371620178223,5.591917037963867,0.018077125772833824,0.964666485786438,0.0005,7835.731864929199
4730,31,110,601750,128,4.301514625549316,4.290352821350098,0.012228515930473804,0.9938583970069885,0.0005,7837.099697828293
4731,31,111,601878,128,6.509948253631592,6.498649597167969,0.014705002307891846,0.9828048348426819,0.0005,7838.48507475853
4732,31,112,602006,128,5.231801509857178,5.221379280090332,0.01233927346765995,0.9188249111175537,0.0005,7839.848709821701
4733,31,113,602134,128,6.350697040557861,6.338711261749268,0.014155772514641285,1.0569875240325928,0.0005,7841.241065740585
4734,31,114,602262,128,6.278207778930664,6.26706075668335,0.016017664223909378,0.9545106887817383,0.0005,7842.628592967987
4735,31,115,602390,128,4.17022180557251,4.158623695373535,0.01357347797602415,1.0240402221679688,0.0005,7844.00843834877
4736,31,116,602518,128,5.533456802368164,5.523505687713623,0.013541641645133495,0.8596857786178589,0.0005,7845.383799314499
4737,31,117,602646,128,5.592679500579834,5.582616806030273,0.017097244039177895,0.8352830410003662,0.0005,7846.7726790905
4738,31,118,602774,128,4.33375883102417,4.323739528656006,0.013672545552253723,0.8652112483978271,0.0005,7848.145892858505
4739,31,119,602902,128,5.4875874519348145,5.476924896240234,0.016291437670588493,0.9033231139183044,0.0005,7849.551495790482
4740,31,120,603030,128,4.408493518829346,4.3979172706604,0.014639151282608509,0.9112469553947449,0.0005,7850.936723947525
4741,31,121,603158,128,5.944611549377441,5.934444427490234,0.014745268039405346,0.869274914264679,0.0005,7852.340359449387
4742,31,122,603286,128,4.600870609283447,4.590538024902344,0.01369872223585844,0.8962669968605042,0.0005,7853.69499874115
4743,31,123,603414,128,6.568201065063477,6.558213710784912,0.015021306462585926,0.8485499024391174,0.0005,7855.0529844760895
4744,31,124,603542,128,4.7220892906188965,4.711477756500244,0.012126169167459011,0.9399078488349915,0.0005,7856.450815439224
4745,31,125,603670,128,5.350366115570068,5.340152263641357,0.013045779429376125,0.8908991813659668,0.0005,7857.8480315208435
4746,31,126,603798,128,4.279576301574707,4.269453525543213,0.013080218806862831,0.881473183631897,0.0005,7859.244562387466
4747,31,127,603926,128,5.209017753601074,5.197514533996582,0.019094306975603104,0.9594193696975708,0.0005,7860.624660491943
4748,31,128,604054,128,4.722118854522705,4.7129693031311035,0.014394409023225307,0.7710006833076477,0.0005,7862.005615949631
4749,31,129,604182,128,4.434985637664795,4.424935340881348,0.01779908686876297,0.8270030617713928,0.0005,7863.412962436676
4750,31,130,604310,128,3.714266538619995,3.7047204971313477,0.01185521762818098,0.8360719680786133,0.0005,7864.801151514053
4751,31,131,604438,128,6.268249988555908,6.257655143737793,0.017687737941741943,0.8826252818107605,0.0005,7866.162425041199
4752,31,132,604566,128,5.9922356605529785,5.981431007385254,0.018018145114183426,0.9002519845962524,0.0005,7867.519967794418
4753,31,133,604694,128,5.113785266876221,5.103396892547607,0.01565653458237648,0.8823065757751465,0.0005,7868.878713607788
4754,31,134,604822,128,4.470754623413086,4.4592108726501465,0.01635109819471836,0.9908568263053894,0.0005,7870.262046337128
4755,31,135,604950,128,4.04050350189209,4.030670642852783,0.013110182248055935,0.8521965742111206,0.0005,7871.630888223648
4756,31,136,605078,128,4.580988883972168,4.570559501647949,0.013092962093651295,0.9119869470596313,0.0005,7872.982710599899
4757,31,137,605206,128,5.07497501373291,5.065749645233154,0.01271729450672865,0.7953675389289856,0.0005,7874.349224805832
4758,31,138,605334,128,6.772658824920654,6.7628021240234375,0.01447258796542883,0.8409382104873657,0.0005,7875.706663131714
4759,31,139,605462,128,4.013436794281006,4.003048896789551,0.010431564413011074,0.9344783425331116,0.0005,7877.043777704239
4760,31,140,605590,128,5.628019332885742,5.617049217224121,0.015599796548485756,0.9409671425819397,0.0005,7878.418855428696
4761,31,141,605718,128,4.610629081726074,4.599129676818848,0.016247866675257683,0.9874604940414429,0.0005,7879.8143219947815
4762,31,142,605846,128,4.76029109954834,4.749385356903076,0.012815355323255062,0.962386965751648,0.0005,7881.177155256271
4763,31,143,605974,128,4.293373107910156,4.282566070556641,0.012883568182587624,0.9518692493438721,0.0005,7882.520854473114
4764,31,144,606102,128,6.418118476867676,6.4064226150512695,0.014924118295311928,1.0203237533569336,0.0005,7883.89226436615
4765,31,145,606230,128,4.884060859680176,4.871020793914795,0.01770414412021637,1.126942753791809,0.0005,7885.254812955856
4766,31,146,606358,128,5.769794464111328,5.758132457733154,0.015727877616882324,1.0089603662490845,0.0005,7886.633886575699
4767,31,147,606486,128,5.179931640625,5.169728755950928,0.012029135599732399,0.89995938539505,0.0005,7888.044725894928
4768,31,148,606614,128,4.95921516418457,4.9489336013793945,0.013244949281215668,0.8957054615020752,0.0005,7889.432765007019
4769,31,149,606742,128,4.074632167816162,4.063927173614502,0.01481115072965622,0.9223722815513611,0.0005,7890.808633565903
4770,31,150,606870,128,4.736177921295166,4.726785182952881,0.011823010630905628,0.8210579752922058,0.0005,7892.208483457565
4771,31,151,606998,128,3.9309146404266357,3.9206583499908447,0.012180092744529247,0.9038300514221191,0.0005,7893.614373207092
4772,31,152,607126,128,4.0549211502075195,4.0447282791137695,0.014109042473137379,0.8781995177268982,0.0005,7895.0228407382965
4773,31,153,607254,128,4.552847385406494,4.541583061218262,0.012715128250420094,0.9992794990539551,0.0005,7896.422925710678
4774,31,154,607259,5,5.427929878234863,5.419492244720459,0.014357151463627815,0.7001659870147705,0.0005,7896.652704954147
4775,32,1,607387,128,5.358758449554443,5.3489298820495605,0.011478794738650322,0.8680936098098755,0.00025,7943.364917039871
4776,32,2,607515,128,4.3479766845703125,4.338191032409668,0.011406228877604008,0.864486813545227,0.00025,7944.785974025726
4777,32,3,607643,128,4.5150837898254395,4.5053277015686035,0.01352724339812994,0.8403408527374268,0.00025,7946.198994398117
4778,32,4,607771,128,5.3262715339660645,5.317112445831299,0.014591529965400696,0.7700108885765076,0.00025,7947.609390735626
4779,32,5,607899,128,4.384441375732422,4.373519420623779,0.012483973987400532,0.9673448801040649,0.00025,7949.0270874500275
4780,32,6,608027,128,6.093907356262207,6.082198619842529,0.01689397357404232,1.0019137859344482,0.00025,7950.431717634201
4781,32,7,608155,128,5.351931571960449,5.341231822967529,0.01617458276450634,0.9082210659980774,0.00025,7951.834446430206
4782,32,8,608283,128,4.805175304412842,4.796229839324951,0.013599276542663574,0.7585645318031311,0.00025,7953.245548963547
4783,32,9,608411,128,5.393021583557129,5.3832316398620605,0.012824827805161476,0.8507356643676758,0.00025,7954.64008975029
4784,32,10,608539,128,4.409622669219971,4.399685859680176,0.01715848408639431,0.8221089243888855,0.00025,7956.01109957695
4785,32,11,608667,128,4.520097255706787,4.508984088897705,0.014973575249314308,0.961603581905365,0.00025,7957.388967752457
4786,32,12,608795,128,3.855623960494995,3.845407009124756,0.013469348661601543,0.8870096206665039,0.00025,7958.778543710709
4787,32,13,608923,128,3.1565656661987305,3.1465892791748047,0.011792013421654701,0.8797063231468201,0.00025,7960.180551767349
4788,32,14,609051,128,4.631986618041992,4.622348308563232,0.013575133867561817,0.8280616402626038,0.00025,7961.5746693611145
4789,32,15,609179,128,4.459301471710205,4.44935941696167,0.011780278757214546,0.8763707280158997,0.00025,7962.952912807465
4790,32,16,609307,128,6.012940883636475,6.002468585968018,0.012541273608803749,0.9218173623085022,0.00025,7964.346642255783
4791,32,17,609435,128,6.504500389099121,6.494502067565918,0.015409598127007484,0.8457174301147461,0.00025,7965.74822807312
4792,32,18,609563,128,4.257319927215576,4.246000289916992,0.013040105812251568,1.0015357732772827,0.00025,7967.109921455383
4793,32,19,609691,128,5.013214588165283,5.001867294311523,0.014731096103787422,0.9874544143676758,0.00025,7968.49364566803
4794,32,20,609819,128,5.162369251251221,5.15163516998291,0.017248112708330154,0.900952935218811,0.00025,7969.874006271362
4795,32,21,609947,128,4.093869686126709,4.083095073699951,0.011737297289073467,0.96012282371521,0.00025,7971.246808290482
4796,32,22,610075,128,4.710605144500732,4.700102806091309,0.013262643478810787,0.917640745639801,0.00025,7972.621030330658
4797,32,23,610203,128,3.245252847671509,3.234912872314453,0.012403973378241062,0.9099464416503906,0.00025,7974.02941775322
4798,32,24,610331,128,5.424399375915527,5.412162780761719,0.016047069802880287,1.0632104873657227,0.00025,7975.452995300293
4799,32,25,610459,128,4.050025939941406,4.039771556854248,0.012676045298576355,0.8986834287643433,0.00025,7976.86616897583
4800,32,26,610587,128,4.718023777008057,4.707485198974609,0.014381504617631435,0.9100548028945923,0.00025,7978.259850025177
4801,32,27,610715,128,3.9500370025634766,3.9390664100646973,0.013847656548023224,0.9585878252983093,0.00025,7979.656046628952
4802,32,28,610843,128,4.950682640075684,4.940734386444092,0.015528693795204163,0.8395033478736877,0.00025,7981.015501499176
4803,32,29,610971,128,6.271849632263184,6.260377883911133,0.017548812553286552,0.9716989398002625,0.00025,7982.387206077576
4804,32,30,611099,128,3.9319372177124023,3.920757532119751,0.013673633337020874,0.9812446236610413,0.00025,7983.752446889877
4805,32,31,611227,128,4.1826653480529785,4.170990467071533,0.014282921329140663,1.0246540307998657,0.00025,7985.159540653229
4806,32,32,611355,128,4.262391090393066,4.251034259796143,0.011999892070889473,1.0156614780426025,0.00025,7986.518462896347
4807,32,33,611483,128,3.789132833480835,3.7784152030944824,0.01199418306350708,0.9518257975578308,0.00025,7987.873026132584
4808,32,34,611611,128,4.324771404266357,4.3129167556762695,0.013209904544055462,1.0533803701400757,0.00025,7989.278295040131
4809,32,35,611739,128,5.724599838256836,5.714076042175293,0.01591743528842926,0.8931997418403625,0.00025,7990.698650121689
4810,32,36,611867,128,4.767447471618652,4.7569074630737305,0.011138995178043842,0.942621111869812,0.00025,7992.0872921943665
4811,32,37,611995,128,4.147050857543945,4.1361918449401855,0.01386863924562931,0.9472262263298035,0.00025,7993.485882520676
4812,32,38,612123,128,4.064440727233887,4.053924560546875,0.012829187326133251,0.923332691192627,0.00025,7994.862678050995
4813,32,39,612251,128,3.975641965866089,3.9635701179504395,0.013636377640068531,1.0708200931549072,0.00025,7996.2391057014465
4814,32,40,612379,128,4.401586055755615,4.390651226043701,0.011466962285339832,0.9788074493408203,0.00025,7997.624267816544
4815,32,41,612507,128,4.238396167755127,4.2262163162231445,0.016680274158716202,1.0511723756790161,0.00025,7998.986262559891
4816,32,42,612635,128,4.664947032928467,4.653414249420166,0.012899676337838173,1.024279236793518,0.00025,8000.372297286987
4817,32,43,612763,128,4.534277439117432,4.5234694480896,0.015140729025006294,0.9294230341911316,0.00025,8001.738619565964
4818,32,44,612891,128,4.032325267791748,4.02158260345459,0.014643149450421333,0.9278534650802612,0.00025,8003.158829212189
4819,32,45,613019,128,5.365684509277344,5.353697299957275,0.014050177298486233,1.0582122802734375,0.00025,8004.5524344444275
4820,32,46,613147,128,4.72886323928833,4.718781471252441,0.01492292620241642,0.8589149117469788,0.00025,8005.990903139114
4821,32,47,613275,128,4.4320759773254395,4.421065330505371,0.012900212779641151,0.972102165222168,0.00025,8007.36453795433
4822,32,48,613403,128,3.829864978790283,3.8192949295043945,0.012244592420756817,0.9345494508743286,0.00025,8008.763447999954
4823,32,49,613531,128,4.83329439163208,4.822896480560303,0.014006746001541615,0.8997550010681152,0.00025,8010.17875790596
4824,32,50,613659,128,4.192978382110596,4.182469844818115,0.013756063766777515,0.913295328617096,0.00025,8011.568646669388
4825,32,51,613787,128,5.309886932373047,5.299647808074951,0.017470112070441246,0.8491762280464172,0.00025,8012.949426174164
4826,32,52,613915,128,4.490863800048828,4.480327129364014,0.011164302937686443,0.9420195817947388,0.00025,8014.363359212875
4827,32,53,614043,128,4.602352619171143,4.5919413566589355,0.012552732601761818,0.9156253337860107,0.00025,8015.792151927948
4828,32,54,614171,128,4.894025802612305,4.8840484619140625,0.015694601461291313,0.8407869338989258,0.00025,8017.1902894973755
4829,32,55,614299,128,4.002862930297852,3.992371082305908,0.016026711091399193,0.8889235854148865,0.00025,8018.583149433136
4830,32,56,614427,128,4.376992702484131,4.367546558380127,0.012021470814943314,0.8244261145591736,0.00025,8019.990318059921
4831,32,57,614555,128,5.323375701904297,5.312196254730225,0.015126138925552368,0.9666886925697327,0.00025,8021.375502824783
4832,32,58,614683,128,4.325080871582031,4.31484842300415,0.012716024182736874,0.8960896134376526,0.00025,8022.800004005432
4833,32,59,614811,128,7.513210296630859,7.503037929534912,0.014172792434692383,0.8755052089691162,0.00025,8024.167807102203
4834,32,60,614939,128,5.4903035163879395,5.479485988616943,0.014327886514365673,0.9384775757789612,0.00025,8025.573581695557
4835,32,61,615067,128,4.691153526306152,4.6806721687316895,0.015395306050777435,0.8941739797592163,0.00025,8026.960120916367
4836,32,62,615195,128,4.097205638885498,4.087306976318359,0.013735252432525158,0.852555513381958,0.00025,8028.33652472496
4837,32,63,615323,128,5.039356708526611,5.027956008911133,0.01295046228915453,1.010582447052002,0.00025,8029.778104543686
4838,32,64,615451,128,5.109903812408447,5.097559928894043,0.014638143591582775,1.0880011320114136,0.00025,8031.127272605896
4839,32,65,615579,128,5.123195648193359,5.111963272094727,0.013928248547017574,0.9839616417884827,0.00025,8032.497533082962
4840,32,66,615707,128,4.669929504394531,4.659709453582764,0.01319540198892355,0.89007568359375,0.00025,8033.996671438217
4841,32,67,615835,128,5.29368257522583,5.283239841461182,0.015675408765673637,0.8875188231468201,0.00025,8035.38335609436
4842,32,68,615963,128,4.601933479309082,4.5908918380737305,0.012360631488263607,0.9805704355239868,0.00025,8036.769661664963
4843,32,69,616091,128,4.588374614715576,4.577922821044922,0.017612703144550323,0.8690575361251831,0.00025,8038.141714811325
4844,32,70,616219,128,4.927860736846924,4.916304588317871,0.01692899875342846,0.9863404631614685,0.00025,8039.511824131012
4845,32,71,616347,128,5.747233867645264,5.736473083496094,0.014908979646861553,0.9269503355026245,0.00025,8040.882827758789
4846,32,72,616475,128,3.865623950958252,3.8540854454040527,0.014281121082603931,1.0110350847244263,0.00025,8042.293542146683
4847,32,73,616603,128,3.334726333618164,3.324364423751831,0.013622686266899109,0.8999561071395874,0.00025,8043.707597732544
4848,32,74,616731,128,4.699319362640381,4.688085556030273,0.013478952459990978,0.9885554909706116,0.00025,8045.095211029053
4849,32,75,616859,128,4.858327865600586,4.8475847244262695,0.01316130068153143,0.9427219033241272,0.00025,8046.484506607056
4850,32,76,616987,128,5.112221717834473,5.101018905639648,0.014556127600371838,0.9747253656387329,0.00025,8047.851914167404
4851,32,77,617115,128,4.1750311851501465,4.165274620056152,0.01154459547251463,0.860221266746521,0.00025,8049.235995769501
4852,32,78,617243,128,3.835751533508301,3.8255960941314697,0.011768180876970291,0.8978614807128906,0.00025,8050.638305425644
4853,32,79,617371,128,5.174753189086914,5.163722038269043,0.015374076552689075,0.9493905901908875,0.00025,8052.018717288971
4854,32,80,617499,128,5.564326763153076,5.553760528564453,0.016432588919997215,0.8922938108444214,0.00025,8053.404192686081
4855,32,81,617627,128,5.099912643432617,5.088858604431152,0.018711967393755913,0.9183061718940735,0.00025,8054.796004295349
4856,32,82,617755,128,5.6874589920043945,5.677798748016357,0.014429179020226002,0.8217474222183228,0.00025,8056.1655061244965
4857,32,83,617883,128,5.381832122802734,5.370511054992676,0.01582537405192852,0.9738352298736572,0.00025,8057.567190170288
4858,32,84,618011,128,6.259593963623047,6.249807834625244,0.014514720998704433,0.8334646224975586,0.00025,8058.9321875572205
4859,32,85,618139,128,5.710147857666016,5.700336933135986,0.014470316469669342,0.8363527655601501,0.00025,8060.357162952423
4860,32,86,618267,128,4.999210834503174,4.988875865936279,0.014252796769142151,0.8909580707550049,0.00025,8061.759650707245
4861,32,87,618395,128,5.356251239776611,5.34566068649292,0.01659981720149517,0.8930462598800659,0.00025,8063.156551361084
4862,32,88,618523,128,4.796502113342285,4.785673141479492,0.0147356316447258,0.9355552792549133,0.00025,8064.5557980537415
4863,32,89,618651,128,5.127662181854248,5.117924213409424,0.013753033243119717,0.8362927436828613,0.00025,8065.9626977443695
4864,32,90,618779,128,6.441885471343994,6.432104110717773,0.014282668009400368,0.8353468179702759,0.00025,8067.3888902664185
4865,32,91,618907,128,4.918698787689209,4.908318996429443,0.01581885665655136,0.8797902464866638,0.00025,8068.7449333667755
4866,32,92,619035,128,4.911239147186279,4.900429725646973,0.01394402515143156,0.9415185451507568,0.00025,8070.12459230423
4867,32,93,619163,128,5.348044395446777,5.339118003845215,0.015220736153423786,0.7404541373252869,0.00025,8071.504700660706
4868,32,94,619291,128,4.8924665451049805,4.880676746368408,0.013304200954735279,1.0459572076797485,0.00025,8072.871525526047
4869,32,95,619419,128,3.686312675476074,3.676741600036621,0.015159114263951778,0.8055105805397034,0.00025,8074.274029493332
4870,32,96,619547,128,4.952788352966309,4.943983554840088,0.01487805973738432,0.7317017316818237,0.00025,8075.63946056366
4871,32,97,619675,128,4.802169322967529,4.791602611541748,0.014115705154836178,0.9155398011207581,0.00025,8077.0447742938995
4872,32,98,619803,128,4.012182235717773,4.00180721282959,0.014274758286774158,0.8947457671165466,0.00025,8078.456063270569
4873,32,99,619931,128,5.210872650146484,5.20006799697876,0.015157832764089108,0.9288952350616455,0.00025,8079.835292816162
4874,32,100,620059,128,3.4519054889678955,3.4422049522399902,0.010284001007676125,0.8672196865081787,0.00025,8081.21809220314
4875,32,101,620187,128,4.47312593460083,4.462156295776367,0.012511170469224453,0.9718345403671265,0.00025,8082.566987276077
4876,32,102,620315,128,5.622706890106201,5.612220287322998,0.015017807483673096,0.8985076546669006,0.00025,8083.928042888641
4877,32,103,620443,128,5.326405048370361,5.3150739669799805,0.018769502639770508,0.9454365968704224,0.00025,8085.295612812042
4878,32,104,620571,128,5.330674171447754,5.319162368774414,0.014420794323086739,1.0069916248321533,0.00025,8086.64635682106
4879,32,105,620699,128,5.307047367095947,5.296335220336914,0.016426878049969673,0.9069514870643616,0.00025,8088.000164031982
4880,32,106,620827,128,4.982644557952881,4.971519947052002,0.016595585271716118,0.9465070366859436,0.00025,8089.3567497730255
4881,32,107,620955,128,3.9010026454925537,3.889498710632324,0.012546231038868427,1.0249322652816772,0.00025,8090.705329656601
4882,32,108,621083,128,5.190240383148193,5.179559707641602,0.015540683642029762,0.9126846790313721,0.00025,8092.098712682724
4883,32,109,621211,128,5.1782989501953125,5.166618824005127,0.016285596415400505,1.0051655769348145,0.00025,8093.44487953186
4884,32,110,621339,128,4.561340808868408,4.551643371582031,0.011319410987198353,0.8565347790718079,0.00025,8094.810452222824
4885,32,111,621467,128,4.834216117858887,4.825106620788574,0.012017029337584972,0.7907889485359192,0.00025,8096.147027015686
4886,32,112,621595,128,3.4755654335021973,3.464658737182617,0.013928878121078014,0.9513902068138123,0.00025,8097.524746656418
4887,32,113,621723,128,3.77901554107666,3.767641305923462,0.012502595782279968,1.0124021768569946,0.00025,8098.8584904670715
4888,32,114,621851,128,5.127477169036865,5.116598606109619,0.011686747893691063,0.9709892868995667,0.00025,8100.28001499176
4889,32,115,621979,128,4.000082492828369,3.9890739917755127,0.011951155960559845,0.9813095927238464,0.00025,8101.688388347626
4890,32,116,622107,128,6.074827671051025,6.065403938293457,0.014644715003669262,0.7959465384483337,0.00025,8103.108839273453
4891,32,117,622235,128,4.343103885650635,4.331896781921387,0.013395360670983791,0.9867823123931885,0.00025,8104.527978181839
4892,32,118,622363,128,3.956770896911621,3.9461357593536377,0.012714266777038574,0.9363638758659363,0.00025,8105.933766126633
4893,32,119,622491,128,4.269883155822754,4.259565353393555,0.014350051060318947,0.8882954716682434,0.00025,8107.346195459366
4894,32,120,622619,128,5.3483428955078125,5.339831352233887,0.015731891617178917,0.6938258409500122,0.00025,8108.747900485992
4895,32,121,622747,128,4.919554233551025,4.908407211303711,0.01588432677090168,0.9558818340301514,0.00025,8110.151510477066
4896,32,122,622875,128,4.753297328948975,4.7418212890625,0.020611081272363663,0.9415155649185181,0.00025,8111.533632993698
4897,32,123,623003,128,4.247216701507568,4.235711097717285,0.013155008666217327,1.0190027952194214,0.00025,8112.946831941605
4898,32,124,623131,128,4.0465826988220215,4.036446571350098,0.013455328531563282,0.8790663480758667,0.00025,8114.365455150604
4899,32,125,623259,128,3.4174132347106934,3.406646966934204,0.010707310400903225,0.969562292098999,0.00025,8115.777537107468
4900,32,126,623387,128,4.905932903289795,4.89350700378418,0.01780644617974758,1.064531922340393,0.00025,8117.197770118713
4901,32,127,623515,128,4.456921100616455,4.446083068847656,0.01338741835206747,0.9499255418777466,0.00025,8118.5945019721985
4902,32,128,623643,128,5.725075721740723,5.714148044586182,0.01569266989827156,0.9358240962028503,0.00025,8119.993669271469
4903,32,129,623771,128,5.1299262046813965,5.119096279144287,0.011437036097049713,0.9685852527618408,0.00025,8121.400312662125
4904,32,130,623899,128,4.740123271942139,4.7278571128845215,0.01548273116350174,1.0717852115631104,0.00025,8122.794355630875
4905,32,131,624027,128,5.237056255340576,5.226355075836182,0.016985908150672913,0.9002612829208374,0.00025,8124.2033858299255
4906,32,132,624155,128,4.858448505401611,4.84729528427124,0.014370339922606945,0.9715874195098877,0.00025,8125.604793787003
4907,32,133,624283,128,5.867136478424072,5.856632232666016,0.01365991123020649,0.9137998819351196,0.00025,8127.047709703445
4908,32,134,624411,128,5.4077606201171875,5.396474361419678,0.015578487887978554,0.9728473424911499,0.00025,8128.413188934326
4909,32,135,624539,128,5.78344202041626,5.773013114929199,0.014103509485721588,0.9018527269363403,0.00025,8129.805357456207
4910,32,136,624667,128,4.432431221008301,4.422603130340576,0.013807159848511219,0.8447041511535645,0.00025,8131.213612318039
4911,32,137,624795,128,3.9684793949127197,3.95650053024292,0.014315386302769184,1.0547394752502441,0.00025,8132.617557287216
4912,32,138,624923,128,5.094029426574707,5.084317684173584,0.01329670287668705,0.8381812572479248,0.00025,8134.01651263237
4913,32,139,625051,128,5.630640029907227,5.618957996368408,0.01567366160452366,1.0114480257034302,0.00025,8135.420319318771
4914,32,140,625179,128,4.303435802459717,4.292998313903809,0.013823877088725567,0.9055193662643433,0.00025,8136.840575695038
4915,32,141,625307,128,3.986980676651001,3.975257158279419,0.016145776957273483,1.0108972787857056,0.00025,8138.280177116394
4916,32,142,625435,128,4.068267822265625,4.057653427124023,0.011637409217655659,0.945055365562439,0.00025,8139.680755138397
4917,32,143,625563,128,4.228989601135254,4.218054294586182,0.013612598180770874,0.9573836922645569,0.00025,8141.052773475647
4918,32,144,625691,128,3.3010263442993164,3.291409969329834,0.011624450795352459,0.8453867435455322,0.00025,8142.447296142578
4919,32,145,625819,128,4.034994125366211,4.022744178771973,0.010423018597066402,1.120762586593628,0.00025,8143.853144645691
4920,32,146,625947,128,5.4410905838012695,5.431625843048096,0.01820611022412777,0.7644391655921936,0.00025,8145.251139163971
4921,32,147,626075,128,5.986459255218506,5.9766035079956055,0.014254090376198292,0.8430446982383728,0.00025,8146.62935590744
4922,32,148,626203,128,4.511373519897461,4.501826286315918,0.012359683401882648,0.8311471939086914,0.00025,8148.026766777039
4923,32,149,626331,128,5.948183536529541,5.939209938049316,0.013170549646019936,0.7656605839729309,0.00025,8149.42578125
4924,32,150,626459,128,5.322898864746094,5.313126564025879,0.016951097175478935,0.8076976537704468,0.00025,8150.816638708115
4925,32,151,626587,128,3.3050410747528076,3.2944159507751465,0.010423188097774982,0.9582661986351013,0.00025,8152.212135314941
4926,32,152,626715,128,4.75348424911499,4.744255065917969,0.013881638646125793,0.7840921878814697,0.00025,8153.583261966705
4927,32,153,626843,128,5.169923305511475,5.159157752990723,0.016814550384879112,0.9084199070930481,0.00025,8154.9704694747925
4928,32,154,626848,5,2.511547565460205,2.499180316925049,0.005374112166464329,1.1829793453216553,0.00025,8155.262629747391
4929,33,1,626976,128,5.912491798400879,5.902085781097412,0.013764862902462482,0.9029622673988342,0.00025,8201.62922334671
4930,33,2,627104,128,4.287879943847656,4.278534889221191,0.014272592030465603,0.7917869687080383,0.00025,8203.024399995804
4931,33,3,627232,128,3.787839889526367,3.7784132957458496,0.011424553580582142,0.8284206390380859,0.00025,8204.401534557343
4932,33,4,627360,128,4.0378570556640625,4.029087066650391,0.011540892533957958,0.7616156339645386,0.00025,8205.791985750198
4933,33,5,627488,128,4.75223445892334,4.742278099060059,0.014605754986405373,0.8495703339576721,0.00025,8207.212503910065
4934,33,6,627616,128,5.796471118927002,5.784897327423096,0.015200252644717693,1.0053614377975464,0.00025,8208.59315085411
4935,33,7,627744,128,3.8729918003082275,3.8624682426452637,0.013117370195686817,0.9211773872375488,0.00025,8209.960055589676
4936,33,8,627872,128,4.129927635192871,4.119098663330078,0.013340420089662075,0.9494632482528687,0.00025,8211.328287124634
4937,33,9,628000,128,4.717740058898926,4.707914352416992,0.014469859190285206,0.8378283381462097,0.00025,8212.729022026062
4938,33,10,628128,128,4.244439601898193,4.234262466430664,0.012297174893319607,0.8947353363037109,0.00025,8214.082940101624
4939,33,11,628256,128,5.46026086807251,5.448391914367676,0.016303231939673424,1.0238709449768066,0.00025,8215.442020893097
4940,33,12,628384,128,4.4532999992370605,4.4423322677612305,0.016663527116179466,0.9301242828369141,0.00025,8216.79049372673
4941,33,13,628512,128,5.227177619934082,5.216445446014404,0.01278746873140335,0.9453340172767639,0.00025,8218.122168064117
4942,33,14,628640,128,4.547068119049072,4.536228656768799,0.010986723005771637,0.9741019010543823,0.00025,8219.488567590714
4943,33,15,628768,128,4.2372636795043945,4.226726531982422,0.016325801610946655,0.8904498219490051,0.00025,8220.890632390976
4944,33,16,628896,128,4.815600395202637,4.805006980895996,0.01348209660500288,0.9245287179946899,0.00025,8222.290999174118
4945,33,17,629024,128,4.210099220275879,4.197785377502441,0.011437105014920235,1.1169676780700684,0.00025,8223.652221679688
4946,33,18,629152,128,3.1399145126342773,3.130481004714966,0.010356396436691284,0.8397910594940186,0.00025,8225.022325992584
4947,33,19,629280,128,5.290417671203613,5.280529975891113,0.018246067687869072,0.8063164949417114,0.00025,8226.373407840729
4948,33,20,629408,128,4.132964134216309,4.122570037841797,0.013016787357628345,0.9092162847518921,0.00025,8227.769797563553
4949,33,21,629536,128,4.450232028961182,4.440380573272705,0.012375559657812119,0.8613891005516052,0.00025,8229.114345550537
4950,33,22,629664,128,4.141055107116699,4.1289381980896,0.01469759363681078,1.0647257566452026,0.00025,8230.50776219368
4951,33,23,629792,128,5.3348541259765625,5.3240966796875,0.01572313718497753,0.918511152267456,0.00025,8231.88665676117
4952,33,24,629920,128,5.39130973815918,5.38093900680542,0.018627285957336426,0.8508215546607971,0.00025,8233.231588840485
4953,33,25,630048,128,3.8505494594573975,3.8416686058044434,0.011458678171038628,0.7734953761100769,0.00025,8234.656782150269
4954,33,26,630176,128,4.386501789093018,4.376274108886719,0.01237635500729084,0.898976743221283,0.00025,8236.082921981812
4955,33,27,630304,128,5.0602874755859375,5.0507731437683105,0.015568110160529613,0.7957671880722046,0.00025,8237.482206344604
4956,33,28,630432,128,3.664299726486206,3.654158592224121,0.013614237308502197,0.8779681921005249,0.00025,8238.860963344574
4957,33,29,630560,128,4.363890647888184,4.3531107902526855,0.01316225528717041,0.9463776350021362,0.00025,8240.22677731514
4958,33,30,630688,128,5.051827907562256,5.041083812713623,0.014899590983986855,0.9254193305969238,0.00025,8241.615249633789
4959,33,31,630816,128,4.7267374992370605,4.7168965339660645,0.014457369223237038,0.8395276665687561,0.00025,8243.00926232338
4960,33,32,630944,128,5.1881890296936035,5.178067207336426,0.015369385480880737,0.8584835529327393,0.00025,8244.393037319183
4961,33,33,631072,128,5.370127201080322,5.358817100524902,0.015490769408643246,0.9760650396347046,0.00025,8245.77885890007
4962,33,34,631200,128,5.6871442794799805,5.67682409286499,0.0136635797098279,0.8954207897186279,0.00025,8247.16315793991
4963,33,35,631328,128,6.029654026031494,6.019515514373779,0.014734447002410889,0.8665277361869812,0.00025,8248.553788423538
4964,33,36,631456,128,5.721856594085693,5.711363792419434,0.014622877351939678,0.9030524492263794,0.00025,8249.93202137947
4965,33,37,631584,128,5.43988037109375,5.429141044616699,0.016327137127518654,0.910671055316925,0.00025,8251.29306602478
4966,33,38,631712,128,5.12640905380249,5.115804195404053,0.015125694684684277,0.9092326164245605,0.00025,8252.654739141464
4967,33,39,631840,128,4.503177642822266,4.491596221923828,0.016327952966094017,0.9948632717132568,0.00025,8254.070880174637
4968,33,40,631968,128,4.504751205444336,4.494564533233643,0.015114426612854004,0.8674877285957336,0.00025,8255.41312623024
4969,33,41,632096,128,4.248719215393066,4.23866605758667,0.015243003144860268,0.8528625965118408,0.00025,8256.799031734467
4970,33,42,632224,128,4.123880386352539,4.112523078918457,0.023508954793214798,0.9006547331809998,0.00025,8258.190214395523
4971,33,43,632352,128,4.499538421630859,4.489091396331787,0.015379801392555237,0.8909052610397339,0.00025,8259.597391843796
4972,33,44,632480,128,3.907576322555542,3.8962974548339844,0.012760661542415619,1.0002907514572144,0.00025,8260.981939792633
4973,33,45,632608,128,5.258604049682617,5.248378276824951,0.01325134839862585,0.8900544047355652,0.00025,8262.388872385025
4974,33,46,632736,128,4.40217924118042,4.392271995544434,0.013680017553269863,0.8539375066757202,0.00025,8263.793149232864
4975,33,47,632864,128,4.481719017028809,4.470174789428711,0.012833562679588795,1.0261183977127075,0.00025,8265.209149122238
4976,33,48,632992,128,3.950019598007202,3.9400858879089355,0.011446993798017502,0.8789103031158447,0.00025,8266.632207632065
4977,33,49,633120,128,4.266047954559326,4.255606651306152,0.013773058541119099,0.9063992500305176,0.00025,8268.029183149338
4978,33,50,633248,128,4.875246524810791,4.865748882293701,0.01188884861767292,0.8308788537979126,0.00025,8269.461784362793
4979,33,51,633376,128,4.998812675476074,4.987252712249756,0.015992915257811546,0.996069610118866,0.00025,8270.863494634628
4980,33,52,633504,128,4.670196056365967,4.65916109085083,0.014897081069648266,0.9545309543609619,0.00025,8272.262774705887
4981,33,53,633632,128,4.936717510223389,4.926254749298096,0.012706850655376911,0.9191992282867432,0.00025,8273.636366128922
4982,33,54,633760,128,4.690608501434326,4.679255485534668,0.017791830003261566,0.9574156403541565,0.00025,8275.070692300797
4983,33,55,633888,128,3.648624897003174,3.6372170448303223,0.014110329560935497,0.9996808767318726,0.00025,8276.450373888016
4984,33,56,634016,128,5.333617210388184,5.3236212730407715,0.01615925133228302,0.8379701972007751,0.00025,8277.850969791412
4985,33,57,634144,128,5.134286403656006,5.123042106628418,0.015590629540383816,0.9684994220733643,0.00025,8279.277781486511
4986,33,58,634272,128,3.6861422061920166,3.673585891723633,0.01270162221044302,1.1286218166351318,0.00025,8280.653951406479
4987,33,59,634400,128,6.1604108810424805,6.150021076202393,0.01506731566041708,0.8882896900177002,0.00025,8282.047293901443
4988,33,60,634528,128,4.901217460632324,4.890964984893799,0.01323891431093216,0.8928655982017517,0.00025,8283.402708768845
4989,33,61,634656,128,4.4119768142700195,4.401134490966797,0.014760404825210571,0.9366389513015747,0.00025,8284.820280313492
4990,33,62,634784,128,4.43947172164917,4.428318023681641,0.011752244085073471,0.9978256821632385,0.00025,8286.216027736664
4991,33,63,634912,128,3.8076059818267822,3.797589063644409,0.011549152433872223,0.8861949443817139,0.00025,8287.60666179657
4992,33,64,635040,128,5.122254848480225,5.111075401306152,0.0150240957736969,0.9676832556724548,0.00025,8289.0019094944
4993,33,65,635168,128,4.747833251953125,4.737266540527344,0.01305384375154972,0.926130473613739,0.00025,8290.393107414246
4994,33,66,635296,128,4.469067096710205,4.458920955657959,0.013953955844044685,0.8750940561294556,0.00025,8291.769291639328
4995,33,67,635424,128,5.588011264801025,5.578551769256592,0.01385854184627533,0.8073723316192627,0.00025,8293.134672641754
4996,33,68,635552,128,4.7171220779418945,4.707695007324219,0.01124063041061163,0.8303168416023254,0.00025,8294.494348049164
4997,33,69,635680,128,3.7382359504699707,3.726994514465332,0.013080169446766376,0.9933401346206665,0.00025,8295.85849571228
4998,33,70,635808,128,4.1415276527404785,4.130817890167236,0.014268440194427967,0.9282844662666321,0.00025,8297.227977991104
4999,33,71,635936,128,4.497795581817627,4.48750114440918,0.012001209892332554,0.9094238877296448,0.00025,8298.597722768784
5000,33,72,636064,128,4.799253940582275,4.788131237030029,0.013515442609786987,0.9771139621734619,0.00025,8299.974356412888
5001,33,73,636192,128,4.688273906707764,4.677750587463379,0.013916519470512867,0.9131626486778259,0.00025,8301.332393884659
5002,33,74,636320,128,4.645927429199219,4.63641357421875,0.013545517809689045,0.8159277439117432,0.00025,8302.749928236008
5003,33,75,636448,128,5.010341167449951,5.000665664672852,0.011143292300403118,0.8561327457427979,0.00025,8304.15613770485
5004,33,76,636576,128,4.526621341705322,4.517452716827393,0.01288649719208479,0.7880387902259827,0.00025,8305.512296676636
5005,33,77,636704,128,4.367909908294678,4.357605934143066,0.014689567498862743,0.8834882974624634,0.00025,8306.882075071335
5006,33,78,636832,128,5.307230472564697,5.297689437866211,0.013562855310738087,0.818498432636261,0.00025,8308.241703748703
5007,33,79,636960,128,4.798877716064453,4.789062976837158,0.014476555399596691,0.836717963218689,0.00025,8309.65046620369
5008,33,80,637088,128,4.091287136077881,4.080837249755859,0.01521033700555563,0.8928591012954712,0.00025,8311.029013633728
5009,33,81,637216,128,4.798366546630859,4.788323879241943,0.016168251633644104,0.8425555229187012,0.00025,8312.421956777573
5010,33,82,637344,128,4.737730979919434,4.7282938957214355,0.011864328756928444,0.8250817060470581,0.00025,8313.83501958847
5011,33,83,637472,128,5.762117862701416,5.752094745635986,0.014784279279410839,0.8545051217079163,0.00025,8315.250957250595
5012,33,84,637600,128,4.130722999572754,4.120425701141357,0.012732872739434242,0.9024150371551514,0.00025,8316.666119098663
5013,33,85,637728,128,4.739036560058594,4.7279887199401855,0.013475812040269375,0.9700132608413696,0.00025,8318.076281547546
5014,33,86,637856,128,4.393085479736328,4.382411479949951,0.01667390577495098,0.900644838809967,0.00025,8319.461820363998
5015,33,87,637984,128,3.1691107749938965,3.1584393978118896,0.012436410412192345,0.942775309085846,0.00025,8320.853953838348
5016,33,88,638112,128,6.525635242462158,6.515096664428711,0.019557809457182884,0.8582549095153809,0.00025,8322.245511770248
5017,33,89,638240,128,3.165400505065918,3.1541244983673096,0.013830793090164661,0.9892863035202026,0.00025,8323.647100687027
5018,33,90,638368,128,4.231595039367676,4.219454765319824,0.018577933311462402,1.0282493829727173,0.00025,8325.049272298813
5019,33,91,638496,128,4.092634677886963,4.08234167098999,0.011659709736704826,0.9126970171928406,0.00025,8326.462586641312
5020,33,92,638624,128,5.541745185852051,5.530979156494141,0.02091512642800808,0.8674530386924744,0.00025,8327.882112026215
5021,33,93,638752,128,5.885098934173584,5.874502658843994,0.013691186904907227,0.9227412939071655,0.00025,8329.326287269592
5022,33,94,638880,128,4.351784706115723,4.3406476974487305,0.011501410976052284,0.9987029433250427,0.00025,8330.733269929886
5023,33,95,639008,128,4.983458995819092,4.972099304199219,0.013602307997643948,0.9999326467514038,0.00025,8332.119210720062
5024,33,96,639136,128,4.954326629638672,4.942538261413574,0.012956907041370869,1.0492885112762451,0.00025,8333.501979589462
5025,33,97,639264,128,4.860664367675781,4.8500566482543945,0.012634970247745514,0.9344223141670227,0.00025,8334.930812120438
5026,33,98,639392,128,4.944594383239746,4.934519290924072,0.012364602647721767,0.8838616013526917,0.00025,8336.32846903801
5027,33,99,639520,128,3.4674341678619385,3.456916332244873,0.012066268362104893,0.9311149716377258,0.00025,8337.7128636837
5028,33,100,639648,128,3.474447250366211,3.464381694793701,0.011582694947719574,0.8907211422920227,0.00025,8339.103590726852
5029,33,101,639776,128,4.537871360778809,4.526671886444092,0.013721874915063381,0.9827115535736084,0.00025,8340.487788438797
5030,33,102,639904,128,5.014697551727295,5.003878116607666,0.013733997941017151,0.9446205496788025,0.00025,8341.941480636597
5031,33,103,640032,128,4.142302989959717,4.1328887939453125,0.012907946482300758,0.8123167753219604,0.00025,8343.345610380173
5032,33,104,640160,128,4.395146369934082,4.384847640991211,0.015641525387763977,0.8734725117683411,0.00025,8344.768390893936
5033,33,105,640288,128,4.899899482727051,4.889322757720947,0.016498425975441933,0.892704427242279,0.00025,8346.155072927475
5034,33,106,640416,128,5.191977024078369,5.18234395980835,0.01648297905921936,0.798479437828064,0.00025,8347.51577782631
5035,33,107,640544,128,5.331716537475586,5.321630001068115,0.014094727113842964,0.8676998615264893,0.00025,8348.898854017258
5036,33,108,640672,128,5.349154472351074,5.338024139404297,0.017718994989991188,0.9358601570129395,0.00025,8350.312564611435
5037,33,109,640800,128,5.147764205932617,5.136524200439453,0.019217124208807945,0.9318389892578125,0.00025,8351.709870576859
5038,33,110,640928,128,4.095120429992676,4.084747791290283,0.012759409844875336,0.9096398949623108,0.00025,8353.103811502457
5039,33,111,641056,128,4.616333961486816,4.606985092163086,0.014884776435792446,0.786021888256073,0.00025,8354.52214217186
5040,33,112,641184,128,3.799414873123169,3.7884202003479004,0.014603954739868641,0.9534305334091187,0.00025,8355.909999370575
5041,33,113,641312,128,3.8845391273498535,3.873603105545044,0.01284810621291399,0.9651105403900146,0.00025,8357.286154031754
5042,33,114,641440,128,4.634570598602295,4.62460470199585,0.012499376200139523,0.8716204762458801,0.00025,8358.678916692734
5043,33,115,641568,128,4.670380592346191,4.659953594207764,0.013924590311944485,0.9034441113471985,0.00025,8360.061007261276
5044,33,116,641696,128,3.812587261199951,3.801023006439209,0.012393332086503506,1.0324912071228027,0.00025,8361.45278596878
5045,33,117,641824,128,4.877370834350586,4.8669281005859375,0.016163978725671768,0.8826448321342468,0.00025,8362.815327882767
5046,33,118,641952,128,4.900434970855713,4.889122009277344,0.013295017182826996,0.9983309507369995,0.00025,8364.206487178802
5047,33,119,642080,128,4.730012893676758,4.719221115112305,0.015269718132913113,0.9265081286430359,0.00025,8365.60811829567
5048,33,120,642208,128,4.754525661468506,4.7439374923706055,0.013751682825386524,0.9213107824325562,0.00025,8367.028645038605
5049,33,121,642336,128,3.648326873779297,3.636502742767334,0.01722920872271061,1.0101383924484253,0.00025,8368.426303386688
5050,33,122,642464,128,5.232616424560547,5.222356796264648,0.018044834956526756,0.8455413579940796,0.00025,8369.835019350052
5051,33,123,642592,128,5.02914571762085,5.018470764160156,0.016353655606508255,0.9039592742919922,0.00025,8371.166269540787
5052,33,124,642720,128,4.025788307189941,4.01367712020874,0.01535063423216343,1.057619333267212,0.00025,8372.525846242905
5053,33,125,642848,128,4.975374221801758,4.964020729064941,0.014196760021150112,0.9933723211288452,0.00025,8373.90006518364
5054,33,126,642976,128,3.8290555477142334,3.817532539367676,0.012355375103652477,1.0287599563598633,0.00025,8375.29983496666
5055,33,127,643104,128,5.14223575592041,5.130853652954102,0.01572270505130291,0.980995237827301,0.00025,8376.70602965355
5056,33,128,643232,128,4.980531692504883,4.970329761505127,0.016756515949964523,0.852638840675354,0.00025,8378.116201639175
5057,33,129,643360,128,5.9852614402771,5.974435806274414,0.017443453893065453,0.9081218838691711,0.00025,8379.495797157288
5058,33,130,643488,128,2.552678108215332,2.541746139526367,0.010204073041677475,0.9911455512046814,0.00025,8380.915601968765
5059,33,131,643616,128,4.368571758270264,4.357954025268555,0.013251160271465778,0.9292754530906677,0.00025,8382.323949813843
5060,33,132,643744,128,4.808168888092041,4.797574996948242,0.013886499218642712,0.9205176830291748,0.00025,8383.690660238266
5061,33,133,643872,128,4.862626552581787,4.852359771728516,0.012219195254147053,0.9044448137283325,0.00025,8385.06515789032
5062,33,134,644000,128,3.0344343185424805,3.022674322128296,0.009049605578184128,1.0855069160461426,0.00025,8386.418635368347
5063,33,135,644128,128,5.464642524719238,5.453108787536621,0.01796649768948555,0.9736891984939575,0.00025,8387.804617643356
5064,33,136,644256,128,4.057572364807129,4.0471625328063965,0.013423281721770763,0.906744658946991,0.00025,8389.219235181808
5065,33,137,644384,128,4.4157233238220215,4.405250549316406,0.01153839286416769,0.9318844676017761,0.00025,8390.62142276764
5066,33,138,644512,128,4.965855121612549,4.954052448272705,0.01641334965825081,1.0161399841308594,0.00025,8392.039107322693
5067,33,139,644640,128,4.305544853210449,4.295726776123047,0.014626818709075451,0.8355411887168884,0.00025,8393.442557096481
5068,33,140,644768,128,4.624088764190674,4.61388635635376,0.01417435985058546,0.8784779906272888,0.00025,8394.819254636765
5069,33,141,644896,128,3.71130633354187,3.700930595397949,0.01073837373405695,0.9301795959472656,0.00025,8396.175333023071
5070,33,142,645024,128,2.4249775409698486,2.4122583866119385,0.01220876257866621,1.1498221158981323,0.00025,8397.566747903824
5071,33,143,645152,128,4.8411712646484375,4.831052780151367,0.01537829078733921,0.8580666184425354,0.00025,8398.942991256714
5072,33,144,645280,128,5.088441371917725,5.077885627746582,0.017544522881507874,0.8801620006561279,0.00025,8400.36520767212
5073,33,145,645408,128,4.275033950805664,4.265279769897461,0.012415013276040554,0.8512557148933411,0.00025,8401.810535907745
5074,33,146,645536,128,5.7682671546936035,5.757913589477539,0.014766141772270203,0.8877009749412537,0.00025,8403.24197602272
5075,33,147,645664,128,5.528800010681152,5.5176005363464355,0.012783649377524853,0.9921074509620667,0.00025,8404.613445520401
5076,33,148,645792,128,4.848662376403809,4.83848762512207,0.013472715392708778,0.8827669620513916,0.00025,8405.982296228409
5077,33,149,645920,128,5.106618881225586,5.095470428466797,0.014157190918922424,0.9732857942581177,0.00025,8407.33567404747
5078,33,150,646048,128,5.546749114990234,5.536148548126221,0.01215443480759859,0.9385227560997009,0.00025,8408.678923368454
5079,33,151,646176,128,3.7789676189422607,3.768455743789673,0.011039628647267818,0.940790057182312,0.00025,8410.041903018951
5080,33,152,646304,128,4.916708946228027,4.906456470489502,0.012070796452462673,0.9045785665512085,0.00025,8411.419125080109
5081,33,153,646432,128,6.800504207611084,6.789246082305908,0.01872519589960575,0.938568651676178,0.00025,8412.797858715057
5082,33,154,646437,5,5.428647518157959,5.418337821960449,0.018613524734973907,0.8448176383972168,0.00025,8413.106534481049
5083,34,1,646565,128,5.085145473480225,5.07447624206543,0.015746673569083214,0.9094612002372742,0.00025,8459.702669858932
5084,34,2,646693,128,4.394967555999756,4.385746955871582,0.014237329363822937,0.7796645164489746,0.00025,8461.101226568222
5085,34,3,646821,128,3.4511842727661133,3.43934965133667,0.016225626692175865,1.021194577217102,0.00025,8462.50883102417
5086,34,4,646949,128,6.295257568359375,6.285343170166016,0.012887680903077126,0.8625456690788269,0.00025,8463.92850637436
5087,34,5,647077,128,4.700398921966553,4.690444469451904,0.012537354603409767,0.8700934648513794,0.00025,8465.308946609497
5088,34,6,647205,128,5.940644264221191,5.928916931152344,0.016616476699709892,1.0065460205078125,0.00025,8466.707805871964
5089,34,7,647333,128,5.321763515472412,5.310963153839111,0.01664102077484131,0.9136199951171875,0.00025,8468.116067409515
5090,34,8,647461,128,6.331738471984863,6.320505619049072,0.016188759356737137,0.9613786339759827,0.00025,8469.504569768906
5091,34,9,647589,128,4.297590732574463,4.28792667388916,0.012769711203873158,0.8387008905410767,0.00025,8470.915011405945
5092,34,10,647717,128,4.5177998542785645,4.50762414932251,0.011038310825824738,0.9071738719940186,0.00025,8472.30688405037
5093,34,11,647845,128,4.3363423347473145,4.325516223907471,0.011941772885620594,0.9632173180580139,0.00025,8473.697625875473
5094,34,12,647973,128,4.245176315307617,4.234776973724365,0.014219100587069988,0.8977576494216919,0.00025,8475.09907412529
5095,34,13,648101,128,3.709563732147217,3.7001616954803467,0.011215179227292538,0.828053891658783,0.00025,8476.477075338364
5096,34,14,648229,128,7.085569381713867,7.076344966888428,0.01769501343369484,0.7454811334609985,0.00025,8477.875555753708
5097,34,15,648357,128,3.6996681690216064,3.6888394355773926,0.011905214749276638,0.9638245701789856,0.00025,8479.260830402374
5098,34,16,648485,128,5.301321983337402,5.29069185256958,0.015055457130074501,0.9124541878700256,0.00025,8480.628826856613
5099,34,17,648613,128,4.234514236450195,4.224846839904785,0.012748989276587963,0.8392381072044373,0.00025,8481.992697000504
5100,34,18,648741,128,5.3232598304748535,5.313654899597168,0.011856826953589916,0.8418868184089661,0.00025,8483.365736961365
5101,34,19,648869,128,4.106115341186523,4.097155570983887,0.0129429055377841,0.7665534615516663,0.00025,8484.745646476746
5102,34,20,648997,128,4.121942520141602,4.112095355987549,0.01416529156267643,0.8430297374725342,0.00025,8486.126549959183
5103,34,21,649125,128,4.334715366363525,4.325665473937988,0.011458919383585453,0.7903892397880554,0.00025,8487.505876779556
5104,34,22,649253,128,4.721381664276123,4.711724281311035,0.014558314345777035,0.8201609253883362,0.00025,8488.924865722656
5105,34,23,649381,128,3.4667959213256836,3.456787586212158,0.010718154720962048,0.8936417698860168,0.00025,8490.310021877289
5106,34,24,649509,128,4.373904228210449,4.363739967346191,0.014446240849792957,0.8719283938407898,0.00025,8491.681857824326
5107,34,25,649637,128,4.66674280166626,4.6573405265808105,0.014537418261170387,0.794853925704956,0.00025,8493.063385486603
5108,34,26,649765,128,3.499478578567505,3.4903297424316406,0.01243528351187706,0.7905344367027283,0.00025,8494.440107822418
5109,34,27,649893,128,5.054927349090576,5.044297218322754,0.015952443704009056,0.9035273790359497,0.00025,8495.821999549866
5110,34,28,650021,128,4.873414039611816,4.863004207611084,0.013285036198794842,0.9081584215164185,0.00025,8497.166275262833
5111,34,29,650149,128,4.853484153747559,4.8437299728393555,0.018445594236254692,0.7909860610961914,0.00025,8498.532331228256
5112,34,30,650277,128,3.501462459564209,3.4912049770355225,0.010230553336441517,0.9234327077865601,0.00025,8499.891997337341
5113,34,31,650405,128,4.423637390136719,4.413647651672363,0.013476884923875332,0.8642200231552124,0.00025,8501.26887178421
5114,34,32,650533,128,3.533378839492798,3.5234222412109375,0.012421141378581524,0.8714518547058105,0.00025,8502.664828300476
5115,34,33,650661,128,7.185441493988037,7.1746907234191895,0.01892482303082943,0.8858318328857422,0.00025,8504.053796768188
5116,34,34,650789,128,4.058927536010742,4.048914909362793,0.012432597577571869,0.8769571781158447,0.00025,8505.440439224243
5117,34,35,650917,128,5.182732105255127,5.171866416931152,0.0156968142837286,0.9295763969421387,0.00025,8506.8052546978
5118,34,36,651045,128,4.668883323669434,4.6579976081848145,0.012084554880857468,0.9677269458770752,0.00025,8508.161096572876
5119,34,37,651173,128,3.6048154830932617,3.595841407775879,0.012867167592048645,0.7687298655509949,0.00025,8509.538667201996
5120,34,38,651301,128,3.5731709003448486,3.5639777183532715,0.013138266280293465,0.7879254221916199,0.00025,8510.939239025116
5121,34,39,651429,128,5.046996116638184,5.035767078399658,0.01627904549241066,0.9601288437843323,0.00025,8512.327580690384
5122,34,40,651557,128,4.978569507598877,4.9692277908325195,0.01444044429808855,0.789781391620636,0.00025,8513.738274335861
5123,34,41,651685,128,6.252777576446533,6.243221759796143,0.012396732345223427,0.8316245079040527,0.00025,8515.120559453964
5124,34,42,651813,128,5.931626319885254,5.920334815979004,0.016429081559181213,0.9648929238319397,0.00025,8516.514441490173
5125,34,43,651941,128,5.1555562019348145,5.145689010620117,0.014756840653717518,0.8391600847244263,0.00025,8517.90657377243
5126,34,44,652069,128,4.7409844398498535,4.729576587677002,0.012280215509235859,1.01801335811615,0.00025,8519.280968427658
5127,34,45,652197,128,3.174388885498047,3.164807081222534,0.01409467589110136,0.817238450050354,0.00025,8520.673630475998
5128,34,46,652325,128,4.461699485778809,4.451045036315918,0.014023621566593647,0.9251849055290222,0.00025,8522.056560516357
5129,34,47,652453,128,5.1657023429870605,5.153884410858154,0.015630308538675308,1.0254985094070435,0.00025,8523.4446144104
5130,34,48,652581,128,5.136496543884277,5.125114440917969,0.016381761059165,0.9743492603302002,0.00025,8524.87112903595
5131,34,49,652709,128,5.250964164733887,5.240604877471924,0.014932802878320217,0.8865833282470703,0.00025,8526.271186113358
5132,34,50,652837,128,4.847864627838135,4.835862159729004,0.018334148451685905,1.0168980360031128,0.00025,8527.652465343475
5133,34,51,652965,128,3.819037675857544,3.8077690601348877,0.01165018230676651,1.0103816986083984,0.00025,8529.037477970123
5134,34,52,653093,128,6.297189712524414,6.2854719161987305,0.014708073809742928,1.024654507637024,0.00025,8530.435337305069
5135,34,53,653221,128,5.316424369812012,5.305809020996094,0.014344918541610241,0.9180981516838074,0.00025,8531.82533121109
5136,34,54,653349,128,4.329704284667969,4.319475173950195,0.013951954431831837,0.8833937644958496,0.00025,8533.209232091904
5137,34,55,653477,128,5.043661594390869,5.033286094665527,0.012735786847770214,0.91016685962677,0.00025,8534.642100334167
5138,34,56,653605,128,4.81901216506958,4.807363033294678,0.01232960820198059,1.0415951013565063,0.00025,8536.036039590836
5139,34,57,653733,128,6.034178733825684,6.023611545562744,0.014331144280731678,0.9134408831596375,0.00025,8537.450763225555
5140,34,58,653861,128,5.613489151000977,5.603008270263672,0.015536529012024403,0.8927491307258606,0.00025,8538.832717895508
5141,34,59,653989,128,3.8561720848083496,3.845062017440796,0.012396953999996185,0.9870373010635376,0.00025,8540.199370384216
5142,34,60,654117,128,5.38572359085083,5.374770641326904,0.017903611063957214,0.9162437319755554,0.00025,8541.542776346207
5143,34,61,654245,128,5.697036266326904,5.686800956726074,0.014113962650299072,0.8823938965797424,0.00025,8542.9019780159
5144,34,62,654373,128,4.431808948516846,4.420478343963623,0.012005670927464962,1.0130058526992798,0.00025,8544.298404216766
5145,34,63,654501,128,4.259418487548828,4.248659133911133,0.019880471751093864,0.8771502375602722,0.00025,8545.653396129608
5146,34,64,654629,128,5.327356815338135,5.316910743713379,0.013662675395607948,0.9080092906951904,0.00025,8547.066890954971
5147,34,65,654757,128,4.442662239074707,4.432350158691406,0.015449821949005127,0.8766889572143555,0.00025,8548.448503732681
5148,34,66,654885,128,3.18058705329895,3.170255661010742,0.011002443730831146,0.9231109023094177,0.00025,8549.842148542404
5149,34,67,655013,128,3.7447614669799805,3.7346465587615967,0.012645176611840725,0.8850281238555908,0.00025,8551.236664295197
5150,34,68,655141,128,4.904149055480957,4.892609596252441,0.013830664567649364,1.0155930519104004,0.00025,8552.619166374207
5151,34,69,655269,128,4.656397342681885,4.64686918258667,0.01538587361574173,0.7989258170127869,0.00025,8554.013903617859
5152,34,70,655397,128,3.7741153240203857,3.763070583343506,0.016440553590655327,0.9400502443313599,0.00025,8555.402092695236
5153,34,71,655525,128,4.492086410522461,4.481186866760254,0.014658689498901367,0.9433538913726807,0.00025,8556.797955751419
5154,34,72,655653,128,3.5880720615386963,3.577711343765259,0.013726437464356422,0.8988252878189087,0.00025,8558.18513059616
5155,34,73,655781,128,5.1756181716918945,5.163567543029785,0.012564229778945446,1.0794219970703125,0.00025,8559.606058359146
5156,34,74,655909,128,5.425835132598877,5.415518283843994,0.01420286949723959,0.8896452784538269,0.00025,8561.013065099716
5157,34,75,656037,128,5.036546230316162,5.026534080505371,0.014336386695504189,0.8578425049781799,0.00025,8562.40325975418
5158,34,76,656165,128,4.614002227783203,4.602902889251709,0.011120892129838467,0.998757541179657,0.00025,8563.80213022232
5159,34,77,656293,128,3.1402735710144043,3.1295535564422607,0.009713010862469673,0.9748669862747192,0.00025,8565.196899175644
5160,34,78,656421,128,4.095124244689941,4.083317279815674,0.014641202986240387,1.0342885255813599,0.00025,8566.587470054626
5161,34,79,656549,128,3.3906638622283936,3.3801116943359375,0.011818340979516506,0.9370368123054504,0.00025,8567.989384889603
5162,34,80,656677,128,5.040223598480225,5.029923439025879,0.012704133987426758,0.9029987454414368,0.00025,8569.370494127274
5163,34,81,656805,128,4.150341033935547,4.1400299072265625,0.01112382672727108,0.9198904633522034,0.00025,8570.76253938675
5164,34,82,656933,128,5.489445209503174,5.477794647216797,0.015067920088768005,1.0143986940383911,0.00025,8572.163436889648
5165,34,83,657061,128,4.907532215118408,4.898174285888672,0.013553786091506481,0.8002548813819885,0.00025,8573.560334444046
5166,34,84,657189,128,3.9730823040008545,3.962012767791748,0.012437745928764343,0.9825603365898132,0.00025,8574.930958271027
5167,34,85,657317,128,4.7650370597839355,4.754027843475342,0.016731057316064835,0.9336135983467102,0.00025,8576.319499969482
5168,34,86,657445,128,4.33170747756958,4.320616722106934,0.014311879873275757,0.9659850597381592,0.00025,8577.703819274902
5169,34,87,657573,128,5.576296806335449,5.566448211669922,0.014442356303334236,0.8404379487037659,0.00025,8579.068714380264
5170,34,88,657701,128,4.205866813659668,4.19500732421875,0.012882146053016186,0.9571102857589722,0.00025,8580.44879579544
5171,34,89,657829,128,3.860841751098633,3.8495750427246094,0.011547379195690155,1.0112040042877197,0.00025,8581.851087093353
5172,34,90,657957,128,3.528768539428711,3.5179476737976074,0.010744464583694935,0.9746248126029968,0.00025,8583.260591983795
5173,34,91,658085,128,6.361504554748535,6.3520894050598145,0.015668874606490135,0.784823477268219,0.00025,8584.670241832733
5174,34,92,658213,128,5.542391777038574,5.530313491821289,0.02014446072280407,1.0063471794128418,0.00025,8586.100449323654
5175,34,93,658341,128,4.077974319458008,4.0683817863464355,0.013715744018554688,0.8221153616905212,0.00025,8587.527767896652
5176,34,94,658469,128,4.786367416381836,4.775544166564941,0.01429526787251234,0.9393736124038696,0.00025,8588.912662267685
5177,34,95,658597,128,4.2700982093811035,4.26007604598999,0.014184320345520973,0.8603702783584595,0.00025,8590.304410219193
5178,34,96,658725,128,4.521565914154053,4.511996269226074,0.014574751257896423,0.8111722469329834,0.00025,8591.6627471447
5179,34,97,658853,128,5.137418270111084,5.127063751220703,0.015114733949303627,0.8843051791191101,0.00025,8593.021784067154
5180,34,98,658981,128,5.099304676055908,5.089271545410156,0.01234359573572874,0.8798482418060303,0.00025,8594.401404619217
5181,34,99,659109,128,5.591728210449219,5.58174991607666,0.014137187972664833,0.8564557433128357,0.00025,8595.752322435379
5182,34,100,659237,128,4.9817352294921875,4.970673084259033,0.014370200224220753,0.9624770879745483,0.00025,8597.1478805542
5183,34,101,659365,128,4.523265838623047,4.512979984283447,0.017363717779517174,0.8549716472625732,0.00025,8598.523448467255
5184,34,102,659493,128,4.547227382659912,4.536925315856934,0.013428076170384884,0.8959515690803528,0.00025,8599.93074798584
5185,34,103,659621,128,4.225905895233154,4.216068744659424,0.012864211574196815,0.8550788164138794,0.00025,8601.307779073715
5186,34,104,659749,128,4.015417575836182,4.005562782287598,0.012453300878405571,0.8609389066696167,0.00025,8602.68529343605
5187,34,105,659877,128,5.483874797821045,5.472667217254639,0.014888889156281948,0.9718899726867676,0.00025,8604.11844778061
5188,34,106,660005,128,4.984493255615234,4.9742021560668945,0.0115961953997612,0.9131584167480469,0.00025,8605.495365858078
5189,34,107,660133,128,6.204942226409912,6.194626808166504,0.016199856996536255,0.8695477247238159,0.00025,8606.896163702011
5190,34,108,660261,128,6.400694847106934,6.389543533325195,0.01926194690167904,0.9225117564201355,0.00025,8608.306359529495
5191,34,109,660389,128,3.9992663860321045,3.987661361694336,0.010718694888055325,1.0533016920089722,0.00025,8609.710413455963
5192,34,110,660517,128,6.012908935546875,6.001852512359619,0.013628527522087097,0.9693421125411987,0.00025,8611.124343156815
5193,34,111,660645,128,3.644130229949951,3.634500503540039,0.013048321008682251,0.832495391368866,0.00025,8612.555416584015
5194,34,112,660773,128,4.28828763961792,4.277393341064453,0.015498354099690914,0.9344775676727295,0.00025,8613.938566684723
5195,34,113,660901,128,4.071150779724121,4.061044692993164,0.011248775757849216,0.8980990052223206,0.00025,8615.340792417526
5196,34,114,661029,128,4.71068000793457,4.698877811431885,0.01367301493883133,1.043497085571289,0.00025,8616.731491327286
5197,34,115,661157,128,5.406859874725342,5.396677017211914,0.0144481947645545,0.8738269805908203,0.00025,8618.13760471344
5198,34,116,661285,128,5.719909191131592,5.70944356918335,0.015019143931567669,0.8963642716407776,0.00025,8619.561038970947
5199,34,117,661413,128,6.4869842529296875,6.473847389221191,0.018262574449181557,1.131066918373108,0.00025,8620.986685276031
5200,34,118,661541,128,3.488302230834961,3.477543830871582,0.010195744223892689,0.9738856554031372,0.00025,8622.403660058975
5201,34,119,661669,128,5.241296768188477,5.229743480682373,0.015880433842539787,0.9965605735778809,0.00025,8623.828423261642
5202,34,120,661797,128,4.739057540893555,4.728022575378418,0.016678187996149063,0.936721920967102,0.00025,8625.234871387482
5203,34,121,661925,128,5.9173078536987305,5.907142639160156,0.015010625123977661,0.8664286136627197,0.00025,8626.628667593002
5204,34,122,662053,128,4.295470237731934,4.284482955932617,0.0107102757319808,0.9916139841079712,0.00025,8628.05436205864
5205,34,123,662181,128,3.277006149291992,3.2666027545928955,0.011045974679291248,0.9298720955848694,0.00025,8629.416099071503
5206,34,124,662309,128,5.317013740539551,5.305674076080322,0.01351573783904314,0.9988086223602295,0.00025,8630.791195631027
5207,34,125,662437,128,4.242694854736328,4.232692241668701,0.013640067540109158,0.8638491034507751,0.00025,8632.178147554398
5208,34,126,662565,128,5.3663530349731445,5.356093883514404,0.012339997105300426,0.902519941329956,0.00025,8633.564722537994
5209,34,127,662693,128,4.475250244140625,4.465546607971191,0.013626274652779102,0.8340818285942078,0.00025,8634.960041761398
5210,34,128,662821,128,5.815518856048584,5.804403781890869,0.015408547595143318,0.9574231505393982,0.00025,8636.36533498764
5211,34,129,662949,128,4.611952304840088,4.601426124572754,0.012538704089820385,0.927200973033905,0.00025,8637.749610424042
5212,34,130,663077,128,4.657358169555664,4.645780563354492,0.01800098642706871,0.977762758731842,0.00025,8639.13551235199
5213,34,131,663205,128,4.861446857452393,4.850268840789795,0.017882121726870537,0.9390002489089966,0.00025,8640.522743940353
5214,34,132,663333,128,4.491034984588623,4.480318069458008,0.016238344833254814,0.9093226194381714,0.00025,8641.900864124298
5215,34,133,663461,128,6.019890308380127,6.0092315673828125,0.0166312325745821,0.8995745182037354,0.00025,8643.267583608627
5216,34,134,663589,128,4.42293119430542,4.411594390869141,0.013964938931167126,0.9940319061279297,0.00025,8644.674225091934
5217,34,135,663717,128,5.303214073181152,5.292352199554443,0.015015477314591408,0.9360125660896301,0.00025,8646.073375225067
5218,34,136,663845,128,4.550967216491699,4.540927410125732,0.012723124586045742,0.8767560124397278,0.00025,8647.472526311874
5219,34,137,663973,128,3.8765084743499756,3.8655946254730225,0.010772350244224072,0.983657956123352,0.00025,8648.89698767662
5220,34,138,664101,128,4.345771789550781,4.335799217224121,0.014725679531693459,0.8499926328659058,0.00025,8650.292658567429
5221,34,139,664229,128,4.11521577835083,4.103987216949463,0.01280156522989273,0.9948405623435974,0.00025,8651.634918928146
5222,34,140,664357,128,4.318315505981445,4.308679103851318,0.012833522632718086,0.8353177905082703,0.00025,8653.027994632721
5223,34,141,664485,128,4.259313583374023,4.248554706573486,0.014129213988780975,0.9345903992652893,0.00025,8654.428141355515
5224,34,142,664613,128,4.530738830566406,4.520176887512207,0.016651995480060577,0.8896843194961548,0.00025,8655.819029808044
5225,34,143,664741,128,4.099092960357666,4.0886335372924805,0.011428913101553917,0.9316660761833191,0.00025,8657.202922344208
5226,34,144,664869,128,5.149184226989746,5.139855861663818,0.014646475203335285,0.7863704562187195,0.00025,8658.58553147316
5227,34,145,664997,128,4.358966827392578,4.348415374755859,0.010120700113475323,0.9539610147476196,0.00025,8659.987374782562
5228,34,146,665125,128,3.47810959815979,3.467268705368042,0.015718746930360794,0.9268959760665894,0.00025,8661.368408441544
5229,34,147,665253,128,4.078391075134277,4.068219184875488,0.012571475468575954,0.891474723815918,0.00025,8662.801626205444
5230,34,148,665381,128,4.126861095428467,4.116202354431152,0.011771793477237225,0.9481315612792969,0.00025,8664.184775352478
5231,34,149,665509,128,5.250588893890381,5.239632606506348,0.0171025600284338,0.9245759844779968,0.00025,8665.569128990173
5232,34,150,665637,128,4.937127113342285,4.926657676696777,0.013716821558773518,0.9097774028778076,0.00025,8667.017869710922
5233,34,151,665765,128,6.649084568023682,6.638827323913574,0.01850133202970028,0.8407276272773743,0.00025,8668.404663562775
5234,34,152,665893,128,3.5681729316711426,3.5586254596710205,0.010473513975739479,0.8500074744224548,0.00025,8669.803591251373
5235,34,153,666021,128,4.60764217376709,4.59730863571167,0.013776833191514015,0.8956114053726196,0.00025,8671.192125558853
5236,34,154,666026,5,2.6622369289398193,2.649038553237915,0.0034931807313114405,1.2848998308181763,0.00025,8671.413724422455
5237,35,1,666154,128,3.5391368865966797,3.529080867767334,0.012465563602745533,0.8809555768966675,0.00025,8718.45128083229
5238,35,2,666282,128,4.795598983764648,4.784449577331543,0.01703002117574215,0.9446547031402588,0.00025,8719.845199346542
5239,35,3,666410,128,4.7269792556762695,4.7169389724731445,0.012182943522930145,0.8821763396263123,0.00025,8721.233672380447
5240,35,4,666538,128,5.267161846160889,5.255710124969482,0.014832123182713985,0.9968429207801819,0.00025,8722.591364622116
5241,35,5,666666,128,4.778443336486816,4.7679524421691895,0.015474704094231129,0.8943470120429993,0.00025,8723.995060443878
5242,35,6,666794,128,4.950525283813477,4.940029621124268,0.014494368806481361,0.9045947790145874,0.00025,8725.390208244324
5243,35,7,666922,128,5.767197608947754,5.757409572601318,0.012322536669671535,0.8556094765663147,0.00025,8726.783376455307
5244,35,8,667050,128,4.321963310241699,4.310094356536865,0.015206965617835522,1.0348467826843262,0.00025,8728.175374031067
5245,35,9,667178,128,4.976685523986816,4.964858531951904,0.015916209667921066,1.023531436920166,0.00025,8729.5685505867
5246,35,10,667306,128,3.2353382110595703,3.224182367324829,0.009812256321310997,1.0174531936645508,0.00025,8730.955289840698
5247,35,11,667434,128,4.618398666381836,4.607173442840576,0.01623610407114029,0.960166335105896,0.00025,8732.358526945114
5248,35,12,667562,128,4.808073043823242,4.797919750213623,0.01321651041507721,0.8831401467323303,0.00025,8733.798201084137
5249,35,13,667690,128,5.218299388885498,5.206174373626709,0.013564757071435452,1.0768336057662964,0.00025,8735.214725971222
5250,35,14,667818,128,5.057557106018066,5.046483993530273,0.017242154106497765,0.934897780418396,0.00025,8736.594082593918
5251,35,15,667946,128,4.893078804016113,4.882819175720215,0.012752843089401722,0.8984334468841553,0.00025,8738.012484312057
5252,35,16,668074,128,5.259383678436279,5.249185562133789,0.016462763771414757,0.8552259802818298,0.00025,8739.412086248398
5253,35,17,668202,128,4.960713863372803,4.9501543045043945,0.01335445698350668,0.9224070310592651,0.00025,8740.81322646141
5254,35,18,668330,128,3.6916353702545166,3.680826425552368,0.011387753300368786,0.9670311808586121,0.00025,8742.228394031525
5255,35,19,668458,128,4.217137813568115,4.20518159866333,0.017126066610217094,1.024342656135559,0.00025,8743.611577749252
5256,35,20,668586,128,5.231322288513184,5.222232341766357,0.012946858070790768,0.779552698135376,0.00025,8745.003034830093
5257,35,21,668714,128,3.8954153060913086,3.886455774307251,0.014286261983215809,0.7530810236930847,0.00025,8746.390164613724
5258,35,22,668842,128,5.281026840209961,5.270326137542725,0.013795040547847748,0.9321008920669556,0.00025,8747.75016117096
5259,35,23,668970,128,4.060410976409912,4.048582077026367,0.011838958598673344,1.0645142793655396,0.00025,8749.142477750778
5260,35,24,669098,128,4.048079967498779,4.038053512573242,0.01339654065668583,0.8686922192573547,0.00025,8750.530742406845
5261,35,25,669226,128,5.497704982757568,5.486723899841309,0.01434194203466177,0.9546843767166138,0.00025,8751.92544412613
5262,35,26,669354,128,3.8081283569335938,3.7977192401885986,0.012121102772653103,0.9197007417678833,0.00025,8753.312970399857
5263,35,27,669482,128,4.301139831542969,4.291116237640381,0.012761982157826424,0.8747788667678833,0.00025,8754.721842765808
5264,35,28,669610,128,3.0460124015808105,3.0354979038238525,0.011871050111949444,0.9327356815338135,0.00025,8756.15010523796
5265,35,29,669738,128,4.398013114929199,4.386767864227295,0.012332289479672909,1.0011966228485107,0.00025,8757.572029590607
5266,35,30,669866,128,5.46743106842041,5.457169532775879,0.013031895272433758,0.895825207233429,0.00025,8758.936310529709
5267,35,31,669994,128,4.4665207862854,4.455542087554932,0.011152408085763454,0.986321747303009,0.00025,8760.360708713531
5268,35,32,670122,128,4.350964546203613,4.339564323425293,0.01134797465056181,1.0265254974365234,0.00025,8761.7606549263
5269,35,33,670250,128,3.571490526199341,3.561548948287964,0.010875548236072063,0.8853868246078491,0.00025,8763.1162815094
5270,35,34,670378,128,4.421214580535889,4.411954879760742,0.01402526255697012,0.7857308387756348,0.00025,8764.529666900635
5271,35,35,670506,128,4.949616432189941,4.938581943511963,0.011777080595493317,0.9856831431388855,0.00025,8765.939733028412
5272,35,36,670634,128,4.478671073913574,4.467298984527588,0.01904313825070858,0.9467794895172119,0.00025,8767.352150678635
5273,35,37,670762,128,4.326467990875244,4.317452907562256,0.011695404537022114,0.7845379710197449,0.00025,8768.777299165726
5274,35,38,670890,128,6.830768585205078,6.82089900970459,0.017045883461833,0.8164920806884766,0.00025,8770.155694007874
5275,35,39,671018,128,4.022896766662598,4.0113654136657715,0.012015251442790031,1.0329673290252686,0.00025,8771.558210372925
5276,35,40,671146,128,4.711536407470703,4.700848579406738,0.013304459862411022,0.9357299208641052,0.00025,8772.934535980225
5277,35,41,671274,128,4.02141809463501,4.011143684387207,0.013371306471526623,0.8937374949455261,0.00025,8774.32313466072
5278,35,42,671402,128,3.427422046661377,3.417001247406006,0.013415909372270107,0.9079130291938782,0.00025,8775.69901895523
5279,35,43,671530,128,4.287049293518066,4.2766337394714355,0.015288608148694038,0.8886896371841431,0.00025,8777.083609342575
5280,35,44,671658,128,5.99798059463501,5.988185405731201,0.015265029855072498,0.826899528503418,0.00025,8778.464081764221
5281,35,45,671786,128,3.2561452388763428,3.244621992111206,0.012366953305900097,1.02866530418396,0.00025,8779.854960918427
5282,35,46,671914,128,3.8444297313690186,3.833716869354248,0.012937483377754688,0.9419233798980713,0.00025,8781.255026340485
5283,35,47,672042,128,3.529611110687256,3.5189931392669678,0.013418512418866158,0.9276040196418762,0.00025,8782.642749547958
5284,35,48,672170,128,4.551254749298096,4.540960788726807,0.01196051761507988,0.9097980260848999,0.00025,8784.05060505867
5285,35,49,672298,128,3.2723753452301025,3.2629964351654053,0.0096430703997612,0.841444194316864,0.00025,8785.42753624916
5286,35,50,672426,128,4.570363998413086,4.5594611167907715,0.01348472386598587,0.9554153680801392,0.00025,8786.798995733261
5287,35,51,672554,128,3.8199243545532227,3.8091015815734863,0.013923071324825287,0.9430426955223083,0.00025,8788.184869527817
5288,35,52,672682,128,3.5284433364868164,3.518251657485962,0.011565071530640125,0.9035130739212036,0.00025,8789.632589101791
5289,35,53,672810,128,3.876366138458252,3.8648016452789307,0.011774666607379913,1.038699984550476,0.00025,8791.050947189331
5290,35,54,672938,128,3.8145782947540283,3.804100513458252,0.014263859950006008,0.9051262736320496,0.00025,8792.444321632385
5291,35,55,673066,128,4.107698917388916,4.095864295959473,0.016624396666884422,1.0172559022903442,0.00025,8793.854281902313
5292,35,56,673194,128,4.740323066711426,4.728952884674072,0.013781055808067322,0.9992079734802246,0.00025,8795.262958526611
5293,35,57,673322,128,5.029868125915527,5.020315170288086,0.013958110474050045,0.8157117962837219,0.00025,8796.681716918945
5294,35,58,673450,128,4.977445125579834,4.96701192855835,0.015347040258347988,0.8898346424102783,0.00025,8798.047964572906
5295,35,59,673578,128,4.791255474090576,4.780943870544434,0.01554179098457098,0.8757520914077759,0.00025,8799.405608415604
5296,35,60,673706,128,5.557130813598633,5.547059535980225,0.014604838564991951,0.8610658645629883,0.00025,8800.772722005844
5297,35,61,673834,128,5.632766246795654,5.621917247772217,0.022709857672452927,0.857775092124939,0.00025,8802.189987659454
5298,35,62,673962,128,5.48891544342041,5.4778547286987305,0.016104716807603836,0.9450631141662598,0.00025,8803.56998181343
5299,35,63,674090,128,5.057507038116455,5.0466108322143555,0.014378552325069904,0.9458498358726501,0.00025,8804.96602845192
5300,35,64,674218,128,4.209594249725342,4.198108196258545,0.015040981583297253,0.9982240200042725,0.00025,8806.383791208267
5301,35,65,674346,128,3.5289363861083984,3.5172312259674072,0.012331938371062279,1.0472077131271362,0.00025,8807.748297929764
5302,35,66,674474,128,3.791980743408203,3.7814834117889404,0.012793379835784435,0.9218040108680725,0.00025,8809.179204463959
5303,35,67,674602,128,6.032058238983154,6.02241325378418,0.014295718632638454,0.8215456604957581,0.00025,8810.568954467773
5304,35,68,674730,128,5.264105319976807,5.254129409790039,0.014848900027573109,0.8490930199623108,0.00025,8811.935248374939
5305,35,69,674858,128,4.002073287963867,3.9918789863586426,0.01727636530995369,0.8466667532920837,0.00025,8813.320390939713
5306,35,70,674986,128,3.740330696105957,3.72798228263855,0.014365198090672493,1.091201663017273,0.00025,8814.750041246414
5307,35,71,675114,128,3.8107759952545166,3.800555467605591,0.014331324957311153,0.8787468671798706,0.00025,8816.122211694717
5308,35,72,675242,128,3.782308578491211,3.7723116874694824,0.015707185491919518,0.8426299095153809,0.00025,8817.514728546143
5309,35,73,675370,128,4.937096118927002,4.927789688110352,0.0125953434035182,0.8047187328338623,0.00025,8818.907198429108
5310,35,74,675498,128,4.55849552154541,4.547177791595459,0.017315438017249107,0.9586347341537476,0.00025,8820.337944984436
5311,35,75,675626,128,4.199869632720947,4.18975830078125,0.010975473560392857,0.9013603925704956,0.00025,8821.748355865479
5312,35,76,675754,128,4.633159160614014,4.62224817276001,0.014448747038841248,0.946610152721405,0.00025,8823.146515846252
5313,35,77,675882,128,3.8143162727355957,3.8035988807678223,0.013488893397152424,0.9368366599082947,0.00025,8824.513633728027
5314,35,78,676010,128,4.549156665802002,4.538652420043945,0.012972461059689522,0.9206943511962891,0.00025,8825.894850254059
5315,35,79,676138,128,4.180170059204102,4.17062520980835,0.013695678673684597,0.8175448179244995,0.00025,8827.26836848259
5316,35,80,676266,128,4.538365364074707,4.527434349060059,0.012233060784637928,0.9707823991775513,0.00025,8828.69280910492
5317,35,81,676394,128,4.531475067138672,4.522279262542725,0.0140042370185256,0.7795425057411194,0.00025,8830.08290219307
5318,35,82,676522,128,5.203100681304932,5.192920684814453,0.017545877024531364,0.8425410389900208,0.00025,8831.454034805298
5319,35,83,676650,128,5.76275634765625,5.752530097961426,0.013682365417480469,0.885836124420166,0.00025,8832.80817270279
5320,35,84,676778,128,4.831950664520264,4.821954250335693,0.014949622564017773,0.8501496315002441,0.00025,8834.18666768074
5321,35,85,676906,128,4.725193500518799,4.715620994567871,0.012863819487392902,0.8285943269729614,0.00025,8835.565332889557
5322,35,86,677034,128,3.7873196601867676,3.777973175048828,0.013743782415986061,0.7972109913825989,0.00025,8836.994074821472
5323,35,87,677162,128,4.198276042938232,4.187949180603027,0.015006310306489468,0.8826078772544861,0.00025,8838.396545171738
5324,35,88,677290,128,5.1940531730651855,5.183750152587891,0.01441850047558546,0.8861297369003296,0.00025,8839.800160169601
5325,35,89,677418,128,4.105139255523682,4.095799922943115,0.013048091903328896,0.8034876585006714,0.00025,8841.215749263763
5326,35,90,677546,128,5.021101951599121,5.011241436004639,0.012766423635184765,0.8583824634552002,0.00025,8842.640858411789
5327,35,91,677674,128,4.46450662612915,4.453131198883057,0.01573002338409424,0.9802136421203613,0.00025,8844.02270102501
5328,35,92,677802,128,3.1100218296051025,3.099499225616455,0.012613642029464245,0.9261199235916138,0.00025,8845.424218416214
5329,35,93,677930,128,3.596684455871582,3.5867652893066406,0.010427580215036869,0.8876408338546753,0.00025,8846.832230329514
5330,35,94,678058,128,4.226868629455566,4.216930389404297,0.011919675394892693,0.8746033310890198,0.00025,8848.220961809158
5331,35,95,678186,128,5.149335861206055,5.138408184051514,0.014131957665085793,0.9514456391334534,0.00025,8849.659741401672
5332,35,96,678314,128,5.00631856918335,4.9967827796936035,0.017968881875276566,0.77391517162323,0.00025,8851.04724907875
5333,35,97,678442,128,5.912176132202148,5.901774883270264,0.0195046067237854,0.8451019525527954,0.00025,8852.430732488632
5334,35,98,678570,128,4.518437385559082,4.50831413269043,0.015299229882657528,0.8593640327453613,0.00025,8853.830925703049
5335,35,99,678698,128,5.803290367126465,5.793240070343018,0.013459878973662853,0.8704026937484741,0.00025,8855.236333847046
5336,35,100,678826,128,3.9079232215881348,3.896763324737549,0.01351887732744217,0.9808060526847839,0.00025,8856.64267706871
5337,35,101,678954,128,4.815989017486572,4.805163860321045,0.01465162169188261,0.9359902739524841,0.00025,8858.033859491348
5338,35,102,679082,128,3.9152538776397705,3.9055280685424805,0.01145649328827858,0.8580161333084106,0.00025,8859.432651281357
5339,35,103,679210,128,5.418222427368164,5.408770561218262,0.014393799006938934,0.8012385964393616,0.00025,8860.82150387764
5340,35,104,679338,128,5.410506248474121,5.4009809494018555,0.011373761110007763,0.8388002514839172,0.00025,8862.213039636612
5341,35,105,679466,128,4.473478317260742,4.463090419769287,0.011144007556140423,0.9273422956466675,0.00025,8863.595103740692
5342,35,106,679594,128,5.1044440269470215,5.095144748687744,0.015184563584625721,0.7780988216400146,0.00025,8865.007596731186
5343,35,107,679722,128,4.410970687866211,4.400661945343018,0.013556243851780891,0.89528888463974,0.00025,8866.389031648636
5344,35,108,679850,128,4.792115211486816,4.782011985778809,0.014293904416263103,0.8673554062843323,0.00025,8867.768911838531
5345,35,109,679978,128,6.720640659332275,6.708981990814209,0.01817045547068119,0.984138011932373,0.00025,8869.15272450447
5346,35,110,680106,128,5.0929460525512695,5.082972049713135,0.014370608143508434,0.8536750078201294,0.00025,8870.548786878586
5347,35,111,680234,128,5.117259979248047,5.105599403381348,0.014070442877709866,1.0253665447235107,0.00025,8871.938305616379
5348,35,112,680362,128,4.6151018142700195,4.60426664352417,0.013994583860039711,0.9435741305351257,0.00025,8873.305428266525
5349,35,113,680490,128,4.190314292907715,4.177314758300781,0.013459119014441967,1.1653574705123901,0.00025,8874.720460176468
5350,35,114,680618,128,5.39949893951416,5.389156341552734,0.014500436373054981,0.8892648220062256,0.00025,8876.111064434052
5351,35,115,680746,128,4.293030738830566,4.282763481140137,0.014985811896622181,0.8768328428268433,0.00025,8877.479179143906
5352,35,116,680874,128,3.962575674057007,3.9522807598114014,0.01168032456189394,0.9126917719841003,0.00025,8878.894459486008
5353,35,117,681002,128,5.126251697540283,5.116935729980469,0.014479986391961575,0.7867928743362427,0.00025,8880.307113409042
5354,35,118,681130,128,4.851172924041748,4.840541839599609,0.016706077381968498,0.8960207104682922,0.00025,8881.713294267654
5355,35,119,681258,128,3.6947011947631836,3.6857497692108154,0.011931280605494976,0.7758299708366394,0.00025,8883.111481189728
5356,35,120,681386,128,4.498319625854492,4.488467693328857,0.01395588368177414,0.8456040620803833,0.00025,8884.508731842041
5357,35,121,681514,128,3.4213058948516846,3.4109244346618652,0.016603628173470497,0.8721073865890503,0.00025,8885.920170783997
5358,35,122,681642,128,3.6881682872772217,3.677586555480957,0.010566375218331814,0.9525101780891418,0.00025,8887.325305461884
5359,35,123,681770,128,5.52262544631958,5.512311935424805,0.011776842176914215,0.9135833382606506,0.00025,8888.696083307266
5360,35,124,681898,128,4.658859729766846,4.648510456085205,0.013943693600594997,0.8955164551734924,0.00025,8890.057237148285
5361,35,125,682026,128,3.9632811546325684,3.9547603130340576,0.013407960534095764,0.7179873585700989,0.00025,8891.445680141449
5362,35,126,682154,128,4.784751892089844,4.774056434631348,0.013604216277599335,0.9334868788719177,0.00025,8892.82016658783
5363,35,127,682282,128,4.774631977081299,4.764645099639893,0.016355786472558975,0.8351203203201294,0.00025,8894.19715499878
5364,35,128,682410,128,4.833300590515137,4.823812961578369,0.014067644253373146,0.8080841302871704,0.00025,8895.525231599808
5365,35,129,682538,128,4.8295578956604,4.820530414581299,0.017384229227900505,0.7288805842399597,0.00025,8896.877100467682
5366,35,130,682666,128,4.551354885101318,4.541691303253174,0.012069023214280605,0.84566730260849,0.00025,8898.254177093506
5367,35,131,682794,128,4.471989631652832,4.461902618408203,0.011578402481973171,0.8929163217544556,0.00025,8899.61323261261
5368,35,132,682922,128,4.176245212554932,4.166047096252441,0.013828652910888195,0.881540834903717,0.00025,8901.008702039719
5369,35,133,683050,128,4.786015033721924,4.776293754577637,0.013734775595366955,0.8348205089569092,0.00025,8902.40574836731
5370,35,134,683178,128,3.7661399841308594,3.75445818901062,0.014356778934597969,1.0245933532714844,0.00025,8903.814251422882
5371,35,135,683306,128,4.026390552520752,4.016438007354736,0.012888041324913502,0.8663570880889893,0.00025,8905.23546719551
5372,35,136,683434,128,5.2201433181762695,5.211031913757324,0.01322704553604126,0.7788866758346558,0.00025,8906.631179332733
5373,35,137,683562,128,4.60054874420166,4.5905938148498535,0.01143213827162981,0.8812148571014404,0.00025,8908.050833702087
5374,35,138,683690,128,3.278592109680176,3.2675230503082275,0.0139293372631073,0.967633068561554,0.00025,8909.450608491898
5375,35,139,683818,128,5.586280822753906,5.575108051300049,0.015612493269145489,0.9611774682998657,0.00025,8910.840960025787
5376,35,140,683946,128,4.745442867279053,4.733251094818115,0.012249848805367947,1.096691370010376,0.00025,8912.27474784851
5377,35,141,684074,128,5.12899923324585,5.118220329284668,0.015005424618721008,0.9278500080108643,0.00025,8913.687191724777
5378,35,142,684202,128,5.399627685546875,5.389308452606201,0.015136932022869587,0.8805621862411499,0.00025,8915.098228693008
5379,35,143,684330,128,4.342865467071533,4.331880569458008,0.01390538364648819,0.9594528675079346,0.00025,8916.484761476517
5380,35,144,684458,128,5.600499629974365,5.591035842895508,0.01409591268748045,0.8054457902908325,0.00025,8917.896067142487
5381,35,145,684586,128,5.175131320953369,5.164437770843506,0.015412233769893646,0.915228009223938,0.00025,8919.277243614197
5382,35,146,684714,128,4.632381439208984,4.621609210968018,0.012052226811647415,0.9566687941551208,0.00025,8920.690724849701
5383,35,147,684842,128,5.680697917938232,5.668972969055176,0.01699681207537651,1.002562165260315,0.00025,8922.064899921417
5384,35,148,684970,128,5.164838790893555,5.153561115264893,0.011772561818361282,1.0100356340408325,0.00025,8923.461786746979
5385,35,149,685098,128,3.971768856048584,3.961850166320801,0.011640132404863834,0.8754687905311584,0.00025,8924.867979288101
5386,35,150,685226,128,3.8764729499816895,3.8664920330047607,0.012692548334598541,0.8711457252502441,0.00025,8926.279841899872
5387,35,151,685354,128,3.7044479846954346,3.693828582763672,0.011378704570233822,0.9481518268585205,0.00025,8927.651965856552
5388,35,152,685482,128,4.535991191864014,4.525519371032715,0.013458403758704662,0.9126001596450806,0.00025,8929.034193515778
5389,35,153,685610,128,4.926400661468506,4.9153151512146,0.012245985679328442,0.986079216003418,0.00025,8930.407285928726
5390,35,154,685615,5,2.08601450920105,2.0740468502044678,0.0028187711723148823,1.168589472770691,0.00025,8930.649333238602
5391,36,1,685743,128,4.499420642852783,4.4868927001953125,0.01865282841026783,1.0662413835525513,0.00025,8977.949094057083
5392,36,2,685871,128,4.865660190582275,4.85520601272583,0.012561171315610409,0.9198045134544373,0.00025,8979.35332083702
5393,36,3,685999,128,3.904660701751709,3.8925328254699707,0.012913069687783718,1.0836642980575562,0.00025,8980.741867542267
5394,36,4,686127,128,6.483757495880127,6.472967624664307,0.016861116513609886,0.9103567004203796,0.00025,8982.161609888077
5395,36,5,686255,128,4.426402568817139,4.414404392242432,0.013012421317398548,1.0696896314620972,0.00025,8983.531678676605
5396,36,6,686383,128,4.301234245300293,4.291754245758057,0.013510094955563545,0.8129141330718994,0.00025,8984.9318420887
5397,36,7,686511,128,4.1214704513549805,4.110833168029785,0.016314109787344933,0.9006117582321167,0.00025,8986.30682849884
5398,36,8,686639,128,3.7804617881774902,3.770580530166626,0.011123399250209332,0.876900315284729,0.00025,8987.708818674088
5399,36,9,686767,128,6.1404829025268555,6.130748271942139,0.01637106016278267,0.8097447156906128,0.00025,8989.132172584534
5400,36,10,686895,128,6.664463043212891,6.654776096343994,0.018519461154937744,0.7835049629211426,0.00025,8990.553709745407
5401,36,11,687023,128,4.059561252593994,4.049495220184326,0.014093354344367981,0.8656632900238037,0.00025,8991.932722091675
5402,36,12,687151,128,5.454810619354248,5.443049430847168,0.014817947521805763,1.027920126914978,0.00025,8993.332184314728
5403,36,13,687279,128,6.91452169418335,6.9033613204956055,0.016848145052790642,0.9475539922714233,0.00025,8994.707271575928
5404,36,14,687407,128,5.76061487197876,5.749443054199219,0.019480591639876366,0.9224154949188232,0.00025,8996.036409378052
5405,36,15,687535,128,5.055276393890381,5.044548511505127,0.014601762406527996,0.9267882704734802,0.00025,8997.437776088715
5406,36,16,687663,128,5.220632076263428,5.2094316482543945,0.019487455487251282,0.9251716136932373,0.00025,8998.830870866776
5407,36,17,687791,128,4.185311794281006,4.175052642822266,0.013027481734752655,0.8956654667854309,0.00025,9000.191968202591
5408,36,18,687919,128,4.089864253997803,4.080881118774414,0.011316611431539059,0.7851619124412537,0.00025,9001.573004961014
5409,36,19,688047,128,4.349053859710693,4.339416980743408,0.011556791141629219,0.8480812311172485,0.00025,9002.978226661682
5410,36,20,688175,128,5.573657512664795,5.5633063316345215,0.013150016777217388,0.9036099314689636,0.00025,9004.34409403801
5411,36,21,688303,128,5.715134620666504,5.704801082611084,0.012530739419162273,0.9080172181129456,0.00025,9005.734577417374
5412,36,22,688431,128,5.136099338531494,5.124587059020996,0.011366254650056362,1.0375503301620483,0.00025,9007.131655693054
5413,36,23,688559,128,4.643021583557129,4.632694721221924,0.012905919924378395,0.9035944938659668,0.00025,9008.516794204712
5414,36,24,688687,128,6.665425777435303,6.654697895050049,0.020058641210198402,0.8721993565559387,0.00025,9009.894865512848
5415,36,25,688815,128,4.294907569885254,4.28402042388916,0.012613882310688496,0.9626002907752991,0.00025,9011.25522685051
5416,36,26,688943,128,4.499266624450684,4.488147735595703,0.011492225341498852,0.9969561100006104,0.00025,9012.636414051056
5417,36,27,689071,128,5.1293625831604,5.118734836578369,0.016747772693634033,0.895310640335083,0.00025,9014.077134847641
5418,36,28,689199,128,3.9407601356506348,3.929304838180542,0.013448873534798622,1.0110312700271606,0.00025,9015.496455907822
5419,36,29,689327,128,5.127283573150635,5.114517688751221,0.01717204786837101,1.10487961769104,0.00025,9016.880360126495
5420,36,30,689455,128,5.929015636444092,5.918481349945068,0.013490644283592701,0.9185304045677185,0.00025,9018.28830075264
5421,36,31,689583,128,5.298351287841797,5.287220478057861,0.013480882160365582,0.9782674312591553,0.00025,9019.676593542099
5422,36,32,689711,128,4.469137191772461,4.457990646362305,0.012384454719722271,0.9908031821250916,0.00025,9021.049644231796
5423,36,33,689839,128,4.110266208648682,4.098392486572266,0.012405036948621273,1.0632874965667725,0.00025,9022.447564125061
5424,36,34,689967,128,4.716131687164307,4.704376697540283,0.016051383689045906,1.0150078535079956,0.00025,9023.893708705902
5425,36,35,690095,128,5.4884819984436035,5.477478981018066,0.012007087469100952,0.9802471399307251,0.00025,9025.292177915573
5426,36,36,690223,128,4.772310733795166,4.7612152099609375,0.013520466163754463,0.9743478894233704,0.00025,9026.663611888885
5427,36,37,690351,128,3.949577569961548,3.936793565750122,0.016459740698337555,1.1137886047363281,0.00025,9028.071202993393
5428,36,38,690479,128,4.593407154083252,4.583751201629639,0.01406222302466631,0.8249885439872742,0.00025,9029.45836186409
5429,36,39,690607,128,3.952881336212158,3.9417808055877686,0.01263609528541565,0.9836935997009277,0.00025,9030.877898693085
5430,36,40,690735,128,4.332703113555908,4.322219371795654,0.01087817084044218,0.9396020770072937,0.00025,9032.241996049881
5431,36,41,690863,128,4.303210735321045,4.293193340301514,0.011656304821372032,0.8851330280303955,0.00025,9033.605734348297
5432,36,42,690991,128,4.105350494384766,4.0939555168151855,0.016943134367465973,0.9700784087181091,0.00025,9034.997394561768
5433,36,43,691119,128,4.029090881347656,4.018061637878418,0.013941953890025616,0.9635034799575806,0.00025,9036.350072145462
5434,36,44,691247,128,4.151646614074707,4.140456676483154,0.02361113391816616,0.8828779458999634,0.00025,9037.764371395111
5435,36,45,691375,128,4.586625576019287,4.577247142791748,0.013845629058778286,0.7993561029434204,0.00025,9039.098061323166
5436,36,46,691503,128,4.504299163818359,4.493645668029785,0.013600516133010387,0.9293773174285889,0.00025,9040.468495845795
5437,36,47,691631,128,4.017719268798828,4.007719993591309,0.012005296535789967,0.8798440098762512,0.00025,9041.826422214508
5438,36,48,691759,128,6.26511287689209,6.254584789276123,0.012299912981688976,0.9298171401023865,0.00025,9043.244491100311
5439,36,49,691887,128,5.415421009063721,5.404942035675049,0.016554882749915123,0.8823593258857727,0.00025,9044.632766246796
5440,36,50,692015,128,4.812506198883057,4.801839351654053,0.013826945796608925,0.9284087419509888,0.00025,9046.015477657318
5441,36,51,692143,128,4.404701232910156,4.394745826721191,0.014523970894515514,0.8502935767173767,0.00025,9047.39867734909
5442,36,52,692271,128,6.057950019836426,6.0480756759643555,0.015016349963843822,0.8372859954833984,0.00025,9048.794439554214
5443,36,53,692399,128,5.280384063720703,5.270371913909912,0.015268231742084026,0.8485532999038696,0.00025,9050.20723104477
5444,36,54,692527,128,4.93780517578125,4.927316665649414,0.015581667423248291,0.8930169343948364,0.00025,9051.604888916016
5445,36,55,692655,128,5.83598518371582,5.825425624847412,0.017617041245102882,0.8797780871391296,0.00025,9052.986393928528
5446,36,56,692783,128,4.8766560554504395,4.866698741912842,0.01444187294691801,0.8512791395187378,0.00025,9054.369401931763
5447,36,57,692911,128,4.501124382019043,4.492063999176025,0.013564735651016235,0.7703589797019958,0.00025,9055.76036119461
5448,36,58,693039,128,4.195389747619629,4.185824394226074,0.012477255426347256,0.8317658305168152,0.00025,9057.155635118484
5449,36,59,693167,128,5.370780944824219,5.359374046325684,0.013691063039004803,1.0037918090820312,0.00025,9058.52384519577
5450,36,60,693295,128,6.67926549911499,6.668212413787842,0.013084701262414455,0.97446608543396,0.00025,9059.939934253693
5451,36,61,693423,128,4.540199279785156,4.529815196990967,0.013917463831603527,0.8991965055465698,0.00025,9061.314603090286
5452,36,62,693551,128,4.488840103149414,4.4773268699646,0.012254192493855953,1.0287879705429077,0.00025,9062.706092357635
5453,36,63,693679,128,5.397120475769043,5.386239528656006,0.015597100369632244,0.9321122169494629,0.00025,9064.137631177902
5454,36,64,693807,128,4.572798252105713,4.561526775360107,0.017750738188624382,0.9496428370475769,0.00025,9065.519134759903
5455,36,65,693935,128,5.2445597648620605,5.233808994293213,0.014634865336120129,0.9287447333335876,0.00025,9066.917678833008
5456,36,66,694063,128,6.181511402130127,6.171144485473633,0.017170924693346024,0.8649934530258179,0.00025,9068.308782815933
5457,36,67,694191,128,4.834382057189941,4.823764324188232,0.013780280947685242,0.923973023891449,0.00025,9069.704556465149
5458,36,68,694319,128,5.099424362182617,5.0889692306518555,0.014777145348489285,0.8977243304252625,0.00025,9071.088599443436
5459,36,69,694447,128,3.185962200164795,3.1758382320404053,0.013752025552093983,0.8748688697814941,0.00025,9072.494942426682
5460,36,70,694575,128,4.610227108001709,4.600008964538574,0.01433593314141035,0.8784789443016052,0.00025,9073.881733894348
5461,36,71,694703,128,4.375336170196533,4.364559650421143,0.013188607059419155,0.945763885974884,0.00025,9075.28637290001
5462,36,72,694831,128,4.68214750289917,4.671233654022217,0.015442254021763802,0.9369857311248779,0.00025,9076.701599121094
5463,36,73,694959,128,3.2378790378570557,3.2274043560028076,0.011598920449614525,0.9314849972724915,0.00025,9078.115109682083
5464,36,74,695087,128,4.08444356918335,4.074132442474365,0.01443761307746172,0.8867447376251221,0.00025,9079.52848815918
5465,36,75,695215,128,3.5811550617218018,3.570675849914551,0.012834394350647926,0.9195703268051147,0.00025,9080.903198719025
5466,36,76,695343,128,5.043126106262207,5.0317487716674805,0.015653476119041443,0.9811851978302002,0.00025,9082.275303840637
5467,36,77,695471,128,4.295231819152832,4.284596920013428,0.014156743884086609,0.9219385385513306,0.00025,9083.675769805908
5468,36,78,695599,128,4.447140693664551,4.436915397644043,0.010132323019206524,0.9211931228637695,0.00025,9085.058845043182
5469,36,79,695727,128,3.4267284870147705,3.4166982173919678,0.012255045585334301,0.8804799318313599,0.00025,9086.437688827515
5470,36,80,695855,128,3.367753267288208,3.356686592102051,0.01577824167907238,0.9488758444786072,0.00025,9087.802419185638
5471,36,81,695983,128,4.031275749206543,4.021354675292969,0.012817799113690853,0.8639335632324219,0.00025,9089.196296453476
5472,36,82,696111,128,5.010024070739746,4.999104022979736,0.0177024956792593,0.9150150418281555,0.00025,9090.558945655823
5473,36,83,696239,128,3.504427671432495,3.4944350719451904,0.009389958344399929,0.9053779244422913,0.00025,9091.961381912231
5474,36,84,696367,128,5.35281229019165,5.343956470489502,0.013082796707749367,0.7547361850738525,0.00025,9093.308973550797
5475,36,85,696495,128,6.066669464111328,6.05656099319458,0.014168980531394482,0.8692026138305664,0.00025,9094.68709897995
5476,36,86,696623,128,5.4257426261901855,5.41583251953125,0.011386717669665813,0.8771425485610962,0.00025,9096.042233467102
5477,36,87,696751,128,5.83568811416626,5.825345516204834,0.015378281474113464,0.8804711103439331,0.00025,9097.412999153137
5478,36,88,696879,128,4.687317371368408,4.67739200592041,0.01626390591263771,0.8299065828323364,0.00025,9098.810781002045
5479,36,89,697007,128,5.694804668426514,5.684816837310791,0.017596742138266563,0.822837233543396,0.00025,9100.21623134613
5480,36,90,697135,128,4.071990013122559,4.061183929443359,0.01444891095161438,0.9361315369606018,0.00025,9101.623297929764
5481,36,91,697263,128,4.324030876159668,4.315098762512207,0.011206668801605701,0.7811765670776367,0.00025,9103.02151298523
5482,36,92,697391,128,3.7605700492858887,3.7498984336853027,0.013194844126701355,0.9352182745933533,0.00025,9104.392928123474
5483,36,93,697519,128,4.118217468261719,4.108672142028809,0.013901256024837494,0.8155248761177063,0.00025,9105.781625270844
5484,36,94,697647,128,4.4757585525512695,4.465320110321045,0.015963364392518997,0.8841809630393982,0.00025,9107.175923585892
5485,36,95,697775,128,3.6506142616271973,3.6382858753204346,0.012262820266187191,1.1102299690246582,0.00025,9108.573399066925
5486,36,96,697903,128,3.778493642807007,3.7677013874053955,0.010808956809341908,0.9711359739303589,0.00025,9109.9171667099
5487,36,97,698031,128,5.601614475250244,5.591329097747803,0.016709065064787865,0.8614476919174194,0.00025,9111.291629314423
5488,36,98,698159,128,4.809170722961426,4.798108100891113,0.013147100806236267,0.9747908115386963,0.00025,9112.659301042557
5489,36,99,698287,128,4.0337066650390625,4.022903919219971,0.014782408252358437,0.9324620366096497,0.00025,9114.061777830124
5490,36,100,698415,128,4.258423805236816,4.248445987701416,0.01184096559882164,0.8793701529502869,0.00025,9115.433869361877
5491,36,101,698543,128,3.767343759536743,3.755760669708252,0.01374411303550005,1.0208624601364136,0.00025,9116.78246808052
5492,36,102,698671,128,5.306103229522705,5.294919967651367,0.014916074462234974,0.9691479802131653,0.00025,9118.172981500626
5493,36,103,698799,128,4.780969619750977,4.7706732749938965,0.012769008986651897,0.9019603133201599,0.00025,9119.575944423676
5494,36,104,698927,128,4.05875301361084,4.047537326812744,0.013177427463233471,0.9897855520248413,0.00025,9120.989825487137
5495,36,105,699055,128,3.784355878829956,3.773693561553955,0.01179011445492506,0.9483318328857422,0.00025,9122.393502950668
5496,36,106,699183,128,5.178389072418213,5.168797016143799,0.013247613795101643,0.8267180323600769,0.00025,9123.762396097183
5497,36,107,699311,128,4.680974960327148,4.670788764953613,0.013295999728143215,0.8856759667396545,0.00025,9125.125779390335
5498,36,108,699439,128,4.277193069458008,4.2663469314575195,0.01940312422811985,0.8905956745147705,0.00025,9126.526495933533
5499,36,109,699567,128,3.79992413520813,3.7906253337860107,0.011794778518378735,0.8119447231292725,0.00025,9127.895182847977
5500,36,110,699695,128,4.953766822814941,4.942829608917236,0.014076857827603817,0.9529496431350708,0.00025,9129.25460600853
5501,36,111,699823,128,4.737249851226807,4.725910186767578,0.01587941311299801,0.9751766920089722,0.00025,9130.626111507416
5502,36,112,699951,128,5.1078596115112305,5.096950531005859,0.021090134978294373,0.8799893260002136,0.00025,9131.996046543121
5503,36,113,700079,128,3.255298137664795,3.2454140186309814,0.012295826338231564,0.8654517531394958,0.00025,9133.372661828995
5504,36,114,700207,128,5.111373424530029,5.100319862365723,0.012256121262907982,0.9828209280967712,0.00025,9134.777028560638
5505,36,115,700335,128,4.148285388946533,4.137713432312012,0.013859597034752369,0.9185686707496643,0.00025,9136.195193529129
5506,36,116,700463,128,3.7354722023010254,3.723611831665039,0.013752293772995472,1.0485187768936157,0.00025,9137.57220172882
5507,36,117,700591,128,4.149081230163574,4.138442039489746,0.011434645392000675,0.9495505094528198,0.00025,9138.934708118439
5508,36,118,700719,128,3.852311134338379,3.839876890182495,0.012823325581848621,1.1152105331420898,0.00025,9140.29028058052
5509,36,119,700847,128,3.854733467102051,3.8431904315948486,0.01384053286164999,1.0159128904342651,0.00025,9141.733316898346
5510,36,120,700975,128,3.4342150688171387,3.4242563247680664,0.010433424264192581,0.8915314078330994,0.00025,9143.145978212357
5511,36,121,701103,128,5.272747039794922,5.263728141784668,0.014410321600735188,0.7577667236328125,0.00025,9144.54635977745
5512,36,122,701231,128,3.8435771465301514,3.8337152004241943,0.011667420156300068,0.8695076704025269,0.00025,9145.989183187485
5513,36,123,701359,128,5.620299339294434,5.611166954040527,0.016065794974565506,0.7525957226753235,0.00025,9147.342785835266
5514,36,124,701487,128,3.6533591747283936,3.6421732902526855,0.010914496146142483,1.0094304084777832,0.00025,9148.777309894562
5515,36,125,701615,128,3.3194596767425537,3.308087110519409,0.012606832198798656,1.0111849308013916,0.00025,9150.204174041748
5516,36,126,701743,128,3.9944803714752197,3.9840664863586426,0.012930345721542835,0.9121026992797852,0.00025,9151.599971294403
5517,36,127,701871,128,4.339470863342285,4.328395843505859,0.012736293487250805,0.9801580905914307,0.00025,9153.005945682526
5518,36,128,701999,128,4.231790542602539,4.2214250564575195,0.010992266237735748,0.9266477227210999,0.00025,9154.420935153961
5519,36,129,702127,128,4.164546012878418,4.154290199279785,0.014718693681061268,0.8783911466598511,0.00025,9155.825828075409
5520,36,130,702255,128,5.148976802825928,5.139335632324219,0.014005168341100216,0.8240664005279541,0.00025,9157.17860865593
5521,36,131,702383,128,2.798891544342041,2.7863972187042236,0.013549747876822948,1.1139404773712158,0.00025,9158.579162836075
5522,36,132,702511,128,4.010480880737305,3.9995553493499756,0.014753987081348896,0.9449971318244934,0.00025,9159.932465076447
5523,36,133,702639,128,4.7628173828125,4.753114700317383,0.014080151915550232,0.8294767737388611,0.00025,9161.297357559204
5524,36,134,702767,128,4.614941596984863,4.60368013381958,0.012190544977784157,1.0042150020599365,0.00025,9162.674285650253
5525,36,135,702895,128,4.165096282958984,4.15532922744751,0.010863314382731915,0.8680768013000488,0.00025,9164.036816358566
5526,36,136,703023,128,5.950295448303223,5.940494060516357,0.01396515965461731,0.8404853343963623,0.00025,9165.43921160698
5527,36,137,703151,128,4.428493499755859,4.416868686676025,0.012676461599767208,1.0357154607772827,0.00025,9166.826665878296
5528,36,138,703279,128,3.8707730770111084,3.860607147216797,0.010622036643326283,0.9103741645812988,0.00025,9168.213487148285
5529,36,139,703407,128,5.678698539733887,5.667962551116943,0.015209275297820568,0.9214766621589661,0.00025,9169.597438812256
5530,36,140,703535,128,3.3527634143829346,3.342101573944092,0.011061839759349823,0.9555489420890808,0.00025,9170.994729042053
5531,36,141,703663,128,3.9587576389312744,3.949495553970337,0.01234408188611269,0.8027904629707336,0.00025,9172.38157081604
5532,36,142,703791,128,5.877270221710205,5.867845058441162,0.01511155255138874,0.7913994789123535,0.00025,9173.768047094345
5533,36,143,703919,128,3.970398187637329,3.9600985050201416,0.012989073060452938,0.9000704288482666,0.00025,9175.136778593063
5534,36,144,704047,128,4.652440071105957,4.6411452293396,0.015197169966995716,0.9775205850601196,0.00025,9176.5008893013
5535,36,145,704175,128,3.544795036315918,3.533573627471924,0.011107278056442738,1.011059284210205,0.00025,9177.873201608658
5536,36,146,704303,128,4.574554920196533,4.564358234405518,0.015597070567309856,0.8637081980705261,0.00025,9179.251790046692
5537,36,147,704431,128,3.251291513442993,3.240466594696045,0.011532041244208813,0.9671803712844849,0.00025,9180.667587518692
5538,36,148,704559,128,5.917203903198242,5.906862735748291,0.019802216440439224,0.8361101150512695,0.00025,9182.055817127228
5539,36,149,704687,128,5.4970383644104,5.485752105712891,0.016811087727546692,0.9604762196540833,0.00025,9183.449610948563
5540,36,150,704815,128,4.757319450378418,4.746294021606445,0.01716201938688755,0.9309488534927368,0.00025,9184.85038113594
5541,36,151,704943,128,4.770299434661865,4.76059103012085,0.012594145722687244,0.844912052154541,0.00025,9186.233914613724
5542,36,152,705071,128,4.293103218078613,4.282780647277832,0.012422052212059498,0.908028244972229,0.00025,9187.624541282654
5543,36,153,705199,128,4.193488597869873,4.18251371383667,0.012263099662959576,0.9748414754867554,0.00025,9189.031136751175
5544,36,154,705204,5,1.7974565029144287,1.784387230873108,0.006380484439432621,1.243130087852478,0.00025,9189.216886520386
5545,37,1,705332,128,3.4778740406036377,3.4684908390045166,0.011984623037278652,0.8184598684310913,0.00025,9235.933465003967
5546,37,2,705460,128,4.562674045562744,4.552653789520264,0.012545016594231129,0.876569390296936,0.00025,9237.299665927887
5547,37,3,705588,128,4.2337493896484375,4.223540782928467,0.01394780445843935,0.881389856338501,0.00025,9238.676487445831
5548,37,4,705716,128,4.476452350616455,4.466003894805908,0.011694293469190598,0.9279075264930725,0.00025,9240.082373142242
5549,37,5,705844,128,4.501774787902832,4.492175579071045,0.013254939578473568,0.8273485898971558,0.00025,9241.491198539734
5550,37,6,705972,128,5.043342590332031,5.03298807144165,0.01623956300318241,0.8730360865592957,0.00025,9242.87349653244
5551,37,7,706100,128,3.9850234985351562,3.97487735748291,0.013122612610459328,0.8833882212638855,0.00025,9244.284321308136
5552,37,8,706228,128,5.063533782958984,5.053428649902344,0.015322196297347546,0.8573017120361328,0.00025,9245.659696817398
5553,37,9,706356,128,5.056334972381592,5.045993804931641,0.015197939239442348,0.8821494579315186,0.00025,9247.038234710693
5554,37,10,706484,128,4.841671466827393,4.831276893615723,0.011990952305495739,0.919546365737915,0.00025,9248.421514034271
5555,37,11,706612,128,4.522401332855225,4.512168884277344,0.01417454332113266,0.8814602494239807,0.00025,9249.80844783783
5556,37,12,706740,128,3.938220500946045,3.9271962642669678,0.01174890249967575,0.9849247336387634,0.00025,9251.201535224915
5557,37,13,706868,128,4.884581565856934,4.874733924865723,0.016039986163377762,0.8243607878684998,0.00025,9252.592146873474
5558,37,14,706996,128,3.8892507553100586,3.880091667175293,0.014560450799763203,0.7703084349632263,0.00025,9253.959378480911
5559,37,15,707124,128,4.455404281616211,4.444784164428711,0.00942191481590271,0.967785120010376,0.00025,9255.351729869843
5560,37,16,707252,128,5.212026596069336,5.201836585998535,0.013694888912141323,0.8820751309394836,0.00025,9256.737243890762
5561,37,17,707380,128,5.102821350097656,5.093484401702881,0.015550878830254078,0.7782166004180908,0.00025,9258.083370923996
5562,37,18,707508,128,4.138980865478516,4.129557132720947,0.014002732001245022,0.8023440837860107,0.00025,9259.423731327057
5563,37,19,707636,128,3.756577253341675,3.7469964027404785,0.012030723504722118,0.8377741575241089,0.00025,9260.787949085236
5564,37,20,707764,128,4.510276794433594,4.50253963470459,0.012640955857932568,0.6473109722137451,0.00025,9262.19581079483
5565,37,21,707892,128,4.857344150543213,4.847309112548828,0.01225318107753992,0.8809489011764526,0.00025,9263.572192907333
5566,37,22,708020,128,3.8854191303253174,3.8742294311523438,0.01397473830729723,0.9792291522026062,0.00025,9264.956161260605
5567,37,23,708148,128,4.735244274139404,4.7248358726501465,0.011516568250954151,0.9256682991981506,0.00025,9266.36692738533
5568,37,24,708276,128,4.211838722229004,4.201014041900635,0.012915563769638538,0.9532876014709473,0.00025,9267.744478464127
5569,37,25,708404,128,4.863789081573486,4.853912830352783,0.010680334642529488,0.8808152079582214,0.00025,9269.177936077118
5570,37,26,708532,128,4.319821357727051,4.3090386390686035,0.013572770170867443,0.9425479769706726,0.00025,9270.584579467773
5571,37,27,708660,128,4.905175685882568,4.8953857421875,0.011377458460628986,0.8652162551879883,0.00025,9272.00759935379
5572,37,28,708788,128,3.9096007347106934,3.8987863063812256,0.014083641581237316,0.9406158924102783,0.00025,9273.393723249435
5573,37,29,708916,128,3.790287733078003,3.779292106628418,0.011778212152421474,0.9817782640457153,0.00025,9274.780388355255
5574,37,30,709044,128,3.522491216659546,3.5117037296295166,0.014017638750374317,0.9385926127433777,0.00025,9276.171654224396
5575,37,31,709172,128,5.138732433319092,5.129297256469727,0.016860542818903923,0.7748885154724121,0.00025,9277.60269331932
5576,37,32,709300,128,6.475481033325195,6.466186046600342,0.015462282113730907,0.7748519778251648,0.00025,9278.954000473022
5577,37,33,709428,128,5.240668773651123,5.230165958404541,0.012265140190720558,0.9276245832443237,0.00025,9280.314462423325
5578,37,34,709556,128,4.106889247894287,4.096610069274902,0.014049011282622814,0.8874480128288269,0.00025,9281.71295452118
5579,37,35,709684,128,4.0029520988464355,3.9934353828430176,0.012063354253768921,0.8310497999191284,0.00025,9283.129642009735
5580,37,36,709812,128,4.33056116104126,4.320803165435791,0.011575073003768921,0.8600596785545349,0.00025,9284.529298782349
5581,37,37,709940,128,4.612000465393066,4.601493835449219,0.014954022131860256,0.9011340141296387,0.00025,9285.949895143509
5582,37,38,710068,128,4.520839691162109,4.510537147521973,0.012122196145355701,0.9090328216552734,0.00025,9287.363978385925
5583,37,39,710196,128,4.0902862548828125,4.0818095207214355,0.011347301304340363,0.7341837882995605,0.00025,9288.750044345856
5584,37,40,710324,128,3.7130115032196045,3.70165753364563,0.012966930866241455,1.0057134628295898,0.00025,9290.161740064621
5585,37,41,710452,128,3.7745676040649414,3.7643308639526367,0.01122005470097065,0.9114733934402466,0.00025,9291.5717523098
5586,37,42,710580,128,4.8466477394104,4.837430000305176,0.013232138939201832,0.7894333004951477,0.00025,9292.938968658447
5587,37,43,710708,128,4.72768497467041,4.717825889587402,0.01772702857851982,0.8086193203926086,0.00025,9294.341427087784
5588,37,44,710836,128,4.593202590942383,4.583486080169678,0.013229054398834705,0.8393806219100952,0.00025,9295.74445605278
5589,37,45,710964,128,4.294808387756348,4.283716201782227,0.013105771504342556,0.9781981706619263,0.00025,9297.157908201218
5590,37,46,711092,128,3.6362485885620117,3.6251790523529053,0.010899028740823269,0.9979652762413025,0.00025,9298.566078424454
5591,37,47,711220,128,4.21408224105835,4.204146862030029,0.015380379743874073,0.8397548198699951,0.00025,9299.956831216812
5592,37,48,711348,128,3.439805030822754,3.4289073944091797,0.01174218486994505,0.9723367691040039,0.00025,9301.35536813736
5593,37,49,711476,128,4.640724182128906,4.630577087402344,0.01350491028279066,0.879675030708313,0.00025,9302.790743589401
5594,37,50,711604,128,5.1314849853515625,5.121866226196289,0.014859034679830074,0.8133102059364319,0.00025,9304.188841581345
5595,37,51,711732,128,4.260322093963623,4.250283718109131,0.012904866598546505,0.8748224377632141,0.00025,9305.587400197983
5596,37,52,711860,128,3.4958951473236084,3.4854488372802734,0.010458442382514477,0.9400272965431213,0.00025,9306.988981962204
5597,37,53,711988,128,5.65673828125,5.647027015686035,0.013689822517335415,0.8342432379722595,0.00025,9308.361985683441
5598,37,54,712116,128,4.49716854095459,4.487540245056152,0.013267919421195984,0.8301591873168945,0.00025,9309.774082183838
5599,37,55,712244,128,6.37725305557251,6.367362976074219,0.014668387360870838,0.8423482179641724,0.00025,9311.153346061707
5600,37,56,712372,128,4.342947006225586,4.3322343826293945,0.017550190910696983,0.8957414627075195,0.00025,9312.559953451157
5601,37,57,712500,128,2.843144178390503,2.832369089126587,0.013367841020226479,0.9438377618789673,0.00025,9313.963768959045
5602,37,58,712628,128,4.17771577835083,4.16615629196167,0.01164160668849945,1.039534568786621,0.00025,9315.361849069595
5603,37,59,712756,128,4.549476623535156,4.540119171142578,0.014894725754857063,0.7868027091026306,0.00025,9316.725308656693
5604,37,60,712884,128,3.14239501953125,3.1311557292938232,0.009984776377677917,1.0240716934204102,0.00025,9318.08604311943
5605,37,61,713012,128,4.453205108642578,4.442604064941406,0.013636119663715363,0.9237250685691833,0.00025,9319.495661973953
5606,37,62,713140,128,3.6763272285461426,3.6666150093078613,0.014180979691445827,0.8294122219085693,0.00025,9320.880848646164
5607,37,63,713268,128,4.983570575714111,4.97301721572876,0.018839312717318535,0.8669286370277405,0.00025,9322.2253510952
5608,37,64,713396,128,5.094388484954834,5.084689140319824,0.013648566789925098,0.8334774374961853,0.00025,9323.630656719208
5609,37,65,713524,128,3.9586944580078125,3.9477458000183105,0.013540041632950306,0.9594574570655823,0.00025,9325.07512807846
5610,37,66,713652,128,3.340034246444702,3.3310036659240723,0.011660418473184109,0.786450982093811,0.00025,9326.442073822021
5611,37,67,713780,128,4.472568035125732,4.462406158447266,0.014879077672958374,0.8674250841140747,0.00025,9327.83811044693
5612,37,68,713908,128,3.6902265548706055,3.6790449619293213,0.012678933329880238,0.9913672804832458,0.00025,9329.236426115036
5613,37,69,714036,128,5.347066879272461,5.336477279663086,0.014250936917960644,0.916412889957428,0.00025,9330.6504175663
5614,37,70,714164,128,4.547199249267578,4.536812782287598,0.011930778622627258,0.9193190336227417,0.00025,9332.03158903122
5615,37,71,714292,128,4.614194869995117,4.603217601776123,0.011734708212316036,0.9803717732429504,0.00025,9333.410584688187
5616,37,72,714420,128,4.134199619293213,4.123466491699219,0.012618432752788067,0.94715416431427,0.00025,9334.821224212646
5617,37,73,714548,128,5.0988850593566895,5.088632583618164,0.016352569684386253,0.8617182374000549,0.00025,9336.263258218765
5618,37,74,714676,128,3.74039888381958,3.729100465774536,0.0137303052470088,0.9925252199172974,0.00025,9337.65006017685
5619,37,75,714804,128,4.23236608505249,4.221562385559082,0.014136693440377712,0.9390099048614502,0.00025,9339.008352279663
5620,37,76,714932,128,4.076760768890381,4.065802574157715,0.012514348141849041,0.9706943035125732,0.00025,9340.404387235641
5621,37,77,715060,128,4.993938446044922,4.983415126800537,0.018122442066669464,0.8711012601852417,0.00025,9341.810067892075
5622,37,78,715188,128,3.9903862476348877,3.9806058406829834,0.014091837219893932,0.8371052742004395,0.00025,9343.225621938705
5623,37,79,715316,128,3.979820966720581,3.9689769744873047,0.012483019381761551,0.9595741629600525,0.00025,9344.634383440018
5624,37,80,715444,128,3.4846644401550293,3.473125696182251,0.01143603678792715,1.0395110845565796,0.00025,9346.048415899277
5625,37,81,715572,128,3.6161632537841797,3.604325532913208,0.01308442372828722,1.0529348850250244,0.00025,9347.440683364868
5626,37,82,715700,128,3.716810464859009,3.7049829959869385,0.015440321527421474,1.0283414125442505,0.00025,9348.813848495483
5627,37,83,715828,128,4.473837375640869,4.4627556800842285,0.012837615795433521,0.979827344417572,0.00025,9350.188802957535
5628,37,84,715956,128,3.674156427383423,3.6643826961517334,0.011446825228631496,0.8629087209701538,0.00025,9351.548741102219
5629,37,85,716084,128,5.725866794586182,5.715976715087891,0.016575170680880547,0.8232735991477966,0.00025,9352.962990045547
5630,37,86,716212,128,3.9561495780944824,3.9448633193969727,0.012326886877417564,1.0053527355194092,0.00025,9354.344319343567
5631,37,87,716340,128,4.8878374099731445,4.876748085021973,0.017555315047502518,0.9333714842796326,0.00025,9355.742490053177
5632,37,88,716468,128,4.952054977416992,4.941539764404297,0.016303716227412224,0.8885114192962646,0.00025,9357.148718357086
5633,37,89,716596,128,4.706418037414551,4.696570873260498,0.015335756354033947,0.8313773274421692,0.00025,9358.562585115433
5634,37,90,716724,128,4.9068474769592285,4.896388053894043,0.016449538990855217,0.8814542293548584,0.00025,9359.909402132034
5635,37,91,716852,128,4.417179107666016,4.406825065612793,0.015360315330326557,0.8817957043647766,0.00025,9361.294363975525
5636,37,92,716980,128,3.287450075149536,3.27730131149292,0.011499260552227497,0.8998834490776062,0.00025,9362.687446832657
5637,37,93,717108,128,4.96791934967041,4.958216190338135,0.015285906381905079,0.817463219165802,0.00025,9364.094037532806
5638,37,94,717236,128,5.692779541015625,5.681746482849121,0.016197411343455315,0.9413036704063416,0.00025,9365.499556541443
5639,37,95,717364,128,5.400548934936523,5.391268730163574,0.014286652207374573,0.7851656079292297,0.00025,9366.890946149826
5640,37,96,717492,128,5.3621907234191895,5.350567817687988,0.020234469324350357,0.9599674344062805,0.00025,9368.290692806244
5641,37,97,717620,128,3.6433331966400146,3.6319992542266846,0.015644699335098267,0.9769375920295715,0.00025,9369.679635286331
5642,37,98,717748,128,4.419219493865967,4.409566402435303,0.01245430763810873,0.8407573103904724,0.00025,9371.041547298431
5643,37,99,717876,128,3.451528549194336,3.441397190093994,0.01281528826802969,0.8849768042564392,0.00025,9372.417560577393
5644,37,100,718004,128,5.319811820983887,5.3094305992126465,0.016626939177513123,0.8718552589416504,0.00025,9373.837489843369
5645,37,101,718132,128,4.226856231689453,4.21730899810791,0.014585092663764954,0.8088724613189697,0.00025,9375.21863245964
5646,37,102,718260,128,4.983402729034424,4.974236488342285,0.015235528349876404,0.7642983794212341,0.00025,9376.592381477356
5647,37,103,718388,128,4.2833571434021,4.273197650909424,0.014119005762040615,0.8747583031654358,0.00025,9377.959417581558
5648,37,104,718516,128,5.18785285949707,5.177212715148926,0.01870727725327015,0.8769533634185791,0.00025,9379.305713415146
5649,37,105,718644,128,6.103500843048096,6.0946807861328125,0.013503867201507092,0.746944010257721,0.00025,9380.69703745842
5650,37,106,718772,128,4.621927261352539,4.609872817993164,0.016256455332040787,1.042880892753601,0.00025,9382.069165229797
5651,37,107,718900,128,6.349668025970459,6.339306354522705,0.022984357550740242,0.8063327074050903,0.00025,9383.49767279625
5652,37,108,719028,128,3.557586431503296,3.5479013919830322,0.011506847105920315,0.8534331917762756,0.00025,9384.877994537354
5653,37,109,719156,128,4.557964324951172,4.547817230224609,0.011489318683743477,0.8998234272003174,0.00025,9386.257042646408
5654,37,110,719284,128,3.361802816390991,3.3508758544921875,0.014713442884385586,0.9455647468566895,0.00025,9387.646580934525
5655,37,111,719412,128,4.119226932525635,4.110134601593018,0.01088934950530529,0.8003376126289368,0.00025,9389.015837907791
5656,37,112,719540,128,4.228915691375732,4.218222618103027,0.013421115465462208,0.9350883960723877,0.00025,9390.409023046494
5657,37,113,719668,128,2.866438627243042,2.8560452461242676,0.009407861158251762,0.9452534914016724,0.00025,9391.795672416687
5658,37,114,719796,128,4.33317756652832,4.322071075439453,0.015494960360229015,0.9556944370269775,0.00025,9393.179243803024
5659,37,115,719924,128,4.569565773010254,4.559011459350586,0.011720109730958939,0.9382477402687073,0.00025,9394.572418928146
5660,37,116,720052,128,4.572494983673096,4.562867641448975,0.013988614082336426,0.8228203654289246,0.00025,9396.008357286453
5661,37,117,720180,128,4.351994514465332,4.340939998626709,0.012379012070596218,0.981666624546051,0.00025,9397.413502931595
5662,37,118,720308,128,6.343100547790527,6.332399845123291,0.012981459498405457,0.9402808547019958,0.00025,9398.81483578682
5663,37,119,720436,128,4.777373790740967,4.767900466918945,0.013630983419716358,0.8109835386276245,0.00025,9400.206028223038
5664,37,120,720564,128,4.459517002105713,4.450331211090088,0.013977891765534878,0.7788377404212952,0.00025,9401.620544195175
5665,37,121,720692,128,3.5429227352142334,3.5315027236938477,0.012044387869536877,1.0215482711791992,0.00025,9403.024663448334
5666,37,122,720820,128,4.380143165588379,4.370238780975342,0.012037734501063824,0.8701038956642151,0.00025,9404.378563404083
5667,37,123,720948,128,4.03042459487915,4.020725727081299,0.013589235953986645,0.8339657187461853,0.00025,9405.729773759842
5668,37,124,721076,128,3.6075966358184814,3.597104787826538,0.013988080434501171,0.9093105792999268,0.00025,9407.091510772705
5669,37,125,721204,128,4.206089973449707,4.194964408874512,0.016041962429881096,0.9521436095237732,0.00025,9408.434878826141
5670,37,126,721332,128,4.2646613121032715,4.254571437835693,0.01602071151137352,0.8487786650657654,0.00025,9409.765841007233
5671,37,127,721460,128,4.376019477844238,4.365924835205078,0.012612533755600452,0.8833253979682922,0.00025,9411.102552175522
5672,37,128,721588,128,3.9135916233062744,3.9019064903259277,0.014765903353691101,1.0208723545074463,0.00025,9412.455461740494
5673,37,129,721716,128,6.061679840087891,6.050278186798096,0.014209697023034096,0.9980668425559998,0.00025,9413.806982755661
5674,37,130,721844,128,4.330104351043701,4.321525573730469,0.013956417329609394,0.7182871103286743,0.00025,9415.15940952301
5675,37,131,721972,128,4.744667053222656,4.735264301300049,0.014520133845508099,0.7950933575630188,0.00025,9416.495742797852
5676,37,132,722100,128,4.088019847869873,4.077036380767822,0.012231617234647274,0.9760244488716125,0.00025,9417.87831068039
5677,37,133,722228,128,4.790780544281006,4.779459476470947,0.015200073830783367,0.980109691619873,0.00025,9419.235900640488
5678,37,134,722356,128,5.97087287902832,5.960831165313721,0.013441706076264381,0.8697273135185242,0.00025,9420.623484134674
5679,37,135,722484,128,4.510305881500244,4.498655319213867,0.01233519148081541,1.0417115688323975,0.00025,9422.000209331512
5680,37,136,722612,128,4.8482890129089355,4.837906837463379,0.01458743680268526,0.8923662900924683,0.00025,9423.386276960373
5681,37,137,722740,128,4.275811672210693,4.265076160430908,0.011688320897519588,0.9566928148269653,0.00025,9424.748269557953
5682,37,138,722868,128,5.132693290710449,5.121006488800049,0.01619831472635269,1.0067218542099,0.00025,9426.137201309204
5683,37,139,722996,128,4.958158016204834,4.948493480682373,0.013110078871250153,0.8353699445724487,0.00025,9427.51893401146
5684,37,140,723124,128,4.103344917297363,4.092462062835693,0.011670607142150402,0.9715673327445984,0.00025,9428.916558504105
5685,37,141,723252,128,3.540379762649536,3.528297185897827,0.01081385649740696,1.1001100540161133,0.00025,9430.279580831528
5686,37,142,723380,128,4.231453895568848,4.2217116355896,0.012696931138634682,0.8472543358802795,0.00025,9431.681008338928
5687,37,143,723508,128,4.37476110458374,4.364937782287598,0.013560648076236248,0.8467128872871399,0.00025,9433.048793315887
5688,37,144,723636,128,4.6807332038879395,4.671032905578613,0.01303932536393404,0.8396177291870117,0.00025,9434.420076847076
5689,37,145,723764,128,3.985238552093506,3.975673198699951,0.01205972395837307,0.835950493812561,0.00025,9435.834572553635
5690,37,146,723892,128,3.9601001739501953,3.949272632598877,0.014695554040372372,0.9357925653457642,0.00025,9437.227591514587
5691,37,147,724020,128,4.4284186363220215,4.41853141784668,0.013538953848183155,0.8533324599266052,0.00025,9438.613827705383
5692,37,148,724148,128,4.227698802947998,4.217053413391113,0.01336275041103363,0.9309360980987549,0.00025,9440.012898683548
5693,37,149,724276,128,4.329685688018799,4.319558620452881,0.013301851227879524,0.8796887397766113,0.00025,9441.390316009521
5694,37,150,724404,128,4.578207015991211,4.566627502441406,0.016487086191773415,0.993066668510437,0.00025,9442.762590885162
5695,37,151,724532,128,4.23114538192749,4.221470832824707,0.010674103163182735,0.8607131838798523,0.00025,9444.168272018433
5696,37,152,724660,128,6.130148887634277,6.12065315246582,0.01692258007824421,0.7803247570991516,0.00025,9445.552645206451
5697,37,153,724788,128,4.830629348754883,4.821091175079346,0.014995184727013111,0.8038752675056458,0.00025,9446.969565868378
5698,37,154,724793,5,1.582096815109253,1.5643230676651,0.007704728748649359,1.7003329992294312,0.00025,9447.173322200775
5699,38,1,724921,128,5.184476852416992,5.1742777824401855,0.014507430605590343,0.8748394250869751,0.000125,9493.436626911163
5700,38,2,725049,128,4.384151935577393,4.372673511505127,0.012469018809497356,1.0231361389160156,0.000125,9494.809956789017
5701,38,3,725177,128,3.1553092002868652,3.1439366340637207,0.010763893835246563,1.0296177864074707,0.000125,9496.191639661789
5702,38,4,725305,128,4.752978801727295,4.742483615875244,0.015293732285499573,0.8965772986412048,0.000125,9497.593244552612
5703,38,5,725433,128,4.405524730682373,4.395623683929443,0.015277499333024025,0.8373218178749084,0.000125,9498.989447832108
5704,38,6,725561,128,4.546371936798096,4.534826755523682,0.01806187443435192,0.9738839864730835,0.000125,9500.385318040848
5705,38,7,725689,128,5.564650058746338,5.553581237792969,0.017148442566394806,0.9354314208030701,0.000125,9501.779331922531
5706,38,8,725817,128,4.001730442047119,3.9899442195892334,0.014532207511365414,1.033293604850769,0.000125,9503.161316394806
5707,38,9,725945,128,3.455345869064331,3.445145606994629,0.011591094546020031,0.9040976762771606,0.000125,9504.557410955429
5708,38,10,726073,128,3.348660707473755,3.3394839763641357,0.009414056316018105,0.8235322833061218,0.000125,9505.917963027954
5709,38,11,726201,128,3.433912992477417,3.423917055130005,0.01526195090264082,0.8469933867454529,0.000125,9507.273686170578
5710,38,12,726329,128,4.539513111114502,4.528245449066162,0.014735832810401917,0.9794092774391174,0.000125,9508.61750626564
5711,38,13,726457,128,5.520505905151367,5.510071754455566,0.014179299585521221,0.9016086459159851,0.000125,9509.985918045044
5712,38,14,726585,128,4.523484706878662,4.513012409210205,0.014680254273116589,0.9003946781158447,0.000125,9511.361519098282
5713,38,15,726713,128,4.3044538497924805,4.293282985687256,0.015193997882306576,0.965173065662384,0.000125,9512.824568986893
5714,38,16,726841,128,4.124849319458008,4.114591598510742,0.01633022166788578,0.8624554872512817,0.000125,9514.201584815979
5715,38,17,726969,128,3.6048238277435303,3.5933802127838135,0.013817207887768745,1.0062001943588257,0.000125,9515.57162976265
5716,38,18,727097,128,4.460022926330566,4.4493255615234375,0.014564082026481628,0.9241144061088562,0.000125,9516.930089235306
5717,38,19,727225,128,4.850943088531494,4.841089725494385,0.012820995412766933,0.8570939898490906,0.000125,9518.31267118454
5718,38,20,727353,128,4.0334625244140625,4.023454666137695,0.013812961988151073,0.8626378178596497,0.000125,9519.691974163055
5719,38,21,727481,128,3.1402931213378906,3.130182981491089,0.009747418574988842,0.913540780544281,0.000125,9521.057355642319
5720,38,22,727609,128,3.753683090209961,3.743774175643921,0.012517416849732399,0.8657257556915283,0.000125,9522.436646223068
5721,38,23,727737,128,3.8574471473693848,3.8476829528808594,0.01144357305020094,0.8619804382324219,0.000125,9523.812414169312
5722,38,24,727865,128,4.613198757171631,4.6029510498046875,0.013437330722808838,0.8903968334197998,0.000125,9525.188114404678
5723,38,25,727993,128,3.72824764251709,3.717735528945923,0.015155352652072906,0.8996379375457764,0.000125,9526.586196660995
5724,38,26,728121,128,3.9360055923461914,3.9258346557617188,0.014600889757275581,0.8710973262786865,0.000125,9528.024021625519
5725,38,27,728249,128,4.656307220458984,4.6457648277282715,0.015187866054475307,0.90237957239151,0.000125,9529.42211651802
5726,38,28,728377,128,4.529422760009766,4.518272876739502,0.013851380906999111,0.9764856100082397,0.000125,9530.848227262497
5727,38,29,728505,128,4.027530193328857,4.017076015472412,0.011951257474720478,0.9259060025215149,0.000125,9532.287158727646
5728,38,30,728633,128,4.806944847106934,4.7965803146362305,0.013091388158500195,0.9055696129798889,0.000125,9533.7245490551
5729,38,31,728761,128,4.890316963195801,4.879375457763672,0.01716906763613224,0.9224201440811157,0.000125,9535.143809556961
5730,38,32,728889,128,4.496547222137451,4.48635721206665,0.013627923093736172,0.8827252388000488,0.000125,9536.562930822372
5731,38,33,729017,128,5.05926513671875,5.049725532531738,0.013973093591630459,0.8142262101173401,0.000125,9537.958604335785
5732,38,34,729145,128,3.3467776775360107,3.3352925777435303,0.015832863748073578,0.9901754856109619,0.000125,9539.383216142654
5733,38,35,729273,128,4.575839519500732,4.566774368286133,0.014955895952880383,0.75699782371521,0.000125,9540.80806183815
5734,38,36,729401,128,5.218161106109619,5.20714807510376,0.014486134052276611,0.9564204216003418,0.000125,9542.255347967148
5735,38,37,729529,128,5.241841793060303,5.230846881866455,0.014955825172364712,0.9499536752700806,0.000125,9543.6974132061
5736,38,38,729657,128,3.993675708770752,3.9828455448150635,0.012996050529181957,0.9530436992645264,0.000125,9545.118111848831
5737,38,39,729785,128,3.7081665992736816,3.6986947059631348,0.013444813899695873,0.8127386569976807,0.000125,9546.520241260529
5738,38,40,729913,128,5.107975482940674,5.098240852355957,0.01393007393926382,0.834201455116272,0.000125,9547.926554441452
5739,38,41,730041,128,3.541607618331909,3.531510353088379,0.010965700261294842,0.9000726938247681,0.000125,9549.361322879791
5740,38,42,730169,128,3.213578939437866,3.20253324508667,0.009867522865533829,1.0058982372283936,0.000125,9550.77624130249
5741,38,43,730297,128,4.053569793701172,4.042909622192383,0.012565827928483486,0.940359354019165,0.000125,9552.173653364182
5742,38,44,730425,128,3.9938101768493652,3.9845194816589355,0.011814597062766552,0.810935914516449,0.000125,9553.592740297318
5743,38,45,730553,128,4.921924114227295,4.91129207611084,0.012608411721885204,0.9371182322502136,0.000125,9555.018027544022
5744,38,46,730681,128,3.4713265895843506,3.4616479873657227,0.011719952337443829,0.8506579399108887,0.000125,9556.458224773407
5745,38,47,730809,128,3.9598584175109863,3.9491665363311768,0.01482565701007843,0.920951247215271,0.000125,9557.874898195267
5746,38,48,730937,128,3.3430795669555664,3.332479238510132,0.012529300525784492,0.934736967086792,0.000125,9559.253657102585
5747,38,49,731065,128,4.633890628814697,4.623647212982178,0.010841717012226582,0.9158856868743896,0.000125,9560.66230416298
5748,38,50,731193,128,3.975682020187378,3.9646923542022705,0.013751953840255737,0.9614381790161133,0.000125,9562.033967971802
5749,38,51,731321,128,4.375150680541992,4.362911224365234,0.014643264003098011,1.0775086879730225,0.000125,9563.41969203949
5750,38,52,731449,128,4.478400707244873,4.468333721160889,0.014231190085411072,0.8643950819969177,0.000125,9564.786886930466
5751,38,53,731577,128,2.9229648113250732,2.9128236770629883,0.009555155411362648,0.918547511100769,0.000125,9566.18145608902
5752,38,54,731705,128,5.312298774719238,5.3025898933410645,0.016551127657294273,0.8053745627403259,0.000125,9567.570873260498
5753,38,55,731833,128,4.623873710632324,4.614206314086914,0.013935542665421963,0.827409029006958,0.000125,9568.956673383713
5754,38,56,731961,128,4.659094333648682,4.648515224456787,0.014594236388802528,0.9119414687156677,0.000125,9570.308091640472
5755,38,57,732089,128,3.738138198852539,3.7275147438049316,0.014454396441578865,0.9177980422973633,0.000125,9571.692281484604
5756,38,58,732217,128,3.6822850704193115,3.673659086227417,0.009910747408866882,0.7634795904159546,0.000125,9573.07841348648
5757,38,59,732345,128,4.090190887451172,4.080260753631592,0.014074757695198059,0.8522433042526245,0.000125,9574.484019756317
5758,38,60,732473,128,4.158400058746338,4.148860931396484,0.014787586405873299,0.8060333728790283,0.000125,9575.885346651077
5759,38,61,732601,128,3.5648138523101807,3.5545012950897217,0.01327119767665863,0.8985401391983032,0.000125,9577.287759780884
5760,38,62,732729,128,4.784060001373291,4.7739996910095215,0.01707388646900654,0.8352637887001038,0.000125,9578.688600301743
5761,38,63,732857,128,4.947988986968994,4.936714172363281,0.014707219786942005,0.9804175496101379,0.000125,9580.0824944973
5762,38,64,732985,128,4.660428047180176,4.6496124267578125,0.017348727211356163,0.9081074595451355,0.000125,9581.483482837677
5763,38,65,733113,128,4.354637622833252,4.343013763427734,0.013470564968883991,1.0276942253112793,0.000125,9582.846047401428
5764,38,66,733241,128,4.832796573638916,4.823185920715332,0.013926396146416664,0.8217798471450806,0.000125,9584.24058008194
5765,38,67,733369,128,4.053175926208496,4.043699264526367,0.015017621219158173,0.7975061535835266,0.000125,9585.66181564331
5766,38,68,733497,128,3.674139976501465,3.6637752056121826,0.012059434317052364,0.9158888459205627,0.000125,9587.084950208664
5767,38,69,733625,128,4.871671199798584,4.86121129989624,0.012712928466498852,0.9188691973686218,0.000125,9588.480154037476
5768,38,70,733753,128,3.358372688293457,3.348766326904297,0.010340935550630093,0.8572249412536621,0.000125,9589.87493276596
5769,38,71,733881,128,4.679378032684326,4.6685638427734375,0.014857277274131775,0.9328411817550659,0.000125,9591.289395332336
5770,38,72,734009,128,4.227354049682617,4.2170634269714355,0.015171672217547894,0.8773519992828369,0.000125,9592.683091402054
5771,38,73,734137,128,5.055253028869629,5.044485092163086,0.01891142688691616,0.8876701593399048,0.000125,9594.066246509552
5772,38,74,734265,128,2.8230786323547363,2.810901403427124,0.010657173581421375,1.1111459732055664,0.000125,9595.47573852539
5773,38,75,734393,128,3.847672939300537,3.838118553161621,0.011959570460021496,0.8358533382415771,0.000125,9596.87745833397
5774,38,76,734521,128,4.242245197296143,4.231276512145996,0.013251137919723988,0.9643570184707642,0.000125,9598.26618027687
5775,38,77,734649,128,4.535597324371338,4.52477502822876,0.01227757427841425,0.9594553112983704,0.000125,9599.64057636261
5776,38,78,734777,128,4.802889823913574,4.793596267700195,0.015729863196611404,0.7720441222190857,0.000125,9601.012765407562
5777,38,79,734905,128,4.235404968261719,4.223654270172119,0.011318699456751347,1.0618864297866821,0.000125,9602.39521741867
5778,38,80,735033,128,4.536814212799072,4.526851654052734,0.015449099242687225,0.8417648673057556,0.000125,9603.779094696045
5779,38,81,735161,128,3.017106056213379,3.0065062046051025,0.012275016866624355,0.9372170567512512,0.000125,9605.181107759476
5780,38,82,735289,128,4.929837703704834,4.919563293457031,0.01579543761909008,0.8694696426391602,0.000125,9606.620606422424
5781,38,83,735417,128,4.092976093292236,4.083972454071045,0.011013729497790337,0.790237307548523,0.000125,9608.062018632889
5782,38,84,735545,128,4.475100517272949,4.464763641357422,0.013924828730523586,0.8944469690322876,0.000125,9609.467981815338
5783,38,85,735673,128,3.211942195892334,3.2004990577697754,0.012615594081580639,1.018161654472351,0.000125,9610.869096279144
5784,38,86,735801,128,5.4171247482299805,5.407215118408203,0.014285183511674404,0.8480932712554932,0.000125,9612.274344205856
5785,38,87,735929,128,5.129197120666504,5.118835926055908,0.013389751315116882,0.9022066593170166,0.000125,9613.636979818344
5786,38,88,736057,128,3.571977376937866,3.562051296234131,0.013466320000588894,0.8579604029655457,0.000125,9615.044365167618
5787,38,89,736185,128,4.247185707092285,4.236639499664307,0.010487510822713375,0.9497421979904175,0.000125,9616.423175096512
5788,38,90,736313,128,3.4346046447753906,3.423985004425049,0.010795220732688904,0.9540133476257324,0.000125,9617.802930116653
5789,38,91,736441,128,4.543803691864014,4.533633708953857,0.013473885133862495,0.8822458982467651,0.000125,9619.17471075058
5790,38,92,736569,128,4.466615676879883,4.456439018249512,0.013425695709884167,0.8833983540534973,0.000125,9620.539157629013
5791,38,93,736697,128,4.291079998016357,4.279873847961426,0.021193882450461388,0.9086737632751465,0.000125,9621.92939567566
5792,38,94,736825,128,3.6962881088256836,3.685590982437134,0.014853456988930702,0.9211854338645935,0.000125,9623.35051035881
5793,38,95,736953,128,4.628514289855957,4.6175007820129395,0.014325837604701519,0.9580984115600586,0.000125,9624.72309422493
5794,38,96,737081,128,5.69984769821167,5.689294338226318,0.012280955910682678,0.9325030446052551,0.000125,9626.100497484207
5795,38,97,737209,128,4.790524959564209,4.781207084655762,0.014309939928352833,0.7886918187141418,0.000125,9627.470130443573
5796,38,98,737337,128,5.662898063659668,5.652436256408691,0.015317139215767384,0.8930091857910156,0.000125,9628.870676755905
5797,38,99,737465,128,4.1953887939453125,4.184708118438721,0.014206689782440662,0.926020085811615,0.000125,9630.261395692825
5798,38,100,737593,128,4.10090446472168,4.090762615203857,0.01637108437716961,0.8504697680473328,0.000125,9631.628442525864
5799,38,101,737721,128,4.282227993011475,4.272360324859619,0.013040912337601185,0.8563318252563477,0.000125,9633.004807949066
5800,38,102,737849,128,3.914179563522339,3.9044547080993652,0.011980243027210236,0.8526684641838074,0.000125,9634.397260427475
5801,38,103,737977,128,4.603790283203125,4.593549728393555,0.015482681803405285,0.8692179322242737,0.000125,9635.790796279907
5802,38,104,738105,128,4.9599504470825195,4.9491047859191895,0.01483321376144886,0.9362119436264038,0.000125,9637.205571889877
5803,38,105,738233,128,3.5762076377868652,3.564713954925537,0.014086104929447174,1.0085166692733765,0.000125,9638.603098392487
5804,38,106,738361,128,4.225682258605957,4.214550495147705,0.016475362703204155,0.948405921459198,0.000125,9639.98002576828
5805,38,107,738489,128,3.9371628761291504,3.9282140731811523,0.012055400758981705,0.7743316888809204,0.000125,9641.368712186813
5806,38,108,738617,128,5.126434803009033,5.116033554077148,0.013938217423856258,0.9007619619369507,0.000125,9642.761561870575
5807,38,109,738745,128,3.468963623046875,3.459864616394043,0.011270994320511818,0.7971960306167603,0.000125,9644.159828186035
5808,38,110,738873,128,4.452297687530518,4.442214488983154,0.014413097873330116,0.8641567826271057,0.000125,9645.541069507599
5809,38,111,739001,128,4.425716400146484,4.4129157066345215,0.015673836693167686,1.1233538389205933,0.000125,9646.944641113281
5810,38,112,739129,128,5.085100173950195,5.075559616088867,0.015228437259793282,0.8017734289169312,0.000125,9648.33970785141
5811,38,113,739257,128,3.552258014678955,3.5415637493133545,0.010940409265458584,0.9600163102149963,0.000125,9649.768012523651
5812,38,114,739385,128,4.007420063018799,3.996892213821411,0.013643858022987843,0.9163435697555542,0.000125,9651.189679145813
5813,38,115,739513,128,3.690126419067383,3.6799261569976807,0.012491236440837383,0.895108699798584,0.000125,9652.589381933212
5814,38,116,739641,128,4.71287202835083,4.703139305114746,0.013865402899682522,0.8346309661865234,0.000125,9654.012061595917
5815,38,117,739769,128,4.12367582321167,4.11409330368042,0.012356164865195751,0.8346969485282898,0.000125,9655.443016290665
5816,38,118,739897,128,4.153968334197998,4.143045425415039,0.012249970808625221,0.96977299451828,0.000125,9656.825309991837
5817,38,119,740025,128,4.128572463989258,4.118904113769531,0.014496359042823315,0.8218831419944763,0.000125,9658.2632958889
5818,38,120,740153,128,4.113824367523193,4.1030497550964355,0.014910290017724037,0.9283624291419983,0.000125,9659.63408613205
5819,38,121,740281,128,5.132419109344482,5.121418476104736,0.013242363929748535,0.9676369428634644,0.000125,9661.028784513474
5820,38,122,740409,128,3.730619192123413,3.721204996109009,0.012696477584540844,0.8144580125808716,0.000125,9662.39446926117
5821,38,123,740537,128,3.663607597351074,3.6539857387542725,0.012996654026210308,0.8322277069091797,0.000125,9663.788659572601
5822,38,124,740665,128,4.987009525299072,4.976635456085205,0.01502713281661272,0.8871645331382751,0.000125,9665.131141901016
5823,38,125,740793,128,3.4816503524780273,3.4705145359039307,0.010522611439228058,1.0083438158035278,0.000125,9666.483166456223
5824,38,126,740921,128,5.419305801391602,5.408779144287109,0.014162256382405758,0.9110561609268188,0.000125,9667.852003335953
5825,38,127,741049,128,4.190770626068115,4.180855751037598,0.011690342798829079,0.8745590448379517,0.000125,9669.223235607147
5826,38,128,741177,128,4.07782506942749,4.067778587341309,0.011180701665580273,0.8928393721580505,0.000125,9670.625240325928
5827,38,129,741305,128,5.430023193359375,5.418149471282959,0.01597370021045208,1.0276345014572144,0.000125,9672.036517858505
5828,38,130,741433,128,3.9264557361602783,3.9161078929901123,0.010703175328671932,0.9277673959732056,0.000125,9673.442249059677
5829,38,131,741561,128,3.8581526279449463,3.847405433654785,0.012506452389061451,0.9496371150016785,0.000125,9674.834446668625
5830,38,132,741689,128,4.161327838897705,4.151050090789795,0.012703548185527325,0.9007267355918884,0.000125,9676.229927062988
5831,38,133,741817,128,4.49928617477417,4.489102363586426,0.011456647887825966,0.9038012027740479,0.000125,9677.64375948906
5832,38,134,741945,128,3.8003838062286377,3.790318012237549,0.011561572551727295,0.8909701108932495,0.000125,9679.084600687027
5833,38,135,742073,128,4.47153377532959,4.461816787719727,0.011269770562648773,0.8590166568756104,0.000125,9680.487629175186
5834,38,136,742201,128,5.07788610458374,5.068456172943115,0.013629920780658722,0.8067135214805603,0.000125,9681.89336848259
5835,38,137,742329,128,4.226832866668701,4.215883731842041,0.015001872554421425,0.9448989033699036,0.000125,9683.311168670654
5836,38,138,742457,128,3.80739688873291,3.7975752353668213,0.013798787258565426,0.8441755175590515,0.000125,9684.71251296997
5837,38,139,742585,128,5.171188831329346,5.161681175231934,0.015738792717456818,0.7933788299560547,0.000125,9686.101123332977
5838,38,140,742713,128,6.213994979858398,6.204110145568848,0.01608741097152233,0.8276004791259766,0.000125,9687.48714351654
5839,38,141,742841,128,3.940328598022461,3.9303126335144043,0.014771549962460995,0.8538757562637329,0.000125,9688.877759695053
5840,38,142,742969,128,4.55008602142334,4.538552761077881,0.012746286578476429,1.0258551836013794,0.000125,9690.277662277222
5841,38,143,743097,128,3.8668618202209473,3.8553030490875244,0.015817122533917427,0.9977023005485535,0.000125,9691.685867547989
5842,38,144,743225,128,4.734153747558594,4.724127769470215,0.014073938131332397,0.8618395328521729,0.000125,9693.056784629822
5843,38,145,743353,128,4.203289031982422,4.192074298858643,0.015517259947955608,0.9663126468658447,0.000125,9694.455658912659
5844,38,146,743481,128,5.41319465637207,5.404223442077637,0.013322136364877224,0.7639157772064209,0.000125,9695.848675727844
5845,38,147,743609,128,3.963301658630371,3.9537129402160645,0.013272720389068127,0.8261456489562988,0.000125,9697.256531476974
5846,38,148,743737,128,3.8996052742004395,3.889909267425537,0.0110017703846097,0.8595924973487854,0.000125,9698.694374084473
5847,38,149,743865,128,3.811095952987671,3.800252676010132,0.01201687566936016,0.9641631841659546,0.000125,9700.082441091537
5848,38,150,743993,128,3.837550163269043,3.8270692825317383,0.010464422404766083,0.9434495568275452,0.000125,9701.502819776535
5849,38,151,744121,128,3.2654805183410645,3.2545011043548584,0.011678743176162243,0.9811756014823914,0.000125,9702.941351652145
5850,38,152,744249,128,3.9977784156799316,3.9880599975585938,0.01615128479897976,0.8103412985801697,0.000125,9704.350327253342
5851,38,153,744377,128,4.565334796905518,4.5551018714904785,0.013252630829811096,0.8907715678215027,0.000125,9705.721913099289
5852,38,154,744382,5,1.170716643333435,1.153261423110962,0.006968481466174126,1.6758307218551636,0.000125,9705.995641231537
5853,39,1,744510,128,4.0906662940979,4.080957889556885,0.010878393426537514,0.8620921969413757,0.000125,9752.331318378448
5854,39,2,744638,128,4.502832889556885,4.490906715393066,0.017147760838270187,1.0211519002914429,0.000125,9753.739930152893
5855,39,3,744766,128,4.912296772003174,4.902229309082031,0.014298255555331707,0.8637192249298096,0.000125,9755.165912389755
5856,39,4,744894,128,3.91152286529541,3.901432514190674,0.011402982287108898,0.8950039744377136,0.000125,9756.573894023895
5857,39,5,745022,128,4.270594596862793,4.261059761047363,0.010457823053002357,0.8489110469818115,0.000125,9757.971472740173
5858,39,6,745150,128,3.796877861022949,3.7860140800476074,0.013297433033585548,0.9534212946891785,0.000125,9759.347829580307
5859,39,7,745278,128,5.1825270652771,5.171651363372803,0.018178431317210197,0.9058144092559814,0.000125,9760.765376091003
5860,39,8,745406,128,3.9707796573638916,3.9602818489074707,0.01448562927544117,0.9049244523048401,0.000125,9762.182453632355
5861,39,9,745534,128,4.413654327392578,4.404970169067383,0.013035714626312256,0.7380479574203491,0.000125,9763.559890031815
5862,39,10,745662,128,4.569403648376465,4.558757305145264,0.013296891935169697,0.9316428899765015,0.000125,9764.922679901123
5863,39,11,745790,128,5.125603199005127,5.11627721786499,0.018414583057165146,0.7484444379806519,0.000125,9766.27101945877
5864,39,12,745918,128,4.08383321762085,4.073020935058594,0.013531048782169819,0.9459171295166016,0.000125,9767.659022569656
5865,39,13,746046,128,4.001401901245117,3.9906647205352783,0.013790232129395008,0.9358314275741577,0.000125,9769.014545917511
5866,39,14,746174,128,4.850990295410156,4.84071683883667,0.014757538214325905,0.8797436952590942,0.000125,9770.401371717453
5867,39,15,746302,128,5.881218433380127,5.87089204788208,0.017463961616158485,0.8580187559127808,0.000125,9771.802906751633
5868,39,16,746430,128,4.176815032958984,4.166156768798828,0.013530055060982704,0.9305449724197388,0.000125,9773.220524311066
5869,39,17,746558,128,3.4555351734161377,3.444868564605713,0.010910704731941223,0.9575539231300354,0.000125,9774.614069700241
5870,39,18,746686,128,5.06271505355835,5.052083492279053,0.014488848857581615,0.9182630181312561,0.000125,9776.029363632202
5871,39,19,746814,128,3.9192144870758057,3.908531904220581,0.0141445966437459,0.9268034100532532,0.000125,9777.401043891907
5872,39,20,746942,128,4.366206645965576,4.355116844177246,0.014080631546676159,0.9681662917137146,0.000125,9778.824568510056
5873,39,21,747070,128,4.590626239776611,4.5806474685668945,0.013060340657830238,0.8672680854797363,0.000125,9780.241812229156
5874,39,22,747198,128,4.533608913421631,4.522002696990967,0.014380722306668758,1.0168124437332153,0.000125,9781.631957292557
5875,39,23,747326,128,4.308791160583496,4.298037052154541,0.014716614969074726,0.9282510280609131,0.000125,9783.045407533646
5876,39,24,747454,128,3.387056589126587,3.377420663833618,0.01142369955778122,0.849367618560791,0.000125,9784.434726953506
5877,39,25,747582,128,3.6080055236816406,3.5976200103759766,0.013571110554039478,0.9028443098068237,0.000125,9785.823308944702
5878,39,26,747710,128,5.502469062805176,5.491997241973877,0.01676669903099537,0.879513144493103,0.000125,9787.21957707405
5879,39,27,747838,128,2.844028949737549,2.8338444232940674,0.012076417915523052,0.8977041840553284,0.000125,9788.620112419128
5880,39,28,747966,128,3.4437038898468018,3.433502674102783,0.010396018624305725,0.9161809682846069,0.000125,9790.031564950943
5881,39,29,748094,128,3.127758264541626,3.1173784732818604,0.009346089325845242,0.9445238709449768,0.000125,9791.446542263031
5882,39,30,748222,128,3.5336015224456787,3.523374080657959,0.011070720851421356,0.9120494723320007,0.000125,9792.83353304863
5883,39,31,748350,128,2.9155240058898926,2.904228448867798,0.011316291056573391,1.0163978338241577,0.000125,9794.22154211998
5884,39,32,748478,128,4.372625827789307,4.363234519958496,0.016084855422377586,0.7782781720161438,0.000125,9795.623981237411
5885,39,33,748606,128,4.9583234786987305,4.948548316955566,0.016911931335926056,0.8083989024162292,0.000125,9797.03739309311
5886,39,34,748734,128,4.388727188110352,4.3797101974487305,0.012046615593135357,0.7812595367431641,0.000125,9798.390152692795
5887,39,35,748862,128,4.0793938636779785,4.069119453430176,0.010763830505311489,0.9198194742202759,0.000125,9799.795887231827
5888,39,36,748990,128,4.2545342445373535,4.243256568908691,0.01621491275727749,0.9655724763870239,0.000125,9801.190159082413
5889,39,37,749118,128,3.656824827194214,3.6457395553588867,0.011093052104115486,0.9976012110710144,0.000125,9802.565588474274
5890,39,38,749246,128,4.790285587310791,4.780890941619873,0.016304001212120056,0.7764162421226501,0.000125,9803.944479465485
5891,39,39,749374,128,4.487738132476807,4.478877067565918,0.01113442238420248,0.774755597114563,0.000125,9805.336138486862
5892,39,40,749502,128,3.442988634109497,3.432818651199341,0.012156886048614979,0.8954315185546875,0.000125,9806.724490880966
5893,39,41,749630,128,4.141103267669678,4.131285190582275,0.013762034475803375,0.8442083597183228,0.000125,9808.108274459839
5894,39,42,749758,128,3.5827457904815674,3.5728964805603027,0.01083675678819418,0.8765645027160645,0.000125,9809.512513637543
5895,39,43,749886,128,4.180988311767578,4.171304225921631,0.011513239704072475,0.8532447814941406,0.000125,9810.907292842865
5896,39,44,750014,128,3.575192451477051,3.564079761505127,0.013322881422936916,0.9780523180961609,0.000125,9812.293477535248
5897,39,45,750142,128,4.334415435791016,4.323357582092285,0.0141367856413126,0.9644096493721008,0.000125,9813.703377962112
5898,39,46,750270,128,4.1326584815979,4.122671604156494,0.012868344783782959,0.8699857592582703,0.000125,9815.068957328796
5899,39,47,750398,128,4.112514972686768,4.102776050567627,0.012203726917505264,0.8518810272216797,0.000125,9816.481165409088
5900,39,48,750526,128,3.4181370735168457,3.407538652420044,0.011104962788522243,0.9487813711166382,0.000125,9817.857596158981
5901,39,49,750654,128,4.3090009689331055,4.298336982727051,0.014991717413067818,0.9165048599243164,0.000125,9819.252862215042
5902,39,50,750782,128,4.2983222007751465,4.287724494934082,0.013661063276231289,0.9231590628623962,0.000125,9820.662976026535
5903,39,51,750910,128,4.01455020904541,4.0055389404296875,0.01592595875263214,0.7418710589408875,0.000125,9822.052280187607
5904,39,52,751038,128,3.559654474258423,3.5498757362365723,0.013418788090348244,0.8436940312385559,0.000125,9823.444966316223
5905,39,53,751166,128,3.944972515106201,3.9341635704040527,0.014805582351982594,0.9328358769416809,0.000125,9824.78412103653
5906,39,54,751294,128,3.149076461791992,3.138850450515747,0.01113020908087492,0.9112966060638428,0.000125,9826.1682305336
5907,39,55,751422,128,4.447738170623779,4.436769962310791,0.014790750108659267,0.9488903284072876,0.000125,9827.533419132233
5908,39,56,751550,128,5.6496381759643555,5.639407157897949,0.013680979609489441,0.8863018751144409,0.000125,9828.929869413376
5909,39,57,751678,128,3.5963497161865234,3.5845561027526855,0.014624357223510742,1.033123254776001,0.000125,9830.300166130066
5910,39,58,751806,128,4.100951194763184,4.089053153991699,0.019037500023841858,0.9994354248046875,0.000125,9831.687205314636
5911,39,59,751934,128,5.296854019165039,5.287261486053467,0.014245624653995037,0.8167557120323181,0.000125,9833.078549146652
5912,39,60,752062,128,4.665317535400391,4.654573440551758,0.014440295286476612,0.9300118088722229,0.000125,9834.476730585098
5913,39,61,752190,128,4.030186176300049,4.019643783569336,0.014231479726731777,0.9119199514389038,0.000125,9835.87162899971
5914,39,62,752318,128,4.589517116546631,4.57936954498291,0.014813427813351154,0.8665826320648193,0.000125,9837.299097299576
5915,39,63,752446,128,4.7255024909973145,4.715084552764893,0.0151586402207613,0.8902139067649841,0.000125,9838.681574106216
5916,39,64,752574,128,4.7099432945251465,4.699917316436768,0.013884666375815868,0.86374431848526,0.000125,9840.066982984543
5917,39,65,752702,128,5.386227607727051,5.375551223754883,0.015352449379861355,0.914097249507904,0.000125,9841.470143318176
5918,39,66,752830,128,5.12511682510376,5.116553783416748,0.01761811040341854,0.6800916194915771,0.000125,9842.87129020691
5919,39,67,752958,128,3.653569221496582,3.6441290378570557,0.017139634117484093,0.7726279497146606,0.000125,9844.22853565216
5920,39,68,753086,128,3.4772861003875732,3.466689348220825,0.013616460375487804,0.9235166311264038,0.000125,9845.619022607803
5921,39,69,753214,128,3.9510982036590576,3.9398927688598633,0.012895017862319946,0.9915914535522461,0.000125,9846.985490083694
5922,39,70,753342,128,3.255045175552368,3.245033025741577,0.011390991508960724,0.887286901473999,0.000125,9848.33729314804
5923,39,71,753470,128,4.674770355224609,4.6637959480285645,0.013278083875775337,0.9646478295326233,0.000125,9849.719950675964
5924,39,72,753598,128,5.8345866203308105,5.824489593505859,0.01595916785299778,0.850099503993988,0.000125,9851.094569444656
5925,39,73,753726,128,4.601606369018555,4.591856479644775,0.011423940770328045,0.8607162237167358,0.000125,9852.476539373398
5926,39,74,753854,128,4.474843502044678,4.46439790725708,0.013897252269089222,0.9056034088134766,0.000125,9853.827314138412
5927,39,75,753982,128,3.965571641921997,3.9543206691741943,0.012337719090282917,1.0017133951187134,0.000125,9855.201805591583
5928,39,76,754110,128,4.120070934295654,4.1078667640686035,0.014599747024476528,1.0744088888168335,0.000125,9856.581204891205
5929,39,77,754238,128,3.7488274574279785,3.7382144927978516,0.01444352325052023,0.9168659448623657,0.000125,9857.975753307343
5930,39,78,754366,128,3.8841395378112793,3.873189926147461,0.011081991717219353,0.9841523170471191,0.000125,9859.380636930466
5931,39,79,754494,128,4.190648078918457,4.180362224578857,0.012353452853858471,0.9050526022911072,0.000125,9860.76358127594
5932,39,80,754622,128,4.28468132019043,4.273991107940674,0.012377834878861904,0.9452426433563232,0.000125,9862.185896635056
5933,39,81,754750,128,3.2026822566986084,3.1920387744903564,0.010333570651710033,0.9610193967819214,0.000125,9863.593389034271
5934,39,82,754878,128,3.7630679607391357,3.7536189556121826,0.010984053835272789,0.835071861743927,0.000125,9865.004634857178
5935,39,83,755006,128,4.821611404418945,4.8102126121521,0.013427537865936756,1.00559663772583,0.000125,9866.415639162064
5936,39,84,755134,128,3.5990149974823,3.5903453826904297,0.011703605763614178,0.7499222755432129,0.000125,9867.81208562851
5937,39,85,755262,128,5.8015265464782715,5.789758205413818,0.018828485161066055,0.9885094165802002,0.000125,9869.227516412735
5938,39,86,755390,128,3.736003875732422,3.725680112838745,0.011218427680432796,0.9201912879943848,0.000125,9870.657822847366
5939,39,87,755518,128,4.568171501159668,4.557218551635742,0.01531610544770956,0.9421494007110596,0.000125,9872.04738497734
5940,39,88,755646,128,3.513190269470215,3.5025405883789062,0.01391520258039236,0.9258258938789368,0.000125,9873.449185371399
5941,39,89,755774,128,4.530644416809082,4.518047332763672,0.018219780176877975,1.0774991512298584,0.000125,9874.821154594421
5942,39,90,755902,128,4.6956658363342285,4.684230804443359,0.013719113543629646,1.0062991380691528,0.000125,9876.213695526123
5943,39,91,756030,128,5.12417459487915,5.114156723022461,0.012922978959977627,0.8725621104240417,0.000125,9877.59644317627
5944,39,92,756158,128,3.3763201236724854,3.365450859069824,0.014931363053619862,0.9375972151756287,0.000125,9878.991082191467
5945,39,93,756286,128,3.7306065559387207,3.7199959754943848,0.013608728535473347,0.924976646900177,0.000125,9880.404227018356
5946,39,94,756414,128,4.804204940795898,4.7946085929870605,0.015668852254748344,0.8029630780220032,0.000125,9881.810440778732
5947,39,95,756542,128,4.641413688659668,4.631169319152832,0.01659551076591015,0.8584942817687988,0.000125,9883.206315755844
5948,39,96,756670,128,2.484619379043579,2.472630739212036,0.011678571812808514,1.082082986831665,0.000125,9884.609507322311
5949,39,97,756798,128,4.516513347625732,4.507119178771973,0.01361124962568283,0.8033385872840881,0.000125,9886.004725694656
5950,39,98,756926,128,4.671003341674805,4.661248207092285,0.01606147363781929,0.8148936629295349,0.000125,9887.434424161911
5951,39,99,757054,128,4.345688343048096,4.335292816162109,0.01225670613348484,0.9170077443122864,0.000125,9888.797024965286
5952,39,100,757182,128,3.7954540252685547,3.784769058227539,0.013424231670796871,0.9342315196990967,0.000125,9890.182327270508
5953,39,101,757310,128,4.979913234710693,4.970005035400391,0.012705608271062374,0.8637295961380005,0.000125,9891.580375432968
5954,39,102,757438,128,3.829519510269165,3.8199939727783203,0.010173073038458824,0.8508233428001404,0.000125,9892.945999145508
5955,39,103,757566,128,4.6254143714904785,4.614778995513916,0.011951168067753315,0.944064199924469,0.000125,9894.324213027954
5956,39,104,757694,128,4.618697166442871,4.608358860015869,0.013969818130135536,0.8941136002540588,0.000125,9895.749616384506
5957,39,105,757822,128,3.7981481552124023,3.7875914573669434,0.011458843015134335,0.9410803318023682,0.000125,9897.13377904892
5958,39,106,757950,128,4.744452476501465,4.734625816345215,0.015237129293382168,0.830311119556427,0.000125,9898.554828166962
5959,39,107,758078,128,3.432931661605835,3.422307252883911,0.011666499078273773,0.9457888007164001,0.000125,9899.961084365845
5960,39,108,758206,128,4.435721397399902,4.425957679748535,0.011456022039055824,0.8617966771125793,0.000125,9901.362874984741
5961,39,109,758334,128,3.7202112674713135,3.7107489109039307,0.011320123448967934,0.8330435156822205,0.000125,9902.72267127037
5962,39,110,758462,128,5.025096893310547,5.015698432922363,0.01480389665812254,0.791769802570343,0.000125,9904.120513916016
5963,39,111,758590,128,2.892534017562866,2.881481170654297,0.010255246423184872,1.0027480125427246,0.000125,9905.515542507172
5964,39,112,758718,128,3.074291467666626,3.0639185905456543,0.011275512166321278,0.9245352745056152,0.000125,9906.885369300842
5965,39,113,758846,128,3.8444197177886963,3.83455491065979,0.01073447335511446,0.8791562914848328,0.000125,9908.271450281143
5966,39,114,758974,128,5.95358419418335,5.943026542663574,0.016411829739809036,0.8916303515434265,0.000125,9909.677255392075
5967,39,115,759102,128,2.8136301040649414,2.8035240173339844,0.01012800820171833,0.9093232154846191,0.000125,9911.074989795685
5968,39,116,759230,128,4.252363681793213,4.241387844085693,0.013272217474877834,0.9648919701576233,0.000125,9912.470415592194
5969,39,117,759358,128,4.253791809082031,4.243499279022217,0.014349504373967648,0.885796070098877,0.000125,9913.847234725952
5970,39,118,759486,128,4.618683338165283,4.607978820800781,0.015367499552667141,0.9167783856391907,0.000125,9915.255587816238
5971,39,119,759614,128,4.883602142333984,4.873626232147217,0.01519752573221922,0.8456209301948547,0.000125,9916.626825094223
5972,39,120,759742,128,4.049072742462158,4.039514541625977,0.010996922850608826,0.8458766937255859,0.000125,9918.01844406128
5973,39,121,759870,128,4.250307559967041,4.240246295928955,0.011504799127578735,0.8910669684410095,0.000125,9919.38655757904
5974,39,122,759998,128,4.3601765632629395,4.3497209548950195,0.016972551122307777,0.8758388161659241,0.000125,9920.794657468796
5975,39,123,760126,128,5.48325252532959,5.472485542297363,0.01394497137516737,0.937272310256958,0.000125,9922.214023828506
5976,39,124,760254,128,4.233831882476807,4.224234104156494,0.01568206213414669,0.8029266595840454,0.000125,9923.587707519531
5977,39,125,760382,128,4.654619216918945,4.645396709442139,0.01400835532695055,0.782175600528717,0.000125,9924.965982198715
5978,39,126,760510,128,4.293881416320801,4.2852888107299805,0.011888738721609116,0.7403870820999146,0.000125,9926.371782064438
5979,39,127,760638,128,4.40800142288208,4.397378444671631,0.014304506592452526,0.9192454814910889,0.000125,9927.766135692596
5980,39,128,760766,128,4.2912397384643555,4.280568599700928,0.014929435215890408,0.9178295731544495,0.000125,9929.142470359802
5981,39,129,760894,128,3.237642526626587,3.227881669998169,0.010839099995791912,0.8676976561546326,0.000125,9930.551987171173
5982,39,130,761022,128,5.554267406463623,5.5428667068481445,0.015451240353286266,0.9855868816375732,0.000125,9931.940511465073
5983,39,131,761150,128,4.666975498199463,4.65606164932251,0.021233530715107918,0.87903892993927,0.000125,9933.329297065735
5984,39,132,761278,128,3.8900504112243652,3.880295753479004,0.014311106875538826,0.8323455452919006,0.000125,9934.72060585022
5985,39,133,761406,128,4.3882737159729,4.378617286682129,0.014093887992203236,0.8246736526489258,0.000125,9936.151189804077
5986,39,134,761534,128,3.356410026550293,3.345250129699707,0.01575866900384426,0.9583889842033386,0.000125,9937.552608251572
5987,39,135,761662,128,3.717148780822754,3.7057642936706543,0.009749691002070904,1.040968894958496,0.000125,9938.943613767624
5988,39,136,761790,128,4.5843424797058105,4.5748443603515625,0.012406020425260067,0.8257466554641724,0.000125,9940.359950304031
5989,39,137,761918,128,4.898913383483887,4.887993812561035,0.014245271682739258,0.949503481388092,0.000125,9941.7421605587
5990,39,138,762046,128,4.318192481994629,4.307389259338379,0.013917348347604275,0.9411402940750122,0.000125,9943.148511648178
5991,39,139,762174,128,6.27361536026001,6.263420581817627,0.014951574616134167,0.8699439167976379,0.000125,9944.542238235474
5992,39,140,762302,128,6.2321882247924805,6.221136093139648,0.014849296770989895,0.9567269086837769,0.000125,9945.954426527023
5993,39,141,762430,128,4.024730682373047,4.014374732971191,0.0137679073959589,0.8979399800300598,0.000125,9947.35998415947
5994,39,142,762558,128,3.0882208347320557,3.0768258571624756,0.01024751365184784,1.037035584449768,0.000125,9948.766078710556
5995,39,143,762686,128,3.6330158710479736,3.6229162216186523,0.016511589288711548,0.8448519110679626,0.000125,9950.15303683281
5996,39,144,762814,128,4.973465442657471,4.964346408843994,0.014981064014136791,0.7620885372161865,0.000125,9951.553682804108
5997,39,145,762942,128,3.4061646461486816,3.3968393802642822,0.010275248438119888,0.8297687768936157,0.000125,9952.968554258347
5998,39,146,763070,128,4.614658832550049,4.605740547180176,0.011989652179181576,0.7719298601150513,0.000125,9954.403795957565
5999,39,147,763198,128,4.363752841949463,4.3538641929626465,0.015034510754048824,0.8385143876075745,0.000125,9955.81576704979
6000,39,148,763326,128,4.6467413902282715,4.635761260986328,0.01199093647301197,0.9780937433242798,0.000125,9957.240395784378
6001,39,149,763454,128,4.561845779418945,4.551400184631348,0.011399594135582447,0.9305503368377686,0.000125,9958.687634468079
6002,39,150,763582,128,3.9263341426849365,3.9157373905181885,0.01021144725382328,0.9575530886650085,0.000125,9960.109056472778
6003,39,151,763710,128,7.38507080078125,7.374182224273682,0.017728323116898537,0.9115580916404724,0.000125,9961.508495807648
6004,39,152,763838,128,5.701363563537598,5.691852569580078,0.016531378030776978,0.7857946157455444,0.000125,9962.934138298035
6005,39,153,763966,128,3.240429162979126,3.229673147201538,0.010312053374946117,0.9724807739257812,0.000125,9964.358471870422
6006,39,154,763971,5,2.7704975605010986,2.7570769786834717,0.006981516722589731,1.2722563743591309,0.000125,9964.626660823822
6007,40,1,764099,128,3.949047803878784,3.938258171081543,0.015552559867501259,0.9234499335289001,0.000125,10011.437592506409
6008,40,2,764227,128,4.287454128265381,4.276377201080322,0.015467474237084389,0.9530052542686462,0.000125,10012.797319412231
6009,40,3,764355,128,4.683359146118164,4.6726226806640625,0.013612009584903717,0.9375125765800476,0.000125,10014.177985191345
6010,40,4,764483,128,4.740086555480957,4.728618621826172,0.01693742349743843,0.977404773235321,0.000125,10015.640606164932
6011,40,5,764611,128,4.080320358276367,4.069169998168945,0.012407287955284119,0.9909684658050537,0.000125,10017.075466156006
6012,40,6,764739,128,3.287445545196533,3.2755126953125,0.0133052421733737,1.0602238178253174,0.000125,10018.47083234787
6013,40,7,764867,128,5.7826828956604,5.771522045135498,0.01465541310608387,0.969536542892456,0.000125,10019.829112052917
6014,40,8,764995,128,3.804922103881836,3.7936456203460693,0.015020239166915417,0.977446436882019,0.000125,10021.161483287811
6015,40,9,765123,128,3.999884843826294,3.9901726245880127,0.011438812129199505,0.8568254113197327,0.000125,10022.51278758049
6016,40,10,765251,128,4.172302722930908,4.16171932220459,0.013029562309384346,0.9280543327331543,0.000125,10023.867990255356
6017,40,11,765379,128,3.625765085220337,3.6142265796661377,0.011929447762668133,1.034550666809082,0.000125,10025.246796369553
6018,40,12,765507,128,5.14983606338501,5.14016056060791,0.014267546124756336,0.8248990178108215,0.000125,10026.612998008728
6019,40,13,765635,128,3.5232367515563965,3.5134098529815674,0.0106787895783782,0.8759141564369202,0.000125,10027.958041906357
6020,40,14,765763,128,6.127936363220215,6.117922306060791,0.013619664125144482,0.8652414083480835,0.000125,10029.322144985199
6021,40,15,765891,128,3.9326117038726807,3.922816514968872,0.012062768451869488,0.8588999509811401,0.000125,10030.680969715118
6022,40,16,766019,128,5.456270217895508,5.445760726928711,0.010934456251561642,0.9415879845619202,0.000125,10032.047738552094
6023,40,17,766147,128,4.287757396697998,4.276791095733643,0.015985725447535515,0.9368155598640442,0.000125,10033.417661428452
6024,40,18,766275,128,4.054946422576904,4.044894695281982,0.013805787079036236,0.867138147354126,0.000125,10034.797423362732
6025,40,19,766403,128,3.9337539672851562,3.9231905937194824,0.013616673648357391,0.9201867580413818,0.000125,10036.176017999649
6026,40,20,766531,128,4.139237403869629,4.129048824310303,0.015159212052822113,0.8672696948051453,0.000125,10037.550769090652
6027,40,21,766659,128,5.213524341583252,5.202455043792725,0.019266251474618912,0.9142913818359375,0.000125,10038.918553829193
6028,40,22,766787,128,3.237619638442993,3.2263593673706055,0.010165018029510975,1.0243595838546753,0.000125,10040.293236732483
6029,40,23,766915,128,4.6664886474609375,4.6552629470825195,0.013305768370628357,0.9895448684692383,0.000125,10041.654511213303
6030,40,24,767043,128,3.810086727142334,3.7992799282073975,0.011019853875041008,0.9704728126525879,0.000125,10043.013179779053
6031,40,25,767171,128,4.335874080657959,4.326260089874268,0.011243931949138641,0.8489523530006409,0.000125,10044.36610364914
6032,40,26,767299,128,3.9204721450805664,3.9091851711273193,0.012164982967078686,1.0070453882217407,0.000125,10045.703534126282
6033,40,27,767427,128,3.1911840438842773,3.1798017024993896,0.011320425197482109,1.025040626525879,0.000125,10047.07417011261
6034,40,28,767555,128,3.710907459259033,3.6999361515045166,0.011482646688818932,0.9823004007339478,0.000125,10048.448366641998
6035,40,29,767683,128,4.734755516052246,4.724715232849121,0.014181244187057018,0.86220782995224,0.000125,10049.820669651031
6036,40,30,767811,128,3.6042916774749756,3.5945940017700195,0.010596520267426968,0.8637845516204834,0.000125,10051.194023132324
6037,40,31,767939,128,2.73624587059021,2.725696563720703,0.009237966500222683,0.9625347852706909,0.000125,10052.595594644547
6038,40,32,768067,128,5.632797718048096,5.623866081237793,0.015274467878043652,0.7404440641403198,0.000125,10053.971675634384
6039,40,33,768195,128,3.971672773361206,3.960649013519287,0.014235350303351879,0.9600062370300293,0.000125,10055.328875303268
6040,40,34,768323,128,4.2353386878967285,4.223597049713135,0.01106185745447874,1.063559889793396,0.000125,10056.69646024704
6041,40,35,768451,128,4.022799491882324,4.013169288635254,0.012592530809342861,0.8371026515960693,0.000125,10058.062316656113
6042,40,36,768579,128,2.803631544113159,2.7931690216064453,0.012928283773362637,0.9169577360153198,0.000125,10059.4291472435
6043,40,37,768707,128,3.7711589336395264,3.760943651199341,0.013139523565769196,0.8901315331459045,0.000125,10060.810211658478
6044,40,38,768835,128,4.933256149291992,4.922999382019043,0.012171660549938679,0.9039203524589539,0.000125,10062.20785355568
6045,40,39,768963,128,4.861642837524414,4.851805686950684,0.017992986366152763,0.8038252592086792,0.000125,10063.567816734314
6046,40,40,769091,128,4.346354961395264,4.336989402770996,0.014113797806203365,0.7954196929931641,0.000125,10064.92775297165
6047,40,41,769219,128,2.8953757286071777,2.8839879035949707,0.01571824960410595,0.981595516204834,0.000125,10066.30505824089
6048,40,42,769347,128,3.77842116355896,3.768284320831299,0.011164776980876923,0.9020422697067261,0.000125,10067.698048591614
6049,40,43,769475,128,4.586343765258789,4.575451850891113,0.010491582565009594,0.9842759370803833,0.000125,10069.076850652695
6050,40,44,769603,128,4.840238094329834,4.829375267028809,0.014018765650689602,0.9460971355438232,0.000125,10070.459193229675
6051,40,45,769731,128,5.080325126647949,5.069361686706543,0.01506896037608385,0.9456619620323181,0.000125,10071.84895324707
6052,40,46,769859,128,3.4812324047088623,3.470557689666748,0.012144486419856548,0.9460194110870361,0.000125,10073.222094774246
6053,40,47,769987,128,4.344780921936035,4.335068225860596,0.013655346818268299,0.8347019553184509,0.000125,10074.589309692383
6054,40,48,770115,128,4.204466819763184,4.19435453414917,0.014573243446648121,0.865513265132904,0.000125,10075.997261047363
6055,40,49,770243,128,5.885959148406982,5.876819610595703,0.015170419588685036,0.7622569799423218,0.000125,10077.371805906296
6056,40,50,770371,128,5.1066179275512695,5.095904350280762,0.013416093774139881,0.9371720552444458,0.000125,10078.756425857544
6057,40,51,770499,128,4.486978054046631,4.476940631866455,0.01852497272193432,0.818497359752655,0.000125,10080.147212266922
6058,40,52,770627,128,4.048379421234131,4.03901481628418,0.012681555934250355,0.8096081018447876,0.000125,10081.508077383041
6059,40,53,770755,128,5.110158443450928,5.099494934082031,0.014991938136518002,0.9164365530014038,0.000125,10082.930692195892
6060,40,54,770883,128,5.234400749206543,5.224189281463623,0.01370309293270111,0.8840842247009277,0.000125,10084.331977367401
6061,40,55,771011,128,2.9808757305145264,2.970738649368286,0.011589995585381985,0.8978052735328674,0.000125,10085.722872018814
6062,40,56,771139,128,3.69037127494812,3.6806492805480957,0.011770997196435928,0.8544961214065552,0.000125,10087.089310407639
6063,40,57,771267,128,4.215739727020264,4.205076217651367,0.012692078948020935,0.9394225478172302,0.000125,10088.447793245316
6064,40,58,771395,128,3.7567837238311768,3.7467589378356934,0.015596005134284496,0.8465380072593689,0.000125,10089.799644708633
6065,40,59,771523,128,4.556053161621094,4.546291828155518,0.012685227207839489,0.8492863774299622,0.000125,10091.155944347382
6066,40,60,771651,128,5.275031089782715,5.26499080657959,0.014523997902870178,0.858792245388031,0.000125,10092.549659252167
6067,40,61,771779,128,3.6784627437591553,3.6692137718200684,0.011956159956753254,0.8053225874900818,0.000125,10093.971363306046
6068,40,62,771907,128,4.0640339851379395,4.053746223449707,0.014109387993812561,0.8876606225967407,0.000125,10095.331647634506
6069,40,63,772035,128,4.494682312011719,4.484075546264648,0.012897999957203865,0.9316970705986023,0.000125,10096.708262681961
6070,40,64,772163,128,4.148410797119141,4.138810157775879,0.014998278580605984,0.8100784420967102,0.000125,10098.116358757019
6071,40,65,772291,128,5.340585231781006,5.329462051391602,0.014375532977283001,0.9685534834861755,0.000125,10099.474878549576
6072,40,66,772419,128,4.4999895095825195,4.490447044372559,0.01415435690432787,0.8127268552780151,0.000125,10100.823815345764
6073,40,67,772547,128,4.079690933227539,4.06860876083374,0.011921189725399017,0.9889855980873108,0.000125,10102.21166419983
6074,40,68,772675,128,5.432046890258789,5.421971797943115,0.020296892151236534,0.8045116662979126,0.000125,10103.590971946716
6075,40,69,772803,128,4.063596725463867,4.052513122558594,0.013995060697197914,0.9684177041053772,0.000125,10104.975124120712
6076,40,70,772931,128,4.295973300933838,4.28562068939209,0.011546420864760876,0.9198384881019592,0.000125,10106.356111764908
6077,40,71,773059,128,3.753103017807007,3.742708683013916,0.015748267993330956,0.8819572925567627,0.000125,10107.728699684143
6078,40,72,773187,128,3.076556444168091,3.066039562225342,0.013368681073188782,0.9180092215538025,0.000125,10109.111752271652
6079,40,73,773315,128,5.110626697540283,5.100330352783203,0.01239546574652195,0.9056380987167358,0.000125,10110.488739013672
6080,40,74,773443,128,4.768111705780029,4.757782936096191,0.013697377406060696,0.8959037065505981,0.000125,10111.872636318207
6081,40,75,773571,128,2.974721908569336,2.9653804302215576,0.01285447645932436,0.8055828809738159,0.000125,10113.23577260971
6082,40,76,773699,128,3.5290586948394775,3.518634796142578,0.014315351843833923,0.899233341217041,0.000125,10114.634482622147
6083,40,77,773827,128,4.161040782928467,4.151512622833252,0.01206064224243164,0.8322072625160217,0.000125,10116.018606424332
6084,40,78,773955,128,4.111157417297363,4.100672245025635,0.01297647412866354,0.9187817573547363,0.000125,10117.39909863472
6085,40,79,774083,128,3.773306131362915,3.762986421585083,0.011031134985387325,0.9216529130935669,0.000125,10118.808884620667
6086,40,80,774211,128,4.673569679260254,4.662995338439941,0.017189403995871544,0.8855578303337097,0.000125,10120.1887216568
6087,40,81,774339,128,4.373388767242432,4.362951755523682,0.012512247078120708,0.918595016002655,0.000125,10121.528250455856
6088,40,82,774467,128,4.424581050872803,4.412919998168945,0.011700873263180256,1.0491046905517578,0.000125,10122.896675109863
6089,40,83,774595,128,4.852588176727295,4.841963768005371,0.01894187740981579,0.8730236291885376,0.000125,10124.267250061035
6090,40,84,774723,128,3.866109609603882,3.8554015159606934,0.011371808126568794,0.9570782780647278,0.000125,10125.632387161255
6091,40,85,774851,128,4.043577194213867,4.032506465911865,0.01254184264689684,0.9816606640815735,0.000125,10127.023442983627
6092,40,86,774979,128,3.8267710208892822,3.8164889812469482,0.01145137194544077,0.9137019515037537,0.000125,10128.400616168976
6093,40,87,775107,128,3.739788293838501,3.7289540767669678,0.015444481745362282,0.9289783835411072,0.000125,10129.775714635849
6094,40,88,775235,128,4.189428806304932,4.179102897644043,0.012394551187753677,0.9086569547653198,0.000125,10131.144986867905
6095,40,89,775363,128,3.7755913734436035,3.765974521636963,0.01136046927422285,0.8480716347694397,0.000125,10132.496987104416
6096,40,90,775491,128,4.198425769805908,4.18813943862915,0.011873445473611355,0.9098962545394897,0.000125,10133.877705574036
6097,40,91,775619,128,3.243978261947632,3.2339656352996826,0.013887298293411732,0.8623881340026855,0.000125,10135.27035665512
6098,40,92,775747,128,6.0250043869018555,6.014678955078125,0.015152980573475361,0.8810103535652161,0.000125,10136.656929016113
6099,40,93,775875,128,2.856921672821045,2.846055746078491,0.01242253091186285,0.9623757600784302,0.000125,10138.037525892258
6100,40,94,776003,128,4.002692699432373,3.9926302433013916,0.013662236742675304,0.869642436504364,0.000125,10139.39480638504
6101,40,95,776131,128,4.45181131362915,4.44190788269043,0.015900347381830215,0.8313213586807251,0.000125,10140.764325857162
6102,40,96,776259,128,4.392437934875488,4.382946014404297,0.014340996742248535,0.80573570728302,0.000125,10142.14563703537
6103,40,97,776387,128,3.7528414726257324,3.7435057163238525,0.012367489747703075,0.8099104166030884,0.000125,10143.530724287033
6104,40,98,776515,128,3.7382009029388428,3.7272753715515137,0.014302769675850868,0.9495205283164978,0.000125,10144.888521432877
6105,40,99,776643,128,4.406286716461182,4.394786357879639,0.013738878071308136,1.0126628875732422,0.000125,10146.279955625534
6106,40,100,776771,128,3.9305827617645264,3.9199283123016357,0.012509900145232677,0.9403525590896606,0.000125,10147.690133810043
6107,40,101,776899,128,3.5354080200195312,3.5250754356384277,0.012309342622756958,0.9101589322090149,0.000125,10149.052579164505
6108,40,102,777027,128,3.9238204956054688,3.9137933254241943,0.011937732808291912,0.8833353519439697,0.000125,10150.409606933594
6109,40,103,777155,128,4.943553924560547,4.933135509490967,0.011973045766353607,0.9221057295799255,0.000125,10151.809168815613
6110,40,104,777283,128,4.795639991760254,4.786495685577393,0.014096635393798351,0.7734708786010742,0.000125,10153.181282043457
6111,40,105,777411,128,3.40724515914917,3.396963357925415,0.009663357399404049,0.9315553307533264,0.000125,10154.551134109497
6112,40,106,777539,128,3.707736015319824,3.6972763538360596,0.01553852017968893,0.890595018863678,0.000125,10155.935912132263
6113,40,107,777667,128,4.855609893798828,4.846519947052002,0.015166642144322395,0.7572913765907288,0.000125,10157.301575183868
6114,40,108,777795,128,3.9204494953155518,3.9102444648742676,0.013111143372952938,0.8893957138061523,0.000125,10158.675875425339
6115,40,109,777923,128,4.002369403839111,3.992246389389038,0.014519318006932735,0.8670929670333862,0.000125,10160.058521986008
6116,40,110,778051,128,5.183066368103027,5.17315149307251,0.014844466932117939,0.8430513143539429,0.000125,10161.454528331757
6117,40,111,778179,128,5.02225399017334,5.012082099914551,0.014314320869743824,0.8740297555923462,0.000125,10162.843783140182
6118,40,112,778307,128,4.414882183074951,4.404660224914551,0.015793902799487114,0.8642448782920837,0.000125,10164.218971729279
6119,40,113,778435,128,4.179479122161865,4.168750286102295,0.013678990304470062,0.936101496219635,0.000125,10165.626163482666
6120,40,114,778563,128,4.317305088043213,4.306040287017822,0.012806651182472706,0.9984029531478882,0.000125,10167.033329486847
6121,40,115,778691,128,3.8756866455078125,3.8653149604797363,0.01186238881200552,0.918552041053772,0.000125,10168.45090341568
6122,40,116,778819,128,4.071486949920654,4.061262607574463,0.014703807421028614,0.8753706812858582,0.000125,10169.836024045944
6123,40,117,778947,128,5.267673492431641,5.257924556732178,0.012231586501002312,0.8525822758674622,0.000125,10171.19367980957
6124,40,118,779075,128,3.6573429107666016,3.6475021839141846,0.011417172849178314,0.869890034198761,0.000125,10172.567193984985
6125,40,119,779203,128,3.2462973594665527,3.236724853515625,0.009793994016945362,0.8593162894248962,0.000125,10173.944827079773
6126,40,120,779331,128,3.565459966659546,3.5562901496887207,0.012448906898498535,0.7924945950508118,0.000125,10175.323380231857
6127,40,121,779459,128,4.770475387573242,4.760889053344727,0.013395157642662525,0.8247057199478149,0.000125,10176.702719688416
6128,40,122,779587,128,4.551265716552734,4.541299343109131,0.012539860792458057,0.871229887008667,0.000125,10178.11258649826
6129,40,123,779715,128,5.378542423248291,5.368111610412598,0.012218655087053776,0.9209151864051819,0.000125,10179.487484455109
6130,40,124,779843,128,3.826087713241577,3.814783811569214,0.011371178552508354,1.0166804790496826,0.000125,10180.871192216873
6131,40,125,779971,128,4.227394104003906,4.2177886962890625,0.013827629387378693,0.8222447633743286,0.000125,10182.284220695496
6132,40,126,780099,128,4.864086151123047,4.854359149932861,0.012919329106807709,0.8435477614402771,0.000125,10183.684124708176
6133,40,127,780227,128,5.239706993103027,5.229422092437744,0.013991201296448708,0.8885858654975891,0.000125,10185.071384429932
6134,40,128,780355,128,3.626026153564453,3.6161789894104004,0.014384719543159008,0.8408719301223755,0.000125,10186.512062549591
6135,40,129,780483,128,4.573153018951416,4.562246799468994,0.0171880554407835,0.9187139272689819,0.000125,10187.904108047485
6136,40,130,780611,128,4.522252559661865,4.512356281280518,0.01485377550125122,0.8410853147506714,0.000125,10189.30513548851
6137,40,131,780739,128,4.935729026794434,4.926057815551758,0.015546825714409351,0.8116939663887024,0.000125,10190.689857721329
6138,40,132,780867,128,4.906795024871826,4.896193981170654,0.013596153818070889,0.9241734743118286,0.000125,10192.08570599556
6139,40,133,780995,128,4.073136806488037,4.062417507171631,0.011732085607945919,0.9546282887458801,0.000125,10193.486275434494
6140,40,134,781123,128,5.1503448486328125,5.140280723571777,0.013357198797166348,0.8728482127189636,0.000125,10194.882359027863
6141,40,135,781251,128,5.258452415466309,5.246706962585449,0.01685282401740551,1.0060242414474487,0.000125,10196.288869380951
6142,40,136,781379,128,4.237077713012695,4.226412773132324,0.014357767067849636,0.9229264855384827,0.000125,10197.690560817719
6143,40,137,781507,128,4.282834053039551,4.27297830581665,0.015047702006995678,0.8350989818572998,0.000125,10199.086688041687
6144,40,138,781635,128,4.42806339263916,4.417875289916992,0.014537611976265907,0.8734452128410339,0.000125,10200.471452236176
6145,40,139,781763,128,4.80499792098999,4.794312000274658,0.017705315724015236,0.8915476202964783,0.000125,10201.864764928818
6146,40,140,781891,128,5.357836723327637,5.348101615905762,0.018720870837569237,0.7862875461578369,0.000125,10203.227467536926
6147,40,141,782019,128,3.7056405544281006,3.6950790882110596,0.017668118700385094,0.8794490694999695,0.000125,10204.614337682724
6148,40,142,782147,128,4.478288173675537,4.468714714050293,0.016520339995622635,0.7921234369277954,0.000125,10205.97303700447
6149,40,143,782275,128,3.2806761264801025,3.26814341545105,0.011264504864811897,1.1406124830245972,0.000125,10207.325988054276
6150,40,144,782403,128,3.4212350845336914,3.4107439517974854,0.009272954426705837,0.9563876390457153,0.000125,10208.694316148758
6151,40,145,782531,128,3.9941959381103516,3.9836678504943848,0.015894558280706406,0.8938537240028381,0.000125,10210.077779054642
6152,40,146,782659,128,3.702103614807129,3.6921446323394775,0.010907228104770184,0.8868249654769897,0.000125,10211.485261678696
6153,40,147,782787,128,3.701331377029419,3.691225528717041,0.012732245028018951,0.8832634687423706,0.000125,10212.859565019608
6154,40,148,782915,128,4.02187442779541,4.0116448402404785,0.015170442871749401,0.8712945580482483,0.000125,10214.249678373337
6155,40,149,783043,128,4.458323955535889,4.448102951049805,0.012833935208618641,0.8937917947769165,0.000125,10215.631022930145
6156,40,150,783171,128,4.228918552398682,4.218310832977295,0.01087492797523737,0.9520172476768494,0.000125,10217.045120477676
6157,40,151,783299,128,3.9681506156921387,3.9586222171783447,0.012502607889473438,0.8278070688247681,0.000125,10218.439110040665
6158,40,152,783427,128,3.2051825523376465,3.1953039169311523,0.009898403659462929,0.888872504234314,0.000125,10219.849818468094
6159,40,153,783555,128,4.1730451583862305,4.162900447845459,0.011051907204091549,0.9039318561553955,0.000125,10221.28668475151
6160,40,154,783560,5,0.9797642827033997,0.9653316736221313,0.0019146099220961332,1.4241178035736084,0.000125,10221.626811265945
