global_step,epoch,batch,samples_seen,batch_size,train_loss,state_loss,control_loss,lr,elapsed_sec
1,1,1,128,128,6.387853145599365,6.387853145599365,1.309505820274353,0.001,0.019382238388061523
2,1,2,256,128,6.5597076416015625,6.5597076416015625,0.9556351900100708,0.001,0.03681206703186035
3,1,3,384,128,6.659734725952148,6.659734725952148,1.0769891738891602,0.001,0.054015159606933594
4,1,4,512,128,7.305198669433594,7.305198669433594,1.094632625579834,0.001,0.07172584533691406
5,1,5,640,128,6.902734279632568,6.902734279632568,1.1763670444488525,0.001,0.08889269828796387
6,1,6,768,128,5.898885250091553,5.898885250091553,1.0125372409820557,0.001,0.10800957679748535
7,1,7,896,128,6.300893306732178,6.300893306732178,0.9402055144309998,0.001,0.125715970993042
8,1,8,1024,128,6.031142234802246,6.031142234802246,1.1433173418045044,0.001,0.14341473579406738
9,1,9,1152,128,6.283561706542969,6.283561706542969,0.9060561060905457,0.001,0.1607658863067627
10,1,10,1280,128,5.762147903442383,5.762147903442383,0.8332924842834473,0.001,0.17800211906433105
11,1,11,1408,128,6.166811466217041,6.166811466217041,1.1741573810577393,0.001,0.19524574279785156
12,1,12,1536,128,5.947405815124512,5.947405815124512,1.05989670753479,0.001,0.21288609504699707
13,1,13,1664,128,5.978529930114746,5.978529930114746,0.9471304416656494,0.001,0.23067879676818848
14,1,14,1792,128,5.2176995277404785,5.2176995277404785,0.9148843884468079,0.001,0.2481703758239746
15,1,15,1920,128,5.6780290603637695,5.6780290603637695,1.2740740776062012,0.001,0.2653226852416992
16,1,16,2048,128,5.067183494567871,5.067183494567871,1.2844871282577515,0.001,0.2827591896057129
17,1,17,2176,128,5.522180080413818,5.522180080413818,1.1955326795578003,0.001,0.3000361919403076
18,1,18,2304,128,4.957913875579834,4.957913875579834,1.0618956089019775,0.001,0.317202091217041
19,1,19,2432,128,5.770758152008057,5.770758152008057,1.0756394863128662,0.001,0.33451128005981445
20,1,20,2560,128,3.9063549041748047,3.9063549041748047,0.9608446359634399,0.001,0.3521554470062256
21,1,21,2688,128,5.379672527313232,5.379672527313232,0.9387266039848328,0.001,0.3706083297729492
22,1,22,2816,128,5.136423110961914,5.136423110961914,0.8178489804267883,0.001,0.38770580291748047
23,1,23,2944,128,5.331075191497803,5.331075191497803,1.0709222555160522,0.001,0.4051835536956787
24,1,24,3072,128,5.216133117675781,5.216133117675781,0.8074361085891724,0.001,0.4223666191101074
25,1,25,3200,128,5.162531852722168,5.162531852722168,1.298108458518982,0.001,0.4397621154785156
26,1,26,3328,128,4.720104217529297,4.720104217529297,0.8324881196022034,0.001,0.45708560943603516
27,1,27,3456,128,4.518146991729736,4.518146991729736,1.0598912239074707,0.001,0.4750232696533203
28,1,28,3584,128,4.794407367706299,4.794407367706299,1.1020783185958862,0.001,0.4924910068511963
29,1,29,3712,128,4.3356218338012695,4.3356218338012695,1.388960599899292,0.001,0.5097277164459229
30,1,30,3840,128,4.652041435241699,4.652041435241699,1.2302498817443848,0.001,0.5272910594940186
31,1,31,3968,128,4.147941589355469,4.147941589355469,1.100616693496704,0.001,0.5452895164489746
32,1,32,4096,128,4.051732540130615,4.051732540130615,1.1718369722366333,0.001,0.5626800060272217
33,1,33,4224,128,4.689298152923584,4.689298152923584,0.9288780093193054,0.001,0.5799212455749512
34,1,34,4352,128,3.7302753925323486,3.7302753925323486,1.0660918951034546,0.001,0.5969462394714355
35,1,35,4480,128,4.7537360191345215,4.7537360191345215,1.001681923866272,0.001,0.6147325038909912
36,1,36,4608,128,3.974339485168457,3.974339485168457,1.0569723844528198,0.001,0.6321651935577393
37,1,37,4736,128,4.229067325592041,4.229067325592041,1.117979884147644,0.001,0.6496388912200928
38,1,38,4864,128,3.795074462890625,3.795074462890625,1.1303459405899048,0.001,0.6665923595428467
39,1,39,4992,128,4.28357458114624,4.28357458114624,1.1500431299209595,0.001,0.6839663982391357
40,1,40,5120,128,3.9546725749969482,3.9546725749969482,1.264796257019043,0.001,0.7010877132415771
41,1,41,5248,128,4.064357280731201,4.064357280731201,1.5613707304000854,0.001,0.7182900905609131
42,1,42,5376,128,3.734736919403076,3.734736919403076,0.9518762230873108,0.001,0.7355215549468994
43,1,43,5504,128,3.6509251594543457,3.6509251594543457,0.8335109949111938,0.001,0.7527909278869629
44,1,44,5632,128,4.130239009857178,4.130239009857178,1.2309069633483887,0.001,0.7699060440063477
45,1,45,5760,128,3.8976969718933105,3.8976969718933105,1.0241336822509766,0.001,0.7869610786437988
46,1,46,5888,128,3.620986223220825,3.620986223220825,0.953576385974884,0.001,0.8045098781585693
47,1,47,6016,128,3.868259906768799,3.868259906768799,0.9195517301559448,0.001,0.8216416835784912
48,1,48,6144,128,3.501505136489868,3.501505136489868,1.088998794555664,0.001,0.838515043258667
49,1,49,6272,128,4.08217716217041,4.08217716217041,1.3303394317626953,0.001,0.8554692268371582
50,1,50,6400,128,3.8631463050842285,3.8631463050842285,1.38345205783844,0.001,0.8728408813476562
51,1,51,6528,128,4.450517654418945,4.450517654418945,1.2700423002243042,0.001,0.8900175094604492
52,1,52,6656,128,3.677877187728882,3.677877187728882,1.105823040008545,0.001,0.9073152542114258
53,1,53,6784,128,3.921903610229492,3.921903610229492,1.0874584913253784,0.001,0.9245026111602783
54,1,54,6912,128,3.5853190422058105,3.5853190422058105,1.2766931056976318,0.001,0.9421563148498535
55,1,55,7040,128,3.7326977252960205,3.7326977252960205,1.034538984298706,0.001,0.9594793319702148
56,1,56,7168,128,3.624302625656128,3.624302625656128,1.024253010749817,0.001,0.9765927791595459
57,1,57,7296,128,3.7360081672668457,3.7360081672668457,1.4095172882080078,0.001,0.9937772750854492
58,1,58,7424,128,3.4203240871429443,3.4203240871429443,1.2752941846847534,0.001,1.0112922191619873
59,1,59,7552,128,3.648205518722534,3.648205518722534,0.86741042137146,0.001,1.0285193920135498
60,1,60,7680,128,3.629276752471924,3.629276752471924,1.3103654384613037,0.001,1.0456297397613525
61,1,61,7808,128,3.6713616847991943,3.6713616847991943,1.0472923517227173,0.001,1.062978744506836
62,1,62,7936,128,3.1798014640808105,3.1798014640808105,0.8695150017738342,0.001,1.0805482864379883
63,1,63,8064,128,3.5121519565582275,3.5121519565582275,1.0015684366226196,0.001,1.0975100994110107
64,1,64,8192,128,3.2437493801116943,3.2437493801116943,1.0163532495498657,0.001,1.1144039630889893
65,1,65,8320,128,3.4933059215545654,3.4933059215545654,0.9546046257019043,0.001,1.1313321590423584
66,1,66,8448,128,3.504781723022461,3.504781723022461,1.0660192966461182,0.001,1.1487305164337158
67,1,67,8576,128,3.9686219692230225,3.9686219692230225,1.4887890815734863,0.001,1.1662366390228271
68,1,68,8704,128,3.1884758472442627,3.1884758472442627,1.112970232963562,0.001,1.1833770275115967
69,1,69,8832,128,3.9951531887054443,3.9951531887054443,1.066273808479309,0.001,1.2004749774932861
70,1,70,8960,128,3.3706846237182617,3.3706846237182617,1.3775023221969604,0.001,1.2180650234222412
71,1,71,9088,128,3.663057804107666,3.663057804107666,1.5092976093292236,0.001,1.2351813316345215
72,1,72,9216,128,3.276732921600342,3.276732921600342,0.955240786075592,0.001,1.2524807453155518
73,1,73,9344,128,2.966312885284424,2.966312885284424,0.92948979139328,0.001,1.2696795463562012
74,1,74,9472,128,3.4934310913085938,3.4934310913085938,0.8943613767623901,0.001,1.2867560386657715
75,1,75,9600,128,3.516730546951294,3.516730546951294,1.1638119220733643,0.001,1.3038532733917236
76,1,76,9728,128,3.4218432903289795,3.4218432903289795,0.7641080617904663,0.001,1.3211815357208252
77,1,77,9856,128,3.2394702434539795,3.2394702434539795,1.5103271007537842,0.001,1.3383784294128418
78,1,78,9984,128,3.030766487121582,3.030766487121582,0.9305652976036072,0.001,1.3555881977081299
79,1,79,10112,128,3.4598867893218994,3.4598867893218994,1.058454990386963,0.001,1.3726797103881836
80,1,80,10240,128,2.942312479019165,2.942312479019165,0.853565514087677,0.001,1.3898909091949463
81,1,81,10368,128,3.3248391151428223,3.3248391151428223,1.031049370765686,0.001,1.4073429107666016
82,1,82,10496,128,2.877523183822632,2.877523183822632,1.0270189046859741,0.001,1.4245946407318115
83,1,83,10624,128,3.5090746879577637,3.5090746879577637,0.9444897770881653,0.001,1.441610336303711
84,1,84,10752,128,2.966498851776123,2.966498851776123,1.4793586730957031,0.001,1.4588520526885986
85,1,85,10880,128,3.130815267562866,3.130815267562866,1.0150301456451416,0.001,1.4764726161956787
86,1,86,11008,128,3.567556142807007,3.567556142807007,1.3086568117141724,0.001,1.4936718940734863
87,1,87,11136,128,3.1565136909484863,3.1565136909484863,0.9654623866081238,0.001,1.5109007358551025
88,1,88,11264,128,3.0944533348083496,3.0944533348083496,1.4422129392623901,0.001,1.5282089710235596
89,1,89,11392,128,3.162036418914795,3.162036418914795,1.372221827507019,0.001,1.5455873012542725
90,1,90,11520,128,3.169116735458374,3.169116735458374,1.2464195489883423,0.001,1.5628976821899414
91,1,91,11648,128,2.99442720413208,2.99442720413208,1.149633765220642,0.001,1.5800917148590088
92,1,92,11776,128,2.5445797443389893,2.5445797443389893,0.9578180909156799,0.001,1.5971300601959229
93,1,93,11904,128,2.751737117767334,2.751737117767334,1.0105130672454834,0.001,1.6146798133850098
94,1,94,12032,128,2.784179210662842,2.784179210662842,0.9809542298316956,0.001,1.6317389011383057
95,1,95,12160,128,3.149759531021118,3.149759531021118,1.2897591590881348,0.001,1.6488943099975586
96,1,96,12288,128,2.4927010536193848,2.4927010536193848,1.1874579191207886,0.001,1.6659886837005615
97,1,97,12416,128,2.5867137908935547,2.5867137908935547,1.3372292518615723,0.001,1.6840825080871582
98,1,98,12544,128,2.6748504638671875,2.6748504638671875,0.8146864175796509,0.001,1.7012178897857666
99,1,99,12672,128,2.4163601398468018,2.4163601398468018,1.0452393293380737,0.001,1.7182738780975342
100,1,100,12800,128,2.3178274631500244,2.3178274631500244,1.3724420070648193,0.001,1.735292673110962
101,1,101,12928,128,2.6550276279449463,2.6550276279449463,1.2056138515472412,0.001,1.7528049945831299
102,1,102,13056,128,2.6360409259796143,2.6360409259796143,1.0141886472702026,0.001,1.7699239253997803
103,1,103,13184,128,2.5626542568206787,2.5626542568206787,0.8781453371047974,0.001,1.7869055271148682
104,1,104,13312,128,2.458235025405884,2.458235025405884,1.6017869710922241,0.001,1.8041954040527344
105,1,105,13440,128,3.046971321105957,3.046971321105957,0.9647451043128967,0.001,1.8214244842529297
106,1,106,13568,128,2.766453504562378,2.766453504562378,1.2973220348358154,0.001,1.838500738143921
107,1,107,13696,128,2.657998561859131,2.657998561859131,0.987776517868042,0.001,1.855652093887329
108,1,108,13824,128,2.636890172958374,2.636890172958374,0.9507936835289001,0.001,1.8732144832611084
109,1,109,13952,128,2.815715789794922,2.815715789794922,1.1602524518966675,0.001,1.8905673027038574
110,1,110,14080,128,2.719252586364746,2.719252586364746,1.1347545385360718,0.001,1.9079368114471436
111,1,111,14208,128,2.9086437225341797,2.9086437225341797,0.8464874625205994,0.001,1.9249086380004883
112,1,112,14336,128,2.4815938472747803,2.4815938472747803,1.0952537059783936,0.001,1.942533254623413
113,1,113,14464,128,2.385711431503296,2.385711431503296,1.085876703262329,0.001,1.959826946258545
114,1,114,14592,128,2.2869749069213867,2.2869749069213867,1.103641390800476,0.001,1.9768121242523193
115,1,115,14720,128,2.0774803161621094,2.0774803161621094,0.8856366276741028,0.001,1.9940354824066162
116,1,116,14848,128,2.904733896255493,2.904733896255493,1.0548162460327148,0.001,2.011686086654663
117,1,117,14976,128,2.249523162841797,2.249523162841797,0.7615453004837036,0.001,2.028970718383789
118,1,118,15104,128,2.8287506103515625,2.8287506103515625,0.8002655506134033,0.001,2.0462803840637207
119,1,119,15232,128,2.2649080753326416,2.2649080753326416,1.0201553106307983,0.001,2.0637614727020264
120,1,120,15360,128,2.8625688552856445,2.8625688552856445,1.2354769706726074,0.001,2.081439256668091
121,1,121,15488,128,2.2424020767211914,2.2424020767211914,1.3010711669921875,0.001,2.099196195602417
122,1,122,15616,128,2.6589415073394775,2.6589415073394775,1.1313669681549072,0.001,2.116598606109619
123,1,123,15744,128,2.918386220932007,2.918386220932007,0.9016565084457397,0.001,2.1341564655303955
124,1,124,15872,128,2.4667415618896484,2.4667415618896484,1.1409438848495483,0.001,2.151448965072632
125,1,125,16000,128,2.381547212600708,2.381547212600708,0.8085871338844299,0.001,2.1685729026794434
126,1,126,16128,128,2.9258229732513428,2.9258229732513428,0.9990844130516052,0.001,2.185594081878662
127,1,127,16256,128,2.4679040908813477,2.4679040908813477,1.107339859008789,0.001,2.2028276920318604
128,1,128,16384,128,2.359708786010742,2.359708786010742,1.2585031986236572,0.001,2.2204596996307373
129,1,129,16512,128,2.505845069885254,2.505845069885254,1.0392216444015503,0.001,2.2376654148101807
130,1,130,16640,128,2.537252187728882,2.537252187728882,1.260327935218811,0.001,2.254875421524048
131,1,131,16768,128,2.3532023429870605,2.3532023429870605,1.2637780904769897,0.001,2.2720072269439697
132,1,132,16896,128,2.395524740219116,2.395524740219116,0.9535290598869324,0.001,2.2891688346862793
133,1,133,17024,128,2.616919755935669,2.616919755935669,1.1897666454315186,0.001,2.3062632083892822
134,1,134,17152,128,2.0966551303863525,2.0966551303863525,0.9872711300849915,0.001,2.3233683109283447
135,1,135,17280,128,2.4775445461273193,2.4775445461273193,0.8697070479393005,0.001,2.3406479358673096
136,1,136,17408,128,2.4400956630706787,2.4400956630706787,0.9156656861305237,0.001,2.358123540878296
137,1,137,17536,128,2.42655873298645,2.42655873298645,1.218080997467041,0.001,2.375821352005005
138,1,138,17664,128,2.6970744132995605,2.6970744132995605,1.0591357946395874,0.001,2.393437623977661
139,1,139,17792,128,2.0559005737304688,2.0559005737304688,1.0495890378952026,0.001,2.4113235473632812
140,1,140,17920,128,1.9997594356536865,1.9997594356536865,1.2735557556152344,0.001,2.428560972213745
141,1,141,18048,128,2.196953296661377,2.196953296661377,0.9102821946144104,0.001,2.4456472396850586
142,1,142,18176,128,2.582709550857544,2.582709550857544,1.281590461730957,0.001,2.462711811065674
143,1,143,18304,128,2.6375420093536377,2.6375420093536377,0.8350736498832703,0.001,2.4803144931793213
144,1,144,18432,128,1.9052889347076416,1.9052889347076416,0.8083579540252686,0.001,2.4974653720855713
145,1,145,18560,128,2.3977062702178955,2.3977062702178955,1.318945050239563,0.001,2.5144312381744385
146,1,146,18688,128,2.6534934043884277,2.6534934043884277,1.1761584281921387,0.001,2.531437635421753
147,1,147,18816,128,2.549417018890381,2.549417018890381,1.0437052249908447,0.001,2.5488734245300293
148,1,148,18944,128,2.921879291534424,2.921879291534424,1.0606852769851685,0.001,2.5660858154296875
149,1,149,19072,128,2.6252148151397705,2.6252148151397705,0.8119204640388489,0.001,2.5831756591796875
150,1,150,19200,128,2.9138052463531494,2.9138052463531494,1.253946304321289,0.001,2.6002509593963623
151,1,151,19328,128,2.724639892578125,2.724639892578125,1.2555142641067505,0.001,2.617922782897949
152,1,152,19456,128,2.2190957069396973,2.2190957069396973,1.1485888957977295,0.001,2.634943723678589
153,1,153,19584,128,2.505542039871216,2.505542039871216,0.821482241153717,0.001,2.6519575119018555
154,1,154,19589,5,2.4541802406311035,2.4541802406311035,2.1825506687164307,0.001,2.6546199321746826
155,2,1,19717,128,2.1756770610809326,2.1756770610809326,1.0460554361343384,0.001,3.3182201385498047
156,2,2,19845,128,3.1361072063446045,3.1361072063446045,1.2129102945327759,0.001,3.3359923362731934
157,2,3,19973,128,2.608386754989624,2.608386754989624,0.988598644733429,0.001,3.354233741760254
158,2,4,20101,128,2.5426268577575684,2.5426268577575684,1.2311768531799316,0.001,3.3720545768737793
159,2,5,20229,128,2.3345301151275635,2.3345301151275635,0.7144483923912048,0.001,3.3899242877960205
160,2,6,20357,128,2.271820068359375,2.271820068359375,0.9710507392883301,0.001,3.407700538635254
161,2,7,20485,128,2.2104549407958984,2.2104549407958984,0.8453101515769958,0.001,3.425588369369507
162,2,8,20613,128,2.8541574478149414,2.8541574478149414,1.2395621538162231,0.001,3.4448957443237305
163,2,9,20741,128,2.385798692703247,2.385798692703247,0.8850062489509583,0.001,3.4638524055480957
164,2,10,20869,128,2.2540504932403564,2.2540504932403564,0.9652704000473022,0.001,3.481999158859253
165,2,11,20997,128,2.5826001167297363,2.5826001167297363,1.1722322702407837,0.001,3.4998583793640137
166,2,12,21125,128,1.9757577180862427,1.9757577180862427,1.2590712308883667,0.001,3.5194833278656006
167,2,13,21253,128,2.1592166423797607,2.1592166423797607,1.4297207593917847,0.001,3.5408589839935303
168,2,14,21381,128,2.262606143951416,2.262606143951416,0.6925668716430664,0.001,3.558488368988037
169,2,15,21509,128,2.9825384616851807,2.9825384616851807,0.9845318794250488,0.001,3.5760338306427
170,2,16,21637,128,2.226972818374634,2.226972818374634,1.0487911701202393,0.001,3.5937023162841797
171,2,17,21765,128,1.9626826047897339,1.9626826047897339,0.9132843017578125,0.001,3.611502170562744
172,2,18,21893,128,2.5742344856262207,2.5742344856262207,0.8573538661003113,0.001,3.6292810440063477
173,2,19,22021,128,2.3526957035064697,2.3526957035064697,1.5779505968093872,0.001,3.6469619274139404
174,2,20,22149,128,2.10858416557312,2.10858416557312,1.1055816411972046,0.001,3.6645405292510986
175,2,21,22277,128,1.8743336200714111,1.8743336200714111,1.2872650623321533,0.001,3.6826322078704834
176,2,22,22405,128,2.3329825401306152,2.3329825401306152,1.1097524166107178,0.001,3.7000572681427
177,2,23,22533,128,1.9676119089126587,1.9676119089126587,1.5178881883621216,0.001,3.717864990234375
178,2,24,22661,128,2.3295791149139404,2.3295791149139404,1.0569499731063843,0.001,3.73537015914917
179,2,25,22789,128,2.226245164871216,2.226245164871216,0.698626697063446,0.001,3.75358510017395
180,2,26,22917,128,2.1284730434417725,2.1284730434417725,1.3840354681015015,0.001,3.77126407623291
181,2,27,23045,128,2.3158366680145264,2.3158366680145264,1.2519360780715942,0.001,3.7889418601989746
182,2,28,23173,128,2.0023114681243896,2.0023114681243896,0.9630275964736938,0.001,3.8066487312316895
183,2,29,23301,128,1.8676433563232422,1.8676433563232422,0.9803215861320496,0.001,3.824681282043457
184,2,30,23429,128,2.488255023956299,2.488255023956299,1.1212133169174194,0.001,3.842103958129883
185,2,31,23557,128,2.2801504135131836,2.2801504135131836,1.2711832523345947,0.001,3.8598837852478027
186,2,32,23685,128,2.3361949920654297,2.3361949920654297,0.6634004712104797,0.001,3.8778109550476074
187,2,33,23813,128,2.7215073108673096,2.7215073108673096,1.2216304540634155,0.001,3.8962275981903076
188,2,34,23941,128,2.4134345054626465,2.4134345054626465,0.8678929805755615,0.001,3.9141902923583984
189,2,35,24069,128,2.1362712383270264,2.1362712383270264,1.0929982662200928,0.001,3.9318830966949463
190,2,36,24197,128,2.460886240005493,2.460886240005493,1.1007914543151855,0.001,3.9498708248138428
191,2,37,24325,128,1.918994426727295,1.918994426727295,1.2671482563018799,0.001,3.9676196575164795
192,2,38,24453,128,1.911424160003662,1.911424160003662,0.9788040518760681,0.001,3.985260009765625
193,2,39,24581,128,1.70005464553833,1.70005464553833,1.253604531288147,0.001,4.002728223800659
194,2,40,24709,128,2.3597540855407715,2.3597540855407715,0.9835803508758545,0.001,4.02075719833374
195,2,41,24837,128,2.0392110347747803,2.0392110347747803,0.7870984077453613,0.001,4.0381019115448
196,2,42,24965,128,2.1498019695281982,2.1498019695281982,0.849564254283905,0.001,4.055388927459717
197,2,43,25093,128,2.0814714431762695,2.0814714431762695,1.156937837600708,0.001,4.072920083999634
198,2,44,25221,128,2.2228331565856934,2.2228331565856934,0.9913889765739441,0.001,4.090900182723999
199,2,45,25349,128,2.1325745582580566,2.1325745582580566,0.8991876244544983,0.001,4.108282566070557
200,2,46,25477,128,2.3766331672668457,2.3766331672668457,1.1196942329406738,0.001,4.125720500946045
201,2,47,25605,128,2.2744719982147217,2.2744719982147217,1.1527143716812134,0.001,4.143265724182129
202,2,48,25733,128,2.3052985668182373,2.3052985668182373,1.4300309419631958,0.001,4.160580158233643
203,2,49,25861,128,2.1985390186309814,2.1985390186309814,1.9458614587783813,0.001,4.177930116653442
204,2,50,25989,128,2.1746139526367188,2.1746139526367188,0.930886447429657,0.001,4.195254802703857
205,2,51,26117,128,2.0385451316833496,2.0385451316833496,1.1102490425109863,0.001,4.213099479675293
206,2,52,26245,128,2.4799084663391113,2.4799084663391113,1.0132724046707153,0.001,4.230862617492676
207,2,53,26373,128,2.436656951904297,2.436656951904297,1.1181256771087646,0.001,4.2485291957855225
208,2,54,26501,128,1.7372465133666992,1.7372465133666992,1.3239333629608154,0.001,4.265992164611816
209,2,55,26629,128,2.179353952407837,2.179353952407837,0.9078371524810791,0.001,4.284084320068359
210,2,56,26757,128,1.7364025115966797,1.7364025115966797,0.9044949412345886,0.001,4.30150032043457
211,2,57,26885,128,2.466614246368408,2.466614246368408,1.1333527565002441,0.001,4.3191094398498535
212,2,58,27013,128,2.4129462242126465,2.4129462242126465,1.3567479848861694,0.001,4.33660888671875
213,2,59,27141,128,2.3992631435394287,2.3992631435394287,0.8383046388626099,0.001,4.35466194152832
214,2,60,27269,128,2.4122531414031982,2.4122531414031982,1.238443374633789,0.001,4.372380018234253
215,2,61,27397,128,2.011173725128174,2.011173725128174,1.2852962017059326,0.001,4.389878034591675
216,2,62,27525,128,1.8863425254821777,1.8863425254821777,1.003601312637329,0.001,4.407214879989624
217,2,63,27653,128,1.8228907585144043,1.8228907585144043,1.0520349740982056,0.001,4.425097942352295
218,2,64,27781,128,2.136554479598999,2.136554479598999,0.7253482937812805,0.001,4.443029165267944
219,2,65,27909,128,2.1368775367736816,2.1368775367736816,0.9340572357177734,0.001,4.460599899291992
220,2,66,28037,128,2.0915167331695557,2.0915167331695557,1.103169322013855,0.001,4.478186368942261
221,2,67,28165,128,1.7258570194244385,1.7258570194244385,1.221599817276001,0.001,4.495755910873413
222,2,68,28293,128,2.0323402881622314,2.0323402881622314,1.056901454925537,0.001,4.513354539871216
223,2,69,28421,128,1.5950061082839966,1.5950061082839966,1.109820008277893,0.001,4.530804872512817
224,2,70,28549,128,2.513059377670288,2.513059377670288,1.0520609617233276,0.001,4.548631906509399
225,2,71,28677,128,2.1457905769348145,2.1457905769348145,1.1982156038284302,0.001,4.5662453174591064
226,2,72,28805,128,2.0015740394592285,2.0015740394592285,1.4475592374801636,0.001,4.583916902542114
227,2,73,28933,128,2.0436694622039795,2.0436694622039795,1.0525908470153809,0.001,4.6014673709869385
228,2,74,29061,128,2.1776812076568604,2.1776812076568604,1.1012564897537231,0.001,4.61944055557251
229,2,75,29189,128,2.1955056190490723,2.1955056190490723,0.7101196646690369,0.001,4.637028694152832
230,2,76,29317,128,2.060725450515747,2.060725450515747,0.9604250192642212,0.001,4.654510974884033
231,2,77,29445,128,2.626168727874756,2.626168727874756,1.137519121170044,0.001,4.672015190124512
232,2,78,29573,128,1.775993824005127,1.775993824005127,1.0022680759429932,0.001,4.689915180206299
233,2,79,29701,128,1.5042566061019897,1.5042566061019897,0.8061396479606628,0.001,4.707746744155884
234,2,80,29829,128,1.8030599355697632,1.8030599355697632,0.7125669717788696,0.001,4.725021123886108
235,2,81,29957,128,1.6115069389343262,1.6115069389343262,1.3271769285202026,0.001,4.742867946624756
236,2,82,30085,128,1.429360270500183,1.429360270500183,1.3810973167419434,0.001,4.760432720184326
237,2,83,30213,128,2.0138208866119385,2.0138208866119385,1.1541281938552856,0.001,4.7781150341033936
238,2,84,30341,128,1.6766785383224487,1.6766785383224487,1.2044535875320435,0.001,4.795646667480469
239,2,85,30469,128,1.8453222513198853,1.8453222513198853,0.9012349843978882,0.001,4.8138158321380615
240,2,86,30597,128,1.7356276512145996,1.7356276512145996,1.4170087575912476,0.001,4.83130407333374
241,2,87,30725,128,2.0083634853363037,2.0083634853363037,0.9684429168701172,0.001,4.848522663116455
242,2,88,30853,128,2.0755257606506348,2.0755257606506348,0.6531383395195007,0.001,4.865882635116577
243,2,89,30981,128,2.1715970039367676,2.1715970039367676,0.9594476819038391,0.001,4.883906841278076
244,2,90,31109,128,2.019528865814209,2.019528865814209,1.4899406433105469,0.001,4.90170693397522
245,2,91,31237,128,1.8234548568725586,1.8234548568725586,1.2295894622802734,0.001,4.919203996658325
246,2,92,31365,128,1.8945846557617188,1.8945846557617188,1.1534417867660522,0.001,4.936704397201538
247,2,93,31493,128,2.1953625679016113,2.1953625679016113,0.8368391990661621,0.001,4.954688310623169
248,2,94,31621,128,1.7213305234909058,1.7213305234909058,1.378699779510498,0.001,4.97232460975647
249,2,95,31749,128,1.6923426389694214,1.6923426389694214,0.728624165058136,0.001,4.989789247512817
250,2,96,31877,128,1.8998361825942993,1.8998361825942993,1.6229313611984253,0.001,5.0071938037872314
251,2,97,32005,128,1.500133991241455,1.500133991241455,1.4781566858291626,0.001,5.024799108505249
252,2,98,32133,128,1.8893169164657593,1.8893169164657593,0.8607450723648071,0.001,5.042248487472534
253,2,99,32261,128,1.7658636569976807,1.7658636569976807,1.035151481628418,0.001,5.059886693954468
254,2,100,32389,128,2.569511890411377,2.569511890411377,1.1704427003860474,0.001,5.077685356140137
255,2,101,32517,128,1.8542532920837402,1.8542532920837402,1.04091477394104,0.001,5.095317125320435
256,2,102,32645,128,1.6631814241409302,1.6631814241409302,0.9597582221031189,0.001,5.112915754318237
257,2,103,32773,128,1.862300992012024,1.862300992012024,0.8838517665863037,0.001,5.130589008331299
258,2,104,32901,128,1.7828909158706665,1.7828909158706665,1.391363501548767,0.001,5.148616790771484
259,2,105,33029,128,1.6573295593261719,1.6573295593261719,1.3126211166381836,0.001,5.165978193283081
260,2,106,33157,128,1.5781993865966797,1.5781993865966797,0.8048998713493347,0.001,5.183540344238281
261,2,107,33285,128,2.3056678771972656,2.3056678771972656,1.067809820175171,0.001,5.200999736785889
262,2,108,33413,128,1.7103813886642456,1.7103813886642456,1.4320652484893799,0.001,5.218810319900513
263,2,109,33541,128,1.6330451965332031,1.6330451965332031,1.140790581703186,0.001,5.236385107040405
264,2,110,33669,128,1.685066819190979,1.685066819190979,1.1516791582107544,0.001,5.253546237945557
265,2,111,33797,128,1.5289956331253052,1.5289956331253052,1.4139890670776367,0.001,5.270658254623413
266,2,112,33925,128,2.142341375350952,2.142341375350952,0.7896058559417725,0.001,5.288287401199341
267,2,113,34053,128,2.2644574642181396,2.2644574642181396,1.2602717876434326,0.001,5.305745363235474
268,2,114,34181,128,2.3665854930877686,2.3665854930877686,1.1117637157440186,0.001,5.323198556900024
269,2,115,34309,128,1.9510760307312012,1.9510760307312012,1.2190660238265991,0.001,5.340582370758057
270,2,116,34437,128,1.856199860572815,1.856199860572815,1.1129016876220703,0.001,5.358227729797363
271,2,117,34565,128,1.7527291774749756,1.7527291774749756,0.7747662663459778,0.001,5.375586271286011
272,2,118,34693,128,2.4390947818756104,2.4390947818756104,1.229921817779541,0.001,5.392934799194336
273,2,119,34821,128,1.8069589138031006,1.8069589138031006,0.8939642310142517,0.001,5.4106011390686035
274,2,120,34949,128,1.9638946056365967,1.9638946056365967,1.124924659729004,0.001,5.428418159484863
275,2,121,35077,128,1.6594750881195068,1.6594750881195068,0.9866679310798645,0.001,5.4459545612335205
276,2,122,35205,128,1.8516945838928223,1.8516945838928223,1.2927839756011963,0.001,5.46345067024231
277,2,123,35333,128,1.683442234992981,1.683442234992981,0.7429054975509644,0.001,5.4813597202301025
278,2,124,35461,128,2.191631317138672,2.191631317138672,1.43728506565094,0.001,5.4989845752716064
279,2,125,35589,128,2.130866765975952,2.130866765975952,0.8939305543899536,0.001,5.516657829284668
280,2,126,35717,128,1.8336025476455688,1.8336025476455688,0.830595850944519,0.001,5.534215450286865
281,2,127,35845,128,1.7972087860107422,1.7972087860107422,0.7007521390914917,0.001,5.552465200424194
282,2,128,35973,128,1.9753717184066772,1.9753717184066772,0.8757352828979492,0.001,5.569859266281128
283,2,129,36101,128,2.0886778831481934,2.0886778831481934,1.219382882118225,0.001,5.587178945541382
284,2,130,36229,128,2.0029046535491943,2.0029046535491943,1.1697347164154053,0.001,5.6044652462005615
285,2,131,36357,128,2.4952871799468994,2.4952871799468994,1.206018328666687,0.001,5.621968746185303
286,2,132,36485,128,1.8372902870178223,1.8372902870178223,1.0580089092254639,0.001,5.639270544052124
287,2,133,36613,128,2.8185369968414307,2.8185369968414307,1.1588554382324219,0.001,5.656466245651245
288,2,134,36741,128,1.991668939590454,1.991668939590454,1.1591534614562988,0.001,5.673950672149658
289,2,135,36869,128,2.2068800926208496,2.2068800926208496,1.0103232860565186,0.001,5.692058563232422
290,2,136,36997,128,1.900328516960144,1.900328516960144,1.309157371520996,0.001,5.709555625915527
291,2,137,37125,128,2.1839349269866943,2.1839349269866943,1.0160802602767944,0.001,5.727149724960327
292,2,138,37253,128,1.5870872735977173,1.5870872735977173,1.4572997093200684,0.001,5.744741201400757
293,2,139,37381,128,1.8464668989181519,1.8464668989181519,1.0060786008834839,0.001,5.762325286865234
294,2,140,37509,128,1.7907888889312744,1.7907888889312744,1.0166138410568237,0.001,5.779868125915527
295,2,141,37637,128,2.055734157562256,2.055734157562256,0.9070646166801453,0.001,5.797446250915527
296,2,142,37765,128,1.8589609861373901,1.8589609861373901,1.1506277322769165,0.001,5.815262794494629
297,2,143,37893,128,1.5603193044662476,1.5603193044662476,1.154706597328186,0.001,5.832487106323242
298,2,144,38021,128,1.6767525672912598,1.6767525672912598,1.199493646621704,0.001,5.8500776290893555
299,2,145,38149,128,2.0643529891967773,2.0643529891967773,1.0813055038452148,0.001,5.867387294769287
300,2,146,38277,128,1.766317367553711,1.766317367553711,1.0113674402236938,0.001,5.885392189025879
301,2,147,38405,128,1.9587465524673462,1.9587465524673462,1.324203610420227,0.001,5.903006315231323
302,2,148,38533,128,1.6219033002853394,1.6219033002853394,0.9853420257568359,0.001,5.920478582382202
303,2,149,38661,128,1.7382360696792603,1.7382360696792603,1.035736322402954,0.001,5.937740325927734
304,2,150,38789,128,2.247424364089966,2.247424364089966,1.293656826019287,0.001,5.955774307250977
305,2,151,38917,128,2.2191479206085205,2.2191479206085205,0.7921984791755676,0.001,5.973240375518799
306,2,152,39045,128,1.9283677339553833,1.9283677339553833,0.7580033540725708,0.001,5.990483283996582
307,2,153,39173,128,1.88618803024292,1.88618803024292,1.0405235290527344,0.001,6.007718801498413
308,2,154,39178,5,3.501149892807007,3.501149892807007,0.8717985153198242,0.001,6.010263442993164
309,3,1,39306,128,1.6794618368148804,1.6794618368148804,0.9310358166694641,0.001,6.692720413208008
310,3,2,39434,128,1.8063597679138184,1.8063597679138184,0.9945400357246399,0.001,6.709935426712036
311,3,3,39562,128,2.1128828525543213,2.1128828525543213,1.3424609899520874,0.001,6.727046251296997
312,3,4,39690,128,1.9750380516052246,1.9750380516052246,0.9360632300376892,0.001,6.743978500366211
313,3,5,39818,128,1.9059380292892456,1.9059380292892456,0.7327483892440796,0.001,6.761694669723511
314,3,6,39946,128,2.284414052963257,2.284414052963257,0.6168665289878845,0.001,6.778875350952148
315,3,7,40074,128,2.195497989654541,2.195497989654541,1.0889246463775635,0.001,6.796152591705322
316,3,8,40202,128,2.5786449909210205,2.5786449909210205,1.0795739889144897,0.001,6.813681602478027
317,3,9,40330,128,1.9688186645507812,1.9688186645507812,1.3003462553024292,0.001,6.8310933113098145
318,3,10,40458,128,2.383477210998535,2.383477210998535,0.79867023229599,0.001,6.848461389541626
319,3,11,40586,128,2.0250566005706787,2.0250566005706787,1.1380759477615356,0.001,6.865647315979004
320,3,12,40714,128,1.8601189851760864,1.8601189851760864,1.0050088167190552,0.001,6.8832032680511475
321,3,13,40842,128,1.555768609046936,1.555768609046936,1.092087745666504,0.001,6.900738477706909
322,3,14,40970,128,1.7146053314208984,1.7146053314208984,1.0549644231796265,0.001,6.91814923286438
323,3,15,41098,128,1.3348407745361328,1.3348407745361328,1.259009599685669,0.001,6.935444355010986
324,3,16,41226,128,1.583801507949829,1.583801507949829,1.6516038179397583,0.001,6.953124284744263
325,3,17,41354,128,1.7231756448745728,1.7231756448745728,1.0770885944366455,0.001,6.970656394958496
326,3,18,41482,128,1.9068844318389893,1.9068844318389893,0.8865151405334473,0.001,6.987859725952148
327,3,19,41610,128,1.9213975667953491,1.9213975667953491,1.3413969278335571,0.001,7.005352735519409
328,3,20,41738,128,2.024308443069458,2.024308443069458,1.1888118982315063,0.001,7.022913694381714
329,3,21,41866,128,1.9115270376205444,1.9115270376205444,1.123765230178833,0.001,7.04041862487793
330,3,22,41994,128,1.8453278541564941,1.8453278541564941,0.7840336561203003,0.001,7.057711362838745
331,3,23,42122,128,1.5968327522277832,1.5968327522277832,0.9922739863395691,0.001,7.075037479400635
332,3,24,42250,128,1.815839171409607,1.815839171409607,1.3375799655914307,0.001,7.092807292938232
333,3,25,42378,128,1.7017968893051147,1.7017968893051147,1.425782561302185,0.001,7.110262632369995
334,3,26,42506,128,1.99219810962677,1.99219810962677,0.843932569026947,0.001,7.1275269985198975
335,3,27,42634,128,1.9010432958602905,1.9010432958602905,0.9220583438873291,0.001,7.144923210144043
336,3,28,42762,128,2.410120725631714,2.410120725631714,0.8865293860435486,0.001,7.162978172302246
337,3,29,42890,128,1.808076024055481,1.808076024055481,1.0805350542068481,0.001,7.180342674255371
338,3,30,43018,128,2.150392770767212,2.150392770767212,0.834224283695221,0.001,7.197539329528809
339,3,31,43146,128,1.8228280544281006,1.8228280544281006,0.9945164322853088,0.001,7.214771509170532
340,3,32,43274,128,2.2951180934906006,2.2951180934906006,1.113958716392517,0.001,7.2321555614471436
341,3,33,43402,128,1.9165371656417847,1.9165371656417847,0.913228452205658,0.001,7.249521255493164
342,3,34,43530,128,1.61713707447052,1.61713707447052,1.0829826593399048,0.001,7.2666215896606445
343,3,35,43658,128,1.943856120109558,1.943856120109558,1.191091775894165,0.001,7.284127712249756
344,3,36,43786,128,2.279688596725464,2.279688596725464,0.955453634262085,0.001,7.301553010940552
345,3,37,43914,128,1.4625294208526611,1.4625294208526611,0.8884992599487305,0.001,7.319127321243286
346,3,38,44042,128,2.533055305480957,2.533055305480957,0.8874390721321106,0.001,7.336388826370239
347,3,39,44170,128,2.1726362705230713,2.1726362705230713,1.027638554573059,0.001,7.353766918182373
348,3,40,44298,128,1.6632336378097534,1.6632336378097534,1.741668939590454,0.001,7.371041297912598
349,3,41,44426,128,1.823259949684143,1.823259949684143,1.1719334125518799,0.001,7.3881676197052
350,3,42,44554,128,1.7603285312652588,1.7603285312652588,1.424594521522522,0.001,7.405494451522827
351,3,43,44682,128,1.7494601011276245,1.7494601011276245,0.9742986559867859,0.001,7.4235029220581055
352,3,44,44810,128,1.9022016525268555,1.9022016525268555,0.9703986048698425,0.001,7.440935850143433
353,3,45,44938,128,1.4755332469940186,1.4755332469940186,1.0589452981948853,0.001,7.458259582519531
354,3,46,45066,128,2.0990242958068848,2.0990242958068848,0.9192913174629211,0.001,7.475755214691162
355,3,47,45194,128,2.310657024383545,2.310657024383545,0.7947368621826172,0.001,7.493574619293213
356,3,48,45322,128,1.7369147539138794,1.7369147539138794,0.7697184085845947,0.001,7.510822534561157
357,3,49,45450,128,1.9188960790634155,1.9188960790634155,1.0353963375091553,0.001,7.528399229049683
358,3,50,45578,128,1.8705734014511108,1.8705734014511108,1.052003264427185,0.001,7.5458824634552
359,3,51,45706,128,2.0204713344573975,2.0204713344573975,1.3823224306106567,0.001,7.563214302062988
360,3,52,45834,128,1.7553999423980713,1.7553999423980713,1.360026240348816,0.001,7.580803632736206
361,3,53,45962,128,1.6156378984451294,1.6156378984451294,1.1960541009902954,0.001,7.598086833953857
362,3,54,46090,128,1.6312609910964966,1.6312609910964966,0.9695481657981873,0.001,7.615840196609497
363,3,55,46218,128,1.4864087104797363,1.4864087104797363,1.0384196043014526,0.001,7.633673667907715
364,3,56,46346,128,1.7416507005691528,1.7416507005691528,1.1274216175079346,0.001,7.651038408279419
365,3,57,46474,128,2.3183846473693848,2.3183846473693848,1.0725014209747314,0.001,7.668193340301514
366,3,58,46602,128,1.8925223350524902,1.8925223350524902,0.9781244993209839,0.001,7.685675144195557
367,3,59,46730,128,1.8202749490737915,1.8202749490737915,0.887017011642456,0.001,7.702822685241699
368,3,60,46858,128,1.6681405305862427,1.6681405305862427,1.4711191654205322,0.001,7.719884157180786
369,3,61,46986,128,2.2062811851501465,2.2062811851501465,1.112413763999939,0.001,7.737445831298828
370,3,62,47114,128,1.5030324459075928,1.5030324459075928,0.9969397187232971,0.001,7.754846811294556
371,3,63,47242,128,1.5189056396484375,1.5189056396484375,1.148020625114441,0.001,7.772031545639038
372,3,64,47370,128,2.193143367767334,2.193143367767334,1.0081055164337158,0.001,7.789256572723389
373,3,65,47498,128,1.93074369430542,1.93074369430542,0.9535978436470032,0.001,7.806285858154297
374,3,66,47626,128,2.411547899246216,2.411547899246216,0.9701926112174988,0.001,7.823702573776245
375,3,67,47754,128,2.279782295227051,2.279782295227051,0.8575177192687988,0.001,7.840963363647461
376,3,68,47882,128,1.8452868461608887,1.8452868461608887,0.8822349309921265,0.001,7.858197927474976
377,3,69,48010,128,1.7471920251846313,1.7471920251846313,1.299920916557312,0.001,7.8754658699035645
378,3,70,48138,128,1.8010482788085938,1.8010482788085938,1.3250141143798828,0.001,7.893483400344849
379,3,71,48266,128,1.933573842048645,1.933573842048645,1.1891803741455078,0.001,7.911020994186401
380,3,72,48394,128,1.8875727653503418,1.8875727653503418,1.1369447708129883,0.001,7.928225755691528
381,3,73,48522,128,1.8496181964874268,1.8496181964874268,0.9310886859893799,0.001,7.945568561553955
382,3,74,48650,128,1.2794392108917236,1.2794392108917236,1.2926424741744995,0.001,7.963505029678345
383,3,75,48778,128,1.9008605480194092,1.9008605480194092,1.440757155418396,0.001,7.980492830276489
384,3,76,48906,128,2.027453660964966,2.027453660964966,1.3607932329177856,0.001,7.9978413581848145
385,3,77,49034,128,1.7734150886535645,1.7734150886535645,1.0349589586257935,0.001,8.015370607376099
386,3,78,49162,128,1.4683818817138672,1.4683818817138672,1.5864742994308472,0.001,8.032886981964111
387,3,79,49290,128,1.98272705078125,1.98272705078125,1.231652021408081,0.001,8.050464153289795
388,3,80,49418,128,1.3715972900390625,1.3715972900390625,1.0235213041305542,0.001,8.068031787872314
389,3,81,49546,128,1.2537840604782104,1.2537840604782104,0.9331172108650208,0.001,8.085648775100708
390,3,82,49674,128,1.7325032949447632,1.7325032949447632,1.0570818185806274,0.001,8.1030752658844
391,3,83,49802,128,1.6204246282577515,1.6204246282577515,0.8316842913627625,0.001,8.120409727096558
392,3,84,49930,128,1.7548284530639648,1.7548284530639648,1.0528721809387207,0.001,8.137551307678223
393,3,85,50058,128,1.7600173950195312,1.7600173950195312,1.3605918884277344,0.001,8.155234813690186
394,3,86,50186,128,1.5909701585769653,1.5909701585769653,1.5082437992095947,0.001,8.172362804412842
395,3,87,50314,128,1.9926726818084717,1.9926726818084717,0.8118180632591248,0.001,8.189560174942017
396,3,88,50442,128,2.00862979888916,2.00862979888916,1.1145954132080078,0.001,8.206681251525879
397,3,89,50570,128,1.9713287353515625,1.9713287353515625,1.1188852787017822,0.001,8.224206447601318
398,3,90,50698,128,1.399392008781433,1.399392008781433,1.1467658281326294,0.001,8.241353750228882
399,3,91,50826,128,1.5345557928085327,1.5345557928085327,1.0841118097305298,0.001,8.258561134338379
400,3,92,50954,128,1.8692203760147095,1.8692203760147095,1.253890037536621,0.001,8.276128053665161
401,3,93,51082,128,1.6576563119888306,1.6576563119888306,0.7739225029945374,0.001,8.293901443481445
402,3,94,51210,128,2.0060436725616455,2.0060436725616455,0.9426241517066956,0.001,8.311367988586426
403,3,95,51338,128,1.970835566520691,1.970835566520691,1.1628785133361816,0.001,8.328492164611816
404,3,96,51466,128,1.7538564205169678,1.7538564205169678,1.1434898376464844,0.001,8.345998764038086
405,3,97,51594,128,1.7689772844314575,1.7689772844314575,1.0066652297973633,0.001,8.363913774490356
406,3,98,51722,128,1.3600196838378906,1.3600196838378906,0.8701766133308411,0.001,8.38153886795044
407,3,99,51850,128,1.574021577835083,1.574021577835083,1.012060523033142,0.001,8.39883303642273
408,3,100,51978,128,1.6288845539093018,1.6288845539093018,1.5109134912490845,0.001,8.416493892669678
409,3,101,52106,128,1.4422554969787598,1.4422554969787598,1.1229461431503296,0.001,8.434065818786621
410,3,102,52234,128,1.7920315265655518,1.7920315265655518,1.2275546789169312,0.001,8.45144510269165
411,3,103,52362,128,1.6705477237701416,1.6705477237701416,1.1497269868850708,0.001,8.468839645385742
412,3,104,52490,128,1.5597286224365234,1.5597286224365234,1.177623987197876,0.001,8.486660718917847
413,3,105,52618,128,1.7197893857955933,1.7197893857955933,0.9456226825714111,0.001,8.504224300384521
414,3,106,52746,128,1.7460507154464722,1.7460507154464722,1.346115231513977,0.001,8.521776676177979
415,3,107,52874,128,1.560310959815979,1.560310959815979,1.054892659187317,0.001,8.539117336273193
416,3,108,53002,128,1.421845555305481,1.421845555305481,1.390939712524414,0.001,8.556763172149658
417,3,109,53130,128,1.8487941026687622,1.8487941026687622,1.3268245458602905,0.001,8.574392795562744
418,3,110,53258,128,1.5398151874542236,1.5398151874542236,0.8132836818695068,0.001,8.59168291091919
419,3,111,53386,128,1.452746868133545,1.452746868133545,1.2872138023376465,0.001,8.608784198760986
420,3,112,53514,128,1.5658501386642456,1.5658501386642456,0.8128410577774048,0.001,8.62660026550293
421,3,113,53642,128,1.7529107332229614,1.7529107332229614,1.0678114891052246,0.001,8.644003629684448
422,3,114,53770,128,1.62864351272583,1.62864351272583,1.0127983093261719,0.001,8.661401510238647
423,3,115,53898,128,1.3052536249160767,1.3052536249160767,1.192943811416626,0.001,8.67879581451416
424,3,116,54026,128,1.978533387184143,1.978533387184143,1.043753743171692,0.001,8.696384906768799
425,3,117,54154,128,1.8729439973831177,1.8729439973831177,0.8493812084197998,0.001,8.71371054649353
426,3,118,54282,128,1.256364345550537,1.256364345550537,0.8474943041801453,0.001,8.73087191581726
427,3,119,54410,128,1.759726881980896,1.759726881980896,1.070317029953003,0.001,8.748175382614136
428,3,120,54538,128,1.4340369701385498,1.4340369701385498,0.9697579145431519,0.001,8.765791654586792
429,3,121,54666,128,1.700194001197815,1.700194001197815,1.2447705268859863,0.001,8.783575296401978
430,3,122,54794,128,1.3270658254623413,1.3270658254623413,1.010006070137024,0.001,8.801191091537476
431,3,123,54922,128,1.1744658946990967,1.1744658946990967,0.8783907294273376,0.001,8.819190502166748
432,3,124,55050,128,1.3645520210266113,1.3645520210266113,1.0997658967971802,0.001,8.836947917938232
433,3,125,55178,128,1.68794846534729,1.68794846534729,1.393356204032898,0.001,8.854706048965454
434,3,126,55306,128,1.627075433731079,1.627075433731079,1.2800947427749634,0.001,8.87224555015564
435,3,127,55434,128,1.7888970375061035,1.7888970375061035,0.8420284986495972,0.001,8.890015125274658
436,3,128,55562,128,1.5615651607513428,1.5615651607513428,0.9508673548698425,0.001,8.90777587890625
437,3,129,55690,128,1.7494813203811646,1.7494813203811646,1.0986237525939941,0.001,8.925216913223267
438,3,130,55818,128,2.1167144775390625,2.1167144775390625,1.3882485628128052,0.001,8.94286322593689
439,3,131,55946,128,1.6059468984603882,1.6059468984603882,1.3103548288345337,0.001,8.960597515106201
440,3,132,56074,128,1.7863929271697998,1.7863929271697998,0.8714550733566284,0.001,8.977957248687744
441,3,133,56202,128,1.6739681959152222,1.6739681959152222,1.1285440921783447,0.001,8.995459079742432
442,3,134,56330,128,1.4848055839538574,1.4848055839538574,1.016283631324768,0.001,9.012788772583008
443,3,135,56458,128,1.8820122480392456,1.8820122480392456,0.8869238495826721,0.001,9.03056812286377
444,3,136,56586,128,1.7754851579666138,1.7754851579666138,1.0632035732269287,0.001,9.047700643539429
445,3,137,56714,128,1.5906373262405396,1.5906373262405396,1.119086503982544,0.001,9.06491756439209
446,3,138,56842,128,1.6063851118087769,1.6063851118087769,1.0446640253067017,0.001,9.08215045928955
447,3,139,56970,128,1.8479970693588257,1.8479970693588257,1.1775213479995728,0.001,9.099975824356079
448,3,140,57098,128,1.739067554473877,1.739067554473877,0.9893556833267212,0.001,9.1173415184021
449,3,141,57226,128,1.8373955488204956,1.8373955488204956,0.9664496183395386,0.001,9.134740829467773
450,3,142,57354,128,1.9140886068344116,1.9140886068344116,1.0146899223327637,0.001,9.152298212051392
451,3,143,57482,128,1.7511138916015625,1.7511138916015625,1.1679697036743164,0.001,9.169795036315918
452,3,144,57610,128,1.486377477645874,1.486377477645874,1.09284508228302,0.001,9.18695855140686
453,3,145,57738,128,2.0271193981170654,2.0271193981170654,0.9955922961235046,0.001,9.20418667793274
454,3,146,57866,128,1.3671749830245972,1.3671749830245972,1.2420026063919067,0.001,9.221621036529541
455,3,147,57994,128,1.6691640615463257,1.6691640615463257,1.2901731729507446,0.001,9.238969564437866
456,3,148,58122,128,1.5230263471603394,1.5230263471603394,1.0799912214279175,0.001,9.25609278678894
457,3,149,58250,128,1.44253408908844,1.44253408908844,0.9646053314208984,0.001,9.273444414138794
458,3,150,58378,128,1.9915215969085693,1.9915215969085693,1.1960817575454712,0.001,9.29102611541748
459,3,151,58506,128,1.8642910718917847,1.8642910718917847,1.0386027097702026,0.001,9.308344602584839
460,3,152,58634,128,1.9386035203933716,1.9386035203933716,1.133245825767517,0.001,9.32559061050415
461,3,153,58762,128,1.6770957708358765,1.6770957708358765,1.0281753540039062,0.001,9.34281849861145
462,3,154,58767,5,2.113518476486206,2.113518476486206,1.097015380859375,0.001,9.34526801109314
463,4,1,58895,128,1.5413875579833984,1.5413875579833984,0.7205592393875122,0.001,10.025428295135498
464,4,2,59023,128,1.5910134315490723,1.5910134315490723,1.1048475503921509,0.001,10.042843580245972
465,4,3,59151,128,1.976448655128479,1.976448655128479,0.9937394261360168,0.001,10.060168504714966
466,4,4,59279,128,1.0992765426635742,1.0992765426635742,1.3158150911331177,0.001,10.077638626098633
467,4,5,59407,128,1.3881832361221313,1.3881832361221313,1.2467559576034546,0.001,10.095500469207764
468,4,6,59535,128,1.5685399770736694,1.5685399770736694,1.0675632953643799,0.001,10.11287546157837
469,4,7,59663,128,1.759323239326477,1.759323239326477,1.266902208328247,0.001,10.130492448806763
470,4,8,59791,128,1.5527361631393433,1.5527361631393433,0.8858957886695862,0.001,10.147865533828735
471,4,9,59919,128,1.3497964143753052,1.3497964143753052,0.9879777431488037,0.001,10.165568351745605
472,4,10,60047,128,1.8600820302963257,1.8600820302963257,1.3019553422927856,0.001,10.183218240737915
473,4,11,60175,128,1.646964430809021,1.646964430809021,1.3338932991027832,0.001,10.200350522994995
474,4,12,60303,128,1.329480767250061,1.329480767250061,1.0653568506240845,0.001,10.217582702636719
475,4,13,60431,128,1.553737759590149,1.553737759590149,1.1411898136138916,0.001,10.235249519348145
476,4,14,60559,128,1.4475066661834717,1.4475066661834717,0.9549816846847534,0.001,10.252406120300293
477,4,15,60687,128,2.169743061065674,2.169743061065674,0.8946407437324524,0.001,10.269854307174683
478,4,16,60815,128,1.848272681236267,1.848272681236267,0.9267438054084778,0.001,10.28723931312561
479,4,17,60943,128,1.7040375471115112,1.7040375471115112,0.9631597399711609,0.001,10.304517030715942
480,4,18,61071,128,1.7311822175979614,1.7311822175979614,1.1632624864578247,0.001,10.321699857711792
481,4,19,61199,128,1.3577139377593994,1.3577139377593994,1.2159712314605713,0.001,10.338796615600586
482,4,20,61327,128,1.7887284755706787,1.7887284755706787,1.0888233184814453,0.001,10.356258869171143
483,4,21,61455,128,1.705061912536621,1.705061912536621,0.7647443413734436,0.001,10.373814821243286
484,4,22,61583,128,1.734340786933899,1.734340786933899,1.3319833278656006,0.001,10.390944480895996
485,4,23,61711,128,1.6517573595046997,1.6517573595046997,1.0714117288589478,0.001,10.408134460449219
486,4,24,61839,128,2.0197463035583496,2.0197463035583496,1.037304401397705,0.001,10.425616979598999
487,4,25,61967,128,1.6580342054367065,1.6580342054367065,0.8885021209716797,0.001,10.443022727966309
488,4,26,62095,128,1.709006905555725,1.709006905555725,0.9739978313446045,0.001,10.460249423980713
489,4,27,62223,128,1.5387399196624756,1.5387399196624756,1.4311001300811768,0.001,10.477750062942505
490,4,28,62351,128,1.922798991203308,1.922798991203308,1.156006932258606,0.001,10.495060920715332
491,4,29,62479,128,2.034942865371704,2.034942865371704,1.157639980316162,0.001,10.512295961380005
492,4,30,62607,128,1.3825945854187012,1.3825945854187012,1.307557463645935,0.001,10.529498815536499
493,4,31,62735,128,2.060779571533203,2.060779571533203,1.0306289196014404,0.001,10.546913623809814
494,4,32,62863,128,1.5690261125564575,1.5690261125564575,1.1279306411743164,0.001,10.56449270248413
495,4,33,62991,128,1.8372836112976074,1.8372836112976074,1.0852622985839844,0.001,10.581663846969604
496,4,34,63119,128,1.8602453470230103,1.8602453470230103,0.8010632991790771,0.001,10.599019050598145
497,4,35,63247,128,1.9461007118225098,1.9461007118225098,0.8598964810371399,0.001,10.616203784942627
498,4,36,63375,128,1.2516505718231201,1.2516505718231201,1.426043152809143,0.001,10.634043216705322
499,4,37,63503,128,1.6282904148101807,1.6282904148101807,1.1950563192367554,0.001,10.651480674743652
500,4,38,63631,128,1.7597378492355347,1.7597378492355347,1.0816398859024048,0.001,10.668794631958008
501,4,39,63759,128,1.7270376682281494,1.7270376682281494,1.3898036479949951,0.001,10.686444520950317
502,4,40,63887,128,1.0329383611679077,1.0329383611679077,1.0767521858215332,0.001,10.70414113998413
503,4,41,64015,128,1.6753504276275635,1.6753504276275635,1.0499672889709473,0.001,10.721762657165527
504,4,42,64143,128,1.3913421630859375,1.3913421630859375,1.3783564567565918,0.001,10.739197492599487
505,4,43,64271,128,1.7765384912490845,1.7765384912490845,1.2412744760513306,0.001,10.756799697875977
506,4,44,64399,128,1.0630770921707153,1.0630770921707153,1.06577730178833,0.001,10.774173021316528
507,4,45,64527,128,1.7222561836242676,1.7222561836242676,0.7301746606826782,0.001,10.791598558425903
508,4,46,64655,128,1.8006377220153809,1.8006377220153809,0.9935082197189331,0.001,10.80885624885559
509,4,47,64783,128,1.2562470436096191,1.2562470436096191,0.9006108045578003,0.001,10.826812744140625
510,4,48,64911,128,1.6663579940795898,1.6663579940795898,1.2173329591751099,0.001,10.844502687454224
511,4,49,65039,128,1.5474218130111694,1.5474218130111694,1.2937394380569458,0.001,10.86196494102478
512,4,50,65167,128,1.5582363605499268,1.5582363605499268,0.6893448829650879,0.001,10.879531621932983
513,4,51,65295,128,1.311964988708496,1.311964988708496,1.0985817909240723,0.001,10.898164749145508
514,4,52,65423,128,1.4771431684494019,1.4771431684494019,0.7978764176368713,0.001,10.916142702102661
515,4,53,65551,128,1.7212350368499756,1.7212350368499756,0.7255574464797974,0.001,10.933898448944092
516,4,54,65679,128,1.6424007415771484,1.6424007415771484,1.0079413652420044,0.001,10.951515674591064
517,4,55,65807,128,1.456102967262268,1.456102967262268,0.8572558760643005,0.001,10.969482898712158
518,4,56,65935,128,1.6394610404968262,1.6394610404968262,0.7774533629417419,0.001,10.98713755607605
519,4,57,66063,128,1.4162564277648926,1.4162564277648926,1.2580498456954956,0.001,11.004511594772339
520,4,58,66191,128,1.725791573524475,1.725791573524475,1.2898496389389038,0.001,11.022517442703247
521,4,59,66319,128,1.7418649196624756,1.7418649196624756,0.7456637620925903,0.001,11.04015827178955
522,4,60,66447,128,1.5502156019210815,1.5502156019210815,1.177535057067871,0.001,11.05779767036438
523,4,61,66575,128,1.8988338708877563,1.8988338708877563,0.9785396456718445,0.001,11.075464725494385
524,4,62,66703,128,1.9145989418029785,1.9145989418029785,1.1871803998947144,0.001,11.093530893325806
525,4,63,66831,128,1.1693838834762573,1.1693838834762573,0.9885213375091553,0.001,11.11098599433899
526,4,64,66959,128,1.8581725358963013,1.8581725358963013,1.5920166969299316,0.001,11.128816604614258
527,4,65,67087,128,1.923627257347107,1.923627257347107,1.0990030765533447,0.001,11.14595341682434
528,4,66,67215,128,1.7566710710525513,1.7566710710525513,0.7666257619857788,0.001,11.163821935653687
529,4,67,67343,128,1.6087807416915894,1.6087807416915894,0.9255455732345581,0.001,11.181602478027344
530,4,68,67471,128,1.3125442266464233,1.3125442266464233,0.7224704623222351,0.001,11.199115753173828
531,4,69,67599,128,2.245100259780884,2.245100259780884,1.0376935005187988,0.001,11.216570854187012
532,4,70,67727,128,2.331141710281372,2.331141710281372,1.0369880199432373,0.001,11.234238862991333
533,4,71,67855,128,1.6282240152359009,1.6282240152359009,1.054678201675415,0.001,11.251662731170654
534,4,72,67983,128,1.296913743019104,1.296913743019104,1.1900172233581543,0.001,11.269195556640625
535,4,73,68111,128,1.315319538116455,1.315319538116455,1.003957986831665,0.001,11.286871671676636
536,4,74,68239,128,1.3608708381652832,1.3608708381652832,1.2547476291656494,0.001,11.304916858673096
537,4,75,68367,128,1.7458349466323853,1.7458349466323853,0.9353165030479431,0.001,11.322383403778076
538,4,76,68495,128,2.1475327014923096,2.1475327014923096,0.996440052986145,0.001,11.339664459228516
539,4,77,68623,128,1.4115897417068481,1.4115897417068481,0.9795234203338623,0.001,11.357540369033813
540,4,78,68751,128,1.792350172996521,1.792350172996521,1.3874567747116089,0.001,11.37535834312439
541,4,79,68879,128,1.3636596202850342,1.3636596202850342,1.2884889841079712,0.001,11.392898321151733
542,4,80,69007,128,1.9811500310897827,1.9811500310897827,0.935509443283081,0.001,11.410350799560547
543,4,81,69135,128,1.647845983505249,1.647845983505249,0.8535307049751282,0.001,11.428030490875244
544,4,82,69263,128,1.5369552373886108,1.5369552373886108,0.7909587025642395,0.001,11.445693969726562
545,4,83,69391,128,1.4113333225250244,1.4113333225250244,0.8680190443992615,0.001,11.463245391845703
546,4,84,69519,128,1.1305378675460815,1.1305378675460815,1.299791932106018,0.001,11.480630159378052
547,4,85,69647,128,1.4504940509796143,1.4504940509796143,1.1033496856689453,0.001,11.498740196228027
548,4,86,69775,128,1.5471553802490234,1.5471553802490234,0.7952991127967834,0.001,11.516187191009521
549,4,87,69903,128,1.6400225162506104,1.6400225162506104,1.121992826461792,0.001,11.533328771591187
550,4,88,70031,128,1.4937686920166016,1.4937686920166016,1.328053593635559,0.001,11.550534009933472
551,4,89,70159,128,1.2335635423660278,1.2335635423660278,1.0151770114898682,0.001,11.568410396575928
552,4,90,70287,128,1.8115893602371216,1.8115893602371216,0.9330466985702515,0.001,11.585896253585815
553,4,91,70415,128,1.760133147239685,1.760133147239685,1.2357004880905151,0.001,11.603196620941162
554,4,92,70543,128,1.8362257480621338,1.8362257480621338,1.2225232124328613,0.001,11.620380163192749
555,4,93,70671,128,1.2520593404769897,1.2520593404769897,0.9461272358894348,0.001,11.637986898422241
556,4,94,70799,128,2.1485631465911865,2.1485631465911865,1.1672176122665405,0.001,11.655248641967773
557,4,95,70927,128,1.3850061893463135,1.3850061893463135,1.3748023509979248,0.001,11.672459125518799
558,4,96,71055,128,1.7393511533737183,1.7393511533737183,1.0456950664520264,0.001,11.690503120422363
559,4,97,71183,128,2.079982280731201,2.079982280731201,1.183699607849121,0.001,11.708466053009033
560,4,98,71311,128,1.5228396654129028,1.5228396654129028,0.7908852100372314,0.001,11.726014852523804
561,4,99,71439,128,1.8077282905578613,1.8077282905578613,0.8768223524093628,0.001,11.743330717086792
562,4,100,71567,128,1.6443581581115723,1.6443581581115723,0.9895809292793274,0.001,11.761022090911865
563,4,101,71695,128,1.139570951461792,1.139570951461792,0.8506498336791992,0.001,11.778523683547974
564,4,102,71823,128,1.6028732061386108,1.6028732061386108,1.242192268371582,0.001,11.796082973480225
565,4,103,71951,128,1.6987680196762085,1.6987680196762085,1.3021094799041748,0.001,11.81361699104309
566,4,104,72079,128,1.3550512790679932,1.3550512790679932,0.705944836139679,0.001,11.83168077468872
567,4,105,72207,128,1.484372854232788,1.484372854232788,1.4056346416473389,0.001,11.849180221557617
568,4,106,72335,128,1.2665276527404785,1.2665276527404785,1.083425760269165,0.001,11.866767168045044
569,4,107,72463,128,2.2481930255889893,2.2481930255889893,0.9850122332572937,0.001,11.884090185165405
570,4,108,72591,128,1.5727157592773438,1.5727157592773438,1.0842481851577759,0.001,11.902170896530151
571,4,109,72719,128,1.9674315452575684,1.9674315452575684,0.850191593170166,0.001,11.919735670089722
572,4,110,72847,128,1.3583685159683228,1.3583685159683228,1.2587640285491943,0.001,11.937304258346558
573,4,111,72975,128,1.7067539691925049,1.7067539691925049,1.1523877382278442,0.001,11.9547119140625
574,4,112,73103,128,1.5008405447006226,1.5008405447006226,1.2315272092819214,0.001,11.97262191772461
575,4,113,73231,128,1.74500572681427,1.74500572681427,1.119018793106079,0.001,11.990103721618652
576,4,114,73359,128,1.450731635093689,1.450731635093689,0.8885335326194763,0.001,12.007901191711426
577,4,115,73487,128,1.675236463546753,1.675236463546753,1.2506417036056519,0.001,12.025981187820435
578,4,116,73615,128,1.593743920326233,1.593743920326233,1.5453251600265503,0.001,12.043616771697998
579,4,117,73743,128,1.8293769359588623,1.8293769359588623,0.9966943860054016,0.001,12.060826778411865
580,4,118,73871,128,1.4890596866607666,1.4890596866607666,1.4761515855789185,0.001,12.078455448150635
581,4,119,73999,128,1.4268615245819092,1.4268615245819092,1.6039443016052246,0.001,12.09614634513855
582,4,120,74127,128,1.4111863374710083,1.4111863374710083,1.0777567625045776,0.001,12.113682508468628
583,4,121,74255,128,1.716452956199646,1.716452956199646,0.773158609867096,0.001,12.131829977035522
584,4,122,74383,128,1.0853627920150757,1.0853627920150757,1.0286924839019775,0.001,12.149510860443115
585,4,123,74511,128,1.6904255151748657,1.6904255151748657,0.9923560619354248,0.001,12.167696237564087
586,4,124,74639,128,1.3909505605697632,1.3909505605697632,1.357982873916626,0.001,12.185450315475464
587,4,125,74767,128,1.73833429813385,1.73833429813385,1.0372276306152344,0.001,12.203070878982544
588,4,126,74895,128,1.3190867900848389,1.3190867900848389,1.1208460330963135,0.001,12.220800876617432
589,4,127,75023,128,1.1190165281295776,1.1190165281295776,0.8996964693069458,0.001,12.239371299743652
590,4,128,75151,128,1.5438905954360962,1.5438905954360962,0.9635202288627625,0.001,12.257277727127075
591,4,129,75279,128,1.5857642889022827,1.5857642889022827,1.1438391208648682,0.001,12.275043487548828
592,4,130,75407,128,1.863386631011963,1.863386631011963,1.1374081373214722,0.001,12.292643785476685
593,4,131,75535,128,2.2151787281036377,2.2151787281036377,1.171555995941162,0.001,12.310250043869019
594,4,132,75663,128,1.3742830753326416,1.3742830753326416,1.40285325050354,0.001,12.327629327774048
595,4,133,75791,128,1.499078631401062,1.499078631401062,1.021796464920044,0.001,12.345620155334473
596,4,134,75919,128,1.5557900667190552,1.5557900667190552,1.3744696378707886,0.001,12.363478899002075
597,4,135,76047,128,1.5861657857894897,1.5861657857894897,1.1955595016479492,0.001,12.381236791610718
598,4,136,76175,128,1.7311646938323975,1.7311646938323975,1.3004298210144043,0.001,12.398979663848877
599,4,137,76303,128,1.4799649715423584,1.4799649715423584,1.5261106491088867,0.001,12.416590929031372
600,4,138,76431,128,1.5367285013198853,1.5367285013198853,0.8574310541152954,0.001,12.434699773788452
601,4,139,76559,128,1.7037252187728882,1.7037252187728882,0.88470458984375,0.001,12.452351808547974
602,4,140,76687,128,1.6172376871109009,1.6172376871109009,0.9976299405097961,0.001,12.469923734664917
603,4,141,76815,128,1.6994134187698364,1.6994134187698364,1.2340275049209595,0.001,12.48747706413269
604,4,142,76943,128,1.371917963027954,1.371917963027954,1.0547058582305908,0.001,12.50540018081665
605,4,143,77071,128,1.6854792833328247,1.6854792833328247,1.1222188472747803,0.001,12.523277521133423
606,4,144,77199,128,1.5933243036270142,1.5933243036270142,1.0090968608856201,0.001,12.541274785995483
607,4,145,77327,128,1.8800899982452393,1.8800899982452393,0.885174572467804,0.001,12.559271097183228
608,4,146,77455,128,1.1603868007659912,1.1603868007659912,0.9157422184944153,0.001,12.5771803855896
609,4,147,77583,128,1.3215320110321045,1.3215320110321045,1.3611345291137695,0.001,12.594956398010254
610,4,148,77711,128,1.173546314239502,1.173546314239502,0.8579015135765076,0.001,12.61268949508667
611,4,149,77839,128,1.2911245822906494,1.2911245822906494,1.1928417682647705,0.001,12.63064694404602
612,4,150,77967,128,1.5030598640441895,1.5030598640441895,0.9417439103126526,0.001,12.648224592208862
613,4,151,78095,128,1.5793176889419556,1.5793176889419556,1.7735270261764526,0.001,12.665873765945435
614,4,152,78223,128,1.3435025215148926,1.3435025215148926,1.1093331575393677,0.001,12.683324575424194
615,4,153,78351,128,1.4216095209121704,1.4216095209121704,1.1119986772537231,0.001,12.701412200927734
616,4,154,78356,5,0.64247065782547,0.64247065782547,3.27229905128479,0.001,12.704052448272705
617,5,1,78484,128,1.9909172058105469,1.9909172058105469,1.5857301950454712,0.001,13.387523174285889
618,5,2,78612,128,1.3784716129302979,1.3784716129302979,1.090745210647583,0.001,13.404617547988892
619,5,3,78740,128,1.2280888557434082,1.2280888557434082,0.8037987351417542,0.001,13.421968936920166
620,5,4,78868,128,1.115563154220581,1.115563154220581,0.9649679064750671,0.001,13.439813137054443
621,5,5,78996,128,1.4582690000534058,1.4582690000534058,1.0681215524673462,0.001,13.457101583480835
622,5,6,79124,128,1.7030705213546753,1.7030705213546753,1.2275583744049072,0.001,13.474512577056885
623,5,7,79252,128,1.122463345527649,1.122463345527649,1.4394360780715942,0.001,13.49233365058899
624,5,8,79380,128,1.9081721305847168,1.9081721305847168,1.2585524320602417,0.001,13.509849548339844
625,5,9,79508,128,1.9757074117660522,1.9757074117660522,1.1523960828781128,0.001,13.527379512786865
626,5,10,79636,128,1.5577784776687622,1.5577784776687622,0.9136472940444946,0.001,13.544883489608765
627,5,11,79764,128,1.2498503923416138,1.2498503923416138,0.8670168519020081,0.001,13.562708616256714
628,5,12,79892,128,1.5949461460113525,1.5949461460113525,1.1037473678588867,0.001,13.580368995666504
629,5,13,80020,128,1.2832448482513428,1.2832448482513428,1.4174928665161133,0.001,13.598064422607422
630,5,14,80148,128,1.307082176208496,1.307082176208496,0.7814846038818359,0.001,13.615544319152832
631,5,15,80276,128,1.3227988481521606,1.3227988481521606,0.9789357781410217,0.001,13.63339614868164
632,5,16,80404,128,1.556970238685608,1.556970238685608,1.2127771377563477,0.001,13.650965213775635
633,5,17,80532,128,1.4789223670959473,1.4789223670959473,0.8802642822265625,0.001,13.668313026428223
634,5,18,80660,128,1.4828821420669556,1.4828821420669556,0.8472408056259155,0.001,13.68537950515747
635,5,19,80788,128,1.2283480167388916,1.2283480167388916,0.9078412055969238,0.001,13.703306436538696
636,5,20,80916,128,1.110941767692566,1.110941767692566,1.36222243309021,0.001,13.720617532730103
637,5,21,81044,128,1.2054706811904907,1.2054706811904907,1.0835590362548828,0.001,13.738193988800049
638,5,22,81172,128,1.7787184715270996,1.7787184715270996,1.1928133964538574,0.001,13.75546145439148
639,5,23,81300,128,1.7156317234039307,1.7156317234039307,1.292680025100708,0.001,13.773522853851318
640,5,24,81428,128,1.5641076564788818,1.5641076564788818,1.119473934173584,0.001,13.79115891456604
641,5,25,81556,128,1.4406781196594238,1.4406781196594238,1.0073189735412598,0.001,13.808627367019653
642,5,26,81684,128,1.4267382621765137,1.4267382621765137,1.1657986640930176,0.001,13.826189279556274
643,5,27,81812,128,1.4960806369781494,1.4960806369781494,1.2431868314743042,0.001,13.843973398208618
644,5,28,81940,128,1.4131782054901123,1.4131782054901123,1.2711442708969116,0.001,13.861520051956177
645,5,29,82068,128,1.0232641696929932,1.0232641696929932,0.9747946262359619,0.001,13.879115104675293
646,5,30,82196,128,1.4981670379638672,1.4981670379638672,0.957190752029419,0.001,13.897319316864014
647,5,31,82324,128,1.7851338386535645,1.7851338386535645,1.0771782398223877,0.001,13.91504430770874
648,5,32,82452,128,2.037813901901245,2.037813901901245,1.095816731452942,0.001,13.932360649108887
649,5,33,82580,128,1.6664958000183105,1.6664958000183105,0.8116751313209534,0.001,13.949905157089233
650,5,34,82708,128,1.286031723022461,1.286031723022461,1.6968679428100586,0.001,13.967780351638794
651,5,35,82836,128,1.0984374284744263,1.0984374284744263,0.9022200703620911,0.001,13.985337018966675
652,5,36,82964,128,1.319698452949524,1.319698452949524,0.9942249655723572,0.001,14.002880811691284
653,5,37,83092,128,1.2934188842773438,1.2934188842773438,1.0603371858596802,0.001,14.020787239074707
654,5,38,83220,128,1.6442677974700928,1.6442677974700928,1.0131655931472778,0.001,14.038721323013306
655,5,39,83348,128,1.7816060781478882,1.7816060781478882,1.2999342679977417,0.001,14.056339740753174
656,5,40,83476,128,1.724997878074646,1.724997878074646,1.1589913368225098,0.001,14.074042320251465
657,5,41,83604,128,1.9488887786865234,1.9488887786865234,0.8380730152130127,0.001,14.09169316291809
658,5,42,83732,128,1.4073187112808228,1.4073187112808228,1.1427533626556396,0.001,14.109784364700317
659,5,43,83860,128,1.4276952743530273,1.4276952743530273,0.8770245313644409,0.001,14.127601861953735
660,5,44,83988,128,1.4963310956954956,1.4963310956954956,1.2679580450057983,0.001,14.145263433456421
661,5,45,84116,128,1.4835281372070312,1.4835281372070312,1.0088505744934082,0.001,14.16316819190979
662,5,46,84244,128,1.649894118309021,1.649894118309021,1.0807474851608276,0.001,14.180867433547974
663,5,47,84372,128,1.4188804626464844,1.4188804626464844,0.9198701977729797,0.001,14.19861125946045
664,5,48,84500,128,1.3354296684265137,1.3354296684265137,0.9955695867538452,0.001,14.216289043426514
665,5,49,84628,128,1.4893321990966797,1.4893321990966797,1.3515887260437012,0.001,14.23437762260437
666,5,50,84756,128,1.2937383651733398,1.2937383651733398,0.8214519023895264,0.001,14.252152442932129
667,5,51,84884,128,1.4513862133026123,1.4513862133026123,0.962495744228363,0.001,14.269747257232666
668,5,52,85012,128,1.541927456855774,1.541927456855774,1.172677993774414,0.001,14.287266492843628
669,5,53,85140,128,1.8803411722183228,1.8803411722183228,1.0189545154571533,0.001,14.305020570755005
670,5,54,85268,128,1.3117607831954956,1.3117607831954956,0.9107050895690918,0.001,14.322680950164795
671,5,55,85396,128,1.8207005262374878,1.8207005262374878,1.387169361114502,0.001,14.340351343154907
672,5,56,85524,128,1.5380785465240479,1.5380785465240479,0.8975545167922974,0.001,14.357875108718872
673,5,57,85652,128,1.348250389099121,1.348250389099121,0.7913960814476013,0.001,14.375851392745972
674,5,58,85780,128,1.3175578117370605,1.3175578117370605,0.9625945091247559,0.001,14.393413782119751
675,5,59,85908,128,2.205028533935547,2.205028533935547,0.7980038523674011,0.001,14.41107702255249
676,5,60,86036,128,1.8402143716812134,1.8402143716812134,0.8542343378067017,0.001,14.428865194320679
677,5,61,86164,128,1.7749638557434082,1.7749638557434082,0.9776567816734314,0.001,14.446823596954346
678,5,62,86292,128,1.8581562042236328,1.8581562042236328,0.949191689491272,0.001,14.464448928833008
679,5,63,86420,128,1.3429834842681885,1.3429834842681885,0.9249176383018494,0.001,14.48182725906372
680,5,64,86548,128,1.554132342338562,1.554132342338562,1.3812452554702759,0.001,14.499403953552246
681,5,65,86676,128,1.4306589365005493,1.4306589365005493,1.3149253129959106,0.001,14.517263889312744
682,5,66,86804,128,1.2745475769042969,1.2745475769042969,0.8095210194587708,0.001,14.535131931304932
683,5,67,86932,128,1.3124186992645264,1.3124186992645264,1.2257310152053833,0.001,14.552922010421753
684,5,68,87060,128,1.307277798652649,1.307277798652649,1.4008982181549072,0.001,14.571020603179932
685,5,69,87188,128,1.2935307025909424,1.2935307025909424,1.559306025505066,0.001,14.58874249458313
686,5,70,87316,128,1.5987414121627808,1.5987414121627808,0.8430411219596863,0.001,14.60622525215149
687,5,71,87444,128,1.702812671661377,1.702812671661377,1.143818736076355,0.001,14.623878002166748
688,5,72,87572,128,1.3570318222045898,1.3570318222045898,0.7394998073577881,0.001,14.641573905944824
689,5,73,87700,128,1.1971211433410645,1.1971211433410645,1.148410439491272,0.001,14.661076784133911
690,5,74,87828,128,1.16867196559906,1.16867196559906,1.0379185676574707,0.001,14.678545713424683
691,5,75,87956,128,1.3951640129089355,1.3951640129089355,0.7940331101417542,0.001,14.696333408355713
692,5,76,88084,128,1.5409921407699585,1.5409921407699585,0.8848726749420166,0.001,14.714121580123901
693,5,77,88212,128,1.2462983131408691,1.2462983131408691,1.0271897315979004,0.001,14.731646537780762
694,5,78,88340,128,1.3657338619232178,1.3657338619232178,1.0356560945510864,0.001,14.749051809310913
695,5,79,88468,128,1.4156752824783325,1.4156752824783325,1.202703833580017,0.001,14.766835927963257
696,5,80,88596,128,1.3316540718078613,1.3316540718078613,0.967189371585846,0.001,14.78446650505066
697,5,81,88724,128,0.9672874808311462,0.9672874808311462,1.0060168504714966,0.001,14.801928043365479
698,5,82,88852,128,1.0836164951324463,1.0836164951324463,0.9823389053344727,0.001,14.819489479064941
699,5,83,88980,128,1.368815302848816,1.368815302848816,0.9873384833335876,0.001,14.837225675582886
700,5,84,89108,128,1.2115479707717896,1.2115479707717896,1.02582848072052,0.001,14.855034112930298
701,5,85,89236,128,1.5453041791915894,1.5453041791915894,1.1898798942565918,0.001,14.872580289840698
702,5,86,89364,128,1.376971960067749,1.376971960067749,0.9779730439186096,0.001,14.889899015426636
703,5,87,89492,128,1.0523326396942139,1.0523326396942139,1.0389559268951416,0.001,14.908183097839355
704,5,88,89620,128,1.1683869361877441,1.1683869361877441,1.2070599794387817,0.001,14.925873517990112
705,5,89,89748,128,1.2164535522460938,1.2164535522460938,0.9432930946350098,0.001,14.943454027175903
706,5,90,89876,128,1.2278956174850464,1.2278956174850464,0.8836259245872498,0.001,14.96114706993103
707,5,91,90004,128,1.5817214250564575,1.5817214250564575,0.8388761878013611,0.001,14.979196310043335
708,5,92,90132,128,1.696639060974121,1.696639060974121,1.1580743789672852,0.001,14.996557235717773
709,5,93,90260,128,2.1401312351226807,2.1401312351226807,1.3316246271133423,0.001,15.013980865478516
710,5,94,90388,128,1.3299674987792969,1.3299674987792969,0.7621286511421204,0.001,15.031746864318848
711,5,95,90516,128,0.9332370758056641,0.9332370758056641,1.1587077379226685,0.001,15.04927396774292
712,5,96,90644,128,1.3382155895233154,1.3382155895233154,1.0078424215316772,0.001,15.066659688949585
713,5,97,90772,128,1.0592741966247559,1.0592741966247559,0.9804474115371704,0.001,15.084311962127686
714,5,98,90900,128,1.406262755393982,1.406262755393982,0.9058465957641602,0.001,15.102036952972412
715,5,99,91028,128,1.54889976978302,1.54889976978302,1.0873417854309082,0.001,15.119540691375732
716,5,100,91156,128,1.1422797441482544,1.1422797441482544,0.9385398626327515,0.001,15.136917352676392
717,5,101,91284,128,1.1937659978866577,1.1937659978866577,1.2587199211120605,0.001,15.154438734054565
718,5,102,91412,128,1.2036418914794922,1.2036418914794922,1.4401590824127197,0.001,15.172289609909058
719,5,103,91540,128,1.148788571357727,1.148788571357727,0.8557403683662415,0.001,15.18991732597351
720,5,104,91668,128,1.3272579908370972,1.3272579908370972,0.885503351688385,0.001,15.207273960113525
721,5,105,91796,128,1.4082995653152466,1.4082995653152466,0.8321381211280823,0.001,15.22475814819336
722,5,106,91924,128,1.6841861009597778,1.6841861009597778,1.034831166267395,0.001,15.242473840713501
723,5,107,92052,128,1.3152536153793335,1.3152536153793335,1.1071473360061646,0.001,15.259939670562744
724,5,108,92180,128,1.409391164779663,1.409391164779663,1.31228768825531,0.001,15.277332782745361
725,5,109,92308,128,1.106999397277832,1.106999397277832,1.2903963327407837,0.001,15.29487919807434
726,5,110,92436,128,1.3428503274917603,1.3428503274917603,1.02495276927948,0.001,15.31263542175293
727,5,111,92564,128,1.409648060798645,1.409648060798645,1.0342144966125488,0.001,15.330230474472046
728,5,112,92692,128,1.707592248916626,1.707592248916626,1.4195942878723145,0.001,15.347808361053467
729,5,113,92820,128,1.2271093130111694,1.2271093130111694,1.3198072910308838,0.001,15.365759372711182
730,5,114,92948,128,1.2100186347961426,1.2100186347961426,0.9437499046325684,0.001,15.383374452590942
731,5,115,93076,128,1.1389483213424683,1.1389483213424683,1.3574161529541016,0.001,15.401092290878296
732,5,116,93204,128,1.4222079515457153,1.4222079515457153,0.8862916231155396,0.001,15.418818712234497
733,5,117,93332,128,1.669031023979187,1.669031023979187,1.5492314100265503,0.001,15.43680453300476
734,5,118,93460,128,1.6156847476959229,1.6156847476959229,1.0117942094802856,0.001,15.4545738697052
735,5,119,93588,128,1.060139536857605,1.060139536857605,0.9696841835975647,0.001,15.472084760665894
736,5,120,93716,128,1.0775609016418457,1.0775609016418457,1.4162499904632568,0.001,15.489550590515137
737,5,121,93844,128,1.5570298433303833,1.5570298433303833,1.1397552490234375,0.001,15.50782060623169
738,5,122,93972,128,1.2160028219223022,1.2160028219223022,1.2477914094924927,0.001,15.52546215057373
739,5,123,94100,128,1.5196492671966553,1.5196492671966553,1.1280295848846436,0.001,15.542971849441528
740,5,124,94228,128,1.3082152605056763,1.3082152605056763,1.321359634399414,0.001,15.560470819473267
741,5,125,94356,128,1.35152006149292,1.35152006149292,1.4626928567886353,0.001,15.578112602233887
742,5,126,94484,128,1.1569198369979858,1.1569198369979858,1.0616652965545654,0.001,15.595401048660278
743,5,127,94612,128,1.2407199144363403,1.2407199144363403,0.9300401210784912,0.001,15.612888097763062
744,5,128,94740,128,1.0163909196853638,1.0163909196853638,1.252490520477295,0.001,15.630421876907349
745,5,129,94868,128,1.2073622941970825,1.2073622941970825,0.9753168225288391,0.001,15.648193359375
746,5,130,94996,128,1.2007352113723755,1.2007352113723755,0.7333950996398926,0.001,15.665588855743408
747,5,131,95124,128,1.3963967561721802,1.3963967561721802,1.189710259437561,0.001,15.682962656021118
748,5,132,95252,128,1.2461010217666626,1.2461010217666626,0.8517564535140991,0.001,15.700522899627686
749,5,133,95380,128,1.1902618408203125,1.1902618408203125,1.2754276990890503,0.001,15.718152523040771
750,5,134,95508,128,1.6872988939285278,1.6872988939285278,1.4084733724594116,0.001,15.735500574111938
751,5,135,95636,128,1.518086314201355,1.518086314201355,1.1282552480697632,0.001,15.75287127494812
752,5,136,95764,128,1.189083218574524,1.189083218574524,0.8544309735298157,0.001,15.77073621749878
753,5,137,95892,128,1.305098533630371,1.305098533630371,1.4874491691589355,0.001,15.78802752494812
754,5,138,96020,128,1.1620407104492188,1.1620407104492188,1.1703357696533203,0.001,15.80544900894165
755,5,139,96148,128,1.2355802059173584,1.2355802059173584,1.2869850397109985,0.001,15.822971820831299
756,5,140,96276,128,1.251651406288147,1.251651406288147,0.9326009154319763,0.001,15.840667963027954
757,5,141,96404,128,1.5065401792526245,1.5065401792526245,1.2961257696151733,0.001,15.85810375213623
758,5,142,96532,128,1.4400891065597534,1.4400891065597534,0.805779755115509,0.001,15.875407695770264
759,5,143,96660,128,1.383301019668579,1.383301019668579,0.9885213375091553,0.001,15.892977714538574
760,5,144,96788,128,1.585113525390625,1.585113525390625,1.1261956691741943,0.001,15.911132335662842
761,5,145,96916,128,1.2446937561035156,1.2446937561035156,1.4047136306762695,0.001,15.928920030593872
762,5,146,97044,128,1.4842373132705688,1.4842373132705688,1.3691465854644775,0.001,15.946446895599365
763,5,147,97172,128,1.1916816234588623,1.1916816234588623,0.9540800452232361,0.001,15.964113473892212
764,5,148,97300,128,1.5570299625396729,1.5570299625396729,1.0150214433670044,0.001,15.981964826583862
765,5,149,97428,128,1.4960137605667114,1.4960137605667114,1.0358808040618896,0.001,15.999642372131348
766,5,150,97556,128,1.0914548635482788,1.0914548635482788,1.327854037284851,0.001,16.017237186431885
767,5,151,97684,128,1.354572057723999,1.354572057723999,1.2672145366668701,0.001,16.035062551498413
768,5,152,97812,128,1.5277059078216553,1.5277059078216553,1.0463913679122925,0.001,16.052725553512573
769,5,153,97940,128,1.1929126977920532,1.1929126977920532,0.8618160486221313,0.001,16.07008385658264
770,5,154,97945,5,0.8198634386062622,0.8198634386062622,0.5024268627166748,0.001,16.072758674621582
771,6,1,98073,128,1.1676654815673828,1.1676654815673828,0.9568148851394653,0.001,16.753543376922607
772,6,2,98201,128,1.4897056818008423,1.4897056818008423,1.162408709526062,0.001,16.77137541770935
773,6,3,98329,128,0.9872045516967773,0.9872045516967773,1.3132257461547852,0.001,16.78878164291382
774,6,4,98457,128,1.250710368156433,1.250710368156433,0.9738206267356873,0.001,16.80653214454651
775,6,5,98585,128,1.6597169637680054,1.6597169637680054,0.9303898215293884,0.001,16.823638200759888
776,6,6,98713,128,1.2724992036819458,1.2724992036819458,1.0564857721328735,0.001,16.841256141662598
777,6,7,98841,128,1.4658030271530151,1.4658030271530151,1.049147605895996,0.001,16.858920335769653
778,6,8,98969,128,1.4796056747436523,1.4796056747436523,1.1478302478790283,0.001,16.87612533569336
779,6,9,99097,128,1.2070605754852295,1.2070605754852295,0.8207070827484131,0.001,16.893957138061523
780,6,10,99225,128,1.4478025436401367,1.4478025436401367,1.4913731813430786,0.001,16.913766622543335
781,6,11,99353,128,1.1388767957687378,1.1388767957687378,1.0537794828414917,0.001,16.93208336830139
782,6,12,99481,128,1.8006032705307007,1.8006032705307007,0.8523412346839905,0.001,16.949578523635864
783,6,13,99609,128,1.3886828422546387,1.3886828422546387,1.121644139289856,0.001,16.967548370361328
784,6,14,99737,128,1.362790822982788,1.362790822982788,1.3825300931930542,0.001,16.984812259674072
785,6,15,99865,128,1.2571686506271362,1.2571686506271362,1.022776484489441,0.001,17.00216007232666
786,6,16,99993,128,1.6221286058425903,1.6221286058425903,1.0405298471450806,0.001,17.0194354057312
787,6,17,100121,128,1.2883623838424683,1.2883623838424683,1.3689385652542114,0.001,17.03659415245056
788,6,18,100249,128,0.9915373921394348,0.9915373921394348,0.8869431614875793,0.001,17.05405020713806
789,6,19,100377,128,1.2536990642547607,1.2536990642547607,0.8739957809448242,0.001,17.071521282196045
790,6,20,100505,128,1.0800338983535767,1.0800338983535767,1.2655467987060547,0.001,17.088829278945923
791,6,21,100633,128,1.3101991415023804,1.3101991415023804,0.8348259329795837,0.001,17.10640239715576
792,6,22,100761,128,1.3396319150924683,1.3396319150924683,1.0146411657333374,0.001,17.123838186264038
793,6,23,100889,128,1.1571693420410156,1.1571693420410156,1.1511796712875366,0.001,17.14154076576233
794,6,24,101017,128,1.085301160812378,1.085301160812378,1.2089234590530396,0.001,17.159053087234497
795,6,25,101145,128,1.452417254447937,1.452417254447937,0.7993720769882202,0.001,17.17711067199707
796,6,26,101273,128,1.767317295074463,1.767317295074463,1.301481008529663,0.001,17.194572687149048
797,6,27,101401,128,1.371285319328308,1.371285319328308,1.1260740756988525,0.001,17.211896657943726
798,6,28,101529,128,1.243869423866272,1.243869423866272,0.9775776267051697,0.001,17.229151248931885
799,6,29,101657,128,1.0208461284637451,1.0208461284637451,1.1186169385910034,0.001,17.247134923934937
800,6,30,101785,128,1.1263898611068726,1.1263898611068726,1.2926164865493774,0.001,17.264517068862915
801,6,31,101913,128,1.1738158464431763,1.1738158464431763,1.1883302927017212,0.001,17.28221344947815
802,6,32,102041,128,1.869415283203125,1.869415283203125,0.9509143233299255,0.001,17.299752473831177
803,6,33,102169,128,1.414117455482483,1.414117455482483,0.9514404535293579,0.001,17.317421197891235
804,6,34,102297,128,1.1064695119857788,1.1064695119857788,0.8708138465881348,0.001,17.335216283798218
805,6,35,102425,128,1.4844732284545898,1.4844732284545898,0.9263619184494019,0.001,17.35248327255249
806,6,36,102553,128,1.2768430709838867,1.2768430709838867,0.9994052648544312,0.001,17.370423555374146
807,6,37,102681,128,1.4085700511932373,1.4085700511932373,1.2231398820877075,0.001,17.38802480697632
808,6,38,102809,128,1.8295186758041382,1.8295186758041382,1.286010980606079,0.001,17.4054594039917
809,6,39,102937,128,1.6724923849105835,1.6724923849105835,1.0702862739562988,0.001,17.42279291152954
810,6,40,103065,128,1.5767203569412231,1.5767203569412231,0.9636732935905457,0.001,17.44073748588562
811,6,41,103193,128,0.9271358847618103,0.9271358847618103,1.1297041177749634,0.001,17.45849585533142
812,6,42,103321,128,1.2619723081588745,1.2619723081588745,1.0464496612548828,0.001,17.475745916366577
813,6,43,103449,128,1.264140009880066,1.264140009880066,1.1987453699111938,0.001,17.493215560913086
814,6,44,103577,128,1.2381665706634521,1.2381665706634521,1.0649104118347168,0.001,17.510977506637573
815,6,45,103705,128,1.0772063732147217,1.0772063732147217,0.8893982172012329,0.001,17.52836036682129
816,6,46,103833,128,1.2488237619400024,1.2488237619400024,1.17045259475708,0.001,17.545778274536133
817,6,47,103961,128,1.2259602546691895,1.2259602546691895,0.8671385049819946,0.001,17.56326675415039
818,6,48,104089,128,1.0010217428207397,1.0010217428207397,1.0166031122207642,0.001,17.580838203430176
819,6,49,104217,128,1.0032312870025635,1.0032312870025635,1.133460283279419,0.001,17.598402976989746
820,6,50,104345,128,1.267566442489624,1.267566442489624,1.1037455797195435,0.001,17.61577343940735
821,6,51,104473,128,1.3979004621505737,1.3979004621505737,1.2762796878814697,0.001,17.63327646255493
822,6,52,104601,128,1.6623578071594238,1.6623578071594238,1.270879864692688,0.001,17.651137113571167
823,6,53,104729,128,1.2641544342041016,1.2641544342041016,1.146887183189392,0.001,17.66880512237549
824,6,54,104857,128,1.2790199518203735,1.2790199518203735,1.034986138343811,0.001,17.686554670333862
825,6,55,104985,128,1.2521520853042603,1.2521520853042603,1.1131948232650757,0.001,17.7047700881958
826,6,56,105113,128,1.683154821395874,1.683154821395874,1.493314266204834,0.001,17.722565174102783
827,6,57,105241,128,1.6486181020736694,1.6486181020736694,1.210056185722351,0.001,17.74029016494751
828,6,58,105369,128,1.0401393175125122,1.0401393175125122,1.8479838371276855,0.001,17.757686138153076
829,6,59,105497,128,1.1834954023361206,1.1834954023361206,1.1918911933898926,0.001,17.775420427322388
830,6,60,105625,128,1.2831143140792847,1.2831143140792847,1.3031649589538574,0.001,17.792762756347656
831,6,61,105753,128,1.336072325706482,1.336072325706482,0.9532986879348755,0.001,17.81041193008423
832,6,62,105881,128,1.2411441802978516,1.2411441802978516,1.344744324684143,0.001,17.827980995178223
833,6,63,106009,128,1.4106041193008423,1.4106041193008423,1.181784749031067,0.001,17.84576439857483
834,6,64,106137,128,1.1602833271026611,1.1602833271026611,1.3241069316864014,0.001,17.8635573387146
835,6,65,106265,128,1.3333691358566284,1.3333691358566284,1.2006949186325073,0.001,17.880804538726807
836,6,66,106393,128,1.5463241338729858,1.5463241338729858,1.293653130531311,0.001,17.89869236946106
837,6,67,106521,128,1.548067331314087,1.548067331314087,1.076898217201233,0.001,17.91665744781494
838,6,68,106649,128,0.9835522174835205,0.9835522174835205,1.3167834281921387,0.001,17.934021949768066
839,6,69,106777,128,1.2916207313537598,1.2916207313537598,1.088004469871521,0.001,17.951204299926758
840,6,70,106905,128,1.1613922119140625,1.1613922119140625,0.8060909509658813,0.001,17.968464612960815
841,6,71,107033,128,1.5055798292160034,1.5055798292160034,1.1206400394439697,0.001,17.986519813537598
842,6,72,107161,128,0.9155047535896301,0.9155047535896301,1.159309983253479,0.001,18.003949403762817
843,6,73,107289,128,0.9483247995376587,0.9483247995376587,1.275887131690979,0.001,18.021759748458862
844,6,74,107417,128,1.2075388431549072,1.2075388431549072,1.351971983909607,0.001,18.04004168510437
845,6,75,107545,128,1.0230246782302856,1.0230246782302856,1.0363311767578125,0.001,18.057788133621216
846,6,76,107673,128,1.480226755142212,1.480226755142212,1.0764758586883545,0.001,18.07540202140808
847,6,77,107801,128,1.8434017896652222,1.8434017896652222,0.8009699583053589,0.001,18.092683792114258
848,6,78,107929,128,1.6238702535629272,1.6238702535629272,1.211678147315979,0.001,18.110692977905273
849,6,79,108057,128,1.4874869585037231,1.4874869585037231,0.7743589282035828,0.001,18.128376960754395
850,6,80,108185,128,1.4346307516098022,1.4346307516098022,0.9406856298446655,0.001,18.145681619644165
851,6,81,108313,128,1.627396821975708,1.627396821975708,1.1406960487365723,0.001,18.16292428970337
852,6,82,108441,128,1.6024644374847412,1.6024644374847412,0.8826768398284912,0.001,18.180583477020264
853,6,83,108569,128,1.2972500324249268,1.2972500324249268,1.0983327627182007,0.001,18.197705030441284
854,6,84,108697,128,1.3614022731781006,1.3614022731781006,0.7732126712799072,0.001,18.214770078659058
855,6,85,108825,128,1.5743860006332397,1.5743860006332397,0.7859649062156677,0.001,18.232085704803467
856,6,86,108953,128,1.4118505716323853,1.4118505716323853,0.7464999556541443,0.001,18.25016760826111
857,6,87,109081,128,1.5430264472961426,1.5430264472961426,1.3202553987503052,0.001,18.26799750328064
858,6,88,109209,128,1.308717131614685,1.308717131614685,1.0066677331924438,0.001,18.28559184074402
859,6,89,109337,128,1.266460657119751,1.266460657119751,1.1298010349273682,0.001,18.30364966392517
860,6,90,109465,128,1.22408127784729,1.22408127784729,0.8599501848220825,0.001,18.321235418319702
861,6,91,109593,128,1.2369446754455566,1.2369446754455566,0.9667618274688721,0.001,18.338830709457397
862,6,92,109721,128,1.067623496055603,1.067623496055603,1.0765485763549805,0.001,18.356210470199585
863,6,93,109849,128,1.026660442352295,1.026660442352295,1.2565038204193115,0.001,18.374093055725098
864,6,94,109977,128,1.333429217338562,1.333429217338562,0.9096775650978088,0.001,18.391782522201538
865,6,95,110105,128,1.3738937377929688,1.3738937377929688,1.1980339288711548,0.001,18.40907335281372
866,6,96,110233,128,0.9463275074958801,0.9463275074958801,1.0329604148864746,0.001,18.426381587982178
867,6,97,110361,128,1.5381563901901245,1.5381563901901245,0.9349359273910522,0.001,18.444277048110962
868,6,98,110489,128,1.486676573753357,1.486676573753357,1.039207935333252,0.001,18.461700439453125
869,6,99,110617,128,1.0387581586837769,1.0387581586837769,1.4122474193572998,0.001,18.47901201248169
870,6,100,110745,128,1.1429080963134766,1.1429080963134766,0.9890432953834534,0.001,18.49650740623474
871,6,101,110873,128,1.1348013877868652,1.1348013877868652,0.8489527702331543,0.001,18.5139799118042
872,6,102,111001,128,1.379832148551941,1.379832148551941,0.9837700724601746,0.001,18.53119993209839
873,6,103,111129,128,1.9723366498947144,1.9723366498947144,1.3554637432098389,0.001,18.548362970352173
874,6,104,111257,128,1.4757295846939087,1.4757295846939087,1.0761600732803345,0.001,18.565691471099854
875,6,105,111385,128,1.39011812210083,1.39011812210083,1.2790330648422241,0.001,18.58369493484497
876,6,106,111513,128,1.7457435131072998,1.7457435131072998,1.1879066228866577,0.001,18.60113763809204
877,6,107,111641,128,1.4709903001785278,1.4709903001785278,1.2130005359649658,0.001,18.618586778640747
878,6,108,111769,128,0.878355085849762,0.878355085849762,0.6947762370109558,0.001,18.635969400405884
879,6,109,111897,128,1.2345874309539795,1.2345874309539795,0.9344373941421509,0.001,18.653814554214478
880,6,110,112025,128,1.3059231042861938,1.3059231042861938,1.1619077920913696,0.001,18.671656847000122
881,6,111,112153,128,1.1437363624572754,1.1437363624572754,1.3397037982940674,0.001,18.689963340759277
882,6,112,112281,128,0.9844571948051453,0.9844571948051453,1.069627046585083,0.001,18.707858085632324
883,6,113,112409,128,1.2129521369934082,1.2129521369934082,1.265899419784546,0.001,18.72569966316223
884,6,114,112537,128,1.4668073654174805,1.4668073654174805,1.0167313814163208,0.001,18.743308305740356
885,6,115,112665,128,1.3610976934432983,1.3610976934432983,1.0152441263198853,0.001,18.76062321662903
886,6,116,112793,128,0.9129225015640259,0.9129225015640259,1.2367228269577026,0.001,18.778565645217896
887,6,117,112921,128,1.4657628536224365,1.4657628536224365,1.421444058418274,0.001,18.79611325263977
888,6,118,113049,128,0.9666666984558105,0.9666666984558105,1.211530327796936,0.001,18.813652992248535
889,6,119,113177,128,1.2024930715560913,1.2024930715560913,0.974789023399353,0.001,18.831108570098877
890,6,120,113305,128,1.424815058708191,1.424815058708191,0.9230486154556274,0.001,18.848684072494507
891,6,121,113433,128,0.8783739805221558,0.8783739805221558,1.0931978225708008,0.001,18.866360425949097
892,6,122,113561,128,1.319024682044983,1.319024682044983,0.8464310169219971,0.001,18.883917570114136
893,6,123,113689,128,1.7170889377593994,1.7170889377593994,1.1575225591659546,0.001,18.90153980255127
894,6,124,113817,128,0.994038462638855,0.994038462638855,0.9429789185523987,0.001,18.919400930404663
895,6,125,113945,128,1.2256803512573242,1.2256803512573242,0.99274080991745,0.001,18.9367573261261
896,6,126,114073,128,1.5283225774765015,1.5283225774765015,1.0014386177062988,0.001,18.954383850097656
897,6,127,114201,128,1.1673192977905273,1.1673192977905273,1.2896054983139038,0.001,18.972119092941284
898,6,128,114329,128,1.1499723196029663,1.1499723196029663,1.1631227731704712,0.001,18.989707231521606
899,6,129,114457,128,1.0810000896453857,1.0810000896453857,1.0982643365859985,0.001,19.007107973098755
900,6,130,114585,128,1.1753283739089966,1.1753283739089966,0.9908010363578796,0.001,19.024272441864014
901,6,131,114713,128,1.1387226581573486,1.1387226581573486,0.9168046116828918,0.001,19.041926622390747
902,6,132,114841,128,1.6203585863113403,1.6203585863113403,1.1822984218597412,0.001,19.05939221382141
903,6,133,114969,128,1.22270667552948,1.22270667552948,0.9188063740730286,0.001,19.07681679725647
904,6,134,115097,128,1.3026589155197144,1.3026589155197144,1.3171641826629639,0.001,19.094210624694824
905,6,135,115225,128,1.3417483568191528,1.3417483568191528,0.9071165323257446,0.001,19.111929655075073
906,6,136,115353,128,1.3902645111083984,1.3902645111083984,1.2681777477264404,0.001,19.129299879074097
907,6,137,115481,128,1.4455050230026245,1.4455050230026245,1.3293240070343018,0.001,19.146574020385742
908,6,138,115609,128,1.3011972904205322,1.3011972904205322,0.6378889083862305,0.001,19.16384506225586
909,6,139,115737,128,1.1643368005752563,1.1643368005752563,1.2790130376815796,0.001,19.18161702156067
910,6,140,115865,128,1.0282115936279297,1.0282115936279297,0.9624680876731873,0.001,19.19911479949951
911,6,141,115993,128,1.1427451372146606,1.1427451372146606,0.8683598041534424,0.001,19.216073036193848
912,6,142,116121,128,1.1842098236083984,1.1842098236083984,0.8962288498878479,0.001,19.23316764831543
913,6,143,116249,128,1.2924108505249023,1.2924108505249023,1.0194076299667358,0.001,19.250635623931885
914,6,144,116377,128,1.2068301439285278,1.2068301439285278,0.9900373816490173,0.001,19.26806116104126
915,6,145,116505,128,1.3761440515518188,1.3761440515518188,1.2662277221679688,0.001,19.285337209701538
916,6,146,116633,128,1.0681487321853638,1.0681487321853638,0.9853475093841553,0.001,19.302735328674316
917,6,147,116761,128,1.1620123386383057,1.1620123386383057,0.899560272693634,0.001,19.31999444961548
918,6,148,116889,128,1.2722781896591187,1.2722781896591187,1.0033540725708008,0.001,19.337111949920654
919,6,149,117017,128,1.2318904399871826,1.2318904399871826,1.2736551761627197,0.001,19.354169607162476
920,6,150,117145,128,0.9216416478157043,0.9216416478157043,0.8386403918266296,0.001,19.371834754943848
921,6,151,117273,128,1.4015029668807983,1.4015029668807983,1.2674847841262817,0.001,19.389548301696777
922,6,152,117401,128,1.190926194190979,1.190926194190979,1.0920745134353638,0.001,19.406961917877197
923,6,153,117529,128,0.9519002437591553,0.9519002437591553,1.0553088188171387,0.001,19.42430019378662
924,6,154,117534,5,1.5903226137161255,1.5903226137161255,0.9271790385246277,0.001,19.42678427696228
925,7,1,117662,128,1.2390854358673096,1.2390854358673096,0.8816478848457336,0.001,20.104699850082397
926,7,2,117790,128,1.4988927841186523,1.4988927841186523,0.9013252258300781,0.001,20.122512102127075
927,7,3,117918,128,1.2528804540634155,1.2528804540634155,1.1153647899627686,0.001,20.13990330696106
928,7,4,118046,128,1.2957760095596313,1.2957760095596313,1.111473560333252,0.001,20.157706260681152
929,7,5,118174,128,1.3381197452545166,1.3381197452545166,0.9473326802253723,0.001,20.175493955612183
930,7,6,118302,128,1.211259126663208,1.211259126663208,1.2993578910827637,0.001,20.193249225616455
931,7,7,118430,128,1.373899221420288,1.373899221420288,0.9029582738876343,0.001,20.21075701713562
932,7,8,118558,128,1.061313509941101,1.061313509941101,1.0806604623794556,0.001,20.228086709976196
933,7,9,118686,128,1.3280199766159058,1.3280199766159058,1.0097259283065796,0.001,20.24589252471924
934,7,10,118814,128,0.9917214512825012,0.9917214512825012,0.6202336549758911,0.001,20.263508558273315
935,7,11,118942,128,1.6597334146499634,1.6597334146499634,1.2125595808029175,0.001,20.280810594558716
936,7,12,119070,128,1.5346251726150513,1.5346251726150513,1.1209232807159424,0.001,20.298433303833008
937,7,13,119198,128,1.2861074209213257,1.2861074209213257,1.034682273864746,0.001,20.316142082214355
938,7,14,119326,128,1.218012809753418,1.218012809753418,0.9737971425056458,0.001,20.33369541168213
939,7,15,119454,128,1.6340343952178955,1.6340343952178955,1.092905044555664,0.001,20.35089111328125
940,7,16,119582,128,1.3390628099441528,1.3390628099441528,1.2312008142471313,0.001,20.36831498146057
941,7,17,119710,128,1.3059616088867188,1.3059616088867188,0.8083006143569946,0.001,20.38582468032837
942,7,18,119838,128,1.1492210626602173,1.1492210626602173,0.9735152125358582,0.001,20.403106212615967
943,7,19,119966,128,1.532043695449829,1.532043695449829,1.313979983329773,0.001,20.420274019241333
944,7,20,120094,128,1.1253713369369507,1.1253713369369507,0.7997294068336487,0.001,20.437448501586914
945,7,21,120222,128,1.4429436922073364,1.4429436922073364,1.0689986944198608,0.001,20.455230236053467
946,7,22,120350,128,1.2904911041259766,1.2904911041259766,0.8559268116950989,0.001,20.47229838371277
947,7,23,120478,128,1.1246614456176758,1.1246614456176758,1.0801265239715576,0.001,20.489295959472656
948,7,24,120606,128,1.2147793769836426,1.2147793769836426,1.1059436798095703,0.001,20.50670576095581
949,7,25,120734,128,1.6773951053619385,1.6773951053619385,1.205230474472046,0.001,20.52393651008606
950,7,26,120862,128,1.0960901975631714,1.0960901975631714,1.4708561897277832,0.001,20.540955066680908
951,7,27,120990,128,1.1044254302978516,1.1044254302978516,1.4227049350738525,0.001,20.55830478668213
952,7,28,121118,128,1.217940092086792,1.217940092086792,1.1880240440368652,0.001,20.57567310333252
953,7,29,121246,128,1.2208834886550903,1.2208834886550903,1.0746029615402222,0.001,20.59287190437317
954,7,30,121374,128,1.595386028289795,1.595386028289795,1.0326542854309082,0.001,20.610246658325195
955,7,31,121502,128,1.1993920803070068,1.1993920803070068,1.3605636358261108,0.001,20.627551317214966
956,7,32,121630,128,0.8423606157302856,0.8423606157302856,1.4867193698883057,0.001,20.645190238952637
957,7,33,121758,128,1.1377633810043335,1.1377633810043335,1.27350914478302,0.001,20.662649869918823
958,7,34,121886,128,1.1050875186920166,1.1050875186920166,1.1846368312835693,0.001,20.680119514465332
959,7,35,122014,128,1.5122740268707275,1.5122740268707275,0.9511796236038208,0.001,20.69761562347412
960,7,36,122142,128,1.330629825592041,1.330629825592041,1.1873756647109985,0.001,20.71546459197998
961,7,37,122270,128,1.3493708372116089,1.3493708372116089,0.8278645873069763,0.001,20.732978343963623
962,7,38,122398,128,0.9945361018180847,0.9945361018180847,1.2935398817062378,0.001,20.750386476516724
963,7,39,122526,128,1.2749221324920654,1.2749221324920654,1.080657720565796,0.001,20.767762184143066
964,7,40,122654,128,1.0991334915161133,1.0991334915161133,1.46730637550354,0.001,20.78536581993103
965,7,41,122782,128,1.492443561553955,1.492443561553955,0.9940462708473206,0.001,20.80294632911682
966,7,42,122910,128,1.1685945987701416,1.1685945987701416,1.2656362056732178,0.001,20.82036805152893
967,7,43,123038,128,1.1237664222717285,1.1237664222717285,1.0656306743621826,0.001,20.837919235229492
968,7,44,123166,128,1.0005877017974854,1.0005877017974854,0.8704845309257507,0.001,20.855624675750732
969,7,45,123294,128,1.1121951341629028,1.1121951341629028,1.3717223405838013,0.001,20.87272047996521
970,7,46,123422,128,1.0358928442001343,1.0358928442001343,0.9982826709747314,0.001,20.890323162078857
971,7,47,123550,128,1.3290902376174927,1.3290902376174927,0.8126857876777649,0.001,20.908477783203125
972,7,48,123678,128,1.1330742835998535,1.1330742835998535,0.8477608561515808,0.001,20.926091194152832
973,7,49,123806,128,0.9891785383224487,0.9891785383224487,1.2259973287582397,0.001,20.943673610687256
974,7,50,123934,128,1.1197160482406616,1.1197160482406616,0.9113948941230774,0.001,20.961265325546265
975,7,51,124062,128,1.1416902542114258,1.1416902542114258,1.2583746910095215,0.001,20.979179620742798
976,7,52,124190,128,1.2565672397613525,1.2565672397613525,0.7510495185852051,0.001,20.99673295021057
977,7,53,124318,128,1.2180922031402588,1.2180922031402588,1.3281747102737427,0.001,21.014397382736206
978,7,54,124446,128,0.920689046382904,0.920689046382904,1.3058937788009644,0.001,21.031846284866333
979,7,55,124574,128,1.0259485244750977,1.0259485244750977,1.1810909509658813,0.001,21.049720764160156
980,7,56,124702,128,1.196395993232727,1.196395993232727,1.1938430070877075,0.001,21.067078113555908
981,7,57,124830,128,1.2768993377685547,1.2768993377685547,1.1294379234313965,0.001,21.084451913833618
982,7,58,124958,128,1.2509117126464844,1.2509117126464844,1.0384851694107056,0.001,21.101810216903687
983,7,59,125086,128,0.9546830654144287,0.9546830654144287,0.9306522607803345,0.001,21.11987590789795
984,7,60,125214,128,1.112156867980957,1.112156867980957,1.068799614906311,0.001,21.13766312599182
985,7,61,125342,128,1.0764673948287964,1.0764673948287964,0.9982824921607971,0.001,21.156797885894775
986,7,62,125470,128,1.211713194847107,1.211713194847107,0.7869647145271301,0.001,21.17444372177124
987,7,63,125598,128,1.2226840257644653,1.2226840257644653,1.391616702079773,0.001,21.191967964172363
988,7,64,125726,128,1.1675052642822266,1.1675052642822266,1.034928321838379,0.001,21.20926284790039
989,7,65,125854,128,1.1585216522216797,1.1585216522216797,0.9226709008216858,0.001,21.226583003997803
990,7,66,125982,128,1.1399006843566895,1.1399006843566895,1.0891072750091553,0.001,21.244174003601074
991,7,67,126110,128,1.0459448099136353,1.0459448099136353,0.9645660519599915,0.001,21.261760473251343
992,7,68,126238,128,1.2244517803192139,1.2244517803192139,1.489170789718628,0.001,21.279239654541016
993,7,69,126366,128,0.9040756225585938,0.9040756225585938,1.1324870586395264,0.001,21.29665756225586
994,7,70,126494,128,1.5021495819091797,1.5021495819091797,1.2356114387512207,0.001,21.314244270324707
995,7,71,126622,128,1.3785817623138428,1.3785817623138428,1.5381108522415161,0.001,21.33173894882202
996,7,72,126750,128,1.058782935142517,1.058782935142517,0.6778697967529297,0.001,21.3490469455719
997,7,73,126878,128,1.3062914609909058,1.3062914609909058,0.8587231636047363,0.001,21.36647057533264
998,7,74,127006,128,1.2881759405136108,1.2881759405136108,0.7313742637634277,0.001,21.38447117805481
999,7,75,127134,128,1.3932892084121704,1.3932892084121704,1.0091973543167114,0.001,21.40196204185486
1000,7,76,127262,128,1.5876715183258057,1.5876715183258057,1.270998239517212,0.001,21.419161319732666
1001,7,77,127390,128,0.9837464690208435,0.9837464690208435,1.2802718877792358,0.001,21.436476230621338
1002,7,78,127518,128,1.1182869672775269,1.1182869672775269,0.7147881984710693,0.001,21.454078912734985
1003,7,79,127646,128,0.985645592212677,0.985645592212677,1.362218976020813,0.001,21.471723556518555
1004,7,80,127774,128,1.4521174430847168,1.4521174430847168,1.4124115705490112,0.001,21.489312887191772
1005,7,81,127902,128,1.17171311378479,1.17171311378479,0.9979056119918823,0.001,21.507120847702026
1006,7,82,128030,128,1.2706725597381592,1.2706725597381592,0.9032080173492432,0.001,21.5249981880188
1007,7,83,128158,128,1.42182457447052,1.42182457447052,1.0102065801620483,0.001,21.542766571044922
1008,7,84,128286,128,1.2047045230865479,1.2047045230865479,0.8632562756538391,0.001,21.56071925163269
1009,7,85,128414,128,1.469879150390625,1.469879150390625,1.2457177639007568,0.001,21.579100131988525
1010,7,86,128542,128,1.4393410682678223,1.4393410682678223,1.256805658340454,0.001,21.596992254257202
1011,7,87,128670,128,1.4820165634155273,1.4820165634155273,0.9824202656745911,0.001,21.614768743515015
1012,7,88,128798,128,1.619410514831543,1.619410514831543,0.8253079652786255,0.001,21.63253355026245
1013,7,89,128926,128,1.482159972190857,1.482159972190857,0.9721459150314331,0.001,21.650475025177002
1014,7,90,129054,128,1.0479191541671753,1.0479191541671753,1.4391381740570068,0.001,21.668390035629272
1015,7,91,129182,128,1.3155754804611206,1.3155754804611206,1.2245460748672485,0.001,21.686182022094727
1016,7,92,129310,128,1.3469204902648926,1.3469204902648926,1.0333675146102905,0.001,21.703668117523193
1017,7,93,129438,128,1.094478726387024,1.094478726387024,1.4744031429290771,0.001,21.721701860427856
1018,7,94,129566,128,1.0862114429473877,1.0862114429473877,1.2181111574172974,0.001,21.73935317993164
1019,7,95,129694,128,1.3420509099960327,1.3420509099960327,1.1916520595550537,0.001,21.756721258163452
1020,7,96,129822,128,1.0204020738601685,1.0204020738601685,0.8255318999290466,0.001,21.77446436882019
1021,7,97,129950,128,0.9819870591163635,0.9819870591163635,0.8730076551437378,0.001,21.79233741760254
1022,7,98,130078,128,1.1600854396820068,1.1600854396820068,1.2396326065063477,0.001,21.809741973876953
1023,7,99,130206,128,1.456723928451538,1.456723928451538,1.2184580564498901,0.001,21.827152013778687
1024,7,100,130334,128,1.1841120719909668,1.1841120719909668,1.2596312761306763,0.001,21.84510612487793
1025,7,101,130462,128,1.646120309829712,1.646120309829712,0.8703827857971191,0.001,21.86261248588562
1026,7,102,130590,128,1.118997573852539,1.118997573852539,0.8405680060386658,0.001,21.880030393600464
1027,7,103,130718,128,1.043718695640564,1.043718695640564,1.3693183660507202,0.001,21.89773988723755
1028,7,104,130846,128,1.10798180103302,1.10798180103302,0.9161468744277954,0.001,21.915828704833984
1029,7,105,130974,128,1.191685438156128,1.191685438156128,0.9461225867271423,0.001,21.933339595794678
1030,7,106,131102,128,1.0780178308486938,1.0780178308486938,1.1211062669754028,0.001,21.951056003570557
1031,7,107,131230,128,1.4247021675109863,1.4247021675109863,1.2858697175979614,0.001,21.96842074394226
1032,7,108,131358,128,1.0678671598434448,1.0678671598434448,0.9008885025978088,0.001,21.98587679862976
1033,7,109,131486,128,1.3865777254104614,1.3865777254104614,1.0622203350067139,0.001,22.003344774246216
1034,7,110,131614,128,1.0878876447677612,1.0878876447677612,1.19562566280365,0.001,22.020838737487793
1035,7,111,131742,128,1.4813696146011353,1.4813696146011353,0.9180821776390076,0.001,22.038167715072632
1036,7,112,131870,128,1.0626401901245117,1.0626401901245117,1.2631217241287231,0.001,22.055668354034424
1037,7,113,131998,128,1.0145808458328247,1.0145808458328247,0.8749579191207886,0.001,22.073126316070557
1038,7,114,132126,128,1.1811248064041138,1.1811248064041138,0.7410963773727417,0.001,22.090526819229126
1039,7,115,132254,128,1.3779962062835693,1.3779962062835693,1.129981517791748,0.001,22.107973337173462
1040,7,116,132382,128,1.0080960988998413,1.0080960988998413,1.5539032220840454,0.001,22.125685214996338
1041,7,117,132510,128,1.283974528312683,1.283974528312683,1.2462776899337769,0.001,22.143279552459717
1042,7,118,132638,128,1.1199373006820679,1.1199373006820679,0.9778568744659424,0.001,22.16066336631775
1043,7,119,132766,128,1.2618869543075562,1.2618869543075562,1.2224065065383911,0.001,22.178354501724243
1044,7,120,132894,128,1.7353037595748901,1.7353037595748901,1.1080995798110962,0.001,22.19610071182251
1045,7,121,133022,128,1.5110481977462769,1.5110481977462769,0.9950999021530151,0.001,22.21372079849243
1046,7,122,133150,128,1.6483217477798462,1.6483217477798462,0.9618797302246094,0.001,22.23102045059204
1047,7,123,133278,128,1.2621015310287476,1.2621015310287476,1.0014903545379639,0.001,22.248820781707764
1048,7,124,133406,128,1.4571688175201416,1.4571688175201416,0.851559042930603,0.001,22.26637101173401
1049,7,125,133534,128,1.5163809061050415,1.5163809061050415,0.9560496211051941,0.001,22.283787727355957
1050,7,126,133662,128,1.161974310874939,1.161974310874939,1.355236291885376,0.001,22.301212310791016
1051,7,127,133790,128,1.4714431762695312,1.4714431762695312,0.9420957565307617,0.001,22.319026947021484
1052,7,128,133918,128,1.0664622783660889,1.0664622783660889,0.6944417953491211,0.001,22.336498022079468
1053,7,129,134046,128,1.2741702795028687,1.2741702795028687,0.8651341199874878,0.001,22.35394597053528
1054,7,130,134174,128,1.0447357892990112,1.0447357892990112,1.0030162334442139,0.001,22.371511697769165
1055,7,131,134302,128,0.9411024451255798,0.9411024451255798,1.410157322883606,0.001,22.38922119140625
1056,7,132,134430,128,1.3823407888412476,1.3823407888412476,0.8023344278335571,0.001,22.406617641448975
1057,7,133,134558,128,1.1817073822021484,1.1817073822021484,1.1528290510177612,0.001,22.42434000968933
1058,7,134,134686,128,1.1554285287857056,1.1554285287857056,1.0030534267425537,0.001,22.441874504089355
1059,7,135,134814,128,0.9522213339805603,0.9522213339805603,0.9068753123283386,0.001,22.459572076797485
1060,7,136,134942,128,1.0956376791000366,1.0956376791000366,1.1747825145721436,0.001,22.476957082748413
1061,7,137,135070,128,0.9524438381195068,0.9524438381195068,0.9743703603744507,0.001,22.494502305984497
1062,7,138,135198,128,1.0307531356811523,1.0307531356811523,0.7524874210357666,0.001,22.51250648498535
1063,7,139,135326,128,1.218795895576477,1.218795895576477,0.8867276310920715,0.001,22.53029727935791
1064,7,140,135454,128,1.265718698501587,1.265718698501587,1.153568983078003,0.001,22.54761290550232
1065,7,141,135582,128,1.1279886960983276,1.1279886960983276,0.8571244478225708,0.001,22.564940214157104
1066,7,142,135710,128,1.538437008857727,1.538437008857727,1.1851452589035034,0.001,22.582823753356934
1067,7,143,135838,128,0.962215006351471,0.962215006351471,0.9166128039360046,0.001,22.600454092025757
1068,7,144,135966,128,1.469573974609375,1.469573974609375,1.5069974660873413,0.001,22.617990970611572
1069,7,145,136094,128,1.4570897817611694,1.4570897817611694,1.3597396612167358,0.001,22.635420322418213
1070,7,146,136222,128,1.0520615577697754,1.0520615577697754,1.148178219795227,0.001,22.653077363967896
1071,7,147,136350,128,1.1338317394256592,1.1338317394256592,1.2461466789245605,0.001,22.67076539993286
1072,7,148,136478,128,1.1775981187820435,1.1775981187820435,1.1408860683441162,0.001,22.688228368759155
1073,7,149,136606,128,1.1355875730514526,1.1355875730514526,1.2560055255889893,0.001,22.7059063911438
1074,7,150,136734,128,1.1235134601593018,1.1235134601593018,1.045577883720398,0.001,22.72347617149353
1075,7,151,136862,128,1.1983140707015991,1.1983140707015991,1.306435227394104,0.001,22.74080991744995
1076,7,152,136990,128,0.9682015776634216,0.9682015776634216,1.2141430377960205,0.001,22.758331060409546
1077,7,153,137118,128,0.9895172119140625,0.9895172119140625,1.2755541801452637,0.001,22.776118278503418
1078,7,154,137123,5,0.4505380392074585,0.4505380392074585,0.6808539032936096,0.001,22.778882026672363
1079,8,1,137251,128,1.3417152166366577,1.3417152166366577,1.1218103170394897,0.001,23.46712327003479
1080,8,2,137379,128,1.4056777954101562,1.4056777954101562,0.9122776389122009,0.001,23.484891176223755
1081,8,3,137507,128,1.259686827659607,1.259686827659607,0.854371964931488,0.001,23.502390146255493
1082,8,4,137635,128,1.6071213483810425,1.6071213483810425,0.8211899399757385,0.001,23.520177841186523
1083,8,5,137763,128,1.1343638896942139,1.1343638896942139,1.37239408493042,0.001,23.537894248962402
1084,8,6,137891,128,1.291183590888977,1.291183590888977,0.9294379949569702,0.001,23.555463790893555
1085,8,7,138019,128,1.401992917060852,1.401992917060852,1.1275511980056763,0.001,23.573220252990723
1086,8,8,138147,128,0.8900788426399231,0.8900788426399231,0.8904388546943665,0.001,23.590830087661743
1087,8,9,138275,128,0.9602555632591248,0.9602555632591248,1.0301754474639893,0.001,23.60813069343567
1088,8,10,138403,128,1.199980616569519,1.199980616569519,1.3719671964645386,0.001,23.625579595565796
1089,8,11,138531,128,1.8269106149673462,1.8269106149673462,1.5539518594741821,0.001,23.643032550811768
1090,8,12,138659,128,1.5226857662200928,1.5226857662200928,0.9527368545532227,0.001,23.660857915878296
1091,8,13,138787,128,1.3736845254898071,1.3736845254898071,0.8260673880577087,0.001,23.678579807281494
1092,8,14,138915,128,1.1326557397842407,1.1326557397842407,0.9192348718643188,0.001,23.695985317230225
1093,8,15,139043,128,1.5115489959716797,1.5115489959716797,1.421216607093811,0.001,23.713715076446533
1094,8,16,139171,128,1.1289699077606201,1.1289699077606201,0.9624470472335815,0.001,23.731327533721924
1095,8,17,139299,128,1.3732540607452393,1.3732540607452393,1.0696066617965698,0.001,23.748626947402954
1096,8,18,139427,128,0.9940338134765625,0.9940338134765625,1.2945032119750977,0.001,23.76615047454834
1097,8,19,139555,128,1.5299837589263916,1.5299837589263916,0.9725146889686584,0.001,23.783962965011597
1098,8,20,139683,128,1.266636610031128,1.266636610031128,1.0398274660110474,0.001,23.80162215232849
1099,8,21,139811,128,1.1396452188491821,1.1396452188491821,0.7760389447212219,0.001,23.818861961364746
1100,8,22,139939,128,1.0212703943252563,1.0212703943252563,0.7028641700744629,0.001,23.836498498916626
1101,8,23,140067,128,1.0597386360168457,1.0597386360168457,0.9417354464530945,0.001,23.8541042804718
1102,8,24,140195,128,1.1887404918670654,1.1887404918670654,1.0568650960922241,0.001,23.871562719345093
1103,8,25,140323,128,1.3703079223632812,1.3703079223632812,0.9829689860343933,0.001,23.88918113708496
1104,8,26,140451,128,1.3219363689422607,1.3219363689422607,0.8324471116065979,0.001,23.906551361083984
1105,8,27,140579,128,1.3882747888565063,1.3882747888565063,1.1370875835418701,0.001,23.92465329170227
1106,8,28,140707,128,1.1120452880859375,1.1120452880859375,1.5062872171401978,0.001,23.941949605941772
1107,8,29,140835,128,1.4904842376708984,1.4904842376708984,1.341600775718689,0.001,23.959099054336548
1108,8,30,140963,128,1.2706745862960815,1.2706745862960815,1.2731794118881226,0.001,23.97636651992798
1109,8,31,141091,128,1.5315080881118774,1.5315080881118774,0.8952857851982117,0.001,23.994563341140747
1110,8,32,141219,128,0.924111008644104,0.924111008644104,1.1669663190841675,0.001,24.012195110321045
1111,8,33,141347,128,1.0681313276290894,1.0681313276290894,0.9930033683776855,0.001,24.02966594696045
1112,8,34,141475,128,1.0014413595199585,1.0014413595199585,1.3336297273635864,0.001,24.047523021697998
1113,8,35,141603,128,1.3584389686584473,1.3584389686584473,1.313328742980957,0.001,24.06490135192871
1114,8,36,141731,128,1.4046043157577515,1.4046043157577515,1.4469448328018188,0.001,24.08220601081848
1115,8,37,141859,128,1.3145359754562378,1.3145359754562378,0.8575639128684998,0.001,24.099472045898438
1116,8,38,141987,128,1.216463327407837,1.216463327407837,1.152521014213562,0.001,24.117151498794556
1117,8,39,142115,128,1.3314111232757568,1.3314111232757568,0.9453943371772766,0.001,24.13442850112915
1118,8,40,142243,128,1.0121263265609741,1.0121263265609741,1.1120682954788208,0.001,24.151668310165405
1119,8,41,142371,128,0.9348098039627075,0.9348098039627075,0.8734431266784668,0.001,24.168757915496826
1120,8,42,142499,128,1.3502329587936401,1.3502329587936401,1.1201000213623047,0.001,24.186180114746094
1121,8,43,142627,128,1.131971836090088,1.131971836090088,1.1050068140029907,0.001,24.20369267463684
1122,8,44,142755,128,1.1856918334960938,1.1856918334960938,0.8733475804328918,0.001,24.220849990844727
1123,8,45,142883,128,0.9869791269302368,0.9869791269302368,1.3578095436096191,0.001,24.238242626190186
1124,8,46,143011,128,1.2333414554595947,1.2333414554595947,1.1427013874053955,0.001,24.255831480026245
1125,8,47,143139,128,1.2648271322250366,1.2648271322250366,0.9363194108009338,0.001,24.273101329803467
1126,8,48,143267,128,1.1387920379638672,1.1387920379638672,1.244209885597229,0.001,24.290477514266968
1127,8,49,143395,128,1.0542030334472656,1.0542030334472656,1.187837839126587,0.001,24.307719469070435
1128,8,50,143523,128,1.1117091178894043,1.1117091178894043,1.0809098482131958,0.001,24.325199365615845
1129,8,51,143651,128,1.3249948024749756,1.3249948024749756,1.1012104749679565,0.001,24.342589378356934
1130,8,52,143779,128,1.3137633800506592,1.3137633800506592,0.978354811668396,0.001,24.359750270843506
1131,8,53,143907,128,1.092211365699768,1.092211365699768,1.0138859748840332,0.001,24.376970291137695
1132,8,54,144035,128,0.8966088891029358,0.8966088891029358,1.0609663724899292,0.001,24.394486665725708
1133,8,55,144163,128,1.052783489227295,1.052783489227295,1.1867257356643677,0.001,24.411986112594604
1134,8,56,144291,128,0.9340733289718628,0.9340733289718628,1.2035924196243286,0.001,24.429107427597046
1135,8,57,144419,128,0.849066436290741,0.849066436290741,0.9658706784248352,0.001,24.44658613204956
1136,8,58,144547,128,1.7774419784545898,1.7774419784545898,1.4795998334884644,0.001,24.464059114456177
1137,8,59,144675,128,0.9412261247634888,0.9412261247634888,0.769147515296936,0.001,24.481292009353638
1138,8,60,144803,128,1.032359004020691,1.032359004020691,1.1573421955108643,0.001,24.49833869934082
1139,8,61,144931,128,1.0462572574615479,1.0462572574615479,1.0162557363510132,0.001,24.515893936157227
1140,8,62,145059,128,0.9696836471557617,0.9696836471557617,1.1012120246887207,0.001,24.533246755599976
1141,8,63,145187,128,1.1331970691680908,1.1331970691680908,0.968163251876831,0.001,24.55051875114441
1142,8,64,145315,128,1.2631257772445679,1.2631257772445679,1.087928295135498,0.001,24.56763195991516
1143,8,65,145443,128,1.344968557357788,1.344968557357788,1.0652081966400146,0.001,24.584937572479248
1144,8,66,145571,128,1.3379300832748413,1.3379300832748413,1.2610608339309692,0.001,24.602295637130737
1145,8,67,145699,128,1.031032681465149,1.031032681465149,0.9650895595550537,0.001,24.619574785232544
1146,8,68,145827,128,1.151331901550293,1.151331901550293,1.2120496034622192,0.001,24.63685441017151
1147,8,69,145955,128,1.7060412168502808,1.7060412168502808,1.654253363609314,0.001,24.654448747634888
1148,8,70,146083,128,1.7217165231704712,1.7217165231704712,0.982060968875885,0.001,24.67179799079895
1149,8,71,146211,128,1.4226635694503784,1.4226635694503784,0.8704264760017395,0.001,24.688853979110718
1150,8,72,146339,128,0.8890498280525208,0.8890498280525208,0.744581401348114,0.001,24.706039428710938
1151,8,73,146467,128,1.1291018724441528,1.1291018724441528,1.0119835138320923,0.001,24.723782539367676
1152,8,74,146595,128,0.9667852520942688,0.9667852520942688,0.8042439818382263,0.001,24.74100685119629
1153,8,75,146723,128,1.1756139993667603,1.1756139993667603,1.2867900133132935,0.001,24.75832462310791
1154,8,76,146851,128,0.8568762540817261,0.8568762540817261,1.201262354850769,0.001,24.77567219734192
1155,8,77,146979,128,0.9761085510253906,0.9761085510253906,1.0305414199829102,0.001,24.793460369110107
1156,8,78,147107,128,1.013530969619751,1.013530969619751,0.9935049414634705,0.001,24.810994863510132
1157,8,79,147235,128,1.2403026819229126,1.2403026819229126,0.929603099822998,0.001,24.828365087509155
1158,8,80,147363,128,1.4299087524414062,1.4299087524414062,1.139824390411377,0.001,24.845807552337646
1159,8,81,147491,128,1.471960425376892,1.471960425376892,1.3616608381271362,0.001,24.863635063171387
1160,8,82,147619,128,1.2205755710601807,1.2205755710601807,0.932373583316803,0.001,24.881747722625732
1161,8,83,147747,128,1.3122429847717285,1.3122429847717285,1.2354693412780762,0.001,24.899469137191772
1162,8,84,147875,128,1.2217473983764648,1.2217473983764648,1.125580072402954,0.001,24.917079210281372
1163,8,85,148003,128,1.3865734338760376,1.3865734338760376,0.9172793030738831,0.001,24.934927940368652
1164,8,86,148131,128,0.9720546007156372,0.9720546007156372,1.0890233516693115,0.001,24.952547073364258
1165,8,87,148259,128,0.9012884497642517,0.9012884497642517,1.1415655612945557,0.001,24.96965217590332
1166,8,88,148387,128,1.2329046726226807,1.2329046726226807,1.2189373970031738,0.001,24.987374305725098
1167,8,89,148515,128,1.3829723596572876,1.3829723596572876,1.252326250076294,0.001,25.004985809326172
1168,8,90,148643,128,1.265848994255066,1.265848994255066,1.1594277620315552,0.001,25.02251124382019
1169,8,91,148771,128,1.1718385219573975,1.1718385219573975,0.9342744946479797,0.001,25.039960145950317
1170,8,92,148899,128,1.214017629623413,1.214017629623413,1.0191969871520996,0.001,25.057583570480347
1171,8,93,149027,128,1.3356984853744507,1.3356984853744507,1.261791706085205,0.001,25.07516574859619
1172,8,94,149155,128,1.1663841009140015,1.1663841009140015,1.1009882688522339,0.001,25.09269380569458
1173,8,95,149283,128,1.2114429473876953,1.2114429473876953,1.0706608295440674,0.001,25.110213041305542
1174,8,96,149411,128,1.530824899673462,1.530824899673462,1.207277774810791,0.001,25.127928733825684
1175,8,97,149539,128,1.4814460277557373,1.4814460277557373,1.0893746614456177,0.001,25.145643949508667
1176,8,98,149667,128,1.1517081260681152,1.1517081260681152,0.937146008014679,0.001,25.16312003135681
1177,8,99,149795,128,1.0008134841918945,1.0008134841918945,1.1476281881332397,0.001,25.18069362640381
1178,8,100,149923,128,0.7639679312705994,0.7639679312705994,0.9467584490776062,0.001,25.198312044143677
1179,8,101,150051,128,1.4590039253234863,1.4590039253234863,0.9508136510848999,0.001,25.215806484222412
1180,8,102,150179,128,1.1728379726409912,1.1728379726409912,1.168820858001709,0.001,25.233383178710938
1181,8,103,150307,128,1.1598235368728638,1.1598235368728638,1.0077431201934814,0.001,25.251320362091064
1182,8,104,150435,128,1.2481675148010254,1.2481675148010254,1.1236988306045532,0.001,25.26885962486267
1183,8,105,150563,128,1.071313500404358,1.071313500404358,0.9402966499328613,0.001,25.28637933731079
1184,8,106,150691,128,0.9478930234909058,0.9478930234909058,0.9286754727363586,0.001,25.3036892414093
1185,8,107,150819,128,1.5247219800949097,1.5247219800949097,0.9416038393974304,0.001,25.321470022201538
1186,8,108,150947,128,1.08420991897583,1.08420991897583,1.2007169723510742,0.001,25.3392333984375
1187,8,109,151075,128,1.3438224792480469,1.3438224792480469,1.0171515941619873,0.001,25.356637239456177
1188,8,110,151203,128,1.033797025680542,1.033797025680542,0.9269142746925354,0.001,25.373897314071655
1189,8,111,151331,128,1.2691411972045898,1.2691411972045898,0.915760338306427,0.001,25.391801834106445
1190,8,112,151459,128,0.9872289896011353,0.9872289896011353,0.882561981678009,0.001,25.40921926498413
1191,8,113,151587,128,1.0920182466506958,1.0920182466506958,1.3055299520492554,0.001,25.426591157913208
1192,8,114,151715,128,0.9812926054000854,0.9812926054000854,1.2023241519927979,0.001,25.443994760513306
1193,8,115,151843,128,0.9601669907569885,0.9601669907569885,1.3868341445922852,0.001,25.46181344985962
1194,8,116,151971,128,1.2157765626907349,1.2157765626907349,1.0255225896835327,0.001,25.479256868362427
1195,8,117,152099,128,1.4047056436538696,1.4047056436538696,1.1507033109664917,0.001,25.4967360496521
1196,8,118,152227,128,1.6366384029388428,1.6366384029388428,1.156121850013733,0.001,25.514495372772217
1197,8,119,152355,128,1.314227819442749,1.314227819442749,1.3183783292770386,0.001,25.532171964645386
1198,8,120,152483,128,0.8632234930992126,0.8632234930992126,1.6354752779006958,0.001,25.549867868423462
1199,8,121,152611,128,1.035122036933899,1.035122036933899,0.9375565648078918,0.001,25.56725311279297
1200,8,122,152739,128,1.6048437356948853,1.6048437356948853,1.0299450159072876,0.001,25.584638118743896
1201,8,123,152867,128,1.1316486597061157,1.1316486597061157,1.0483195781707764,0.001,25.601808071136475
1202,8,124,152995,128,0.8818244934082031,0.8818244934082031,0.9390335083007812,0.001,25.619050979614258
1203,8,125,153123,128,1.069235920906067,1.069235920906067,1.303505539894104,0.001,25.63621163368225
1204,8,126,153251,128,1.1430208683013916,1.1430208683013916,1.3315356969833374,0.001,25.653770685195923
1205,8,127,153379,128,0.8121622800827026,0.8121622800827026,1.179999589920044,0.001,25.671375036239624
1206,8,128,153507,128,0.9223167300224304,0.9223167300224304,1.1579601764678955,0.001,25.688875675201416
1207,8,129,153635,128,1.3580846786499023,1.3580846786499023,0.9070860743522644,0.001,25.70632576942444
1208,8,130,153763,128,1.014756441116333,1.014756441116333,1.223408818244934,0.001,25.72407341003418
1209,8,131,153891,128,1.1792488098144531,1.1792488098144531,1.1562752723693848,0.001,25.741605520248413
1210,8,132,154019,128,1.1907238960266113,1.1907238960266113,0.8177467584609985,0.001,25.75905966758728
1211,8,133,154147,128,0.9960392713546753,0.9960392713546753,0.9212457537651062,0.001,25.776559591293335
1212,8,134,154275,128,1.3922040462493896,1.3922040462493896,1.5154424905776978,0.001,25.794163942337036
1213,8,135,154403,128,1.2587536573410034,1.2587536573410034,1.2522974014282227,0.001,25.811638593673706
1214,8,136,154531,128,1.185111403465271,1.185111403465271,1.1804808378219604,0.001,25.829063177108765
1215,8,137,154659,128,1.6107348203659058,1.6107348203659058,0.8174039125442505,0.001,25.84624934196472
1216,8,138,154787,128,1.1124800443649292,1.1124800443649292,1.02394700050354,0.001,25.863690853118896
1217,8,139,154915,128,1.019498586654663,1.019498586654663,1.2902448177337646,0.001,25.881096601486206
1218,8,140,155043,128,1.2545138597488403,1.2545138597488403,1.2073386907577515,0.001,25.89872145652771
1219,8,141,155171,128,1.0555288791656494,1.0555288791656494,1.1085880994796753,0.001,25.916242599487305
1220,8,142,155299,128,1.0867959260940552,1.0867959260940552,1.2739386558532715,0.001,25.933393001556396
1221,8,143,155427,128,1.121093511581421,1.121093511581421,1.0172820091247559,0.001,25.9504234790802
1222,8,144,155555,128,1.3417068719863892,1.3417068719863892,1.3533577919006348,0.001,25.96770143508911
1223,8,145,155683,128,1.0980280637741089,1.0980280637741089,1.2570788860321045,0.001,25.985833168029785
1224,8,146,155811,128,0.9799497127532959,0.9799497127532959,1.2958837747573853,0.001,26.00363540649414
1225,8,147,155939,128,1.06139075756073,1.06139075756073,0.9477565884590149,0.001,26.02091884613037
1226,8,148,156067,128,1.3306424617767334,1.3306424617767334,0.8199672102928162,0.001,26.038286685943604
1227,8,149,156195,128,1.5093904733657837,1.5093904733657837,0.7854459881782532,0.001,26.055991888046265
1228,8,150,156323,128,1.3696540594100952,1.3696540594100952,1.0448020696640015,0.001,26.073520183563232
1229,8,151,156451,128,1.15614914894104,1.15614914894104,0.679307758808136,0.001,26.091167449951172
1230,8,152,156579,128,1.1660826206207275,1.1660826206207275,0.7316059470176697,0.001,26.108685970306396
1231,8,153,156707,128,1.1116247177124023,1.1116247177124023,1.127954363822937,0.001,26.126793384552002
1232,8,154,156712,5,3.2852814197540283,3.2852814197540283,0.8618834018707275,0.001,26.129566431045532
1233,9,1,156840,128,1.8885369300842285,1.8885369300842285,1.0386971235275269,0.001,26.806392669677734
1234,9,2,156968,128,1.306803584098816,1.306803584098816,1.0544527769088745,0.001,26.82410478591919
1235,9,3,157096,128,1.3740606307983398,1.3740606307983398,1.1979460716247559,0.001,26.842185020446777
1236,9,4,157224,128,1.4050731658935547,1.4050731658935547,1.2163336277008057,0.001,26.86008906364441
1237,9,5,157352,128,1.1198593378067017,1.1198593378067017,0.9949390888214111,0.001,26.877444744110107
1238,9,6,157480,128,0.9689430594444275,0.9689430594444275,0.868308961391449,0.001,26.895102739334106
1239,9,7,157608,128,1.1190342903137207,1.1190342903137207,1.0704926252365112,0.001,26.91269540786743
1240,9,8,157736,128,0.9788740277290344,0.9788740277290344,1.2811506986618042,0.001,26.930904626846313
1241,9,9,157864,128,1.0827590227127075,1.0827590227127075,1.0375120639801025,0.001,26.948309898376465
1242,9,10,157992,128,1.1211398839950562,1.1211398839950562,1.0103620290756226,0.001,26.96572208404541
1243,9,11,158120,128,1.1203181743621826,1.1203181743621826,0.8985211253166199,0.001,26.98314929008484
1244,9,12,158248,128,1.1431150436401367,1.1431150436401367,0.9935285449028015,0.001,27.000831604003906
1245,9,13,158376,128,1.3438442945480347,1.3438442945480347,1.1751805543899536,0.001,27.018343210220337
1246,9,14,158504,128,1.3029601573944092,1.3029601573944092,1.252601981163025,0.001,27.03560781478882
1247,9,15,158632,128,0.8577547073364258,0.8577547073364258,0.989966630935669,0.001,27.053199768066406
1248,9,16,158760,128,1.2336509227752686,1.2336509227752686,0.9930312037467957,0.001,27.070717334747314
1249,9,17,158888,128,1.1845757961273193,1.1845757961273193,1.2774145603179932,0.001,27.088141441345215
1250,9,18,159016,128,1.3931912183761597,1.3931912183761597,0.897497296333313,0.001,27.105666637420654
1251,9,19,159144,128,1.3948503732681274,1.3948503732681274,1.2642704248428345,0.001,27.12364149093628
1252,9,20,159272,128,0.9278503060340881,0.9278503060340881,1.0588338375091553,0.001,27.14115285873413
1253,9,21,159400,128,1.120369791984558,1.120369791984558,0.8050884008407593,0.001,27.158284187316895
1254,9,22,159528,128,1.0215864181518555,1.0215864181518555,0.8637812733650208,0.001,27.175791263580322
1255,9,23,159656,128,1.2735589742660522,1.2735589742660522,1.0053012371063232,0.001,27.1935613155365
1256,9,24,159784,128,1.4186700582504272,1.4186700582504272,1.349989891052246,0.001,27.21116828918457
1257,9,25,159912,128,1.1037065982818604,1.1037065982818604,1.3538808822631836,0.001,27.228373289108276
1258,9,26,160040,128,0.8551363945007324,0.8551363945007324,1.2092463970184326,0.001,27.24563717842102
1259,9,27,160168,128,1.0722800493240356,1.0722800493240356,1.3361411094665527,0.001,27.263187885284424
1260,9,28,160296,128,0.7305914163589478,0.7305914163589478,0.839623749256134,0.001,27.280325412750244
1261,9,29,160424,128,1.2911641597747803,1.2911641597747803,1.214241862297058,0.001,27.29767608642578
1262,9,30,160552,128,1.0070648193359375,1.0070648193359375,1.2642881870269775,0.001,27.314847946166992
1263,9,31,160680,128,0.8646102547645569,0.8646102547645569,0.8077729940414429,0.001,27.332351684570312
1264,9,32,160808,128,0.7619526386260986,0.7619526386260986,0.8099051713943481,0.001,27.35079789161682
1265,9,33,160936,128,1.1156474351882935,1.1156474351882935,1.2229708433151245,0.001,27.36882472038269
1266,9,34,161064,128,1.0579032897949219,1.0579032897949219,0.801183819770813,0.001,27.386685371398926
1267,9,35,161192,128,1.057571291923523,1.057571291923523,0.9915576577186584,0.001,27.404168367385864
1268,9,36,161320,128,1.0289661884307861,1.0289661884307861,1.0804797410964966,0.001,27.42160701751709
1269,9,37,161448,128,1.0996074676513672,1.0996074676513672,1.1741644144058228,0.001,27.439290046691895
1270,9,38,161576,128,1.0701590776443481,1.0701590776443481,1.0053520202636719,0.001,27.457353115081787
1271,9,39,161704,128,1.148307204246521,1.148307204246521,1.0523054599761963,0.001,27.474966287612915
1272,9,40,161832,128,1.336936593055725,1.336936593055725,1.1201064586639404,0.001,27.49234628677368
1273,9,41,161960,128,1.1069011688232422,1.1069011688232422,1.0271753072738647,0.001,27.509443283081055
1274,9,42,162088,128,1.1296923160552979,1.1296923160552979,1.058000087738037,0.001,27.526883602142334
1275,9,43,162216,128,1.1388375759124756,1.1388375759124756,1.196341633796692,0.001,27.544358730316162
1276,9,44,162344,128,1.2351630926132202,1.2351630926132202,0.9945715665817261,0.001,27.561524152755737
1277,9,45,162472,128,0.8686419725418091,0.8686419725418091,0.93039470911026,0.001,27.578887224197388
1278,9,46,162600,128,1.197220802307129,1.197220802307129,1.3647900819778442,0.001,27.596342086791992
1279,9,47,162728,128,1.801768183708191,1.801768183708191,1.178962230682373,0.001,27.613529443740845
1280,9,48,162856,128,1.356053113937378,1.356053113937378,1.3551321029663086,0.001,27.630707263946533
1281,9,49,162984,128,0.9387083053588867,0.9387083053588867,1.1622440814971924,0.001,27.648077249526978
1282,9,50,163112,128,1.1039944887161255,1.1039944887161255,1.151618480682373,0.001,27.66591715812683
1283,9,51,163240,128,1.2229605913162231,1.2229605913162231,1.1681475639343262,0.001,27.68324303627014
1284,9,52,163368,128,0.9503700137138367,0.9503700137138367,1.0481414794921875,0.001,27.70061230659485
1285,9,53,163496,128,1.2472338676452637,1.2472338676452637,1.0365561246871948,0.001,27.717886924743652
1286,9,54,163624,128,1.2084426879882812,1.2084426879882812,1.2136822938919067,0.001,27.735063314437866
1287,9,55,163752,128,1.4029194116592407,1.4029194116592407,1.1047825813293457,0.001,27.752415418624878
1288,9,56,163880,128,1.3292919397354126,1.3292919397354126,1.0885288715362549,0.001,27.769551038742065
1289,9,57,164008,128,1.2927610874176025,1.2927610874176025,1.0742837190628052,0.001,27.786938667297363
1290,9,58,164136,128,0.9955490827560425,0.9955490827560425,1.2171270847320557,0.001,27.804330348968506
1291,9,59,164264,128,0.9604194164276123,0.9604194164276123,1.06855309009552,0.001,27.821544885635376
1292,9,60,164392,128,1.135549545288086,1.135549545288086,1.109242558479309,0.001,27.838841676712036
1293,9,61,164520,128,0.984463632106781,0.984463632106781,1.482060194015503,0.001,27.858885049819946
1294,9,62,164648,128,1.3850492238998413,1.3850492238998413,1.030434489250183,0.001,27.878252506256104
1295,9,63,164776,128,0.8465374708175659,0.8465374708175659,1.2502002716064453,0.001,27.90160584449768
1296,9,64,164904,128,1.0268948078155518,1.0268948078155518,0.9468284249305725,0.001,27.91926622390747
1297,9,65,165032,128,1.454307198524475,1.454307198524475,1.0666613578796387,0.001,27.936702251434326
1298,9,66,165160,128,1.2187957763671875,1.2187957763671875,0.9075859785079956,0.001,27.954204320907593
1299,9,67,165288,128,1.3370903730392456,1.3370903730392456,0.7365531921386719,0.001,27.971636295318604
1300,9,68,165416,128,1.4090228080749512,1.4090228080749512,1.1959245204925537,0.001,27.98927330970764
1301,9,69,165544,128,1.0279743671417236,1.0279743671417236,1.3422517776489258,0.001,28.006774425506592
1302,9,70,165672,128,0.9869074821472168,0.9869074821472168,1.0773015022277832,0.001,28.024258852005005
1303,9,71,165800,128,1.0483282804489136,1.0483282804489136,1.0356664657592773,0.001,28.0417377948761
1304,9,72,165928,128,1.090682029724121,1.090682029724121,1.1825073957443237,0.001,28.059470891952515
1305,9,73,166056,128,1.2322030067443848,1.2322030067443848,1.2553282976150513,0.001,28.07698965072632
1306,9,74,166184,128,1.388877511024475,1.388877511024475,1.2830708026885986,0.001,28.09428858757019
1307,9,75,166312,128,1.03724205493927,1.03724205493927,0.8505962491035461,0.001,28.11177134513855
1308,9,76,166440,128,0.9262970685958862,0.9262970685958862,1.0672293901443481,0.001,28.129728317260742
1309,9,77,166568,128,1.110262393951416,1.110262393951416,1.4357515573501587,0.001,28.147175550460815
1310,9,78,166696,128,1.5054060220718384,1.5054060220718384,1.1018129587173462,0.001,28.164680004119873
1311,9,79,166824,128,1.2118407487869263,1.2118407487869263,1.0104548931121826,0.001,28.182186126708984
1312,9,80,166952,128,1.3343015909194946,1.3343015909194946,0.8960091471672058,0.001,28.200116872787476
1313,9,81,167080,128,1.22310471534729,1.22310471534729,0.8228704333305359,0.001,28.217588186264038
1314,9,82,167208,128,0.978905439376831,0.978905439376831,1.3321431875228882,0.001,28.234985828399658
1315,9,83,167336,128,1.230326771736145,1.230326771736145,1.0101580619812012,0.001,28.25244903564453
1316,9,84,167464,128,0.8809568881988525,0.8809568881988525,1.4566196203231812,0.001,28.27002763748169
1317,9,85,167592,128,1.1207244396209717,1.1207244396209717,1.2784627676010132,0.001,28.287551641464233
1318,9,86,167720,128,1.1129392385482788,1.1129392385482788,1.0219544172286987,0.001,28.30468511581421
1319,9,87,167848,128,1.1415379047393799,1.1415379047393799,1.3021947145462036,0.001,28.32247757911682
1320,9,88,167976,128,1.2715513706207275,1.2715513706207275,1.1580522060394287,0.001,28.339839696884155
1321,9,89,168104,128,1.325350284576416,1.325350284576416,1.2131874561309814,0.001,28.35705018043518
1322,9,90,168232,128,1.2716439962387085,1.2716439962387085,1.4389249086380005,0.001,28.374592065811157
1323,9,91,168360,128,1.1618036031723022,1.1618036031723022,1.1244010925292969,0.001,28.392712354660034
1324,9,92,168488,128,0.8815571665763855,0.8815571665763855,1.2144083976745605,0.001,28.410149097442627
1325,9,93,168616,128,1.1337649822235107,1.1337649822235107,1.1064757108688354,0.001,28.427340507507324
1326,9,94,168744,128,1.2760597467422485,1.2760597467422485,0.9832928776741028,0.001,28.44447135925293
1327,9,95,168872,128,0.8672537803649902,0.8672537803649902,0.9903310537338257,0.001,28.462313890457153
1328,9,96,169000,128,1.7200486660003662,1.7200486660003662,1.2024271488189697,0.001,28.480111360549927
1329,9,97,169128,128,1.3665779829025269,1.3665779829025269,1.1207072734832764,0.001,28.497873306274414
1330,9,98,169256,128,1.1276540756225586,1.1276540756225586,1.4234485626220703,0.001,28.515583038330078
1331,9,99,169384,128,1.1073883771896362,1.1073883771896362,0.8108311891555786,0.001,28.53346014022827
1332,9,100,169512,128,1.0206538438796997,1.0206538438796997,0.8634926676750183,0.001,28.55089044570923
1333,9,101,169640,128,1.2374039888381958,1.2374039888381958,1.2785727977752686,0.001,28.568053722381592
1334,9,102,169768,128,1.0675350427627563,1.0675350427627563,1.0232361555099487,0.001,28.585449695587158
1335,9,103,169896,128,1.2718725204467773,1.2718725204467773,1.2350417375564575,0.001,28.60297703742981
1336,9,104,170024,128,0.9647515416145325,0.9647515416145325,0.8185604214668274,0.001,28.62066960334778
1337,9,105,170152,128,1.074931263923645,1.074931263923645,1.1350094079971313,0.001,28.63831925392151
1338,9,106,170280,128,0.8714801073074341,0.8714801073074341,0.7792087197303772,0.001,28.656286001205444
1339,9,107,170408,128,0.9068661332130432,0.9068661332130432,0.8433414101600647,0.001,28.673882961273193
1340,9,108,170536,128,1.5518583059310913,1.5518583059310913,1.0704655647277832,0.001,28.691439390182495
1341,9,109,170664,128,1.010717749595642,1.010717749595642,0.8573588132858276,0.001,28.708678007125854
1342,9,110,170792,128,1.2285157442092896,1.2285157442092896,0.7963247895240784,0.001,28.72677731513977
1343,9,111,170920,128,1.2165006399154663,1.2165006399154663,1.380495548248291,0.001,28.744303941726685
1344,9,112,171048,128,1.0123013257980347,1.0123013257980347,1.027068018913269,0.001,28.761701822280884
1345,9,113,171176,128,1.1339384317398071,1.1339384317398071,1.149307131767273,0.001,28.779263973236084
1346,9,114,171304,128,1.2121893167495728,1.2121893167495728,1.1377211809158325,0.001,28.796805381774902
1347,9,115,171432,128,0.9394052028656006,0.9394052028656006,0.7644937038421631,0.001,28.814269542694092
1348,9,116,171560,128,0.9982120990753174,0.9982120990753174,1.255072832107544,0.001,28.831583976745605
1349,9,117,171688,128,0.938640296459198,0.938640296459198,0.8586171865463257,0.001,28.848852396011353
1350,9,118,171816,128,1.1346099376678467,1.1346099376678467,0.9560731053352356,0.001,28.866614818572998
1351,9,119,171944,128,1.1607900857925415,1.1607900857925415,1.203957200050354,0.001,28.88424015045166
1352,9,120,172072,128,0.9734463095664978,0.9734463095664978,1.1523367166519165,0.001,28.902743816375732
1353,9,121,172200,128,1.017173409461975,1.017173409461975,0.8334076404571533,0.001,28.920984983444214
1354,9,122,172328,128,1.1704044342041016,1.1704044342041016,1.458082914352417,0.001,28.9384024143219
1355,9,123,172456,128,1.2091295719146729,1.2091295719146729,1.4058527946472168,0.001,28.955634117126465
1356,9,124,172584,128,1.1313673257827759,1.1313673257827759,1.0465328693389893,0.001,28.972820281982422
1357,9,125,172712,128,0.7920508980751038,0.7920508980751038,1.2323142290115356,0.001,28.990533590316772
1358,9,126,172840,128,1.1265085935592651,1.1265085935592651,0.8201432228088379,0.001,29.00836706161499
1359,9,127,172968,128,0.8871179819107056,0.8871179819107056,1.1404434442520142,0.001,29.026025533676147
1360,9,128,173096,128,1.3947056531906128,1.3947056531906128,0.9451633095741272,0.001,29.043352365493774
1361,9,129,173224,128,1.5614348649978638,1.5614348649978638,0.9769093990325928,0.001,29.060856580734253
1362,9,130,173352,128,1.3180110454559326,1.3180110454559326,0.8581090569496155,0.001,29.07800006866455
1363,9,131,173480,128,1.2169578075408936,1.2169578075408936,0.9985330700874329,0.001,29.09519648551941
1364,9,132,173608,128,1.1673195362091064,1.1673195362091064,1.0838714838027954,0.001,29.11243224143982
1365,9,133,173736,128,1.2549782991409302,1.2549782991409302,1.0187126398086548,0.001,29.1302330493927
1366,9,134,173864,128,1.1151736974716187,1.1151736974716187,0.7432634830474854,0.001,29.147467136383057
1367,9,135,173992,128,1.1136064529418945,1.1136064529418945,1.1568603515625,0.001,29.16457223892212
1368,9,136,174120,128,1.2633963823318481,1.2633963823318481,1.2366315126419067,0.001,29.181735038757324
1369,9,137,174248,128,1.155174970626831,1.155174970626831,1.1773306131362915,0.001,29.19947600364685
1370,9,138,174376,128,0.9624918699264526,0.9624918699264526,0.9688979387283325,0.001,29.216943740844727
1371,9,139,174504,128,1.0439261198043823,1.0439261198043823,1.1317291259765625,0.001,29.234238386154175
1372,9,140,174632,128,0.5970851182937622,0.5970851182937622,1.0356370210647583,0.001,29.251317262649536
1373,9,141,174760,128,1.1982719898223877,1.1982719898223877,0.9959918260574341,0.001,29.268759727478027
1374,9,142,174888,128,0.8602888584136963,0.8602888584136963,0.9366915225982666,0.001,29.286139965057373
1375,9,143,175016,128,0.8667385578155518,0.8667385578155518,1.034880518913269,0.001,29.303109407424927
1376,9,144,175144,128,1.0719114542007446,1.0719114542007446,0.5942617058753967,0.001,29.3205144405365
1377,9,145,175272,128,1.0522834062576294,1.0522834062576294,1.0532498359680176,0.001,29.337915420532227
1378,9,146,175400,128,0.9394883513450623,0.9394883513450623,1.1239054203033447,0.001,29.355323791503906
1379,9,147,175528,128,1.1924484968185425,1.1924484968185425,1.3282561302185059,0.001,29.37256169319153
1380,9,148,175656,128,0.7806400656700134,0.7806400656700134,1.0887750387191772,0.001,29.39005446434021
1381,9,149,175784,128,0.8873341679573059,0.8873341679573059,1.0974764823913574,0.001,29.407363176345825
1382,9,150,175912,128,0.7370306253433228,0.7370306253433228,0.9941215515136719,0.001,29.42452573776245
1383,9,151,176040,128,0.8653779625892639,0.8653779625892639,0.8778959512710571,0.001,29.44177007675171
1384,9,152,176168,128,1.3321819305419922,1.3321819305419922,1.403067946434021,0.001,29.459383249282837
1385,9,153,176296,128,0.9203613996505737,0.9203613996505737,1.421865701675415,0.001,29.476781129837036
1386,9,154,176301,5,0.2886320650577545,0.2886320650577545,0.8009615540504456,0.001,29.47933053970337
1387,10,1,176429,128,1.1509230136871338,1.1509230136871338,1.2136893272399902,0.001,30.163179636001587
1388,10,2,176557,128,1.215798258781433,1.215798258781433,1.0168589353561401,0.001,30.18072199821472
1389,10,3,176685,128,0.8731400370597839,0.8731400370597839,0.7668048143386841,0.001,30.198861837387085
1390,10,4,176813,128,1.1075860261917114,1.1075860261917114,1.0041351318359375,0.001,30.21655821800232
1391,10,5,176941,128,1.029900312423706,1.029900312423706,1.0328294038772583,0.001,30.23399066925049
1392,10,6,177069,128,1.1143743991851807,1.1143743991851807,1.0523041486740112,0.001,30.251466035842896
1393,10,7,177197,128,1.3097939491271973,1.3097939491271973,0.8587332367897034,0.001,30.26965069770813
1394,10,8,177325,128,0.7838901877403259,0.7838901877403259,0.8123220205307007,0.001,30.287309885025024
1395,10,9,177453,128,0.9930891394615173,0.9930891394615173,0.9531010389328003,0.001,30.30496120452881
1396,10,10,177581,128,1.1871740818023682,1.1871740818023682,1.7172176837921143,0.001,30.322913646697998
1397,10,11,177709,128,1.2933913469314575,1.2933913469314575,0.7289784550666809,0.001,30.340612411499023
1398,10,12,177837,128,1.0502296686172485,1.0502296686172485,1.2518748044967651,0.001,30.35820770263672
1399,10,13,177965,128,1.0165399312973022,1.0165399312973022,1.2218295335769653,0.001,30.375617742538452
1400,10,14,178093,128,1.2872083187103271,1.2872083187103271,1.1770058870315552,0.001,30.39372968673706
1401,10,15,178221,128,0.9568098187446594,0.9568098187446594,1.2528976202011108,0.001,30.411590814590454
1402,10,16,178349,128,0.8203548192977905,0.8203548192977905,1.0517905950546265,0.001,30.42899465560913
1403,10,17,178477,128,1.1927545070648193,1.1927545070648193,0.8420941829681396,0.001,30.446686506271362
1404,10,18,178605,128,0.892582356929779,0.892582356929779,1.0893601179122925,0.001,30.464821577072144
1405,10,19,178733,128,0.8019530773162842,0.8019530773162842,1.091579556465149,0.001,30.482807159423828
1406,10,20,178861,128,0.9421722888946533,0.9421722888946533,1.0508054494857788,0.001,30.500396490097046
1407,10,21,178989,128,0.9743622541427612,0.9743622541427612,0.8173195123672485,0.001,30.51803207397461
1408,10,22,179117,128,1.0492653846740723,1.0492653846740723,1.381374716758728,0.001,30.536348819732666
1409,10,23,179245,128,1.294474482536316,1.294474482536316,0.8818902969360352,0.001,30.55398726463318
1410,10,24,179373,128,1.0322446823120117,1.0322446823120117,1.0247750282287598,0.001,30.57156014442444
1411,10,25,179501,128,0.9881044030189514,0.9881044030189514,1.282963514328003,0.001,30.589401245117188
1412,10,26,179629,128,1.0540821552276611,1.0540821552276611,1.0723413228988647,0.001,30.607409715652466
1413,10,27,179757,128,1.1524913311004639,1.1524913311004639,1.3505580425262451,0.001,30.62521195411682
1414,10,28,179885,128,1.1155999898910522,1.1155999898910522,1.2498128414154053,0.001,30.643081665039062
1415,10,29,180013,128,0.8754122853279114,0.8754122853279114,1.137078046798706,0.001,30.66114068031311
1416,10,30,180141,128,1.199785590171814,1.199785590171814,1.0785804986953735,0.001,30.67885708808899
1417,10,31,180269,128,0.7969644665718079,0.7969644665718079,0.9173392057418823,0.001,30.696529150009155
1418,10,32,180397,128,1.1174768209457397,1.1174768209457397,1.1821421384811401,0.001,30.714317321777344
1419,10,33,180525,128,0.8959470391273499,0.8959470391273499,1.2659246921539307,0.001,30.73237371444702
1420,10,34,180653,128,1.087932825088501,1.087932825088501,0.9314160346984863,0.001,30.74987554550171
1421,10,35,180781,128,1.053610920906067,1.053610920906067,1.2667089700698853,0.001,30.767571687698364
1422,10,36,180909,128,1.0695875883102417,1.0695875883102417,0.8451708555221558,0.001,30.785189151763916
1423,10,37,181037,128,0.9685915112495422,0.9685915112495422,1.1130667924880981,0.001,30.803497552871704
1424,10,38,181165,128,1.0927850008010864,1.0927850008010864,1.2746270895004272,0.001,30.8213312625885
1425,10,39,181293,128,0.8108076453208923,0.8108076453208923,1.0083662271499634,0.001,30.83902621269226
1426,10,40,181421,128,1.3520290851593018,1.3520290851593018,1.322809100151062,0.001,30.856806755065918
1427,10,41,181549,128,1.0715856552124023,1.0715856552124023,0.9143447279930115,0.001,30.874329566955566
1428,10,42,181677,128,1.1098322868347168,1.1098322868347168,1.0385364294052124,0.001,30.89180302619934
1429,10,43,181805,128,0.9425771236419678,0.9425771236419678,0.9921730756759644,0.001,30.909509658813477
1430,10,44,181933,128,1.4368717670440674,1.4368717670440674,0.8373804688453674,0.001,30.927665948867798
1431,10,45,182061,128,0.9341589212417603,0.9341589212417603,1.0404106378555298,0.001,30.945183038711548
1432,10,46,182189,128,1.3258440494537354,1.3258440494537354,0.7631587386131287,0.001,30.962719678878784
1433,10,47,182317,128,1.2353649139404297,1.2353649139404297,0.9783507585525513,0.001,30.980305194854736
1434,10,48,182445,128,1.3654378652572632,1.3654378652572632,0.9218562245368958,0.001,30.99820613861084
1435,10,49,182573,128,1.2049638032913208,1.2049638032913208,1.018602728843689,0.001,31.015746116638184
1436,10,50,182701,128,0.8640115857124329,0.8640115857124329,1.0228668451309204,0.001,31.033401250839233
1437,10,51,182829,128,1.227503776550293,1.227503776550293,1.1276847124099731,0.001,31.050622940063477
1438,10,52,182957,128,1.2148526906967163,1.2148526906967163,0.940998375415802,0.001,31.068642616271973
1439,10,53,183085,128,1.075364351272583,1.075364351272583,0.8630150556564331,0.001,31.086225509643555
1440,10,54,183213,128,1.1775596141815186,1.1775596141815186,1.231090784072876,0.001,31.103910446166992
1441,10,55,183341,128,1.0716078281402588,1.0716078281402588,0.9182692766189575,0.001,31.121729135513306
1442,10,56,183469,128,0.7616939544677734,0.7616939544677734,0.8964738249778748,0.001,31.14009380340576
1443,10,57,183597,128,1.0582846403121948,1.0582846403121948,0.9502518773078918,0.001,31.1580867767334
1444,10,58,183725,128,1.0536441802978516,1.0536441802978516,0.9485148191452026,0.001,31.175833225250244
1445,10,59,183853,128,1.1167720556259155,1.1167720556259155,0.8512331247329712,0.001,31.19383978843689
1446,10,60,183981,128,1.1528335809707642,1.1528335809707642,1.0427953004837036,0.001,31.211796283721924
1447,10,61,184109,128,1.3290657997131348,1.3290657997131348,0.7873871326446533,0.001,31.229689598083496
1448,10,62,184237,128,1.220875859260559,1.220875859260559,1.3477482795715332,0.001,31.24745774269104
1449,10,63,184365,128,0.9335348010063171,0.9335348010063171,0.9919866919517517,0.001,31.265321493148804
1450,10,64,184493,128,1.2572757005691528,1.2572757005691528,0.9579392671585083,0.001,31.282935619354248
1451,10,65,184621,128,1.0810474157333374,1.0810474157333374,1.0372625589370728,0.001,31.300541639328003
1452,10,66,184749,128,0.9630982875823975,0.9630982875823975,0.83038729429245,0.001,31.318095684051514
1453,10,67,184877,128,0.9891723990440369,0.9891723990440369,1.3822731971740723,0.001,31.33633852005005
1454,10,68,185005,128,1.0888360738754272,1.0888360738754272,0.9119797945022583,0.001,31.35402488708496
1455,10,69,185133,128,1.1080420017242432,1.1080420017242432,1.2948116064071655,0.001,31.371521949768066
1456,10,70,185261,128,0.9247925281524658,0.9247925281524658,1.0581282377243042,0.001,31.38892650604248
1457,10,71,185389,128,1.1907856464385986,1.1907856464385986,1.1178562641143799,0.001,31.406985998153687
1458,10,72,185517,128,1.1069529056549072,1.1069529056549072,0.969275712966919,0.001,31.4245285987854
1459,10,73,185645,128,0.740673303604126,0.740673303604126,1.2551294565200806,0.001,31.441922903060913
1460,10,74,185773,128,0.8963528275489807,0.8963528275489807,0.9464746117591858,0.001,31.459909200668335
1461,10,75,185901,128,0.7856059074401855,0.7856059074401855,0.9706671237945557,0.001,31.477638244628906
1462,10,76,186029,128,0.9149262309074402,0.9149262309074402,1.3066290616989136,0.001,31.495260000228882
1463,10,77,186157,128,0.8526595234870911,0.8526595234870911,0.9919182658195496,0.001,31.512441396713257
1464,10,78,186285,128,0.6748655438423157,0.6748655438423157,1.2945468425750732,0.001,31.5301251411438
1465,10,79,186413,128,1.0712261199951172,1.0712261199951172,1.141196370124817,0.001,31.54790997505188
1466,10,80,186541,128,0.8343893885612488,0.8343893885612488,1.4367702007293701,0.001,31.56567645072937
1467,10,81,186669,128,0.947994589805603,0.947994589805603,0.8291719555854797,0.001,31.583295822143555
1468,10,82,186797,128,0.8532636165618896,0.8532636165618896,0.9227431416511536,0.001,31.600913524627686
1469,10,83,186925,128,1.0761641263961792,1.0761641263961792,1.426708698272705,0.001,31.61869168281555
1470,10,84,187053,128,0.9938185811042786,0.9938185811042786,1.0829226970672607,0.001,31.636293172836304
1471,10,85,187181,128,1.0562827587127686,1.0562827587127686,0.7834213376045227,0.001,31.653910398483276
1472,10,86,187309,128,0.9368483424186707,0.9368483424186707,0.9982525706291199,0.001,31.67166304588318
1473,10,87,187437,128,1.0969929695129395,1.0969929695129395,1.0623786449432373,0.001,31.689191818237305
1474,10,88,187565,128,0.8809657692909241,0.8809657692909241,1.0990148782730103,0.001,31.706783533096313
1475,10,89,187693,128,0.9272066950798035,0.9272066950798035,1.317258358001709,0.001,31.72463893890381
1476,10,90,187821,128,1.0829768180847168,1.0829768180847168,1.4117310047149658,0.001,31.74226427078247
1477,10,91,187949,128,0.8386301398277283,0.8386301398277283,0.8782377243041992,0.001,31.759888410568237
1478,10,92,188077,128,1.148824691772461,1.148824691772461,1.222185492515564,0.001,31.777479648590088
1479,10,93,188205,128,1.3723305463790894,1.3723305463790894,1.3027263879776,0.001,31.795509576797485
1480,10,94,188333,128,1.2912461757659912,1.2912461757659912,0.9299566149711609,0.001,31.81315541267395
1481,10,95,188461,128,0.8772425055503845,0.8772425055503845,0.9808860421180725,0.001,31.8306782245636
1482,10,96,188589,128,1.116234540939331,1.116234540939331,0.6925481557846069,0.001,31.848186492919922
1483,10,97,188717,128,0.8254743814468384,0.8254743814468384,0.9215594530105591,0.001,31.86615800857544
1484,10,98,188845,128,1.3913726806640625,1.3913726806640625,1.2327287197113037,0.001,31.883748531341553
1485,10,99,188973,128,0.7740626335144043,0.7740626335144043,0.8183143138885498,0.001,31.901246070861816
1486,10,100,189101,128,1.015897512435913,1.015897512435913,1.0739723443984985,0.001,31.918912649154663
1487,10,101,189229,128,1.2273427248001099,1.2273427248001099,0.9052494764328003,0.001,31.936872005462646
1488,10,102,189357,128,0.7865154147148132,0.7865154147148132,1.1678647994995117,0.001,31.954687356948853
1489,10,103,189485,128,0.7786121368408203,0.7786121368408203,1.0851826667785645,0.001,31.97252106666565
1490,10,104,189613,128,1.6291396617889404,1.6291396617889404,1.095175862312317,0.001,31.98988127708435
1491,10,105,189741,128,0.9198344349861145,0.9198344349861145,1.1870990991592407,0.001,32.00776147842407
1492,10,106,189869,128,0.792797863483429,0.792797863483429,1.0372240543365479,0.001,32.025174379348755
1493,10,107,189997,128,1.235026240348816,1.235026240348816,1.2316406965255737,0.001,32.042585611343384
1494,10,108,190125,128,0.8073828220367432,0.8073828220367432,0.9929721355438232,0.001,32.06069755554199
1495,10,109,190253,128,0.9033569097518921,0.9033569097518921,0.8442310094833374,0.001,32.078346967697144
1496,10,110,190381,128,1.0284193754196167,1.0284193754196167,0.9217012524604797,0.001,32.09589600563049
1497,10,111,190509,128,1.3578193187713623,1.3578193187713623,1.0351178646087646,0.001,32.11343455314636
1498,10,112,190637,128,1.012459635734558,1.012459635734558,1.7967690229415894,0.001,32.13144302368164
1499,10,113,190765,128,1.1807395219802856,1.1807395219802856,0.9001880288124084,0.001,32.1488311290741
1500,10,114,190893,128,1.32720947265625,1.32720947265625,1.0791656970977783,0.001,32.166447162628174
1501,10,115,191021,128,0.9724099636077881,0.9724099636077881,1.2771674394607544,0.001,32.18402600288391
1502,10,116,191149,128,1.249889850616455,1.249889850616455,1.3051637411117554,0.001,32.202179193496704
1503,10,117,191277,128,1.0976170301437378,1.0976170301437378,1.3497563600540161,0.001,32.219871282577515
1504,10,118,191405,128,1.0298351049423218,1.0298351049423218,1.506094217300415,0.001,32.237695932388306
1505,10,119,191533,128,1.1090757846832275,1.1090757846832275,1.576012372970581,0.001,32.255181312561035
1506,10,120,191661,128,0.9155052900314331,0.9155052900314331,0.8765019774436951,0.001,32.27347755432129
1507,10,121,191789,128,0.7851064801216125,0.7851064801216125,1.3698348999023438,0.001,32.29121446609497
1508,10,122,191917,128,0.9932844042778015,0.9932844042778015,1.1534639596939087,0.001,32.30848431587219
1509,10,123,192045,128,1.0876986980438232,1.0876986980438232,0.9243003726005554,0.001,32.32611012458801
1510,10,124,192173,128,1.1735501289367676,1.1735501289367676,1.2689611911773682,0.001,32.343759298324585
1511,10,125,192301,128,1.0142250061035156,1.0142250061035156,0.8931734561920166,0.001,32.36112308502197
1512,10,126,192429,128,1.1427417993545532,1.1427417993545532,1.3040446043014526,0.001,32.378703117370605
1513,10,127,192557,128,1.2008366584777832,1.2008366584777832,1.2026623487472534,0.001,32.396607398986816
1514,10,128,192685,128,0.9973570108413696,0.9973570108413696,1.1299034357070923,0.001,32.41434192657471
1515,10,129,192813,128,1.222596526145935,1.222596526145935,1.0928834676742554,0.001,32.43184447288513
1516,10,130,192941,128,1.2962762117385864,1.2962762117385864,1.2178235054016113,0.001,32.449583768844604
1517,10,131,193069,128,0.8110436201095581,0.8110436201095581,1.0785338878631592,0.001,32.46746253967285
1518,10,132,193197,128,0.9285733103752136,0.9285733103752136,1.1874279975891113,0.001,32.4852020740509
1519,10,133,193325,128,0.7666297554969788,0.7666297554969788,1.22235906124115,0.001,32.50292897224426
1520,10,134,193453,128,0.8671475052833557,0.8671475052833557,1.3570709228515625,0.001,32.52052021026611
1521,10,135,193581,128,0.8308666944503784,0.8308666944503784,0.9929325580596924,0.001,32.53852343559265
1522,10,136,193709,128,0.9365777373313904,0.9365777373313904,1.0994234085083008,0.001,32.55610203742981
1523,10,137,193837,128,0.8137032985687256,0.8137032985687256,1.2286202907562256,0.001,32.57358169555664
1524,10,138,193965,128,1.1564875841140747,1.1564875841140747,0.9435453414916992,0.001,32.591357469558716
1525,10,139,194093,128,1.1502832174301147,1.1502832174301147,0.8953812718391418,0.001,32.60890817642212
1526,10,140,194221,128,0.7923322916030884,0.7923322916030884,0.8872074484825134,0.001,32.6263382434845
1527,10,141,194349,128,1.049110770225525,1.049110770225525,1.281619668006897,0.001,32.643802881240845
1528,10,142,194477,128,1.1221283674240112,1.1221283674240112,0.9405322670936584,0.001,32.661627531051636
1529,10,143,194605,128,0.9346384406089783,0.9346384406089783,0.6366380453109741,0.001,32.679189920425415
1530,10,144,194733,128,1.474324107170105,1.474324107170105,1.2619102001190186,0.001,32.69659924507141
1531,10,145,194861,128,0.6316549181938171,0.6316549181938171,1.1819038391113281,0.001,32.71406650543213
1532,10,146,194989,128,1.1084189414978027,1.1084189414978027,1.3061312437057495,0.001,32.73183345794678
1533,10,147,195117,128,1.1762402057647705,1.1762402057647705,0.8569014668464661,0.001,32.749215602874756
1534,10,148,195245,128,1.007590651512146,1.007590651512146,1.1577858924865723,0.001,32.76663947105408
1535,10,149,195373,128,0.9648971557617188,0.9648971557617188,1.4517041444778442,0.001,32.78405046463013
1536,10,150,195501,128,1.0419665575027466,1.0419665575027466,1.2156028747558594,0.001,32.80177330970764
1537,10,151,195629,128,1.4595451354980469,1.4595451354980469,0.9159529805183411,0.001,32.819446325302124
1538,10,152,195757,128,0.7637652158737183,0.7637652158737183,1.4815248250961304,0.001,32.83682727813721
1539,10,153,195885,128,0.902869701385498,0.902869701385498,1.1805269718170166,0.001,32.8543643951416
1540,10,154,195890,5,0.4548885226249695,0.4548885226249695,0.8598875999450684,0.001,32.856969594955444
1541,11,1,196018,128,0.8957651853561401,0.8957651853561401,1.1293390989303589,0.001,33.53945064544678
1542,11,2,196146,128,0.8920307755470276,0.8920307755470276,0.9922174215316772,0.001,33.55703830718994
1543,11,3,196274,128,1.1210050582885742,1.1210050582885742,0.9242265224456787,0.001,33.57464528083801
1544,11,4,196402,128,0.9690021872520447,0.9690021872520447,0.8809376955032349,0.001,33.5922966003418
1545,11,5,196530,128,1.0100338459014893,1.0100338459014893,0.8154135942459106,0.001,33.61013174057007
1546,11,6,196658,128,0.9784892201423645,0.9784892201423645,0.9220929145812988,0.001,33.627612352371216
1547,11,7,196786,128,0.7951188683509827,0.7951188683509827,1.2413655519485474,0.001,33.645283460617065
1548,11,8,196914,128,0.9150283336639404,0.9150283336639404,1.2373020648956299,0.001,33.66307497024536
1549,11,9,197042,128,0.8278821110725403,0.8278821110725403,1.0939573049545288,0.001,33.68058919906616
1550,11,10,197170,128,1.042177438735962,1.042177438735962,1.129706859588623,0.001,33.69809579849243
1551,11,11,197298,128,0.6673397421836853,0.6673397421836853,0.8584265112876892,0.001,33.7157039642334
1552,11,12,197426,128,0.851926863193512,0.851926863193512,1.3143048286437988,0.001,33.73396944999695
1553,11,13,197554,128,0.8250908255577087,0.8250908255577087,0.6953257322311401,0.001,33.751516580581665
1554,11,14,197682,128,1.1186634302139282,1.1186634302139282,1.1027576923370361,0.001,33.76866030693054
1555,11,15,197810,128,1.1136659383773804,1.1136659383773804,0.8817623257637024,0.001,33.78596544265747
1556,11,16,197938,128,0.9371623992919922,0.9371623992919922,1.3409181833267212,0.001,33.80362868309021
1557,11,17,198066,128,0.9806491136550903,0.9806491136550903,1.1025909185409546,0.001,33.82077121734619
1558,11,18,198194,128,1.1555125713348389,1.1555125713348389,0.9165941476821899,0.001,33.837809801101685
1559,11,19,198322,128,0.7766795754432678,0.7766795754432678,1.0016968250274658,0.001,33.85493803024292
1560,11,20,198450,128,0.707973301410675,0.707973301410675,1.3570916652679443,0.001,33.872641801834106
1561,11,21,198578,128,1.2933062314987183,1.2933062314987183,1.1214977502822876,0.001,33.89010143280029
1562,11,22,198706,128,1.090829610824585,1.090829610824585,1.1397531032562256,0.001,33.90789484977722
1563,11,23,198834,128,1.0126864910125732,1.0126864910125732,1.4095655679702759,0.001,33.92516851425171
1564,11,24,198962,128,1.0659964084625244,1.0659964084625244,1.091331958770752,0.001,33.943143129348755
1565,11,25,199090,128,0.987761378288269,0.987761378288269,0.780872106552124,0.001,33.96067786216736
1566,11,26,199218,128,0.8703292608261108,0.8703292608261108,0.8467117547988892,0.001,33.97832942008972
1567,11,27,199346,128,0.9715949892997742,0.9715949892997742,1.3137747049331665,0.001,33.99615788459778
1568,11,28,199474,128,0.913896918296814,0.913896918296814,0.883419394493103,0.001,34.013816833496094
1569,11,29,199602,128,0.9772103428840637,0.9772103428840637,1.1551789045333862,0.001,34.031553745269775
1570,11,30,199730,128,0.8497743606567383,0.8497743606567383,1.1017018556594849,0.001,34.048808336257935
1571,11,31,199858,128,1.1322033405303955,1.1322033405303955,0.9850713610649109,0.001,34.06684136390686
1572,11,32,199986,128,0.9720271825790405,0.9720271825790405,0.9417850971221924,0.001,34.084409952163696
1573,11,33,200114,128,1.161718726158142,1.161718726158142,0.9459015130996704,0.001,34.10192608833313
1574,11,34,200242,128,0.8909260630607605,0.8909260630607605,1.2245681285858154,0.001,34.11960005760193
1575,11,35,200370,128,1.047365665435791,1.047365665435791,1.149812936782837,0.001,34.137497425079346
1576,11,36,200498,128,1.2489290237426758,1.2489290237426758,0.8936342597007751,0.001,34.15521454811096
1577,11,37,200626,128,1.2393608093261719,1.2393608093261719,0.9230822920799255,0.001,34.17269420623779
1578,11,38,200754,128,1.0208632946014404,1.0208632946014404,0.9899131655693054,0.001,34.19035720825195
1579,11,39,200882,128,1.0151820182800293,1.0151820182800293,0.9966095089912415,0.001,34.208346366882324
1580,11,40,201010,128,1.1343580484390259,1.1343580484390259,1.098776936531067,0.001,34.22604966163635
1581,11,41,201138,128,1.0562843084335327,1.0562843084335327,1.5884615182876587,0.001,34.243765115737915
1582,11,42,201266,128,0.8033314943313599,0.8033314943313599,0.858798623085022,0.001,34.26128697395325
1583,11,43,201394,128,0.9052704572677612,0.9052704572677612,1.19661545753479,0.001,34.279292821884155
1584,11,44,201522,128,0.6807384490966797,0.6807384490966797,0.9014522433280945,0.001,34.296656131744385
1585,11,45,201650,128,1.2193185091018677,1.2193185091018677,0.8643258810043335,0.001,34.31425857543945
1586,11,46,201778,128,0.859858512878418,0.859858512878418,1.339998722076416,0.001,34.33212065696716
1587,11,47,201906,128,0.8809152245521545,0.8809152245521545,1.7219361066818237,0.001,34.34946966171265
1588,11,48,202034,128,0.7631602883338928,0.7631602883338928,0.9118598699569702,0.001,34.36691617965698
1589,11,49,202162,128,1.4414455890655518,1.4414455890655518,0.9530590772628784,0.001,34.38461375236511
1590,11,50,202290,128,0.9898733496665955,0.9898733496665955,0.9897040128707886,0.001,34.402538776397705
1591,11,51,202418,128,1.159590721130371,1.159590721130371,1.2278045415878296,0.001,34.420159578323364
1592,11,52,202546,128,1.0332965850830078,1.0332965850830078,1.039655089378357,0.001,34.43788194656372
1593,11,53,202674,128,0.8539355993270874,0.8539355993270874,1.0802887678146362,0.001,34.4554603099823
1594,11,54,202802,128,1.1097694635391235,1.1097694635391235,0.952684760093689,0.001,34.47349667549133
1595,11,55,202930,128,0.9824775457382202,0.9824775457382202,1.1380523443222046,0.001,34.491278886795044
1596,11,56,203058,128,1.1011425256729126,1.1011425256729126,1.0779428482055664,0.001,34.508854150772095
1597,11,57,203186,128,1.2305370569229126,1.2305370569229126,0.7560931444168091,0.001,34.52627897262573
1598,11,58,203314,128,0.9336461424827576,0.9336461424827576,1.2205324172973633,0.001,34.54427695274353
1599,11,59,203442,128,0.8904550075531006,0.8904550075531006,1.013543963432312,0.001,34.56182408332825
1600,11,60,203570,128,1.2804296016693115,1.2804296016693115,1.236222267150879,0.001,34.579463481903076
1601,11,61,203698,128,0.9887917637825012,0.9887917637825012,1.132796287536621,0.001,34.59731984138489
1602,11,62,203826,128,1.123866081237793,1.123866081237793,0.9709521532058716,0.001,34.61529016494751
1603,11,63,203954,128,1.1304289102554321,1.1304289102554321,0.9111222624778748,0.001,34.63299560546875
1604,11,64,204082,128,1.083519458770752,1.083519458770752,1.0228843688964844,0.001,34.65044093132019
1605,11,65,204210,128,1.204947829246521,1.204947829246521,0.9297115206718445,0.001,34.668402433395386
1606,11,66,204338,128,1.05852210521698,1.05852210521698,1.1255106925964355,0.001,34.68569755554199
1607,11,67,204466,128,1.002912998199463,1.002912998199463,0.8996765613555908,0.001,34.70326375961304
1608,11,68,204594,128,0.6835688352584839,0.6835688352584839,1.054007649421692,0.001,34.72067332267761
1609,11,69,204722,128,1.2062467336654663,1.2062467336654663,0.7887796759605408,0.001,34.7385835647583
1610,11,70,204850,128,1.0400604009628296,1.0400604009628296,0.8414275050163269,0.001,34.75619721412659
1611,11,71,204978,128,1.1039962768554688,1.1039962768554688,1.4639264345169067,0.001,34.773810625076294
1612,11,72,205106,128,1.0594277381896973,1.0594277381896973,0.9277884364128113,0.001,34.791057109832764
1613,11,73,205234,128,1.7433947324752808,1.7433947324752808,1.039084792137146,0.001,34.80886387825012
1614,11,74,205362,128,1.1569877862930298,1.1569877862930298,1.3986821174621582,0.001,34.82631206512451
1615,11,75,205490,128,0.7514934539794922,0.7514934539794922,1.1161768436431885,0.001,34.84356379508972
1616,11,76,205618,128,1.7341854572296143,1.7341854572296143,1.0409703254699707,0.001,34.861246824264526
1617,11,77,205746,128,1.1239876747131348,1.1239876747131348,1.1842372417449951,0.001,34.87902545928955
1618,11,78,205874,128,1.135880708694458,1.135880708694458,1.0668061971664429,0.001,34.89661407470703
1619,11,79,206002,128,1.2481869459152222,1.2481869459152222,0.9590531587600708,0.001,34.91398906707764
1620,11,80,206130,128,1.1601312160491943,1.1601312160491943,1.2008143663406372,0.001,34.93137192726135
1621,11,81,206258,128,1.029759168624878,1.029759168624878,0.9185394644737244,0.001,34.949124813079834
1622,11,82,206386,128,1.0856868028640747,1.0856868028640747,1.2171218395233154,0.001,34.966728925704956
1623,11,83,206514,128,1.060772180557251,1.060772180557251,0.8078673481941223,0.001,34.984118938446045
1624,11,84,206642,128,0.6984618902206421,0.6984618902206421,0.8887280225753784,0.001,35.00167679786682
1625,11,85,206770,128,0.9365368485450745,0.9365368485450745,1.9872006177902222,0.001,35.01935386657715
1626,11,86,206898,128,1.1714537143707275,1.1714537143707275,1.3265947103500366,0.001,35.036582469940186
1627,11,87,207026,128,0.9521195292472839,0.9521195292472839,0.8493546843528748,0.001,35.053696632385254
1628,11,88,207154,128,1.0554828643798828,1.0554828643798828,1.0876519680023193,0.001,35.071069955825806
1629,11,89,207282,128,1.2308704853057861,1.2308704853057861,1.4037940502166748,0.001,35.08809971809387
1630,11,90,207410,128,0.8739957809448242,0.8739957809448242,1.1583646535873413,0.001,35.10522818565369
1631,11,91,207538,128,0.794432520866394,0.794432520866394,1.2218044996261597,0.001,35.122461795806885
1632,11,92,207666,128,0.996423065662384,0.996423065662384,1.218851089477539,0.001,35.14001131057739
1633,11,93,207794,128,1.0063799619674683,1.0063799619674683,0.8756207227706909,0.001,35.157156229019165
1634,11,94,207922,128,0.9882042407989502,0.9882042407989502,1.252468466758728,0.001,35.174325466156006
1635,11,95,208050,128,0.8380001783370972,0.8380001783370972,1.1915282011032104,0.001,35.19128751754761
1636,11,96,208178,128,1.06787109375,1.06787109375,1.0624752044677734,0.001,35.20867609977722
1637,11,97,208306,128,0.7814456224441528,0.7814456224441528,1.3616305589675903,0.001,35.22582721710205
1638,11,98,208434,128,0.7879851460456848,0.7879851460456848,0.8820518255233765,0.001,35.24279522895813
1639,11,99,208562,128,0.9603421092033386,0.9603421092033386,1.2460237741470337,0.001,35.25964546203613
1640,11,100,208690,128,1.0802572965621948,1.0802572965621948,0.8816251754760742,0.001,35.277135133743286
1641,11,101,208818,128,1.0822842121124268,1.0822842121124268,1.160098671913147,0.001,35.29412269592285
1642,11,102,208946,128,1.2653974294662476,1.2653974294662476,1.341330647468567,0.001,35.3112108707428
1643,11,103,209074,128,1.0245940685272217,1.0245940685272217,1.3244961500167847,0.001,35.32841229438782
1644,11,104,209202,128,0.8850311040878296,0.8850311040878296,0.9755638837814331,0.001,35.34556531906128
1645,11,105,209330,128,0.7710829973220825,0.7710829973220825,0.938495397567749,0.001,35.36258125305176
1646,11,106,209458,128,1.0029162168502808,1.0029162168502808,1.0998499393463135,0.001,35.37954497337341
1647,11,107,209586,128,0.8671532869338989,0.8671532869338989,1.1429264545440674,0.001,35.39680242538452
1648,11,108,209714,128,0.8136316537857056,0.8136316537857056,0.7399977445602417,0.001,35.41431713104248
1649,11,109,209842,128,0.9115214347839355,0.9115214347839355,1.351445198059082,0.001,35.43167853355408
1650,11,110,209970,128,1.1505932807922363,1.1505932807922363,1.1839210987091064,0.001,35.449111223220825
1651,11,111,210098,128,1.093286395072937,1.093286395072937,0.8650535345077515,0.001,35.466588497161865
1652,11,112,210226,128,0.9869341850280762,0.9869341850280762,1.080406904220581,0.001,35.484169244766235
1653,11,113,210354,128,0.7957361340522766,0.7957361340522766,1.2420439720153809,0.001,35.50156283378601
1654,11,114,210482,128,1.1078567504882812,1.1078567504882812,1.5673178434371948,0.001,35.518733978271484
1655,11,115,210610,128,0.9776852130889893,0.9776852130889893,0.8061326742172241,0.001,35.536386013031006
1656,11,116,210738,128,1.124912142753601,1.124912142753601,1.0260603427886963,0.001,35.55362343788147
1657,11,117,210866,128,1.2943354845046997,1.2943354845046997,0.8332961201667786,0.001,35.5708646774292
1658,11,118,210994,128,1.0562931299209595,1.0562931299209595,0.9200356006622314,0.001,35.58816599845886
1659,11,119,211122,128,0.888351559638977,0.888351559638977,1.3178178071975708,0.001,35.60581946372986
1660,11,120,211250,128,0.6099969148635864,0.6099969148635864,0.6951162815093994,0.001,35.623201847076416
1661,11,121,211378,128,0.9573087692260742,0.9573087692260742,1.2041213512420654,0.001,35.64056873321533
1662,11,122,211506,128,1.0302979946136475,1.0302979946136475,1.1211237907409668,0.001,35.657424211502075
1663,11,123,211634,128,0.925456702709198,0.925456702709198,0.9660863280296326,0.001,35.67473602294922
1664,11,124,211762,128,0.9254350066184998,0.9254350066184998,1.4503751993179321,0.001,35.691760301589966
1665,11,125,211890,128,0.7559192776679993,0.7559192776679993,1.5360078811645508,0.001,35.7090950012207
1666,11,126,212018,128,0.7676220536231995,0.7676220536231995,1.4220978021621704,0.001,35.726736545562744
1667,11,127,212146,128,1.4254684448242188,1.4254684448242188,1.4505280256271362,0.001,35.74428129196167
1668,11,128,212274,128,0.9355964660644531,0.9355964660644531,1.1009598970413208,0.001,35.76161241531372
1669,11,129,212402,128,0.7790415287017822,0.7790415287017822,1.2680068016052246,0.001,35.77851629257202
1670,11,130,212530,128,0.9095252752304077,0.9095252752304077,1.3819807767868042,0.001,35.795841455459595
1671,11,131,212658,128,0.8756975531578064,0.8756975531578064,1.517492413520813,0.001,35.81290006637573
1672,11,132,212786,128,0.9618008136749268,0.9618008136749268,0.8805416822433472,0.001,35.82977604866028
1673,11,133,212914,128,0.7258217930793762,0.7258217930793762,1.256076455116272,0.001,35.84719228744507
1674,11,134,213042,128,0.692145824432373,0.692145824432373,1.128214716911316,0.001,35.864919900894165
1675,11,135,213170,128,1.1093968152999878,1.1093968152999878,0.7425576448440552,0.001,35.882239818573
1676,11,136,213298,128,0.9747268557548523,0.9747268557548523,1.2847379446029663,0.001,35.89958453178406
1677,11,137,213426,128,1.0615767240524292,1.0615767240524292,0.981876015663147,0.001,35.9170868396759
1678,11,138,213554,128,0.7676392793655396,0.7676392793655396,0.7921170592308044,0.001,35.9349467754364
1679,11,139,213682,128,0.8941770195960999,0.8941770195960999,1.2036296129226685,0.001,35.952690839767456
1680,11,140,213810,128,0.8851054310798645,0.8851054310798645,1.1193748712539673,0.001,35.97020173072815
1681,11,141,213938,128,1.0513708591461182,1.0513708591461182,0.8259375095367432,0.001,35.98779296875
1682,11,142,214066,128,1.0906747579574585,1.0906747579574585,0.9834967255592346,0.001,36.005943298339844
1683,11,143,214194,128,0.9490145444869995,0.9490145444869995,1.0369453430175781,0.001,36.02322316169739
1684,11,144,214322,128,1.3106951713562012,1.3106951713562012,0.8669885396957397,0.001,36.04058599472046
1685,11,145,214450,128,1.1576794385910034,1.1576794385910034,0.9224318861961365,0.001,36.05810570716858
1686,11,146,214578,128,0.784889817237854,0.784889817237854,1.1627376079559326,0.001,36.076070070266724
1687,11,147,214706,128,1.09573495388031,1.09573495388031,0.8818169236183167,0.001,36.093658208847046
1688,11,148,214834,128,1.2002053260803223,1.2002053260803223,0.8675404787063599,0.001,36.11104369163513
1689,11,149,214962,128,1.2493611574172974,1.2493611574172974,0.9745226502418518,0.001,36.128724098205566
1690,11,150,215090,128,1.0189231634140015,1.0189231634140015,1.1505175828933716,0.001,36.146639823913574
1691,11,151,215218,128,0.7428392767906189,0.7428392767906189,0.9598156809806824,0.001,36.164236068725586
1692,11,152,215346,128,0.7926042079925537,0.7926042079925537,1.5513770580291748,0.001,36.18177247047424
1693,11,153,215474,128,0.8538205027580261,0.8538205027580261,0.8271733522415161,0.001,36.199241399765015
1694,11,154,215479,5,1.2692607641220093,1.2692607641220093,2.134634017944336,0.001,36.20192337036133
1695,12,1,215607,128,1.0781620740890503,1.0781620740890503,1.1638648509979248,0.001,36.88609552383423
1696,12,2,215735,128,0.897814154624939,0.897814154624939,1.2786149978637695,0.001,36.904019594192505
1697,12,3,215863,128,0.8314970135688782,0.8314970135688782,1.072689175605774,0.001,36.92188596725464
1698,12,4,215991,128,0.48452651500701904,0.48452651500701904,0.8575940132141113,0.001,36.93979001045227
1699,12,5,216119,128,0.7067120671272278,0.7067120671272278,0.7601158618927002,0.001,36.95724558830261
1700,12,6,216247,128,0.8097270131111145,0.8097270131111145,1.2212384939193726,0.001,36.97465896606445
1701,12,7,216375,128,1.0657936334609985,1.0657936334609985,1.5583467483520508,0.001,36.992212533950806
1702,12,8,216503,128,0.8722245693206787,0.8722245693206787,1.0538324117660522,0.001,37.009979486465454
1703,12,9,216631,128,1.2357275485992432,1.2357275485992432,1.2186757326126099,0.001,37.02748680114746
1704,12,10,216759,128,1.0011335611343384,1.0011335611343384,1.117918848991394,0.001,37.04489040374756
1705,12,11,216887,128,0.5105034708976746,0.5105034708976746,0.8116089105606079,0.001,37.062312602996826
1706,12,12,217015,128,1.3981810808181763,1.3981810808181763,1.3885433673858643,0.001,37.08001255989075
1707,12,13,217143,128,0.8427116870880127,0.8427116870880127,1.0188405513763428,0.001,37.09774708747864
1708,12,14,217271,128,1.0461642742156982,1.0461642742156982,1.1232049465179443,0.001,37.11505389213562
1709,12,15,217399,128,0.988128662109375,0.988128662109375,0.9837988615036011,0.001,37.13255190849304
1710,12,16,217527,128,0.9661185145378113,0.9661185145378113,1.1344596147537231,0.001,37.149930238723755
1711,12,17,217655,128,1.2015491724014282,1.2015491724014282,1.2069969177246094,0.001,37.1671679019928
1712,12,18,217783,128,0.9172705411911011,0.9172705411911011,0.9040181636810303,0.001,37.18445658683777
1713,12,19,217911,128,1.1150548458099365,1.1150548458099365,0.9342588782310486,0.001,37.202096939086914
1714,12,20,218039,128,0.677855908870697,0.677855908870697,1.4047167301177979,0.001,37.21955990791321
1715,12,21,218167,128,1.2266267538070679,1.2266267538070679,0.7805150747299194,0.001,37.236953258514404
1716,12,22,218295,128,0.7806479334831238,0.7806479334831238,1.048970103263855,0.001,37.254433155059814
1717,12,23,218423,128,1.0893864631652832,1.0893864631652832,1.3428853750228882,0.001,37.27242159843445
1718,12,24,218551,128,1.1771900653839111,1.1771900653839111,1.371483564376831,0.001,37.28972887992859
1719,12,25,218679,128,0.8984732031822205,0.8984732031822205,0.9086019992828369,0.001,37.30711126327515
1720,12,26,218807,128,0.9945221543312073,0.9945221543312073,0.8422015905380249,0.001,37.324570655822754
1721,12,27,218935,128,1.4119294881820679,1.4119294881820679,1.1145752668380737,0.001,37.342435121536255
1722,12,28,219063,128,0.9905276298522949,0.9905276298522949,1.241532564163208,0.001,37.360004901885986
1723,12,29,219191,128,0.9586634635925293,0.9586634635925293,0.9074050188064575,0.001,37.37788963317871
1724,12,30,219319,128,1.2004749774932861,1.2004749774932861,0.8112054467201233,0.001,37.395541191101074
1725,12,31,219447,128,1.0059443712234497,1.0059443712234497,1.385537028312683,0.001,37.413647413253784
1726,12,32,219575,128,0.9080718755722046,0.9080718755722046,1.1354289054870605,0.001,37.43093419075012
1727,12,33,219703,128,0.9868837594985962,0.9868837594985962,1.2715137004852295,0.001,37.44831848144531
1728,12,34,219831,128,1.076521396636963,1.076521396636963,0.9875757098197937,0.001,37.46598553657532
1729,12,35,219959,128,0.9577962756156921,0.9577962756156921,1.1500300168991089,0.001,37.48383831977844
1730,12,36,220087,128,1.1645334959030151,1.1645334959030151,1.3761640787124634,0.001,37.50143909454346
1731,12,37,220215,128,1.0017865896224976,1.0017865896224976,0.8989953994750977,0.001,37.51895308494568
1732,12,38,220343,128,0.7324586510658264,0.7324586510658264,0.9363716840744019,0.001,37.536595821380615
1733,12,39,220471,128,1.0091859102249146,1.0091859102249146,1.1769050359725952,0.001,37.55410170555115
1734,12,40,220599,128,0.8523257970809937,0.8523257970809937,1.2632920742034912,0.001,37.571617126464844
1735,12,41,220727,128,1.0801724195480347,1.0801724195480347,0.8110129237174988,0.001,37.589221715927124
1736,12,42,220855,128,0.8281936645507812,0.8281936645507812,1.568347692489624,0.001,37.60720348358154
1737,12,43,220983,128,0.8613755702972412,0.8613755702972412,1.171400785446167,0.001,37.62475919723511
1738,12,44,221111,128,0.9768650531768799,0.9768650531768799,0.876613974571228,0.001,37.642249584198
1739,12,45,221239,128,0.9771708250045776,0.9771708250045776,0.9499326944351196,0.001,37.659592390060425
1740,12,46,221367,128,0.6697140336036682,0.6697140336036682,0.7641919851303101,0.001,37.6777229309082
1741,12,47,221495,128,1.15286123752594,1.15286123752594,1.1060413122177124,0.001,37.69549512863159
1742,12,48,221623,128,0.8569149374961853,0.8569149374961853,0.7592954039573669,0.001,37.713072538375854
1743,12,49,221751,128,1.3050084114074707,1.3050084114074707,1.0521856546401978,0.001,37.73033094406128
1744,12,50,221879,128,0.8498742580413818,0.8498742580413818,1.0190025568008423,0.001,37.7480628490448
1745,12,51,222007,128,0.914656937122345,0.914656937122345,1.3525111675262451,0.001,37.76554536819458
1746,12,52,222135,128,0.770050585269928,0.770050585269928,1.0146000385284424,0.001,37.78256320953369
1747,12,53,222263,128,1.38750422000885,1.38750422000885,0.9751529097557068,0.001,37.79981017112732
1748,12,54,222391,128,1.025114893913269,1.025114893913269,1.330643892288208,0.001,37.81688213348389
1749,12,55,222519,128,1.0976661443710327,1.0976661443710327,1.2751837968826294,0.001,37.834606647491455
1750,12,56,222647,128,0.9914711713790894,0.9914711713790894,1.1005078554153442,0.001,37.860326051712036
1751,12,57,222775,128,0.9597029089927673,0.9597029089927673,0.7917280197143555,0.001,37.888402700424194
1752,12,58,222903,128,0.7809791564941406,0.7809791564941406,0.9025164842605591,0.001,37.91020917892456
1753,12,59,223031,128,0.85183185338974,0.85183185338974,0.7423157691955566,0.001,37.92858052253723
1754,12,60,223159,128,0.6968313455581665,0.6968313455581665,1.3325620889663696,0.001,37.946528911590576
1755,12,61,223287,128,1.084010362625122,1.084010362625122,1.065147876739502,0.001,37.9640748500824
1756,12,62,223415,128,1.3165313005447388,1.3165313005447388,0.8098371624946594,0.001,37.98135232925415
1757,12,63,223543,128,0.786418080329895,0.786418080329895,0.8382837772369385,0.001,37.9984130859375
1758,12,64,223671,128,1.1881632804870605,1.1881632804870605,1.0370835065841675,0.001,38.015963554382324
1759,12,65,223799,128,0.8524459600448608,0.8524459600448608,1.2391371726989746,0.001,38.03337836265564
1760,12,66,223927,128,0.7649720311164856,0.7649720311164856,0.870812714099884,0.001,38.050708532333374
1761,12,67,224055,128,0.8671209812164307,0.8671209812164307,0.8506361246109009,0.001,38.0681414604187
1762,12,68,224183,128,0.7138272523880005,0.7138272523880005,0.9365805387496948,0.001,38.085707664489746
1763,12,69,224311,128,1.230574369430542,1.230574369430542,0.889651894569397,0.001,38.10287642478943
1764,12,70,224439,128,1.3011195659637451,1.3011195659637451,1.0804468393325806,0.001,38.12038064002991
1765,12,71,224567,128,1.0504554510116577,1.0504554510116577,1.2862101793289185,0.001,38.13821578025818
1766,12,72,224695,128,1.2226052284240723,1.2226052284240723,0.985663652420044,0.001,38.155404567718506
1767,12,73,224823,128,1.0082321166992188,1.0082321166992188,0.9459585547447205,0.001,38.17280411720276
1768,12,74,224951,128,0.792765200138092,0.792765200138092,1.278336763381958,0.001,38.19029235839844
1769,12,75,225079,128,0.7589970231056213,0.7589970231056213,0.9821563959121704,0.001,38.207865715026855
1770,12,76,225207,128,0.8701983690261841,0.8701983690261841,1.1408222913742065,0.001,38.22527885437012
1771,12,77,225335,128,1.28835129737854,1.28835129737854,0.8085594773292542,0.001,38.242774963378906
1772,12,78,225463,128,1.056328535079956,1.056328535079956,1.1334785223007202,0.001,38.26029396057129
1773,12,79,225591,128,1.3753827810287476,1.3753827810287476,0.7282800674438477,0.001,38.27843356132507
1774,12,80,225719,128,1.3023267984390259,1.3023267984390259,1.2220799922943115,0.001,38.296154737472534
1775,12,81,225847,128,1.0538586378097534,1.0538586378097534,0.8424773216247559,0.001,38.31359601020813
1776,12,82,225975,128,0.7906221747398376,0.7906221747398376,0.7891982197761536,0.001,38.330933809280396
1777,12,83,226103,128,1.2230476140975952,1.2230476140975952,1.0615406036376953,0.001,38.34863090515137
1778,12,84,226231,128,0.8877818584442139,0.8877818584442139,0.9130601286888123,0.001,38.365999937057495
1779,12,85,226359,128,0.7486657500267029,0.7486657500267029,1.315192461013794,0.001,38.38335418701172
1780,12,86,226487,128,0.7094332575798035,0.7094332575798035,0.9807409644126892,0.001,38.40074038505554
1781,12,87,226615,128,0.760384738445282,0.760384738445282,0.7363632917404175,0.001,38.41810464859009
1782,12,88,226743,128,1.3501795530319214,1.3501795530319214,1.375038504600525,0.001,38.435410022735596
1783,12,89,226871,128,0.8120092749595642,0.8120092749595642,0.9092657566070557,0.001,38.452619552612305
1784,12,90,226999,128,0.8674244284629822,0.8674244284629822,1.0352981090545654,0.001,38.470465898513794
1785,12,91,227127,128,0.8436112999916077,0.8436112999916077,0.9919006824493408,0.001,38.48813605308533
1786,12,92,227255,128,0.7733160257339478,0.7733160257339478,1.0937185287475586,0.001,38.505812883377075
1787,12,93,227383,128,0.6997852921485901,0.6997852921485901,1.2415051460266113,0.001,38.52347016334534
1788,12,94,227511,128,0.8050433993339539,0.8050433993339539,0.9005239009857178,0.001,38.54116630554199
1789,12,95,227639,128,0.7610737681388855,0.7610737681388855,1.0796053409576416,0.001,38.55867576599121
1790,12,96,227767,128,1.0121666193008423,1.0121666193008423,1.1203100681304932,0.001,38.575976610183716
1791,12,97,227895,128,0.8667534589767456,0.8667534589767456,0.9881551265716553,0.001,38.593234062194824
1792,12,98,228023,128,1.0640982389450073,1.0640982389450073,1.5225061178207397,0.001,38.610631227493286
1793,12,99,228151,128,1.3031353950500488,1.3031353950500488,1.1414886713027954,0.001,38.627756118774414
1794,12,100,228279,128,0.9649969339370728,0.9649969339370728,0.7714430689811707,0.001,38.644855260849
1795,12,101,228407,128,0.7969710230827332,0.7969710230827332,1.1238511800765991,0.001,38.66206979751587
1796,12,102,228535,128,0.9898622035980225,0.9898622035980225,1.0624263286590576,0.001,38.67949318885803
1797,12,103,228663,128,0.7326710224151611,0.7326710224151611,1.3304439783096313,0.001,38.696826219558716
1798,12,104,228791,128,1.0365959405899048,1.0365959405899048,0.9130482077598572,0.001,38.71425676345825
1799,12,105,228919,128,0.9759326577186584,0.9759326577186584,0.8669787645339966,0.001,38.73137927055359
1800,12,106,229047,128,1.3083218336105347,1.3083218336105347,1.1209362745285034,0.001,38.74882626533508
1801,12,107,229175,128,0.9866266250610352,0.9866266250610352,0.828969419002533,0.001,38.766298055648804
1802,12,108,229303,128,0.9622610211372375,0.9622610211372375,1.0742576122283936,0.001,38.78331804275513
1803,12,109,229431,128,0.7680643796920776,0.7680643796920776,1.2470118999481201,0.001,38.80053782463074
1804,12,110,229559,128,1.1458063125610352,1.1458063125610352,1.226626992225647,0.001,38.81764340400696
1805,12,111,229687,128,0.826385498046875,0.826385498046875,1.1016663312911987,0.001,38.83454632759094
1806,12,112,229815,128,1.0541961193084717,1.0541961193084717,1.1055597066879272,0.001,38.85175538063049
1807,12,113,229943,128,0.7451074123382568,0.7451074123382568,1.0269843339920044,0.001,38.868701219558716
1808,12,114,230071,128,0.7268372774124146,0.7268372774124146,1.1588871479034424,0.001,38.88607120513916
1809,12,115,230199,128,0.6974630355834961,0.6974630355834961,0.8973637223243713,0.001,38.903258085250854
1810,12,116,230327,128,1.0211974382400513,1.0211974382400513,0.8120427131652832,0.001,38.920413970947266
1811,12,117,230455,128,1.018715500831604,1.018715500831604,1.0877094268798828,0.001,38.937607526779175
1812,12,118,230583,128,0.6928741335868835,0.6928741335868835,0.6786820888519287,0.001,38.954617738723755
1813,12,119,230711,128,0.8586792349815369,0.8586792349815369,0.7657943964004517,0.001,38.97157168388367
1814,12,120,230839,128,0.8953197002410889,0.8953197002410889,1.5286455154418945,0.001,38.98871684074402
1815,12,121,230967,128,0.9999237060546875,0.9999237060546875,1.4326014518737793,0.001,39.006107807159424
1816,12,122,231095,128,0.9037719368934631,0.9037719368934631,1.0100071430206299,0.001,39.02364945411682
1817,12,123,231223,128,1.1700167655944824,1.1700167655944824,1.271037220954895,0.001,39.04060125350952
1818,12,124,231351,128,1.0491153001785278,1.0491153001785278,1.0698354244232178,0.001,39.05793905258179
1819,12,125,231479,128,1.2751729488372803,1.2751729488372803,0.9207993745803833,0.001,39.075133323669434
1820,12,126,231607,128,0.8659510612487793,0.8659510612487793,1.5421245098114014,0.001,39.092533826828
1821,12,127,231735,128,0.745294451713562,0.745294451713562,1.0754423141479492,0.001,39.110071897506714
1822,12,128,231863,128,1.4491153955459595,1.4491153955459595,1.772149920463562,0.001,39.127238273620605
1823,12,129,231991,128,0.8060580492019653,0.8060580492019653,1.415974736213684,0.001,39.14471220970154
1824,12,130,232119,128,1.4066582918167114,1.4066582918167114,0.8740993738174438,0.001,39.1619029045105
1825,12,131,232247,128,0.9928794503211975,0.9928794503211975,1.0631684064865112,0.001,39.17902445793152
1826,12,132,232375,128,0.9600918292999268,0.9600918292999268,1.2605901956558228,0.001,39.195958852767944
1827,12,133,232503,128,1.14839768409729,1.14839768409729,0.8546631336212158,0.001,39.214008808135986
1828,12,134,232631,128,0.9325145483016968,0.9325145483016968,1.2915996313095093,0.001,39.231460094451904
1829,12,135,232759,128,0.8151620030403137,0.8151620030403137,1.0937776565551758,0.001,39.24865007400513
1830,12,136,232887,128,1.1140899658203125,1.1140899658203125,1.1838008165359497,0.001,39.266035318374634
1831,12,137,233015,128,1.043699860572815,1.043699860572815,1.3721868991851807,0.001,39.283631801605225
1832,12,138,233143,128,0.9080845713615417,0.9080845713615417,1.17719304561615,0.001,39.300910234451294
1833,12,139,233271,128,0.8500843048095703,0.8500843048095703,1.3731768131256104,0.001,39.31799912452698
1834,12,140,233399,128,1.21711003780365,1.21711003780365,0.9050114154815674,0.001,39.33526539802551
1835,12,141,233527,128,0.9085977077484131,0.9085977077484131,1.4450899362564087,0.001,39.35269522666931
1836,12,142,233655,128,0.6726549863815308,0.6726549863815308,1.4997053146362305,0.001,39.37001633644104
1837,12,143,233783,128,0.6756590604782104,0.6756590604782104,1.372665286064148,0.001,39.38746762275696
1838,12,144,233911,128,1.0131620168685913,1.0131620168685913,1.0510365962982178,0.001,39.40467810630798
1839,12,145,234039,128,0.9361804127693176,0.9361804127693176,1.384175419807434,0.001,39.42232537269592
1840,12,146,234167,128,0.9082931280136108,0.9082931280136108,1.388380765914917,0.001,39.43933081626892
1841,12,147,234295,128,0.8212162852287292,0.8212162852287292,1.158505916595459,0.001,39.45655059814453
1842,12,148,234423,128,1.0591850280761719,1.0591850280761719,0.8559034466743469,0.001,39.47411346435547
1843,12,149,234551,128,1.1683799028396606,1.1683799028396606,1.2353522777557373,0.001,39.49158072471619
1844,12,150,234679,128,1.2085877656936646,1.2085877656936646,0.882814884185791,0.001,39.50852155685425
1845,12,151,234807,128,0.831561267375946,0.831561267375946,1.0207133293151855,0.001,39.52594256401062
1846,12,152,234935,128,0.7898140549659729,0.7898140549659729,1.024673342704773,0.001,39.54354691505432
1847,12,153,235063,128,0.9278817772865295,0.9278817772865295,1.1592421531677246,0.001,39.56064581871033
1848,12,154,235068,5,1.0533030033111572,1.0533030033111572,0.8594130873680115,0.001,39.5631844997406
1849,13,1,235196,128,0.8379707932472229,0.8379707932472229,0.8616318106651306,0.001,40.2365448474884
1850,13,2,235324,128,0.824655294418335,0.824655294418335,0.9532204270362854,0.001,40.254191875457764
1851,13,3,235452,128,1.1420222520828247,1.1420222520828247,0.933883786201477,0.001,40.27173209190369
1852,13,4,235580,128,0.8682755827903748,0.8682755827903748,1.3917813301086426,0.001,40.28955554962158
1853,13,5,235708,128,1.0039880275726318,1.0039880275726318,0.9368903040885925,0.001,40.306883335113525
1854,13,6,235836,128,1.4935708045959473,1.4935708045959473,1.1446903944015503,0.001,40.32421350479126
1855,13,7,235964,128,1.2325520515441895,1.2325520515441895,1.1810044050216675,0.001,40.34214472770691
1856,13,8,236092,128,0.7946227192878723,0.7946227192878723,1.0324369668960571,0.001,40.35918879508972
1857,13,9,236220,128,0.6792567372322083,0.6792567372322083,1.0169700384140015,0.001,40.37622547149658
1858,13,10,236348,128,1.0966320037841797,1.0966320037841797,1.186621904373169,0.001,40.393688440322876
1859,13,11,236476,128,1.0494639873504639,1.0494639873504639,1.279425859451294,0.001,40.41129231452942
1860,13,12,236604,128,0.8631384372711182,0.8631384372711182,1.3845021724700928,0.001,40.42834711074829
1861,13,13,236732,128,0.9601534605026245,0.9601534605026245,0.8652291297912598,0.001,40.44540214538574
1862,13,14,236860,128,0.7505531907081604,0.7505531907081604,1.0247693061828613,0.001,40.46228051185608
1863,13,15,236988,128,1.0471981763839722,1.0471981763839722,0.9579041004180908,0.001,40.47977948188782
1864,13,16,237116,128,0.7039162516593933,0.7039162516593933,0.8546136617660522,0.001,40.49683666229248
1865,13,17,237244,128,0.6962730288505554,0.6962730288505554,0.9180248975753784,0.001,40.51397180557251
1866,13,18,237372,128,0.9478168487548828,0.9478168487548828,0.913730263710022,0.001,40.53087377548218
1867,13,19,237500,128,0.9729625582695007,0.9729625582695007,0.8294939994812012,0.001,40.54849410057068
1868,13,20,237628,128,0.8052691221237183,0.8052691221237183,0.9785868525505066,0.001,40.56556248664856
1869,13,21,237756,128,0.6830760836601257,0.6830760836601257,1.036731243133545,0.001,40.58250570297241
1870,13,22,237884,128,0.6961906552314758,0.6961906552314758,0.9309601187705994,0.001,40.5992066860199
1871,13,23,238012,128,0.6882839798927307,0.6882839798927307,0.8212450742721558,0.001,40.616434812545776
1872,13,24,238140,128,0.9749069213867188,0.9749069213867188,1.0457326173782349,0.001,40.633341789245605
1873,13,25,238268,128,1.252124309539795,1.252124309539795,0.8012621998786926,0.001,40.650310754776
1874,13,26,238396,128,0.8811125159263611,0.8811125159263611,1.038466453552246,0.001,40.66708326339722
1875,13,27,238524,128,0.8087040781974792,0.8087040781974792,1.02907133102417,0.001,40.68426966667175
1876,13,28,238652,128,0.6183388233184814,0.6183388233184814,1.0465970039367676,0.001,40.70105600357056
1877,13,29,238780,128,0.7512523531913757,0.7512523531913757,1.2714402675628662,0.001,40.71784567832947
1878,13,30,238908,128,1.1026129722595215,1.1026129722595215,0.8709098696708679,0.001,40.734519243240356
1879,13,31,239036,128,1.1313198804855347,1.1313198804855347,1.4563478231430054,0.001,40.75188660621643
1880,13,32,239164,128,0.942997932434082,0.942997932434082,1.1872726678848267,0.001,40.76883101463318
1881,13,33,239292,128,0.9687153697013855,0.9687153697013855,0.9935322403907776,0.001,40.78591561317444
1882,13,34,239420,128,0.7480124235153198,0.7480124235153198,1.0503160953521729,0.001,40.802847385406494
1883,13,35,239548,128,1.1154252290725708,1.1154252290725708,1.0282474756240845,0.001,40.82016944885254
1884,13,36,239676,128,0.9994338750839233,0.9994338750839233,1.2459735870361328,0.001,40.837101221084595
1885,13,37,239804,128,0.717844545841217,0.717844545841217,0.9826957583427429,0.001,40.85436153411865
1886,13,38,239932,128,0.9599301218986511,0.9599301218986511,1.2770044803619385,0.001,40.87136697769165
1887,13,39,240060,128,0.7602645754814148,0.7602645754814148,0.788448691368103,0.001,40.888649702072144
1888,13,40,240188,128,0.9801677465438843,0.9801677465438843,1.0481822490692139,0.001,40.905884742736816
1889,13,41,240316,128,0.9932189583778381,0.9932189583778381,1.3011724948883057,0.001,40.923009634017944
1890,13,42,240444,128,1.0474542379379272,1.0474542379379272,0.9497929215431213,0.001,40.94023156166077
1891,13,43,240572,128,0.8985081315040588,0.8985081315040588,0.9421539306640625,0.001,40.95772385597229
1892,13,44,240700,128,1.1306424140930176,1.1306424140930176,0.7641705274581909,0.001,40.97503423690796
1893,13,45,240828,128,0.8678858280181885,0.8678858280181885,1.1657919883728027,0.001,40.99211597442627
1894,13,46,240956,128,0.9391943216323853,0.9391943216323853,0.9158961176872253,0.001,41.009605169296265
1895,13,47,241084,128,0.9889009594917297,0.9889009594917297,1.1537138223648071,0.001,41.02690601348877
1896,13,48,241212,128,0.8400155305862427,0.8400155305862427,1.3213024139404297,0.001,41.044190645217896
1897,13,49,241340,128,0.8693788647651672,0.8693788647651672,1.300272822380066,0.001,41.061726808547974
1898,13,50,241468,128,1.039023518562317,1.039023518562317,1.4352781772613525,0.001,41.07927417755127
1899,13,51,241596,128,0.9296785593032837,0.9296785593032837,0.9047518372535706,0.001,41.096527338027954
1900,13,52,241724,128,0.9348856806755066,0.9348856806755066,1.2105975151062012,0.001,41.11376333236694
1901,13,53,241852,128,0.7367628216743469,0.7367628216743469,0.750963568687439,0.001,41.13106632232666
1902,13,54,241980,128,0.9901240468025208,0.9901240468025208,0.9653835296630859,0.001,41.14860129356384
1903,13,55,242108,128,0.8926207423210144,0.8926207423210144,1.13762366771698,0.001,41.165966272354126
1904,13,56,242236,128,1.0292565822601318,1.0292565822601318,1.187314510345459,0.001,41.183127880096436
1905,13,57,242364,128,0.9146851897239685,0.9146851897239685,0.9895375967025757,0.001,41.20018696784973
1906,13,58,242492,128,0.9851410984992981,0.9851410984992981,1.1599717140197754,0.001,41.21769976615906
1907,13,59,242620,128,1.034521460533142,1.034521460533142,1.0951035022735596,0.001,41.234771728515625
1908,13,60,242748,128,0.6570165157318115,0.6570165157318115,1.0617786645889282,0.001,41.25211310386658
1909,13,61,242876,128,1.0578852891921997,1.0578852891921997,1.2395321130752563,0.001,41.269691467285156
1910,13,62,243004,128,0.9456318616867065,0.9456318616867065,1.6556694507598877,0.001,41.28727316856384
1911,13,63,243132,128,0.9944230318069458,0.9944230318069458,1.2687945365905762,0.001,41.30454683303833
1912,13,64,243260,128,0.967871367931366,0.967871367931366,1.0433449745178223,0.001,41.32208251953125
1913,13,65,243388,128,1.1424365043640137,1.1424365043640137,0.9332493543624878,0.001,41.33913040161133
1914,13,66,243516,128,1.0876750946044922,1.0876750946044922,1.1686763763427734,0.001,41.356873512268066
1915,13,67,243644,128,1.0993107557296753,1.0993107557296753,1.1637080907821655,0.001,41.374051094055176
1916,13,68,243772,128,0.9266006350517273,0.9266006350517273,1.4117413759231567,0.001,41.391456604003906
1917,13,69,243900,128,0.8425179719924927,0.8425179719924927,0.8688368797302246,0.001,41.408830642700195
1918,13,70,244028,128,0.784744381904602,0.784744381904602,1.2133036851882935,0.001,41.426198959350586
1919,13,71,244156,128,1.2077841758728027,1.2077841758728027,1.1878186464309692,0.001,41.44374370574951
1920,13,72,244284,128,1.2114754915237427,1.2114754915237427,1.4427752494812012,0.001,41.46103858947754
1921,13,73,244412,128,0.9869889616966248,0.9869889616966248,0.9613173604011536,0.001,41.47867274284363
1922,13,74,244540,128,1.0077801942825317,1.0077801942825317,0.9520558714866638,0.001,41.49613928794861
1923,13,75,244668,128,0.8545675277709961,0.8545675277709961,1.331284999847412,0.001,41.51374292373657
1924,13,76,244796,128,1.1640318632125854,1.1640318632125854,0.9779697060585022,0.001,41.53106212615967
1925,13,77,244924,128,0.9181386232376099,0.9181386232376099,1.2423955202102661,0.001,41.54878354072571
1926,13,78,245052,128,0.7431010007858276,0.7431010007858276,1.0044488906860352,0.001,41.5659282207489
1927,13,79,245180,128,0.8051283955574036,0.8051283955574036,1.1642216444015503,0.001,41.58336901664734
1928,13,80,245308,128,1.0997333526611328,1.0997333526611328,1.5210341215133667,0.001,41.60053777694702
1929,13,81,245436,128,1.1225155591964722,1.1225155591964722,0.9040299654006958,0.001,41.618114948272705
1930,13,82,245564,128,0.9217721223831177,0.9217721223831177,0.9524400234222412,0.001,41.63547682762146
1931,13,83,245692,128,0.7558332085609436,0.7558332085609436,1.1075003147125244,0.001,41.65248227119446
1932,13,84,245820,128,0.9534095525741577,0.9534095525741577,1.1104317903518677,0.001,41.6698956489563
1933,13,85,245948,128,0.702335774898529,0.702335774898529,1.0748295783996582,0.001,41.68789768218994
1934,13,86,246076,128,0.7806103229522705,0.7806103229522705,1.120693564414978,0.001,41.70546078681946
1935,13,87,246204,128,0.7844578623771667,0.7844578623771667,1.01806640625,0.001,41.722902059555054
1936,13,88,246332,128,0.8544195294380188,0.8544195294380188,1.017867922782898,0.001,41.740394115448
1937,13,89,246460,128,0.8458071947097778,0.8458071947097778,0.9997906684875488,0.001,41.75803542137146
1938,13,90,246588,128,0.7739689350128174,0.7739689350128174,1.3002995252609253,0.001,41.775606632232666
1939,13,91,246716,128,0.9036213755607605,0.9036213755607605,1.2975307703018188,0.001,41.79308271408081
1940,13,92,246844,128,1.1741639375686646,1.1741639375686646,1.0808818340301514,0.001,41.81079864501953
1941,13,93,246972,128,1.0428824424743652,1.0428824424743652,0.925433874130249,0.001,41.82812833786011
1942,13,94,247100,128,0.5909116268157959,0.5909116268157959,0.9958642721176147,0.001,41.845545291900635
1943,13,95,247228,128,0.8343980312347412,0.8343980312347412,1.051347017288208,0.001,41.86273407936096
1944,13,96,247356,128,0.8112928867340088,0.8112928867340088,1.0267839431762695,0.001,41.880393743515015
1945,13,97,247484,128,0.7272214889526367,0.7272214889526367,0.9123625755310059,0.001,41.898138761520386
1946,13,98,247612,128,0.9360834360122681,0.9360834360122681,1.0686893463134766,0.001,41.915674924850464
1947,13,99,247740,128,0.586296021938324,0.586296021938324,1.3498455286026,0.001,41.93269491195679
1948,13,100,247868,128,0.8343769907951355,0.8343769907951355,1.1090999841690063,0.001,41.950552225112915
1949,13,101,247996,128,0.8828864693641663,0.8828864693641663,0.7571383714675903,0.001,41.968401193618774
1950,13,102,248124,128,1.0008947849273682,1.0008947849273682,1.2799320220947266,0.001,41.985652923583984
1951,13,103,248252,128,1.1468387842178345,1.1468387842178345,1.205203652381897,0.001,42.002819299697876
1952,13,104,248380,128,0.8056986331939697,0.8056986331939697,1.3655428886413574,0.001,42.02033448219299
1953,13,105,248508,128,0.9573503136634827,0.9573503136634827,1.0819154977798462,0.001,42.03793263435364
1954,13,106,248636,128,1.087801218032837,1.087801218032837,1.5264180898666382,0.001,42.055171966552734
1955,13,107,248764,128,0.7327023148536682,0.7327023148536682,1.4606807231903076,0.001,42.072580099105835
1956,13,108,248892,128,1.0369389057159424,1.0369389057159424,0.856509804725647,0.001,42.090193033218384
1957,13,109,249020,128,0.8048434257507324,0.8048434257507324,1.037214756011963,0.001,42.10751509666443
1958,13,110,249148,128,1.0254771709442139,1.0254771709442139,1.2433449029922485,0.001,42.12493395805359
1959,13,111,249276,128,0.991234540939331,0.991234540939331,0.986751139163971,0.001,42.142027139663696
1960,13,112,249404,128,1.1565910577774048,1.1565910577774048,1.189545750617981,0.001,42.15962886810303
1961,13,113,249532,128,0.9001391530036926,0.9001391530036926,1.0449730157852173,0.001,42.17698526382446
1962,13,114,249660,128,0.9893395304679871,0.9893395304679871,1.0135343074798584,0.001,42.194326877593994
1963,13,115,249788,128,1.0756776332855225,1.0756776332855225,1.2857483625411987,0.001,42.212162494659424
1964,13,116,249916,128,0.8048611283302307,0.8048611283302307,0.9499525427818298,0.001,42.2294864654541
1965,13,117,250044,128,0.9621978402137756,0.9621978402137756,1.6120585203170776,0.001,42.24700975418091
1966,13,118,250172,128,0.9905804395675659,0.9905804395675659,0.9912157654762268,0.001,42.264193058013916
1967,13,119,250300,128,1.1345202922821045,1.1345202922821045,0.9762420058250427,0.001,42.28183031082153
1968,13,120,250428,128,0.8230912089347839,0.8230912089347839,1.0002284049987793,0.001,42.299270153045654
1969,13,121,250556,128,1.055207371711731,1.055207371711731,1.0279943943023682,0.001,42.31683611869812
1970,13,122,250684,128,1.222632884979248,1.222632884979248,1.0260646343231201,0.001,42.334001302719116
1971,13,123,250812,128,0.8551824688911438,0.8551824688911438,0.7657549381256104,0.001,42.35192537307739
1972,13,124,250940,128,0.7417346835136414,0.7417346835136414,0.7896114587783813,0.001,42.36920642852783
1973,13,125,251068,128,0.6981995105743408,0.6981995105743408,0.991145670413971,0.001,42.3866548538208
1974,13,126,251196,128,1.0412803888320923,1.0412803888320923,1.2074546813964844,0.001,42.40393805503845
1975,13,127,251324,128,0.8568354845046997,0.8568354845046997,1.2316046953201294,0.001,42.421977043151855
1976,13,128,251452,128,0.7931423783302307,0.7931423783302307,0.8689361810684204,0.001,42.439433574676514
1977,13,129,251580,128,0.8576350212097168,0.8576350212097168,1.4543038606643677,0.001,42.456937313079834
1978,13,130,251708,128,1.0010839700698853,1.0010839700698853,1.5684882402420044,0.001,42.47436738014221
1979,13,131,251836,128,1.2241374254226685,1.2241374254226685,1.1229135990142822,0.001,42.492218017578125
1980,13,132,251964,128,1.2109036445617676,1.2109036445617676,1.301448941230774,0.001,42.50984740257263
1981,13,133,252092,128,0.8534864783287048,0.8534864783287048,0.9354309439659119,0.001,42.527498960494995
1982,13,134,252220,128,0.9083726406097412,0.9083726406097412,1.2399017810821533,0.001,42.54535436630249
1983,13,135,252348,128,0.9079261422157288,0.9079261422157288,0.8328593969345093,0.001,42.562963008880615
1984,13,136,252476,128,1.0166734457015991,1.0166734457015991,1.2700921297073364,0.001,42.580336809158325
1985,13,137,252604,128,0.995407223701477,0.995407223701477,0.939566969871521,0.001,42.59826898574829
1986,13,138,252732,128,0.9602737426757812,0.9602737426757812,0.7676001787185669,0.001,42.61625814437866
1987,13,139,252860,128,1.1488547325134277,1.1488547325134277,1.065406322479248,0.001,42.63550806045532
1988,13,140,252988,128,0.7674506902694702,0.7674506902694702,0.9153109788894653,0.001,42.654260873794556
1989,13,141,253116,128,0.6869972348213196,0.6869972348213196,1.0974587202072144,0.001,42.67206358909607
1990,13,142,253244,128,0.6037459969520569,0.6037459969520569,0.981825053691864,0.001,42.68985438346863
1991,13,143,253372,128,0.9114192128181458,0.9114192128181458,1.0844461917877197,0.001,42.70701217651367
1992,13,144,253500,128,1.2147908210754395,1.2147908210754395,1.2467108964920044,0.001,42.72403049468994
1993,13,145,253628,128,0.6405317783355713,0.6405317783355713,0.8775961399078369,0.001,42.741175413131714
1994,13,146,253756,128,0.9851366877555847,0.9851366877555847,1.1248911619186401,0.001,42.75905799865723
1995,13,147,253884,128,1.0507371425628662,1.0507371425628662,0.7948033213615417,0.001,42.77658247947693
1996,13,148,254012,128,0.954679548740387,0.954679548740387,1.3985315561294556,0.001,42.79405903816223
1997,13,149,254140,128,1.237754464149475,1.237754464149475,1.1345785856246948,0.001,42.81169581413269
1998,13,150,254268,128,0.9143378138542175,0.9143378138542175,1.1979315280914307,0.001,42.829477310180664
1999,13,151,254396,128,0.9475077390670776,0.9475077390670776,1.036409854888916,0.001,42.84713816642761
2000,13,152,254524,128,0.8066973090171814,0.8066973090171814,1.0148541927337646,0.001,42.864699363708496
2001,13,153,254652,128,0.7721638083457947,0.7721638083457947,0.7516686320304871,0.001,42.882572650909424
2002,13,154,254657,5,0.16947482526302338,0.16947482526302338,0.3991597592830658,0.001,42.88527464866638
2003,14,1,254785,128,1.1192551851272583,1.1192551851272583,1.210647463798523,0.001,43.566205739974976
2004,14,2,254913,128,0.8856565952301025,0.8856565952301025,0.678652286529541,0.001,43.58403277397156
2005,14,3,255041,128,0.5374560356140137,0.5374560356140137,1.016903042793274,0.001,43.601600885391235
2006,14,4,255169,128,0.6323022842407227,0.6323022842407227,0.9567055702209473,0.001,43.61915707588196
2007,14,5,255297,128,0.7139336466789246,0.7139336466789246,1.2091989517211914,0.001,43.63657546043396
2008,14,6,255425,128,0.6894223690032959,0.6894223690032959,1.204759955406189,0.001,43.65360760688782
2009,14,7,255553,128,0.7771182060241699,0.7771182060241699,0.9636580348014832,0.001,43.67054557800293
2010,14,8,255681,128,0.8725422620773315,0.8725422620773315,1.0291773080825806,0.001,43.68802237510681
2011,14,9,255809,128,0.6740393042564392,0.6740393042564392,0.9261009097099304,0.001,43.70557904243469
2012,14,10,255937,128,0.7112217545509338,0.7112217545509338,1.0986977815628052,0.001,43.72309494018555
2013,14,11,256065,128,0.9463729858398438,0.9463729858398438,1.3279825448989868,0.001,43.740310192108154
2014,14,12,256193,128,0.6998488306999207,0.6998488306999207,1.1811714172363281,0.001,43.758211851119995
2015,14,13,256321,128,0.9011291861534119,0.9011291861534119,0.8881508708000183,0.001,43.7755401134491
2016,14,14,256449,128,0.889076292514801,0.889076292514801,1.0186340808868408,0.001,43.792799949645996
2017,14,15,256577,128,0.8680398464202881,0.8680398464202881,1.0233591794967651,0.001,43.809998512268066
2018,14,16,256705,128,0.7091851830482483,0.7091851830482483,1.1685361862182617,0.001,43.827277183532715
2019,14,17,256833,128,0.8462867736816406,0.8462867736816406,1.0693475008010864,0.001,43.844587564468384
2020,14,18,256961,128,1.064625859260559,1.064625859260559,1.0712928771972656,0.001,43.861626625061035
2021,14,19,257089,128,1.033774971961975,1.033774971961975,0.9250369668006897,0.001,43.87916827201843
2022,14,20,257217,128,0.7888478636741638,0.7888478636741638,0.9835587739944458,0.001,43.89668297767639
2023,14,21,257345,128,0.6968918442726135,0.6968918442726135,1.0925041437149048,0.001,43.913941621780396
2024,14,22,257473,128,0.7465237379074097,0.7465237379074097,1.2031810283660889,0.001,43.93093419075012
2025,14,23,257601,128,0.9820317625999451,0.9820317625999451,0.9963436126708984,0.001,43.94860315322876
2026,14,24,257729,128,1.1614413261413574,1.1614413261413574,1.1146879196166992,0.001,43.96619963645935
2027,14,25,257857,128,1.3702203035354614,1.3702203035354614,1.1030141115188599,0.001,43.98403358459473
2028,14,26,257985,128,0.6293476223945618,0.6293476223945618,1.1552809476852417,0.001,44.00181770324707
2029,14,27,258113,128,0.5219563245773315,0.5219563245773315,1.343329668045044,0.001,44.019784450531006
2030,14,28,258241,128,0.8393450975418091,0.8393450975418091,0.8952175378799438,0.001,44.037174224853516
2031,14,29,258369,128,1.0111045837402344,1.0111045837402344,1.094028115272522,0.001,44.05413866043091
2032,14,30,258497,128,1.129348635673523,1.129348635673523,1.171296238899231,0.001,44.07172894477844
2033,14,31,258625,128,0.9820681810379028,0.9820681810379028,1.0381988286972046,0.001,44.08992028236389
2034,14,32,258753,128,0.8161924481391907,0.8161924481391907,1.0555320978164673,0.001,44.107582569122314
2035,14,33,258881,128,1.0706671476364136,1.0706671476364136,0.9922596216201782,0.001,44.125301361083984
2036,14,34,259009,128,0.91458660364151,0.91458660364151,1.59898841381073,0.001,44.142967224121094
2037,14,35,259137,128,1.2200700044631958,1.2200700044631958,0.8569158911705017,0.001,44.16078448295593
2038,14,36,259265,128,0.9050891399383545,0.9050891399383545,0.9389933347702026,0.001,44.17837834358215
2039,14,37,259393,128,0.9999589323997498,0.9999589323997498,1.2687098979949951,0.001,44.195823669433594
2040,14,38,259521,128,1.0620887279510498,1.0620887279510498,1.0843747854232788,0.001,44.21314311027527
2041,14,39,259649,128,1.017608404159546,1.017608404159546,0.8916186690330505,0.001,44.23078227043152
2042,14,40,259777,128,1.3499327898025513,1.3499327898025513,1.2224888801574707,0.001,44.248380184173584
2043,14,41,259905,128,0.7077786326408386,0.7077786326408386,0.9302956461906433,0.001,44.26583647727966
2044,14,42,260033,128,0.7364355325698853,0.7364355325698853,0.9086910486221313,0.001,44.283552169799805
2045,14,43,260161,128,0.983466625213623,0.983466625213623,1.0540601015090942,0.001,44.30121207237244
2046,14,44,260289,128,0.7949250340461731,0.7949250340461731,1.1104718446731567,0.001,44.318684816360474
2047,14,45,260417,128,0.803720235824585,0.803720235824585,1.073452115058899,0.001,44.3364782333374
2048,14,46,260545,128,0.7310357689857483,0.7310357689857483,1.2306889295578003,0.001,44.3544135093689
2049,14,47,260673,128,0.9433218240737915,0.9433218240737915,1.3495070934295654,0.001,44.37194323539734
2050,14,48,260801,128,0.8681071400642395,0.8681071400642395,1.1166114807128906,0.001,44.38960385322571
2051,14,49,260929,128,0.863335371017456,0.863335371017456,1.1168638467788696,0.001,44.40705990791321
2052,14,50,261057,128,1.045993447303772,1.045993447303772,1.2222732305526733,0.001,44.42493033409119
2053,14,51,261185,128,0.8017924427986145,0.8017924427986145,0.9530174136161804,0.001,44.442505836486816
2054,14,52,261313,128,1.1314796209335327,1.1314796209335327,1.457900047302246,0.001,44.46007823944092
2055,14,53,261441,128,0.7017542123794556,0.7017542123794556,0.8694216012954712,0.001,44.47771644592285
2056,14,54,261569,128,0.9313037395477295,0.9313037395477295,1.2678439617156982,0.001,44.49560213088989
2057,14,55,261697,128,0.8105056285858154,0.8105056285858154,0.922595739364624,0.001,44.513428926467896
2058,14,56,261825,128,0.8524322509765625,0.8524322509765625,0.9591962099075317,0.001,44.53092622756958
2059,14,57,261953,128,1.1250334978103638,1.1250334978103638,1.0607374906539917,0.001,44.54890727996826
2060,14,58,262081,128,1.6040023565292358,1.6040023565292358,0.7722968459129333,0.001,44.566545486450195
2061,14,59,262209,128,0.9952679872512817,0.9952679872512817,0.8628877997398376,0.001,44.584134101867676
2062,14,60,262337,128,0.8993775248527527,0.8993775248527527,0.9937385320663452,0.001,44.601664543151855
2063,14,61,262465,128,0.8145376443862915,0.8145376443862915,0.9205167889595032,0.001,44.61973857879639
2064,14,62,262593,128,0.7591859102249146,0.7591859102249146,1.0767614841461182,0.001,44.637317419052124
2065,14,63,262721,128,0.7302653193473816,0.7302653193473816,0.8900442719459534,0.001,44.654622316360474
2066,14,64,262849,128,0.8617422580718994,0.8617422580718994,1.2924113273620605,0.001,44.67237663269043
2067,14,65,262977,128,0.9188522100448608,0.9188522100448608,0.7778770923614502,0.001,44.690194606781006
2068,14,66,263105,128,1.385419249534607,1.385419249534607,1.2699958086013794,0.001,44.70786714553833
2069,14,67,263233,128,1.0088917016983032,1.0088917016983032,1.245978593826294,0.001,44.7253839969635
2070,14,68,263361,128,0.8108817934989929,0.8108817934989929,1.0179402828216553,0.001,44.74298691749573
2071,14,69,263489,128,0.852392315864563,0.852392315864563,1.099711537361145,0.001,44.760854721069336
2072,14,70,263617,128,0.8956208825111389,0.8956208825111389,1.2100297212600708,0.001,44.778584241867065
2073,14,71,263745,128,0.8333325982093811,0.8333325982093811,0.9030794501304626,0.001,44.796080589294434
2074,14,72,263873,128,0.7333816885948181,0.7333816885948181,1.4816852807998657,0.001,44.81427025794983
2075,14,73,264001,128,1.0339112281799316,1.0339112281799316,1.0448236465454102,0.001,44.832252740859985
2076,14,74,264129,128,0.8303995132446289,0.8303995132446289,1.0306874513626099,0.001,44.85006237030029
2077,14,75,264257,128,1.0505104064941406,1.0505104064941406,0.9662520289421082,0.001,44.867470264434814
2078,14,76,264385,128,1.1423057317733765,1.1423057317733765,1.301435947418213,0.001,44.88544774055481
2079,14,77,264513,128,0.6957471966743469,0.6957471966743469,1.195409893989563,0.001,44.903430700302124
2080,14,78,264641,128,1.0883697271347046,1.0883697271347046,0.9890913963317871,0.001,44.92095494270325
2081,14,79,264769,128,1.163301706314087,1.163301706314087,1.327316164970398,0.001,44.93861699104309
2082,14,80,264897,128,0.830229640007019,0.830229640007019,0.8016611933708191,0.001,44.95654606819153
2083,14,81,265025,128,0.7479202151298523,0.7479202151298523,0.768877387046814,0.001,44.97415232658386
2084,14,82,265153,128,0.8614342212677002,0.8614342212677002,1.0932055711746216,0.001,44.991679668426514
2085,14,83,265281,128,0.7974685430526733,0.7974685430526733,0.8585532903671265,0.001,45.0093789100647
2086,14,84,265409,128,1.044453501701355,1.044453501701355,1.4101998805999756,0.001,45.027456521987915
2087,14,85,265537,128,0.967619776725769,0.967619776725769,1.8756166696548462,0.001,45.04497003555298
2088,14,86,265665,128,0.6696923971176147,0.6696923971176147,1.0737905502319336,0.001,45.0623824596405
2089,14,87,265793,128,0.9364311099052429,0.9364311099052429,1.216544270515442,0.001,45.0800039768219
2090,14,88,265921,128,0.6840659976005554,0.6840659976005554,1.1023393869400024,0.001,45.097870111465454
2091,14,89,266049,128,0.6727257966995239,0.6727257966995239,1.4558919668197632,0.001,45.115198850631714
2092,14,90,266177,128,0.530315637588501,0.530315637588501,0.9809923768043518,0.001,45.13248324394226
2093,14,91,266305,128,0.887580156326294,0.887580156326294,1.1065163612365723,0.001,45.15014052391052
2094,14,92,266433,128,0.5715846419334412,0.5715846419334412,0.8491960763931274,0.001,45.167441844940186
2095,14,93,266561,128,1.0248318910598755,1.0248318910598755,1.0899659395217896,0.001,45.18491506576538
2096,14,94,266689,128,1.053011417388916,1.053011417388916,0.8207317590713501,0.001,45.20241594314575
2097,14,95,266817,128,0.7991062998771667,0.7991062998771667,1.106713056564331,0.001,45.220319509506226
2098,14,96,266945,128,1.024370551109314,1.024370551109314,0.9687989354133606,0.001,45.237934589385986
2099,14,97,267073,128,0.8227548003196716,0.8227548003196716,1.3925567865371704,0.001,45.25543689727783
2100,14,98,267201,128,1.062646746635437,1.062646746635437,1.1071645021438599,0.001,45.27312994003296
2101,14,99,267329,128,0.9275617599487305,0.9275617599487305,1.1107699871063232,0.001,45.29104828834534
2102,14,100,267457,128,0.89005446434021,0.89005446434021,1.1175487041473389,0.001,45.308388471603394
2103,14,101,267585,128,0.8032164573669434,0.8032164573669434,1.1541649103164673,0.001,45.32547903060913
2104,14,102,267713,128,0.6116290092468262,0.6116290092468262,0.7649497389793396,0.001,45.34263324737549
2105,14,103,267841,128,0.687678337097168,0.687678337097168,0.8373101353645325,0.001,45.3604302406311
2106,14,104,267969,128,0.9006109237670898,0.9006109237670898,0.829671323299408,0.001,45.37770676612854
2107,14,105,268097,128,0.9888557195663452,0.9888557195663452,0.8691695332527161,0.001,45.39484119415283
2108,14,106,268225,128,0.7676113247871399,0.7676113247871399,0.8943292498588562,0.001,45.41203022003174
2109,14,107,268353,128,0.8621006608009338,0.8621006608009338,1.0130513906478882,0.001,45.429596185684204
2110,14,108,268481,128,0.9540760517120361,0.9540760517120361,1.3565014600753784,0.001,45.446946144104004
2111,14,109,268609,128,0.9874815344810486,0.9874815344810486,1.2179938554763794,0.001,45.46442723274231
2112,14,110,268737,128,0.7879432439804077,0.7879432439804077,1.013604760169983,0.001,45.48188066482544
2113,14,111,268865,128,1.3323452472686768,1.3323452472686768,1.102439045906067,0.001,45.499234437942505
2114,14,112,268993,128,1.105347990989685,1.105347990989685,1.1393508911132812,0.001,45.516624450683594
2115,14,113,269121,128,1.2156436443328857,1.2156436443328857,1.203850507736206,0.001,45.533817291259766
2116,14,114,269249,128,1.0097730159759521,1.0097730159759521,1.0648409128189087,0.001,45.551210165023804
2117,14,115,269377,128,0.804011881351471,0.804011881351471,1.3862701654434204,0.001,45.56838941574097
2118,14,116,269505,128,1.1353034973144531,1.1353034973144531,1.0060906410217285,0.001,45.58603024482727
2119,14,117,269633,128,1.0623332262039185,1.0623332262039185,0.8485395312309265,0.001,45.603293657302856
2120,14,118,269761,128,1.0368237495422363,1.0368237495422363,0.7382936477661133,0.001,45.62101984024048
2121,14,119,269889,128,0.7133294343948364,0.7133294343948364,1.213284969329834,0.001,45.638418197631836
2122,14,120,270017,128,0.9501571655273438,0.9501571655273438,1.0417884588241577,0.001,45.65570116043091
2123,14,121,270145,128,1.2447224855422974,1.2447224855422974,0.9833090305328369,0.001,45.67346143722534
2124,14,122,270273,128,1.2689887285232544,1.2689887285232544,1.2527174949645996,0.001,45.691460609436035
2125,14,123,270401,128,1.8125004768371582,1.8125004768371582,1.1659977436065674,0.001,45.70910286903381
2126,14,124,270529,128,1.4454714059829712,1.4454714059829712,1.2810102701187134,0.001,45.72652816772461
2127,14,125,270657,128,1.2175439596176147,1.2175439596176147,1.2064896821975708,0.001,45.74396085739136
2128,14,126,270785,128,1.2257061004638672,1.2257061004638672,1.1222331523895264,0.001,45.76204514503479
2129,14,127,270913,128,0.8498327732086182,0.8498327732086182,1.1800081729888916,0.001,45.779648780822754
2130,14,128,271041,128,0.8454397320747375,0.8454397320747375,1.0168684720993042,0.001,45.79681062698364
2131,14,129,271169,128,1.0707483291625977,1.0707483291625977,1.1382195949554443,0.001,45.814717054367065
2132,14,130,271297,128,1.2281805276870728,1.2281805276870728,0.9990671873092651,0.001,45.83213496208191
2133,14,131,271425,128,1.0485408306121826,1.0485408306121826,0.7338258624076843,0.001,45.84945845603943
2134,14,132,271553,128,0.9111550450325012,0.9111550450325012,1.0199711322784424,0.001,45.86672329902649
2135,14,133,271681,128,0.8097822666168213,0.8097822666168213,1.075717806816101,0.001,45.88437032699585
2136,14,134,271809,128,1.1129498481750488,1.1129498481750488,1.1861495971679688,0.001,45.90184950828552
2137,14,135,271937,128,1.3044434785842896,1.3044434785842896,1.021755337715149,0.001,45.91929745674133
2138,14,136,272065,128,1.2144285440444946,1.2144285440444946,1.0297801494598389,0.001,45.93641710281372
2139,14,137,272193,128,1.105825424194336,1.105825424194336,0.8566651344299316,0.001,45.95378279685974
2140,14,138,272321,128,0.9121740460395813,0.9121740460395813,1.44648015499115,0.001,45.97132325172424
2141,14,139,272449,128,1.3410564661026,1.3410564661026,1.1144071817398071,0.001,45.98904204368591
2142,14,140,272577,128,0.7596223950386047,0.7596223950386047,1.4305704832077026,0.001,46.00642514228821
2143,14,141,272705,128,0.8727840781211853,0.8727840781211853,1.0770814418792725,0.001,46.024397134780884
2144,14,142,272833,128,1.002267837524414,1.002267837524414,1.0699571371078491,0.001,46.04192399978638
2145,14,143,272961,128,1.1568599939346313,1.1568599939346313,1.2235698699951172,0.001,46.05958676338196
2146,14,144,273089,128,1.1375035047531128,1.1375035047531128,0.9834005236625671,0.001,46.077096462249756
2147,14,145,273217,128,1.2116107940673828,1.2116107940673828,0.9554794430732727,0.001,46.09503650665283
2148,14,146,273345,128,0.9127033948898315,0.9127033948898315,1.0534895658493042,0.001,46.11266899108887
2149,14,147,273473,128,0.9179810881614685,0.9179810881614685,1.0690258741378784,0.001,46.13035440444946
2150,14,148,273601,128,0.9502084255218506,0.9502084255218506,1.044808268547058,0.001,46.147911071777344
2151,14,149,273729,128,1.0127246379852295,1.0127246379852295,1.1023215055465698,0.001,46.166006326675415
2152,14,150,273857,128,0.8132193088531494,0.8132193088531494,1.3191959857940674,0.001,46.183701276779175
2153,14,151,273985,128,0.8637394309043884,0.8637394309043884,0.8268489241600037,0.001,46.2015483379364
2154,14,152,274113,128,1.0526434183120728,1.0526434183120728,1.800073266029358,0.001,46.21982550621033
2155,14,153,274241,128,1.0856478214263916,1.0856478214263916,1.0707409381866455,0.001,46.23754119873047
2156,14,154,274246,5,0.546051025390625,0.546051025390625,5.765746593475342,0.001,46.24030613899231
2157,15,1,274374,128,0.9292087554931641,0.9292087554931641,1.227115511894226,0.001,46.92628717422485
2158,15,2,274502,128,0.6299341320991516,0.6299341320991516,0.9755867719650269,0.001,46.943800926208496
2159,15,3,274630,128,0.6421639323234558,0.6421639323234558,1.112082839012146,0.001,46.96176791191101
2160,15,4,274758,128,0.892327070236206,0.892327070236206,0.9659945964813232,0.001,46.9793655872345
2161,15,5,274886,128,0.8391976952552795,0.8391976952552795,1.327475666999817,0.001,46.99668073654175
2162,15,6,275014,128,1.3975296020507812,1.3975296020507812,1.0247944593429565,0.001,47.01384210586548
2163,15,7,275142,128,0.9395065307617188,0.9395065307617188,0.9191145300865173,0.001,47.03161406517029
2164,15,8,275270,128,0.8236744999885559,0.8236744999885559,1.0336697101593018,0.001,47.048956871032715
2165,15,9,275398,128,0.8506394624710083,0.8506394624710083,1.1832959651947021,0.001,47.06655788421631
2166,15,10,275526,128,0.8571582436561584,0.8571582436561584,0.9622816443443298,0.001,47.08401679992676
2167,15,11,275654,128,0.9705280065536499,0.9705280065536499,0.9429237842559814,0.001,47.10163688659668
2168,15,12,275782,128,1.4433950185775757,1.4433950185775757,0.9801701307296753,0.001,47.11917328834534
2169,15,13,275910,128,1.0289733409881592,1.0289733409881592,1.1642769575119019,0.001,47.13648223876953
2170,15,14,276038,128,1.0232527256011963,1.0232527256011963,1.2747681140899658,0.001,47.15410614013672
2171,15,15,276166,128,0.7417969107627869,0.7417969107627869,0.8193211555480957,0.001,47.1715624332428
2172,15,16,276294,128,0.7424508333206177,0.7424508333206177,0.9321327805519104,0.001,47.18889498710632
2173,15,17,276422,128,0.813480794429779,0.813480794429779,1.355455756187439,0.001,47.20683717727661
2174,15,18,276550,128,1.0115928649902344,1.0115928649902344,0.9465307593345642,0.001,47.224639654159546
2175,15,19,276678,128,1.0156515836715698,1.0156515836715698,1.4041451215744019,0.001,47.24208354949951
2176,15,20,276806,128,1.1008265018463135,1.1008265018463135,0.9031583666801453,0.001,47.25922203063965
2177,15,21,276934,128,0.8113216757774353,0.8113216757774353,0.9715002775192261,0.001,47.27661061286926
2178,15,22,277062,128,1.381915807723999,1.381915807723999,1.3202437162399292,0.001,47.29428672790527
2179,15,23,277190,128,0.9418203234672546,0.9418203234672546,1.1572049856185913,0.001,47.31170058250427
2180,15,24,277318,128,0.7286701798439026,0.7286701798439026,1.3665770292282104,0.001,47.328696489334106
2181,15,25,277446,128,0.593902051448822,0.593902051448822,0.9294384717941284,0.001,47.3459198474884
2182,15,26,277574,128,0.6147173047065735,0.6147173047065735,1.2868167161941528,0.001,47.36343002319336
2183,15,27,277702,128,0.911530077457428,0.911530077457428,1.4180021286010742,0.001,47.38066792488098
2184,15,28,277830,128,1.1506820917129517,1.1506820917129517,1.1521401405334473,0.001,47.39797019958496
2185,15,29,277958,128,1.281293511390686,1.281293511390686,1.4495799541473389,0.001,47.415043354034424
2186,15,30,278086,128,0.8892648220062256,0.8892648220062256,0.8251466751098633,0.001,47.43255829811096
2187,15,31,278214,128,0.7384252548217773,0.7384252548217773,1.5320299863815308,0.001,47.4498872756958
2188,15,32,278342,128,0.9920481443405151,0.9920481443405151,1.2582305669784546,0.001,47.46696996688843
2189,15,33,278470,128,1.0953614711761475,1.0953614711761475,1.366080403327942,0.001,47.48445510864258
2190,15,34,278598,128,0.8350226879119873,0.8350226879119873,1.014291763305664,0.001,47.50171780586243
2191,15,35,278726,128,0.8907732963562012,0.8907732963562012,1.2462053298950195,0.001,47.51876926422119
2192,15,36,278854,128,0.977931559085846,0.977931559085846,0.8873755931854248,0.001,47.53609490394592
2193,15,37,278982,128,1.048157811164856,1.048157811164856,1.0818063020706177,0.001,47.55381441116333
2194,15,38,279110,128,1.0318104028701782,1.0318104028701782,1.3309170007705688,0.001,47.571598291397095
2195,15,39,279238,128,0.8889530897140503,0.8889530897140503,0.7695175409317017,0.001,47.58864188194275
2196,15,40,279366,128,0.7450957894325256,0.7450957894325256,1.462502121925354,0.001,47.605992794036865
2197,15,41,279494,128,0.6349901556968689,0.6349901556968689,1.3727469444274902,0.001,47.62360334396362
2198,15,42,279622,128,1.0428658723831177,1.0428658723831177,1.1726971864700317,0.001,47.64087724685669
2199,15,43,279750,128,0.5461226105690002,0.5461226105690002,1.1823118925094604,0.001,47.65822196006775
2200,15,44,279878,128,0.9448092579841614,0.9448092579841614,1.2990950345993042,0.001,47.67563462257385
2201,15,45,280006,128,1.0857517719268799,1.0857517719268799,1.030388355255127,0.001,47.693055629730225
2202,15,46,280134,128,0.8708788752555847,0.8708788752555847,0.8318386077880859,0.001,47.71059274673462
2203,15,47,280262,128,0.5559694170951843,0.5559694170951843,1.6700838804244995,0.001,47.72781229019165
2204,15,48,280390,128,0.6979864835739136,0.6979864835739136,1.139673113822937,0.001,47.74490475654602
2205,15,49,280518,128,0.9830546975135803,0.9830546975135803,1.0376640558242798,0.001,47.76286339759827
2206,15,50,280646,128,0.9020776748657227,0.9020776748657227,1.1249027252197266,0.001,47.78042197227478
2207,15,51,280774,128,0.7777288556098938,0.7777288556098938,0.9804285168647766,0.001,47.79774498939514
2208,15,52,280902,128,0.7092474699020386,0.7092474699020386,1.1647272109985352,0.001,47.815173387527466
2209,15,53,281030,128,0.7643793225288391,0.7643793225288391,1.1324044466018677,0.001,47.83271670341492
2210,15,54,281158,128,0.6803929805755615,0.6803929805755615,1.0711570978164673,0.001,47.85012674331665
2211,15,55,281286,128,0.6393804550170898,0.6393804550170898,0.6642406582832336,0.001,47.86738324165344
2212,15,56,281414,128,0.727300763130188,0.727300763130188,1.1016566753387451,0.001,47.88505935668945
2213,15,57,281542,128,0.5862200260162354,0.5862200260162354,1.2074278593063354,0.001,47.90281963348389
2214,15,58,281670,128,1.0167349576950073,1.0167349576950073,1.1113156080245972,0.001,47.92037343978882
2215,15,59,281798,128,0.9262962341308594,0.9262962341308594,0.9824513792991638,0.001,47.93776035308838
2216,15,60,281926,128,0.6382173299789429,0.6382173299789429,1.052756428718567,0.001,47.95544195175171
2217,15,61,282054,128,1.0409120321273804,1.0409120321273804,1.129438042640686,0.001,47.972652196884155
2218,15,62,282182,128,0.8060848116874695,0.8060848116874695,0.9967567920684814,0.001,47.98994040489197
2219,15,63,282310,128,1.1481651067733765,1.1481651067733765,0.8593644499778748,0.001,48.0073082447052
2220,15,64,282438,128,0.7820982933044434,0.7820982933044434,0.9157395362854004,0.001,48.02469825744629
2221,15,65,282566,128,0.9879473447799683,0.9879473447799683,1.2018187046051025,0.001,48.041802167892456
2222,15,66,282694,128,0.5457585453987122,0.5457585453987122,1.3448426723480225,0.001,48.059284925460815
2223,15,67,282822,128,0.9635124206542969,0.9635124206542969,1.1167877912521362,0.001,48.07645320892334
2224,15,68,282950,128,0.9280518889427185,0.9280518889427185,0.8055329322814941,0.001,48.09398794174194
2225,15,69,283078,128,0.8667744398117065,0.8667744398117065,1.162512183189392,0.001,48.11092281341553
2226,15,70,283206,128,0.9157066941261292,0.9157066941261292,0.8286988735198975,0.001,48.127949476242065
2227,15,71,283334,128,0.8150574564933777,0.8150574564933777,0.9495829343795776,0.001,48.144956827163696
2228,15,72,283462,128,0.871408998966217,0.871408998966217,1.3733762502670288,0.001,48.16240668296814
2229,15,73,283590,128,0.96852046251297,0.96852046251297,0.8220211863517761,0.001,48.17955827713013
2230,15,74,283718,128,1.3672693967819214,1.3672693967819214,1.4416189193725586,0.001,48.1968731880188
2231,15,75,283846,128,0.5995420217514038,0.5995420217514038,1.2112480401992798,0.001,48.21434426307678
2232,15,76,283974,128,0.7436339259147644,0.7436339259147644,0.7364298701286316,0.001,48.23219013214111
2233,15,77,284102,128,0.7316641807556152,0.7316641807556152,1.0519310235977173,0.001,48.24993658065796
2234,15,78,284230,128,0.6625156998634338,0.6625156998634338,1.0855649709701538,0.001,48.26729965209961
2235,15,79,284358,128,0.9983193874359131,0.9983193874359131,0.9035396575927734,0.001,48.284510135650635
2236,15,80,284486,128,0.8675442337989807,0.8675442337989807,0.902161180973053,0.001,48.30177903175354
2237,15,81,284614,128,0.8142182230949402,0.8142182230949402,0.9708876013755798,0.001,48.318828105926514
2238,15,82,284742,128,0.7857292890548706,0.7857292890548706,1.2145568132400513,0.001,48.33612680435181
2239,15,83,284870,128,0.9276142716407776,0.9276142716407776,0.886355996131897,0.001,48.35371136665344
2240,15,84,284998,128,1.2050423622131348,1.2050423622131348,0.9547138810157776,0.001,48.3729772567749
2241,15,85,285126,128,0.8138788342475891,0.8138788342475891,0.7331284284591675,0.001,48.392006635665894
2242,15,86,285254,128,0.9129923582077026,0.9129923582077026,0.7180523872375488,0.001,48.40965723991394
2243,15,87,285382,128,0.8085764646530151,0.8085764646530151,1.2030361890792847,0.001,48.427621841430664
2244,15,88,285510,128,0.8287654519081116,0.8287654519081116,1.3900805711746216,0.001,48.44509196281433
2245,15,89,285638,128,0.72903972864151,0.72903972864151,0.661626398563385,0.001,48.462377071380615
2246,15,90,285766,128,0.9787331819534302,0.9787331819534302,0.9817572236061096,0.001,48.47978758811951
2247,15,91,285894,128,1.0806121826171875,1.0806121826171875,0.8693874478340149,0.001,48.49773144721985
2248,15,92,286022,128,0.7012719511985779,0.7012719511985779,0.8836407661437988,0.001,48.51515316963196
2249,15,93,286150,128,1.083032250404358,1.083032250404358,1.3019458055496216,0.001,48.532485485076904
2250,15,94,286278,128,0.7609414458274841,0.7609414458274841,1.0495823621749878,0.001,48.55001378059387
2251,15,95,286406,128,0.744461178779602,0.744461178779602,0.7027522921562195,0.001,48.56798815727234
2252,15,96,286534,128,0.6777873635292053,0.6777873635292053,0.9856748580932617,0.001,48.585747718811035
2253,15,97,286662,128,1.1333714723587036,1.1333714723587036,1.371972918510437,0.001,48.6032497882843
2254,15,98,286790,128,0.6957498788833618,0.6957498788833618,0.9966024160385132,0.001,48.620850563049316
2255,15,99,286918,128,0.7944512963294983,0.7944512963294983,1.0192925930023193,0.001,48.63842248916626
2256,15,100,287046,128,0.7806366086006165,0.7806366086006165,1.3234424591064453,0.001,48.65595102310181
2257,15,101,287174,128,0.7357372045516968,0.7357372045516968,1.047576904296875,0.001,48.67325735092163
2258,15,102,287302,128,0.7957145571708679,0.7957145571708679,1.3921363353729248,0.001,48.69095325469971
2259,15,103,287430,128,0.7135918736457825,0.7135918736457825,0.8042755126953125,0.001,48.70851445198059
2260,15,104,287558,128,1.017776608467102,1.017776608467102,0.9138776659965515,0.001,48.72615456581116
2261,15,105,287686,128,1.2639069557189941,1.2639069557189941,0.7420993447303772,0.001,48.74359154701233
2262,15,106,287814,128,0.8728428483009338,0.8728428483009338,1.1971094608306885,0.001,48.76161479949951
2263,15,107,287942,128,1.071563720703125,1.071563720703125,0.9465131759643555,0.001,48.7793333530426
2264,15,108,288070,128,0.8440794348716736,0.8440794348716736,0.9368658661842346,0.001,48.79666757583618
2265,15,109,288198,128,0.8457911014556885,0.8457911014556885,1.1112616062164307,0.001,48.81415104866028
2266,15,110,288326,128,1.0128661394119263,1.0128661394119263,1.1072293519973755,0.001,48.831828594207764
2267,15,111,288454,128,0.7598838806152344,0.7598838806152344,1.0802487134933472,0.001,48.84922194480896
2268,15,112,288582,128,0.9133133292198181,0.9133133292198181,1.1433888673782349,0.001,48.86632442474365
2269,15,113,288710,128,0.7042515277862549,0.7042515277862549,1.0436426401138306,0.001,48.883650064468384
2270,15,114,288838,128,0.9082676768302917,0.9082676768302917,0.8819477558135986,0.001,48.90167951583862
2271,15,115,288966,128,1.0066072940826416,1.0066072940826416,1.423645257949829,0.001,48.91930627822876
2272,15,116,289094,128,1.2017860412597656,1.2017860412597656,1.0171128511428833,0.001,48.93666100502014
2273,15,117,289222,128,1.187849760055542,1.187849760055542,1.6132797002792358,0.001,48.95425033569336
2274,15,118,289350,128,0.8203169703483582,0.8203169703483582,1.1970136165618896,0.001,48.971659660339355
2275,15,119,289478,128,0.7303106784820557,0.7303106784820557,0.985177755355835,0.001,48.98905396461487
2276,15,120,289606,128,0.9399247765541077,0.9399247765541077,0.950739860534668,0.001,49.00641417503357
2277,15,121,289734,128,0.9934666156768799,0.9934666156768799,0.9547655582427979,0.001,49.024436712265015
2278,15,122,289862,128,0.7311150431632996,0.7311150431632996,0.8770707249641418,0.001,49.04195237159729
2279,15,123,289990,128,1.2720897197723389,1.2720897197723389,1.1717299222946167,0.001,49.05943775177002
2280,15,124,290118,128,0.8627194166183472,0.8627194166183472,0.6781643629074097,0.001,49.07687997817993
2281,15,125,290246,128,1.0012487173080444,1.0012487173080444,0.7218847870826721,0.001,49.09471940994263
2282,15,126,290374,128,0.9008181691169739,0.9008181691169739,1.0523215532302856,0.001,49.112133502960205
2283,15,127,290502,128,1.0793370008468628,1.0793370008468628,1.1501743793487549,0.001,49.12978911399841
2284,15,128,290630,128,0.8749393820762634,0.8749393820762634,1.1889307498931885,0.001,49.14710712432861
2285,15,129,290758,128,0.8751695156097412,0.8751695156097412,1.0376079082489014,0.001,49.16485524177551
2286,15,130,290886,128,0.9509745836257935,0.9509745836257935,0.833963930606842,0.001,49.1824266910553
2287,15,131,291014,128,1.0597906112670898,1.0597906112670898,1.3637138605117798,0.001,49.199612855911255
2288,15,132,291142,128,0.7220743894577026,0.7220743894577026,1.2135367393493652,0.001,49.217077016830444
2289,15,133,291270,128,0.6784671545028687,0.6784671545028687,1.1198124885559082,0.001,49.23467206954956
2290,15,134,291398,128,0.8624049425125122,0.8624049425125122,0.8998274803161621,0.001,49.25192928314209
2291,15,135,291526,128,1.0387111902236938,1.0387111902236938,1.1262667179107666,0.001,49.269084453582764
2292,15,136,291654,128,0.706432580947876,0.706432580947876,0.9885826110839844,0.001,49.28628468513489
2293,15,137,291782,128,0.8925634622573853,0.8925634622573853,0.9923372864723206,0.001,49.30387616157532
2294,15,138,291910,128,0.7906578183174133,0.7906578183174133,1.1552542448043823,0.001,49.32100796699524
2295,15,139,292038,128,0.7162498831748962,0.7162498831748962,1.188501238822937,0.001,49.33811902999878
2296,15,140,292166,128,0.7381836771965027,0.7381836771965027,0.9180194139480591,0.001,49.35528540611267
2297,15,141,292294,128,1.0445605516433716,1.0445605516433716,1.0185675621032715,0.001,49.37240028381348
2298,15,142,292422,128,0.8491928577423096,0.8491928577423096,1.2290321588516235,0.001,49.38938021659851
2299,15,143,292550,128,0.978641927242279,0.978641927242279,1.3975772857666016,0.001,49.40655159950256
2300,15,144,292678,128,0.950233519077301,0.950233519077301,1.2241109609603882,0.001,49.423901319503784
2301,15,145,292806,128,1.1477782726287842,1.1477782726287842,1.1605632305145264,0.001,49.441123485565186
2302,15,146,292934,128,0.6412350535392761,0.6412350535392761,0.8831788301467896,0.001,49.458157777786255
2303,15,147,293062,128,0.6546510457992554,0.6546510457992554,1.289167881011963,0.001,49.475308418273926
2304,15,148,293190,128,1.1605769395828247,1.1605769395828247,0.7105982899665833,0.001,49.49272060394287
2305,15,149,293318,128,0.6566388010978699,0.6566388010978699,1.370958685874939,0.001,49.51000905036926
2306,15,150,293446,128,0.9256115555763245,0.9256115555763245,1.7598356008529663,0.001,49.52696347236633
2307,15,151,293574,128,0.7044762969017029,0.7044762969017029,1.0790328979492188,0.001,49.54426145553589
2308,15,152,293702,128,1.0713202953338623,1.0713202953338623,1.357388973236084,0.001,49.561760663986206
2309,15,153,293830,128,0.8033052682876587,0.8033052682876587,1.046122431755066,0.001,49.57894468307495
2310,15,154,293835,5,0.6841780543327332,0.6841780543327332,1.7064522504806519,0.001,49.58159041404724
2311,16,1,293963,128,0.8869002461433411,0.8869002461433411,1.3009525537490845,0.001,50.257261514663696
2312,16,2,294091,128,0.674153208732605,0.674153208732605,1.1209797859191895,0.001,50.275033950805664
2313,16,3,294219,128,0.6029245257377625,0.6029245257377625,0.9073572158813477,0.001,50.29273962974548
2314,16,4,294347,128,0.5939851999282837,0.5939851999282837,0.7410609722137451,0.001,50.31024956703186
2315,16,5,294475,128,0.9870280027389526,0.9870280027389526,1.6219133138656616,0.001,50.327709674835205
2316,16,6,294603,128,0.9270421862602234,0.9270421862602234,1.3035701513290405,0.001,50.34519410133362
2317,16,7,294731,128,0.7650470733642578,0.7650470733642578,0.8863576650619507,0.001,50.36318111419678
2318,16,8,294859,128,1.0547066926956177,1.0547066926956177,0.9097746014595032,0.001,50.38063287734985
2319,16,9,294987,128,0.8436042666435242,0.8436042666435242,1.1394797563552856,0.001,50.39840388298035
2320,16,10,295115,128,0.7226451635360718,0.7226451635360718,1.128113031387329,0.001,50.415817737579346
2321,16,11,295243,128,0.7713851928710938,0.7713851928710938,1.0318375825881958,0.001,50.43403649330139
2322,16,12,295371,128,0.6470164060592651,0.6470164060592651,1.049254059791565,0.001,50.45181107521057
2323,16,13,295499,128,0.6453059315681458,0.6453059315681458,0.9334450364112854,0.001,50.46969962120056
2324,16,14,295627,128,0.9766484498977661,0.9766484498977661,1.1928893327713013,0.001,50.48697066307068
2325,16,15,295755,128,0.7721378207206726,0.7721378207206726,0.9392061829566956,0.001,50.50500512123108
2326,16,16,295883,128,0.7905914187431335,0.7905914187431335,1.1554478406906128,0.001,50.52281713485718
2327,16,17,296011,128,0.8927338123321533,0.8927338123321533,1.3440630435943604,0.001,50.54046678543091
2328,16,18,296139,128,0.7454404830932617,0.7454404830932617,1.0994797945022583,0.001,50.55824136734009
2329,16,19,296267,128,0.6833134293556213,0.6833134293556213,0.9762430787086487,0.001,50.57573676109314
2330,16,20,296395,128,0.9361550807952881,0.9361550807952881,0.7725164294242859,0.001,50.592894315719604
2331,16,21,296523,128,0.7074618935585022,0.7074618935585022,1.2868435382843018,0.001,50.610617876052856
2332,16,22,296651,128,0.9594935178756714,0.9594935178756714,0.9511494040489197,0.001,50.62855887413025
2333,16,23,296779,128,0.712775707244873,0.712775707244873,1.2455804347991943,0.001,50.64643216133118
2334,16,24,296907,128,0.9054582715034485,0.9054582715034485,1.157448172569275,0.001,50.663798332214355
2335,16,25,297035,128,0.7987170815467834,0.7987170815467834,1.0095454454421997,0.001,50.6811420917511
2336,16,26,297163,128,1.0572270154953003,1.0572270154953003,1.1728734970092773,0.001,50.698904275894165
2337,16,27,297291,128,1.1147267818450928,1.1147267818450928,0.978081464767456,0.001,50.71665072441101
2338,16,28,297419,128,0.969127357006073,0.969127357006073,1.3567774295806885,0.001,50.73441028594971
2339,16,29,297547,128,1.1414210796356201,1.1414210796356201,1.0195798873901367,0.001,50.75205993652344
2340,16,30,297675,128,0.9331159591674805,0.9331159591674805,1.159409999847412,0.001,50.77038836479187
2341,16,31,297803,128,0.7066285610198975,0.7066285610198975,0.8906884789466858,0.001,50.78814721107483
2342,16,32,297931,128,0.642405092716217,0.642405092716217,1.115256905555725,0.001,50.80575728416443
2343,16,33,298059,128,1.0823627710342407,1.0823627710342407,1.4614461660385132,0.001,50.823723554611206
2344,16,34,298187,128,0.8368087410926819,0.8368087410926819,1.0927541255950928,0.001,50.841583013534546
2345,16,35,298315,128,1.0289362668991089,1.0289362668991089,0.791434645652771,0.001,50.85905408859253
2346,16,36,298443,128,1.3595592975616455,1.3595592975616455,0.8853298425674438,0.001,50.87620973587036
2347,16,37,298571,128,0.8983277678489685,0.8983277678489685,1.0365136861801147,0.001,50.89459204673767
2348,16,38,298699,128,0.8713709115982056,0.8713709115982056,1.444648027420044,0.001,50.91206097602844
2349,16,39,298827,128,0.8247027397155762,0.8247027397155762,0.8212407231330872,0.001,50.92952060699463
2350,16,40,298955,128,0.683173656463623,0.683173656463623,1.2639943361282349,0.001,50.9468936920166
2351,16,41,299083,128,1.2076383829116821,1.2076383829116821,0.8957234621047974,0.001,50.96468138694763
2352,16,42,299211,128,1.2454732656478882,1.2454732656478882,1.1127040386199951,0.001,50.98190474510193
2353,16,43,299339,128,1.1847599744796753,1.1847599744796753,0.7631433010101318,0.001,50.99915337562561
2354,16,44,299467,128,0.9190770983695984,0.9190770983695984,1.0461452007293701,0.001,51.01629996299744
2355,16,45,299595,128,0.9659820199012756,0.9659820199012756,1.2371824979782104,0.001,51.03387451171875
2356,16,46,299723,128,1.2471221685409546,1.2471221685409546,1.1810674667358398,0.001,51.051555156707764
2357,16,47,299851,128,1.021378517150879,1.021378517150879,1.022171139717102,0.001,51.06891870498657
2358,16,48,299979,128,0.9010599851608276,0.9010599851608276,0.7087997794151306,0.001,51.08611989021301
2359,16,49,300107,128,1.058076024055481,1.058076024055481,0.9815559387207031,0.001,51.104121685028076
2360,16,50,300235,128,0.6377270221710205,0.6377270221710205,0.749359667301178,0.001,51.12182426452637
2361,16,51,300363,128,1.0629061460494995,1.0629061460494995,0.7835720181465149,0.001,51.13960409164429
2362,16,52,300491,128,1.1352628469467163,1.1352628469467163,1.3067480325698853,0.001,51.15713930130005
2363,16,53,300619,128,0.6876663565635681,0.6876663565635681,0.758208692073822,0.001,51.174933671951294
2364,16,54,300747,128,1.1676528453826904,1.1676528453826904,1.060845136642456,0.001,51.19269609451294
2365,16,55,300875,128,1.1669694185256958,1.1669694185256958,1.0869134664535522,0.001,51.21044445037842
2366,16,56,301003,128,0.7635312676429749,0.7635312676429749,0.9672494530677795,0.001,51.22850275039673
2367,16,57,301131,128,0.6609014868736267,0.6609014868736267,0.9420814514160156,0.001,51.24631094932556
2368,16,58,301259,128,0.9211506247520447,0.9211506247520447,1.0982434749603271,0.001,51.26376724243164
2369,16,59,301387,128,0.7982508540153503,0.7982508540153503,1.7003241777420044,0.001,51.281005859375
2370,16,60,301515,128,0.8506946563720703,0.8506946563720703,1.2971891164779663,0.001,51.299006938934326
2371,16,61,301643,128,0.986266016960144,0.986266016960144,0.9641103148460388,0.001,51.31669330596924
2372,16,62,301771,128,1.1021634340286255,1.1021634340286255,1.3198606967926025,0.001,51.334282875061035
2373,16,63,301899,128,0.8144302368164062,0.8144302368164062,0.9959318041801453,0.001,51.35152316093445
2374,16,64,302027,128,0.8188267350196838,0.8188267350196838,1.0454106330871582,0.001,51.36927032470703
2375,16,65,302155,128,1.0205315351486206,1.0205315351486206,1.158545970916748,0.001,51.386961221694946
2376,16,66,302283,128,0.8182430267333984,0.8182430267333984,1.2942562103271484,0.001,51.40436291694641
2377,16,67,302411,128,0.7912864685058594,0.7912864685058594,0.9825948476791382,0.001,51.42194986343384
2378,16,68,302539,128,0.9222918748855591,0.9222918748855591,0.9540383219718933,0.001,51.4396071434021
2379,16,69,302667,128,1.1871705055236816,1.1871705055236816,1.0645118951797485,0.001,51.45690679550171
2380,16,70,302795,128,0.8614404797554016,0.8614404797554016,1.1021779775619507,0.001,51.47439503669739
2381,16,71,302923,128,1.2041693925857544,1.2041693925857544,0.9438327550888062,0.001,51.49194550514221
2382,16,72,303051,128,1.0308483839035034,1.0308483839035034,1.2571254968643188,0.001,51.50989127159119
2383,16,73,303179,128,0.9767860174179077,0.9767860174179077,0.9321638345718384,0.001,51.52763652801514
2384,16,74,303307,128,0.7747411131858826,0.7747411131858826,1.14412260055542,0.001,51.544942140579224
2385,16,75,303435,128,0.7743704319000244,0.7743704319000244,1.0977178812026978,0.001,51.562708616256714
2386,16,76,303563,128,0.6038280129432678,0.6038280129432678,1.0145618915557861,0.001,51.58041048049927
2387,16,77,303691,128,0.9143391251564026,0.9143391251564026,1.276158332824707,0.001,51.59761881828308
2388,16,78,303819,128,1.2698256969451904,1.2698256969451904,1.1195611953735352,0.001,51.615132570266724
2389,16,79,303947,128,0.8288043737411499,0.8288043737411499,1.2632759809494019,0.001,51.632904291152954
2390,16,80,304075,128,1.1814428567886353,1.1814428567886353,1.2852756977081299,0.001,51.65053606033325
2391,16,81,304203,128,1.056359052658081,1.056359052658081,1.0491260290145874,0.001,51.66779065132141
2392,16,82,304331,128,0.8130450248718262,0.8130450248718262,1.1649342775344849,0.001,51.68496799468994
2393,16,83,304459,128,0.7350270748138428,0.7350270748138428,1.556335687637329,0.001,51.70309543609619
2394,16,84,304587,128,0.8282321095466614,0.8282321095466614,1.071497917175293,0.001,51.72070074081421
2395,16,85,304715,128,0.8008851408958435,0.8008851408958435,1.0784556865692139,0.001,51.73826026916504
2396,16,86,304843,128,0.9739912152290344,0.9739912152290344,0.9439373016357422,0.001,51.75540542602539
2397,16,87,304971,128,1.1212942600250244,1.1212942600250244,1.2854019403457642,0.001,51.772926330566406
2398,16,88,305099,128,0.9540576934814453,0.9540576934814453,1.0155194997787476,0.001,51.79051065444946
2399,16,89,305227,128,0.8137823939323425,0.8137823939323425,1.0863386392593384,0.001,51.80806303024292
2400,16,90,305355,128,0.8376920819282532,0.8376920819282532,0.9741190671920776,0.001,51.82663655281067
2401,16,91,305483,128,0.698746383190155,0.698746383190155,0.7438075542449951,0.001,51.84450030326843
2402,16,92,305611,128,1.0238298177719116,1.0238298177719116,1.2921723127365112,0.001,51.86213803291321
2403,16,93,305739,128,1.008693814277649,1.008693814277649,1.0806841850280762,0.001,51.88026142120361
2404,16,94,305867,128,1.1663049459457397,1.1663049459457397,1.1437841653823853,0.001,51.89849543571472
2405,16,95,305995,128,0.9689627885818481,0.9689627885818481,1.2033907175064087,0.001,51.91605615615845
2406,16,96,306123,128,1.0192935466766357,1.0192935466766357,1.3452563285827637,0.001,51.93373155593872
2407,16,97,306251,128,0.7044721245765686,0.7044721245765686,0.9040347337722778,0.001,51.95128679275513
2408,16,98,306379,128,0.6837795972824097,0.6837795972824097,1.0565046072006226,0.001,51.96901845932007
2409,16,99,306507,128,0.9094135761260986,0.9094135761260986,0.979874312877655,0.001,51.98657178878784
2410,16,100,306635,128,1.1724207401275635,1.1724207401275635,1.243119478225708,0.001,52.00388169288635
2411,16,101,306763,128,0.6111898422241211,0.6111898422241211,1.049012303352356,0.001,52.02128291130066
2412,16,102,306891,128,1.1164029836654663,1.1164029836654663,1.1017051935195923,0.001,52.03911900520325
2413,16,103,307019,128,0.656115710735321,0.656115710735321,1.6257933378219604,0.001,52.056708097457886
2414,16,104,307147,128,0.9251153469085693,0.9251153469085693,1.0080413818359375,0.001,52.07416844367981
2415,16,105,307275,128,1.1803834438323975,1.1803834438323975,0.8277193307876587,0.001,52.091657876968384
2416,16,106,307403,128,0.8571333885192871,0.8571333885192871,0.9754622578620911,0.001,52.10946464538574
2417,16,107,307531,128,0.8148161172866821,0.8148161172866821,0.8129237294197083,0.001,52.127180099487305
2418,16,108,307659,128,0.9033665060997009,0.9033665060997009,0.9863308668136597,0.001,52.1445631980896
2419,16,109,307787,128,0.8353274464607239,0.8353274464607239,1.1721110343933105,0.001,52.162290811538696
2420,16,110,307915,128,1.1635682582855225,1.1635682582855225,1.197693109512329,0.001,52.17965602874756
2421,16,111,308043,128,0.6683979034423828,0.6683979034423828,1.0762181282043457,0.001,52.19729137420654
2422,16,112,308171,128,1.0369318723678589,1.0369318723678589,1.292006492614746,0.001,52.214821577072144
2423,16,113,308299,128,0.8914393186569214,0.8914393186569214,0.7970105409622192,0.001,52.23268508911133
2424,16,114,308427,128,1.038813591003418,1.038813591003418,1.2818408012390137,0.001,52.25030517578125
2425,16,115,308555,128,0.7415771484375,0.7415771484375,1.2337130308151245,0.001,52.26784610748291
2426,16,116,308683,128,0.7372721433639526,0.7372721433639526,0.9329372644424438,0.001,52.285242319107056
2427,16,117,308811,128,0.7627999782562256,0.7627999782562256,1.3556114435195923,0.001,52.30304455757141
2428,16,118,308939,128,0.6793371438980103,0.6793371438980103,1.0250686407089233,0.001,52.3206422328949
2429,16,119,309067,128,0.8786635994911194,0.8786635994911194,1.1568362712860107,0.001,52.33784222602844
2430,16,120,309195,128,0.6285645961761475,0.6285645961761475,0.8992094397544861,0.001,52.355562686920166
2431,16,121,309323,128,1.10005784034729,1.10005784034729,0.7717093825340271,0.001,52.37396240234375
2432,16,122,309451,128,1.1171724796295166,1.1171724796295166,1.0215684175491333,0.001,52.39173674583435
2433,16,123,309579,128,0.8614991307258606,0.8614991307258606,1.0265246629714966,0.001,52.40947604179382
2434,16,124,309707,128,0.8225811719894409,0.8225811719894409,1.1415022611618042,0.001,52.42736077308655
2435,16,125,309835,128,0.7843936085700989,0.7843936085700989,0.9133339524269104,0.001,52.44494318962097
2436,16,126,309963,128,0.9988865256309509,0.9988865256309509,1.0496420860290527,0.001,52.462552547454834
2437,16,127,310091,128,0.956781268119812,0.956781268119812,1.0182846784591675,0.001,52.48026371002197
2438,16,128,310219,128,0.9351310729980469,0.9351310729980469,1.1004830598831177,0.001,52.4977662563324
2439,16,129,310347,128,0.9895960688591003,0.9895960688591003,1.0444755554199219,0.001,52.5149450302124
2440,16,130,310475,128,0.9409483075141907,0.9409483075141907,1.2405028343200684,0.001,52.53212809562683
2441,16,131,310603,128,0.7876841425895691,0.7876841425895691,1.1242668628692627,0.001,52.54942560195923
2442,16,132,310731,128,1.0386866331100464,1.0386866331100464,1.2733099460601807,0.001,52.567240476608276
2443,16,133,310859,128,0.8513574004173279,0.8513574004173279,0.9679107666015625,0.001,52.58494210243225
2444,16,134,310987,128,0.8402749300003052,0.8402749300003052,0.747575581073761,0.001,52.60229277610779
2445,16,135,311115,128,0.6252731680870056,0.6252731680870056,1.2825523614883423,0.001,52.619401693344116
2446,16,136,311243,128,0.8257863521575928,0.8257863521575928,1.1765553951263428,0.001,52.63716268539429
2447,16,137,311371,128,1.0331815481185913,1.0331815481185913,0.8672335147857666,0.001,52.654698848724365
2448,16,138,311499,128,0.9496101140975952,0.9496101140975952,0.9631420373916626,0.001,52.67198824882507
2449,16,139,311627,128,0.869036853313446,0.869036853313446,1.161827802658081,0.001,52.68952679634094
2450,16,140,311755,128,0.9625577926635742,0.9625577926635742,1.0027364492416382,0.001,52.70727062225342
2451,16,141,311883,128,0.6507108807563782,0.6507108807563782,0.9487390518188477,0.001,52.724793434143066
2452,16,142,312011,128,0.7652183175086975,0.7652183175086975,1.051456093788147,0.001,52.74223470687866
2453,16,143,312139,128,1.074731469154358,1.074731469154358,0.9327052235603333,0.001,52.76037311553955
2454,16,144,312267,128,0.797597348690033,0.797597348690033,0.8654063940048218,0.001,52.778605461120605
2455,16,145,312395,128,0.9155271649360657,0.9155271649360657,1.5706400871276855,0.001,52.79612326622009
2456,16,146,312523,128,0.7649875283241272,0.7649875283241272,1.0302256345748901,0.001,52.81387424468994
2457,16,147,312651,128,1.037535548210144,1.037535548210144,1.1224135160446167,0.001,52.83182072639465
2458,16,148,312779,128,0.950364351272583,0.950364351272583,1.0859650373458862,0.001,52.849486351013184
2459,16,149,312907,128,0.6160887479782104,0.6160887479782104,1.1483333110809326,0.001,52.86696124076843
2460,16,150,313035,128,1.1031711101531982,1.1031711101531982,1.34498929977417,0.001,52.884551763534546
2461,16,151,313163,128,0.8739950656890869,0.8739950656890869,1.0026808977127075,0.001,52.90312218666077
2462,16,152,313291,128,1.1361031532287598,1.1361031532287598,1.2885795831680298,0.001,52.92073631286621
2463,16,153,313419,128,0.9730258584022522,0.9730258584022522,1.4715313911437988,0.001,52.93832802772522
2464,16,154,313424,5,0.352232426404953,0.352232426404953,0.8802456855773926,0.001,52.940866231918335
2465,17,1,313552,128,0.6915695071220398,0.6915695071220398,0.794928789138794,0.0005,53.63072395324707
2466,17,2,313680,128,0.9814466834068298,0.9814466834068298,1.652372121810913,0.0005,53.64879822731018
2467,17,3,313808,128,1.074109673500061,1.074109673500061,1.1543912887573242,0.0005,53.666319847106934
2468,17,4,313936,128,0.6670753955841064,0.6670753955841064,1.3405588865280151,0.0005,53.68400025367737
2469,17,5,314064,128,0.6171806454658508,0.6171806454658508,1.2813955545425415,0.0005,53.70203900337219
2470,17,6,314192,128,0.6637778878211975,0.6637778878211975,0.9195882678031921,0.0005,53.719706296920776
2471,17,7,314320,128,0.6418226957321167,0.6418226957321167,1.054040551185608,0.0005,53.73735785484314
2472,17,8,314448,128,0.8212811350822449,0.8212811350822449,0.9942324161529541,0.0005,53.754889249801636
2473,17,9,314576,128,0.7114359736442566,0.7114359736442566,1.367691159248352,0.0005,53.77290058135986
2474,17,10,314704,128,0.6582446694374084,0.6582446694374084,0.7459188103675842,0.0005,53.7905547618866
2475,17,11,314832,128,0.620044469833374,0.620044469833374,0.9858952164649963,0.0005,53.807774782180786
2476,17,12,314960,128,0.8640421628952026,0.8640421628952026,1.0852700471878052,0.0005,53.82511830329895
2477,17,13,315088,128,0.7447136044502258,0.7447136044502258,0.9138007760047913,0.0005,53.84317994117737
2478,17,14,315216,128,0.7801896333694458,0.7801896333694458,1.1366106271743774,0.0005,53.860599517822266
2479,17,15,315344,128,0.7217720150947571,0.7217720150947571,0.9310463666915894,0.0005,53.87787914276123
2480,17,16,315472,128,0.6739107966423035,0.6739107966423035,1.442156195640564,0.0005,53.895543336868286
2481,17,17,315600,128,0.8411117196083069,0.8411117196083069,1.0235482454299927,0.0005,53.913146018981934
2482,17,18,315728,128,0.7009302973747253,0.7009302973747253,0.89566969871521,0.0005,53.93098020553589
2483,17,19,315856,128,0.5498418211936951,0.5498418211936951,0.8363566398620605,0.0005,53.949634075164795
2484,17,20,315984,128,0.8869375586509705,0.8869375586509705,1.465299129486084,0.0005,53.96758675575256
2485,17,21,316112,128,0.9521948099136353,0.9521948099136353,1.158475399017334,0.0005,53.98507118225098
2486,17,22,316240,128,0.7043483853340149,0.7043483853340149,1.1582401990890503,0.0005,54.00251603126526
2487,17,23,316368,128,0.7227479219436646,0.7227479219436646,0.8452621102333069,0.0005,54.02010416984558
2488,17,24,316496,128,0.6441378593444824,0.6441378593444824,1.1848011016845703,0.0005,54.03831648826599
2489,17,25,316624,128,0.7883416414260864,0.7883416414260864,1.129356026649475,0.0005,54.05620312690735
2490,17,26,316752,128,0.7088626027107239,0.7088626027107239,1.2611442804336548,0.0005,54.07390832901001
2491,17,27,316880,128,0.6349430680274963,0.6349430680274963,1.1329426765441895,0.0005,54.09157633781433
2492,17,28,317008,128,0.5086824893951416,0.5086824893951416,1.225393295288086,0.0005,54.10942840576172
2493,17,29,317136,128,0.6906707882881165,0.6906707882881165,0.9331541061401367,0.0005,54.12705135345459
2494,17,30,317264,128,0.899825394153595,0.899825394153595,1.0199021100997925,0.0005,54.14458155632019
2495,17,31,317392,128,0.7292274236679077,0.7292274236679077,1.1562719345092773,0.0005,54.162537574768066
2496,17,32,317520,128,0.944894552230835,0.944894552230835,1.1711753606796265,0.0005,54.180436849594116
2497,17,33,317648,128,0.8977555632591248,0.8977555632591248,0.8340880274772644,0.0005,54.19818568229675
2498,17,34,317776,128,0.651513934135437,0.651513934135437,0.9902248382568359,0.0005,54.21590304374695
2499,17,35,317904,128,0.5723796486854553,0.5723796486854553,0.9087827801704407,0.0005,54.233622312545776
2500,17,36,318032,128,0.9762089252471924,0.9762089252471924,1.064847469329834,0.0005,54.25101280212402
2501,17,37,318160,128,0.6574183702468872,0.6574183702468872,1.0618371963500977,0.0005,54.26838421821594
2502,17,38,318288,128,0.8062349557876587,0.8062349557876587,1.4082399606704712,0.0005,54.28596591949463
2503,17,39,318416,128,1.022348165512085,1.022348165512085,1.1899281740188599,0.0005,54.30396556854248
2504,17,40,318544,128,0.8235948085784912,0.8235948085784912,1.4780244827270508,0.0005,54.32139587402344
2505,17,41,318672,128,0.7255672216415405,0.7255672216415405,0.8299774527549744,0.0005,54.33898687362671
2506,17,42,318800,128,0.7394077777862549,0.7394077777862549,1.1730819940567017,0.0005,54.35664200782776
2507,17,43,318928,128,0.7016086578369141,0.7016086578369141,0.8919014930725098,0.0005,54.374671459198
2508,17,44,319056,128,1.0132075548171997,1.0132075548171997,1.053521752357483,0.0005,54.392382860183716
2509,17,45,319184,128,0.43698447942733765,0.43698447942733765,1.0966858863830566,0.0005,54.41011595726013
2510,17,46,319312,128,0.6716612577438354,0.6716612577438354,0.9473987221717834,0.0005,54.427616357803345
2511,17,47,319440,128,0.6811231970787048,0.6811231970787048,1.574674367904663,0.0005,54.44537687301636
2512,17,48,319568,128,0.5767282247543335,0.5767282247543335,1.1479283571243286,0.0005,54.462713956832886
2513,17,49,319696,128,0.7906548976898193,0.7906548976898193,1.042542815208435,0.0005,54.480464458465576
2514,17,50,319824,128,0.6466456651687622,0.6466456651687622,0.8516350984573364,0.0005,54.4977707862854
2515,17,51,319952,128,0.8658638000488281,0.8658638000488281,0.8377106189727783,0.0005,54.515353202819824
2516,17,52,320080,128,0.6848059892654419,0.6848059892654419,1.1757060289382935,0.0005,54.53271794319153
2517,17,53,320208,128,0.6189541816711426,0.6189541816711426,1.3344565629959106,0.0005,54.55046272277832
2518,17,54,320336,128,0.7723444104194641,0.7723444104194641,1.15569007396698,0.0005,54.56826448440552
2519,17,55,320464,128,0.5927774906158447,0.5927774906158447,0.7580642700195312,0.0005,54.58585977554321
2520,17,56,320592,128,0.7088647484779358,0.7088647484779358,1.0792659521102905,0.0005,54.60328221321106
2521,17,57,320720,128,0.6758009791374207,0.6758009791374207,0.9271708130836487,0.0005,54.62087631225586
2522,17,58,320848,128,0.6041638851165771,0.6041638851165771,1.0939894914627075,0.0005,54.63861560821533
2523,17,59,320976,128,0.5670454502105713,0.5670454502105713,0.8484917283058167,0.0005,54.65617656707764
2524,17,60,321104,128,0.67520672082901,0.67520672082901,1.270376443862915,0.0005,54.67339587211609
2525,17,61,321232,128,1.1991522312164307,1.1991522312164307,1.0161006450653076,0.0005,54.69093036651611
2526,17,62,321360,128,0.7837950587272644,0.7837950587272644,0.9029720425605774,0.0005,54.70886182785034
2527,17,63,321488,128,0.7656964063644409,0.7656964063644409,1.0040690898895264,0.0005,54.72614622116089
2528,17,64,321616,128,0.6546953916549683,0.6546953916549683,1.1257050037384033,0.0005,54.74336051940918
2529,17,65,321744,128,0.8523426651954651,0.8523426651954651,1.0182777643203735,0.0005,54.7608916759491
2530,17,66,321872,128,0.7210994362831116,0.7210994362831116,0.9129416346549988,0.0005,54.77867841720581
2531,17,67,322000,128,0.5712049007415771,0.5712049007415771,1.1651959419250488,0.0005,54.796273946762085
2532,17,68,322128,128,0.8848910927772522,0.8848910927772522,1.1183379888534546,0.0005,54.81373381614685
2533,17,69,322256,128,0.6152001619338989,0.6152001619338989,0.8662531971931458,0.0005,54.8309805393219
2534,17,70,322384,128,0.6424505710601807,0.6424505710601807,0.9685381054878235,0.0005,54.84837532043457
2535,17,71,322512,128,0.884591281414032,0.884591281414032,1.1066409349441528,0.0005,54.865827798843384
2536,17,72,322640,128,1.0759429931640625,1.0759429931640625,1.0539054870605469,0.0005,54.88319706916809
2537,17,73,322768,128,0.683756411075592,0.683756411075592,0.9291831851005554,0.0005,54.90159034729004
2538,17,74,322896,128,1.0416024923324585,1.0416024923324585,0.8641109466552734,0.0005,54.91940355300903
2539,17,75,323024,128,0.7704830765724182,0.7704830765724182,0.8341909050941467,0.0005,54.93676495552063
2540,17,76,323152,128,0.709687352180481,0.709687352180481,1.16395902633667,0.0005,54.95436120033264
2541,17,77,323280,128,0.5438423156738281,0.5438423156738281,0.976022481918335,0.0005,54.9719922542572
2542,17,78,323408,128,0.7305907011032104,0.7305907011032104,0.9850881099700928,0.0005,54.98947286605835
2543,17,79,323536,128,0.8106648325920105,0.8106648325920105,1.085250735282898,0.0005,55.00699067115784
2544,17,80,323664,128,0.7667927145957947,0.7667927145957947,1.2166972160339355,0.0005,55.02446985244751
2545,17,81,323792,128,0.6712118983268738,0.6712118983268738,0.877672553062439,0.0005,55.04214000701904
2546,17,82,323920,128,0.6324766278266907,0.6324766278266907,1.2813676595687866,0.0005,55.060138463974
2547,17,83,324048,128,1.0309611558914185,1.0309611558914185,1.2026878595352173,0.0005,55.07785987854004
2548,17,84,324176,128,0.816992998123169,0.816992998123169,0.9043866991996765,0.0005,55.09551739692688
2549,17,85,324304,128,0.7856069803237915,0.7856069803237915,0.9133854508399963,0.0005,55.1137478351593
2550,17,86,324432,128,1.112934947013855,1.112934947013855,1.309576392173767,0.0005,55.13151836395264
2551,17,87,324560,128,0.6621907949447632,0.6621907949447632,0.8911269307136536,0.0005,55.148940563201904
2552,17,88,324688,128,0.6024134755134583,0.6024134755134583,0.9968652725219727,0.0005,55.16662573814392
2553,17,89,324816,128,0.7637174725532532,0.7637174725532532,1.1738972663879395,0.0005,55.18434166908264
2554,17,90,324944,128,0.6029595136642456,0.6029595136642456,0.7277018427848816,0.0005,55.20181322097778
2555,17,91,325072,128,0.646898627281189,0.646898627281189,1.1473160982131958,0.0005,55.21976852416992
2556,17,92,325200,128,0.8490838408470154,0.8490838408470154,1.0841526985168457,0.0005,55.23759722709656
2557,17,93,325328,128,0.7477898001670837,0.7477898001670837,1.6550307273864746,0.0005,55.255476236343384
2558,17,94,325456,128,1.006109595298767,1.006109595298767,1.4481338262557983,0.0005,55.27303886413574
2559,17,95,325584,128,0.8727709650993347,0.8727709650993347,1.369158387184143,0.0005,55.2907874584198
2560,17,96,325712,128,0.8088625073432922,0.8088625073432922,1.429097294807434,0.0005,55.30893611907959
2561,17,97,325840,128,0.7801361680030823,0.7801361680030823,1.1189175844192505,0.0005,55.3267936706543
2562,17,98,325968,128,0.44090721011161804,0.44090721011161804,1.4389915466308594,0.0005,55.34423899650574
2563,17,99,326096,128,0.7451176047325134,0.7451176047325134,1.2148783206939697,0.0005,55.361735105514526
2564,17,100,326224,128,0.5581361055374146,0.5581361055374146,1.368918776512146,0.0005,55.37943410873413
2565,17,101,326352,128,0.9868711829185486,0.9868711829185486,1.1324338912963867,0.0005,55.39704990386963
2566,17,102,326480,128,0.945995032787323,0.945995032787323,1.2694274187088013,0.0005,55.41464591026306
2567,17,103,326608,128,0.8870338797569275,0.8870338797569275,1.577786922454834,0.0005,55.43244647979736
2568,17,104,326736,128,0.5520837903022766,0.5520837903022766,1.2128961086273193,0.0005,55.450727224349976
2569,17,105,326864,128,0.611426830291748,0.611426830291748,1.3678022623062134,0.0005,55.468411445617676
2570,17,106,326992,128,0.7920875549316406,0.7920875549316406,0.7838049530982971,0.0005,55.485684633255005
2571,17,107,327120,128,0.7302636504173279,0.7302636504173279,1.3342748880386353,0.0005,55.50341606140137
2572,17,108,327248,128,0.7900132536888123,0.7900132536888123,0.6655893921852112,0.0005,55.52102589607239
2573,17,109,327376,128,0.8021044135093689,0.8021044135093689,1.0620087385177612,0.0005,55.53878355026245
2574,17,110,327504,128,1.0796312093734741,1.0796312093734741,1.1272591352462769,0.0005,55.55627727508545
2575,17,111,327632,128,1.0115084648132324,1.0115084648132324,1.3216185569763184,0.0005,55.57403612136841
2576,17,112,327760,128,0.8577894568443298,0.8577894568443298,1.8906422853469849,0.0005,55.591541051864624
2577,17,113,327888,128,0.5896986126899719,0.5896986126899719,0.91379714012146,0.0005,55.60901880264282
2578,17,114,328016,128,0.9012719392776489,0.9012719392776489,1.0279632806777954,0.0005,55.626460790634155
2579,17,115,328144,128,0.7246427536010742,0.7246427536010742,1.0177624225616455,0.0005,55.64479732513428
2580,17,116,328272,128,0.8486497402191162,0.8486497402191162,1.226458191871643,0.0005,55.662224531173706
2581,17,117,328400,128,0.525251030921936,0.525251030921936,0.9178162813186646,0.0005,55.679694175720215
2582,17,118,328528,128,0.6826471090316772,0.6826471090316772,1.0175260305404663,0.0005,55.69699668884277
2583,17,119,328656,128,0.6687999367713928,0.6687999367713928,0.8829410076141357,0.0005,55.71495771408081
2584,17,120,328784,128,0.6496280431747437,0.6496280431747437,0.8824326992034912,0.0005,55.732288122177124
2585,17,121,328912,128,0.7073435187339783,0.7073435187339783,1.3279930353164673,0.0005,55.74985146522522
2586,17,122,329040,128,0.679747462272644,0.679747462272644,0.9006132483482361,0.0005,55.76745796203613
2587,17,123,329168,128,0.7594882845878601,0.7594882845878601,1.18807053565979,0.0005,55.7848904132843
2588,17,124,329296,128,0.7690020799636841,0.7690020799636841,1.3202112913131714,0.0005,55.80253863334656
2589,17,125,329424,128,0.8184435963630676,0.8184435963630676,0.9546273946762085,0.0005,55.820178270339966
2590,17,126,329552,128,0.5142457485198975,0.5142457485198975,0.9397754073143005,0.0005,55.83813738822937
2591,17,127,329680,128,0.7576611042022705,0.7576611042022705,1.0259053707122803,0.0005,55.85580325126648
2592,17,128,329808,128,0.9666233658790588,0.9666233658790588,1.1714410781860352,0.0005,55.873443603515625
2593,17,129,329936,128,0.5502071380615234,0.5502071380615234,0.8299126625061035,0.0005,55.89119052886963
2594,17,130,330064,128,0.7151479125022888,0.7151479125022888,0.9912492036819458,0.0005,55.909863233566284
2595,17,131,330192,128,0.6576088666915894,0.6576088666915894,0.8765894770622253,0.0005,55.92790412902832
2596,17,132,330320,128,0.5278592109680176,0.5278592109680176,1.0284160375595093,0.0005,55.94576048851013
2597,17,133,330448,128,0.5871933698654175,0.5871933698654175,1.0900572538375854,0.0005,55.9634428024292
2598,17,134,330576,128,0.7611280083656311,0.7611280083656311,1.0319069623947144,0.0005,55.98155498504639
2599,17,135,330704,128,0.7732272148132324,0.7732272148132324,1.17127525806427,0.0005,55.99928069114685
2600,17,136,330832,128,0.85312819480896,0.85312819480896,1.0030103921890259,0.0005,56.01672387123108
2601,17,137,330960,128,0.7412757873535156,0.7412757873535156,1.3633761405944824,0.0005,56.034560203552246
2602,17,138,331088,128,0.7564627528190613,0.7564627528190613,1.2376583814620972,0.0005,56.0525107383728
2603,17,139,331216,128,0.6899279356002808,0.6899279356002808,0.7835135459899902,0.0005,56.07011675834656
2604,17,140,331344,128,1.0646079778671265,1.0646079778671265,0.9020847678184509,0.0005,56.08755850791931
2605,17,141,331472,128,0.8643142580986023,0.8643142580986023,1.1182587146759033,0.0005,56.10521173477173
2606,17,142,331600,128,0.7926844358444214,0.7926844358444214,1.02548348903656,0.0005,56.12295722961426
2607,17,143,331728,128,0.8594866991043091,0.8594866991043091,1.095117211341858,0.0005,56.140263080596924
2608,17,144,331856,128,0.49419525265693665,0.49419525265693665,1.396289348602295,0.0005,56.15772604942322
2609,17,145,331984,128,0.7231720089912415,0.7231720089912415,0.8816412687301636,0.0005,56.175639390945435
2610,17,146,332112,128,0.9306808114051819,0.9306808114051819,0.8336194753646851,0.0005,56.192692279815674
2611,17,147,332240,128,1.0084136724472046,1.0084136724472046,0.6461721062660217,0.0005,56.210065841674805
2612,17,148,332368,128,0.8925788402557373,0.8925788402557373,0.9597631096839905,0.0005,56.227041482925415
2613,17,149,332496,128,0.6052654385566711,0.6052654385566711,1.1062986850738525,0.0005,56.24422240257263
2614,17,150,332624,128,0.7305701971054077,0.7305701971054077,1.024470329284668,0.0005,56.26157069206238
2615,17,151,332752,128,0.5786274075508118,0.5786274075508118,1.1403908729553223,0.0005,56.279316425323486
2616,17,152,332880,128,0.623099684715271,0.623099684715271,1.0273089408874512,0.0005,56.296494483947754
2617,17,153,333008,128,1.107324242591858,1.107324242591858,1.0891072750091553,0.0005,56.314111948013306
2618,17,154,333013,5,0.5577040314674377,0.5577040314674377,0.6154382824897766,0.0005,56.31666111946106
2619,18,1,333141,128,0.7230051755905151,0.7230051755905151,0.7706958055496216,0.0005,56.99671530723572
2620,18,2,333269,128,0.9749499559402466,0.9749499559402466,1.8404667377471924,0.0005,57.01423263549805
2621,18,3,333397,128,1.2579996585845947,1.2579996585845947,1.0144779682159424,0.0005,57.03198051452637
2622,18,4,333525,128,0.8966684341430664,0.8966684341430664,0.9343737959861755,0.0005,57.050023555755615
2623,18,5,333653,128,0.43572235107421875,0.43572235107421875,0.8101344108581543,0.0005,57.06756019592285
2624,18,6,333781,128,0.548187792301178,0.548187792301178,1.058650255203247,0.0005,57.084887981414795
2625,18,7,333909,128,0.6648167371749878,0.6648167371749878,1.3475579023361206,0.0005,57.1024284362793
2626,18,8,334037,128,0.7630383968353271,0.7630383968353271,1.1986578702926636,0.0005,57.12022113800049
2627,18,9,334165,128,0.6192136406898499,0.6192136406898499,0.9582126140594482,0.0005,57.13821005821228
2628,18,10,334293,128,0.5060127377510071,0.5060127377510071,1.3472132682800293,0.0005,57.1559042930603
2629,18,11,334421,128,0.8164393901824951,0.8164393901824951,1.2029876708984375,0.0005,57.173768281936646
2630,18,12,334549,128,0.9014108777046204,0.9014108777046204,0.9020939469337463,0.0005,57.19140005111694
2631,18,13,334677,128,0.5829693675041199,0.5829693675041199,0.9216454029083252,0.0005,57.208903074264526
2632,18,14,334805,128,1.1743965148925781,1.1743965148925781,1.3978519439697266,0.0005,57.2261688709259
2633,18,15,334933,128,0.8481675386428833,0.8481675386428833,1.268932580947876,0.0005,57.24408793449402
2634,18,16,335061,128,0.821174144744873,0.821174144744873,1.0570471286773682,0.0005,57.261855363845825
2635,18,17,335189,128,0.9849063754081726,0.9849063754081726,1.3518155813217163,0.0005,57.27962875366211
2636,18,18,335317,128,0.8313381671905518,0.8313381671905518,0.8650853633880615,0.0005,57.2969274520874
2637,18,19,335445,128,0.8724064230918884,0.8724064230918884,1.000784158706665,0.0005,57.31482481956482
2638,18,20,335573,128,0.7995080351829529,0.7995080351829529,0.8651796579360962,0.0005,57.33202290534973
2639,18,21,335701,128,0.7156471610069275,0.7156471610069275,0.9762863516807556,0.0005,57.349340200424194
2640,18,22,335829,128,0.5646002888679504,0.5646002888679504,1.1908111572265625,0.0005,57.36642813682556
2641,18,23,335957,128,0.5876661539077759,0.5876661539077759,1.342079758644104,0.0005,57.384082555770874
2642,18,24,336085,128,0.7388351559638977,0.7388351559638977,1.1993595361709595,0.0005,57.40138578414917
2643,18,25,336213,128,0.783393144607544,0.783393144607544,1.0842307806015015,0.0005,57.41845083236694
2644,18,26,336341,128,0.5220824480056763,0.5220824480056763,1.3638561964035034,0.0005,57.43560791015625
2645,18,27,336469,128,0.5088555812835693,0.5088555812835693,1.3480584621429443,0.0005,57.45303153991699
2646,18,28,336597,128,0.7326189875602722,0.7326189875602722,1.202280879020691,0.0005,57.47112560272217
2647,18,29,336725,128,0.914270281791687,0.914270281791687,0.9276614785194397,0.0005,57.488816022872925
2648,18,30,336853,128,1.0440781116485596,1.0440781116485596,0.9830489158630371,0.0005,57.50670909881592
2649,18,31,336981,128,0.7398087978363037,0.7398087978363037,1.486074447631836,0.0005,57.52456259727478
2650,18,32,337109,128,0.7266837954521179,0.7266837954521179,1.2774523496627808,0.0005,57.5422899723053
2651,18,33,337237,128,0.797604501247406,0.797604501247406,1.085857629776001,0.0005,57.560038805007935
2652,18,34,337365,128,0.8895941972732544,0.8895941972732544,0.939188539981842,0.0005,57.578059911727905
2653,18,35,337493,128,0.8036496043205261,0.8036496043205261,1.099514365196228,0.0005,57.59580397605896
2654,18,36,337621,128,0.7052034735679626,0.7052034735679626,0.8504399657249451,0.0005,57.613677978515625
2655,18,37,337749,128,0.9323959350585938,0.9323959350585938,1.4432481527328491,0.0005,57.63160562515259
2656,18,38,337877,128,0.7419922351837158,0.7419922351837158,1.0049068927764893,0.0005,57.64976143836975
2657,18,39,338005,128,0.45454373955726624,0.45454373955726624,1.072472095489502,0.0005,57.667380809783936
2658,18,40,338133,128,0.7945767045021057,0.7945767045021057,1.5667165517807007,0.0005,57.685277700424194
2659,18,41,338261,128,0.9221866130828857,0.9221866130828857,1.4244754314422607,0.0005,57.70324373245239
2660,18,42,338389,128,0.7917630672454834,0.7917630672454834,0.9580739736557007,0.0005,57.72073721885681
2661,18,43,338517,128,0.5832813382148743,0.5832813382148743,0.8793861865997314,0.0005,57.73851275444031
2662,18,44,338645,128,0.8854569792747498,0.8854569792747498,1.1083039045333862,0.0005,57.75629138946533
2663,18,45,338773,128,0.6792687773704529,0.6792687773704529,1.038950800895691,0.0005,57.774353981018066
2664,18,46,338901,128,0.7265792489051819,0.7265792489051819,1.2936161756515503,0.0005,57.792075634002686
2665,18,47,339029,128,0.7882464528083801,0.7882464528083801,1.0730613470077515,0.0005,57.809839963912964
2666,18,48,339157,128,0.7241729497909546,0.7241729497909546,1.116106390953064,0.0005,57.82746148109436
2667,18,49,339285,128,0.6595963835716248,0.6595963835716248,0.6500940322875977,0.0005,57.845638036727905
2668,18,50,339413,128,0.733405590057373,0.733405590057373,0.7625111937522888,0.0005,57.86306118965149
2669,18,51,339541,128,0.6588497757911682,0.6588497757911682,1.1824734210968018,0.0005,57.880603313446045
2670,18,52,339669,128,0.8932443261146545,0.8932443261146545,1.0742939710617065,0.0005,57.89826416969299
2671,18,53,339797,128,0.7666207551956177,0.7666207551956177,1.3445073366165161,0.0005,57.9163031578064
2672,18,54,339925,128,0.578669548034668,0.578669548034668,0.9728375673294067,0.0005,57.9337842464447
2673,18,55,340053,128,0.7256641983985901,0.7256641983985901,0.7886500954627991,0.0005,57.95107126235962
2674,18,56,340181,128,0.7684465050697327,0.7684465050697327,1.0248947143554688,0.0005,57.96849250793457
2675,18,57,340309,128,0.9158807396888733,0.9158807396888733,1.1780415773391724,0.0005,57.98613715171814
2676,18,58,340437,128,0.7488438487052917,0.7488438487052917,1.1597222089767456,0.0005,58.00339984893799
2677,18,59,340565,128,0.42901939153671265,0.42901939153671265,0.9993362426757812,0.0005,58.02075147628784
2678,18,60,340693,128,0.8551133275032043,0.8551133275032043,0.7599612474441528,0.0005,58.03786659240723
2679,18,61,340821,128,0.5290617942810059,0.5290617942810059,0.6987975239753723,0.0005,58.0559504032135
2680,18,62,340949,128,0.7875887155532837,0.7875887155532837,0.6643401384353638,0.0005,58.07339692115784
2681,18,63,341077,128,0.5623220801353455,0.5623220801353455,1.2580276727676392,0.0005,58.090999364852905
2682,18,64,341205,128,0.557334303855896,0.557334303855896,1.2568696737289429,0.0005,58.10876703262329
2683,18,65,341333,128,0.678830087184906,0.678830087184906,0.9199597239494324,0.0005,58.12656235694885
2684,18,66,341461,128,0.8251495361328125,0.8251495361328125,1.174340844154358,0.0005,58.144142150878906
2685,18,67,341589,128,0.5588104724884033,0.5588104724884033,1.1934731006622314,0.0005,58.1616575717926
2686,18,68,341717,128,0.70780348777771,0.70780348777771,0.9465301632881165,0.0005,58.17965483665466
2687,18,69,341845,128,1.1776463985443115,1.1776463985443115,1.1738120317459106,0.0005,58.19700384140015
2688,18,70,341973,128,0.682737410068512,0.682737410068512,1.223348617553711,0.0005,58.21462869644165
2689,18,71,342101,128,0.7601782083511353,0.7601782083511353,1.1800975799560547,0.0005,58.23215699195862
2690,18,72,342229,128,0.7144509553909302,0.7144509553909302,1.3554991483688354,0.0005,58.25018811225891
2691,18,73,342357,128,0.7796312570571899,0.7796312570571899,1.1378039121627808,0.0005,58.26793885231018
2692,18,74,342485,128,0.8365121483802795,0.8365121483802795,1.190934419631958,0.0005,58.28548049926758
2693,18,75,342613,128,0.7539929747581482,0.7539929747581482,1.4969333410263062,0.0005,58.3032066822052
2694,18,76,342741,128,0.6074535846710205,0.6074535846710205,1.1506215333938599,0.0005,58.32095241546631
2695,18,77,342869,128,0.6393095254898071,0.6393095254898071,0.9869617223739624,0.0005,58.338356018066406
2696,18,78,342997,128,0.6683816909790039,0.6683816909790039,1.135450839996338,0.0005,58.35570406913757
2697,18,79,343125,128,0.8735256791114807,0.8735256791114807,0.9968278408050537,0.0005,58.37345814704895
2698,18,80,343253,128,0.6625199913978577,0.6625199913978577,0.971153199672699,0.0005,58.39120125770569
2699,18,81,343381,128,0.784372866153717,0.784372866153717,1.2176858186721802,0.0005,58.40869927406311
2700,18,82,343509,128,0.6380332112312317,0.6380332112312317,1.092491865158081,0.0005,58.42600750923157
2701,18,83,343637,128,0.5743776559829712,0.5743776559829712,0.8112037777900696,0.0005,58.44373178482056
2702,18,84,343765,128,0.6015388369560242,0.6015388369560242,1.1668510437011719,0.0005,58.461517095565796
2703,18,85,343893,128,0.6979672312736511,0.6979672312736511,1.005882978439331,0.0005,58.479201555252075
2704,18,86,344021,128,0.5077269077301025,0.5077269077301025,1.3510379791259766,0.0005,58.49671649932861
2705,18,87,344149,128,0.6477223038673401,0.6477223038673401,1.1627577543258667,0.0005,58.51476550102234
2706,18,88,344277,128,0.7388883829116821,0.7388883829116821,1.2902392148971558,0.0005,58.532674074172974
2707,18,89,344405,128,0.716956377029419,0.716956377029419,0.839281439781189,0.0005,58.55034375190735
2708,18,90,344533,128,1.0045816898345947,1.0045816898345947,0.9530826807022095,0.0005,58.56765913963318
2709,18,91,344661,128,0.5727259516716003,0.5727259516716003,1.0386478900909424,0.0005,58.58571934700012
2710,18,92,344789,128,0.4218630790710449,0.4218630790710449,0.7641983032226562,0.0005,58.6034893989563
2711,18,93,344917,128,0.6115968823432922,0.6115968823432922,1.1220512390136719,0.0005,58.62108254432678
2712,18,94,345045,128,0.8793227076530457,0.8793227076530457,0.7778416872024536,0.0005,58.63880896568298
2713,18,95,345173,128,1.0858560800552368,1.0858560800552368,1.3745341300964355,0.0005,58.65664052963257
2714,18,96,345301,128,0.6935302019119263,0.6935302019119263,0.9022055268287659,0.0005,58.674293994903564
2715,18,97,345429,128,0.6028699278831482,0.6028699278831482,0.8263126015663147,0.0005,58.69192862510681
2716,18,98,345557,128,0.8173760175704956,0.8173760175704956,1.373807430267334,0.0005,58.70980167388916
2717,18,99,345685,128,0.7569488286972046,0.7569488286972046,0.9702345728874207,0.0005,58.72757959365845
2718,18,100,345813,128,0.7276601195335388,0.7276601195335388,0.9065279364585876,0.0005,58.74523949623108
2719,18,101,345941,128,0.5220741033554077,0.5220741033554077,1.0266880989074707,0.0005,58.76268911361694
2720,18,102,346069,128,0.5767636895179749,0.5767636895179749,1.2634737491607666,0.0005,58.78064680099487
2721,18,103,346197,128,0.8065290451049805,0.8065290451049805,1.179181456565857,0.0005,58.79851198196411
2722,18,104,346325,128,1.0082316398620605,1.0082316398620605,1.148168921470642,0.0005,58.816248655319214
2723,18,105,346453,128,0.7044508457183838,0.7044508457183838,1.3113324642181396,0.0005,58.833674907684326
2724,18,106,346581,128,0.7501294016838074,0.7501294016838074,1.1776529550552368,0.0005,58.85157775878906
2725,18,107,346709,128,0.5409131646156311,0.5409131646156311,0.9117020964622498,0.0005,58.86935567855835
2726,18,108,346837,128,0.8789423704147339,0.8789423704147339,1.3586660623550415,0.0005,58.887070417404175
2727,18,109,346965,128,0.4303096532821655,0.4303096532821655,0.8275365233421326,0.0005,58.904839515686035
2728,18,110,347093,128,0.4974665641784668,0.4974665641784668,1.209615707397461,0.0005,58.922762870788574
2729,18,111,347221,128,0.8439972996711731,0.8439972996711731,0.655081570148468,0.0005,58.94023537635803
2730,18,112,347349,128,0.7601800560951233,0.7601800560951233,0.8435227870941162,0.0005,58.95818090438843
2731,18,113,347477,128,0.688312292098999,0.688312292098999,0.8937674164772034,0.0005,58.97631525993347
2732,18,114,347605,128,0.892382800579071,0.892382800579071,0.9897453188896179,0.0005,58.99399375915527
2733,18,115,347733,128,0.8502117991447449,0.8502117991447449,0.9472607374191284,0.0005,59.01162266731262
2734,18,116,347861,128,0.5187010765075684,0.5187010765075684,1.01611328125,0.0005,59.02916359901428
2735,18,117,347989,128,0.8745356798171997,0.8745356798171997,1.1591830253601074,0.0005,59.04715132713318
2736,18,118,348117,128,0.5951457619667053,0.5951457619667053,1.016832709312439,0.0005,59.06479740142822
2737,18,119,348245,128,0.8710693120956421,0.8710693120956421,1.03221595287323,0.0005,59.082523584365845
2738,18,120,348373,128,0.6441833972930908,0.6441833972930908,1.2744808197021484,0.0005,59.10045576095581
2739,18,121,348501,128,0.6723848581314087,0.6723848581314087,0.9011109471321106,0.0005,59.11915707588196
2740,18,122,348629,128,0.62198406457901,0.62198406457901,1.1911019086837769,0.0005,59.13669300079346
2741,18,123,348757,128,0.784566342830658,0.784566342830658,0.841364860534668,0.0005,59.15435194969177
2742,18,124,348885,128,0.901466965675354,0.901466965675354,0.9253790378570557,0.0005,59.17190480232239
2743,18,125,349013,128,0.49576056003570557,0.49576056003570557,0.8403913974761963,0.0005,59.19015097618103
2744,18,126,349141,128,0.504508376121521,0.504508376121521,0.9688675999641418,0.0005,59.20803117752075
2745,18,127,349269,128,0.6561351418495178,0.6561351418495178,1.1477367877960205,0.0005,59.22614145278931
2746,18,128,349397,128,0.5663819909095764,0.5663819909095764,1.161022424697876,0.0005,59.24425268173218
2747,18,129,349525,128,0.5948309302330017,0.5948309302330017,0.8440052270889282,0.0005,59.26174569129944
2748,18,130,349653,128,0.8234492540359497,0.8234492540359497,1.5668253898620605,0.0005,59.27932381629944
2749,18,131,349781,128,0.7600071430206299,0.7600071430206299,0.9538235664367676,0.0005,59.2967312335968
2750,18,132,349909,128,0.5279027223587036,0.5279027223587036,0.8607071042060852,0.0005,59.31481122970581
2751,18,133,350037,128,0.7527041435241699,0.7527041435241699,1.032091736793518,0.0005,59.33263683319092
2752,18,134,350165,128,0.8102839589118958,0.8102839589118958,0.9874162077903748,0.0005,59.35053062438965
2753,18,135,350293,128,0.9248946905136108,0.9248946905136108,1.2168086767196655,0.0005,59.36796712875366
2754,18,136,350421,128,0.7378677129745483,0.7378677129745483,1.2416713237762451,0.0005,59.38593029975891
2755,18,137,350549,128,0.7923948764801025,0.7923948764801025,1.2542011737823486,0.0005,59.40359091758728
2756,18,138,350677,128,0.7264236211776733,0.7264236211776733,0.8876684904098511,0.0005,59.42119312286377
2757,18,139,350805,128,0.49846407771110535,0.49846407771110535,1.352942705154419,0.0005,59.439053773880005
2758,18,140,350933,128,0.8320834040641785,0.8320834040641785,1.215108036994934,0.0005,59.4572172164917
2759,18,141,351061,128,0.5739195346832275,0.5739195346832275,1.1793808937072754,0.0005,59.475077390670776
2760,18,142,351189,128,0.8572241067886353,0.8572241067886353,1.4699307680130005,0.0005,59.49259614944458
2761,18,143,351317,128,0.9497348070144653,0.9497348070144653,1.201710820198059,0.0005,59.51027154922485
2762,18,144,351445,128,0.4734068810939789,0.4734068810939789,1.2350283861160278,0.0005,59.52796173095703
2763,18,145,351573,128,0.7553343176841736,0.7553343176841736,0.851216733455658,0.0005,59.54581665992737
2764,18,146,351701,128,1.0287965536117554,1.0287965536117554,1.174237847328186,0.0005,59.56337857246399
2765,18,147,351829,128,0.8427157402038574,0.8427157402038574,0.9566757678985596,0.0005,59.58132982254028
2766,18,148,351957,128,0.7181563973426819,0.7181563973426819,0.9662571549415588,0.0005,59.599196672439575
2767,18,149,352085,128,0.7198002338409424,0.7198002338409424,1.1508992910385132,0.0005,59.61656641960144
2768,18,150,352213,128,0.7449584603309631,0.7449584603309631,0.9573512077331543,0.0005,59.633991718292236
2769,18,151,352341,128,0.4983214735984802,0.4983214735984802,0.8937576413154602,0.0005,59.651944398880005
2770,18,152,352469,128,0.5094983577728271,0.5094983577728271,1.352239966392517,0.0005,59.669729471206665
2771,18,153,352597,128,0.8493197560310364,0.8493197560310364,0.9899336695671082,0.0005,59.68723177909851
2772,18,154,352602,5,0.16161799430847168,0.16161799430847168,0.2885977327823639,0.0005,59.68994951248169
2773,19,1,352730,128,0.749028205871582,0.749028205871582,1.0580165386199951,0.0005,60.440837144851685
2774,19,2,352858,128,0.7824244499206543,0.7824244499206543,1.4347180128097534,0.0005,60.458614110946655
2775,19,3,352986,128,0.9220092296600342,0.9220092296600342,1.2573322057724,0.0005,60.47627925872803
2776,19,4,353114,128,0.6441870927810669,0.6441870927810669,0.7846994400024414,0.0005,60.4938440322876
2777,19,5,353242,128,0.9160503149032593,0.9160503149032593,1.1966066360473633,0.0005,60.511950731277466
2778,19,6,353370,128,0.5825048089027405,0.5825048089027405,1.67006254196167,0.0005,60.529733180999756
2779,19,7,353498,128,0.44194266200065613,0.44194266200065613,0.9331979751586914,0.0005,60.5473268032074
2780,19,8,353626,128,0.5176863670349121,0.5176863670349121,1.2684816122055054,0.0005,60.56464457511902
2781,19,9,353754,128,1.2471179962158203,1.2471179962158203,1.2796272039413452,0.0005,60.58253717422485
2782,19,10,353882,128,0.6859381794929504,0.6859381794929504,1.2809906005859375,0.0005,60.60011410713196
2783,19,11,354010,128,0.8543820977210999,0.8543820977210999,1.1158530712127686,0.0005,60.61775183677673
2784,19,12,354138,128,0.9624459147453308,0.9624459147453308,1.233074426651001,0.0005,60.63527011871338
2785,19,13,354266,128,0.6679554581642151,0.6679554581642151,0.974519670009613,0.0005,60.653605937957764
2786,19,14,354394,128,0.6517533659934998,0.6517533659934998,0.8050994873046875,0.0005,60.671263694763184
2787,19,15,354522,128,0.8232992887496948,0.8232992887496948,1.3105500936508179,0.0005,60.6889283657074
2788,19,16,354650,128,0.7034776210784912,0.7034776210784912,1.3274487257003784,0.0005,60.70629954338074
2789,19,17,354778,128,0.48767393827438354,0.48767393827438354,1.0436259508132935,0.0005,60.72420930862427
2790,19,18,354906,128,1.0107781887054443,1.0107781887054443,1.295624017715454,0.0005,60.74163818359375
2791,19,19,355034,128,0.7859982252120972,0.7859982252120972,0.9459852576255798,0.0005,60.75936007499695
2792,19,20,355162,128,0.5842042565345764,0.5842042565345764,1.2413127422332764,0.0005,60.77709174156189
2793,19,21,355290,128,0.7355551719665527,0.7355551719665527,1.114902377128601,0.0005,60.79472208023071
2794,19,22,355418,128,0.7440927028656006,0.7440927028656006,1.0558459758758545,0.0005,60.8121542930603
2795,19,23,355546,128,0.8745582103729248,0.8745582103729248,0.9133639931678772,0.0005,60.829668045043945
2796,19,24,355674,128,0.7009381055831909,0.7009381055831909,1.1241282224655151,0.0005,60.847208976745605
2797,19,25,355802,128,0.48243585228919983,0.48243585228919983,0.9778613448143005,0.0005,60.86469864845276
2798,19,26,355930,128,0.6858861446380615,0.6858861446380615,1.105716586112976,0.0005,60.881927251815796
2799,19,27,356058,128,0.9542277455329895,0.9542277455329895,1.4003536701202393,0.0005,60.89933395385742
2800,19,28,356186,128,0.9643768072128296,0.9643768072128296,1.2528787851333618,0.0005,60.91702103614807
2801,19,29,356314,128,0.6656803488731384,0.6656803488731384,1.0798953771591187,0.0005,60.93452334403992
2802,19,30,356442,128,0.6785385012626648,0.6785385012626648,0.952609658241272,0.0005,60.952061891555786
2803,19,31,356570,128,0.8095946907997131,0.8095946907997131,0.8736299872398376,0.0005,60.969584703445435
2804,19,32,356698,128,0.6347218751907349,0.6347218751907349,1.2947505712509155,0.0005,60.98743677139282
2805,19,33,356826,128,0.9004778861999512,0.9004778861999512,1.04683518409729,0.0005,61.00522303581238
2806,19,34,356954,128,0.5322361588478088,0.5322361588478088,0.9484740495681763,0.0005,61.0227735042572
2807,19,35,357082,128,0.629281759262085,0.629281759262085,1.1461673974990845,0.0005,61.0402557849884
2808,19,36,357210,128,0.8101687431335449,0.8101687431335449,1.0893335342407227,0.0005,61.05793738365173
2809,19,37,357338,128,0.6561377644538879,0.6561377644538879,1.3756364583969116,0.0005,61.07546138763428
2810,19,38,357466,128,0.6053465008735657,0.6053465008735657,0.7460312247276306,0.0005,61.09299993515015
2811,19,39,357594,128,0.9743058681488037,0.9743058681488037,1.4046659469604492,0.0005,61.110657930374146
2812,19,40,357722,128,0.6591343283653259,0.6591343283653259,0.8115289211273193,0.0005,61.12896132469177
2813,19,41,357850,128,0.8178706169128418,0.8178706169128418,1.3245251178741455,0.0005,61.146953105926514
2814,19,42,357978,128,0.7311381101608276,0.7311381101608276,0.8346325159072876,0.0005,61.16449975967407
2815,19,43,358106,128,0.6282743811607361,0.6282743811607361,1.3035980463027954,0.0005,61.182854413986206
2816,19,44,358234,128,0.8368194103240967,0.8368194103240967,1.0576783418655396,0.0005,61.20053243637085
2817,19,45,358362,128,0.642594575881958,0.642594575881958,1.0740077495574951,0.0005,61.21822905540466
2818,19,46,358490,128,0.5362897515296936,0.5362897515296936,0.9001563787460327,0.0005,61.23603963851929
2819,19,47,358618,128,0.5346582531929016,0.5346582531929016,0.9010241627693176,0.0005,61.254002809524536
2820,19,48,358746,128,1.0422704219818115,1.0422704219818115,1.2249929904937744,0.0005,61.27160859107971
2821,19,49,358874,128,0.7493889331817627,0.7493889331817627,1.3062013387680054,0.0005,61.28918385505676
2822,19,50,359002,128,0.7065978646278381,0.7065978646278381,1.0461978912353516,0.0005,61.3065710067749
2823,19,51,359130,128,0.7167836427688599,0.7167836427688599,0.9167114496231079,0.0005,61.324554204940796
2824,19,52,359258,128,0.6516138911247253,0.6516138911247253,1.0603164434432983,0.0005,61.34236192703247
2825,19,53,359386,128,0.9958494305610657,0.9958494305610657,1.052217721939087,0.0005,61.35979151725769
2826,19,54,359514,128,0.6250784993171692,0.6250784993171692,1.1471712589263916,0.0005,61.37741017341614
2827,19,55,359642,128,0.5503772497177124,0.5503772497177124,0.8356219530105591,0.0005,61.39560890197754
2828,19,56,359770,128,0.5644726157188416,0.5644726157188416,0.7640361189842224,0.0005,61.413270473480225
2829,19,57,359898,128,0.5433633923530579,0.5433633923530579,0.9063862562179565,0.0005,61.432005167007446
2830,19,58,360026,128,0.6512454152107239,0.6512454152107239,1.3984088897705078,0.0005,61.4500093460083
2831,19,59,360154,128,0.5084514021873474,0.5084514021873474,1.4259037971496582,0.0005,61.46773719787598
2832,19,60,360282,128,0.8138821125030518,0.8138821125030518,1.0129352807998657,0.0005,61.48515248298645
2833,19,61,360410,128,0.719527542591095,0.719527542591095,0.9235647916793823,0.0005,61.502918004989624
2834,19,62,360538,128,0.6668380498886108,0.6668380498886108,1.0913810729980469,0.0005,61.52077651023865
2835,19,63,360666,128,0.39718833565711975,0.39718833565711975,0.8875610828399658,0.0005,61.5384635925293
2836,19,64,360794,128,0.7687487602233887,0.7687487602233887,0.9405416250228882,0.0005,61.55597281455994
2837,19,65,360922,128,0.7468295097351074,0.7468295097351074,1.0293022394180298,0.0005,61.5734601020813
2838,19,66,361050,128,0.5991036891937256,0.5991036891937256,0.9122982025146484,0.0005,61.59150195121765
2839,19,67,361178,128,0.719048798084259,0.719048798084259,1.0294126272201538,0.0005,61.60921335220337
2840,19,68,361306,128,1.0290471315383911,1.0290471315383911,0.7917234301567078,0.0005,61.62687611579895
2841,19,69,361434,128,1.3235410451889038,1.3235410451889038,1.1111985445022583,0.0005,61.64455699920654
2842,19,70,361562,128,0.8526946902275085,0.8526946902275085,1.461069941520691,0.0005,61.66235113143921
2843,19,71,361690,128,0.76706862449646,0.76706862449646,1.0917556285858154,0.0005,61.680078983306885
2844,19,72,361818,128,0.6182147264480591,0.6182147264480591,0.8849079608917236,0.0005,61.69764542579651
2845,19,73,361946,128,0.8145968317985535,0.8145968317985535,1.235410451889038,0.0005,61.715954303741455
2846,19,74,362074,128,0.7031481862068176,0.7031481862068176,1.1584359407424927,0.0005,61.7338171005249
2847,19,75,362202,128,0.5729855895042419,0.5729855895042419,1.1276010274887085,0.0005,61.75165891647339
2848,19,76,362330,128,0.8306335210800171,0.8306335210800171,1.1035934686660767,0.0005,61.76888680458069
2849,19,77,362458,128,0.5103530883789062,0.5103530883789062,1.1065601110458374,0.0005,61.78726935386658
2850,19,78,362586,128,0.7234615683555603,0.7234615683555603,1.2797091007232666,0.0005,61.80501341819763
2851,19,79,362714,128,0.9146909713745117,0.9146909713745117,1.285534143447876,0.0005,61.82294011116028
2852,19,80,362842,128,0.7338224649429321,0.7338224649429321,1.1464203596115112,0.0005,61.84059524536133
2853,19,81,362970,128,0.5784046053886414,0.5784046053886414,1.041563630104065,0.0005,61.85866451263428
2854,19,82,363098,128,0.7968788146972656,0.7968788146972656,0.7968000769615173,0.0005,61.8766233921051
2855,19,83,363226,128,0.5627747774124146,0.5627747774124146,1.0129203796386719,0.0005,61.89497184753418
2856,19,84,363354,128,0.9682083129882812,0.9682083129882812,0.8811076283454895,0.0005,61.91301202774048
2857,19,85,363482,128,0.5312025547027588,0.5312025547027588,0.9820237755775452,0.0005,61.93086266517639
2858,19,86,363610,128,0.9332524538040161,0.9332524538040161,1.4311782121658325,0.0005,61.9485239982605
2859,19,87,363738,128,0.577418863773346,0.577418863773346,0.9836319088935852,0.0005,61.96581292152405
2860,19,88,363866,128,0.8457037210464478,0.8457037210464478,1.0244085788726807,0.0005,61.983559131622314
2861,19,89,363994,128,0.7918764352798462,0.7918764352798462,1.4657310247421265,0.0005,62.00112819671631
2862,19,90,364122,128,0.7375641465187073,0.7375641465187073,0.9292814135551453,0.0005,62.018924951553345
2863,19,91,364250,128,0.728261411190033,0.728261411190033,1.1096081733703613,0.0005,62.03652286529541
2864,19,92,364378,128,0.7123432159423828,0.7123432159423828,1.0015950202941895,0.0005,62.0542778968811
2865,19,93,364506,128,0.6769363880157471,0.6769363880157471,0.9691333174705505,0.0005,62.07236099243164
2866,19,94,364634,128,0.5282785296440125,0.5282785296440125,1.150198221206665,0.0005,62.09001302719116
2867,19,95,364762,128,0.8321263790130615,0.8321263790130615,1.1547551155090332,0.0005,62.10763669013977
2868,19,96,364890,128,0.6340158581733704,0.6340158581733704,0.8282293677330017,0.0005,62.125712394714355
2869,19,97,365018,128,0.6115880012512207,0.6115880012512207,1.103400468826294,0.0005,62.143500566482544
2870,19,98,365146,128,0.7936587929725647,0.7936587929725647,1.0260323286056519,0.0005,62.16120529174805
2871,19,99,365274,128,0.7632867097854614,0.7632867097854614,0.9038517475128174,0.0005,62.178659439086914
2872,19,100,365402,128,0.497754842042923,0.497754842042923,1.1243634223937988,0.0005,62.19674301147461
2873,19,101,365530,128,0.9488735198974609,0.9488735198974609,0.7694559097290039,0.0005,62.21442151069641
2874,19,102,365658,128,0.6474344730377197,0.6474344730377197,1.1213338375091553,0.0005,62.23193860054016
2875,19,103,365786,128,0.669583261013031,0.669583261013031,1.2133766412734985,0.0005,62.25072932243347
2876,19,104,365914,128,0.7999267578125,0.7999267578125,1.2669631242752075,0.0005,62.27641582489014
2877,19,105,366042,128,0.7177682518959045,0.7177682518959045,1.0160385370254517,0.0005,62.293818950653076
2878,19,106,366170,128,0.6806790828704834,0.6806790828704834,0.8276323080062866,0.0005,62.310975551605225
2879,19,107,366298,128,0.5664010643959045,0.5664010643959045,1.2348906993865967,0.0005,62.32869577407837
2880,19,108,366426,128,0.7351917028427124,0.7351917028427124,1.112011432647705,0.0005,62.346200942993164
2881,19,109,366554,128,0.903279721736908,0.903279721736908,1.1845015287399292,0.0005,62.363789081573486
2882,19,110,366682,128,0.6832118630409241,0.6832118630409241,0.8124595284461975,0.0005,62.38169860839844
2883,19,111,366810,128,0.5795318484306335,0.5795318484306335,0.8336560130119324,0.0005,62.399474143981934
2884,19,112,366938,128,1.0087664127349854,1.0087664127349854,1.233283281326294,0.0005,62.41714286804199
2885,19,113,367066,128,0.7967182993888855,0.7967182993888855,0.7672245502471924,0.0005,62.435120582580566
2886,19,114,367194,128,0.5530652403831482,0.5530652403831482,0.8989245891571045,0.0005,62.453092098236084
2887,19,115,367322,128,0.7334601283073425,0.7334601283073425,1.02333402633667,0.0005,62.47089767456055
2888,19,116,367450,128,0.6961987018585205,0.6961987018585205,0.890367865562439,0.0005,62.48862147331238
2889,19,117,367578,128,0.7583240866661072,0.7583240866661072,0.8252323269844055,0.0005,62.50640416145325
2890,19,118,367706,128,0.7862619757652283,0.7862619757652283,1.254395604133606,0.0005,62.524251222610474
2891,19,119,367834,128,0.6644111275672913,0.6644111275672913,1.1727986335754395,0.0005,62.54217267036438
2892,19,120,367962,128,0.8236143589019775,0.8236143589019775,0.8034005761146545,0.0005,62.56000065803528
2893,19,121,368090,128,0.796148955821991,0.796148955821991,1.506500482559204,0.0005,62.57791447639465
2894,19,122,368218,128,0.637057363986969,0.637057363986969,0.7814844846725464,0.0005,62.59592151641846
2895,19,123,368346,128,0.34440597891807556,0.34440597891807556,1.3694831132888794,0.0005,62.613593101501465
2896,19,124,368474,128,0.6605247259140015,0.6605247259140015,1.3474105596542358,0.0005,62.63127779960632
2897,19,125,368602,128,0.4838593900203705,0.4838593900203705,0.9532214403152466,0.0005,62.649391889572144
2898,19,126,368730,128,0.777490496635437,0.777490496635437,1.175195574760437,0.0005,62.666985511779785
2899,19,127,368858,128,0.6259188055992126,0.6259188055992126,1.465455174446106,0.0005,62.68434286117554
2900,19,128,368986,128,0.6387743949890137,0.6387743949890137,0.9079807996749878,0.0005,62.701658964157104
2901,19,129,369114,128,0.9825867414474487,0.9825867414474487,1.497489094734192,0.0005,62.71928858757019
2902,19,130,369242,128,0.6809674501419067,0.6809674501419067,1.0446226596832275,0.0005,62.73664402961731
2903,19,131,369370,128,0.7490061521530151,0.7490061521530151,0.9876688718795776,0.0005,62.753989934921265
2904,19,132,369498,128,0.7113825678825378,0.7113825678825378,1.221673607826233,0.0005,62.771183013916016
2905,19,133,369626,128,0.6746248602867126,0.6746248602867126,1.0021216869354248,0.0005,62.78894853591919
2906,19,134,369754,128,1.0026154518127441,1.0026154518127441,1.219565510749817,0.0005,62.806612491607666
2907,19,135,369882,128,0.6951899528503418,0.6951899528503418,1.2105722427368164,0.0005,62.82438325881958
2908,19,136,370010,128,0.7517966032028198,0.7517966032028198,1.5698696374893188,0.0005,62.841952323913574
2909,19,137,370138,128,0.6461309790611267,0.6461309790611267,1.0582029819488525,0.0005,62.85973501205444
2910,19,138,370266,128,0.7472216486930847,0.7472216486930847,1.0294817686080933,0.0005,62.877386808395386
2911,19,139,370394,128,0.711542010307312,0.711542010307312,1.1904281377792358,0.0005,62.89560914039612
2912,19,140,370522,128,0.9008455276489258,0.9008455276489258,0.7535149455070496,0.0005,62.91325354576111
2913,19,141,370650,128,0.764072835445404,0.764072835445404,0.9583715796470642,0.0005,62.93139100074768
2914,19,142,370778,128,0.5899062156677246,0.5899062156677246,1.2803336381912231,0.0005,62.94869613647461
2915,19,143,370906,128,0.7290774583816528,0.7290774583816528,1.0469163656234741,0.0005,62.96629595756531
2916,19,144,371034,128,0.6616039276123047,0.6616039276123047,0.9048068523406982,0.0005,62.983566761016846
2917,19,145,371162,128,0.6918203830718994,0.6918203830718994,0.985033392906189,0.0005,63.00130748748779
2918,19,146,371290,128,0.6334191560745239,0.6334191560745239,1.1576603651046753,0.0005,63.018627643585205
2919,19,147,371418,128,0.7576186060905457,0.7576186060905457,0.6680681109428406,0.0005,63.036054611206055
2920,19,148,371546,128,0.6926394701004028,0.6926394701004028,1.2894293069839478,0.0005,63.05430006980896
2921,19,149,371674,128,0.7665218710899353,0.7665218710899353,1.0192335844039917,0.0005,63.072203397750854
2922,19,150,371802,128,0.6390492916107178,0.6390492916107178,1.0478551387786865,0.0005,63.08993363380432
2923,19,151,371930,128,0.741758406162262,0.741758406162262,1.2600901126861572,0.0005,63.107725381851196
2924,19,152,372058,128,0.5799784660339355,0.5799784660339355,1.1474577188491821,0.0005,63.12562704086304
2925,19,153,372186,128,0.6848267912864685,0.6848267912864685,0.9075005054473877,0.0005,63.14334535598755
2926,19,154,372191,5,1.1393886804580688,1.1393886804580688,0.5066438913345337,0.0005,63.14611029624939
2927,20,1,372319,128,0.5542467832565308,0.5542467832565308,1.1240043640136719,0.0005,63.83554124832153
2928,20,2,372447,128,0.8949631452560425,0.8949631452560425,0.9913764595985413,0.0005,63.853522062301636
2929,20,3,372575,128,0.6810306310653687,0.6810306310653687,1.0976849794387817,0.0005,63.87126350402832
2930,20,4,372703,128,0.8065093159675598,0.8065093159675598,1.107704520225525,0.0005,63.888888120651245
2931,20,5,372831,128,1.0909008979797363,1.0909008979797363,1.0949355363845825,0.0005,63.90687394142151
2932,20,6,372959,128,0.8726584911346436,0.8726584911346436,1.0902905464172363,0.0005,63.92521095275879
2933,20,7,373087,128,0.6301586031913757,0.6301586031913757,0.8888567090034485,0.0005,63.94302582740784
2934,20,8,373215,128,0.6868807673454285,0.6868807673454285,1.3209112882614136,0.0005,63.96059560775757
2935,20,9,373343,128,0.8372515439987183,0.8372515439987183,1.8052409887313843,0.0005,63.97848439216614
2936,20,10,373471,128,0.8080169558525085,0.8080169558525085,0.9841763377189636,0.0005,63.996596574783325
2937,20,11,373599,128,0.6838095784187317,0.6838095784187317,0.9795693159103394,0.0005,64.01431369781494
2938,20,12,373727,128,0.4834461212158203,0.4834461212158203,0.9527158737182617,0.0005,64.03204584121704
2939,20,13,373855,128,0.6709148287773132,0.6709148287773132,1.1522670984268188,0.0005,64.0497305393219
2940,20,14,373983,128,0.6969627737998962,0.6969627737998962,0.9804977774620056,0.0005,64.06755304336548
2941,20,15,374111,128,0.6780551075935364,0.6780551075935364,1.0858832597732544,0.0005,64.0853681564331
2942,20,16,374239,128,0.6562286019325256,0.6562286019325256,1.0250873565673828,0.0005,64.10305404663086
2943,20,17,374367,128,0.5733688473701477,0.5733688473701477,1.5129084587097168,0.0005,64.12072968482971
2944,20,18,374495,128,0.8631295561790466,0.8631295561790466,1.0862351655960083,0.0005,64.13847184181213
2945,20,19,374623,128,0.5349748134613037,0.5349748134613037,1.267812967300415,0.0005,64.15630221366882
2946,20,20,374751,128,0.6372430920600891,0.6372430920600891,0.9193296432495117,0.0005,64.17371344566345
2947,20,21,374879,128,0.6888740658760071,0.6888740658760071,0.7804968357086182,0.0005,64.19160151481628
2948,20,22,375007,128,0.6912768483161926,0.6912768483161926,1.167060375213623,0.0005,64.20926976203918
2949,20,23,375135,128,0.5263603925704956,0.5263603925704956,0.9847699403762817,0.0005,64.22691702842712
2950,20,24,375263,128,0.7090486884117126,0.7090486884117126,1.2805131673812866,0.0005,64.24446439743042
2951,20,25,375391,128,1.0778396129608154,1.0778396129608154,1.1057326793670654,0.0005,64.2628526687622
2952,20,26,375519,128,0.7980087399482727,0.7980087399482727,0.9391093254089355,0.0005,64.28047704696655
2953,20,27,375647,128,0.6142624020576477,0.6142624020576477,1.089350938796997,0.0005,64.29809212684631
2954,20,28,375775,128,0.7838476300239563,0.7838476300239563,0.9635459780693054,0.0005,64.31563472747803
2955,20,29,375903,128,0.9189092516899109,0.9189092516899109,1.1452614068984985,0.0005,64.33368396759033
2956,20,30,376031,128,0.5287966132164001,0.5287966132164001,0.8674947023391724,0.0005,64.35145711898804
2957,20,31,376159,128,0.5468183159828186,0.5468183159828186,0.9522062540054321,0.0005,64.36962127685547
2958,20,32,376287,128,0.9148977398872375,0.9148977398872375,1.6560885906219482,0.0005,64.38751244544983
2959,20,33,376415,128,0.7221787571907043,0.7221787571907043,0.9961154460906982,0.0005,64.40515899658203
2960,20,34,376543,128,0.6090675592422485,0.6090675592422485,1.063385248184204,0.0005,64.42263746261597
2961,20,35,376671,128,0.5987013578414917,0.5987013578414917,1.2553174495697021,0.0005,64.44031810760498
2962,20,36,376799,128,0.8583225011825562,0.8583225011825562,0.8592946529388428,0.0005,64.45851635932922
2963,20,37,376927,128,0.7128497958183289,0.7128497958183289,1.1855711936950684,0.0005,64.47644925117493
2964,20,38,377055,128,0.5867146253585815,0.5867146253585815,0.895632266998291,0.0005,64.4943494796753
2965,20,39,377183,128,0.5506006479263306,0.5506006479263306,1.0530927181243896,0.0005,64.51217865943909
2966,20,40,377311,128,0.5836189389228821,0.5836189389228821,1.0767524242401123,0.0005,64.53012490272522
2967,20,41,377439,128,0.7275810241699219,0.7275810241699219,0.9063690304756165,0.0005,64.54788661003113
2968,20,42,377567,128,0.7390450239181519,0.7390450239181519,1.292764663696289,0.0005,64.56562495231628
2969,20,43,377695,128,0.6805306673049927,0.6805306673049927,1.0598552227020264,0.0005,64.58364629745483
2970,20,44,377823,128,0.8081480860710144,0.8081480860710144,0.860643744468689,0.0005,64.6019492149353
2971,20,45,377951,128,0.5481163859367371,0.5481163859367371,1.0047523975372314,0.0005,64.61980652809143
2972,20,46,378079,128,0.6571062803268433,0.6571062803268433,1.1240657567977905,0.0005,64.63778758049011
2973,20,47,378207,128,0.5023947954177856,0.5023947954177856,0.8900390863418579,0.0005,64.65590310096741
2974,20,48,378335,128,0.7278239130973816,0.7278239130973816,0.707520067691803,0.0005,64.67400050163269
2975,20,49,378463,128,0.6165598630905151,0.6165598630905151,1.0056276321411133,0.0005,64.69199180603027
2976,20,50,378591,128,0.7915677428245544,0.7915677428245544,1.156274676322937,0.0005,64.7098000049591
2977,20,51,378719,128,0.7394698858261108,0.7394698858261108,1.076591968536377,0.0005,64.7279622554779
2978,20,52,378847,128,0.7018650770187378,0.7018650770187378,1.323772668838501,0.0005,64.74574303627014
2979,20,53,378975,128,0.9552907347679138,0.9552907347679138,1.1115983724594116,0.0005,64.76371169090271
2980,20,54,379103,128,0.6499523520469666,0.6499523520469666,1.582350492477417,0.0005,64.78143191337585
2981,20,55,379231,128,0.7991359829902649,0.7991359829902649,0.9306549429893494,0.0005,64.80018734931946
2982,20,56,379359,128,0.6846237182617188,0.6846237182617188,1.1230387687683105,0.0005,64.81836581230164
2983,20,57,379487,128,0.5170242786407471,0.5170242786407471,1.2262794971466064,0.0005,64.83634424209595
2984,20,58,379615,128,0.5486803650856018,0.5486803650856018,1.2670228481292725,0.0005,64.85446977615356
2985,20,59,379743,128,0.4862017035484314,0.4862017035484314,0.9890556335449219,0.0005,64.87248849868774
2986,20,60,379871,128,0.43760576844215393,0.43760576844215393,0.826769232749939,0.0005,64.89058566093445
2987,20,61,379999,128,0.6307052969932556,0.6307052969932556,1.1970337629318237,0.0005,64.90862607955933
2988,20,62,380127,128,0.867577314376831,0.867577314376831,0.8085084557533264,0.0005,64.92681956291199
2989,20,63,380255,128,1.061942219734192,1.061942219734192,0.8341470956802368,0.0005,64.94467067718506
2990,20,64,380383,128,0.6872687935829163,0.6872687935829163,1.3711707592010498,0.0005,64.96248602867126
2991,20,65,380511,128,0.628483772277832,0.628483772277832,1.0379921197891235,0.0005,64.98019027709961
2992,20,66,380639,128,0.5362557768821716,0.5362557768821716,1.1641579866409302,0.0005,64.99806618690491
2993,20,67,380767,128,0.6539294123649597,0.6539294123649597,1.3123416900634766,0.0005,65.01601243019104
2994,20,68,380895,128,0.8193743824958801,0.8193743824958801,1.1706303358078003,0.0005,65.03405165672302
2995,20,69,381023,128,0.8498059511184692,0.8498059511184692,1.0934289693832397,0.0005,65.05177903175354
2996,20,70,381151,128,0.5868822932243347,0.5868822932243347,1.4586652517318726,0.0005,65.0700626373291
2997,20,71,381279,128,0.6463856101036072,0.6463856101036072,1.1064927577972412,0.0005,65.08769965171814
2998,20,72,381407,128,0.7850124835968018,0.7850124835968018,0.9291266202926636,0.0005,65.10533213615417
2999,20,73,381535,128,0.7755316495895386,0.7755316495895386,1.038992166519165,0.0005,65.1236264705658
3000,20,74,381663,128,0.7248774766921997,0.7248774766921997,1.1781795024871826,0.0005,65.14127254486084
3001,20,75,381791,128,0.696492075920105,0.696492075920105,0.9659712910652161,0.0005,65.15885996818542
3002,20,76,381919,128,0.5384913086891174,0.5384913086891174,0.8410747051239014,0.0005,65.17653489112854
3003,20,77,382047,128,0.713008463382721,0.713008463382721,1.144975185394287,0.0005,65.1948173046112
3004,20,78,382175,128,0.8016741871833801,0.8016741871833801,1.2742494344711304,0.0005,65.21242642402649
3005,20,79,382303,128,1.0277111530303955,1.0277111530303955,0.9991748332977295,0.0005,65.23010921478271
3006,20,80,382431,128,0.7942224740982056,0.7942224740982056,0.837742269039154,0.0005,65.24769878387451
3007,20,81,382559,128,0.7756944298744202,0.7756944298744202,0.9438611268997192,0.0005,65.26583170890808
3008,20,82,382687,128,0.8125171661376953,0.8125171661376953,1.1750952005386353,0.0005,65.28381204605103
3009,20,83,382815,128,0.6348406672477722,0.6348406672477722,0.7958913445472717,0.0005,65.3015820980072
3010,20,84,382943,128,0.6664464473724365,0.6664464473724365,1.1441961526870728,0.0005,65.31924772262573
3011,20,85,383071,128,0.9333881735801697,0.9333881735801697,0.9643374085426331,0.0005,65.3371946811676
3012,20,86,383199,128,0.756328284740448,0.756328284740448,1.2587593793869019,0.0005,65.35492610931396
3013,20,87,383327,128,0.6887241005897522,0.6887241005897522,1.0223803520202637,0.0005,65.37260556221008
3014,20,88,383455,128,0.8953822255134583,0.8953822255134583,0.9366538524627686,0.0005,65.39063501358032
3015,20,89,383583,128,0.5429549813270569,0.5429549813270569,0.8073315620422363,0.0005,65.40838623046875
3016,20,90,383711,128,0.3658013939857483,0.3658013939857483,1.012546181678772,0.0005,65.42612624168396
3017,20,91,383839,128,0.5393259525299072,0.5393259525299072,0.8210468292236328,0.0005,65.44359278678894
3018,20,92,383967,128,0.9853407144546509,0.9853407144546509,1.3285118341445923,0.0005,65.46185898780823
3019,20,93,384095,128,0.7931078672409058,0.7931078672409058,1.060808539390564,0.0005,65.47979307174683
3020,20,94,384223,128,0.7168638706207275,0.7168638706207275,1.1111454963684082,0.0005,65.49765634536743
3021,20,95,384351,128,0.62473064661026,0.62473064661026,0.9836024045944214,0.0005,65.51535391807556
3022,20,96,384479,128,0.6556185483932495,0.6556185483932495,1.2569254636764526,0.0005,65.53329539299011
3023,20,97,384607,128,0.6382097601890564,0.6382097601890564,0.9857871532440186,0.0005,65.55136227607727
3024,20,98,384735,128,0.8286341428756714,0.8286341428756714,1.278277039527893,0.0005,65.56896758079529
3025,20,99,384863,128,0.8131069540977478,0.8131069540977478,1.296605110168457,0.0005,65.58668923377991
3026,20,100,384991,128,0.8202929496765137,0.8202929496765137,1.303995132446289,0.0005,65.6046929359436
3027,20,101,385119,128,0.7309344410896301,0.7309344410896301,1.0622756481170654,0.0005,65.6222493648529
3028,20,102,385247,128,0.7450610995292664,0.7450610995292664,0.7867241501808167,0.0005,65.6394910812378
3029,20,103,385375,128,0.8231077194213867,0.8231077194213867,1.1570390462875366,0.0005,65.6573576927185
3030,20,104,385503,128,0.6797598004341125,0.6797598004341125,1.2030967473983765,0.0005,65.67514753341675
3031,20,105,385631,128,0.6550410985946655,0.6550410985946655,0.7625903487205505,0.0005,65.69290041923523
3032,20,106,385759,128,0.6645625233650208,0.6645625233650208,1.167191743850708,0.0005,65.71069526672363
3033,20,107,385887,128,0.7212350964546204,0.7212350964546204,1.2773581743240356,0.0005,65.72893238067627
3034,20,108,386015,128,0.7997660636901855,0.7997660636901855,1.1394089460372925,0.0005,65.74662828445435
3035,20,109,386143,128,0.6876943707466125,0.6876943707466125,0.9234594702720642,0.0005,65.76425528526306
3036,20,110,386271,128,0.5742756128311157,0.5742756128311157,0.798113226890564,0.0005,65.78194499015808
3037,20,111,386399,128,0.7359027862548828,0.7359027862548828,0.8709819912910461,0.0005,65.79998469352722
3038,20,112,386527,128,0.7011357545852661,0.7011357545852661,1.013068437576294,0.0005,65.81796622276306
3039,20,113,386655,128,0.5250257849693298,0.5250257849693298,1.214741826057434,0.0005,65.83568263053894
3040,20,114,386783,128,0.5768136978149414,0.5768136978149414,1.1788729429244995,0.0005,65.85356211662292
3041,20,115,386911,128,0.6384497880935669,0.6384497880935669,1.026203989982605,0.0005,65.87163734436035
3042,20,116,387039,128,0.5959874391555786,0.5959874391555786,1.1452614068984985,0.0005,65.8894248008728
3043,20,117,387167,128,0.7588992714881897,0.7588992714881897,1.1041876077651978,0.0005,65.90734815597534
3044,20,118,387295,128,0.8629502654075623,0.8629502654075623,0.8845698237419128,0.0005,65.92547512054443
3045,20,119,387423,128,0.5700929760932922,0.5700929760932922,1.2409955263137817,0.0005,65.94339442253113
3046,20,120,387551,128,0.5823004245758057,0.5823004245758057,1.326582670211792,0.0005,65.96085286140442
3047,20,121,387679,128,0.6378951072692871,0.6378951072692871,0.8652894496917725,0.0005,65.9786159992218
3048,20,122,387807,128,0.5107870101928711,0.5107870101928711,0.9629405736923218,0.0005,65.99690866470337
3049,20,123,387935,128,0.6553612351417542,0.6553612351417542,1.315657377243042,0.0005,66.0142457485199
3050,20,124,388063,128,0.6801876425743103,0.6801876425743103,1.048926591873169,0.0005,66.03166508674622
3051,20,125,388191,128,0.6013214588165283,0.6013214588165283,1.1113810539245605,0.0005,66.04927086830139
3052,20,126,388319,128,0.7169182896614075,0.7169182896614075,0.9884094595909119,0.0005,66.06730532646179
3053,20,127,388447,128,0.7077786922454834,0.7077786922454834,1.0713543891906738,0.0005,66.08509302139282
3054,20,128,388575,128,0.8452094793319702,0.8452094793319702,0.8951357007026672,0.0005,66.1027262210846
3055,20,129,388703,128,0.7912425994873047,0.7912425994873047,0.8066446781158447,0.0005,66.12034726142883
3056,20,130,388831,128,0.45213672518730164,0.45213672518730164,1.1004935503005981,0.0005,66.13880562782288
3057,20,131,388959,128,0.6488572359085083,0.6488572359085083,1.1366779804229736,0.0005,66.15642952919006
3058,20,132,389087,128,0.6640118956565857,0.6640118956565857,0.9931691884994507,0.0005,66.17382740974426
3059,20,133,389215,128,0.7204052805900574,0.7204052805900574,1.032118797302246,0.0005,66.19178342819214
3060,20,134,389343,128,0.6270970106124878,0.6270970106124878,1.508017659187317,0.0005,66.20950698852539
3061,20,135,389471,128,0.7586512565612793,0.7586512565612793,1.3889784812927246,0.0005,66.22706413269043
3062,20,136,389599,128,0.8165553212165833,0.8165553212165833,0.9306411147117615,0.0005,66.24455165863037
3063,20,137,389727,128,0.6429504752159119,0.6429504752159119,1.2921384572982788,0.0005,66.26225519180298
3064,20,138,389855,128,0.7122155427932739,0.7122155427932739,0.8800555467605591,0.0005,66.27977252006531
3065,20,139,389983,128,1.0142697095870972,1.0142697095870972,1.6389977931976318,0.0005,66.29741764068604
3066,20,140,390111,128,0.7797383069992065,0.7797383069992065,1.3033325672149658,0.0005,66.31495714187622
3067,20,141,390239,128,0.8490105271339417,0.8490105271339417,0.9912025332450867,0.0005,66.33266711235046
3068,20,142,390367,128,0.6214277148246765,0.6214277148246765,0.8717014789581299,0.0005,66.35000252723694
3069,20,143,390495,128,0.5522875189781189,0.5522875189781189,1.3226064443588257,0.0005,66.36759972572327
3070,20,144,390623,128,0.6989893317222595,0.6989893317222595,0.9657690525054932,0.0005,66.3851215839386
3071,20,145,390751,128,0.7801531553268433,0.7801531553268433,1.6451903581619263,0.0005,66.40328311920166
3072,20,146,390879,128,0.7256969809532166,0.7256969809532166,0.9773946404457092,0.0005,66.42097282409668
3073,20,147,391007,128,0.6834222078323364,0.6834222078323364,1.6322121620178223,0.0005,66.43863773345947
3074,20,148,391135,128,0.4969837963581085,0.4969837963581085,0.9042375087738037,0.0005,66.45601058006287
3075,20,149,391263,128,0.4511968791484833,0.4511968791484833,0.8237026929855347,0.0005,66.47371816635132
3076,20,150,391391,128,0.7933544516563416,0.7933544516563416,0.9341959953308105,0.0005,66.49107074737549
3077,20,151,391519,128,0.8057641983032227,0.8057641983032227,1.2749160528182983,0.0005,66.50839972496033
3078,20,152,391647,128,0.8113746643066406,0.8113746643066406,1.0675448179244995,0.0005,66.52609610557556
3079,20,153,391775,128,0.8207850456237793,0.8207850456237793,0.9360833764076233,0.0005,66.54381942749023
3080,20,154,391780,5,0.365774542093277,0.365774542093277,0.6846269369125366,0.0005,66.546466588974
3081,21,1,391908,128,0.6184620261192322,0.6184620261192322,0.9233968257904053,0.0005,67.23637676239014
3082,21,2,392036,128,0.6477620005607605,0.6477620005607605,1.0574791431427002,0.0005,67.2537772655487
3083,21,3,392164,128,0.6223145723342896,0.6223145723342896,1.3000189065933228,0.0005,67.27123022079468
3084,21,4,392292,128,0.6111263036727905,0.6111263036727905,1.2256224155426025,0.0005,67.28831958770752
3085,21,5,392420,128,0.6798913478851318,0.6798913478851318,1.4408475160598755,0.0005,67.3054506778717
3086,21,6,392548,128,0.5871439576148987,0.5871439576148987,0.8856472969055176,0.0005,67.32268142700195
3087,21,7,392676,128,0.9330593943595886,0.9330593943595886,1.1802399158477783,0.0005,67.34058332443237
3088,21,8,392804,128,0.7786064147949219,0.7786064147949219,1.2003369331359863,0.0005,67.35806798934937
3089,21,9,392932,128,0.7757365107536316,0.7757365107536316,1.526696801185608,0.0005,67.37566471099854
3090,21,10,393060,128,0.5764220952987671,0.5764220952987671,0.9820000529289246,0.0005,67.39311957359314
3091,21,11,393188,128,0.5109398365020752,0.5109398365020752,1.0921612977981567,0.0005,67.41065740585327
3092,21,12,393316,128,0.5814738869667053,0.5814738869667053,0.8994793891906738,0.0005,67.42816686630249
3093,21,13,393444,128,0.6652432680130005,0.6652432680130005,1.0625439882278442,0.0005,67.44569206237793
3094,21,14,393572,128,0.5525767207145691,0.5525767207145691,1.1994858980178833,0.0005,67.46351504325867
3095,21,15,393700,128,0.5479798913002014,0.5479798913002014,0.9014965891838074,0.0005,67.48094749450684
3096,21,16,393828,128,0.6346290707588196,0.6346290707588196,0.8826559782028198,0.0005,67.49813890457153
3097,21,17,393956,128,0.41086503863334656,0.41086503863334656,0.9611653685569763,0.0005,67.51575970649719
3098,21,18,394084,128,0.5805323123931885,0.5805323123931885,1.1058481931686401,0.0005,67.53388929367065
3099,21,19,394212,128,0.9402413964271545,0.9402413964271545,1.051133394241333,0.0005,67.55148792266846
3100,21,20,394340,128,0.690702497959137,0.690702497959137,1.5313377380371094,0.0005,67.56864666938782
3101,21,21,394468,128,0.6519044637680054,0.6519044637680054,1.209051489830017,0.0005,67.58614230155945
3102,21,22,394596,128,0.9437446594238281,0.9437446594238281,0.7771109938621521,0.0005,67.60396480560303
3103,21,23,394724,128,0.6114286780357361,0.6114286780357361,1.4578441381454468,0.0005,67.62145400047302
3104,21,24,394852,128,0.7076533436775208,0.7076533436775208,0.7563607096672058,0.0005,67.63873219490051
3105,21,25,394980,128,0.5803707242012024,0.5803707242012024,1.5240198373794556,0.0005,67.65624952316284
3106,21,26,395108,128,0.7446275353431702,0.7446275353431702,0.8888955116271973,0.0005,67.67403388023376
3107,21,27,395236,128,0.8736531138420105,0.8736531138420105,1.2699145078659058,0.0005,67.69127774238586
3108,21,28,395364,128,0.6703434586524963,0.6703434586524963,1.2390395402908325,0.0005,67.70858311653137
3109,21,29,395492,128,0.8196418285369873,0.8196418285369873,1.1507855653762817,0.0005,67.72578120231628
3110,21,30,395620,128,0.5555199980735779,0.5555199980735779,0.8043361902236938,0.0005,67.74350690841675
3111,21,31,395748,128,0.6368616223335266,0.6368616223335266,0.9509648084640503,0.0005,67.76104068756104
3112,21,32,395876,128,0.7084823250770569,0.7084823250770569,1.0112111568450928,0.0005,67.77824449539185
3113,21,33,396004,128,0.624937891960144,0.624937891960144,0.7428005337715149,0.0005,67.79590511322021
3114,21,34,396132,128,0.9237706065177917,0.9237706065177917,0.7668533325195312,0.0005,67.81341624259949
3115,21,35,396260,128,0.8029614090919495,0.8029614090919495,1.059531807899475,0.0005,67.83066916465759
3116,21,36,396388,128,0.4633846879005432,0.4633846879005432,1.0548985004425049,0.0005,67.8481273651123
3117,21,37,396516,128,0.836074948310852,0.836074948310852,0.9620290398597717,0.0005,67.86594462394714
3118,21,38,396644,128,0.3992597162723541,0.3992597162723541,1.1038249731063843,0.0005,67.88331747055054
3119,21,39,396772,128,0.8257433772087097,0.8257433772087097,0.68259197473526,0.0005,67.90075778961182
3120,21,40,396900,128,0.7593713402748108,0.7593713402748108,1.2051279544830322,0.0005,67.91799092292786
3121,21,41,397028,128,0.9162255525588989,0.9162255525588989,1.0456347465515137,0.0005,67.9359278678894
3122,21,42,397156,128,0.5156425833702087,0.5156425833702087,0.9578749537467957,0.0005,67.95347547531128
3123,21,43,397284,128,0.5508064031600952,0.5508064031600952,1.4532601833343506,0.0005,67.97068119049072
3124,21,44,397412,128,0.5190935134887695,0.5190935134887695,0.9637351632118225,0.0005,67.98794937133789
3125,21,45,397540,128,0.5878284573554993,0.5878284573554993,1.0955328941345215,0.0005,68.00560164451599
3126,21,46,397668,128,0.9189996123313904,0.9189996123313904,1.0370088815689087,0.0005,68.02294969558716
3127,21,47,397796,128,0.5710009932518005,0.5710009932518005,1.0110121965408325,0.0005,68.04011940956116
3128,21,48,397924,128,0.7237489223480225,0.7237489223480225,0.7949832081794739,0.0005,68.05722498893738
3129,21,49,398052,128,0.6281408667564392,0.6281408667564392,0.9905776381492615,0.0005,68.07506847381592
3130,21,50,398180,128,0.6762906312942505,0.6762906312942505,0.9260336756706238,0.0005,68.0923080444336
3131,21,51,398308,128,0.7388500571250916,0.7388500571250916,1.270606517791748,0.0005,68.1096019744873
3132,21,52,398436,128,0.6219984889030457,0.6219984889030457,0.948931097984314,0.0005,68.126873254776
3133,21,53,398564,128,0.8447683453559875,0.8447683453559875,0.9195117354393005,0.0005,68.14453077316284
3134,21,54,398692,128,0.941473662853241,0.941473662853241,1.0232248306274414,0.0005,68.16189622879028
3135,21,55,398820,128,0.7952044010162354,0.7952044010162354,1.169237494468689,0.0005,68.17920351028442
3136,21,56,398948,128,0.8227325081825256,0.8227325081825256,1.157968521118164,0.0005,68.19664287567139
3137,21,57,399076,128,0.8330336809158325,0.8330336809158325,1.2837992906570435,0.0005,68.21409320831299
3138,21,58,399204,128,0.878119707107544,0.878119707107544,1.5265202522277832,0.0005,68.23153901100159
3139,21,59,399332,128,0.5578190684318542,0.5578190684318542,0.8446613550186157,0.0005,68.24914050102234
3140,21,60,399460,128,0.5665913820266724,0.5665913820266724,1.2595818042755127,0.0005,68.26673674583435
3141,21,61,399588,128,0.6303964257240295,0.6303964257240295,1.0581434965133667,0.0005,68.2845766544342
3142,21,62,399716,128,0.7109736204147339,0.7109736204147339,0.8738208413124084,0.0005,68.30313324928284
3143,21,63,399844,128,0.7440873384475708,0.7440873384475708,0.9769926071166992,0.0005,68.32217359542847
3144,21,64,399972,128,0.7042203545570374,0.7042203545570374,1.0426123142242432,0.0005,68.34013557434082
3145,21,65,400100,128,0.8026595115661621,0.8026595115661621,1.2133708000183105,0.0005,68.35783052444458
3146,21,66,400228,128,0.8503535985946655,0.8503535985946655,1.3349459171295166,0.0005,68.37564587593079
3147,21,67,400356,128,0.6111496686935425,0.6111496686935425,1.1236238479614258,0.0005,68.39320397377014
3148,21,68,400484,128,0.6893381476402283,0.6893381476402283,1.3078171014785767,0.0005,68.41130137443542
3149,21,69,400612,128,0.7367582321166992,0.7367582321166992,1.13246750831604,0.0005,68.42905974388123
3150,21,70,400740,128,0.675300121307373,0.675300121307373,0.8047821521759033,0.0005,68.44657731056213
3151,21,71,400868,128,0.7846964597702026,0.7846964597702026,1.5704370737075806,0.0005,68.4641854763031
3152,21,72,400996,128,0.6546592712402344,0.6546592712402344,1.7045154571533203,0.0005,68.48207974433899
3153,21,73,401124,128,0.813503623008728,0.813503623008728,1.4256328344345093,0.0005,68.49996209144592
3154,21,74,401252,128,1.0258240699768066,1.0258240699768066,1.3766366243362427,0.0005,68.51768374443054
3155,21,75,401380,128,0.726003885269165,0.726003885269165,1.218264102935791,0.0005,68.53575015068054
3156,21,76,401508,128,0.6097497940063477,0.6097497940063477,1.1334947347640991,0.0005,68.55348682403564
3157,21,77,401636,128,0.5879352688789368,0.5879352688789368,1.1681069135665894,0.0005,68.57111406326294
3158,21,78,401764,128,0.6394699215888977,0.6394699215888977,1.303800106048584,0.0005,68.58857798576355
3159,21,79,401892,128,0.6550121903419495,0.6550121903419495,0.9108768105506897,0.0005,68.60695219039917
3160,21,80,402020,128,0.7138538956642151,0.7138538956642151,0.9931535124778748,0.0005,68.62472629547119
3161,21,81,402148,128,0.9015792608261108,0.9015792608261108,1.040496826171875,0.0005,68.64236640930176
3162,21,82,402276,128,0.6539589762687683,0.6539589762687683,0.9738186597824097,0.0005,68.65965509414673
3163,21,83,402404,128,0.5041525959968567,0.5041525959968567,0.8407883048057556,0.0005,68.67759847640991
3164,21,84,402532,128,0.6829935908317566,0.6829935908317566,1.0843557119369507,0.0005,68.69533896446228
3165,21,85,402660,128,0.6404850482940674,0.6404850482940674,1.4115413427352905,0.0005,68.71286606788635
3166,21,86,402788,128,0.5903204679489136,0.5903204679489136,1.180241584777832,0.0005,68.73072838783264
3167,21,87,402916,128,1.1907122135162354,1.1907122135162354,0.9854710102081299,0.0005,68.7482967376709
3168,21,88,403044,128,0.8749927878379822,0.8749927878379822,1.2889721393585205,0.0005,68.76599264144897
3169,21,89,403172,128,0.642756998538971,0.642756998538971,1.4701802730560303,0.0005,68.78362345695496
3170,21,90,403300,128,0.8155686855316162,0.8155686855316162,1.1363558769226074,0.0005,68.80109977722168
3171,21,91,403428,128,0.44330480694770813,0.44330480694770813,0.88324373960495,0.0005,68.81844854354858
3172,21,92,403556,128,0.7042255997657776,0.7042255997657776,0.9013128876686096,0.0005,68.83584856987
3173,21,93,403684,128,0.8623402118682861,0.8623402118682861,1.0156537294387817,0.0005,68.853191614151
3174,21,94,403812,128,1.1122896671295166,1.1122896671295166,0.9281014204025269,0.0005,68.87078166007996
3175,21,95,403940,128,0.6316701173782349,0.6316701173782349,0.9627494812011719,0.0005,68.88836908340454
3176,21,96,404068,128,0.7716138362884521,0.7716138362884521,1.00559401512146,0.0005,68.90591049194336
3177,21,97,404196,128,0.8592818975448608,0.8592818975448608,1.4108787775039673,0.0005,68.92329430580139
3178,21,98,404324,128,0.8353865146636963,0.8353865146636963,0.9743735790252686,0.0005,68.94084787368774
3179,21,99,404452,128,0.7566705346107483,0.7566705346107483,1.0947867631912231,0.0005,68.9581229686737
3180,21,100,404580,128,0.6262929439544678,0.6262929439544678,0.9939282536506653,0.0005,68.97529578208923
3181,21,101,404708,128,0.8894187808036804,0.8894187808036804,1.082244873046875,0.0005,68.99267482757568
3182,21,102,404836,128,0.7127092480659485,0.7127092480659485,0.9368920922279358,0.0005,69.01032257080078
3183,21,103,404964,128,0.6272743344306946,0.6272743344306946,1.0487042665481567,0.0005,69.02783107757568
3184,21,104,405092,128,0.5617761611938477,0.5617761611938477,1.2231097221374512,0.0005,69.04518675804138
3185,21,105,405220,128,0.6375147104263306,0.6375147104263306,0.9786928296089172,0.0005,69.0625867843628
3186,21,106,405348,128,0.5519537329673767,0.5519537329673767,1.1127264499664307,0.0005,69.08036875724792
3187,21,107,405476,128,0.5524229407310486,0.5524229407310486,1.0556905269622803,0.0005,69.09758234024048
3188,21,108,405604,128,0.7338529825210571,0.7338529825210571,1.0933886766433716,0.0005,69.1148190498352
3189,21,109,405732,128,0.8199000358581543,0.8199000358581543,1.1147667169570923,0.0005,69.13217854499817
3190,21,110,405860,128,0.45513293147087097,0.45513293147087097,0.7652707695960999,0.0005,69.14968681335449
3191,21,111,405988,128,0.769647479057312,0.769647479057312,0.8681638836860657,0.0005,69.16706395149231
3192,21,112,406116,128,0.6135252714157104,0.6135252714157104,1.2030253410339355,0.0005,69.18442821502686
3193,21,113,406244,128,0.4300144612789154,0.4300144612789154,1.0881379842758179,0.0005,69.20193362236023
3194,21,114,406372,128,0.3726293742656708,0.3726293742656708,1.1079219579696655,0.0005,69.21925401687622
3195,21,115,406500,128,0.5875661373138428,0.5875661373138428,1.4207724332809448,0.0005,69.23691368103027
3196,21,116,406628,128,0.6424051523208618,0.6424051523208618,1.0287843942642212,0.0005,69.25523233413696
3197,21,117,406756,128,0.6358835101127625,0.6358835101127625,1.5365633964538574,0.0005,69.27305793762207
3198,21,118,406884,128,0.5802680253982544,0.5802680253982544,1.2409944534301758,0.0005,69.29042530059814
3199,21,119,407012,128,0.5400169491767883,0.5400169491767883,1.5239617824554443,0.0005,69.30783939361572
3200,21,120,407140,128,0.666874349117279,0.666874349117279,1.0406354665756226,0.0005,69.32496237754822
3201,21,121,407268,128,0.5677655339241028,0.5677655339241028,0.8867686986923218,0.0005,69.34304904937744
3202,21,122,407396,128,0.8617457151412964,0.8617457151412964,1.023260474205017,0.0005,69.36046195030212
3203,21,123,407524,128,0.5447198748588562,0.5447198748588562,0.9828217029571533,0.0005,69.37767720222473
3204,21,124,407652,128,0.8041723370552063,0.8041723370552063,1.2456941604614258,0.0005,69.39510083198547
3205,21,125,407780,128,0.5745623111724854,0.5745623111724854,1.2190861701965332,0.0005,69.41282987594604
3206,21,126,407908,128,0.6383165121078491,0.6383165121078491,0.8620327115058899,0.0005,69.42994093894958
3207,21,127,408036,128,0.6017752885818481,0.6017752885818481,1.2052271366119385,0.0005,69.44725728034973
3208,21,128,408164,128,0.5828191041946411,0.5828191041946411,1.186123251914978,0.0005,69.46458458900452
3209,21,129,408292,128,0.7847991585731506,0.7847991585731506,1.502684473991394,0.0005,69.48217225074768
3210,21,130,408420,128,0.656676173210144,0.656676173210144,0.9032023549079895,0.0005,69.49918293952942
3211,21,131,408548,128,0.6985295414924622,0.6985295414924622,0.9227808117866516,0.0005,69.51649308204651
3212,21,132,408676,128,0.688778817653656,0.688778817653656,0.9668020606040955,0.0005,69.53393173217773
3213,21,133,408804,128,0.7198551893234253,0.7198551893234253,1.255286693572998,0.0005,69.55156874656677
3214,21,134,408932,128,0.5731029510498047,0.5731029510498047,0.8588584661483765,0.0005,69.56891822814941
3215,21,135,409060,128,0.5929645895957947,0.5929645895957947,1.1262041330337524,0.0005,69.58606910705566
3216,21,136,409188,128,0.9044020175933838,0.9044020175933838,0.9843385815620422,0.0005,69.6042468547821
3217,21,137,409316,128,0.7214009165763855,0.7214009165763855,1.229702353477478,0.0005,69.6217393875122
3218,21,138,409444,128,0.8154546022415161,0.8154546022415161,0.8390318751335144,0.0005,69.63895583152771
3219,21,139,409572,128,0.8427321910858154,0.8427321910858154,0.8309073448181152,0.0005,69.65632462501526
3220,21,140,409700,128,0.6394158601760864,0.6394158601760864,1.0163336992263794,0.0005,69.67394828796387
3221,21,141,409828,128,0.6352832317352295,0.6352832317352295,0.8339946866035461,0.0005,69.6912910938263
3222,21,142,409956,128,0.589647650718689,0.589647650718689,0.9274667501449585,0.0005,69.70846676826477
3223,21,143,410084,128,0.6417487263679504,0.6417487263679504,0.9297847747802734,0.0005,69.72554421424866
3224,21,144,410212,128,0.9887226819992065,0.9887226819992065,0.7961819767951965,0.0005,69.74306058883667
3225,21,145,410340,128,0.5613665580749512,0.5613665580749512,0.9245725870132446,0.0005,69.76034426689148
3226,21,146,410468,128,0.7352066040039062,0.7352066040039062,1.0939267873764038,0.0005,69.77741122245789
3227,21,147,410596,128,0.7011545300483704,0.7011545300483704,1.108892798423767,0.0005,69.7944746017456
3228,21,148,410724,128,0.8367950916290283,0.8367950916290283,0.7266225218772888,0.0005,69.81213712692261
3229,21,149,410852,128,1.2628114223480225,1.2628114223480225,1.0715793371200562,0.0005,69.82959008216858
3230,21,150,410980,128,0.7121281027793884,0.7121281027793884,1.141319990158081,0.0005,69.84690237045288
3231,21,151,411108,128,0.7919349670410156,0.7919349670410156,1.2664854526519775,0.0005,69.86425638198853
3232,21,152,411236,128,0.5461323261260986,0.5461323261260986,0.7837391495704651,0.0005,69.8821280002594
3233,21,153,411364,128,0.634316086769104,0.634316086769104,1.319126844406128,0.0005,69.89970445632935
3234,21,154,411369,5,0.25612592697143555,0.25612592697143555,0.6045476198196411,0.0005,69.90244102478027
3235,22,1,411497,128,0.5716521143913269,0.5716521143913269,1.0146464109420776,0.0005,70.58109140396118
3236,22,2,411625,128,0.6952119469642639,0.6952119469642639,0.8751012086868286,0.0005,70.59889149665833
3237,22,3,411753,128,0.8009020090103149,0.8009020090103149,1.1149311065673828,0.0005,70.61711549758911
3238,22,4,411881,128,0.7339856028556824,0.7339856028556824,1.119496464729309,0.0005,70.63483190536499
3239,22,5,412009,128,0.8512491583824158,0.8512491583824158,1.0596191883087158,0.0005,70.65231084823608
3240,22,6,412137,128,0.9023736119270325,0.9023736119270325,1.175311803817749,0.0005,70.66968870162964
3241,22,7,412265,128,0.7936480641365051,0.7936480641365051,1.2166192531585693,0.0005,70.6870527267456
3242,22,8,412393,128,0.640217125415802,0.640217125415802,1.2741661071777344,0.0005,70.70427107810974
3243,22,9,412521,128,0.5999537706375122,0.5999537706375122,0.7773872017860413,0.0005,70.7216408252716
3244,22,10,412649,128,0.8749645948410034,0.8749645948410034,1.100342035293579,0.0005,70.73916339874268
3245,22,11,412777,128,0.7254557609558105,0.7254557609558105,1.382938265800476,0.0005,70.75630187988281
3246,22,12,412905,128,0.7204268574714661,0.7204268574714661,1.0224865674972534,0.0005,70.77352094650269
3247,22,13,413033,128,0.5444807410240173,0.5444807410240173,0.659899115562439,0.0005,70.7907772064209
3248,22,14,413161,128,0.6740981936454773,0.6740981936454773,1.3355249166488647,0.0005,70.80839586257935
3249,22,15,413289,128,0.7987241148948669,0.7987241148948669,0.8738912343978882,0.0005,70.82586073875427
3250,22,16,413417,128,0.687934935092926,0.687934935092926,1.3038440942764282,0.0005,70.84308123588562
3251,22,17,413545,128,0.5533044338226318,0.5533044338226318,0.9235691428184509,0.0005,70.86025977134705
3252,22,18,413673,128,0.5750124454498291,0.5750124454498291,1.207222580909729,0.0005,70.87773704528809
3253,22,19,413801,128,0.6839345693588257,0.6839345693588257,1.4368934631347656,0.0005,70.89690899848938
3254,22,20,413929,128,0.6297199130058289,0.6297199130058289,1.2745150327682495,0.0005,70.92081999778748
3255,22,21,414057,128,0.7630563378334045,0.7630563378334045,1.5330898761749268,0.0005,70.93889570236206
3256,22,22,414185,128,0.6759907603263855,0.6759907603263855,1.135153889656067,0.0005,70.9566502571106
3257,22,23,414313,128,0.5767272114753723,0.5767272114753723,0.7329590916633606,0.0005,70.97435855865479
3258,22,24,414441,128,0.8374596238136292,0.8374596238136292,1.047393798828125,0.0005,70.99208331108093
3259,22,25,414569,128,0.7581863403320312,0.7581863403320312,1.1358333826065063,0.0005,71.01039576530457
3260,22,26,414697,128,0.7169151902198792,0.7169151902198792,1.2285842895507812,0.0005,71.02803564071655
3261,22,27,414825,128,0.7104066014289856,0.7104066014289856,0.9832874536514282,0.0005,71.04570698738098
3262,22,28,414953,128,0.730080246925354,0.730080246925354,0.8860296607017517,0.0005,71.06353306770325
3263,22,29,415081,128,0.735844075679779,0.735844075679779,0.8672398328781128,0.0005,71.08163928985596
3264,22,30,415209,128,0.5615464448928833,0.5615464448928833,1.262376070022583,0.0005,71.09959769248962
3265,22,31,415337,128,0.6985810399055481,0.6985810399055481,1.0741225481033325,0.0005,71.1173141002655
3266,22,32,415465,128,0.6400929093360901,0.6400929093360901,0.9947613477706909,0.0005,71.13525581359863
3267,22,33,415593,128,0.8225798606872559,0.8225798606872559,1.1025676727294922,0.0005,71.1529176235199
3268,22,34,415721,128,0.7191372513771057,0.7191372513771057,1.1310200691223145,0.0005,71.17046189308167
3269,22,35,415849,128,0.9874907732009888,0.9874907732009888,1.0079315900802612,0.0005,71.18785214424133
3270,22,36,415977,128,0.5138170123100281,0.5138170123100281,1.2042920589447021,0.0005,71.20543599128723
3271,22,37,416105,128,0.4977029263973236,0.4977029263973236,1.1652774810791016,0.0005,71.22294545173645
3272,22,38,416233,128,0.40123096108436584,0.40123096108436584,1.075054407119751,0.0005,71.2403872013092
3273,22,39,416361,128,0.4294614791870117,0.4294614791870117,1.0252076387405396,0.0005,71.25790905952454
3274,22,40,416489,128,0.622309148311615,0.622309148311615,0.9797793626785278,0.0005,71.27585482597351
3275,22,41,416617,128,0.932251513004303,0.932251513004303,1.3613437414169312,0.0005,71.29319334030151
3276,22,42,416745,128,0.6579883694648743,0.6579883694648743,0.8925120234489441,0.0005,71.31049537658691
3277,22,43,416873,128,0.7949630618095398,0.7949630618095398,0.7365127801895142,0.0005,71.32803153991699
3278,22,44,417001,128,0.7268109917640686,0.7268109917640686,0.993474543094635,0.0005,71.34575772285461
3279,22,45,417129,128,0.4791688024997711,0.4791688024997711,1.0007853507995605,0.0005,71.36343264579773
3280,22,46,417257,128,0.7072457075119019,0.7072457075119019,0.7898163795471191,0.0005,71.38090515136719
3281,22,47,417385,128,1.0778189897537231,1.0778189897537231,1.2983824014663696,0.0005,71.39847230911255
3282,22,48,417513,128,0.74197918176651,0.74197918176651,1.1367019414901733,0.0005,71.41662240028381
3283,22,49,417641,128,1.2270923852920532,1.2270923852920532,0.9528239965438843,0.0005,71.43423199653625
3284,22,50,417769,128,0.8676464557647705,0.8676464557647705,1.1412091255187988,0.0005,71.45186591148376
3285,22,51,417897,128,0.740371584892273,0.740371584892273,1.2169499397277832,0.0005,71.46950840950012
3286,22,52,418025,128,0.4881381392478943,0.4881381392478943,1.5124766826629639,0.0005,71.48717522621155
3287,22,53,418153,128,0.6234163045883179,0.6234163045883179,1.2057255506515503,0.0005,71.50452995300293
3288,22,54,418281,128,0.68572598695755,0.68572598695755,1.0727152824401855,0.0005,71.52201271057129
3289,22,55,418409,128,0.6370959877967834,0.6370959877967834,0.9275652170181274,0.0005,71.53986310958862
3290,22,56,418537,128,0.6244659423828125,0.6244659423828125,1.1363881826400757,0.0005,71.55746459960938
3291,22,57,418665,128,0.4593852162361145,0.4593852162361145,1.4820866584777832,0.0005,71.57511186599731
3292,22,58,418793,128,0.6716940402984619,0.6716940402984619,1.0666989088058472,0.0005,71.59256672859192
3293,22,59,418921,128,0.6740913391113281,0.6740913391113281,1.15312922000885,0.0005,71.61014461517334
3294,22,60,419049,128,0.547981858253479,0.547981858253479,0.9812208414077759,0.0005,71.62759256362915
3295,22,61,419177,128,0.6168054938316345,0.6168054938316345,0.7099875807762146,0.0005,71.64515662193298
3296,22,62,419305,128,0.6845787167549133,0.6845787167549133,0.7471116185188293,0.0005,71.66273069381714
3297,22,63,419433,128,0.9581595659255981,0.9581595659255981,1.0330184698104858,0.0005,71.68068742752075
3298,22,64,419561,128,0.6668096780776978,0.6668096780776978,1.302738070487976,0.0005,71.6983540058136
3299,22,65,419689,128,0.8257855772972107,0.8257855772972107,0.8362206220626831,0.0005,71.7158842086792
3300,22,66,419817,128,0.46494510769844055,0.46494510769844055,1.1854370832443237,0.0005,71.7332193851471
3301,22,67,419945,128,0.6033880710601807,0.6033880710601807,1.0656827688217163,0.0005,71.75108551979065
3302,22,68,420073,128,0.6164071559906006,0.6164071559906006,0.7741187810897827,0.0005,71.76844024658203
3303,22,69,420201,128,0.5175895690917969,0.5175895690917969,0.9489300847053528,0.0005,71.7857403755188
3304,22,70,420329,128,0.814528226852417,0.814528226852417,1.4891215562820435,0.0005,71.80321955680847
3305,22,71,420457,128,0.7323412895202637,0.7323412895202637,1.183672547340393,0.0005,71.82084941864014
3306,22,72,420585,128,0.6294595003128052,0.6294595003128052,0.917509913444519,0.0005,71.83863997459412
3307,22,73,420713,128,0.6145427823066711,0.6145427823066711,1.2481799125671387,0.0005,71.85644888877869
3308,22,74,420841,128,0.7284971475601196,0.7284971475601196,0.9703025817871094,0.0005,71.8744740486145
3309,22,75,420969,128,0.4147551655769348,0.4147551655769348,1.0232257843017578,0.0005,71.8923921585083
3310,22,76,421097,128,0.6315698027610779,0.6315698027610779,1.4909917116165161,0.0005,71.91003203392029
3311,22,77,421225,128,0.38379019498825073,0.38379019498825073,0.8713715672492981,0.0005,71.92755222320557
3312,22,78,421353,128,0.8674790859222412,0.8674790859222412,1.0325156450271606,0.0005,71.94546794891357
3313,22,79,421481,128,0.786444902420044,0.786444902420044,1.5985342264175415,0.0005,71.96347188949585
3314,22,80,421609,128,0.9243125915527344,0.9243125915527344,1.4048571586608887,0.0005,71.98108506202698
3315,22,81,421737,128,0.638778567314148,0.638778567314148,0.9376510977745056,0.0005,71.99871325492859
3316,22,82,421865,128,0.6513204574584961,0.6513204574584961,0.9064338207244873,0.0005,72.01685404777527
3317,22,83,421993,128,0.711955189704895,0.711955189704895,1.0919222831726074,0.0005,72.034597158432
3318,22,84,422121,128,0.6024169325828552,0.6024169325828552,1.3229920864105225,0.0005,72.05229163169861
3319,22,85,422249,128,0.6888669729232788,0.6888669729232788,0.826458752155304,0.0005,72.06989645957947
3320,22,86,422377,128,0.6860407590866089,0.6860407590866089,0.9152068495750427,0.0005,72.08806562423706
3321,22,87,422505,128,0.7467242479324341,0.7467242479324341,1.1469054222106934,0.0005,72.10567736625671
3322,22,88,422633,128,0.7643065452575684,0.7643065452575684,0.7497971653938293,0.0005,72.12357378005981
3323,22,89,422761,128,0.6844826936721802,0.6844826936721802,1.2166091203689575,0.0005,72.14178156852722
3324,22,90,422889,128,0.6349690556526184,0.6349690556526184,1.4710510969161987,0.0005,72.15977883338928
3325,22,91,423017,128,0.6546639800071716,0.6546639800071716,0.8647868037223816,0.0005,72.17782068252563
3326,22,92,423145,128,0.8903891444206238,0.8903891444206238,1.2842000722885132,0.0005,72.19543361663818
3327,22,93,423273,128,0.4519193470478058,0.4519193470478058,1.179426670074463,0.0005,72.21336531639099
3328,22,94,423401,128,0.7766489386558533,0.7766489386558533,0.9164746403694153,0.0005,72.23125433921814
3329,22,95,423529,128,0.5305518507957458,0.5305518507957458,1.0222318172454834,0.0005,72.24899482727051
3330,22,96,423657,128,0.6550353765487671,0.6550353765487671,1.098067283630371,0.0005,72.26656293869019
3331,22,97,423785,128,0.6066389083862305,0.6066389083862305,0.8787373304367065,0.0005,72.28482413291931
3332,22,98,423913,128,0.8623797297477722,0.8623797297477722,0.9092719554901123,0.0005,72.30242276191711
3333,22,99,424041,128,0.9616039991378784,0.9616039991378784,1.0734416246414185,0.0005,72.31993532180786
3334,22,100,424169,128,0.6445004940032959,0.6445004940032959,1.2615540027618408,0.0005,72.33740949630737
3335,22,101,424297,128,0.6271066665649414,0.6271066665649414,1.048248291015625,0.0005,72.35525584220886
3336,22,102,424425,128,0.7424681186676025,0.7424681186676025,0.9514516592025757,0.0005,72.37301516532898
3337,22,103,424553,128,0.7645787000656128,0.7645787000656128,1.0254088640213013,0.0005,72.39063668251038
3338,22,104,424681,128,0.9084739685058594,0.9084739685058594,0.8120220899581909,0.0005,72.40858554840088
3339,22,105,424809,128,0.7821235656738281,0.7821235656738281,0.9755509495735168,0.0005,72.42635178565979
3340,22,106,424937,128,0.9978253245353699,0.9978253245353699,0.984340250492096,0.0005,72.44406342506409
3341,22,107,425065,128,0.4563593864440918,0.4563593864440918,1.3096513748168945,0.0005,72.46178126335144
3342,22,108,425193,128,0.801378607749939,0.801378607749939,0.8947113156318665,0.0005,72.47996520996094
3343,22,109,425321,128,0.6401260495185852,0.6401260495185852,1.0165460109710693,0.0005,72.4978404045105
3344,22,110,425449,128,0.7816898822784424,0.7816898822784424,1.2886219024658203,0.0005,72.5154595375061
3345,22,111,425577,128,0.7433709502220154,0.7433709502220154,1.9146229028701782,0.0005,72.53289031982422
3346,22,112,425705,128,0.7082820534706116,0.7082820534706116,0.8352734446525574,0.0005,72.5509569644928
3347,22,113,425833,128,0.5960292220115662,0.5960292220115662,1.4188891649246216,0.0005,72.56870460510254
3348,22,114,425961,128,0.6528778076171875,0.6528778076171875,0.9316816329956055,0.0005,72.58623194694519
3349,22,115,426089,128,0.7175310850143433,0.7175310850143433,1.269748330116272,0.0005,72.60373783111572
3350,22,116,426217,128,0.9109637141227722,0.9109637141227722,0.8969177603721619,0.0005,72.62170100212097
3351,22,117,426345,128,0.48668959736824036,0.48668959736824036,0.9575545191764832,0.0005,72.639315366745
3352,22,118,426473,128,0.6462463140487671,0.6462463140487671,1.0557286739349365,0.0005,72.656902551651
3353,22,119,426601,128,0.7518449425697327,0.7518449425697327,1.0219395160675049,0.0005,72.67442631721497
3354,22,120,426729,128,0.9550906419754028,0.9550906419754028,0.8365018963813782,0.0005,72.69187450408936
3355,22,121,426857,128,0.7134912014007568,0.7134912014007568,1.13592529296875,0.0005,72.7094976902008
3356,22,122,426985,128,0.8797610402107239,0.8797610402107239,0.9029087424278259,0.0005,72.7267861366272
3357,22,123,427113,128,0.7853636145591736,0.7853636145591736,0.9563100337982178,0.0005,72.74437022209167
3358,22,124,427241,128,0.6074081063270569,0.6074081063270569,1.252543568611145,0.0005,72.76179718971252
3359,22,125,427369,128,0.6338164210319519,0.6338164210319519,1.063970923423767,0.0005,72.77947783470154
3360,22,126,427497,128,0.5557067394256592,0.5557067394256592,1.6657603979110718,0.0005,72.79685139656067
3361,22,127,427625,128,0.4650750756263733,0.4650750756263733,0.8187816143035889,0.0005,72.81514549255371
3362,22,128,427753,128,0.4351580739021301,0.4351580739021301,0.7636815309524536,0.0005,72.83266544342041
3363,22,129,427881,128,0.6810049414634705,0.6810049414634705,1.352052092552185,0.0005,72.84992170333862
3364,22,130,428009,128,0.6209225058555603,0.6209225058555603,1.025203824043274,0.0005,72.86749196052551
3365,22,131,428137,128,0.7756396532058716,0.7756396532058716,1.0165553092956543,0.0005,72.88510227203369
3366,22,132,428265,128,0.5788594484329224,0.5788594484329224,1.238430380821228,0.0005,72.90276312828064
3367,22,133,428393,128,0.5720953345298767,0.5720953345298767,0.8889629244804382,0.0005,72.92049217224121
3368,22,134,428521,128,0.8364757895469666,0.8364757895469666,1.058295488357544,0.0005,72.93804144859314
3369,22,135,428649,128,0.617866039276123,0.617866039276123,1.0356495380401611,0.0005,72.95571613311768
3370,22,136,428777,128,0.3385149836540222,0.3385149836540222,0.7791386842727661,0.0005,72.97306299209595
3371,22,137,428905,128,0.6765074729919434,0.6765074729919434,0.8169158101081848,0.0005,72.9903724193573
3372,22,138,429033,128,0.577646791934967,0.577646791934967,1.8124319314956665,0.0005,73.00767064094543
3373,22,139,429161,128,1.049828290939331,1.049828290939331,1.2757365703582764,0.0005,73.0257477760315
3374,22,140,429289,128,0.6611756086349487,0.6611756086349487,1.1121783256530762,0.0005,73.0432825088501
3375,22,141,429417,128,0.9066933989524841,0.9066933989524841,0.939843475818634,0.0005,73.06062960624695
3376,22,142,429545,128,0.9911572933197021,0.9911572933197021,1.1291881799697876,0.0005,73.07822299003601
3377,22,143,429673,128,0.5986977815628052,0.5986977815628052,1.1606367826461792,0.0005,73.09564518928528
3378,22,144,429801,128,0.5955958962440491,0.5955958962440491,1.2552423477172852,0.0005,73.11286163330078
3379,22,145,429929,128,0.6753482818603516,0.6753482818603516,1.1544773578643799,0.0005,73.13039302825928
3380,22,146,430057,128,0.7710685729980469,0.7710685729980469,1.0684691667556763,0.0005,73.14820981025696
3381,22,147,430185,128,0.8086996078491211,0.8086996078491211,1.091130018234253,0.0005,73.16543698310852
3382,22,148,430313,128,0.677257239818573,0.677257239818573,1.3108206987380981,0.0005,73.18306684494019
3383,22,149,430441,128,0.6111401915550232,0.6111401915550232,0.9119232296943665,0.0005,73.20056986808777
3384,22,150,430569,128,0.4385030269622803,0.4385030269622803,1.2805824279785156,0.0005,73.21815347671509
3385,22,151,430697,128,0.8164228796958923,0.8164228796958923,0.8095350861549377,0.0005,73.2356493473053
3386,22,152,430825,128,1.11006760597229,1.11006760597229,1.0720744132995605,0.0005,73.25278925895691
3387,22,153,430953,128,0.6850985288619995,0.6850985288619995,1.1240426301956177,0.0005,73.27047204971313
3388,22,154,430958,5,0.38274991512298584,0.38274991512298584,0.442471444606781,0.0005,73.27315139770508
3389,23,1,431086,128,0.5873929262161255,0.5873929262161255,1.1995809078216553,0.0005,73.96831727027893
3390,23,2,431214,128,0.6200540065765381,0.6200540065765381,0.6733248233795166,0.0005,73.98604583740234
3391,23,3,431342,128,0.6194993257522583,0.6194993257522583,1.219923973083496,0.0005,74.00356316566467
3392,23,4,431470,128,0.40508878231048584,0.40508878231048584,1.0739086866378784,0.0005,74.02134847640991
3393,23,5,431598,128,0.6628478765487671,0.6628478765487671,1.1742688417434692,0.0005,74.0389256477356
3394,23,6,431726,128,0.6856001615524292,0.6856001615524292,1.13954496383667,0.0005,74.05643725395203
3395,23,7,431854,128,0.8616846799850464,0.8616846799850464,1.2453662157058716,0.0005,74.07378339767456
3396,23,8,431982,128,0.8571499586105347,0.8571499586105347,0.8984606862068176,0.0005,74.09123754501343
3397,23,9,432110,128,0.6024653315544128,0.6024653315544128,1.223280668258667,0.0005,74.10857558250427
3398,23,10,432238,128,0.7664452791213989,0.7664452791213989,0.8819404244422913,0.0005,74.12615847587585
3399,23,11,432366,128,0.6535946726799011,0.6535946726799011,0.9343404173851013,0.0005,74.14359164237976
3400,23,12,432494,128,0.7151896357536316,0.7151896357536316,0.813592255115509,0.0005,74.16133737564087
3401,23,13,432622,128,0.7533866763114929,0.7533866763114929,1.2896860837936401,0.0005,74.17895936965942
3402,23,14,432750,128,0.6852869391441345,0.6852869391441345,1.6616028547286987,0.0005,74.1962080001831
3403,23,15,432878,128,0.6133764386177063,0.6133764386177063,1.1582293510437012,0.0005,74.21415185928345
3404,23,16,433006,128,0.7259605526924133,0.7259605526924133,1.256403923034668,0.0005,74.23146629333496
3405,23,17,433134,128,0.745867908000946,0.745867908000946,1.2093137502670288,0.0005,74.24909090995789
3406,23,18,433262,128,0.9676348567008972,0.9676348567008972,1.0638703107833862,0.0005,74.26659178733826
3407,23,19,433390,128,0.7045971751213074,0.7045971751213074,1.315050482749939,0.0005,74.28476905822754
3408,23,20,433518,128,0.5392711162567139,0.5392711162567139,1.3113141059875488,0.0005,74.302255153656
3409,23,21,433646,128,0.6801465749740601,0.6801465749740601,1.485450029373169,0.0005,74.31991505622864
3410,23,22,433774,128,0.4190426468849182,0.4190426468849182,0.7658007144927979,0.0005,74.3377480506897
3411,23,23,433902,128,0.8858231902122498,0.8858231902122498,1.2467975616455078,0.0005,74.35587453842163
3412,23,24,434030,128,0.5408481359481812,0.5408481359481812,0.7865495085716248,0.0005,74.37357783317566
3413,23,25,434158,128,0.6672992706298828,0.6672992706298828,0.7993394136428833,0.0005,74.39121437072754
3414,23,26,434286,128,0.6944761276245117,0.6944761276245117,1.4320610761642456,0.0005,74.40872502326965
3415,23,27,434414,128,0.7858034372329712,0.7858034372329712,0.7937958240509033,0.0005,74.42767715454102
3416,23,28,434542,128,0.678150475025177,0.678150475025177,1.1153278350830078,0.0005,74.4453239440918
3417,23,29,434670,128,0.7788093686103821,0.7788093686103821,1.0083260536193848,0.0005,74.46308541297913
3418,23,30,434798,128,0.7545965313911438,0.7545965313911438,1.422685980796814,0.0005,74.48089647293091
3419,23,31,434926,128,0.9721227884292603,0.9721227884292603,0.7851314544677734,0.0005,74.4985842704773
3420,23,32,435054,128,0.7313499450683594,0.7313499450683594,0.9956285953521729,0.0005,74.51587343215942
3421,23,33,435182,128,0.6597429513931274,0.6597429513931274,0.9316152930259705,0.0005,74.53342080116272
3422,23,34,435310,128,0.6517303586006165,0.6517303586006165,1.278481125831604,0.0005,74.55134558677673
3423,23,35,435438,128,0.5724782347679138,0.5724782347679138,0.7751195430755615,0.0005,74.56873989105225
3424,23,36,435566,128,1.1003957986831665,1.1003957986831665,1.1802974939346313,0.0005,74.58615899085999
3425,23,37,435694,128,0.7567070126533508,0.7567070126533508,1.2346580028533936,0.0005,74.60370659828186
3426,23,38,435822,128,0.45634832978248596,0.45634832978248596,0.8603698015213013,0.0005,74.62161183357239
3427,23,39,435950,128,0.7395378947257996,0.7395378947257996,1.1681032180786133,0.0005,74.6391909122467
3428,23,40,436078,128,0.4524334967136383,0.4524334967136383,1.2732093334197998,0.0005,74.65652871131897
3429,23,41,436206,128,0.6150174736976624,0.6150174736976624,0.7187381386756897,0.0005,74.6739399433136
3430,23,42,436334,128,0.520477831363678,0.520477831363678,0.7748476266860962,0.0005,74.6916024684906
3431,23,43,436462,128,0.6609064936637878,0.6609064936637878,1.1312856674194336,0.0005,74.70925331115723
3432,23,44,436590,128,0.6748641133308411,0.6748641133308411,1.1206920146942139,0.0005,74.72681546211243
3433,23,45,436718,128,0.5384690761566162,0.5384690761566162,0.9516756534576416,0.0005,74.74433445930481
3434,23,46,436846,128,0.4217570722103119,0.4217570722103119,1.0474900007247925,0.0005,74.76199674606323
3435,23,47,436974,128,0.5190723538398743,0.5190723538398743,1.2859877347946167,0.0005,74.77930164337158
3436,23,48,437102,128,0.7452682852745056,0.7452682852745056,1.2486462593078613,0.0005,74.7965362071991
3437,23,49,437230,128,0.8180158734321594,0.8180158734321594,0.8907715082168579,0.0005,74.81465721130371
3438,23,50,437358,128,0.9463289380073547,0.9463289380073547,1.215558648109436,0.0005,74.83207511901855
3439,23,51,437486,128,0.636184573173523,0.636184573173523,1.1501665115356445,0.0005,74.84955501556396
3440,23,52,437614,128,0.9495079517364502,0.9495079517364502,0.9144531488418579,0.0005,74.86691069602966
3441,23,53,437742,128,0.706817626953125,0.706817626953125,1.150508999824524,0.0005,74.88451194763184
3442,23,54,437870,128,0.6757069230079651,0.6757069230079651,1.1003748178482056,0.0005,74.90221095085144
3443,23,55,437998,128,0.534679651260376,0.534679651260376,1.2169920206069946,0.0005,74.919597864151
3444,23,56,438126,128,0.4474845826625824,0.4474845826625824,1.0689221620559692,0.0005,74.93685245513916
3445,23,57,438254,128,0.7125721573829651,0.7125721573829651,0.9576840400695801,0.0005,74.9547438621521
3446,23,58,438382,128,0.6749780178070068,0.6749780178070068,0.8031020164489746,0.0005,74.97236442565918
3447,23,59,438510,128,0.7827457785606384,0.7827457785606384,1.0805773735046387,0.0005,74.98959469795227
3448,23,60,438638,128,0.53212970495224,0.53212970495224,1.4273444414138794,0.0005,75.00680923461914
3449,23,61,438766,128,0.6144667863845825,0.6144667863845825,1.5224025249481201,0.0005,75.02476930618286
3450,23,62,438894,128,0.6480758786201477,0.6480758786201477,0.998465895652771,0.0005,75.04242014884949
3451,23,63,439022,128,0.6208874583244324,0.6208874583244324,1.133880615234375,0.0005,75.0599570274353
3452,23,64,439150,128,0.85639488697052,0.85639488697052,1.031321406364441,0.0005,75.0775191783905
3453,23,65,439278,128,0.8502682447433472,0.8502682447433472,1.004508137702942,0.0005,75.09533452987671
3454,23,66,439406,128,0.38857513666152954,0.38857513666152954,0.956792950630188,0.0005,75.11248135566711
3455,23,67,439534,128,0.572147786617279,0.572147786617279,1.176897406578064,0.0005,75.12972474098206
3456,23,68,439662,128,0.7609414458274841,0.7609414458274841,1.1584938764572144,0.0005,75.14714002609253
3457,23,69,439790,128,0.849699854850769,0.849699854850769,1.0942721366882324,0.0005,75.16435718536377
3458,23,70,439918,128,0.6529223322868347,0.6529223322868347,1.0101749897003174,0.0005,75.18147253990173
3459,23,71,440046,128,0.5558058619499207,0.5558058619499207,1.3219133615493774,0.0005,75.19900846481323
3460,23,72,440174,128,0.6081138253211975,0.6081138253211975,1.1860990524291992,0.0005,75.21676874160767
3461,23,73,440302,128,0.595284640789032,0.595284640789032,0.8441532850265503,0.0005,75.23440837860107
3462,23,74,440430,128,0.5713925361633301,0.5713925361633301,1.099222183227539,0.0005,75.25181293487549
3463,23,75,440558,128,0.9184293150901794,0.9184293150901794,1.0314027070999146,0.0005,75.26934742927551
3464,23,76,440686,128,0.7982392907142639,0.7982392907142639,1.1404857635498047,0.0005,75.28711342811584
3465,23,77,440814,128,0.724695086479187,0.724695086479187,1.3691396713256836,0.0005,75.30467319488525
3466,23,78,440942,128,0.7589411735534668,0.7589411735534668,1.524235725402832,0.0005,75.32245135307312
3467,23,79,441070,128,0.5179210305213928,0.5179210305213928,1.1891876459121704,0.0005,75.33993029594421
3468,23,80,441198,128,0.8930787444114685,0.8930787444114685,1.7568788528442383,0.0005,75.35781598091125
3469,23,81,441326,128,0.8208544850349426,0.8208544850349426,0.9139818549156189,0.0005,75.37570285797119
3470,23,82,441454,128,0.9554272294044495,0.9554272294044495,1.015819787979126,0.0005,75.39328122138977
3471,23,83,441582,128,0.6293264031410217,0.6293264031410217,0.8808669447898865,0.0005,75.41088509559631
3472,23,84,441710,128,0.8577035069465637,0.8577035069465637,1.6621625423431396,0.0005,75.42874693870544
3473,23,85,441838,128,0.9563719034194946,0.9563719034194946,0.9467396140098572,0.0005,75.44630980491638
3474,23,86,441966,128,0.5758991837501526,0.5758991837501526,1.0227007865905762,0.0005,75.46357941627502
3475,23,87,442094,128,0.4994651973247528,0.4994651973247528,0.9842286705970764,0.0005,75.48115396499634
3476,23,88,442222,128,0.8140913248062134,0.8140913248062134,1.3828227519989014,0.0005,75.49887466430664
3477,23,89,442350,128,0.6088557839393616,0.6088557839393616,0.8122367262840271,0.0005,75.51639461517334
3478,23,90,442478,128,0.6072420477867126,0.6072420477867126,1.45967435836792,0.0005,75.53400707244873
3479,23,91,442606,128,0.42417049407958984,0.42417049407958984,0.8383559584617615,0.0005,75.55193781852722
3480,23,92,442734,128,0.7244467735290527,0.7244467735290527,0.9310683608055115,0.0005,75.56953310966492
3481,23,93,442862,128,0.6337770819664001,0.6337770819664001,1.0523223876953125,0.0005,75.58688974380493
3482,23,94,442990,128,0.7475782632827759,0.7475782632827759,0.9009145498275757,0.0005,75.60417795181274
3483,23,95,443118,128,0.6750093102455139,0.6750093102455139,1.5352109670639038,0.0005,75.62175941467285
3484,23,96,443246,128,0.9477468729019165,0.9477468729019165,1.1123859882354736,0.0005,75.63910150527954
3485,23,97,443374,128,0.5685006380081177,0.5685006380081177,0.9417478442192078,0.0005,75.65651345252991
3486,23,98,443502,128,0.6015999913215637,0.6015999913215637,0.7745112776756287,0.0005,75.67406725883484
3487,23,99,443630,128,0.6020944118499756,0.6020944118499756,1.1148682832717896,0.0005,75.69191002845764
3488,23,100,443758,128,0.6712524890899658,0.6712524890899658,0.8459988236427307,0.0005,75.70955324172974
3489,23,101,443886,128,0.4602240025997162,0.4602240025997162,1.2091147899627686,0.0005,75.72707939147949
3490,23,102,444014,128,0.6455618143081665,0.6455618143081665,0.8093542456626892,0.0005,75.7447419166565
3491,23,103,444142,128,0.6952760219573975,0.6952760219573975,0.8010392189025879,0.0005,75.762934923172
3492,23,104,444270,128,0.8086429238319397,0.8086429238319397,1.2284717559814453,0.0005,75.78061032295227
3493,23,105,444398,128,0.612738311290741,0.612738311290741,1.4473624229431152,0.0005,75.79813122749329
3494,23,106,444526,128,0.6578827500343323,0.6578827500343323,1.123124599456787,0.0005,75.81585788726807
3495,23,107,444654,128,0.4690265953540802,0.4690265953540802,1.1524308919906616,0.0005,75.83366346359253
3496,23,108,444782,128,0.6604927182197571,0.6604927182197571,1.0268359184265137,0.0005,75.85123085975647
3497,23,109,444910,128,0.8138360381126404,0.8138360381126404,1.0329102277755737,0.0005,75.86878299713135
3498,23,110,445038,128,0.8424742221832275,0.8424742221832275,0.838807225227356,0.0005,75.8868944644928
3499,23,111,445166,128,0.7901673913002014,0.7901673913002014,0.977901816368103,0.0005,75.90474677085876
3500,23,112,445294,128,0.7085015773773193,0.7085015773773193,1.2293304204940796,0.0005,75.92237496376038
3501,23,113,445422,128,0.575309157371521,0.575309157371521,1.1413193941116333,0.0005,75.93972039222717
3502,23,114,445550,128,0.714810311794281,0.714810311794281,0.8509235382080078,0.0005,75.9575719833374
3503,23,115,445678,128,0.5973462462425232,0.5973462462425232,0.8333561420440674,0.0005,75.97534346580505
3504,23,116,445806,128,0.6832109093666077,0.6832109093666077,1.0187218189239502,0.0005,75.99280166625977
3505,23,117,445934,128,0.7655021548271179,0.7655021548271179,1.052246332168579,0.0005,76.01020932197571
3506,23,118,446062,128,0.5196284055709839,0.5196284055709839,0.9254457950592041,0.0005,76.02803707122803
3507,23,119,446190,128,0.5831535458564758,0.5831535458564758,1.3184354305267334,0.0005,76.04570198059082
3508,23,120,446318,128,0.6262775659561157,0.6262775659561157,1.2212048768997192,0.0005,76.06325125694275
3509,23,121,446446,128,0.8186368942260742,0.8186368942260742,0.9277223944664001,0.0005,76.08109307289124
3510,23,122,446574,128,0.66781085729599,0.66781085729599,0.8196465969085693,0.0005,76.09906244277954
3511,23,123,446702,128,0.604507565498352,0.604507565498352,1.3304404020309448,0.0005,76.11663627624512
3512,23,124,446830,128,0.659802258014679,0.659802258014679,1.168347954750061,0.0005,76.13466143608093
3513,23,125,446958,128,0.6426031589508057,0.6426031589508057,1.2534154653549194,0.0005,76.15276551246643
3514,23,126,447086,128,0.6414971947669983,0.6414971947669983,0.9185852408409119,0.0005,76.17025876045227
3515,23,127,447214,128,0.7125846743583679,0.7125846743583679,1.1608933210372925,0.0005,76.18773746490479
3516,23,128,447342,128,0.8205310106277466,0.8205310106277466,0.851240336894989,0.0005,76.20496678352356
3517,23,129,447470,128,0.6912983655929565,0.6912983655929565,1.014194369316101,0.0005,76.22263669967651
3518,23,130,447598,128,0.4467211365699768,0.4467211365699768,0.7468479871749878,0.0005,76.24025225639343
3519,23,131,447726,128,0.6858949661254883,0.6858949661254883,1.0562292337417603,0.0005,76.2577531337738
3520,23,132,447854,128,0.6024454832077026,0.6024454832077026,0.8550679683685303,0.0005,76.27519273757935
3521,23,133,447982,128,0.5741225481033325,0.5741225481033325,0.9223289489746094,0.0005,76.29287624359131
3522,23,134,448110,128,0.560333788394928,0.560333788394928,0.952675998210907,0.0005,76.31036043167114
3523,23,135,448238,128,0.3720220923423767,0.3720220923423767,1.124709129333496,0.0005,76.32774019241333
3524,23,136,448366,128,0.5914586782455444,0.5914586782455444,1.1014940738677979,0.0005,76.3450255393982
3525,23,137,448494,128,0.8528734445571899,0.8528734445571899,0.9059036374092102,0.0005,76.36290144920349
3526,23,138,448622,128,0.5938755869865417,0.5938755869865417,1.1139123439788818,0.0005,76.38059496879578
3527,23,139,448750,128,0.8749462962150574,0.8749462962150574,0.985353410243988,0.0005,76.39818406105042
3528,23,140,448878,128,0.5431123375892639,0.5431123375892639,0.9595491886138916,0.0005,76.4159288406372
3529,23,141,449006,128,0.6234626770019531,0.6234626770019531,0.9626166820526123,0.0005,76.4335823059082
3530,23,142,449134,128,0.7973815202713013,0.7973815202713013,1.0410308837890625,0.0005,76.45130491256714
3531,23,143,449262,128,0.6131036281585693,0.6131036281585693,1.2431917190551758,0.0005,76.46979856491089
3532,23,144,449390,128,0.5402535796165466,0.5402535796165466,1.1479166746139526,0.0005,76.48780274391174
3533,23,145,449518,128,0.7403199076652527,0.7403199076652527,0.9563831090927124,0.0005,76.50567531585693
3534,23,146,449646,128,0.6775069832801819,0.6775069832801819,0.8090859651565552,0.0005,76.52304220199585
3535,23,147,449774,128,0.6853225827217102,0.6853225827217102,1.0684847831726074,0.0005,76.5403482913971
3536,23,148,449902,128,0.7301117777824402,0.7301117777824402,1.3731250762939453,0.0005,76.55828857421875
3537,23,149,450030,128,0.8052502274513245,0.8052502274513245,1.2948089838027954,0.0005,76.57595753669739
3538,23,150,450158,128,0.6322095990180969,0.6322095990180969,1.3536930084228516,0.0005,76.59352588653564
3539,23,151,450286,128,0.9589282870292664,0.9589282870292664,1.5776511430740356,0.0005,76.61115670204163
3540,23,152,450414,128,0.9157441258430481,0.9157441258430481,1.2614716291427612,0.0005,76.62905383110046
3541,23,153,450542,128,0.6700515747070312,0.6700515747070312,0.8401240110397339,0.0005,76.6467809677124
3542,23,154,450547,5,0.4961349070072174,0.4961349070072174,1.9233194589614868,0.0005,76.64950323104858
3543,24,1,450675,128,0.7782658934593201,0.7782658934593201,0.9362983703613281,0.0005,77.3327739238739
3544,24,2,450803,128,0.7895897030830383,0.7895897030830383,0.8726819157600403,0.0005,77.35057306289673
3545,24,3,450931,128,0.7708827257156372,0.7708827257156372,1.266107201576233,0.0005,77.3686592578888
3546,24,4,451059,128,0.7709706425666809,0.7709706425666809,1.061049222946167,0.0005,77.3864095211029
3547,24,5,451187,128,0.5583315491676331,0.5583315491676331,0.9788665771484375,0.0005,77.40377902984619
3548,24,6,451315,128,0.6258768439292908,0.6258768439292908,1.208042025566101,0.0005,77.42179536819458
3549,24,7,451443,128,0.6571491956710815,0.6571491956710815,1.0355840921401978,0.0005,77.43934035301208
3550,24,8,451571,128,0.7263566255569458,0.7263566255569458,1.2408714294433594,0.0005,77.45698595046997
3551,24,9,451699,128,0.5688933730125427,0.5688933730125427,1.4128103256225586,0.0005,77.47481226921082
3552,24,10,451827,128,0.7023545503616333,0.7023545503616333,0.8281559348106384,0.0005,77.49318075180054
3553,24,11,451955,128,0.48430293798446655,0.48430293798446655,0.9723018407821655,0.0005,77.51085543632507
3554,24,12,452083,128,0.9193699955940247,0.9193699955940247,0.8855767846107483,0.0005,77.52856683731079
3555,24,13,452211,128,0.4696680009365082,0.4696680009365082,0.6992657780647278,0.0005,77.54632616043091
3556,24,14,452339,128,0.6019205451011658,0.6019205451011658,1.5697969198226929,0.0005,77.56442666053772
3557,24,15,452467,128,0.6817962527275085,0.6817962527275085,0.963660478591919,0.0005,77.58240580558777
3558,24,16,452595,128,0.43165937066078186,0.43165937066078186,1.0043104887008667,0.0005,77.60014986991882
3559,24,17,452723,128,0.6775240898132324,0.6775240898132324,1.0332472324371338,0.0005,77.61795783042908
3560,24,18,452851,128,0.6964954137802124,0.6964954137802124,0.8602427244186401,0.0005,77.6356987953186
3561,24,19,452979,128,0.7497604489326477,0.7497604489326477,1.180607557296753,0.0005,77.65380668640137
3562,24,20,453107,128,0.8024260401725769,0.8024260401725769,1.2453538179397583,0.0005,77.67167210578918
3563,24,21,453235,128,0.5549629330635071,0.5549629330635071,1.3557225465774536,0.0005,77.68974018096924
3564,24,22,453363,128,0.55757737159729,0.55757737159729,1.042536973953247,0.0005,77.70777750015259
3565,24,23,453491,128,0.5143412351608276,0.5143412351608276,0.8887344598770142,0.0005,77.7255527973175
3566,24,24,453619,128,0.6265811324119568,0.6265811324119568,0.8651845455169678,0.0005,77.74339580535889
3567,24,25,453747,128,0.7620835900306702,0.7620835900306702,1.0674327611923218,0.0005,77.76173830032349
3568,24,26,453875,128,0.6284788846969604,0.6284788846969604,0.9533986449241638,0.0005,77.7797634601593
3569,24,27,454003,128,0.7596839070320129,0.7596839070320129,1.0894590616226196,0.0005,77.79760694503784
3570,24,28,454131,128,0.835528552532196,0.835528552532196,1.258149266242981,0.0005,77.81526255607605
3571,24,29,454259,128,0.42812293767929077,0.42812293767929077,1.1668951511383057,0.0005,77.83336043357849
3572,24,30,454387,128,0.5763124227523804,0.5763124227523804,1.0735896825790405,0.0005,77.85120391845703
3573,24,31,454515,128,0.7290875911712646,0.7290875911712646,1.020198106765747,0.0005,77.86896109580994
3574,24,32,454643,128,0.9866993427276611,0.9866993427276611,0.7495366334915161,0.0005,77.88736891746521
3575,24,33,454771,128,0.5664271712303162,0.5664271712303162,0.944987416267395,0.0005,77.90557026863098
3576,24,34,454899,128,0.49905768036842346,0.49905768036842346,0.761131227016449,0.0005,77.92347693443298
3577,24,35,455027,128,0.7728131413459778,0.7728131413459778,0.8791125416755676,0.0005,77.94105195999146
3578,24,36,455155,128,0.5202648639678955,0.5202648639678955,1.1329448223114014,0.0005,77.95931434631348
3579,24,37,455283,128,0.5109443664550781,0.5109443664550781,1.2562923431396484,0.0005,77.97713589668274
3580,24,38,455411,128,0.6426902413368225,0.6426902413368225,1.004290223121643,0.0005,77.99505496025085
3581,24,39,455539,128,0.5639209747314453,0.5639209747314453,1.4975210428237915,0.0005,78.01279926300049
3582,24,40,455667,128,0.6738680601119995,0.6738680601119995,1.0143390893936157,0.0005,78.03088521957397
3583,24,41,455795,128,0.6861175298690796,0.6861175298690796,1.3620351552963257,0.0005,78.04850625991821
3584,24,42,455923,128,0.8316228985786438,0.8316228985786438,0.8488655090332031,0.0005,78.06580567359924
3585,24,43,456051,128,1.104175090789795,1.104175090789795,1.1112511157989502,0.0005,78.08349132537842
3586,24,44,456179,128,0.8235989809036255,0.8235989809036255,1.0208826065063477,0.0005,78.10150384902954
3587,24,45,456307,128,0.6557323932647705,0.6557323932647705,0.813626766204834,0.0005,78.11926198005676
3588,24,46,456435,128,0.6912710666656494,0.6912710666656494,0.9000545740127563,0.0005,78.13709688186646
3589,24,47,456563,128,0.4878581166267395,0.4878581166267395,1.1924935579299927,0.0005,78.15499019622803
3590,24,48,456691,128,0.9060139060020447,0.9060139060020447,1.4027845859527588,0.0005,78.17284989356995
3591,24,49,456819,128,0.5019150376319885,0.5019150376319885,1.1464719772338867,0.0005,78.19083452224731
3592,24,50,456947,128,0.7656647562980652,0.7656647562980652,1.2170748710632324,0.0005,78.20850682258606
3593,24,51,457075,128,0.6306547522544861,0.6306547522544861,1.1400574445724487,0.0005,78.22655081748962
3594,24,52,457203,128,0.543738067150116,0.543738067150116,0.8351504802703857,0.0005,78.24423027038574
3595,24,53,457331,128,0.742336094379425,0.742336094379425,0.9731355905532837,0.0005,78.26200461387634
3596,24,54,457459,128,0.7976704239845276,0.7976704239845276,0.9013193249702454,0.0005,78.27966952323914
3597,24,55,457587,128,0.6973311305046082,0.6973311305046082,1.0544447898864746,0.0005,78.29790449142456
3598,24,56,457715,128,0.5300382375717163,0.5300382375717163,1.1053905487060547,0.0005,78.31574273109436
3599,24,57,457843,128,0.5058472156524658,0.5058472156524658,0.9092098474502563,0.0005,78.33378458023071
3600,24,58,457971,128,0.6387429237365723,0.6387429237365723,1.1518135070800781,0.0005,78.35155701637268
3601,24,59,458099,128,0.8413018584251404,0.8413018584251404,1.4713793992996216,0.0005,78.36970686912537
3602,24,60,458227,128,0.6244887113571167,0.6244887113571167,1.49176824092865,0.0005,78.38757658004761
3603,24,61,458355,128,0.8387064337730408,0.8387064337730408,1.1717748641967773,0.0005,78.40545606613159
3604,24,62,458483,128,0.7294315695762634,0.7294315695762634,1.1057333946228027,0.0005,78.42353391647339
3605,24,63,458611,128,0.7550965547561646,0.7550965547561646,1.0202198028564453,0.0005,78.44133710861206
3606,24,64,458739,128,0.6109763979911804,0.6109763979911804,1.1180788278579712,0.0005,78.4589900970459
3607,24,65,458867,128,0.814598798751831,0.814598798751831,0.9578302502632141,0.0005,78.47655844688416
3608,24,66,458995,128,0.692102313041687,0.692102313041687,1.1251552104949951,0.0005,78.49471783638
3609,24,67,459123,128,0.8113730549812317,0.8113730549812317,1.0157625675201416,0.0005,78.51254415512085
3610,24,68,459251,128,0.9441466331481934,0.9441466331481934,1.2829458713531494,0.0005,78.53027534484863
3611,24,69,459379,128,0.779240608215332,0.779240608215332,1.3860341310501099,0.0005,78.54796719551086
3612,24,70,459507,128,0.647991955280304,0.647991955280304,0.8515085577964783,0.0005,78.56604743003845
3613,24,71,459635,128,0.6691235899925232,0.6691235899925232,0.9026485681533813,0.0005,78.58381199836731
3614,24,72,459763,128,0.6938804984092712,0.6938804984092712,0.89910888671875,0.0005,78.60176372528076
3615,24,73,459891,128,0.677152693271637,0.677152693271637,1.220616102218628,0.0005,78.61945986747742
3616,24,74,460019,128,0.4172264635562897,0.4172264635562897,1.1064101457595825,0.0005,78.63747048377991
3617,24,75,460147,128,0.487415075302124,0.487415075302124,1.0126005411148071,0.0005,78.65510129928589
3618,24,76,460275,128,0.7235674262046814,0.7235674262046814,1.3104075193405151,0.0005,78.67278742790222
3619,24,77,460403,128,0.718890368938446,0.718890368938446,0.9551988840103149,0.0005,78.69088983535767
3620,24,78,460531,128,0.4675249457359314,0.4675249457359314,1.002475619316101,0.0005,78.70869469642639
3621,24,79,460659,128,0.6514648199081421,0.6514648199081421,1.136276125907898,0.0005,78.72650814056396
3622,24,80,460787,128,0.6214122772216797,0.6214122772216797,1.0798554420471191,0.0005,78.74401879310608
3623,24,81,460915,128,0.5073938369750977,0.5073938369750977,1.084028959274292,0.0005,78.76222705841064
3624,24,82,461043,128,0.5624669790267944,0.5624669790267944,0.8807312250137329,0.0005,78.77994751930237
3625,24,83,461171,128,0.612975001335144,0.612975001335144,1.5151864290237427,0.0005,78.79765248298645
3626,24,84,461299,128,0.3392214775085449,0.3392214775085449,1.0974998474121094,0.0005,78.81530380249023
3627,24,85,461427,128,0.5042849779129028,0.5042849779129028,1.2158948183059692,0.0005,78.83359146118164
3628,24,86,461555,128,0.730302631855011,0.730302631855011,1.30495023727417,0.0005,78.8513069152832
3629,24,87,461683,128,0.6836418509483337,0.6836418509483337,1.315162181854248,0.0005,78.86853241920471
3630,24,88,461811,128,0.9353449940681458,0.9353449940681458,2.0250906944274902,0.0005,78.88590288162231
3631,24,89,461939,128,0.6692066192626953,0.6692066192626953,1.179947018623352,0.0005,78.90386915206909
3632,24,90,462067,128,0.5590276122093201,0.5590276122093201,1.1876215934753418,0.0005,78.92159700393677
3633,24,91,462195,128,0.8654493689537048,0.8654493689537048,1.0449917316436768,0.0005,78.93942260742188
3634,24,92,462323,128,0.4952300190925598,0.4952300190925598,1.0694539546966553,0.0005,78.95691514015198
3635,24,93,462451,128,0.6156444549560547,0.6156444549560547,0.8117667436599731,0.0005,78.97479820251465
3636,24,94,462579,128,0.5087549686431885,0.5087549686431885,1.073205828666687,0.0005,78.99231600761414
3637,24,95,462707,128,0.555629312992096,0.555629312992096,1.3565250635147095,0.0005,79.00977754592896
3638,24,96,462835,128,0.5726061463356018,0.5726061463356018,0.8547649383544922,0.0005,79.02765345573425
3639,24,97,462963,128,0.6446015238761902,0.6446015238761902,1.1055254936218262,0.0005,79.04542517662048
3640,24,98,463091,128,0.5860519409179688,0.5860519409179688,1.034299612045288,0.0005,79.06290316581726
3641,24,99,463219,128,0.6283367872238159,0.6283367872238159,1.399125576019287,0.0005,79.08022785186768
3642,24,100,463347,128,0.7931863069534302,0.7931863069534302,1.189139723777771,0.0005,79.09809231758118
3643,24,101,463475,128,0.5851073861122131,0.5851073861122131,1.241074800491333,0.0005,79.11537718772888
3644,24,102,463603,128,0.7960063815116882,0.7960063815116882,0.7559129595756531,0.0005,79.13275527954102
3645,24,103,463731,128,0.9328323006629944,0.9328323006629944,1.2960506677627563,0.0005,79.15040922164917
3646,24,104,463859,128,0.5430170297622681,0.5430170297622681,1.0614047050476074,0.0005,79.16833114624023
3647,24,105,463987,128,0.4334303140640259,0.4334303140640259,1.1705988645553589,0.0005,79.18609428405762
3648,24,106,464115,128,0.512290358543396,0.512290358543396,0.975079357624054,0.0005,79.20359873771667
3649,24,107,464243,128,0.6080518364906311,0.6080518364906311,0.9619660377502441,0.0005,79.22133469581604
3650,24,108,464371,128,0.8900277018547058,0.8900277018547058,1.2605596780776978,0.0005,79.23892664909363
3651,24,109,464499,128,0.5340153574943542,0.5340153574943542,0.8754000067710876,0.0005,79.2565381526947
3652,24,110,464627,128,0.6603298783302307,0.6603298783302307,0.932785153388977,0.0005,79.27406215667725
3653,24,111,464755,128,0.4888039231300354,0.4888039231300354,1.0409266948699951,0.0005,79.29188251495361
3654,24,112,464883,128,0.4848734438419342,0.4848734438419342,0.785629391670227,0.0005,79.30951762199402
3655,24,113,465011,128,0.8477990627288818,0.8477990627288818,0.9910023212432861,0.0005,79.32726836204529
3656,24,114,465139,128,0.4069054424762726,0.4069054424762726,1.425748586654663,0.0005,79.34461498260498
3657,24,115,465267,128,0.4300806224346161,0.4300806224346161,1.3781880140304565,0.0005,79.3625214099884
3658,24,116,465395,128,0.4615698754787445,0.4615698754787445,1.016036033630371,0.0005,79.38023900985718
3659,24,117,465523,128,0.6441558003425598,0.6441558003425598,1.1601797342300415,0.0005,79.39785552024841
3660,24,118,465651,128,0.5517823100090027,0.5517823100090027,1.12014639377594,0.0005,79.4153950214386
3661,24,119,465779,128,0.7573376297950745,0.7573376297950745,1.0570753812789917,0.0005,79.43330526351929
3662,24,120,465907,128,0.6693513989448547,0.6693513989448547,0.858517050743103,0.0005,79.4511456489563
3663,24,121,466035,128,1.2612546682357788,1.2612546682357788,0.7795566916465759,0.0005,79.46864986419678
3664,24,122,466163,128,0.43060430884361267,0.43060430884361267,0.850952684879303,0.0005,79.48615097999573
3665,24,123,466291,128,0.7448250651359558,0.7448250651359558,1.0280430316925049,0.0005,79.50393724441528
3666,24,124,466419,128,0.7217034697532654,0.7217034697532654,0.6636151075363159,0.0005,79.52152061462402
3667,24,125,466547,128,0.7624654769897461,0.7624654769897461,1.366316795349121,0.0005,79.53912711143494
3668,24,126,466675,128,0.503001868724823,0.503001868724823,1.002439022064209,0.0005,79.55668425559998
3669,24,127,466803,128,0.9779574871063232,0.9779574871063232,1.3524209260940552,0.0005,79.57437300682068
3670,24,128,466931,128,0.6709031462669373,0.6709031462669373,1.3534988164901733,0.0005,79.5921700000763
3671,24,129,467059,128,0.8139248490333557,0.8139248490333557,1.115923285484314,0.0005,79.60966634750366
3672,24,130,467187,128,0.8010534644126892,0.8010534644126892,1.0176984071731567,0.0005,79.62735795974731
3673,24,131,467315,128,0.611019492149353,0.611019492149353,0.9982210397720337,0.0005,79.64490985870361
3674,24,132,467443,128,0.5941084027290344,0.5941084027290344,0.9231729507446289,0.0005,79.66252970695496
3675,24,133,467571,128,0.7911349534988403,0.7911349534988403,1.2586053609848022,0.0005,79.6802659034729
3676,24,134,467699,128,0.5664240717887878,0.5664240717887878,1.2211503982543945,0.0005,79.69794297218323
3677,24,135,467827,128,0.766707718372345,0.766707718372345,1.1707055568695068,0.0005,79.71557450294495
3678,24,136,467955,128,0.762479841709137,0.762479841709137,1.2443541288375854,0.0005,79.73315930366516
3679,24,137,468083,128,0.6657274961471558,0.6657274961471558,1.0887223482131958,0.0005,79.75065231323242
3680,24,138,468211,128,0.661689281463623,0.661689281463623,1.0732887983322144,0.0005,79.76844525337219
3681,24,139,468339,128,0.5471951365470886,0.5471951365470886,0.7160009145736694,0.0005,79.78574824333191
3682,24,140,468467,128,0.7425750494003296,0.7425750494003296,0.9860795140266418,0.0005,79.80330061912537
3683,24,141,468595,128,0.5437833070755005,0.5437833070755005,0.9601104855537415,0.0005,79.82082271575928
3684,24,142,468723,128,0.79324871301651,0.79324871301651,1.2169002294540405,0.0005,79.83887314796448
3685,24,143,468851,128,0.6779268980026245,0.6779268980026245,0.8531006574630737,0.0005,79.8580994606018
3686,24,144,468979,128,0.4674914479255676,0.4674914479255676,1.078665852546692,0.0005,79.87638998031616
3687,24,145,469107,128,0.6239851713180542,0.6239851713180542,1.0560356378555298,0.0005,79.89584136009216
3688,24,146,469235,128,0.633734941482544,0.633734941482544,1.1655712127685547,0.0005,79.91389846801758
3689,24,147,469363,128,0.6863900423049927,0.6863900423049927,0.881168007850647,0.0005,79.93163418769836
3690,24,148,469491,128,0.7462494373321533,0.7462494373321533,0.9425016641616821,0.0005,79.94939541816711
3691,24,149,469619,128,0.4181431531906128,0.4181431531906128,0.9622409343719482,0.0005,79.96732974052429
3692,24,150,469747,128,0.534061849117279,0.534061849117279,0.8174645304679871,0.0005,79.98499321937561
3693,24,151,469875,128,0.831255316734314,0.831255316734314,1.3476345539093018,0.0005,80.00269556045532
3694,24,152,470003,128,0.6307334899902344,0.6307334899902344,1.5908417701721191,0.0005,80.02022671699524
3695,24,153,470131,128,0.920030951499939,0.920030951499939,1.1361817121505737,0.0005,80.03835105895996
3696,24,154,470136,5,0.2940062880516052,0.2940062880516052,2.8982291221618652,0.0005,80.04103660583496
3697,25,1,470264,128,0.7111414670944214,0.7111414670944214,1.148762583732605,0.0005,80.73997449874878
3698,25,2,470392,128,0.5713106989860535,0.5713106989860535,1.1439995765686035,0.0005,80.75782918930054
3699,25,3,470520,128,0.7855326533317566,0.7855326533317566,1.186185598373413,0.0005,80.77576684951782
3700,25,4,470648,128,0.7740742564201355,0.7740742564201355,1.103749394416809,0.0005,80.79368138313293
3701,25,5,470776,128,0.49508029222488403,0.49508029222488403,0.9352749586105347,0.0005,80.81131529808044
3702,25,6,470904,128,0.643917441368103,0.643917441368103,0.9332558512687683,0.0005,80.82942199707031
3703,25,7,471032,128,0.5005186200141907,0.5005186200141907,1.3013170957565308,0.0005,80.84750175476074
3704,25,8,471160,128,0.5772836208343506,0.5772836208343506,1.2688572406768799,0.0005,80.86505842208862
3705,25,9,471288,128,0.7579374313354492,0.7579374313354492,1.1334161758422852,0.0005,80.88277006149292
3706,25,10,471416,128,0.6426113247871399,0.6426113247871399,0.9936033487319946,0.0005,80.9013102054596
3707,25,11,471544,128,0.5655790567398071,0.5655790567398071,1.2545992136001587,0.0005,80.91903376579285
3708,25,12,471672,128,0.8185420036315918,0.8185420036315918,1.408415675163269,0.0005,80.93683910369873
3709,25,13,471800,128,0.48207664489746094,0.48207664489746094,0.8823747038841248,0.0005,80.95439958572388
3710,25,14,471928,128,0.3355172574520111,0.3355172574520111,1.004233479499817,0.0005,80.9724223613739
3711,25,15,472056,128,0.4294501543045044,0.4294501543045044,1.115288496017456,0.0005,80.99022316932678
3712,25,16,472184,128,0.6472061276435852,0.6472061276435852,1.0893020629882812,0.0005,81.00778937339783
3713,25,17,472312,128,0.8643929958343506,0.8643929958343506,1.0753451585769653,0.0005,81.02557110786438
3714,25,18,472440,128,0.5979522466659546,0.5979522466659546,1.1051044464111328,0.0005,81.04299235343933
3715,25,19,472568,128,0.5118663907051086,0.5118663907051086,0.9777328968048096,0.0005,81.06043219566345
3716,25,20,472696,128,0.6389365196228027,0.6389365196228027,1.4033148288726807,0.0005,81.0776014328003
3717,25,21,472824,128,0.39276790618896484,0.39276790618896484,1.2026911973953247,0.0005,81.09533929824829
3718,25,22,472952,128,0.6232913136482239,0.6232913136482239,0.8663450479507446,0.0005,81.11283683776855
3719,25,23,473080,128,0.6446015238761902,0.6446015238761902,0.8180915117263794,0.0005,81.13068771362305
3720,25,24,473208,128,0.7333604097366333,0.7333604097366333,0.9860894083976746,0.0005,81.14835619926453
3721,25,25,473336,128,0.6517513990402222,0.6517513990402222,0.818698525428772,0.0005,81.16646957397461
3722,25,26,473464,128,0.5660068392753601,0.5660068392753601,1.2281928062438965,0.0005,81.18413043022156
3723,25,27,473592,128,0.6481876969337463,0.6481876969337463,1.100609302520752,0.0005,81.20184373855591
3724,25,28,473720,128,0.5918581485748291,0.5918581485748291,1.316163182258606,0.0005,81.21953988075256
3725,25,29,473848,128,0.5640655159950256,0.5640655159950256,0.9356156587600708,0.0005,81.23752069473267
3726,25,30,473976,128,0.6523527503013611,0.6523527503013611,1.3227230310440063,0.0005,81.255366563797
3727,25,31,474104,128,0.6176882982254028,0.6176882982254028,1.212081789970398,0.0005,81.27296471595764
3728,25,32,474232,128,0.560018002986908,0.560018002986908,1.1005549430847168,0.0005,81.29058408737183
3729,25,33,474360,128,0.7683485746383667,0.7683485746383667,1.2025142908096313,0.0005,81.30851984024048
3730,25,34,474488,128,0.5592703223228455,0.5592703223228455,0.8432578444480896,0.0005,81.32589864730835
3731,25,35,474616,128,0.6175476908683777,0.6175476908683777,0.7042803168296814,0.0005,81.34372639656067
3732,25,36,474744,128,0.682296872138977,0.682296872138977,1.0195742845535278,0.0005,81.36207795143127
3733,25,37,474872,128,0.5984460115432739,0.5984460115432739,0.7799418568611145,0.0005,81.3797562122345
3734,25,38,475000,128,0.7521798610687256,0.7521798610687256,1.288352131843567,0.0005,81.39720273017883
3735,25,39,475128,128,0.588778555393219,0.588778555393219,1.1081974506378174,0.0005,81.4145176410675
3736,25,40,475256,128,0.5304411053657532,0.5304411053657532,1.1060564517974854,0.0005,81.43233633041382
3737,25,41,475384,128,0.4743281304836273,0.4743281304836273,1.3822380304336548,0.0005,81.44984817504883
3738,25,42,475512,128,0.951945960521698,0.951945960521698,0.8140683174133301,0.0005,81.46733212471008
3739,25,43,475640,128,0.8020508885383606,0.8020508885383606,0.9157780408859253,0.0005,81.48488783836365
3740,25,44,475768,128,0.7123910188674927,0.7123910188674927,1.2964760065078735,0.0005,81.50300097465515
3741,25,45,475896,128,0.636476457118988,0.636476457118988,0.9898623824119568,0.0005,81.5205283164978
3742,25,46,476024,128,0.6653827428817749,0.6653827428817749,1.3027544021606445,0.0005,81.53802108764648
3743,25,47,476152,128,0.7607952952384949,0.7607952952384949,0.827133059501648,0.0005,81.55546236038208
3744,25,48,476280,128,0.7628201246261597,0.7628201246261597,1.3650447130203247,0.0005,81.57343006134033
3745,25,49,476408,128,0.40257006883621216,0.40257006883621216,1.0715982913970947,0.0005,81.59107255935669
3746,25,50,476536,128,0.6146871447563171,0.6146871447563171,1.255325436592102,0.0005,81.60859990119934
3747,25,51,476664,128,0.6613775491714478,0.6613775491714478,1.3588558435440063,0.0005,81.6266028881073
3748,25,52,476792,128,0.42816686630249023,0.42816686630249023,1.1306997537612915,0.0005,81.6440019607544
3749,25,53,476920,128,0.6242531538009644,0.6242531538009644,1.3137972354888916,0.0005,81.66142106056213
3750,25,54,477048,128,0.6812591552734375,0.6812591552734375,1.3866177797317505,0.0005,81.67892956733704
3751,25,55,477176,128,0.6752286553382874,0.6752286553382874,1.567029595375061,0.0005,81.69678354263306
3752,25,56,477304,128,0.6284818649291992,0.6284818649291992,1.013786792755127,0.0005,81.71427536010742
3753,25,57,477432,128,0.6550775170326233,0.6550775170326233,1.0769950151443481,0.0005,81.73170351982117
3754,25,58,477560,128,0.7589642405509949,0.7589642405509949,1.197064995765686,0.0005,81.74922513961792
3755,25,59,477688,128,0.4629000127315521,0.4629000127315521,1.1210601329803467,0.0005,81.76709961891174
3756,25,60,477816,128,0.39032310247421265,0.39032310247421265,1.3054999113082886,0.0005,81.78477120399475
3757,25,61,477944,128,0.6003724336624146,0.6003724336624146,1.140061616897583,0.0005,81.80228161811829
3758,25,62,478072,128,0.6288724541664124,0.6288724541664124,1.024728775024414,0.0005,81.81981635093689
3759,25,63,478200,128,0.5700712203979492,0.5700712203979492,1.4799995422363281,0.0005,81.83777284622192
3760,25,64,478328,128,0.9014107584953308,0.9014107584953308,1.1116889715194702,0.0005,81.85541558265686
3761,25,65,478456,128,0.44919055700302124,0.44919055700302124,1.041744589805603,0.0005,81.87275052070618
3762,25,66,478584,128,0.6382630467414856,0.6382630467414856,0.7733014822006226,0.0005,81.8902416229248
3763,25,67,478712,128,0.706206738948822,0.706206738948822,0.7484133243560791,0.0005,81.90882205963135
3764,25,68,478840,128,0.5553129315376282,0.5553129315376282,0.8432332873344421,0.0005,81.92653918266296
3765,25,69,478968,128,0.6394814848899841,0.6394814848899841,1.046511173248291,0.0005,81.94441294670105
3766,25,70,479096,128,0.5427049994468689,0.5427049994468689,1.0193740129470825,0.0005,81.96236753463745
3767,25,71,479224,128,0.4971114993095398,0.4971114993095398,1.0204432010650635,0.0005,81.98017239570618
3768,25,72,479352,128,0.5451140999794006,0.5451140999794006,0.8718566298484802,0.0005,81.9979293346405
3769,25,73,479480,128,0.41836851835250854,0.41836851835250854,1.2356923818588257,0.0005,82.01574230194092
3770,25,74,479608,128,0.5420429706573486,0.5420429706573486,0.7776973843574524,0.0005,82.0337085723877
3771,25,75,479736,128,0.6757946014404297,0.6757946014404297,0.9509453773498535,0.0005,82.05148839950562
3772,25,76,479864,128,0.5421679615974426,0.5421679615974426,0.7951833009719849,0.0005,82.06914067268372
3773,25,77,479992,128,0.45699384808540344,0.45699384808540344,1.0706205368041992,0.0005,82.086660861969
3774,25,78,480120,128,0.8708962202072144,0.8708962202072144,1.0440375804901123,0.0005,82.10467457771301
3775,25,79,480248,128,0.4299512505531311,0.4299512505531311,1.053715705871582,0.0005,82.12251663208008
3776,25,80,480376,128,0.6563288569450378,0.6563288569450378,1.4088436365127563,0.0005,82.14025735855103
3777,25,81,480504,128,0.7476218938827515,0.7476218938827515,0.9658264517784119,0.0005,82.15795111656189
3778,25,82,480632,128,0.4048968553543091,0.4048968553543091,1.0624241828918457,0.0005,82.17631340026855
3779,25,83,480760,128,0.9274746775627136,0.9274746775627136,1.5302823781967163,0.0005,82.19420862197876
3780,25,84,480888,128,0.7579046487808228,0.7579046487808228,0.8614222407341003,0.0005,82.21201181411743
3781,25,85,481016,128,0.5749718546867371,0.5749718546867371,0.7759891152381897,0.0005,82.23027968406677
3782,25,86,481144,128,0.5926743745803833,0.5926743745803833,0.8286997675895691,0.0005,82.24797344207764
3783,25,87,481272,128,0.7540256381034851,0.7540256381034851,1.235960841178894,0.0005,82.26572394371033
3784,25,88,481400,128,0.664372444152832,0.664372444152832,1.0156954526901245,0.0005,82.28344917297363
3785,25,89,481528,128,0.6265237927436829,0.6265237927436829,0.7444724440574646,0.0005,82.30127787590027
3786,25,90,481656,128,0.8985868692398071,0.8985868692398071,1.3093756437301636,0.0005,82.3191282749176
3787,25,91,481784,128,0.5995255708694458,0.5995255708694458,1.0075221061706543,0.0005,82.33690905570984
3788,25,92,481912,128,0.444132924079895,0.444132924079895,1.0241764783859253,0.0005,82.35451769828796
3789,25,93,482040,128,0.8118946552276611,0.8118946552276611,1.3763561248779297,0.0005,82.37253952026367
3790,25,94,482168,128,0.5393873453140259,0.5393873453140259,1.2811933755874634,0.0005,82.39030265808105
3791,25,95,482296,128,0.7303306460380554,0.7303306460380554,1.2713507413864136,0.0005,82.40796279907227
3792,25,96,482424,128,0.6726409792900085,0.6726409792900085,0.8258434534072876,0.0005,82.42579770088196
3793,25,97,482552,128,0.7161672711372375,0.7161672711372375,0.78458172082901,0.0005,82.44384217262268
3794,25,98,482680,128,0.5707804560661316,0.5707804560661316,1.7009737491607666,0.0005,82.46166181564331
3795,25,99,482808,128,0.5161240100860596,0.5161240100860596,0.6781657338142395,0.0005,82.47924780845642
3796,25,100,482936,128,0.5992434024810791,0.5992434024810791,1.211108684539795,0.0005,82.4970064163208
3797,25,101,483064,128,0.854415237903595,0.854415237903595,1.1627686023712158,0.0005,82.51459765434265
3798,25,102,483192,128,0.5582411885261536,0.5582411885261536,1.1097259521484375,0.0005,82.53218150138855
3799,25,103,483320,128,0.5816187262535095,0.5816187262535095,0.912663996219635,0.0005,82.54982542991638
3800,25,104,483448,128,0.6377018094062805,0.6377018094062805,1.2989543676376343,0.0005,82.56801319122314
3801,25,105,483576,128,0.7004756927490234,0.7004756927490234,1.2105873823165894,0.0005,82.58571481704712
3802,25,106,483704,128,0.6390800476074219,0.6390800476074219,1.0293048620224,0.0005,82.60331773757935
3803,25,107,483832,128,0.8465083241462708,0.8465083241462708,0.7829373478889465,0.0005,82.62063670158386
3804,25,108,483960,128,0.6482324004173279,0.6482324004173279,1.0060341358184814,0.0005,82.63850450515747
3805,25,109,484088,128,0.5034751296043396,0.5034751296043396,0.9119411706924438,0.0005,82.65618634223938
3806,25,110,484216,128,0.5581346154212952,0.5581346154212952,1.2686758041381836,0.0005,82.67375040054321
3807,25,111,484344,128,0.3948000967502594,0.3948000967502594,0.8852759003639221,0.0005,82.69146037101746
3808,25,112,484472,128,0.6985679268836975,0.6985679268836975,0.9638034105300903,0.0005,82.7096631526947
3809,25,113,484600,128,0.6074314117431641,0.6074314117431641,0.6983089447021484,0.0005,82.72747039794922
3810,25,114,484728,128,0.6870495676994324,0.6870495676994324,1.001485824584961,0.0005,82.74506640434265
3811,25,115,484856,128,0.3825516402721405,0.3825516402721405,1.0010533332824707,0.0005,82.76323318481445
3812,25,116,484984,128,0.8600437641143799,0.8600437641143799,1.8576196432113647,0.0005,82.78106617927551
3813,25,117,485112,128,0.7410556077957153,0.7410556077957153,0.9815836548805237,0.0005,82.79858899116516
3814,25,118,485240,128,0.975571870803833,0.975571870803833,1.03718900680542,0.0005,82.81617379188538
3815,25,119,485368,128,0.5206615328788757,0.5206615328788757,0.8010437488555908,0.0005,82.8342649936676
3816,25,120,485496,128,0.5183925628662109,0.5183925628662109,1.0883396863937378,0.0005,82.85204029083252
3817,25,121,485624,128,0.78554767370224,0.78554767370224,1.3218867778778076,0.0005,82.86986112594604
3818,25,122,485752,128,0.49857330322265625,0.49857330322265625,1.2958111763000488,0.0005,82.88775753974915
3819,25,123,485880,128,0.5668832063674927,0.5668832063674927,1.568983554840088,0.0005,82.9061975479126
3820,25,124,486008,128,0.83909010887146,0.83909010887146,1.4754797220230103,0.0005,82.92416143417358
3821,25,125,486136,128,0.6653658747673035,0.6653658747673035,0.8477632403373718,0.0005,82.94154858589172
3822,25,126,486264,128,0.7489008903503418,0.7489008903503418,0.9790358543395996,0.0005,82.95940208435059
3823,25,127,486392,128,0.6050355434417725,0.6050355434417725,1.0892173051834106,0.0005,82.97757291793823
3824,25,128,486520,128,0.5723581314086914,0.5723581314086914,1.0731512308120728,0.0005,82.9953339099884
3825,25,129,486648,128,0.6030022501945496,0.6030022501945496,0.9184591174125671,0.0005,83.01282286643982
3826,25,130,486776,128,0.5077611207962036,0.5077611207962036,1.259770154953003,0.0005,83.03081822395325
3827,25,131,486904,128,0.5753841400146484,0.5753841400146484,0.9483257532119751,0.0005,83.04867219924927
3828,25,132,487032,128,0.8481637239456177,0.8481637239456177,0.9932118058204651,0.0005,83.06621646881104
3829,25,133,487160,128,0.7382809519767761,0.7382809519767761,0.9870344996452332,0.0005,83.08378386497498
3830,25,134,487288,128,0.6321715116500854,0.6321715116500854,1.250512957572937,0.0005,83.10191011428833
3831,25,135,487416,128,0.7681980729103088,0.7681980729103088,1.5661674737930298,0.0005,83.11978125572205
3832,25,136,487544,128,0.6747027635574341,0.6747027635574341,0.7239698171615601,0.0005,83.1374077796936
3833,25,137,487672,128,0.6762910485267639,0.6762910485267639,1.274276852607727,0.0005,83.15536403656006
3834,25,138,487800,128,0.7230128049850464,0.7230128049850464,0.9459847211837769,0.0005,83.17311453819275
3835,25,139,487928,128,0.5762115120887756,0.5762115120887756,0.9111239910125732,0.0005,83.19105768203735
3836,25,140,488056,128,0.8020368814468384,0.8020368814468384,0.8400416970252991,0.0005,83.20892763137817
3837,25,141,488184,128,0.4809507727622986,0.4809507727622986,1.1559444665908813,0.0005,83.22681498527527
3838,25,142,488312,128,0.6645300388336182,0.6645300388336182,0.8503272533416748,0.0005,83.24469184875488
3839,25,143,488440,128,0.5714248418807983,0.5714248418807983,0.9743396043777466,0.0005,83.26227688789368
3840,25,144,488568,128,0.5083189606666565,0.5083189606666565,0.9037689566612244,0.0005,83.27998661994934
3841,25,145,488696,128,0.7414138913154602,0.7414138913154602,0.9516307711601257,0.0005,83.29809403419495
3842,25,146,488824,128,0.5117132663726807,0.5117132663726807,0.8804231882095337,0.0005,83.3159294128418
3843,25,147,488952,128,0.7111983895301819,0.7111983895301819,0.8386191725730896,0.0005,83.33392786979675
3844,25,148,489080,128,0.5090861916542053,0.5090861916542053,1.2912452220916748,0.0005,83.35172724723816
3845,25,149,489208,128,0.47075706720352173,0.47075706720352173,1.1969059705734253,0.0005,83.36962962150574
3846,25,150,489336,128,0.7422816157341003,0.7422816157341003,1.4019346237182617,0.0005,83.38768577575684
3847,25,151,489464,128,0.615305483341217,0.615305483341217,1.4010064601898193,0.0005,83.40569996833801
3848,25,152,489592,128,0.4307388663291931,0.4307388663291931,1.05873441696167,0.0005,83.42323756217957
3849,25,153,489720,128,0.5728278756141663,0.5728278756141663,1.1523667573928833,0.0005,83.44090938568115
3850,25,154,489725,5,0.1387835443019867,0.1387835443019867,0.6556576490402222,0.0005,83.44368243217468
3851,26,1,489853,128,1.0426796674728394,1.0426796674728394,1.142345666885376,0.0005,84.19513845443726
3852,26,2,489981,128,0.5787065625190735,0.5787065625190735,1.0033345222473145,0.0005,84.21348214149475
3853,26,3,490109,128,0.6911380887031555,0.6911380887031555,0.7693144679069519,0.0005,84.23150324821472
3854,26,4,490237,128,0.609954297542572,0.609954297542572,0.8993715643882751,0.0005,84.24998092651367
3855,26,5,490365,128,0.7067188620567322,0.7067188620567322,0.8176625967025757,0.0005,84.26790118217468
3856,26,6,490493,128,0.5456410646438599,0.5456410646438599,1.3224172592163086,0.0005,84.28598284721375
3857,26,7,490621,128,0.6475904583930969,0.6475904583930969,0.9097063541412354,0.0005,84.30445742607117
3858,26,8,490749,128,0.662533700466156,0.662533700466156,1.1787508726119995,0.0005,84.3223032951355
3859,26,9,490877,128,0.8685782551765442,0.8685782551765442,1.1360470056533813,0.0005,84.33979201316833
3860,26,10,491005,128,0.7177421450614929,0.7177421450614929,1.2433528900146484,0.0005,84.357337474823
3861,26,11,491133,128,0.568716287612915,0.568716287612915,0.6804075241088867,0.0005,84.375652551651
3862,26,12,491261,128,0.47291913628578186,0.47291913628578186,1.2854714393615723,0.0005,84.39342999458313
3863,26,13,491389,128,0.5550899505615234,0.5550899505615234,1.0143089294433594,0.0005,84.41224122047424
3864,26,14,491517,128,0.6213139295578003,0.6213139295578003,1.082079529762268,0.0005,84.43359375
3865,26,15,491645,128,0.6096630096435547,0.6096630096435547,1.1999880075454712,0.0005,84.45562958717346
3866,26,16,491773,128,0.7011662125587463,0.7011662125587463,1.2091223001480103,0.0005,84.47700214385986
3867,26,17,491901,128,0.6421334743499756,0.6421334743499756,1.2509969472885132,0.0005,84.49524545669556
3868,26,18,492029,128,0.7130179405212402,0.7130179405212402,0.7058606147766113,0.0005,84.5135281085968
3869,26,19,492157,128,0.53803551197052,0.53803551197052,1.030544400215149,0.0005,84.53144955635071
3870,26,20,492285,128,0.626433789730072,0.626433789730072,0.9495058655738831,0.0005,84.54997396469116
3871,26,21,492413,128,0.6695805191993713,0.6695805191993713,1.2778713703155518,0.0005,84.56737065315247
3872,26,22,492541,128,0.6287389993667603,0.6287389993667603,1.2325499057769775,0.0005,84.58464217185974
3873,26,23,492669,128,0.4351179301738739,0.4351179301738739,0.8822123408317566,0.0005,84.60204339027405
3874,26,24,492797,128,0.7253021001815796,0.7253021001815796,0.9641904830932617,0.0005,84.61959147453308
3875,26,25,492925,128,0.5997476577758789,0.5997476577758789,1.6099001169204712,0.0005,84.63736772537231
3876,26,26,493053,128,0.7312344312667847,0.7312344312667847,1.3129907846450806,0.0005,84.65465998649597
3877,26,27,493181,128,0.660796582698822,0.660796582698822,1.1001328229904175,0.0005,84.67236638069153
3878,26,28,493309,128,0.8424720764160156,0.8424720764160156,1.12034010887146,0.0005,84.68995523452759
3879,26,29,493437,128,0.5652026534080505,0.5652026534080505,0.9726300239562988,0.0005,84.70814895629883
3880,26,30,493565,128,0.6206361055374146,0.6206361055374146,1.1637201309204102,0.0005,84.72589588165283
3881,26,31,493693,128,0.5264017581939697,0.5264017581939697,1.3908581733703613,0.0005,84.74354720115662
3882,26,32,493821,128,0.7882135510444641,0.7882135510444641,0.8970480561256409,0.0005,84.76124858856201
3883,26,33,493949,128,0.4368104338645935,0.4368104338645935,1.0206390619277954,0.0005,84.77954125404358
3884,26,34,494077,128,0.9319924116134644,0.9319924116134644,0.9637646675109863,0.0005,84.79689264297485
3885,26,35,494205,128,0.6947462558746338,0.6947462558746338,1.0888869762420654,0.0005,84.81467771530151
3886,26,36,494333,128,0.5614055395126343,0.5614055395126343,1.3763926029205322,0.0005,84.83234119415283
3887,26,37,494461,128,0.4787227213382721,0.4787227213382721,1.8814327716827393,0.0005,84.85007667541504
3888,26,38,494589,128,0.5050424933433533,0.5050424933433533,0.6412471532821655,0.0005,84.86763978004456
3889,26,39,494717,128,0.5869969725608826,0.5869969725608826,1.2876571416854858,0.0005,84.88523054122925
3890,26,40,494845,128,0.6518257260322571,0.6518257260322571,0.9845722913742065,0.0005,84.90367364883423
3891,26,41,494973,128,0.6839367747306824,0.6839367747306824,0.721488893032074,0.0005,84.92156314849854
3892,26,42,495101,128,0.5674953460693359,0.5674953460693359,0.8233591318130493,0.0005,84.94002318382263
3893,26,43,495229,128,0.5863787531852722,0.5863787531852722,1.2262201309204102,0.0005,84.95843291282654
3894,26,44,495357,128,0.7711002826690674,0.7711002826690674,1.3268569707870483,0.0005,84.97690105438232
3895,26,45,495485,128,0.4611854553222656,0.4611854553222656,0.9967175722122192,0.0005,84.995370388031
3896,26,46,495613,128,0.7234178185462952,0.7234178185462952,0.8842073678970337,0.0005,85.01336598396301
3897,26,47,495741,128,0.8228387236595154,0.8228387236595154,1.1541085243225098,0.0005,85.03624486923218
3898,26,48,495869,128,0.5175469517707825,0.5175469517707825,0.7660260200500488,0.0005,85.06234860420227
3899,26,49,495997,128,0.5306565761566162,0.5306565761566162,0.9846512079238892,0.0005,85.08436822891235
3900,26,50,496125,128,0.5002639889717102,0.5002639889717102,1.3140350580215454,0.0005,85.10323548316956
3901,26,51,496253,128,0.7126607894897461,0.7126607894897461,1.1492023468017578,0.0005,85.12132358551025
3902,26,52,496381,128,0.6497721672058105,0.6497721672058105,1.0957528352737427,0.0005,85.13872623443604
3903,26,53,496509,128,0.6934347152709961,0.6934347152709961,1.2864491939544678,0.0005,85.15613651275635
3904,26,54,496637,128,0.6112514734268188,0.6112514734268188,1.1222890615463257,0.0005,85.17427921295166
3905,26,55,496765,128,0.4686870872974396,0.4686870872974396,0.8480260372161865,0.0005,85.19229125976562
3906,26,56,496893,128,0.4694448709487915,0.4694448709487915,0.8059400916099548,0.0005,85.20979285240173
3907,26,57,497021,128,0.624658465385437,0.624658465385437,0.7775912880897522,0.0005,85.2272081375122
3908,26,58,497149,128,0.4869236648082733,0.4869236648082733,1.2104068994522095,0.0005,85.24522280693054
3909,26,59,497277,128,0.5015904307365417,0.5015904307365417,0.9359474778175354,0.0005,85.26302075386047
3910,26,60,497405,128,0.8236412405967712,0.8236412405967712,1.0973248481750488,0.0005,85.28084516525269
3911,26,61,497533,128,0.6763336658477783,0.6763336658477783,0.7701560258865356,0.0005,85.29874348640442
3912,26,62,497661,128,0.5308606624603271,0.5308606624603271,0.8838352560997009,0.0005,85.31674242019653
3913,26,63,497789,128,0.7019016742706299,0.7019016742706299,1.0110533237457275,0.0005,85.3341953754425
3914,26,64,497917,128,0.4527479410171509,0.4527479410171509,0.8377875089645386,0.0005,85.35169672966003
3915,26,65,498045,128,0.5654999613761902,0.5654999613761902,0.8943727612495422,0.0005,85.36940431594849
3916,26,66,498173,128,0.5847311615943909,0.5847311615943909,1.2136651277542114,0.0005,85.38748812675476
3917,26,67,498301,128,0.7273920774459839,0.7273920774459839,1.2773644924163818,0.0005,85.40537977218628
3918,26,68,498429,128,0.6163238286972046,0.6163238286972046,1.3531582355499268,0.0005,85.4285020828247
3919,26,69,498557,128,0.7461481094360352,0.7461481094360352,1.2441232204437256,0.0005,85.44650721549988
3920,26,70,498685,128,0.6140225529670715,0.6140225529670715,1.0952645540237427,0.0005,85.46400427818298
3921,26,71,498813,128,0.8517590165138245,0.8517590165138245,1.2482672929763794,0.0005,85.48156833648682
3922,26,72,498941,128,0.4152390956878662,0.4152390956878662,1.086957335472107,0.0005,85.49911189079285
3923,26,73,499069,128,0.5760594606399536,0.5760594606399536,0.9737498164176941,0.0005,85.51730561256409
3924,26,74,499197,128,0.4680832624435425,0.4680832624435425,0.8003979921340942,0.0005,85.53505301475525
3925,26,75,499325,128,0.616388201713562,0.616388201713562,0.7966156005859375,0.0005,85.55255842208862
3926,26,76,499453,128,0.9607713222503662,0.9607713222503662,1.1990102529525757,0.0005,85.57023811340332
3927,26,77,499581,128,0.7778378129005432,0.7778378129005432,0.9006034731864929,0.0005,85.58792734146118
3928,26,78,499709,128,0.6147043704986572,0.6147043704986572,1.55556058883667,0.0005,85.60559177398682
3929,26,79,499837,128,0.6156731843948364,0.6156731843948364,0.9484676122665405,0.0005,85.62321329116821
3930,26,80,499965,128,0.6663559675216675,0.6663559675216675,1.142488718032837,0.0005,85.6411018371582
3931,26,81,500093,128,0.6414297223091125,0.6414297223091125,1.4769651889801025,0.0005,85.65890073776245
3932,26,82,500221,128,0.6576886773109436,0.6576886773109436,1.6125386953353882,0.0005,85.67658543586731
3933,26,83,500349,128,0.5998601913452148,0.5998601913452148,0.9460453391075134,0.0005,85.6943211555481
3934,26,84,500477,128,0.6447883248329163,0.6447883248329163,0.720024049282074,0.0005,85.7123761177063
3935,26,85,500605,128,0.4845227003097534,0.4845227003097534,0.9782214760780334,0.0005,85.73006677627563
3936,26,86,500733,128,0.6391910910606384,0.6391910910606384,1.0185704231262207,0.0005,85.74731111526489
3937,26,87,500861,128,0.8344628810882568,0.8344628810882568,1.3402873277664185,0.0005,85.76443791389465
3938,26,88,500989,128,1.023134469985962,1.023134469985962,1.441241979598999,0.0005,85.78180003166199
3939,26,89,501117,128,0.6438168287277222,0.6438168287277222,0.9810115694999695,0.0005,85.7992091178894
3940,26,90,501245,128,0.49028274416923523,0.49028274416923523,1.0403155088424683,0.0005,85.8167622089386
3941,26,91,501373,128,0.6846246719360352,0.6846246719360352,0.8620989918708801,0.0005,85.83421206474304
3942,26,92,501501,128,0.534900963306427,0.534900963306427,1.2005141973495483,0.0005,85.8520040512085
3943,26,93,501629,128,0.7577012181282043,0.7577012181282043,1.1459286212921143,0.0005,85.86956906318665
3944,26,94,501757,128,0.514605700969696,0.514605700969696,0.8336226344108582,0.0005,85.88703966140747
3945,26,95,501885,128,0.4755077362060547,0.4755077362060547,1.022078037261963,0.0005,85.90530347824097
3946,26,96,502013,128,0.7511798143386841,0.7511798143386841,0.9436221718788147,0.0005,85.92286348342896
3947,26,97,502141,128,0.7469679713249207,0.7469679713249207,0.997525155544281,0.0005,85.94044351577759
3948,26,98,502269,128,0.5643345713615417,0.5643345713615417,1.3615007400512695,0.0005,85.95783710479736
3949,26,99,502397,128,0.4629199206829071,0.4629199206829071,0.9735180735588074,0.0005,85.97569704055786
3950,26,100,502525,128,0.44476380944252014,0.44476380944252014,0.9619327783584595,0.0005,85.99322581291199
3951,26,101,502653,128,0.70564866065979,0.70564866065979,0.9134389758110046,0.0005,86.01105618476868
3952,26,102,502781,128,0.6500523090362549,0.6500523090362549,1.0606833696365356,0.0005,86.02865219116211
3953,26,103,502909,128,0.6113303303718567,0.6113303303718567,1.466653823852539,0.0005,86.04665851593018
3954,26,104,503037,128,0.427367627620697,0.427367627620697,0.7540780901908875,0.0005,86.06428384780884
3955,26,105,503165,128,0.43207621574401855,0.43207621574401855,1.0531630516052246,0.0005,86.08158946037292
3956,26,106,503293,128,0.4504886567592621,0.4504886567592621,1.2057236433029175,0.0005,86.0990400314331
3957,26,107,503421,128,0.6611195206642151,0.6611195206642151,1.058279275894165,0.0005,86.1168704032898
3958,26,108,503549,128,0.71595698595047,0.71595698595047,1.676277756690979,0.0005,86.1344952583313
3959,26,109,503677,128,0.7572592496871948,0.7572592496871948,1.4731587171554565,0.0005,86.15243887901306
3960,26,110,503805,128,0.7523592710494995,0.7523592710494995,1.2108333110809326,0.0005,86.17000436782837
3961,26,111,503933,128,0.5137956738471985,0.5137956738471985,1.251973032951355,0.0005,86.18797087669373
3962,26,112,504061,128,0.6047736406326294,0.6047736406326294,0.901926577091217,0.0005,86.20557403564453
3963,26,113,504189,128,0.5755248069763184,0.5755248069763184,1.4094641208648682,0.0005,86.22316408157349
3964,26,114,504317,128,0.5545100569725037,0.5545100569725037,1.0944660902023315,0.0005,86.24100971221924
3965,26,115,504445,128,0.5755170583724976,0.5755170583724976,0.8392727375030518,0.0005,86.25865626335144
3966,26,116,504573,128,0.9928662180900574,0.9928662180900574,1.3136707544326782,0.0005,86.27944684028625
3967,26,117,504701,128,0.7088086009025574,0.7088086009025574,1.0860360860824585,0.0005,86.29863286018372
3968,26,118,504829,128,0.6829820275306702,0.6829820275306702,1.2605043649673462,0.0005,86.31703066825867
3969,26,119,504957,128,0.6686596274375916,0.6686596274375916,1.564841628074646,0.0005,86.33544826507568
3970,26,120,505085,128,0.6210229396820068,0.6210229396820068,1.3283766508102417,0.0005,86.35668206214905
3971,26,121,505213,128,0.6631748080253601,0.6631748080253601,1.5732803344726562,0.0005,86.37469673156738
3972,26,122,505341,128,0.6981225609779358,0.6981225609779358,1.3421775102615356,0.0005,86.39232778549194
3973,26,123,505469,128,0.567343533039093,0.567343533039093,1.0064464807510376,0.0005,86.40991997718811
3974,26,124,505597,128,0.6781904697418213,0.6781904697418213,0.8712150454521179,0.0005,86.42732834815979
3975,26,125,505725,128,0.6009319424629211,0.6009319424629211,0.9591046571731567,0.0005,86.44504618644714
3976,26,126,505853,128,0.4057559072971344,0.4057559072971344,1.173601508140564,0.0005,86.46284341812134
3977,26,127,505981,128,0.7203930616378784,0.7203930616378784,0.7681830525398254,0.0005,86.48062634468079
3978,26,128,506109,128,0.38841918110847473,0.38841918110847473,1.4263916015625,0.0005,86.49820613861084
3979,26,129,506237,128,0.5602390170097351,0.5602390170097351,1.4101418256759644,0.0005,86.51632499694824
3980,26,130,506365,128,0.5209192037582397,0.5209192037582397,0.8621667623519897,0.0005,86.53407883644104
3981,26,131,506493,128,0.515087902545929,0.515087902545929,1.2793879508972168,0.0005,86.55163836479187
3982,26,132,506621,128,0.541676938533783,0.541676938533783,0.9444219470024109,0.0005,86.5692389011383
3983,26,133,506749,128,0.5923372507095337,0.5923372507095337,1.0285520553588867,0.0005,86.58751058578491
3984,26,134,506877,128,0.4057933986186981,0.4057933986186981,1.2885379791259766,0.0005,86.60528182983398
3985,26,135,507005,128,0.7498420476913452,0.7498420476913452,0.9954562783241272,0.0005,86.6230001449585
3986,26,136,507133,128,0.5481995344161987,0.5481995344161987,1.1177417039871216,0.0005,86.64102554321289
3987,26,137,507261,128,0.5401550531387329,0.5401550531387329,1.0261502265930176,0.0005,86.6586766242981
3988,26,138,507389,128,0.6232824325561523,0.6232824325561523,1.0097198486328125,0.0005,86.67621850967407
3989,26,139,507517,128,0.6783233284950256,0.6783233284950256,0.9232165813446045,0.0005,86.69398069381714
3990,26,140,507645,128,0.7270957231521606,0.7270957231521606,0.785224199295044,0.0005,86.71207427978516
3991,26,141,507773,128,0.5467540621757507,0.5467540621757507,0.7476025819778442,0.0005,86.72993016242981
3992,26,142,507901,128,0.8899981379508972,0.8899981379508972,1.1046841144561768,0.0005,86.7477400302887
3993,26,143,508029,128,0.6686957478523254,0.6686957478523254,0.9781085252761841,0.0005,86.76548266410828
3994,26,144,508157,128,0.8661707043647766,0.8661707043647766,0.9118691086769104,0.0005,86.7839412689209
3995,26,145,508285,128,0.6218181252479553,0.6218181252479553,0.8568881154060364,0.0005,86.80213809013367
3996,26,146,508413,128,0.7071629166603088,0.7071629166603088,1.179756999015808,0.0005,86.81993818283081
3997,26,147,508541,128,0.4170968532562256,0.4170968532562256,0.8917251825332642,0.0005,86.83778786659241
3998,26,148,508669,128,0.600043535232544,0.600043535232544,1.2285293340682983,0.0005,86.85571575164795
3999,26,149,508797,128,0.3504471480846405,0.3504471480846405,0.9249850511550903,0.0005,86.87361288070679
4000,26,150,508925,128,0.6195294857025146,0.6195294857025146,0.868371307849884,0.0005,86.89107489585876
4001,26,151,509053,128,0.46681541204452515,0.46681541204452515,0.883343517780304,0.0005,86.91052484512329
4002,26,152,509181,128,0.5695633292198181,0.5695633292198181,1.4160130023956299,0.0005,86.93133425712585
4003,26,153,509309,128,0.4513413608074188,0.4513413608074188,1.0664805173873901,0.0005,86.95053911209106
4004,26,154,509314,5,0.39502638578414917,0.39502638578414917,0.9917094707489014,0.0005,86.95330452919006
4005,27,1,509442,128,0.5445690155029297,0.5445690155029297,1.1616244316101074,0.0005,87.64328193664551
4006,27,2,509570,128,0.8138751983642578,0.8138751983642578,1.2194817066192627,0.0005,87.6613826751709
4007,27,3,509698,128,1.0277179479599,1.0277179479599,1.216741919517517,0.0005,87.67903852462769
4008,27,4,509826,128,0.8537361025810242,0.8537361025810242,1.1132041215896606,0.0005,87.69655561447144
4009,27,5,509954,128,0.8769717216491699,0.8769717216491699,0.8541783690452576,0.0005,87.71423053741455
4010,27,6,510082,128,0.744288444519043,0.744288444519043,1.1926931142807007,0.0005,87.73211598396301
4011,27,7,510210,128,0.7722910642623901,0.7722910642623901,1.2973257303237915,0.0005,87.74983096122742
4012,27,8,510338,128,0.6433119773864746,0.6433119773864746,1.1317604780197144,0.0005,87.76755237579346
4013,27,9,510466,128,0.5568159222602844,0.5568159222602844,0.9236632585525513,0.0005,87.78582692146301
4014,27,10,510594,128,0.664141058921814,0.664141058921814,1.3084176778793335,0.0005,87.8037543296814
4015,27,11,510722,128,0.5416455864906311,0.5416455864906311,1.007620096206665,0.0005,87.82170391082764
4016,27,12,510850,128,0.6802674531936646,0.6802674531936646,0.771261990070343,0.0005,87.84063601493835
4017,27,13,510978,128,0.39960411190986633,0.39960411190986633,0.9149295091629028,0.0005,87.86044096946716
4018,27,14,511106,128,0.719308078289032,0.719308078289032,0.8931716084480286,0.0005,87.88348460197449
4019,27,15,511234,128,0.4597092270851135,0.4597092270851135,1.1031131744384766,0.0005,87.90368819236755
4020,27,16,511362,128,0.587805986404419,0.587805986404419,1.0868903398513794,0.0005,87.9219069480896
4021,27,17,511490,128,0.8058309555053711,0.8058309555053711,1.067116618156433,0.0005,87.93963885307312
4022,27,18,511618,128,0.5667552947998047,0.5667552947998047,1.2736791372299194,0.0005,87.9570860862732
4023,27,19,511746,128,0.8228679299354553,0.8228679299354553,0.8619999289512634,0.0005,87.97516775131226
4024,27,20,511874,128,0.5490956902503967,0.5490956902503967,1.18812894821167,0.0005,87.99267530441284
4025,27,21,512002,128,0.6990832090377808,0.6990832090377808,1.1711922883987427,0.0005,88.01014971733093
4026,27,22,512130,128,0.5354838967323303,0.5354838967323303,0.9317921996116638,0.0005,88.0275809764862
4027,27,23,512258,128,0.5121147036552429,0.5121147036552429,1.1246386766433716,0.0005,88.0454032421112
4028,27,24,512386,128,0.707211434841156,0.707211434841156,1.1487096548080444,0.0005,88.06306099891663
4029,27,25,512514,128,0.511387825012207,0.511387825012207,1.3039979934692383,0.0005,88.08051800727844
4030,27,26,512642,128,0.5021491050720215,0.5021491050720215,0.8813872337341309,0.0005,88.09832286834717
4031,27,27,512770,128,0.6486750841140747,0.6486750841140747,1.3558080196380615,0.0005,88.11627984046936
4032,27,28,512898,128,0.7498486042022705,0.7498486042022705,1.1621551513671875,0.0005,88.13413739204407
4033,27,29,513026,128,0.48209139704704285,0.48209139704704285,0.8990014791488647,0.0005,88.15144610404968
4034,27,30,513154,128,0.6042824983596802,0.6042824983596802,0.6972965598106384,0.0005,88.16923141479492
4035,27,31,513282,128,0.6593756079673767,0.6593756079673767,1.3232629299163818,0.0005,88.18727087974548
4036,27,32,513410,128,0.5653038024902344,0.5653038024902344,1.1313087940216064,0.0005,88.20517230033875
4037,27,33,513538,128,0.610725462436676,0.610725462436676,1.017044186592102,0.0005,88.22287583351135
4038,27,34,513666,128,0.4735950231552124,0.4735950231552124,1.149123191833496,0.0005,88.24065852165222
4039,27,35,513794,128,0.47628065943717957,0.47628065943717957,0.8360081315040588,0.0005,88.2585346698761
4040,27,36,513922,128,0.4697611927986145,0.4697611927986145,0.9377028346061707,0.0005,88.27756428718567
4041,27,37,514050,128,0.6362766027450562,0.6362766027450562,0.8726626634597778,0.0005,88.3079309463501
4042,27,38,514178,128,0.5109220147132874,0.5109220147132874,1.1343936920166016,0.0005,88.32902383804321
4043,27,39,514306,128,0.553034245967865,0.553034245967865,0.7871332168579102,0.0005,88.35086369514465
4044,27,40,514434,128,0.40583059191703796,0.40583059191703796,1.2996424436569214,0.0005,88.36831021308899
4045,27,41,514562,128,0.6031618118286133,0.6031618118286133,1.0469765663146973,0.0005,88.38604712486267
4046,27,42,514690,128,0.6555938720703125,0.6555938720703125,0.7520424127578735,0.0005,88.40352702140808
4047,27,43,514818,128,0.45155608654022217,0.45155608654022217,0.910590648651123,0.0005,88.42117071151733
4048,27,44,514946,128,0.6438072919845581,0.6438072919845581,0.8549153804779053,0.0005,88.4386522769928
4049,27,45,515074,128,0.7360700964927673,0.7360700964927673,1.3110711574554443,0.0005,88.45667910575867
4050,27,46,515202,128,0.40220728516578674,0.40220728516578674,1.216544270515442,0.0005,88.47417664527893
4051,27,47,515330,128,0.40529966354370117,0.40529966354370117,0.8288975358009338,0.0005,88.49159979820251
4052,27,48,515458,128,0.599761426448822,0.599761426448822,1.2515944242477417,0.0005,88.50951433181763
4053,27,49,515586,128,0.5209999084472656,0.5209999084472656,0.9971903562545776,0.0005,88.52760791778564
4054,27,50,515714,128,0.6262925267219543,0.6262925267219543,1.13502037525177,0.0005,88.54535007476807
4055,27,51,515842,128,0.5774907469749451,0.5774907469749451,1.0797154903411865,0.0005,88.56296944618225
4056,27,52,515970,128,0.8096995949745178,0.8096995949745178,1.4808716773986816,0.0005,88.58082413673401
4057,27,53,516098,128,0.5716946125030518,0.5716946125030518,1.0920721292495728,0.0005,88.59854626655579
4058,27,54,516226,128,0.5847049355506897,0.5847049355506897,1.0020147562026978,0.0005,88.61593174934387
4059,27,55,516354,128,0.5677895545959473,0.5677895545959473,1.4320608377456665,0.0005,88.63354754447937
4060,27,56,516482,128,0.5570920705795288,0.5570920705795288,1.380202293395996,0.0005,88.65170979499817
4061,27,57,516610,128,0.6050730347633362,0.6050730347633362,0.9733192920684814,0.0005,88.66955828666687
4062,27,58,516738,128,0.6359319090843201,0.6359319090843201,1.2527307271957397,0.0005,88.68718671798706
4063,27,59,516866,128,0.48249614238739014,0.48249614238739014,1.3574795722961426,0.0005,88.70489287376404
4064,27,60,516994,128,0.5530305504798889,0.5530305504798889,1.2470756769180298,0.0005,88.72311472892761
4065,27,61,517122,128,0.465230792760849,0.465230792760849,1.2439271211624146,0.0005,88.74082159996033
4066,27,62,517250,128,0.7356916069984436,0.7356916069984436,1.143999457359314,0.0005,88.75851130485535
4067,27,63,517378,128,0.8021725416183472,0.8021725416183472,0.8992829322814941,0.0005,88.77656054496765
4068,27,64,517506,128,0.47090834379196167,0.47090834379196167,1.4025312662124634,0.0005,88.79452276229858
4069,27,65,517634,128,0.7157757878303528,0.7157757878303528,0.8603593111038208,0.0005,88.81219816207886
4070,27,66,517762,128,0.6572141647338867,0.6572141647338867,1.266774296760559,0.0005,88.8296127319336
4071,27,67,517890,128,0.554678738117218,0.554678738117218,1.2725896835327148,0.0005,88.84756469726562
4072,27,68,518018,128,0.6061211824417114,0.6061211824417114,1.060720443725586,0.0005,88.86494088172913
4073,27,69,518146,128,0.6111820936203003,0.6111820936203003,0.9430092573165894,0.0005,88.88245868682861
4074,27,70,518274,128,0.7132884860038757,0.7132884860038757,1.2838724851608276,0.0005,88.90029978752136
4075,27,71,518402,128,0.65059894323349,0.65059894323349,1.0879220962524414,0.0005,88.91805696487427
4076,27,72,518530,128,0.701507031917572,0.701507031917572,1.4551870822906494,0.0005,88.93580555915833
4077,27,73,518658,128,0.5757202506065369,0.5757202506065369,1.1475565433502197,0.0005,88.95358204841614
4078,27,74,518786,128,0.719299852848053,0.719299852848053,1.0074801445007324,0.0005,88.97116470336914
4079,27,75,518914,128,0.4859641492366791,0.4859641492366791,1.3547996282577515,0.0005,88.98924398422241
4080,27,76,519042,128,0.5053308606147766,0.5053308606147766,0.9968847632408142,0.0005,89.00687432289124
4081,27,77,519170,128,0.5987299680709839,0.5987299680709839,1.1743390560150146,0.0005,89.02433156967163
4082,27,78,519298,128,0.7874852418899536,0.7874852418899536,0.9643710851669312,0.0005,89.04174947738647
4083,27,79,519426,128,0.39515405893325806,0.39515405893325806,1.1304947137832642,0.0005,89.0598554611206
4084,27,80,519554,128,0.5563918948173523,0.5563918948173523,0.9922735095024109,0.0005,89.07754755020142
4085,27,81,519682,128,0.5349838137626648,0.5349838137626648,0.9118430614471436,0.0005,89.09497570991516
4086,27,82,519810,128,0.5856184363365173,0.5856184363365173,1.2075741291046143,0.0005,89.11288976669312
4087,27,83,519938,128,0.6300292015075684,0.6300292015075684,1.5998632907867432,0.0005,89.13042902946472
4088,27,84,520066,128,0.4646064341068268,0.4646064341068268,1.199116826057434,0.0005,89.1479823589325
4089,27,85,520194,128,0.5079469084739685,0.5079469084739685,0.9348630905151367,0.0005,89.16553235054016
4090,27,86,520322,128,0.5108335018157959,0.5108335018157959,1.1625739336013794,0.0005,89.18327307701111
4091,27,87,520450,128,0.7313150763511658,0.7313150763511658,1.1466213464736938,0.0005,89.20044708251953
4092,27,88,520578,128,0.7309139966964722,0.7309139966964722,0.926788866519928,0.0005,89.21775007247925
4093,27,89,520706,128,0.5436670780181885,0.5436670780181885,1.2203353643417358,0.0005,89.23515915870667
4094,27,90,520834,128,0.741704523563385,0.741704523563385,1.1213947534561157,0.0005,89.25278091430664
4095,27,91,520962,128,0.9930098652839661,0.9930098652839661,1.0426517724990845,0.0005,89.2700765132904
4096,27,92,521090,128,0.529088020324707,0.529088020324707,1.0838009119033813,0.0005,89.28730630874634
4097,27,93,521218,128,0.4717026352882385,0.4717026352882385,1.2146532535552979,0.0005,89.30492091178894
4098,27,94,521346,128,0.4042108952999115,0.4042108952999115,0.9163289666175842,0.0005,89.32256746292114
4099,27,95,521474,128,0.5584425330162048,0.5584425330162048,1.0785077810287476,0.0005,89.34006214141846
4100,27,96,521602,128,0.5227024555206299,0.5227024555206299,1.2583918571472168,0.0005,89.35761833190918
4101,27,97,521730,128,0.673310399055481,0.673310399055481,1.1497836112976074,0.0005,89.37506771087646
4102,27,98,521858,128,0.5883824229240417,0.5883824229240417,1.5284450054168701,0.0005,89.39306902885437
4103,27,99,521986,128,0.651130735874176,0.651130735874176,0.8985733389854431,0.0005,89.41062998771667
4104,27,100,522114,128,0.6301130652427673,0.6301130652427673,1.236405611038208,0.0005,89.42824506759644
4105,27,101,522242,128,0.6740619540214539,0.6740619540214539,0.7900106906890869,0.0005,89.44594550132751
4106,27,102,522370,128,0.5113286972045898,0.5113286972045898,1.0884300470352173,0.0005,89.46326851844788
4107,27,103,522498,128,0.6310375332832336,0.6310375332832336,0.8630636930465698,0.0005,89.48052501678467
4108,27,104,522626,128,0.6307885646820068,0.6307885646820068,0.7082500457763672,0.0005,89.49791979789734
4109,27,105,522754,128,0.6337705254554749,0.6337705254554749,1.0955076217651367,0.0005,89.51584458351135
4110,27,106,522882,128,0.6102795004844666,0.6102795004844666,0.9776034951210022,0.0005,89.53345251083374
4111,27,107,523010,128,0.7160366773605347,0.7160366773605347,0.8099178075790405,0.0005,89.55097150802612
4112,27,108,523138,128,0.6487045288085938,0.6487045288085938,0.9388352632522583,0.0005,89.56831431388855
4113,27,109,523266,128,0.6002744436264038,0.6002744436264038,0.7686933875083923,0.0005,89.58670139312744
4114,27,110,523394,128,0.5267140865325928,0.5267140865325928,1.2468849420547485,0.0005,89.60437798500061
4115,27,111,523522,128,0.7667446732521057,0.7667446732521057,0.7230827212333679,0.0005,89.62182903289795
4116,27,112,523650,128,0.7097752094268799,0.7097752094268799,1.0627849102020264,0.0005,89.6391851902008
4117,27,113,523778,128,0.5353320240974426,0.5353320240974426,0.9846388697624207,0.0005,89.65678691864014
4118,27,114,523906,128,0.588520348072052,0.588520348072052,1.2780567407608032,0.0005,89.67446804046631
4119,27,115,524034,128,0.7122209072113037,0.7122209072113037,0.933273434638977,0.0005,89.69219183921814
4120,27,116,524162,128,0.6683929562568665,0.6683929562568665,1.104340672492981,0.0005,89.70978856086731
4121,27,117,524290,128,0.716632604598999,0.716632604598999,1.1245259046554565,0.0005,89.72762560844421
4122,27,118,524418,128,0.6713886857032776,0.6713886857032776,1.0382800102233887,0.0005,89.7450475692749
4123,27,119,524546,128,0.6318090558052063,0.6318090558052063,0.9773983955383301,0.0005,89.76243662834167
4124,27,120,524674,128,0.6386228203773499,0.6386228203773499,0.8981283903121948,0.0005,89.78037166595459
4125,27,121,524802,128,0.5739187002182007,0.5739187002182007,1.1769391298294067,0.0005,89.798344373703
4126,27,122,524930,128,0.5067892670631409,0.5067892670631409,0.9809181690216064,0.0005,89.81593918800354
4127,27,123,525058,128,0.6941984295845032,0.6941984295845032,0.7902247905731201,0.0005,89.83342432975769
4128,27,124,525186,128,0.7708955407142639,0.7708955407142639,1.2496720552444458,0.0005,89.85145878791809
4129,27,125,525314,128,0.4524727463722229,0.4524727463722229,1.3339860439300537,0.0005,89.86921262741089
4130,27,126,525442,128,0.6063019633293152,0.6063019633293152,1.048408031463623,0.0005,89.88664388656616
4131,27,127,525570,128,0.7620466351509094,0.7620466351509094,1.0455796718597412,0.0005,89.9044349193573
4132,27,128,525698,128,0.816513180732727,0.816513180732727,1.1799598932266235,0.0005,89.92242741584778
4133,27,129,525826,128,0.5932525396347046,0.5932525396347046,0.8387589454650879,0.0005,89.93978452682495
4134,27,130,525954,128,0.8134075999259949,0.8134075999259949,1.161682367324829,0.0005,89.95694828033447
4135,27,131,526082,128,0.5891771912574768,0.5891771912574768,1.0062274932861328,0.0005,89.97453665733337
4136,27,132,526210,128,0.456844687461853,0.456844687461853,1.2857282161712646,0.0005,89.99257373809814
4137,27,133,526338,128,0.6043545603752136,0.6043545603752136,1.065425992012024,0.0005,90.01005291938782
4138,27,134,526466,128,0.6367000341415405,0.6367000341415405,0.9445148706436157,0.0005,90.02732920646667
4139,27,135,526594,128,0.5298500657081604,0.5298500657081604,1.2089794874191284,0.0005,90.04456353187561
4140,27,136,526722,128,0.4885657727718353,0.4885657727718353,1.0935580730438232,0.0005,90.0619695186615
4141,27,137,526850,128,0.5274690389633179,0.5274690389633179,0.9877058863639832,0.0005,90.07914924621582
4142,27,138,526978,128,0.7411807179450989,0.7411807179450989,1.1390438079833984,0.0005,90.09638237953186
4143,27,139,527106,128,0.5741225481033325,0.5741225481033325,1.4269845485687256,0.0005,90.11436867713928
4144,27,140,527234,128,0.6838153004646301,0.6838153004646301,0.8871352076530457,0.0005,90.13169455528259
4145,27,141,527362,128,0.6277459859848022,0.6277459859848022,1.182553768157959,0.0005,90.14900755882263
4146,27,142,527490,128,0.4095101058483124,0.4095101058483124,1.0469419956207275,0.0005,90.1664867401123
4147,27,143,527618,128,0.443374365568161,0.443374365568161,0.7963116765022278,0.0005,90.18423533439636
4148,27,144,527746,128,0.7911235690116882,0.7911235690116882,1.2057077884674072,0.0005,90.2013807296753
4149,27,145,527874,128,0.5710715651512146,0.5710715651512146,1.363986849784851,0.0005,90.21868944168091
4150,27,146,528002,128,0.625920295715332,0.625920295715332,1.0505702495574951,0.0005,90.23638582229614
4151,27,147,528130,128,0.5598234534263611,0.5598234534263611,0.7639180421829224,0.0005,90.25429034233093
4152,27,148,528258,128,0.7768458127975464,0.7768458127975464,1.2736061811447144,0.0005,90.27176928520203
4153,27,149,528386,128,0.6823578476905823,0.6823578476905823,1.0105539560317993,0.0005,90.2893180847168
4154,27,150,528514,128,0.5342418551445007,0.5342418551445007,0.9520758390426636,0.0005,90.3068733215332
4155,27,151,528642,128,0.4205693304538727,0.4205693304538727,1.5077160596847534,0.0005,90.32488822937012
4156,27,152,528770,128,0.5736114978790283,0.5736114978790283,1.30742347240448,0.0005,90.34245586395264
4157,27,153,528898,128,0.6784539818763733,0.6784539818763733,0.803645133972168,0.0005,90.35992503166199
4158,27,154,528903,5,0.7752931118011475,0.7752931118011475,0.4872836470603943,0.0005,90.36264967918396
4159,28,1,529031,128,0.4028628170490265,0.4028628170490265,0.9829769134521484,0.0005,91.05218935012817
4160,28,2,529159,128,0.5532329678535461,0.5532329678535461,1.2081546783447266,0.0005,91.06985545158386
4161,28,3,529287,128,0.5681504607200623,0.5681504607200623,1.1366409063339233,0.0005,91.08772659301758
4162,28,4,529415,128,0.4739833474159241,0.4739833474159241,1.0706994533538818,0.0005,91.1055006980896
4163,28,5,529543,128,0.519743025302887,0.519743025302887,0.9350071549415588,0.0005,91.12396717071533
4164,28,6,529671,128,0.6770207285881042,0.6770207285881042,1.111188292503357,0.0005,91.14171195030212
4165,28,7,529799,128,0.4338821768760681,0.4338821768760681,0.7718483805656433,0.0005,91.15930509567261
4166,28,8,529927,128,0.6444772481918335,0.6444772481918335,1.4806488752365112,0.0005,91.17673206329346
4167,28,9,530055,128,0.42043402791023254,0.42043402791023254,1.1494539976119995,0.0005,91.19505667686462
4168,28,10,530183,128,0.574359655380249,0.574359655380249,1.4033372402191162,0.0005,91.21248531341553
4169,28,11,530311,128,0.4657641351222992,0.4657641351222992,1.097180962562561,0.0005,91.23006558418274
4170,28,12,530439,128,0.6531530618667603,0.6531530618667603,0.9046449065208435,0.0005,91.24779200553894
4171,28,13,530567,128,0.651409924030304,0.651409924030304,1.482357382774353,0.0005,91.26559782028198
4172,28,14,530695,128,0.6550491452217102,0.6550491452217102,0.9790326356887817,0.0005,91.2830262184143
4173,28,15,530823,128,0.5732504725456238,0.5732504725456238,1.1358132362365723,0.0005,91.30053377151489
4174,28,16,530951,128,0.5838105082511902,0.5838105082511902,1.1277934312820435,0.0005,91.31838965415955
4175,28,17,531079,128,0.4824596345424652,0.4824596345424652,0.89164137840271,0.0005,91.33603763580322
4176,28,18,531207,128,0.38674506545066833,0.38674506545066833,1.0758415460586548,0.0005,91.35366487503052
4177,28,19,531335,128,0.6140885949134827,0.6140885949134827,0.9893828630447388,0.0005,91.37133121490479
4178,28,20,531463,128,0.4706857204437256,0.4706857204437256,0.8627821207046509,0.0005,91.38929390907288
4179,28,21,531591,128,0.5027055740356445,0.5027055740356445,1.0552383661270142,0.0005,91.40713953971863
4180,28,22,531719,128,0.5506412386894226,0.5506412386894226,0.8698921799659729,0.0005,91.42458057403564
4181,28,23,531847,128,0.47967520356178284,0.47967520356178284,1.0350056886672974,0.0005,91.44209241867065
4182,28,24,531975,128,0.6227613091468811,0.6227613091468811,0.9876990914344788,0.0005,91.45999932289124
4183,28,25,532103,128,0.46395614743232727,0.46395614743232727,0.7044300436973572,0.0005,91.47795796394348
4184,28,26,532231,128,0.6147752404212952,0.6147752404212952,0.9215110540390015,0.0005,91.4954514503479
4185,28,27,532359,128,0.6082439422607422,0.6082439422607422,1.2051805257797241,0.0005,91.51295590400696
4186,28,28,532487,128,0.6006296873092651,0.6006296873092651,0.9922706484794617,0.0005,91.53074932098389
4187,28,29,532615,128,0.6944436430931091,0.6944436430931091,1.0719832181930542,0.0005,91.54819083213806
4188,28,30,532743,128,0.461710125207901,0.461710125207901,1.301073670387268,0.0005,91.56541061401367
4189,28,31,532871,128,0.5256611704826355,0.5256611704826355,1.2277590036392212,0.0005,91.58317971229553
4190,28,32,532999,128,0.6539713740348816,0.6539713740348816,1.2681915760040283,0.0005,91.60097980499268
4191,28,33,533127,128,0.5236964821815491,0.5236964821815491,0.8190487623214722,0.0005,91.61864972114563
4192,28,34,533255,128,0.6302013397216797,0.6302013397216797,0.9805570840835571,0.0005,91.63605046272278
4193,28,35,533383,128,0.43861305713653564,0.43861305713653564,1.1556838750839233,0.0005,91.65366888046265
4194,28,36,533511,128,0.449918270111084,0.449918270111084,0.9643741846084595,0.0005,91.67083191871643
4195,28,37,533639,128,0.6726400852203369,0.6726400852203369,1.1199387311935425,0.0005,91.68841004371643
4196,28,38,533767,128,0.6045677661895752,0.6045677661895752,1.5273364782333374,0.0005,91.70576691627502
4197,28,39,533895,128,0.5680439472198486,0.5680439472198486,0.7735400795936584,0.0005,91.7234935760498
4198,28,40,534023,128,0.7414568662643433,0.7414568662643433,0.9827504754066467,0.0005,91.74134588241577
4199,28,41,534151,128,0.6246888637542725,0.6246888637542725,0.9968405365943909,0.0005,91.75897288322449
4200,28,42,534279,128,0.521416962146759,0.521416962146759,0.8940072059631348,0.0005,91.77661943435669
4201,28,43,534407,128,0.6909743547439575,0.6909743547439575,1.376003623008728,0.0005,91.79491996765137
4202,28,44,534535,128,0.5294938683509827,0.5294938683509827,1.7518045902252197,0.0005,91.81249952316284
4203,28,45,534663,128,0.6535364389419556,0.6535364389419556,0.8749994039535522,0.0005,91.83004832267761
4204,28,46,534791,128,0.5458346009254456,0.5458346009254456,1.1382839679718018,0.0005,91.84792757034302
4205,28,47,534919,128,0.5588917136192322,0.5588917136192322,1.0938827991485596,0.0005,91.8658652305603
4206,28,48,535047,128,0.6231600642204285,0.6231600642204285,1.2343649864196777,0.0005,91.88369822502136
4207,28,49,535175,128,0.5936272144317627,0.5936272144317627,1.2362995147705078,0.0005,91.90185141563416
4208,28,50,535303,128,0.5911321043968201,0.5911321043968201,0.8388801217079163,0.0005,91.92013049125671
4209,28,51,535431,128,0.4446621239185333,0.4446621239185333,1.094709873199463,0.0005,91.93779158592224
4210,28,52,535559,128,0.5872564315795898,0.5872564315795898,1.0872745513916016,0.0005,91.95540881156921
4211,28,53,535687,128,0.4961782693862915,0.4961782693862915,1.1489639282226562,0.0005,91.97311019897461
4212,28,54,535815,128,0.3934837579727173,0.3934837579727173,1.0516949892044067,0.0005,91.99126744270325
4213,28,55,535943,128,0.41205012798309326,0.41205012798309326,1.274518370628357,0.0005,92.0093367099762
4214,28,56,536071,128,0.5464684367179871,0.5464684367179871,1.2382628917694092,0.0005,92.0270254611969
4215,28,57,536199,128,0.7002191543579102,0.7002191543579102,1.0931211709976196,0.0005,92.04447150230408
4216,28,58,536327,128,0.5018361806869507,0.5018361806869507,1.184567928314209,0.0005,92.0628092288971
4217,28,59,536455,128,0.6244611740112305,0.6244611740112305,1.4153460264205933,0.0005,92.08059692382812
4218,28,60,536583,128,0.4917396008968353,0.4917396008968353,0.9857727289199829,0.0005,92.09828972816467
4219,28,61,536711,128,0.6242183446884155,0.6242183446884155,1.0292128324508667,0.0005,92.11654210090637
4220,28,62,536839,128,0.5240066647529602,0.5240066647529602,1.1309503316879272,0.0005,92.13438415527344
4221,28,63,536967,128,0.5121152997016907,0.5121152997016907,0.975661039352417,0.0005,92.15199279785156
4222,28,64,537095,128,0.4142245650291443,0.4142245650291443,0.7773565649986267,0.0005,92.16989994049072
4223,28,65,537223,128,0.6474584937095642,0.6474584937095642,1.1042383909225464,0.0005,92.18806433677673
4224,28,66,537351,128,0.720410168170929,0.720410168170929,1.0739880800247192,0.0005,92.20584201812744
4225,28,67,537479,128,0.7773833274841309,0.7773833274841309,1.1789209842681885,0.0005,92.22386574745178
4226,28,68,537607,128,0.601366400718689,0.601366400718689,1.0414092540740967,0.0005,92.24167466163635
4227,28,69,537735,128,1.0021564960479736,1.0021564960479736,1.523781418800354,0.0005,92.25976276397705
4228,28,70,537863,128,0.731561541557312,0.731561541557312,0.8715769648551941,0.0005,92.2777042388916
4229,28,71,537991,128,0.5747390389442444,0.5747390389442444,0.9773493409156799,0.0005,92.29542779922485
4230,28,72,538119,128,0.5557309985160828,0.5557309985160828,1.285393476486206,0.0005,92.3132655620575
4231,28,73,538247,128,0.8187882304191589,0.8187882304191589,1.2855430841445923,0.0005,92.33149576187134
4232,28,74,538375,128,0.613685667514801,0.613685667514801,1.185005784034729,0.0005,92.34943675994873
4233,28,75,538503,128,0.7235538363456726,0.7235538363456726,1.1842955350875854,0.0005,92.36704277992249
4234,28,76,538631,128,0.5062313675880432,0.5062313675880432,1.077965259552002,0.0005,92.38499665260315
4235,28,77,538759,128,0.7078873515129089,0.7078873515129089,1.3159677982330322,0.0005,92.4028754234314
4236,28,78,538887,128,0.9507266283035278,0.9507266283035278,0.9283149242401123,0.0005,92.42056179046631
4237,28,79,539015,128,0.4874899983406067,0.4874899983406067,1.1225237846374512,0.0005,92.43832540512085
4238,28,80,539143,128,0.5507320165634155,0.5507320165634155,1.0474355220794678,0.0005,92.45619082450867
4239,28,81,539271,128,0.6599732637405396,0.6599732637405396,0.9671816229820251,0.0005,92.47359871864319
4240,28,82,539399,128,0.5988348126411438,0.5988348126411438,0.979499340057373,0.0005,92.49102926254272
4241,28,83,539527,128,0.4978286623954773,0.4978286623954773,0.8573986887931824,0.0005,92.50877165794373
4242,28,84,539655,128,0.6564468741416931,0.6564468741416931,1.0699255466461182,0.0005,92.52685332298279
4243,28,85,539783,128,0.6861715316772461,0.6861715316772461,0.9799851775169373,0.0005,92.5448350906372
4244,28,86,539911,128,0.534324586391449,0.534324586391449,1.190169334411621,0.0005,92.56250882148743
4245,28,87,540039,128,0.7097141742706299,0.7097141742706299,1.2509442567825317,0.0005,92.5801796913147
4246,28,88,540167,128,0.8355622887611389,0.8355622887611389,1.0824090242385864,0.0005,92.59804797172546
4247,28,89,540295,128,0.6322656869888306,0.6322656869888306,1.1204851865768433,0.0005,92.61544847488403
4248,28,90,540423,128,0.5068488121032715,0.5068488121032715,0.9700056910514832,0.0005,92.63291811943054
4249,28,91,540551,128,0.8406089544296265,0.8406089544296265,1.051287055015564,0.0005,92.65123987197876
4250,28,92,540679,128,0.6781452894210815,0.6781452894210815,0.9189894795417786,0.0005,92.6688883304596
4251,28,93,540807,128,0.46496298909187317,0.46496298909187317,1.2904285192489624,0.0005,92.68657326698303
4252,28,94,540935,128,0.604935348033905,0.604935348033905,0.7770408987998962,0.0005,92.7041449546814
4253,28,95,541063,128,0.6203784942626953,0.6203784942626953,1.1676074266433716,0.0005,92.72203016281128
4254,28,96,541191,128,0.679107666015625,0.679107666015625,1.1033613681793213,0.0005,92.73963260650635
4255,28,97,541319,128,0.5371176600456238,0.5371176600456238,0.9296897649765015,0.0005,92.75746870040894
4256,28,98,541447,128,0.7179468870162964,0.7179468870162964,1.0054138898849487,0.0005,92.77501273155212
4257,28,99,541575,128,0.49302250146865845,0.49302250146865845,1.2018859386444092,0.0005,92.79309868812561
4258,28,100,541703,128,0.6972256302833557,0.6972256302833557,0.9607110619544983,0.0005,92.8107705116272
4259,28,101,541831,128,0.7978746891021729,0.7978746891021729,1.3440855741500854,0.0005,92.82854509353638
4260,28,102,541959,128,0.3999415636062622,0.3999415636062622,1.0787358283996582,0.0005,92.84597134590149
4261,28,103,542087,128,0.40174463391304016,0.40174463391304016,1.116835594177246,0.0005,92.86421346664429
4262,28,104,542215,128,0.5237979292869568,0.5237979292869568,0.912270724773407,0.0005,92.88184094429016
4263,28,105,542343,128,0.5431969165802002,0.5431969165802002,1.0802791118621826,0.0005,92.89962887763977
4264,28,106,542471,128,0.5186373591423035,0.5186373591423035,0.989966869354248,0.0005,92.91774439811707
4265,28,107,542599,128,0.6523329019546509,0.6523329019546509,1.3219144344329834,0.0005,92.93589997291565
4266,28,108,542727,128,0.38949522376060486,0.38949522376060486,0.8803540468215942,0.0005,92.95376896858215
4267,28,109,542855,128,0.6009895205497742,0.6009895205497742,0.7200008630752563,0.0005,92.9718086719513
4268,28,110,542983,128,0.4304766356945038,0.4304766356945038,0.7491447329521179,0.0005,92.98994827270508
4269,28,111,543111,128,0.6867899298667908,0.6867899298667908,1.684198260307312,0.0005,93.00793409347534
4270,28,112,543239,128,0.5538722276687622,0.5538722276687622,0.8932401537895203,0.0005,93.02601718902588
4271,28,113,543367,128,0.4505586624145508,0.4505586624145508,1.0339242219924927,0.0005,93.04398703575134
4272,28,114,543495,128,0.704972505569458,0.704972505569458,0.9336104393005371,0.0005,93.06218957901001
4273,28,115,543623,128,0.5723771452903748,0.5723771452903748,1.204200267791748,0.0005,93.08040738105774
4274,28,116,543751,128,0.584098219871521,0.584098219871521,1.4423315525054932,0.0005,93.09798765182495
4275,28,117,543879,128,0.5533825755119324,0.5533825755119324,0.951667070388794,0.0005,93.11557626724243
4276,28,118,544007,128,0.5697883367538452,0.5697883367538452,0.7787191867828369,0.0005,93.13363695144653
4277,28,119,544135,128,0.47033652663230896,0.47033652663230896,0.9724873900413513,0.0005,93.1513340473175
4278,28,120,544263,128,0.5788035988807678,0.5788035988807678,0.8710899353027344,0.0005,93.1688244342804
4279,28,121,544391,128,0.4829748570919037,0.4829748570919037,1.2528363466262817,0.0005,93.18724346160889
4280,28,122,544519,128,0.735653817653656,0.735653817653656,1.434686541557312,0.0005,93.2054214477539
4281,28,123,544647,128,0.5094545483589172,0.5094545483589172,1.01230788230896,0.0005,93.22316694259644
4282,28,124,544775,128,0.3803969621658325,0.3803969621658325,1.128764271736145,0.0005,93.24071288108826
4283,28,125,544903,128,0.7861568331718445,0.7861568331718445,1.041222333908081,0.0005,93.25845503807068
4284,28,126,545031,128,0.6659716367721558,0.6659716367721558,0.956689178943634,0.0005,93.27601671218872
4285,28,127,545159,128,0.7073560953140259,0.7073560953140259,0.8948842287063599,0.0005,93.29363083839417
4286,28,128,545287,128,0.4695708453655243,0.4695708453655243,0.7028646469116211,0.0005,93.31130385398865
4287,28,129,545415,128,0.5286471247673035,0.5286471247673035,0.9320131540298462,0.0005,93.32937574386597
4288,28,130,545543,128,0.6584147214889526,0.6584147214889526,1.1256918907165527,0.0005,93.3468611240387
4289,28,131,545671,128,0.56299889087677,0.56299889087677,1.1972604990005493,0.0005,93.36444330215454
4290,28,132,545799,128,0.562588632106781,0.562588632106781,1.1365073919296265,0.0005,93.38207960128784
4291,28,133,545927,128,0.5901511311531067,0.5901511311531067,1.3648267984390259,0.0005,93.40025067329407
4292,28,134,546055,128,0.6879180669784546,0.6879180669784546,0.8020349144935608,0.0005,93.41761541366577
4293,28,135,546183,128,0.47568240761756897,0.47568240761756897,1.1588436365127563,0.0005,93.43495178222656
4294,28,136,546311,128,0.5257804989814758,0.5257804989814758,1.11408531665802,0.0005,93.45243000984192
4295,28,137,546439,128,0.5421769022941589,0.5421769022941589,1.3842285871505737,0.0005,93.46980547904968
4296,28,138,546567,128,0.7035356760025024,0.7035356760025024,1.0124226808547974,0.0005,93.48696160316467
4297,28,139,546695,128,0.7000492215156555,0.7000492215156555,0.9054968357086182,0.0005,93.50451755523682
4298,28,140,546823,128,0.5862104892730713,0.5862104892730713,1.0350264310836792,0.0005,93.52223682403564
4299,28,141,546951,128,0.45992395281791687,0.45992395281791687,0.9573236107826233,0.0005,93.53987240791321
4300,28,142,547079,128,0.4687858521938324,0.4687858521938324,1.5782111883163452,0.0005,93.55763268470764
4301,28,143,547207,128,0.6278281211853027,0.6278281211853027,1.1908092498779297,0.0005,93.57526683807373
4302,28,144,547335,128,0.6131928563117981,0.6131928563117981,0.9423432350158691,0.0005,93.5929183959961
4303,28,145,547463,128,0.6183614134788513,0.6183614134788513,1.2432844638824463,0.0005,93.61066555976868
4304,28,146,547591,128,0.5390762686729431,0.5390762686729431,1.0722678899765015,0.0005,93.62787938117981
4305,28,147,547719,128,0.9808581471443176,0.9808581471443176,1.2117849588394165,0.0005,93.64531898498535
4306,28,148,547847,128,0.77740079164505,0.77740079164505,1.059912085533142,0.0005,93.6632330417633
4307,28,149,547975,128,0.5729269981384277,0.5729269981384277,1.3588532209396362,0.0005,93.68081784248352
4308,28,150,548103,128,0.7885635495185852,0.7885635495185852,0.9022639989852905,0.0005,93.69857454299927
4309,28,151,548231,128,0.4389879107475281,0.4389879107475281,1.4750701189041138,0.0005,93.71636056900024
4310,28,152,548359,128,0.7482989430427551,0.7482989430427551,1.1029738187789917,0.0005,93.7339220046997
4311,28,153,548487,128,0.838445246219635,0.838445246219635,0.9941375851631165,0.0005,93.75120234489441
4312,28,154,548492,5,0.433767706155777,0.433767706155777,0.6640751957893372,0.0005,93.75372171401978
4313,29,1,548620,128,0.4655015468597412,0.4655015468597412,0.9138309955596924,0.0005,94.44959235191345
4314,29,2,548748,128,0.6493180990219116,0.6493180990219116,1.0666215419769287,0.0005,94.46736288070679
4315,29,3,548876,128,0.5250381827354431,0.5250381827354431,0.9015354514122009,0.0005,94.48511791229248
4316,29,4,549004,128,0.4811413586139679,0.4811413586139679,0.8093569874763489,0.0005,94.50257563591003
4317,29,5,549132,128,0.6433035135269165,0.6433035135269165,0.9878696799278259,0.0005,94.52014183998108
4318,29,6,549260,128,0.5655856132507324,0.5655856132507324,0.9047805070877075,0.0005,94.53811764717102
4319,29,7,549388,128,0.6690966486930847,0.6690966486930847,1.221845269203186,0.0005,94.55610060691833
4320,29,8,549516,128,0.44293269515037537,0.44293269515037537,1.6204746961593628,0.0005,94.57351684570312
4321,29,9,549644,128,0.520790159702301,0.520790159702301,1.3814677000045776,0.0005,94.59114527702332
4322,29,10,549772,128,0.6215291023254395,0.6215291023254395,1.4341715574264526,0.0005,94.60873341560364
4323,29,11,549900,128,0.6926825046539307,0.6926825046539307,1.3077037334442139,0.0005,94.62593626976013
4324,29,12,550028,128,0.5295371413230896,0.5295371413230896,1.3085851669311523,0.0005,94.64334464073181
4325,29,13,550156,128,0.6887530088424683,0.6887530088424683,1.1232564449310303,0.0005,94.66108918190002
4326,29,14,550284,128,0.7052880525588989,0.7052880525588989,0.8250645995140076,0.0005,94.6783401966095
4327,29,15,550412,128,0.5019959211349487,0.5019959211349487,0.9382380247116089,0.0005,94.69561886787415
4328,29,16,550540,128,0.6425239443778992,0.6425239443778992,1.2596328258514404,0.0005,94.71271443367004
4329,29,17,550668,128,0.4872952997684479,0.4872952997684479,1.1427154541015625,0.0005,94.73055863380432
4330,29,18,550796,128,0.5697945952415466,0.5697945952415466,1.0517181158065796,0.0005,94.74807810783386
4331,29,19,550924,128,0.5883625149726868,0.5883625149726868,1.0952627658843994,0.0005,94.7655885219574
4332,29,20,551052,128,0.49759116768836975,0.49759116768836975,1.191417932510376,0.0005,94.7835841178894
4333,29,21,551180,128,0.6448487043380737,0.6448487043380737,1.2117326259613037,0.0005,94.80148148536682
4334,29,22,551308,128,0.662970781326294,0.662970781326294,1.0011340379714966,0.0005,94.81902933120728
4335,29,23,551436,128,0.6674134731292725,0.6674134731292725,1.0532110929489136,0.0005,94.83641958236694
4336,29,24,551564,128,0.6393263936042786,0.6393263936042786,1.5671507120132446,0.0005,94.85375785827637
4337,29,25,551692,128,0.56609046459198,0.56609046459198,1.2547909021377563,0.0005,94.87108135223389
4338,29,26,551820,128,0.37897634506225586,0.37897634506225586,1.0322682857513428,0.0005,94.88832426071167
4339,29,27,551948,128,0.4741118550300598,0.4741118550300598,0.7208760976791382,0.0005,94.90601372718811
4340,29,28,552076,128,0.5611258745193481,0.5611258745193481,1.0910053253173828,0.0005,94.92388677597046
4341,29,29,552204,128,0.5948765277862549,0.5948765277862549,1.1984862089157104,0.0005,94.94134569168091
4342,29,30,552332,128,0.9058822393417358,0.9058822393417358,1.0678722858428955,0.0005,94.95876097679138
4343,29,31,552460,128,0.5830572247505188,0.5830572247505188,1.1522091627120972,0.0005,94.9761552810669
4344,29,32,552588,128,0.4252340495586395,0.4252340495586395,1.0188828706741333,0.0005,94.99393200874329
4345,29,33,552716,128,0.7453224062919617,0.7453224062919617,1.2224459648132324,0.0005,95.0112054347992
4346,29,34,552844,128,0.5396694540977478,0.5396694540977478,1.0169063806533813,0.0005,95.02840280532837
4347,29,35,552972,128,0.4801514744758606,0.4801514744758606,1.220375418663025,0.0005,95.04567408561707
4348,29,36,553100,128,0.5115713477134705,0.5115713477134705,0.9567726850509644,0.0005,95.06315040588379
4349,29,37,553228,128,0.40418925881385803,0.40418925881385803,0.995072066783905,0.0005,95.08071827888489
4350,29,38,553356,128,0.7559276223182678,0.7559276223182678,0.9087091088294983,0.0005,95.09841084480286
4351,29,39,553484,128,0.4746697247028351,0.4746697247028351,0.870582103729248,0.0005,95.11586427688599
4352,29,40,553612,128,0.4954882562160492,0.4954882562160492,1.252382755279541,0.0005,95.1338586807251
4353,29,41,553740,128,0.6266982555389404,0.6266982555389404,1.287174105644226,0.0005,95.15121054649353
4354,29,42,553868,128,0.7637011408805847,0.7637011408805847,1.394895076751709,0.0005,95.1685209274292
4355,29,43,553996,128,0.5503078103065491,0.5503078103065491,1.0077004432678223,0.0005,95.18612480163574
4356,29,44,554124,128,0.8089933395385742,0.8089933395385742,1.131856083869934,0.0005,95.20381140708923
4357,29,45,554252,128,0.816190779209137,0.816190779209137,0.9136407971382141,0.0005,95.22146129608154
4358,29,46,554380,128,0.5075880885124207,0.5075880885124207,1.2337756156921387,0.0005,95.23918890953064
4359,29,47,554508,128,0.7828447818756104,0.7828447818756104,1.1602414846420288,0.0005,95.2571873664856
4360,29,48,554636,128,0.9290024638175964,0.9290024638175964,0.917812705039978,0.0005,95.27471113204956
4361,29,49,554764,128,0.6363605856895447,0.6363605856895447,1.198249340057373,0.0005,95.29241228103638
4362,29,50,554892,128,0.5230013728141785,0.5230013728141785,1.2027037143707275,0.0005,95.30987811088562
4363,29,51,555020,128,0.5619314908981323,0.5619314908981323,1.0303875207901,0.0005,95.32760119438171
4364,29,52,555148,128,0.626495897769928,0.626495897769928,1.0036935806274414,0.0005,95.34530401229858
4365,29,53,555276,128,0.4974357783794403,0.4974357783794403,1.0495531558990479,0.0005,95.36254477500916
4366,29,54,555404,128,0.4891326427459717,0.4891326427459717,0.8991636633872986,0.0005,95.379953622818
4367,29,55,555532,128,0.49958789348602295,0.49958789348602295,0.9692288637161255,0.0005,95.39791226387024
4368,29,56,555660,128,0.5753594040870667,0.5753594040870667,1.1192293167114258,0.0005,95.4155023097992
4369,29,57,555788,128,0.6623258590698242,0.6623258590698242,0.9120569229125977,0.0005,95.43328833580017
4370,29,58,555916,128,0.5041581392288208,0.5041581392288208,0.8284088373184204,0.0005,95.45082783699036
4371,29,59,556044,128,0.5884031653404236,0.5884031653404236,0.7839220762252808,0.0005,95.47017621994019
4372,29,60,556172,128,0.7319203019142151,0.7319203019142151,1.1261428594589233,0.0005,95.48834228515625
4373,29,61,556300,128,0.6679000854492188,0.6679000854492188,1.428443431854248,0.0005,95.50583910942078
4374,29,62,556428,128,0.6445988416671753,0.6445988416671753,1.096779227256775,0.0005,95.52393412590027
4375,29,63,556556,128,0.5805315375328064,0.5805315375328064,1.193299651145935,0.0005,95.54150915145874
4376,29,64,556684,128,0.5200516581535339,0.5200516581535339,1.417419672012329,0.0005,95.55930304527283
4377,29,65,556812,128,0.63663250207901,0.63663250207901,1.2044490575790405,0.0005,95.5768632888794
4378,29,66,556940,128,0.5329277515411377,0.5329277515411377,1.089751958847046,0.0005,95.59492492675781
4379,29,67,557068,128,0.7672549486160278,0.7672549486160278,0.9691737294197083,0.0005,95.612628698349
4380,29,68,557196,128,0.5822480916976929,0.5822480916976929,0.8925219774246216,0.0005,95.62973117828369
4381,29,69,557324,128,0.5870876312255859,0.5870876312255859,1.102231740951538,0.0005,95.64702010154724
4382,29,70,557452,128,0.5641835927963257,0.5641835927963257,0.9953245520591736,0.0005,95.66484189033508
4383,29,71,557580,128,1.188351035118103,1.188351035118103,1.0617692470550537,0.0005,95.6821837425232
4384,29,72,557708,128,0.5611703395843506,0.5611703395843506,0.9991918206214905,0.0005,95.69954562187195
4385,29,73,557836,128,0.9529557824134827,0.9529557824134827,1.3152735233306885,0.0005,95.71696257591248
4386,29,74,557964,128,0.6089319586753845,0.6089319586753845,1.384885549545288,0.0005,95.73455476760864
4387,29,75,558092,128,0.541621208190918,0.541621208190918,1.1360124349594116,0.0005,95.75225853919983
4388,29,76,558220,128,0.6824873089790344,0.6824873089790344,1.1060913801193237,0.0005,95.76968741416931
4389,29,77,558348,128,0.628325343132019,0.628325343132019,0.8773093819618225,0.0005,95.78715252876282
4390,29,78,558476,128,0.5240039229393005,0.5240039229393005,1.0944933891296387,0.0005,95.8071801662445
4391,29,79,558604,128,0.5230715274810791,0.5230715274810791,1.0287058353424072,0.0005,95.82466435432434
4392,29,80,558732,128,0.5261510610580444,0.5261510610580444,1.098318099975586,0.0005,95.8421983718872
4393,29,81,558860,128,0.5926254987716675,0.5926254987716675,0.7774761915206909,0.0005,95.86010694503784
4394,29,82,558988,128,0.5217198133468628,0.5217198133468628,1.0806032419204712,0.0005,95.87762689590454
4395,29,83,559116,128,0.8083282113075256,0.8083282113075256,1.2511379718780518,0.0005,95.89540123939514
4396,29,84,559244,128,0.3914845883846283,0.3914845883846283,1.0343514680862427,0.0005,95.91301584243774
4397,29,85,559372,128,0.3944665491580963,0.3944665491580963,1.0042287111282349,0.0005,95.93102717399597
4398,29,86,559500,128,0.5456433296203613,0.5456433296203613,0.737558901309967,0.0005,95.94878244400024
4399,29,87,559628,128,0.7713583111763,0.7713583111763,0.9310848116874695,0.0005,95.96646165847778
4400,29,88,559756,128,0.6459289193153381,0.6459289193153381,0.8016282320022583,0.0005,95.98413610458374
4401,29,89,559884,128,0.5883386731147766,0.5883386731147766,0.9203397631645203,0.0005,96.00195860862732
4402,29,90,560012,128,0.47781553864479065,0.47781553864479065,1.4563994407653809,0.0005,96.01959156990051
4403,29,91,560140,128,0.37731051445007324,0.37731051445007324,1.0108890533447266,0.0005,96.03730058670044
4404,29,92,560268,128,0.49788951873779297,0.49788951873779297,0.9516067504882812,0.0005,96.05503726005554
4405,29,93,560396,128,0.5610946416854858,0.5610946416854858,1.0363811254501343,0.0005,96.07287836074829
4406,29,94,560524,128,0.4753955602645874,0.4753955602645874,1.1024843454360962,0.0005,96.09051251411438
4407,29,95,560652,128,0.5574109554290771,0.5574109554290771,0.7237098217010498,0.0005,96.10788822174072
4408,29,96,560780,128,0.8630660176277161,0.8630660176277161,0.9998728632926941,0.0005,96.12611031532288
4409,29,97,560908,128,0.5769913196563721,0.5769913196563721,1.2662802934646606,0.0005,96.14388346672058
4410,29,98,561036,128,0.6488978266716003,0.6488978266716003,1.0984008312225342,0.0005,96.16151475906372
4411,29,99,561164,128,0.5636885166168213,0.5636885166168213,1.102817416191101,0.0005,96.17898917198181
4412,29,100,561292,128,0.5868680477142334,0.5868680477142334,1.3166168928146362,0.0005,96.19669222831726
4413,29,101,561420,128,0.6011705994606018,0.6011705994606018,1.0196586847305298,0.0005,96.21428322792053
4414,29,102,561548,128,0.40942251682281494,0.40942251682281494,0.9263686537742615,0.0005,96.23166704177856
4415,29,103,561676,128,0.45568031072616577,0.45568031072616577,1.0271646976470947,0.0005,96.24940872192383
4416,29,104,561804,128,0.4716610312461853,0.4716610312461853,1.0418636798858643,0.0005,96.26746320724487
4417,29,105,561932,128,0.5530563592910767,0.5530563592910767,1.076610803604126,0.0005,96.2851824760437
4418,29,106,562060,128,0.7708773016929626,0.7708773016929626,0.8818131685256958,0.0005,96.30282139778137
4419,29,107,562188,128,0.539104700088501,0.539104700088501,1.2139579057693481,0.0005,96.32051610946655
4420,29,108,562316,128,0.5533136129379272,0.5533136129379272,1.4973084926605225,0.0005,96.33851885795593
4421,29,109,562444,128,0.5008163452148438,0.5008163452148438,1.171174168586731,0.0005,96.3561315536499
4422,29,110,562572,128,0.6081118583679199,0.6081118583679199,1.2349257469177246,0.0005,96.37368440628052
4423,29,111,562700,128,0.501463770866394,0.501463770866394,1.1519012451171875,0.0005,96.39166402816772
4424,29,112,562828,128,0.6154770851135254,0.6154770851135254,1.4485936164855957,0.0005,96.40892148017883
4425,29,113,562956,128,0.7863064408302307,0.7863064408302307,1.1746670007705688,0.0005,96.42634844779968
4426,29,114,563084,128,0.5344638824462891,0.5344638824462891,0.7951166033744812,0.0005,96.44391822814941
4427,29,115,563212,128,0.6439747214317322,0.6439747214317322,0.9001402258872986,0.0005,96.46222376823425
4428,29,116,563340,128,0.6235545873641968,0.6235545873641968,1.609037160873413,0.0005,96.479989528656
4429,29,117,563468,128,0.9041552543640137,0.9041552543640137,1.0739868879318237,0.0005,96.4976806640625
4430,29,118,563596,128,0.40930449962615967,0.40930449962615967,0.7006636261940002,0.0005,96.51534867286682
4431,29,119,563724,128,0.6368714570999146,0.6368714570999146,1.1186695098876953,0.0005,96.53316569328308
4432,29,120,563852,128,0.5549970269203186,0.5549970269203186,1.202193021774292,0.0005,96.55105209350586
4433,29,121,563980,128,0.8833608627319336,0.8833608627319336,1.0733044147491455,0.0005,96.56880259513855
4434,29,122,564108,128,0.5016083717346191,0.5016083717346191,1.1262576580047607,0.0005,96.58650302886963
4435,29,123,564236,128,0.49041739106178284,0.49041739106178284,0.9501380920410156,0.0005,96.60462260246277
4436,29,124,564364,128,0.7165430784225464,0.7165430784225464,0.9718135595321655,0.0005,96.62224864959717
4437,29,125,564492,128,0.5713282823562622,0.5713282823562622,0.8808078169822693,0.0005,96.63965821266174
4438,29,126,564620,128,0.4758055806159973,0.4758055806159973,0.8982259035110474,0.0005,96.65755414962769
4439,29,127,564748,128,0.43256887793540955,0.43256887793540955,1.476349115371704,0.0005,96.6751127243042
4440,29,128,564876,128,0.6280237436294556,0.6280237436294556,0.956146240234375,0.0005,96.69262671470642
4441,29,129,565004,128,0.6892919540405273,0.6892919540405273,1.0824241638183594,0.0005,96.70995998382568
4442,29,130,565132,128,0.5978763699531555,0.5978763699531555,0.9066299796104431,0.0005,96.7280113697052
4443,29,131,565260,128,0.7673811316490173,0.7673811316490173,1.511272668838501,0.0005,96.7457869052887
4444,29,132,565388,128,0.4831332564353943,0.4831332564353943,0.647167980670929,0.0005,96.76353001594543
4445,29,133,565516,128,0.7598018646240234,0.7598018646240234,0.8624939322471619,0.0005,96.78098368644714
4446,29,134,565644,128,0.5239859819412231,0.5239859819412231,1.220369815826416,0.0005,96.79907846450806
4447,29,135,565772,128,0.6632503867149353,0.6632503867149353,1.453641653060913,0.0005,96.8164279460907
4448,29,136,565900,128,0.648113489151001,0.648113489151001,1.3911552429199219,0.0005,96.83409595489502
4449,29,137,566028,128,0.5811813473701477,0.5811813473701477,1.0760871171951294,0.0005,96.85155272483826
4450,29,138,566156,128,0.68646240234375,0.68646240234375,0.9417663812637329,0.0005,96.86919927597046
4451,29,139,566284,128,0.6941826939582825,0.6941826939582825,1.3407840728759766,0.0005,96.8866639137268
4452,29,140,566412,128,0.6593660712242126,0.6593660712242126,1.1933221817016602,0.0005,96.9040756225586
4453,29,141,566540,128,0.7974600791931152,0.7974600791931152,1.2810360193252563,0.0005,96.92182993888855
4454,29,142,566668,128,0.7198094129562378,0.7198094129562378,0.9794880151748657,0.0005,96.9394383430481
4455,29,143,566796,128,0.5491283535957336,0.5491283535957336,1.363439917564392,0.0005,96.95687341690063
4456,29,144,566924,128,0.5749031901359558,0.5749031901359558,0.9861938953399658,0.0005,96.97430205345154
4457,29,145,567052,128,0.5678603053092957,0.5678603053092957,0.8637776970863342,0.0005,96.99253940582275
4458,29,146,567180,128,0.4521569013595581,0.4521569013595581,0.9045961499214172,0.0005,97.01008939743042
4459,29,147,567308,128,0.5349273681640625,0.5349273681640625,1.00570809841156,0.0005,97.02755284309387
4460,29,148,567436,128,0.9729399085044861,0.9729399085044861,1.0189836025238037,0.0005,97.04508972167969
4461,29,149,567564,128,0.8113368153572083,0.8113368153572083,1.0685269832611084,0.0005,97.06315422058105
4462,29,150,567692,128,0.5070639848709106,0.5070639848709106,1.2838499546051025,0.0005,97.08060550689697
4463,29,151,567820,128,0.4336060881614685,0.4336060881614685,1.0162937641143799,0.0005,97.09789252281189
4464,29,152,567948,128,0.6143997311592102,0.6143997311592102,1.0406726598739624,0.0005,97.11514163017273
4465,29,153,568076,128,0.5502942800521851,0.5502942800521851,0.8060035109519958,0.0005,97.13271760940552
4466,29,154,568081,5,0.5745692253112793,0.5745692253112793,0.5022138357162476,0.0005,97.13543176651001
4467,30,1,568209,128,0.449849009513855,0.449849009513855,1.178735613822937,0.0005,97.85298991203308
4468,30,2,568337,128,0.5657133460044861,0.5657133460044861,1.0154370069503784,0.0005,97.87210774421692
4469,30,3,568465,128,0.5729036331176758,0.5729036331176758,1.0205804109573364,0.0005,97.890141248703
4470,30,4,568593,128,0.4614787995815277,0.4614787995815277,1.0291504859924316,0.0005,97.90806555747986
4471,30,5,568721,128,0.43725326657295227,0.43725326657295227,1.2813141345977783,0.0005,97.92609763145447
4472,30,6,568849,128,0.7532559633255005,0.7532559633255005,0.9581789374351501,0.0005,97.94375801086426
4473,30,7,568977,128,0.7792952656745911,0.7792952656745911,1.1630752086639404,0.0005,97.96146774291992
4474,30,8,569105,128,0.5700435042381287,0.5700435042381287,1.0357623100280762,0.0005,97.97875261306763
4475,30,9,569233,128,0.6723823547363281,0.6723823547363281,0.8074933290481567,0.0005,97.99664211273193
4476,30,10,569361,128,0.5494444370269775,0.5494444370269775,1.1873500347137451,0.0005,98.01445770263672
4477,30,11,569489,128,0.5413068532943726,0.5413068532943726,1.2848061323165894,0.0005,98.0317931175232
4478,30,12,569617,128,0.653070867061615,0.653070867061615,0.905593991279602,0.0005,98.04921197891235
4479,30,13,569745,128,0.6286191940307617,0.6286191940307617,0.9469661712646484,0.0005,98.06720852851868
4480,30,14,569873,128,0.4158170521259308,0.4158170521259308,1.0388224124908447,0.0005,98.08467197418213
4481,30,15,570001,128,0.6254583597183228,0.6254583597183228,1.0752205848693848,0.0005,98.10216999053955
4482,30,16,570129,128,0.5126286149024963,0.5126286149024963,1.1844685077667236,0.0005,98.11956858634949
4483,30,17,570257,128,0.5742619037628174,0.5742619037628174,1.2868878841400146,0.0005,98.13740706443787
4484,30,18,570385,128,0.5996825098991394,0.5996825098991394,0.9780114889144897,0.0005,98.15504431724548
4485,30,19,570513,128,0.8139479160308838,0.8139479160308838,1.145058035850525,0.0005,98.17252254486084
4486,30,20,570641,128,0.6984561085700989,0.6984561085700989,1.042836308479309,0.0005,98.1900475025177
4487,30,21,570769,128,0.4202805757522583,0.4202805757522583,0.8009796142578125,0.0005,98.20811176300049
4488,30,22,570897,128,0.5454591512680054,0.5454591512680054,1.163700819015503,0.0005,98.22553849220276
4489,30,23,571025,128,0.5312187671661377,0.5312187671661377,0.8696810007095337,0.0005,98.24328517913818
4490,30,24,571153,128,0.4244556725025177,0.4244556725025177,1.0383739471435547,0.0005,98.26098990440369
4491,30,25,571281,128,0.4914228618144989,0.4914228618144989,1.1514180898666382,0.0005,98.27863430976868
4492,30,26,571409,128,0.5065217614173889,0.5065217614173889,1.7367289066314697,0.0005,98.29622387886047
4493,30,27,571537,128,0.5416353940963745,0.5416353940963745,1.136502981185913,0.0005,98.31372666358948
4494,30,28,571665,128,0.40821951627731323,0.40821951627731323,0.6497356295585632,0.0005,98.33134627342224
4495,30,29,571793,128,0.5739186406135559,0.5739186406135559,1.07117760181427,0.0005,98.34917497634888
4496,30,30,571921,128,0.7055140733718872,0.7055140733718872,1.1534243822097778,0.0005,98.3668463230133
4497,30,31,572049,128,0.4849695563316345,0.4849695563316345,1.3632947206497192,0.0005,98.38493967056274
4498,30,32,572177,128,0.6314744353294373,0.6314744353294373,1.1430398225784302,0.0005,98.40298056602478
4499,30,33,572305,128,0.538350522518158,0.538350522518158,0.971027672290802,0.0005,98.42050170898438
4500,30,34,572433,128,0.5721294283866882,0.5721294283866882,1.0285712480545044,0.0005,98.43791127204895
4501,30,35,572561,128,0.7112948298454285,0.7112948298454285,0.8589943647384644,0.0005,98.45550179481506
4502,30,36,572689,128,0.5900055766105652,0.5900055766105652,0.7891101241111755,0.0005,98.47336530685425
4503,30,37,572817,128,0.5609613656997681,0.5609613656997681,1.1239902973175049,0.0005,98.49102401733398
4504,30,38,572945,128,0.5513027310371399,0.5513027310371399,1.3260219097137451,0.0005,98.50850319862366
4505,30,39,573073,128,0.5058856010437012,0.5058856010437012,1.1239862442016602,0.0005,98.5259964466095
4506,30,40,573201,128,0.48161256313323975,0.48161256313323975,1.238622784614563,0.0005,98.54349112510681
4507,30,41,573329,128,0.35648664832115173,0.35648664832115173,1.0344830751419067,0.0005,98.56114935874939
4508,30,42,573457,128,0.579937756061554,0.579937756061554,1.583912968635559,0.0005,98.5786817073822
4509,30,43,573585,128,0.5691696405410767,0.5691696405410767,1.2083607912063599,0.0005,98.59641432762146
4510,30,44,573713,128,0.5322774052619934,0.5322774052619934,1.1928383111953735,0.0005,98.61406445503235
4511,30,45,573841,128,0.37080851197242737,0.37080851197242737,1.2094017267227173,0.0005,98.63135623931885
4512,30,46,573969,128,0.5868790149688721,0.5868790149688721,1.0171384811401367,0.0005,98.6487729549408
4513,30,47,574097,128,0.6108990907669067,0.6108990907669067,1.104299783706665,0.0005,98.66662383079529
4514,30,48,574225,128,0.5422362089157104,0.5422362089157104,1.2549201250076294,0.0005,98.68415403366089
4515,30,49,574353,128,0.6892365217208862,0.6892365217208862,1.1177438497543335,0.0005,98.70169258117676
4516,30,50,574481,128,0.6019759178161621,0.6019759178161621,1.4063166379928589,0.0005,98.71900606155396
4517,30,51,574609,128,0.6638902425765991,0.6638902425765991,0.8840388059616089,0.0005,98.73678183555603
4518,30,52,574737,128,0.523402750492096,0.523402750492096,1.0716596841812134,0.0005,98.75437474250793
4519,30,53,574865,128,0.3622617721557617,0.3622617721557617,1.353783369064331,0.0005,98.77191495895386
4520,30,54,574993,128,0.4957350492477417,0.4957350492477417,0.9194046258926392,0.0005,98.78962707519531
4521,30,55,575121,128,0.5284058451652527,0.5284058451652527,1.2569139003753662,0.0005,98.80766773223877
4522,30,56,575249,128,0.407936155796051,0.407936155796051,1.0204120874404907,0.0005,98.82536673545837
4523,30,57,575377,128,0.44541648030281067,0.44541648030281067,1.0104472637176514,0.0005,98.84293866157532
4524,30,58,575505,128,0.6041054725646973,0.6041054725646973,0.8601052165031433,0.0005,98.86048340797424
4525,30,59,575633,128,0.373953253030777,0.373953253030777,0.7789185643196106,0.0005,98.87764358520508
4526,30,60,575761,128,0.57020103931427,0.57020103931427,1.2553021907806396,0.0005,98.89597010612488
4527,30,61,575889,128,0.7202314734458923,0.7202314734458923,1.0019769668579102,0.0005,98.91536498069763
4528,30,62,576017,128,0.5957726836204529,0.5957726836204529,1.1024831533432007,0.0005,98.93301200866699
4529,30,63,576145,128,0.5844917893409729,0.5844917893409729,0.905638575553894,0.0005,98.9502067565918
4530,30,64,576273,128,0.6730859279632568,0.6730859279632568,0.892727255821228,0.0005,98.96774625778198
4531,30,65,576401,128,0.4114778935909271,0.4114778935909271,0.9930436611175537,0.0005,98.98496198654175
4532,30,66,576529,128,0.37557241320610046,0.37557241320610046,0.9790847897529602,0.0005,99.00286102294922
4533,30,67,576657,128,0.6707622408866882,0.6707622408866882,0.8252711892127991,0.0005,99.02050232887268
4534,30,68,576785,128,0.34060758352279663,0.34060758352279663,0.8866503834724426,0.0005,99.03800129890442
4535,30,69,576913,128,0.4596182107925415,0.4596182107925415,1.2347452640533447,0.0005,99.05562782287598
4536,30,70,577041,128,0.47695547342300415,0.47695547342300415,1.568381428718567,0.0005,99.07307195663452
4537,30,71,577169,128,0.5482196807861328,0.5482196807861328,0.846480131149292,0.0005,99.09041738510132
4538,30,72,577297,128,0.5708293318748474,0.5708293318748474,0.8864523768424988,0.0005,99.10789608955383
4539,30,73,577425,128,0.6517341732978821,0.6517341732978821,1.645810842514038,0.0005,99.12521696090698
4540,30,74,577553,128,0.5880886316299438,0.5880886316299438,0.6754097938537598,0.0005,99.14310336112976
4541,30,75,577681,128,0.3372517228126526,0.3372517228126526,0.9821498990058899,0.0005,99.16048526763916
4542,30,76,577809,128,0.6731840372085571,0.6731840372085571,1.1378040313720703,0.0005,99.1778085231781
4543,30,77,577937,128,0.6225045323371887,0.6225045323371887,0.9682050943374634,0.0005,99.19533491134644
4544,30,78,578065,128,0.670267641544342,0.670267641544342,1.2192771434783936,0.0005,99.21258544921875
4545,30,79,578193,128,0.5987799167633057,0.5987799167633057,1.2921652793884277,0.0005,99.23011636734009
4546,30,80,578321,128,0.5880882740020752,0.5880882740020752,1.052901029586792,0.0005,99.24746751785278
4547,30,81,578449,128,0.6666387915611267,0.6666387915611267,1.0001510381698608,0.0005,99.26512718200684
4548,30,82,578577,128,0.5415964722633362,0.5415964722633362,1.3545047044754028,0.0005,99.28263688087463
4549,30,83,578705,128,0.6124643683433533,0.6124643683433533,1.5087732076644897,0.0005,99.3002758026123
4550,30,84,578833,128,0.7243505120277405,0.7243505120277405,0.9063877463340759,0.0005,99.31784653663635
4551,30,85,578961,128,0.43808311223983765,0.43808311223983765,0.721089780330658,0.0005,99.33607149124146
4552,30,86,579089,128,0.7221449017524719,0.7221449017524719,1.1518462896347046,0.0005,99.35378313064575
4553,30,87,579217,128,0.5091550946235657,0.5091550946235657,1.135357141494751,0.0005,99.37155508995056
4554,30,88,579345,128,0.38858863711357117,0.38858863711357117,1.2990918159484863,0.0005,99.38894414901733
4555,30,89,579473,128,0.7966627478599548,0.7966627478599548,1.2920867204666138,0.0005,99.4070212841034
4556,30,90,579601,128,0.5577235817909241,0.5577235817909241,0.7255716323852539,0.0005,99.4245617389679
4557,30,91,579729,128,0.5475135445594788,0.5475135445594788,0.811098575592041,0.0005,99.44240522384644
4558,30,92,579857,128,0.6107551455497742,0.6107551455497742,1.4849547147750854,0.0005,99.45980477333069
4559,30,93,579985,128,0.5736182928085327,0.5736182928085327,0.9669130444526672,0.0005,99.47758746147156
4560,30,94,580113,128,0.46402469277381897,0.46402469277381897,1.1283231973648071,0.0005,99.49512648582458
4561,30,95,580241,128,0.6026391983032227,0.6026391983032227,1.2324776649475098,0.0005,99.51263976097107
4562,30,96,580369,128,0.44801315665245056,0.44801315665245056,0.6575438380241394,0.0005,99.53036046028137
4563,30,97,580497,128,0.7925549149513245,0.7925549149513245,1.3300191164016724,0.0005,99.54782915115356
4564,30,98,580625,128,0.590302586555481,0.590302586555481,1.3126462697982788,0.0005,99.56529426574707
4565,30,99,580753,128,0.4679599702358246,0.4679599702358246,0.6992329359054565,0.0005,99.58262276649475
4566,30,100,580881,128,0.6011191606521606,0.6011191606521606,1.1770581007003784,0.0005,99.6004159450531
4567,30,101,581009,128,0.4790254533290863,0.4790254533290863,0.8844342231750488,0.0005,99.61788582801819
4568,30,102,581137,128,0.5867161154747009,0.5867161154747009,1.0929052829742432,0.0005,99.6354570388794
4569,30,103,581265,128,0.6126441955566406,0.6126441955566406,1.3345457315444946,0.0005,99.65269780158997
4570,30,104,581393,128,0.6785268783569336,0.6785268783569336,0.8954105973243713,0.0005,99.67048072814941
4571,30,105,581521,128,0.6010888814926147,0.6010888814926147,0.8602965474128723,0.0005,99.68777680397034
4572,30,106,581649,128,0.4438735246658325,0.4438735246658325,1.3254953622817993,0.0005,99.7049663066864
4573,30,107,581777,128,0.5528532862663269,0.5528532862663269,1.2465851306915283,0.0005,99.72213339805603
4574,30,108,581905,128,0.6512050628662109,0.6512050628662109,0.916394054889679,0.0005,99.73969101905823
4575,30,109,582033,128,0.5684864521026611,0.5684864521026611,0.7027442455291748,0.0005,99.75715041160583
4576,30,110,582161,128,0.442726194858551,0.442726194858551,1.1342811584472656,0.0005,99.77415680885315
4577,30,111,582289,128,0.500598669052124,0.500598669052124,1.0068801641464233,0.0005,99.79110908508301
4578,30,112,582417,128,0.5825430750846863,0.5825430750846863,1.0871803760528564,0.0005,99.8087055683136
4579,30,113,582545,128,0.7298234105110168,0.7298234105110168,1.360801100730896,0.0005,99.82594203948975
4580,30,114,582673,128,0.7190072536468506,0.7190072536468506,1.280982494354248,0.0005,99.84281253814697
4581,30,115,582801,128,0.6022464036941528,0.6022464036941528,1.1164370775222778,0.0005,99.85998964309692
4582,30,116,582929,128,0.5723389983177185,0.5723389983177185,0.9265962839126587,0.0005,99.87733578681946
4583,30,117,583057,128,0.5049690008163452,0.5049690008163452,0.9852626919746399,0.0005,99.89528965950012
4584,30,118,583185,128,0.7852848172187805,0.7852848172187805,1.043905258178711,0.0005,99.91274070739746
4585,30,119,583313,128,0.452755331993103,0.452755331993103,1.0937657356262207,0.0005,99.93043494224548
4586,30,120,583441,128,0.45168235898017883,0.45168235898017883,1.1430182456970215,0.0005,99.94767785072327
4587,30,121,583569,128,0.46810057759284973,0.46810057759284973,0.7844232320785522,0.0005,99.96524691581726
4588,30,122,583697,128,0.7134780883789062,0.7134780883789062,0.9258776903152466,0.0005,99.98236966133118
4589,30,123,583825,128,0.45791107416152954,0.45791107416152954,0.9480720162391663,0.0005,100.00009751319885
4590,30,124,583953,128,0.5413023829460144,0.5413023829460144,1.049777865409851,0.0005,100.0175392627716
4591,30,125,584081,128,0.46946510672569275,0.46946510672569275,0.8507738709449768,0.0005,100.03493046760559
4592,30,126,584209,128,0.6593438386917114,0.6593438386917114,1.0713623762130737,0.0005,100.05205464363098
4593,30,127,584337,128,0.7642642259597778,0.7642642259597778,0.8610935807228088,0.0005,100.07015919685364
4594,30,128,584465,128,0.5556625127792358,0.5556625127792358,1.2295960187911987,0.0005,100.08762741088867
4595,30,129,584593,128,0.6433670520782471,0.6433670520782471,1.3228667974472046,0.0005,100.10483360290527
4596,30,130,584721,128,0.6298125982284546,0.6298125982284546,1.2036106586456299,0.0005,100.122230052948
4597,30,131,584849,128,0.5438657999038696,0.5438657999038696,1.283241629600525,0.0005,100.14002585411072
4598,30,132,584977,128,0.7320963740348816,0.7320963740348816,0.9300917983055115,0.0005,100.15746760368347
4599,30,133,585105,128,0.5236753225326538,0.5236753225326538,1.198528528213501,0.0005,100.17500925064087
4600,30,134,585233,128,0.550615131855011,0.550615131855011,1.341566801071167,0.0005,100.19239163398743
4601,30,135,585361,128,0.5791404843330383,0.5791404843330383,1.006709098815918,0.0005,100.21000075340271
4602,30,136,585489,128,0.5892772674560547,0.5892772674560547,0.9596936106681824,0.0005,100.22716164588928
4603,30,137,585617,128,0.5041601657867432,0.5041601657867432,1.1414514780044556,0.0005,100.24452710151672
4604,30,138,585745,128,0.5987117886543274,0.5987117886543274,0.9481644630432129,0.0005,100.2619276046753
4605,30,139,585873,128,0.5651229023933411,0.5651229023933411,1.4747133255004883,0.0005,100.27979946136475
4606,30,140,586001,128,0.4631674885749817,0.4631674885749817,0.9006233811378479,0.0005,100.29730319976807
4607,30,141,586129,128,0.5056588053703308,0.5056588053703308,1.2662770748138428,0.0005,100.31461215019226
4608,30,142,586257,128,0.5477468967437744,0.5477468967437744,1.098135232925415,0.0005,100.33236289024353
4609,30,143,586385,128,0.5094287991523743,0.5094287991523743,0.7651251554489136,0.0005,100.34980869293213
4610,30,144,586513,128,0.45209380984306335,0.45209380984306335,0.9910374283790588,0.0005,100.3673996925354
4611,30,145,586641,128,0.4454515874385834,0.4454515874385834,1.0134721994400024,0.0005,100.38494420051575
4612,30,146,586769,128,0.5083356499671936,0.5083356499671936,0.940502941608429,0.0005,100.4029221534729
4613,30,147,586897,128,0.661005437374115,0.661005437374115,1.526039481163025,0.0005,100.42044758796692
4614,30,148,587025,128,0.649230420589447,0.649230420589447,1.1204255819320679,0.0005,100.43795943260193
4615,30,149,587153,128,0.36355820298194885,0.36355820298194885,1.0716911554336548,0.0005,100.4552321434021
4616,30,150,587281,128,0.5878347754478455,0.5878347754478455,1.3354500532150269,0.0005,100.47276520729065
4617,30,151,587409,128,0.5696405172348022,0.5696405172348022,1.175482988357544,0.0005,100.49023389816284
4618,30,152,587537,128,0.679876983165741,0.679876983165741,1.2421884536743164,0.0005,100.50755858421326
4619,30,153,587665,128,0.47223997116088867,0.47223997116088867,1.1410777568817139,0.0005,100.52485418319702
4620,30,154,587670,5,1.9747024774551392,1.9747024774551392,0.8791676163673401,0.0005,100.52751755714417
4621,31,1,587798,128,0.5351181626319885,0.5351181626319885,1.0111682415008545,0.00025,101.2180802822113
4622,31,2,587926,128,0.5385898351669312,0.5385898351669312,1.1408137083053589,0.00025,101.23562979698181
4623,31,3,588054,128,0.5377697348594666,0.5377697348594666,1.0230530500411987,0.00025,101.25312542915344
4624,31,4,588182,128,0.5328143239021301,0.5328143239021301,0.967414379119873,0.00025,101.27102088928223
4625,31,5,588310,128,0.7654240131378174,0.7654240131378174,1.5107603073120117,0.00025,101.28841805458069
4626,31,6,588438,128,0.351699560880661,0.351699560880661,1.0331454277038574,0.00025,101.30579924583435
4627,31,7,588566,128,0.6499968767166138,0.6499968767166138,0.8209702968597412,0.00025,101.32315230369568
4628,31,8,588694,128,0.38897913694381714,0.38897913694381714,0.8906539082527161,0.00025,101.34060454368591
4629,31,9,588822,128,0.48250633478164673,0.48250633478164673,0.9314570426940918,0.00025,101.35820651054382
4630,31,10,588950,128,0.5664934515953064,0.5664934515953064,1.1436657905578613,0.00025,101.37553477287292
4631,31,11,589078,128,0.7584869265556335,0.7584869265556335,1.0669752359390259,0.00025,101.39273190498352
4632,31,12,589206,128,0.6741531491279602,0.6741531491279602,1.0614408254623413,0.00025,101.41069412231445
4633,31,13,589334,128,0.3665754497051239,0.3665754497051239,0.8024007081985474,0.00025,101.42836570739746
4634,31,14,589462,128,0.4224446713924408,0.4224446713924408,0.7754971385002136,0.00025,101.44569683074951
4635,31,15,589590,128,0.4704478681087494,0.4704478681087494,1.2264569997787476,0.00025,101.46320676803589
4636,31,16,589718,128,0.48087623715400696,0.48087623715400696,0.928407609462738,0.00025,101.48118090629578
4637,31,17,589846,128,0.5080327987670898,0.5080327987670898,0.8350145816802979,0.00025,101.49869084358215
4638,31,18,589974,128,0.3869451582431793,0.3869451582431793,1.266506314277649,0.00025,101.51630449295044
4639,31,19,590102,128,0.4665946066379547,0.4665946066379547,0.8988114595413208,0.00025,101.53409910202026
4640,31,20,590230,128,0.5374878644943237,0.5374878644943237,1.0004496574401855,0.00025,101.5512957572937
4641,31,21,590358,128,0.4244740903377533,0.4244740903377533,1.0646443367004395,0.00025,101.5687747001648
4642,31,22,590486,128,0.5812119841575623,0.5812119841575623,1.2787944078445435,0.00025,101.58611392974854
4643,31,23,590614,128,0.48266616463661194,0.48266616463661194,1.3819745779037476,0.00025,101.60389184951782
4644,31,24,590742,128,0.4359428584575653,0.4359428584575653,1.004327654838562,0.00025,101.62110042572021
4645,31,25,590870,128,0.6534092426300049,0.6534092426300049,1.0324784517288208,0.00025,101.63842797279358
4646,31,26,590998,128,0.36752691864967346,0.36752691864967346,1.1744394302368164,0.00025,101.65532326698303
4647,31,27,591126,128,0.39593780040740967,0.39593780040740967,1.1800254583358765,0.00025,101.6728835105896
4648,31,28,591254,128,0.3905413746833801,0.3905413746833801,0.9479477405548096,0.00025,101.69013571739197
4649,31,29,591382,128,0.45252177119255066,0.45252177119255066,0.7872287034988403,0.00025,101.70737957954407
4650,31,30,591510,128,0.4513217508792877,0.4513217508792877,1.1807255744934082,0.00025,101.72455620765686
4651,31,31,591638,128,0.3702162206172943,0.3702162206172943,1.4477144479751587,0.00025,101.74228000640869
4652,31,32,591766,128,0.38657045364379883,0.38657045364379883,0.9115157127380371,0.00025,101.75929260253906
4653,31,33,591894,128,0.47609785199165344,0.47609785199165344,1.3308213949203491,0.00025,101.77637815475464
4654,31,34,592022,128,0.5223928689956665,0.5223928689956665,0.7600696086883545,0.00025,101.79350161552429
4655,31,35,592150,128,0.402466356754303,0.402466356754303,1.3636326789855957,0.00025,101.81150388717651
4656,31,36,592278,128,0.403964638710022,0.403964638710022,0.9070952534675598,0.00025,101.82879853248596
4657,31,37,592406,128,0.43501922488212585,0.43501922488212585,0.982919454574585,0.00025,101.84624528884888
4658,31,38,592534,128,0.4141087234020233,0.4141087234020233,1.098798394203186,0.00025,101.86353945732117
4659,31,39,592662,128,0.6523974537849426,0.6523974537849426,0.8423703908920288,0.00025,101.88142681121826
4660,31,40,592790,128,0.4818294942378998,0.4818294942378998,1.0882428884506226,0.00025,101.89903402328491
4661,31,41,592918,128,0.3877297639846802,0.3877297639846802,1.0128241777420044,0.00025,101.91630578041077
4662,31,42,593046,128,0.6251590847969055,0.6251590847969055,1.0928940773010254,0.00025,101.93399834632874
4663,31,43,593174,128,0.5798692107200623,0.5798692107200623,1.2566052675247192,0.00025,101.95137858390808
4664,31,44,593302,128,0.4173484742641449,0.4173484742641449,1.0204732418060303,0.00025,101.96853065490723
4665,31,45,593430,128,0.5368510484695435,0.5368510484695435,1.2833101749420166,0.00025,101.98546171188354
4666,31,46,593558,128,0.47970712184906006,0.47970712184906006,1.290631890296936,0.00025,102.00279355049133
4667,31,47,593686,128,0.37030357122421265,0.37030357122421265,0.8096697926521301,0.00025,102.0199716091156
4668,31,48,593814,128,0.6648240685462952,0.6648240685462952,1.3425151109695435,0.00025,102.03730344772339
4669,31,49,593942,128,0.4926164150238037,0.4926164150238037,1.1321125030517578,0.00025,102.05465126037598
4670,31,50,594070,128,0.4317731261253357,0.4317731261253357,0.7845780849456787,0.00025,102.07211804389954
4671,31,51,594198,128,0.44999465346336365,0.44999465346336365,1.0130070447921753,0.00025,102.08942317962646
4672,31,52,594326,128,0.35787662863731384,0.35787662863731384,1.171191692352295,0.00025,102.10664868354797
4673,31,53,594454,128,0.6274333000183105,0.6274333000183105,1.8152629137039185,0.00025,102.12377858161926
4674,31,54,594582,128,0.5588464736938477,0.5588464736938477,1.2307636737823486,0.00025,102.14160180091858
4675,31,55,594710,128,0.6276973485946655,0.6276973485946655,1.0760457515716553,0.00025,102.15882396697998
4676,31,56,594838,128,0.7464935183525085,0.7464935183525085,1.0491420030593872,0.00025,102.1759946346283
4677,31,57,594966,128,0.4328870177268982,0.4328870177268982,0.8260673880577087,0.00025,102.19333410263062
4678,31,58,595094,128,0.5434823632240295,0.5434823632240295,1.0180919170379639,0.00025,102.21111226081848
4679,31,59,595222,128,0.3798882067203522,0.3798882067203522,0.8241457343101501,0.00025,102.22835874557495
4680,31,60,595350,128,0.41109785437583923,0.41109785437583923,1.2640150785446167,0.00025,102.24554753303528
4681,31,61,595478,128,0.6632403135299683,0.6632403135299683,0.9583001136779785,0.00025,102.26277184486389
4682,31,62,595606,128,0.6667530536651611,0.6667530536651611,0.7151861786842346,0.00025,102.28034281730652
4683,31,63,595734,128,0.43016359210014343,0.43016359210014343,0.857522189617157,0.00025,102.29763579368591
4684,31,64,595862,128,0.46669021248817444,0.46669021248817444,1.1343055963516235,0.00025,102.31471824645996
4685,31,65,595990,128,0.5528028011322021,0.5528028011322021,1.1909756660461426,0.00025,102.33176136016846
4686,31,66,596118,128,0.39167898893356323,0.39167898893356323,1.0196460485458374,0.00025,102.34934878349304
4687,31,67,596246,128,0.3961082398891449,0.3961082398891449,0.7735452651977539,0.00025,102.36670112609863
4688,31,68,596374,128,0.48465409874916077,0.48465409874916077,1.3143818378448486,0.00025,102.38393306732178
4689,31,69,596502,128,0.46870002150535583,0.46870002150535583,1.2551971673965454,0.00025,102.40126657485962
4690,31,70,596630,128,0.4695790410041809,0.4695790410041809,1.3846813440322876,0.00025,102.41905546188354
4691,31,71,596758,128,0.6260052919387817,0.6260052919387817,1.4612923860549927,0.00025,102.43616533279419
4692,31,72,596886,128,0.4411899745464325,0.4411899745464325,1.2395522594451904,0.00025,102.45335030555725
4693,31,73,597014,128,0.46406957507133484,0.46406957507133484,0.9307306408882141,0.00025,102.47116231918335
4694,31,74,597142,128,0.5559818148612976,0.5559818148612976,0.9756560325622559,0.00025,102.48854851722717
4695,31,75,597270,128,0.5860431790351868,0.5860431790351868,1.3407773971557617,0.00025,102.50573372840881
4696,31,76,597398,128,0.43793895840644836,0.43793895840644836,1.389184832572937,0.00025,102.52476215362549
4697,31,77,597526,128,0.4433339536190033,0.4433339536190033,1.019415259361267,0.00025,102.54244995117188
4698,31,78,597654,128,0.3747052252292633,0.3747052252292633,1.5876840353012085,0.00025,102.55984210968018
4699,31,79,597782,128,0.4776371717453003,0.4776371717453003,1.2917351722717285,0.00025,102.57727861404419
4700,31,80,597910,128,0.4285849630832672,0.4285849630832672,1.2077510356903076,0.00025,102.59438800811768
4701,31,81,598038,128,0.5451878905296326,0.5451878905296326,0.7843650579452515,0.00025,102.61202144622803
4702,31,82,598166,128,0.4520489275455475,0.4520489275455475,0.9258021116256714,0.00025,102.62973880767822
4703,31,83,598294,128,0.3931645154953003,0.3931645154953003,1.0812851190567017,0.00025,102.64712905883789
4704,31,84,598422,128,0.5083403587341309,0.5083403587341309,1.1849865913391113,0.00025,102.66438364982605
4705,31,85,598550,128,0.47188133001327515,0.47188133001327515,1.0433876514434814,0.00025,102.68239068984985
4706,31,86,598678,128,0.4488258361816406,0.4488258361816406,0.9703790545463562,0.00025,102.69972610473633
4707,31,87,598806,128,0.8433306217193604,0.8433306217193604,1.1027040481567383,0.00025,102.71688795089722
4708,31,88,598934,128,0.44726958870887756,0.44726958870887756,0.9193270802497864,0.00025,102.73449301719666
4709,31,89,599062,128,0.4840322434902191,0.4840322434902191,1.0228838920593262,0.00025,102.75244092941284
4710,31,90,599190,128,0.5201420187950134,0.5201420187950134,1.2045912742614746,0.00025,102.76993250846863
4711,31,91,599318,128,0.5784059166908264,0.5784059166908264,0.9255090355873108,0.00025,102.7876181602478
4712,31,92,599446,128,0.7658805847167969,0.7658805847167969,1.5929372310638428,0.00025,102.80507898330688
4713,31,93,599574,128,0.4461536705493927,0.4461536705493927,1.23726487159729,0.00025,102.82268190383911
4714,31,94,599702,128,0.5466440320014954,0.5466440320014954,1.1888560056686401,0.00025,102.84023857116699
4715,31,95,599830,128,0.570098340511322,0.570098340511322,1.5851672887802124,0.00025,102.85764169692993
4716,31,96,599958,128,0.5385177731513977,0.5385177731513977,1.2234493494033813,0.00025,102.87520456314087
4717,31,97,600086,128,0.8751592636108398,0.8751592636108398,0.8282123804092407,0.00025,102.89269018173218
4718,31,98,600214,128,0.5831683874130249,0.5831683874130249,1.2180469036102295,0.00025,102.90995502471924
4719,31,99,600342,128,0.705158531665802,0.705158531665802,0.743003785610199,0.00025,102.92707371711731
4720,31,100,600470,128,0.5229830145835876,0.5229830145835876,1.0498636960983276,0.00025,102.94449400901794
4721,31,101,600598,128,0.49110153317451477,0.49110153317451477,0.9971314668655396,0.00025,102.9617702960968
4722,31,102,600726,128,0.3671911060810089,0.3671911060810089,0.9843313694000244,0.00025,102.97921395301819
4723,31,103,600854,128,0.5539655089378357,0.5539655089378357,1.2082325220108032,0.00025,102.99635577201843
4724,31,104,600982,128,0.7630664110183716,0.7630664110183716,1.1318248510360718,0.00025,103.01374316215515
4725,31,105,601110,128,0.41958823800086975,0.41958823800086975,1.0795506238937378,0.00025,103.03077030181885
4726,31,106,601238,128,0.3994452655315399,0.3994452655315399,0.8308882117271423,0.00025,103.04814291000366
4727,31,107,601366,128,0.5932064652442932,0.5932064652442932,1.5026057958602905,0.00025,103.06531643867493
4728,31,108,601494,128,0.47177833318710327,0.47177833318710327,0.8348814249038696,0.00025,103.08289098739624
4729,31,109,601622,128,0.5529267191886902,0.5529267191886902,1.345788598060608,0.00025,103.10009384155273
4730,31,110,601750,128,0.44822195172309875,0.44822195172309875,0.8834481835365295,0.00025,103.11750149726868
4731,31,111,601878,128,0.4511507749557495,0.4511507749557495,0.942637026309967,0.00025,103.13489174842834
4732,31,112,602006,128,0.6380789875984192,0.6380789875984192,0.9519425630569458,0.00025,103.15241646766663
4733,31,113,602134,128,0.3602668344974518,0.3602668344974518,1.225750207901001,0.00025,103.16979432106018
4734,31,114,602262,128,0.6111714839935303,0.6111714839935303,1.1539865732192993,0.00025,103.18694186210632
4735,31,115,602390,128,0.4383794367313385,0.4383794367313385,0.9969499707221985,0.00025,103.20445990562439
4736,31,116,602518,128,0.4136085510253906,0.4136085510253906,1.1007360219955444,0.00025,103.22172355651855
4737,31,117,602646,128,0.3879837691783905,0.3879837691783905,0.9038938879966736,0.00025,103.23872327804565
4738,31,118,602774,128,0.4321224093437195,0.4321224093437195,0.9574682712554932,0.00025,103.25586462020874
4739,31,119,602902,128,0.46733546257019043,0.46733546257019043,0.9797676801681519,0.00025,103.27320861816406
4740,31,120,603030,128,0.6752029061317444,0.6752029061317444,0.9111383557319641,0.00025,103.29085445404053
4741,31,121,603158,128,0.4468942880630493,0.4468942880630493,1.7013810873031616,0.00025,103.30829429626465
4742,31,122,603286,128,0.5723532438278198,0.5723532438278198,1.254142165184021,0.00025,103.32577896118164
4743,31,123,603414,128,0.5095966458320618,0.5095966458320618,1.0754772424697876,0.00025,103.34336566925049
4744,31,124,603542,128,0.47784391045570374,0.47784391045570374,0.9874576926231384,0.00025,103.36086750030518
4745,31,125,603670,128,0.5256593227386475,0.5256593227386475,1.029759168624878,0.00025,103.37825655937195
4746,31,126,603798,128,0.45561426877975464,0.45561426877975464,1.2225494384765625,0.00025,103.39555621147156
4747,31,127,603926,128,0.47187384963035583,0.47187384963035583,0.9878636002540588,0.00025,103.41351056098938
4748,31,128,604054,128,0.4137038290500641,0.4137038290500641,1.3127976655960083,0.00025,103.43089628219604
4749,31,129,604182,128,0.3360879421234131,0.3360879421234131,0.8296414613723755,0.00025,103.44792127609253
4750,31,130,604310,128,0.5291998386383057,0.5291998386383057,1.2687389850616455,0.00025,103.46532464027405
4751,31,131,604438,128,0.5231152772903442,0.5231152772903442,0.9741668105125427,0.00025,103.48310279846191
4752,31,132,604566,128,0.4864889085292816,0.4864889085292816,1.2335816621780396,0.00025,103.50032186508179
4753,31,133,604694,128,0.6994926333427429,0.6994926333427429,1.2220863103866577,0.00025,103.51753616333008
4754,31,134,604822,128,0.482937216758728,0.482937216758728,1.0957013368606567,0.00025,103.53469252586365
4755,31,135,604950,128,0.4339579641819,0.4339579641819,0.873371422290802,0.00025,103.55206513404846
4756,31,136,605078,128,0.4491065740585327,0.4491065740585327,1.436299204826355,0.00025,103.56921529769897
4757,31,137,605206,128,0.4290776252746582,0.4290776252746582,1.2461005449295044,0.00025,103.58665990829468
4758,31,138,605334,128,0.8649882078170776,0.8649882078170776,0.9428451657295227,0.00025,103.60426712036133
4759,31,139,605462,128,0.5555070638656616,0.5555070638656616,1.3479268550872803,0.00025,103.62180066108704
4760,31,140,605590,128,0.7558730244636536,0.7558730244636536,0.8585953712463379,0.00025,103.63914632797241
4761,31,141,605718,128,0.47876155376434326,0.47876155376434326,1.1497424840927124,0.00025,103.65631151199341
4762,31,142,605846,128,0.5376095175743103,0.5376095175743103,0.8079767227172852,0.00025,103.6737732887268
4763,31,143,605974,128,0.4947047829627991,0.4947047829627991,0.8627166748046875,0.00025,103.69106674194336
4764,31,144,606102,128,0.46204981207847595,0.46204981207847595,0.9506367444992065,0.00025,103.70817136764526
4765,31,145,606230,128,0.3383018374443054,0.3383018374443054,1.0514345169067383,0.00025,103.72537064552307
4766,31,146,606358,128,0.5754523277282715,0.5754523277282715,1.0083612203598022,0.00025,103.74308252334595
4767,31,147,606486,128,0.5474000573158264,0.5474000573158264,1.1027722358703613,0.00025,103.76047539710999
4768,31,148,606614,128,0.3816189169883728,0.3816189169883728,0.9051967859268188,0.00025,103.77748203277588
4769,31,149,606742,128,0.3149206042289734,0.3149206042289734,1.030144214630127,0.00025,103.79457306861877
4770,31,150,606870,128,0.6477891206741333,0.6477891206741333,1.5094693899154663,0.00025,103.8121690750122
4771,31,151,606998,128,0.6314051151275635,0.6314051151275635,1.1801644563674927,0.00025,103.8297176361084
4772,31,152,607126,128,0.47243770956993103,0.47243770956993103,0.8488441109657288,0.00025,103.84706521034241
4773,31,153,607254,128,0.4503796696662903,0.4503796696662903,0.8743888735771179,0.00025,103.86434817314148
4774,31,154,607259,5,0.11997920274734497,0.11997920274734497,0.7352499961853027,0.00025,103.86682844161987
4775,32,1,607387,128,0.39549124240875244,0.39549124240875244,1.3421860933303833,0.00025,104.55158758163452
4776,32,2,607515,128,0.3227652907371521,0.3227652907371521,1.1026047468185425,0.00025,104.56902647018433
4777,32,3,607643,128,0.3863448202610016,0.3863448202610016,1.1581172943115234,0.00025,104.58610272407532
4778,32,4,607771,128,0.6623035073280334,0.6623035073280334,0.878130316734314,0.00025,104.60317015647888
4779,32,5,607899,128,0.6328027844429016,0.6328027844429016,0.832817792892456,0.00025,104.6204445362091
4780,32,6,608027,128,0.574804425239563,0.574804425239563,1.203104019165039,0.00025,104.63743758201599
4781,32,7,608155,128,0.496038019657135,0.496038019657135,1.6887505054473877,0.00025,104.65451574325562
4782,32,8,608283,128,0.4948843717575073,0.4948843717575073,0.843023419380188,0.00025,104.67187833786011
4783,32,9,608411,128,0.5132879614830017,0.5132879614830017,0.8950770497322083,0.00025,104.68937015533447
4784,32,10,608539,128,0.5233132243156433,0.5233132243156433,1.0713623762130737,0.00025,104.70661211013794
4785,32,11,608667,128,0.4431610107421875,0.4431610107421875,1.1237438917160034,0.00025,104.72401547431946
4786,32,12,608795,128,0.5648521184921265,0.5648521184921265,1.3888298273086548,0.00025,104.74134874343872
4787,32,13,608923,128,0.5501898527145386,0.5501898527145386,0.9645864367485046,0.00025,104.75894737243652
4788,32,14,609051,128,0.527567982673645,0.527567982673645,0.9090639352798462,0.00025,104.7761857509613
4789,32,15,609179,128,0.4097839295864105,0.4097839295864105,0.8519583344459534,0.00025,104.79321789741516
4790,32,16,609307,128,0.48265039920806885,0.48265039920806885,0.9003064036369324,0.00025,104.81124305725098
4791,32,17,609435,128,0.4975992739200592,0.4975992739200592,1.0276615619659424,0.00025,104.8283166885376
4792,32,18,609563,128,0.38933393359184265,0.38933393359184265,0.8904579877853394,0.00025,104.84530711174011
4793,32,19,609691,128,0.47029536962509155,0.47029536962509155,1.317142128944397,0.00025,104.86228823661804
4794,32,20,609819,128,0.4111518859863281,0.4111518859863281,0.9481590986251831,0.00025,104.87977433204651
4795,32,21,609947,128,0.42681121826171875,0.42681121826171875,1.1579868793487549,0.00025,104.89710736274719
4796,32,22,610075,128,0.4699085056781769,0.4699085056781769,0.9148386716842651,0.00025,104.91458892822266
4797,32,23,610203,128,0.4273928105831146,0.4273928105831146,0.9822617769241333,0.00025,104.93193531036377
4798,32,24,610331,128,0.417897492647171,0.417897492647171,1.2600964307785034,0.00025,104.94971776008606
4799,32,25,610459,128,0.46930235624313354,0.46930235624313354,0.8586878776550293,0.00025,104.96744227409363
4800,32,26,610587,128,0.3889544606208801,0.3889544606208801,1.1287341117858887,0.00025,104.98459506034851
4801,32,27,610715,128,0.5039188861846924,0.5039188861846924,1.1244460344314575,0.00025,105.00188541412354
4802,32,28,610843,128,0.40226492285728455,0.40226492285728455,0.9846813082695007,0.00025,105.01965045928955
4803,32,29,610971,128,0.5289992690086365,0.5289992690086365,1.3442624807357788,0.00025,105.03646540641785
4804,32,30,611099,128,0.5117209553718567,0.5117209553718567,0.8198086023330688,0.00025,105.05372858047485
4805,32,31,611227,128,0.42182329297065735,0.42182329297065735,1.460412621498108,0.00025,105.07086777687073
4806,32,32,611355,128,0.4685688316822052,0.4685688316822052,1.4286725521087646,0.00025,105.08870005607605
4807,32,33,611483,128,0.4432843029499054,0.4432843029499054,0.6962301731109619,0.00025,105.10597443580627
4808,32,34,611611,128,0.4662054479122162,0.4662054479122162,0.8340137004852295,0.00025,105.12307286262512
4809,32,35,611739,128,0.5641582608222961,0.5641582608222961,0.7282727956771851,0.00025,105.14051580429077
4810,32,36,611867,128,0.40860259532928467,0.40860259532928467,1.2579433917999268,0.00025,105.15766549110413
4811,32,37,611995,128,0.5071108341217041,0.5071108341217041,1.2332544326782227,0.00025,105.17493891716003
4812,32,38,612123,128,0.46070030331611633,0.46070030331611633,0.8513818383216858,0.00025,105.19205737113953
4813,32,39,612251,128,0.4459232985973358,0.4459232985973358,1.356644630432129,0.00025,105.20934557914734
4814,32,40,612379,128,0.5251662135124207,0.5251662135124207,1.059938669204712,0.00025,105.22675561904907
4815,32,41,612507,128,0.4472281038761139,0.4472281038761139,1.257993221282959,0.00025,105.24411869049072
4816,32,42,612635,128,0.3541204035282135,0.3541204035282135,0.9660665988922119,0.00025,105.26124453544617
4817,32,43,612763,128,0.6885995864868164,0.6885995864868164,0.811393678188324,0.00025,105.27916669845581
4818,32,44,612891,128,0.4004726707935333,0.4004726707935333,0.8011671304702759,0.00025,105.2964255809784
4819,32,45,613019,128,0.3861401379108429,0.3861401379108429,1.1062543392181396,0.00025,105.31348133087158
4820,32,46,613147,128,0.4334455132484436,0.4334455132484436,1.163090467453003,0.00025,105.33052134513855
4821,32,47,613275,128,0.4892236888408661,0.4892236888408661,1.0936378240585327,0.00025,105.34783411026001
4822,32,48,613403,128,0.40768370032310486,0.40768370032310486,0.9210948944091797,0.00025,105.36489415168762
4823,32,49,613531,128,0.41179099678993225,0.41179099678993225,1.3162089586257935,0.00025,105.38218069076538
4824,32,50,613659,128,0.48338428139686584,0.48338428139686584,1.2375283241271973,0.00025,105.39937138557434
4825,32,51,613787,128,0.694723904132843,0.694723904132843,0.9812121987342834,0.00025,105.4167652130127
4826,32,52,613915,128,0.6370519399642944,0.6370519399642944,1.2276337146759033,0.00025,105.4339861869812
4827,32,53,614043,128,0.4326084852218628,0.4326084852218628,0.7590650320053101,0.00025,105.45112752914429
4828,32,54,614171,128,0.4592146873474121,0.4592146873474121,1.0192285776138306,0.00025,105.46812701225281
4829,32,55,614299,128,0.34596624970436096,0.34596624970436096,1.0419418811798096,0.00025,105.48573565483093
4830,32,56,614427,128,0.575616180896759,0.575616180896759,0.8741543889045715,0.00025,105.5030300617218
4831,32,57,614555,128,0.4535926580429077,0.4535926580429077,1.3837774991989136,0.00025,105.5201187133789
4832,32,58,614683,128,0.6475437879562378,0.6475437879562378,1.1517354249954224,0.00025,105.53720164299011
4833,32,59,614811,128,0.4463644027709961,0.4463644027709961,1.3005729913711548,0.00025,105.55462288856506
4834,32,60,614939,128,0.37627294659614563,0.37627294659614563,1.0654239654541016,0.00025,105.57168650627136
4835,32,61,615067,128,0.5488654375076294,0.5488654375076294,0.6789761781692505,0.00025,105.58891081809998
4836,32,62,615195,128,0.6083055734634399,0.6083055734634399,1.1141895055770874,0.00025,105.60624384880066
4837,32,63,615323,128,0.5382101535797119,0.5382101535797119,0.8025832176208496,0.00025,105.62343239784241
4838,32,64,615451,128,0.44893255829811096,0.44893255829811096,1.1727924346923828,0.00025,105.64093494415283
4839,32,65,615579,128,0.37134817242622375,0.37134817242622375,0.9386336207389832,0.00025,105.65788984298706
4840,32,66,615707,128,0.47185346484184265,0.47185346484184265,1.1262428760528564,0.00025,105.67533326148987
4841,32,67,615835,128,0.7437794208526611,0.7437794208526611,0.7931323647499084,0.00025,105.69272971153259
4842,32,68,615963,128,0.46141788363456726,0.46141788363456726,1.0857423543930054,0.00025,105.70992755889893
4843,32,69,616091,128,0.42668840289115906,0.42668840289115906,1.1772394180297852,0.00025,105.72698426246643
4844,32,70,616219,128,0.4869824945926666,0.4869824945926666,1.0065293312072754,0.00025,105.74467086791992
4845,32,71,616347,128,0.5712661743164062,0.5712661743164062,0.9026004076004028,0.00025,105.76212096214294
4846,32,72,616475,128,0.498188853263855,0.498188853263855,1.0388458967208862,0.00025,105.77945017814636
4847,32,73,616603,128,0.3861742615699768,0.3861742615699768,1.1890647411346436,0.00025,105.7966685295105
4848,32,74,616731,128,0.415155291557312,0.415155291557312,1.04840886592865,0.00025,105.81448745727539
4849,32,75,616859,128,0.5694180727005005,0.5694180727005005,0.8510943651199341,0.00025,105.83202743530273
4850,32,76,616987,128,0.4588658809661865,0.4588658809661865,1.1760331392288208,0.00025,105.84972476959229
4851,32,77,617115,128,0.46591174602508545,0.46591174602508545,0.929172158241272,0.00025,105.86720299720764
4852,32,78,617243,128,0.45965200662612915,0.45965200662612915,1.0193525552749634,0.00025,105.8849585056305
4853,32,79,617371,128,0.472088485956192,0.472088485956192,1.3311481475830078,0.00025,105.90222597122192
4854,32,80,617499,128,0.46265777945518494,0.46265777945518494,0.9257535934448242,0.00025,105.91958665847778
4855,32,81,617627,128,0.43235641717910767,0.43235641717910767,0.9792052507400513,0.00025,105.9365770816803
4856,32,82,617755,128,0.5993545651435852,0.5993545651435852,1.3560683727264404,0.00025,105.95381712913513
4857,32,83,617883,128,0.5677291750907898,0.5677291750907898,1.1785341501235962,0.00025,105.97063255310059
4858,32,84,618011,128,0.6488404870033264,0.6488404870033264,1.003319501876831,0.00025,105.98752975463867
4859,32,85,618139,128,0.5088309049606323,0.5088309049606323,0.9987938404083252,0.00025,106.0045599937439
4860,32,86,618267,128,0.36097750067710876,0.36097750067710876,1.198380470275879,0.00025,106.02193140983582
4861,32,87,618395,128,0.43216726183891296,0.43216726183891296,0.918985903263092,0.00025,106.03902077674866
4862,32,88,618523,128,0.41122251749038696,0.41122251749038696,0.9218569397926331,0.00025,106.056067943573
4863,32,89,618651,128,0.5306535363197327,0.5306535363197327,1.01839017868042,0.00025,106.07311224937439
4864,32,90,618779,128,0.4189251661300659,0.4189251661300659,1.0380779504776,0.00025,106.09047937393188
4865,32,91,618907,128,0.5073223114013672,0.5073223114013672,1.0813552141189575,0.00025,106.10770416259766
4866,32,92,619035,128,0.41106799244880676,0.41106799244880676,1.2612844705581665,0.00025,106.12585687637329
4867,32,93,619163,128,0.48989585041999817,0.48989585041999817,1.2917784452438354,0.00025,106.14464974403381
4868,32,94,619291,128,0.51237952709198,0.51237952709198,1.3227789402008057,0.00025,106.16211318969727
4869,32,95,619419,128,0.6369761228561401,0.6369761228561401,0.8549429774284363,0.00025,106.1791365146637
4870,32,96,619547,128,0.4670043885707855,0.4670043885707855,1.3668431043624878,0.00025,106.1963357925415
4871,32,97,619675,128,0.6876461505889893,0.6876461505889893,0.8271202445030212,0.00025,106.21437072753906
4872,32,98,619803,128,0.39033663272857666,0.39033663272857666,0.7863017320632935,0.00025,106.23169088363647
4873,32,99,619931,128,0.514275312423706,0.514275312423706,1.1217155456542969,0.00025,106.24886107444763
4874,32,100,620059,128,0.3598688542842865,0.3598688542842865,1.3463202714920044,0.00025,106.26621222496033
4875,32,101,620187,128,0.45190462470054626,0.45190462470054626,1.1123071908950806,0.00025,106.28392624855042
4876,32,102,620315,128,0.41654059290885925,0.41654059290885925,0.8851993083953857,0.00025,106.30134320259094
4877,32,103,620443,128,0.3807518780231476,0.3807518780231476,0.9451590180397034,0.00025,106.31876277923584
4878,32,104,620571,128,0.5494245290756226,0.5494245290756226,1.312315583229065,0.00025,106.33626437187195
4879,32,105,620699,128,0.48666808009147644,0.48666808009147644,0.9880915284156799,0.00025,106.3541202545166
4880,32,106,620827,128,0.41225478053092957,0.41225478053092957,1.0087769031524658,0.00025,106.37165904045105
4881,32,107,620955,128,0.36512091755867004,0.36512091755867004,1.2516474723815918,0.00025,106.38891315460205
4882,32,108,621083,128,0.4994964003562927,0.4994964003562927,1.1176526546478271,0.00025,106.40646767616272
4883,32,109,621211,128,0.34548965096473694,0.34548965096473694,1.1486232280731201,0.00025,106.42432904243469
4884,32,110,621339,128,0.49793556332588196,0.49793556332588196,0.7978715300559998,0.00025,106.44153118133545
4885,32,111,621467,128,0.40844228863716125,0.40844228863716125,1.2406946420669556,0.00025,106.45861864089966
4886,32,112,621595,128,0.5380284786224365,0.5380284786224365,0.6988878846168518,0.00025,106.4760332107544
4887,32,113,621723,128,0.7163381576538086,0.7163381576538086,1.0888806581497192,0.00025,106.49378848075867
4888,32,114,621851,128,0.6837003827095032,0.6837003827095032,0.9253363013267517,0.00025,106.51100015640259
4889,32,115,621979,128,0.5556186437606812,0.5556186437606812,0.912521481513977,0.00025,106.52842831611633
4890,32,116,622107,128,0.48999664187431335,0.48999664187431335,1.234483003616333,0.00025,106.54601669311523
4891,32,117,622235,128,0.4484613835811615,0.4484613835811615,1.4377565383911133,0.00025,106.56332492828369
4892,32,118,622363,128,0.6075124740600586,0.6075124740600586,1.0854425430297852,0.00025,106.5806303024292
4893,32,119,622491,128,0.5443901419639587,0.5443901419639587,1.5957471132278442,0.00025,106.59791398048401
4894,32,120,622619,128,0.4446580410003662,0.4446580410003662,1.095834732055664,0.00025,106.61588215827942
4895,32,121,622747,128,0.364825963973999,0.364825963973999,0.8787980079650879,0.00025,106.6335015296936
4896,32,122,622875,128,0.43203413486480713,0.43203413486480713,1.2390530109405518,0.00025,106.65097308158875
4897,32,123,623003,128,0.4252792298793793,0.4252792298793793,1.1751841306686401,0.00025,106.66820096969604
4898,32,124,623131,128,0.4657425582408905,0.4657425582408905,1.2679864168167114,0.00025,106.68566870689392
4899,32,125,623259,128,0.5120560526847839,0.5120560526847839,1.462449312210083,0.00025,106.70271301269531
4900,32,126,623387,128,0.34767425060272217,0.34767425060272217,1.0631002187728882,0.00025,106.71982669830322
4901,32,127,623515,128,0.4509173631668091,0.4509173631668091,1.1992175579071045,0.00025,106.73735666275024
4902,32,128,623643,128,0.446538507938385,0.446538507938385,1.2768477201461792,0.00025,106.75513124465942
4903,32,129,623771,128,0.4292866289615631,0.4292866289615631,1.1859809160232544,0.00025,106.77252864837646
4904,32,130,623899,128,0.46756255626678467,0.46756255626678467,1.0987316370010376,0.00025,106.789959192276
4905,32,131,624027,128,0.5944902896881104,0.5944902896881104,0.949760377407074,0.00025,106.80709457397461
4906,32,132,624155,128,0.7137102484703064,0.7137102484703064,1.4130324125289917,0.00025,106.82455348968506
4907,32,133,624283,128,0.4419780969619751,0.4419780969619751,1.3105478286743164,0.00025,106.84192752838135
4908,32,134,624411,128,0.37779372930526733,0.37779372930526733,1.21992826461792,0.00025,106.85899519920349
4909,32,135,624539,128,0.521403968334198,0.521403968334198,1.1247103214263916,0.00025,106.87643027305603
4910,32,136,624667,128,0.5382466912269592,0.5382466912269592,1.4188671112060547,0.00025,106.8946225643158
4911,32,137,624795,128,0.39901259541511536,0.39901259541511536,0.8503203392028809,0.00025,106.91199493408203
4912,32,138,624923,128,0.5279146432876587,0.5279146432876587,0.9561377167701721,0.00025,106.92976546287537
4913,32,139,625051,128,0.6139926910400391,0.6139926910400391,1.7480278015136719,0.00025,106.94738245010376
4914,32,140,625179,128,0.5390426516532898,0.5390426516532898,0.9585123062133789,0.00025,106.96478509902954
4915,32,141,625307,128,0.5574937462806702,0.5574937462806702,1.0289510488510132,0.00025,106.9819815158844
4916,32,142,625435,128,0.6231012344360352,0.6231012344360352,1.1497235298156738,0.00025,106.9992253780365
4917,32,143,625563,128,0.39939573407173157,0.39939573407173157,1.4243167638778687,0.00025,107.01693987846375
4918,32,144,625691,128,0.3590087890625,0.3590087890625,1.0842852592468262,0.00025,107.03414177894592
4919,32,145,625819,128,0.5377172231674194,0.5377172231674194,1.1450408697128296,0.00025,107.05159044265747
4920,32,146,625947,128,0.34693124890327454,0.34693124890327454,0.6338347792625427,0.00025,107.06896901130676
4921,32,147,626075,128,0.46353545784950256,0.46353545784950256,1.093401551246643,0.00025,107.08687663078308
4922,32,148,626203,128,0.5209904909133911,0.5209904909133911,1.0062988996505737,0.00025,107.104572057724
4923,32,149,626331,128,0.4349497854709625,0.4349497854709625,0.905095636844635,0.00025,107.12184715270996
4924,32,150,626459,128,0.49373769760131836,0.49373769760131836,1.281768798828125,0.00025,107.13915944099426
4925,32,151,626587,128,0.6640608310699463,0.6640608310699463,0.8825016617774963,0.00025,107.15707969665527
4926,32,152,626715,128,0.43638092279434204,0.43638092279434204,1.2407718896865845,0.00025,107.17452692985535
4927,32,153,626843,128,0.6084391474723816,0.6084391474723816,1.3159170150756836,0.00025,107.19184184074402
4928,32,154,626848,5,0.8438822627067566,0.8438822627067566,1.970517873764038,0.00025,107.19460964202881
4929,33,1,626976,128,0.42518797516822815,0.42518797516822815,0.8523336052894592,0.00025,107.87946653366089
4930,33,2,627104,128,0.3428955078125,0.3428955078125,1.6634881496429443,0.00025,107.89716744422913
4931,33,3,627232,128,0.42678752541542053,0.42678752541542053,1.1606671810150146,0.00025,107.91508913040161
4932,33,4,627360,128,0.4175906777381897,0.4175906777381897,0.9802815914154053,0.00025,107.93243503570557
4933,33,5,627488,128,0.5336511135101318,0.5336511135101318,1.330848217010498,0.00025,107.95020031929016
4934,33,6,627616,128,0.42979681491851807,0.42979681491851807,0.8348244428634644,0.00025,107.9675030708313
4935,33,7,627744,128,0.5165038704872131,0.5165038704872131,0.7093104720115662,0.00025,107.98513126373291
4936,33,8,627872,128,0.5766472816467285,0.5766472816467285,0.9107648730278015,0.00025,108.00283789634705
4937,33,9,628000,128,0.3164089620113373,0.3164089620113373,1.038983941078186,0.00025,108.02075576782227
4938,33,10,628128,128,0.5718067288398743,0.5718067288398743,1.302280068397522,0.00025,108.03842949867249
4939,33,11,628256,128,0.5104694366455078,0.5104694366455078,1.1693915128707886,0.00025,108.05618691444397
4940,33,12,628384,128,0.6905961632728577,0.6905961632728577,1.2604721784591675,0.00025,108.07387614250183
4941,33,13,628512,128,0.4848552644252777,0.4848552644252777,0.9697321653366089,0.00025,108.09216713905334
4942,33,14,628640,128,0.3796892762184143,0.3796892762184143,0.9889633655548096,0.00025,108.10962414741516
4943,33,15,628768,128,0.5352767705917358,0.5352767705917358,1.0710506439208984,0.00025,108.1272873878479
4944,33,16,628896,128,0.4498571753501892,0.4498571753501892,0.908227264881134,0.00025,108.14461135864258
4945,33,17,629024,128,0.43008849024772644,0.43008849024772644,0.8073209524154663,0.00025,108.16260814666748
4946,33,18,629152,128,0.39479750394821167,0.39479750394821167,1.4224398136138916,0.00025,108.17958688735962
4947,33,19,629280,128,0.3738117814064026,0.3738117814064026,1.1169418096542358,0.00025,108.19684553146362
4948,33,20,629408,128,0.7901111245155334,0.7901111245155334,1.0948938131332397,0.00025,108.2144365310669
4949,33,21,629536,128,0.5159692168235779,0.5159692168235779,0.8967312574386597,0.00025,108.23193717002869
4950,33,22,629664,128,0.3172648549079895,0.3172648549079895,1.1631706953048706,0.00025,108.2497091293335
4951,33,23,629792,128,0.3911392092704773,0.3911392092704773,1.3533068895339966,0.00025,108.26746702194214
4952,33,24,629920,128,0.43515893816947937,0.43515893816947937,1.0811084508895874,0.00025,108.28551387786865
4953,33,25,630048,128,0.5310961604118347,0.5310961604118347,0.9720191955566406,0.00025,108.30336880683899
4954,33,26,630176,128,0.7530612945556641,0.7530612945556641,1.6450976133346558,0.00025,108.32090020179749
4955,33,27,630304,128,0.3039015233516693,0.3039015233516693,0.8596494793891907,0.00025,108.33845114707947
4956,33,28,630432,128,0.5390084981918335,0.5390084981918335,1.0100754499435425,0.00025,108.35638403892517
4957,33,29,630560,128,0.48326659202575684,0.48326659202575684,0.8959145545959473,0.00025,108.37360310554504
4958,33,30,630688,128,0.4258914589881897,0.4258914589881897,0.9634245038032532,0.00025,108.39056086540222
4959,33,31,630816,128,0.4396442174911499,0.4396442174911499,1.0886998176574707,0.00025,108.40790128707886
4960,33,32,630944,128,0.44824838638305664,0.44824838638305664,1.0476022958755493,0.00025,108.4255747795105
4961,33,33,631072,128,0.502669095993042,0.502669095993042,1.0495707988739014,0.00025,108.44274497032166
4962,33,34,631200,128,0.4324486553668976,0.4324486553668976,1.1018671989440918,0.00025,108.4599597454071
4963,33,35,631328,128,0.48730430006980896,0.48730430006980896,0.9379511475563049,0.00025,108.47716498374939
4964,33,36,631456,128,0.649685800075531,0.649685800075531,1.258643627166748,0.00025,108.49463438987732
4965,33,37,631584,128,0.5031217336654663,0.5031217336654663,1.273625135421753,0.00025,108.51213383674622
4966,33,38,631712,128,0.7578662037849426,0.7578662037849426,0.9371328949928284,0.00025,108.52942848205566
4967,33,39,631840,128,0.5192723274230957,0.5192723274230957,1.1136889457702637,0.00025,108.54642748832703
4968,33,40,631968,128,0.622385561466217,0.622385561466217,0.8947809338569641,0.00025,108.56397747993469
4969,33,41,632096,128,0.4978790581226349,0.4978790581226349,0.9839865565299988,0.00025,108.58108639717102
4970,33,42,632224,128,0.4747370779514313,0.4747370779514313,0.939836323261261,0.00025,108.60015439987183
4971,33,43,632352,128,0.6067268252372742,0.6067268252372742,1.0451182126998901,0.00025,108.62250828742981
4972,33,44,632480,128,0.49516385793685913,0.49516385793685913,1.0698964595794678,0.00025,108.6403501033783
4973,33,45,632608,128,0.4494321346282959,0.4494321346282959,1.2644957304000854,0.00025,108.65756249427795
4974,33,46,632736,128,0.5632712244987488,0.5632712244987488,1.1233569383621216,0.00025,108.67517423629761
4975,33,47,632864,128,0.40414273738861084,0.40414273738861084,1.0957626104354858,0.00025,108.69304418563843
4976,33,48,632992,128,0.38929060101509094,0.38929060101509094,1.0254647731781006,0.00025,108.71065425872803
4977,33,49,633120,128,0.3468612730503082,0.3468612730503082,1.1752971410751343,0.00025,108.72832036018372
4978,33,50,633248,128,0.37005820870399475,0.37005820870399475,1.177391767501831,0.00025,108.74584436416626
4979,33,51,633376,128,0.46553871035575867,0.46553871035575867,0.9779298901557922,0.00025,108.76399374008179
4980,33,52,633504,128,0.46101728081703186,0.46101728081703186,0.7349502444267273,0.00025,108.781574010849
4981,33,53,633632,128,0.6377961039543152,0.6377961039543152,0.7722065448760986,0.00025,108.79888248443604
4982,33,54,633760,128,0.40329116582870483,0.40329116582870483,0.8337045907974243,0.00025,108.81681966781616
4983,33,55,633888,128,0.4635802209377289,0.4635802209377289,1.121226191520691,0.00025,108.83458852767944
4984,33,56,634016,128,0.6089088916778564,0.6089088916778564,1.2473393678665161,0.00025,108.85206079483032
4985,33,57,634144,128,0.6234941482543945,0.6234941482543945,1.4937386512756348,0.00025,108.86952424049377
4986,33,58,634272,128,0.5528035163879395,0.5528035163879395,1.4670029878616333,0.00025,108.88791608810425
4987,33,59,634400,128,0.46540626883506775,0.46540626883506775,0.9777752757072449,0.00025,108.90602111816406
4988,33,60,634528,128,0.4808160960674286,0.4808160960674286,0.9568597674369812,0.00025,108.92358064651489
4989,33,61,634656,128,0.6571760177612305,0.6571760177612305,0.9311220645904541,0.00025,108.94116830825806
4990,33,62,634784,128,0.5675446391105652,0.5675446391105652,1.5250139236450195,0.00025,108.95913338661194
4991,33,63,634912,128,0.43328285217285156,0.43328285217285156,1.281803011894226,0.00025,108.97655773162842
4992,33,64,635040,128,0.3996874988079071,0.3996874988079071,1.0341440439224243,0.00025,108.99420523643494
4993,33,65,635168,128,0.4633930027484894,0.4633930027484894,0.8460603952407837,0.00025,109.0114541053772
4994,33,66,635296,128,0.5181657075881958,0.5181657075881958,0.7870967984199524,0.00025,109.02943825721741
4995,33,67,635424,128,0.5579036474227905,0.5579036474227905,1.2077248096466064,0.00025,109.04704785346985
4996,33,68,635552,128,0.4868130683898926,0.4868130683898926,0.9908939599990845,0.00025,109.06449675559998
4997,33,69,635680,128,0.5969278812408447,0.5969278812408447,1.2345484495162964,0.00025,109.08193349838257
4998,33,70,635808,128,0.6326761245727539,0.6326761245727539,1.0949581861495972,0.00025,109.0994975566864
4999,33,71,635936,128,0.6405280232429504,0.6405280232429504,0.9174440503120422,0.00025,109.11681747436523
5000,33,72,636064,128,0.3382813632488251,0.3382813632488251,0.7721006870269775,0.00025,109.13422083854675
5001,33,73,636192,128,0.41128239035606384,0.41128239035606384,1.0995506048202515,0.00025,109.15221929550171
5002,33,74,636320,128,0.3905927240848541,0.3905927240848541,2.0565953254699707,0.00025,109.16990327835083
5003,33,75,636448,128,0.3745260536670685,0.3745260536670685,1.1936389207839966,0.00025,109.18743109703064
5004,33,76,636576,128,0.43647855520248413,0.43647855520248413,1.1396780014038086,0.00025,109.20492553710938
5005,33,77,636704,128,0.4108293056488037,0.4108293056488037,0.8265472054481506,0.00025,109.22256875038147
5006,33,78,636832,128,0.3900061845779419,0.3900061845779419,1.3605483770370483,0.00025,109.2401933670044
5007,33,79,636960,128,0.5773301720619202,0.5773301720619202,1.389623761177063,0.00025,109.25767207145691
5008,33,80,637088,128,0.29012179374694824,0.29012179374694824,1.2333143949508667,0.00025,109.2752947807312
5009,33,81,637216,128,0.42017027735710144,0.42017027735710144,1.261794090270996,0.00025,109.29302477836609
5010,33,82,637344,128,0.721858561038971,0.721858561038971,0.977456271648407,0.00025,109.31054663658142
5011,33,83,637472,128,0.48350661993026733,0.48350661993026733,0.9385040402412415,0.00025,109.32777309417725
5012,33,84,637600,128,0.45892027020454407,0.45892027020454407,1.2026797533035278,0.00025,109.34512972831726
5013,33,85,637728,128,0.3544149696826935,0.3544149696826935,1.0185565948486328,0.00025,109.36316061019897
5014,33,86,637856,128,0.4872237741947174,0.4872237741947174,1.69073486328125,0.00025,109.38052320480347
5015,33,87,637984,128,0.6304859519004822,0.6304859519004822,0.9174851775169373,0.00025,109.39804267883301
5016,33,88,638112,128,0.33845505118370056,0.33845505118370056,1.018969178199768,0.00025,109.4154942035675
5017,33,89,638240,128,0.5702465176582336,0.5702465176582336,0.9428461790084839,0.00025,109.43309307098389
5018,33,90,638368,128,0.3941018581390381,0.3941018581390381,0.806288480758667,0.00025,109.45073008537292
5019,33,91,638496,128,0.5413913130760193,0.5413913130760193,1.1773730516433716,0.00025,109.46831631660461
5020,33,92,638624,128,0.3351166546344757,0.3351166546344757,1.1054208278656006,0.00025,109.48619771003723
5021,33,93,638752,128,0.3796043395996094,0.3796043395996094,1.6418548822402954,0.00025,109.50392413139343
5022,33,94,638880,128,0.4439392685890198,0.4439392685890198,0.7841319441795349,0.00025,109.52191352844238
5023,33,95,639008,128,0.4152805507183075,0.4152805507183075,0.9716300964355469,0.00025,109.54061007499695
5024,33,96,639136,128,0.6127191185951233,0.6127191185951233,1.0751711130142212,0.00025,109.55870175361633
5025,33,97,639264,128,0.47198012471199036,0.47198012471199036,1.1509568691253662,0.00025,109.57650637626648
5026,33,98,639392,128,0.41812658309936523,0.41812658309936523,0.9873043894767761,0.00025,109.59383416175842
5027,33,99,639520,128,0.5153518319129944,0.5153518319129944,1.1492754220962524,0.00025,109.61109757423401
5028,33,100,639648,128,0.4685727655887604,0.4685727655887604,1.4166717529296875,0.00025,109.62863254547119
5029,33,101,639776,128,0.5955092310905457,0.5955092310905457,0.8929015398025513,0.00025,109.64598274230957
5030,33,102,639904,128,0.526746392250061,0.526746392250061,1.5768879652023315,0.00025,109.66329860687256
5031,33,103,640032,128,0.48631778359413147,0.48631778359413147,0.9015190005302429,0.00025,109.68066883087158
5032,33,104,640160,128,0.40273311734199524,0.40273311734199524,0.810858964920044,0.00025,109.69830965995789
5033,33,105,640288,128,0.4156426191329956,0.4156426191329956,1.201768159866333,0.00025,109.71573448181152
5034,33,106,640416,128,0.3415161967277527,0.3415161967277527,0.8206896185874939,0.00025,109.7330391407013
5035,33,107,640544,128,0.3451988101005554,0.3451988101005554,0.9235086441040039,0.00025,109.75071167945862
5036,33,108,640672,128,0.3941812515258789,0.3941812515258789,0.9622015357017517,0.00025,109.76807045936584
5037,33,109,640800,128,0.49925485253334045,0.49925485253334045,1.226887822151184,0.00025,109.78553628921509
5038,33,110,640928,128,0.4549291431903839,0.4549291431903839,1.1002997159957886,0.00025,109.80310869216919
5039,33,111,641056,128,0.5630168318748474,0.5630168318748474,1.0238741636276245,0.00025,109.82090902328491
5040,33,112,641184,128,0.6331695914268494,0.6331695914268494,0.9723350405693054,0.00025,109.83818054199219
5041,33,113,641312,128,0.5781702995300293,0.5781702995300293,1.1155372858047485,0.00025,109.85554575920105
5042,33,114,641440,128,0.37207281589508057,0.37207281589508057,0.8783455491065979,0.00025,109.87290716171265
5043,33,115,641568,128,0.5158113837242126,0.5158113837242126,1.1485092639923096,0.00025,109.89106154441833
5044,33,116,641696,128,0.3327464163303375,0.3327464163303375,0.791831374168396,0.00025,109.908771276474
5045,33,117,641824,128,0.3969520628452301,0.3969520628452301,1.0285851955413818,0.00025,109.92639207839966
5046,33,118,641952,128,0.33474913239479065,0.33474913239479065,0.9786609411239624,0.00025,109.94404792785645
5047,33,119,642080,128,0.7316946387290955,0.7316946387290955,0.8562339544296265,0.00025,109.96210861206055
5048,33,120,642208,128,0.4525279104709625,0.4525279104709625,1.2302380800247192,0.00025,109.97978782653809
5049,33,121,642336,128,0.37526896595954895,0.37526896595954895,1.2231225967407227,0.00025,109.99716758728027
5050,33,122,642464,128,0.32687652111053467,0.32687652111053467,0.9324237108230591,0.00025,110.01487874984741
5051,33,123,642592,128,0.38808903098106384,0.38808903098106384,1.0580368041992188,0.00025,110.03272557258606
5052,33,124,642720,128,0.5397467017173767,0.5397467017173767,1.1208856105804443,0.00025,110.05014038085938
5053,33,125,642848,128,0.48152074217796326,0.48152074217796326,1.093035101890564,0.00025,110.06781530380249
5054,33,126,642976,128,0.3961564302444458,0.3961564302444458,1.6367734670639038,0.00025,110.08590793609619
5055,33,127,643104,128,0.49541768431663513,0.49541768431663513,1.1623435020446777,0.00025,110.10342955589294
5056,33,128,643232,128,0.39940541982650757,0.39940541982650757,1.3197649717330933,0.00025,110.1210708618164
5057,33,129,643360,128,0.3830842971801758,0.3830842971801758,0.9573715329170227,0.00025,110.13852334022522
5058,33,130,643488,128,0.47372061014175415,0.47372061014175415,1.2198655605316162,0.00025,110.15675473213196
5059,33,131,643616,128,0.415659636259079,0.415659636259079,0.8354466557502747,0.00025,110.17428636550903
5060,33,132,643744,128,0.49507221579551697,0.49507221579551697,1.3357287645339966,0.00025,110.19184827804565
5061,33,133,643872,128,0.4486737847328186,0.4486737847328186,0.8859044313430786,0.00025,110.20956635475159
5062,33,134,644000,128,0.5477145314216614,0.5477145314216614,1.084699273109436,0.00025,110.22750878334045
5063,33,135,644128,128,0.37088385224342346,0.37088385224342346,1.2788043022155762,0.00025,110.24476432800293
5064,33,136,644256,128,0.41182905435562134,0.41182905435562134,0.9622902870178223,0.00025,110.26190066337585
5065,33,137,644384,128,0.4735254645347595,0.4735254645347595,0.9336950778961182,0.00025,110.27931046485901
5066,33,138,644512,128,0.3759041428565979,0.3759041428565979,1.2392557859420776,0.00025,110.29712319374084
5067,33,139,644640,128,0.5295960307121277,0.5295960307121277,1.1663814783096313,0.00025,110.31469225883484
5068,33,140,644768,128,0.6213439702987671,0.6213439702987671,0.9484320282936096,0.00025,110.33217239379883
5069,33,141,644896,128,0.6538627743721008,0.6538627743721008,1.2926232814788818,0.00025,110.34973168373108
5070,33,142,645024,128,0.5377838611602783,0.5377838611602783,0.838477373123169,0.00025,110.36737871170044
5071,33,143,645152,128,0.6516186594963074,0.6516186594963074,0.889123260974884,0.00025,110.38476037979126
5072,33,144,645280,128,0.49457716941833496,0.49457716941833496,0.9581714272499084,0.00025,110.40231442451477
5073,33,145,645408,128,0.5257748365402222,0.5257748365402222,1.326751470565796,0.00025,110.42023849487305
5074,33,146,645536,128,0.4444226324558258,0.4444226324558258,0.7880147099494934,0.00025,110.43789863586426
5075,33,147,645664,128,0.5168794393539429,0.5168794393539429,1.0708447694778442,0.00025,110.45535063743591
5076,33,148,645792,128,0.41683652997016907,0.41683652997016907,1.0352109670639038,0.00025,110.47267985343933
5077,33,149,645920,128,0.40844160318374634,0.40844160318374634,1.3036175966262817,0.00025,110.49055910110474
5078,33,150,646048,128,0.4162270724773407,0.4162270724773407,1.1626681089401245,0.00025,110.50797390937805
5079,33,151,646176,128,0.38083410263061523,0.38083410263061523,1.198460340499878,0.00025,110.52555346488953
5080,33,152,646304,128,0.4272642731666565,0.4272642731666565,0.853020191192627,0.00025,110.54307985305786
5081,33,153,646432,128,0.3880237936973572,0.3880237936973572,1.0647536516189575,0.00025,110.56080675125122
5082,33,154,646437,5,0.26632216572761536,0.26632216572761536,0.8172825574874878,0.00025,110.56374669075012
5083,34,1,646565,128,0.43878844380378723,0.43878844380378723,0.6975091099739075,0.00025,111.25438213348389
5084,34,2,646693,128,0.5982531309127808,0.5982531309127808,1.2888401746749878,0.00025,111.27184963226318
5085,34,3,646821,128,0.3976474702358246,0.3976474702358246,1.077561855316162,0.00025,111.28986620903015
5086,34,4,646949,128,0.49006372690200806,0.49006372690200806,1.012250542640686,0.00025,111.30761241912842
5087,34,5,647077,128,0.6370988488197327,0.6370988488197327,1.4565956592559814,0.00025,111.32490944862366
5088,34,6,647205,128,0.34062880277633667,0.34062880277633667,1.1219590902328491,0.00025,111.34249830245972
5089,34,7,647333,128,0.3446170389652252,0.3446170389652252,1.0595886707305908,0.00025,111.36062955856323
5090,34,8,647461,128,0.4510807693004608,0.4510807693004608,0.7816420793533325,0.00025,111.37811970710754
5091,34,9,647589,128,0.3394630253314972,0.3394630253314972,1.0854225158691406,0.00025,111.39563131332397
5092,34,10,647717,128,0.37234053015708923,0.37234053015708923,0.9181978702545166,0.00025,111.41296529769897
5093,34,11,647845,128,0.49847808480262756,0.49847808480262756,0.8819132447242737,0.00025,111.43096661567688
5094,34,12,647973,128,0.547964334487915,0.547964334487915,1.114997386932373,0.00025,111.44852638244629
5095,34,13,648101,128,0.5601611733436584,0.5601611733436584,0.9518991112709045,0.00025,111.46574115753174
5096,34,14,648229,128,0.49060335755348206,0.49060335755348206,1.1251182556152344,0.00025,111.48290491104126
5097,34,15,648357,128,0.518930196762085,0.518930196762085,0.9931311011314392,0.00025,111.50078797340393
5098,34,16,648485,128,0.4370204210281372,0.4370204210281372,1.48114013671875,0.00025,111.51824760437012
5099,34,17,648613,128,0.44510480761528015,0.44510480761528015,0.9156781435012817,0.00025,111.53542613983154
5100,34,18,648741,128,0.3649413287639618,0.3649413287639618,1.2389600276947021,0.00025,111.55283641815186
5101,34,19,648869,128,0.40467315912246704,0.40467315912246704,1.1305559873580933,0.00025,111.57051181793213
5102,34,20,648997,128,0.2826155424118042,0.2826155424118042,1.2567543983459473,0.00025,111.5878746509552
5103,34,21,649125,128,0.519554078578949,0.519554078578949,1.1704763174057007,0.00025,111.60515236854553
5104,34,22,649253,128,0.41117894649505615,0.41117894649505615,1.4655418395996094,0.00025,111.62291884422302
5105,34,23,649381,128,0.36627092957496643,0.36627092957496643,1.1223273277282715,0.00025,111.64037871360779
5106,34,24,649509,128,0.46604952216148376,0.46604952216148376,1.0903774499893188,0.00025,111.65784478187561
5107,34,25,649637,128,0.3579404354095459,0.3579404354095459,0.8906130194664001,0.00025,111.67532968521118
5108,34,26,649765,128,0.5853214859962463,0.5853214859962463,1.3559389114379883,0.00025,111.692946434021
5109,34,27,649893,128,0.3961640000343323,0.3961640000343323,1.279914140701294,0.00025,111.71039366722107
5110,34,28,650021,128,0.43772104382514954,0.43772104382514954,0.995059609413147,0.00025,111.72777938842773
5111,34,29,650149,128,0.47379225492477417,0.47379225492477417,1.075494647026062,0.00025,111.74516320228577
5112,34,30,650277,128,0.42729178071022034,0.42729178071022034,0.751582682132721,0.00025,111.76283240318298
5113,34,31,650405,128,0.4135444164276123,0.4135444164276123,1.4953075647354126,0.00025,111.78035020828247
5114,34,32,650533,128,0.4961964190006256,0.4961964190006256,1.061655879020691,0.00025,111.79772138595581
5115,34,33,650661,128,0.5810447335243225,0.5810447335243225,1.1972112655639648,0.00025,111.81511759757996
5116,34,34,650789,128,0.6058641076087952,0.6058641076087952,1.1333179473876953,0.00025,111.83304643630981
5117,34,35,650917,128,0.48952415585517883,0.48952415585517883,0.9350730776786804,0.00025,111.85040283203125
5118,34,36,651045,128,0.45107099413871765,0.45107099413871765,1.0289603471755981,0.00025,111.86803102493286
5119,34,37,651173,128,0.48469191789627075,0.48469191789627075,1.4397023916244507,0.00025,111.88562965393066
5120,34,38,651301,128,0.5322901606559753,0.5322901606559753,1.0221680402755737,0.00025,111.9036476612091
5121,34,39,651429,128,0.3296421468257904,0.3296421468257904,1.0313793420791626,0.00025,111.92126083374023
5122,34,40,651557,128,0.4305208623409271,0.4305208623409271,0.942069411277771,0.00025,111.9386465549469
5123,34,41,651685,128,0.5660937428474426,0.5660937428474426,1.1928279399871826,0.00025,111.95639562606812
5124,34,42,651813,128,0.2636626660823822,0.2636626660823822,0.8399239182472229,0.00025,111.9738621711731
5125,34,43,651941,128,0.3873409628868103,0.3873409628868103,0.948374330997467,0.00025,111.99158644676208
5126,34,44,652069,128,0.4050828814506531,0.4050828814506531,0.951875627040863,0.00025,112.00925636291504
5127,34,45,652197,128,0.5742079615592957,0.5742079615592957,1.1874547004699707,0.00025,112.02740907669067
5128,34,46,652325,128,0.40339529514312744,0.40339529514312744,1.0166943073272705,0.00025,112.04507374763489
5129,34,47,652453,128,0.4599519371986389,0.4599519371986389,0.8009763956069946,0.00025,112.06267356872559
5130,34,48,652581,128,0.4602157771587372,0.4602157771587372,1.0973716974258423,0.00025,112.08028674125671
5131,34,49,652709,128,0.4414704740047455,0.4414704740047455,1.056323528289795,0.00025,112.09847140312195
5132,34,50,652837,128,0.6716398596763611,0.6716398596763611,0.9689510464668274,0.00025,112.11598062515259
5133,34,51,652965,128,0.44094595313072205,0.44094595313072205,0.7792231440544128,0.00025,112.13366293907166
5134,34,52,653093,128,0.5381840467453003,0.5381840467453003,1.2445684671401978,0.00025,112.15121102333069
5135,34,53,653221,128,0.4143342077732086,0.4143342077732086,0.920210063457489,0.00025,112.16886711120605
5136,34,54,653349,128,0.4454862177371979,0.4454862177371979,0.760840892791748,0.00025,112.18639731407166
5137,34,55,653477,128,0.42139291763305664,0.42139291763305664,1.098466396331787,0.00025,112.20397305488586
5138,34,56,653605,128,0.39392080903053284,0.39392080903053284,1.0406254529953003,0.00025,112.22187685966492
5139,34,57,653733,128,0.6296048760414124,0.6296048760414124,0.9255632758140564,0.00025,112.24012660980225
5140,34,58,653861,128,0.4401232898235321,0.4401232898235321,0.7937090992927551,0.00025,112.25811171531677
5141,34,59,653989,128,0.385458379983902,0.385458379983902,1.3415300846099854,0.00025,112.27593159675598
5142,34,60,654117,128,0.5306965708732605,0.5306965708732605,1.0123097896575928,0.00025,112.29379200935364
5143,34,61,654245,128,0.24719375371932983,0.24719375371932983,0.9000874161720276,0.00025,112.31169700622559
5144,34,62,654373,128,0.484003484249115,0.484003484249115,1.1595728397369385,0.00025,112.329336643219
5145,34,63,654501,128,0.5397783517837524,0.5397783517837524,0.9302247166633606,0.00025,112.34680986404419
5146,34,64,654629,128,0.37262338399887085,0.37262338399887085,1.2730165719985962,0.00025,112.36471033096313
5147,34,65,654757,128,0.48298704624176025,0.48298704624176025,0.9450740814208984,0.00025,112.3820309638977
5148,34,66,654885,128,0.45720359683036804,0.45720359683036804,0.7821342349052429,0.00025,112.39935994148254
5149,34,67,655013,128,0.5094117522239685,0.5094117522239685,0.8659952878952026,0.00025,112.416748046875
5150,34,68,655141,128,0.39777013659477234,0.39777013659477234,1.2114416360855103,0.00025,112.43454599380493
5151,34,69,655269,128,0.5040656924247742,0.5040656924247742,0.9057967066764832,0.00025,112.45210146903992
5152,34,70,655397,128,0.6569233536720276,0.6569233536720276,0.8676992058753967,0.00025,112.46951413154602
5153,34,71,655525,128,0.47149908542633057,0.47149908542633057,1.0590310096740723,0.00025,112.48702645301819
5154,34,72,655653,128,0.5811206698417664,0.5811206698417664,1.172257661819458,0.00025,112.50478291511536
5155,34,73,655781,128,0.39580610394477844,0.39580610394477844,1.0753531455993652,0.00025,112.52238893508911
5156,34,74,655909,128,0.40570539236068726,0.40570539236068726,1.3703715801239014,0.00025,112.53973293304443
5157,34,75,656037,128,0.48023954033851624,0.48023954033851624,1.442274808883667,0.00025,112.55761861801147
5158,34,76,656165,128,0.7506482005119324,0.7506482005119324,1.0897294282913208,0.00025,112.57512903213501
5159,34,77,656293,128,0.6047536134719849,0.6047536134719849,0.8703446388244629,0.00025,112.59244322776794
5160,34,78,656421,128,0.29146161675453186,0.29146161675453186,0.8334549069404602,0.00025,112.60967564582825
5161,34,79,656549,128,0.557003915309906,0.557003915309906,1.5319766998291016,0.00025,112.62748694419861
5162,34,80,656677,128,0.39188262820243835,0.39188262820243835,1.273909091949463,0.00025,112.6447184085846
5163,34,81,656805,128,0.5236019492149353,0.5236019492149353,0.977175235748291,0.00025,112.66232991218567
5164,34,82,656933,128,0.5127691030502319,0.5127691030502319,1.3311576843261719,0.00025,112.67964792251587
5165,34,83,657061,128,0.3418317437171936,0.3418317437171936,1.1213765144348145,0.00025,112.69765281677246
5166,34,84,657189,128,0.5393111109733582,0.5393111109733582,1.2236769199371338,0.00025,112.71532368659973
5167,34,85,657317,128,0.6121932864189148,0.6121932864189148,1.1217601299285889,0.00025,112.73266434669495
5168,34,86,657445,128,0.41438525915145874,0.41438525915145874,1.3241686820983887,0.00025,112.7501711845398
5169,34,87,657573,128,0.37531420588493347,0.37531420588493347,1.4436612129211426,0.00025,112.76797866821289
5170,34,88,657701,128,0.39903178811073303,0.39903178811073303,0.9930497407913208,0.00025,112.78546285629272
5171,34,89,657829,128,0.3930763602256775,0.3930763602256775,1.3104809522628784,0.00025,112.80283379554749
5172,34,90,657957,128,0.4571654498577118,0.4571654498577118,0.9563694596290588,0.00025,112.82030415534973
5173,34,91,658085,128,0.4985586404800415,0.4985586404800415,0.9194551706314087,0.00025,112.83806276321411
5174,34,92,658213,128,0.5184994339942932,0.5184994339942932,0.9739355444908142,0.00025,112.8554356098175
5175,34,93,658341,128,0.3617878556251526,0.3617878556251526,1.0875712633132935,0.00025,112.87281155586243
5176,34,94,658469,128,0.38067084550857544,0.38067084550857544,1.0514545440673828,0.00025,112.89055109024048
5177,34,95,658597,128,0.5679501295089722,0.5679501295089722,0.9900028705596924,0.00025,112.908371925354
5178,34,96,658725,128,0.5399128794670105,0.5399128794670105,0.9837854504585266,0.00025,112.92586898803711
5179,34,97,658853,128,0.38712257146835327,0.38712257146835327,1.4434051513671875,0.00025,112.9432532787323
5180,34,98,658981,128,0.3837016224861145,0.3837016224861145,0.9547642469406128,0.00025,112.96116614341736
5181,34,99,659109,128,0.5794067978858948,0.5794067978858948,1.178281307220459,0.00025,112.97890639305115
5182,34,100,659237,128,0.4983983635902405,0.4983983635902405,1.1055988073349,0.00025,112.99635791778564
5183,34,101,659365,128,0.8604287505149841,0.8604287505149841,1.0103174448013306,0.00025,113.01353478431702
5184,34,102,659493,128,0.4087269604206085,0.4087269604206085,1.1405892372131348,0.00025,113.03148055076599
5185,34,103,659621,128,0.3845053017139435,0.3845053017139435,0.7334455251693726,0.00025,113.0492947101593
5186,34,104,659749,128,0.4093511402606964,0.4093511402606964,0.9445568323135376,0.00025,113.06689286231995
5187,34,105,659877,128,0.4316902756690979,0.4316902756690979,0.9326784610748291,0.00025,113.08440947532654
5188,34,106,660005,128,0.47689497470855713,0.47689497470855713,1.1258625984191895,0.00025,113.10224223136902
5189,34,107,660133,128,0.3309597671031952,0.3309597671031952,0.7992224097251892,0.00025,113.1196346282959
5190,34,108,660261,128,0.4531923532485962,0.4531923532485962,1.287674069404602,0.00025,113.13704919815063
5191,34,109,660389,128,0.6302615404129028,0.6302615404129028,1.3287512063980103,0.00025,113.15461802482605
5192,34,110,660517,128,0.6207988858222961,0.6207988858222961,0.969063937664032,0.00025,113.17245984077454
5193,34,111,660645,128,0.5075021386146545,0.5075021386146545,0.758303165435791,0.00025,113.18976330757141
5194,34,112,660773,128,0.4633477032184601,0.4633477032184601,1.0097370147705078,0.00025,113.20697903633118
5195,34,113,660901,128,0.32490524649620056,0.32490524649620056,0.8788961172103882,0.00025,113.22454953193665
5196,34,114,661029,128,0.45592764019966125,0.45592764019966125,1.4374418258666992,0.00025,113.24192237854004
5197,34,115,661157,128,0.4713795483112335,0.4713795483112335,0.9170900583267212,0.00025,113.25926208496094
5198,34,116,661285,128,0.557830810546875,0.557830810546875,1.4176386594772339,0.00025,113.27655220031738
5199,34,117,661413,128,0.5885058641433716,0.5885058641433716,0.9306215643882751,0.00025,113.29410076141357
5200,34,118,661541,128,0.6251983642578125,0.6251983642578125,1.389249563217163,0.00025,113.31157946586609
5201,34,119,661669,128,0.47112593054771423,0.47112593054771423,1.4981085062026978,0.00025,113.32879781723022
5202,34,120,661797,128,0.37465012073516846,0.37465012073516846,1.1510860919952393,0.00025,113.3463306427002
5203,34,121,661925,128,0.5435076951980591,0.5435076951980591,0.7249165773391724,0.00025,113.36422061920166
5204,34,122,662053,128,0.3899639844894409,0.3899639844894409,0.861717164516449,0.00025,113.38179206848145
5205,34,123,662181,128,0.47239187359809875,0.47239187359809875,1.5139591693878174,0.00025,113.39916515350342
5206,34,124,662309,128,0.3979617953300476,0.3979617953300476,1.124222993850708,0.00025,113.41649079322815
5207,34,125,662437,128,0.42436355352401733,0.42436355352401733,0.9042612910270691,0.00025,113.43424654006958
5208,34,126,662565,128,0.3927675485610962,0.3927675485610962,1.1573764085769653,0.00025,113.45156812667847
5209,34,127,662693,128,0.5125489234924316,0.5125489234924316,1.2017147541046143,0.00025,113.46904110908508
5210,34,128,662821,128,0.40564048290252686,0.40564048290252686,1.0043752193450928,0.00025,113.4865939617157
5211,34,129,662949,128,0.3870216906070709,0.3870216906070709,1.026806116104126,0.00025,113.50432252883911
5212,34,130,663077,128,0.42656031250953674,0.42656031250953674,1.2467718124389648,0.00025,113.5216555595398
5213,34,131,663205,128,0.31363049149513245,0.31363049149513245,1.1423615217208862,0.00025,113.53916883468628
5214,34,132,663333,128,0.48799529671669006,0.48799529671669006,1.2000077962875366,0.00025,113.55673432350159
5215,34,133,663461,128,0.6342056393623352,0.6342056393623352,0.8057934045791626,0.00025,113.5745759010315
5216,34,134,663589,128,0.3684377074241638,0.3684377074241638,1.0366077423095703,0.00025,113.59187197685242
5217,34,135,663717,128,0.5644452571868896,0.5644452571868896,1.3646010160446167,0.00025,113.60921096801758
5218,34,136,663845,128,0.4340745508670807,0.4340745508670807,0.9073668718338013,0.00025,113.627112865448
5219,34,137,663973,128,0.4678133428096771,0.4678133428096771,1.303255319595337,0.00025,113.64458274841309
5220,34,138,664101,128,0.4210607409477234,0.4210607409477234,1.4722787141799927,0.00025,113.66209888458252
5221,34,139,664229,128,0.3826209604740143,0.3826209604740143,1.0003737211227417,0.00025,113.67954659461975
5222,34,140,664357,128,0.4575204849243164,0.4575204849243164,1.3775172233581543,0.00025,113.6975417137146
5223,34,141,664485,128,0.5596920847892761,0.5596920847892761,1.3148969411849976,0.00025,113.7149498462677
5224,34,142,664613,128,0.5399192571640015,0.5399192571640015,0.8836443424224854,0.00025,113.73253655433655
5225,34,143,664741,128,0.5008783340454102,0.5008783340454102,0.9996854662895203,0.00025,113.74993872642517
5226,34,144,664869,128,0.5369558930397034,0.5369558930397034,1.0878465175628662,0.00025,113.76784086227417
5227,34,145,664997,128,0.5402467846870422,0.5402467846870422,1.1408618688583374,0.00025,113.78550696372986
5228,34,146,665125,128,0.6349872350692749,0.6349872350692749,1.229050874710083,0.00025,113.80276560783386
5229,34,147,665253,128,0.44460663199424744,0.44460663199424744,1.2985512018203735,0.00025,113.82039856910706
5230,34,148,665381,128,0.38437750935554504,0.38437750935554504,0.943756639957428,0.00025,113.83861756324768
5231,34,149,665509,128,0.4487692415714264,0.4487692415714264,0.9767606854438782,0.00025,113.85638689994812
5232,34,150,665637,128,0.4168901741504669,0.4168901741504669,0.904939591884613,0.00025,113.87415099143982
5233,34,151,665765,128,0.47955062985420227,0.47955062985420227,1.2782574892044067,0.00025,113.89214444160461
5234,34,152,665893,128,0.36000609397888184,0.36000609397888184,1.3476758003234863,0.00025,113.90987944602966
5235,34,153,666021,128,0.35796546936035156,0.35796546936035156,0.8617373108863831,0.00025,113.92754125595093
5236,34,154,666026,5,0.5239580273628235,0.5239580273628235,0.5340062379837036,0.00025,113.93030643463135
5237,35,1,666154,128,0.4996892511844635,0.4996892511844635,1.1002044677734375,0.00025,114.63086605072021
5238,35,2,666282,128,0.4272713363170624,0.4272713363170624,0.8341488838195801,0.00025,114.648686170578
5239,35,3,666410,128,0.3172409236431122,0.3172409236431122,1.4336508512496948,0.00025,114.66649174690247
5240,35,4,666538,128,0.6195431351661682,0.6195431351661682,0.8195925354957581,0.00025,114.68436121940613
5241,35,5,666666,128,0.39514413475990295,0.39514413475990295,1.0277258157730103,0.00025,114.70277500152588
5242,35,6,666794,128,0.5182470083236694,0.5182470083236694,0.9111431837081909,0.00025,114.72039794921875
5243,35,7,666922,128,0.5013459920883179,0.5013459920883179,1.3045653104782104,0.00025,114.7380576133728
5244,35,8,667050,128,0.4865628778934479,0.4865628778934479,1.146167278289795,0.00025,114.75551342964172
5245,35,9,667178,128,0.45674291253089905,0.45674291253089905,1.0650702714920044,0.00025,114.77362823486328
5246,35,10,667306,128,0.4370192587375641,0.4370192587375641,1.1578261852264404,0.00025,114.79145097732544
5247,35,11,667434,128,0.33042287826538086,0.33042287826538086,1.014264702796936,0.00025,114.80905818939209
5248,35,12,667562,128,0.6460049152374268,0.6460049152374268,1.0470162630081177,0.00025,114.82736110687256
5249,35,13,667690,128,0.4091746509075165,0.4091746509075165,1.0922900438308716,0.00025,114.845041513443
5250,35,14,667818,128,0.412709504365921,0.412709504365921,0.8310414552688599,0.00025,114.86257529258728
5251,35,15,667946,128,0.45764994621276855,0.45764994621276855,0.9372168183326721,0.00025,114.8801097869873
5252,35,16,668074,128,0.41372379660606384,0.41372379660606384,1.2992478609085083,0.00025,114.89837837219238
5253,35,17,668202,128,0.43045181035995483,0.43045181035995483,1.3784409761428833,0.00025,114.91651701927185
5254,35,18,668330,128,0.39373481273651123,0.39373481273651123,0.9279386401176453,0.00025,114.93419599533081
5255,35,19,668458,128,0.3852669298648834,0.3852669298648834,0.8885622620582581,0.00025,114.95182800292969
5256,35,20,668586,128,0.3242224156856537,0.3242224156856537,1.3057444095611572,0.00025,114.97010087966919
5257,35,21,668714,128,0.6640012264251709,0.6640012264251709,1.0012840032577515,0.00025,114.98792386054993
5258,35,22,668842,128,0.4615420401096344,0.4615420401096344,1.24459707736969,0.00025,115.00574469566345
5259,35,23,668970,128,0.45274537801742554,0.45274537801742554,1.1995646953582764,0.00025,115.02343988418579
5260,35,24,669098,128,0.43453776836395264,0.43453776836395264,1.055677056312561,0.00025,115.04160165786743
5261,35,25,669226,128,0.5058209896087646,0.5058209896087646,1.0605413913726807,0.00025,115.05925345420837
5262,35,26,669354,128,0.4077482521533966,0.4077482521533966,1.0235567092895508,0.00025,115.07659840583801
5263,35,27,669482,128,0.43198877573013306,0.43198877573013306,1.0229822397232056,0.00025,115.0938172340393
5264,35,28,669610,128,0.5054337978363037,0.5054337978363037,0.7036540508270264,0.00025,115.11142468452454
5265,35,29,669738,128,0.5874781012535095,0.5874781012535095,1.121221899986267,0.00025,115.12884569168091
5266,35,30,669866,128,0.46246808767318726,0.46246808767318726,1.1422375440597534,0.00025,115.1462631225586
5267,35,31,669994,128,0.41886603832244873,0.41886603832244873,0.9542568325996399,0.00025,115.16408276557922
5268,35,32,670122,128,0.49030226469039917,0.49030226469039917,0.8900659680366516,0.00025,115.18169689178467
5269,35,33,670250,128,0.45645958185195923,0.45645958185195923,0.9056409001350403,0.00025,115.19909977912903
5270,35,34,670378,128,0.39859190583229065,0.39859190583229065,0.8585312366485596,0.00025,115.21649503707886
5271,35,35,670506,128,0.43328583240509033,0.43328583240509033,0.9725057482719421,0.00025,115.23398089408875
5272,35,36,670634,128,0.40474462509155273,0.40474462509155273,0.7375141382217407,0.00025,115.25136184692383
5273,35,37,670762,128,0.40735113620758057,0.40735113620758057,0.7869540452957153,0.00025,115.26861333847046
5274,35,38,670890,128,0.4784274101257324,0.4784274101257324,1.1613726615905762,0.00025,115.28588438034058
5275,35,39,671018,128,0.40602827072143555,0.40602827072143555,1.1925039291381836,0.00025,115.30340027809143
5276,35,40,671146,128,0.43144160509109497,0.43144160509109497,0.665606677532196,0.00025,115.32058835029602
5277,35,41,671274,128,0.5459666848182678,0.5459666848182678,0.8320173025131226,0.00025,115.33777117729187
5278,35,42,671402,128,0.5069946050643921,0.5069946050643921,0.7875944375991821,0.00025,115.35502600669861
5279,35,43,671530,128,0.413930743932724,0.413930743932724,0.8695091009140015,0.00025,115.37269306182861
5280,35,44,671658,128,0.379442423582077,0.379442423582077,0.9789493083953857,0.00025,115.38986825942993
5281,35,45,671786,128,0.4756709933280945,0.4756709933280945,1.1527783870697021,0.00025,115.40700125694275
5282,35,46,671914,128,0.5527106523513794,0.5527106523513794,0.8636971116065979,0.00025,115.42415475845337
5283,35,47,672042,128,0.6541361808776855,0.6541361808776855,0.7801860570907593,0.00025,115.44179248809814
5284,35,48,672170,128,0.42683112621307373,0.42683112621307373,1.5612400770187378,0.00025,115.458993434906
5285,35,49,672298,128,0.316348135471344,0.316348135471344,1.0758637189865112,0.00025,115.4762487411499
5286,35,50,672426,128,0.3522779047489166,0.3522779047489166,1.3265023231506348,0.00025,115.49346995353699
5287,35,51,672554,128,0.4389880299568176,0.4389880299568176,1.2169368267059326,0.00025,115.51082515716553
5288,35,52,672682,128,0.331085741519928,0.331085741519928,1.2338720560073853,0.00025,115.52800703048706
5289,35,53,672810,128,0.6563532948493958,0.6563532948493958,1.1616798639297485,0.00025,115.54483032226562
5290,35,54,672938,128,0.30394238233566284,0.30394238233566284,0.7067943215370178,0.00025,115.56239008903503
5291,35,55,673066,128,0.3840634822845459,0.3840634822845459,0.7937389016151428,0.00025,115.57995986938477
5292,35,56,673194,128,0.4226136803627014,0.4226136803627014,1.448931097984314,0.00025,115.59724044799805
5293,35,57,673322,128,0.5463835000991821,0.5463835000991821,1.1203542947769165,0.00025,115.61457324028015
5294,35,58,673450,128,0.4392040967941284,0.4392040967941284,0.9686831831932068,0.00025,115.6321804523468
5295,35,59,673578,128,0.4213055968284607,0.4213055968284607,1.0868468284606934,0.00025,115.64968776702881
5296,35,60,673706,128,0.4334252178668976,0.4334252178668976,1.2627147436141968,0.00025,115.66716599464417
5297,35,61,673834,128,0.37833571434020996,0.37833571434020996,1.4892951250076294,0.00025,115.68454790115356
5298,35,62,673962,128,0.5122432112693787,0.5122432112693787,1.2523694038391113,0.00025,115.70240426063538
5299,35,63,674090,128,0.4574781060218811,0.4574781060218811,0.8976536393165588,0.00025,115.71970343589783
5300,35,64,674218,128,0.39599546790122986,0.39599546790122986,1.0009560585021973,0.00025,115.73715543746948
5301,35,65,674346,128,0.6041161417961121,0.6041161417961121,0.9878177046775818,0.00025,115.75465154647827
5302,35,66,674474,128,0.6270331144332886,0.6270331144332886,0.9430460929870605,0.00025,115.77222919464111
5303,35,67,674602,128,0.4209894835948944,0.4209894835948944,0.867163896560669,0.00025,115.78974962234497
5304,35,68,674730,128,0.36197614669799805,0.36197614669799805,1.282352328300476,0.00025,115.80705499649048
5305,35,69,674858,128,0.42919448018074036,0.42919448018074036,1.5217797756195068,0.00025,115.82420444488525
5306,35,70,674986,128,0.4710429906845093,0.4710429906845093,0.9882021546363831,0.00025,115.84178709983826
5307,35,71,675114,128,0.5842626094818115,0.5842626094818115,1.3594367504119873,0.00025,115.85916352272034
5308,35,72,675242,128,0.44677093625068665,0.44677093625068665,0.9848491549491882,0.00025,115.87639236450195
5309,35,73,675370,128,0.5852791666984558,0.5852791666984558,1.2150921821594238,0.00025,115.89477491378784
5310,35,74,675498,128,0.2864541709423065,0.2864541709423065,0.759240448474884,0.00025,115.91268968582153
5311,35,75,675626,128,0.4013441503047943,0.4013441503047943,0.7758510708808899,0.00025,115.93026995658875
5312,35,76,675754,128,0.47749385237693787,0.47749385237693787,1.2825253009796143,0.00025,115.9479033946991
5313,35,77,675882,128,0.3722308576107025,0.3722308576107025,1.086875081062317,0.00025,115.96605229377747
5314,35,78,676010,128,0.5389410853385925,0.5389410853385925,1.12941312789917,0.00025,115.98381996154785
5315,35,79,676138,128,0.41995498538017273,0.41995498538017273,0.8223163485527039,0.00025,116.0013747215271
5316,35,80,676266,128,0.5703479051589966,0.5703479051589966,1.0322422981262207,0.00025,116.02011466026306
5317,35,81,676394,128,0.39829444885253906,0.39829444885253906,0.9825767278671265,0.00025,116.03794622421265
5318,35,82,676522,128,0.35784950852394104,0.35784950852394104,0.873988687992096,0.00025,116.05537390708923
5319,35,83,676650,128,0.4599270522594452,0.4599270522594452,0.8089857697486877,0.00025,116.07259750366211
5320,35,84,676778,128,0.539634108543396,0.539634108543396,1.169426679611206,0.00025,116.08980751037598
5321,35,85,676906,128,0.4762219488620758,0.4762219488620758,1.2058807611465454,0.00025,116.10777258872986
5322,35,86,677034,128,0.6957160234451294,0.6957160234451294,0.8755174875259399,0.00025,116.12534642219543
5323,35,87,677162,128,0.44729578495025635,0.44729578495025635,0.9868788123130798,0.00025,116.14267611503601
5324,35,88,677290,128,0.5896963477134705,0.5896963477134705,1.1741762161254883,0.00025,116.16001415252686
5325,35,89,677418,128,0.4952145218849182,0.4952145218849182,1.6891518831253052,0.00025,116.17779517173767
5326,35,90,677546,128,0.38853421807289124,0.38853421807289124,1.0886836051940918,0.00025,116.19529318809509
5327,35,91,677674,128,0.5450540781021118,0.5450540781021118,0.9352845549583435,0.00025,116.21263694763184
5328,35,92,677802,128,0.6847321391105652,0.6847321391105652,1.3888925313949585,0.00025,116.23019504547119
5329,35,93,677930,128,0.38845768570899963,0.38845768570899963,1.196696400642395,0.00025,116.24762153625488
5330,35,94,678058,128,0.5835858583450317,0.5835858583450317,1.295505404472351,0.00025,116.2649998664856
5331,35,95,678186,128,0.5113024711608887,0.5113024711608887,0.660702109336853,0.00025,116.28312921524048
5332,35,96,678314,128,0.4017282724380493,0.4017282724380493,1.1454732418060303,0.00025,116.30224800109863
5333,35,97,678442,128,0.39293473958969116,0.39293473958969116,1.3603965044021606,0.00025,116.31994843482971
5334,35,98,678570,128,0.43623682856559753,0.43623682856559753,1.1693239212036133,0.00025,116.33757138252258
5335,35,99,678698,128,0.5867459177970886,0.5867459177970886,1.212589144706726,0.00025,116.35501217842102
5336,35,100,678826,128,0.5649153590202332,0.5649153590202332,0.9032750725746155,0.00025,116.37255239486694
5337,35,101,678954,128,0.5111745595932007,0.5111745595932007,1.158148169517517,0.00025,116.38977026939392
5338,35,102,679082,128,0.3151403069496155,0.3151403069496155,0.7806636691093445,0.00025,116.406818151474
5339,35,103,679210,128,0.46540266275405884,0.46540266275405884,1.8049436807632446,0.00025,116.42423701286316
5340,35,104,679338,128,0.30249539017677307,0.30249539017677307,1.1207165718078613,0.00025,116.44198656082153
5341,35,105,679466,128,0.4734031558036804,0.4734031558036804,1.0519455671310425,0.00025,116.45921683311462
5342,35,106,679594,128,0.46388688683509827,0.46388688683509827,1.3422943353652954,0.00025,116.47661805152893
5343,35,107,679722,128,0.5855458974838257,0.5855458974838257,1.6053125858306885,0.00025,116.49440097808838
5344,35,108,679850,128,0.41871219873428345,0.41871219873428345,1.400431752204895,0.00025,116.51231408119202
5345,35,109,679978,128,0.6184883713722229,0.6184883713722229,0.9677882194519043,0.00025,116.52959775924683
5346,35,110,680106,128,0.3608337938785553,0.3608337938785553,1.2141796350479126,0.00025,116.54682564735413
5347,35,111,680234,128,0.593192994594574,0.593192994594574,0.6375725269317627,0.00025,116.56463408470154
5348,35,112,680362,128,0.4857495129108429,0.4857495129108429,1.2674548625946045,0.00025,116.58241415023804
5349,35,113,680490,128,0.5774498581886292,0.5774498581886292,1.1042289733886719,0.00025,116.60002255439758
5350,35,114,680618,128,0.46130621433258057,0.46130621433258057,1.4920111894607544,0.00025,116.61759305000305
5351,35,115,680746,128,0.4624921977519989,0.4624921977519989,1.2333351373672485,0.00025,116.63572025299072
5352,35,116,680874,128,0.46694931387901306,0.46694931387901306,1.2472844123840332,0.00025,116.65337443351746
5353,35,117,681002,128,0.5529289245605469,0.5529289245605469,1.0105063915252686,0.00025,116.67106747627258
5354,35,118,681130,128,0.5888108015060425,0.5888108015060425,0.9382635951042175,0.00025,116.68865442276001
5355,35,119,681258,128,0.6354063153266907,0.6354063153266907,1.0197526216506958,0.00025,116.70661878585815
5356,35,120,681386,128,0.3684645891189575,0.3684645891189575,0.9234247207641602,0.00025,116.72427034378052
5357,35,121,681514,128,0.4445911943912506,0.4445911943912506,1.4117624759674072,0.00025,116.74177312850952
5358,35,122,681642,128,0.3618291914463043,0.3618291914463043,0.9650712013244629,0.00025,116.7594575881958
5359,35,123,681770,128,0.4930969774723053,0.4930969774723053,1.1076186895370483,0.00025,116.77714800834656
5360,35,124,681898,128,0.5332679152488708,0.5332679152488708,1.0574852228164673,0.00025,116.79472827911377
5361,35,125,682026,128,0.4636524021625519,0.4636524021625519,1.0866416692733765,0.00025,116.81217885017395
5362,35,126,682154,128,0.4946034252643585,0.4946034252643585,1.188886284828186,0.00025,116.82969546318054
5363,35,127,682282,128,0.5792551040649414,0.5792551040649414,1.3398429155349731,0.00025,116.84742498397827
5364,35,128,682410,128,0.5023971199989319,0.5023971199989319,1.102189302444458,0.00025,116.8649172782898
5365,35,129,682538,128,0.5017346143722534,0.5017346143722534,1.1442707777023315,0.00025,116.88233709335327
5366,35,130,682666,128,0.5364524722099304,0.5364524722099304,1.2661973237991333,0.00025,116.90054988861084
5367,35,131,682794,128,0.4401591122150421,0.4401591122150421,0.9349740743637085,0.00025,116.91843676567078
5368,35,132,682922,128,0.5120738744735718,0.5120738744735718,1.0422742366790771,0.00025,116.9358160495758
5369,35,133,683050,128,0.40386995673179626,0.40386995673179626,0.9081401824951172,0.00025,116.95323824882507
5370,35,134,683178,128,0.5389958620071411,0.5389958620071411,1.3192222118377686,0.00025,116.97100925445557
5371,35,135,683306,128,0.5229797959327698,0.5229797959327698,1.47780442237854,0.00025,116.98858404159546
5372,35,136,683434,128,0.4416973888874054,0.4416973888874054,1.1025187969207764,0.00025,117.00587105751038
5373,35,137,683562,128,0.3380308747291565,0.3380308747291565,0.9381266236305237,0.00025,117.02311062812805
5374,35,138,683690,128,0.4719429016113281,0.4719429016113281,0.8622967600822449,0.00025,117.04084086418152
5375,35,139,683818,128,0.5144882798194885,0.5144882798194885,0.9869358539581299,0.00025,117.05826544761658
5376,35,140,683946,128,0.4694820046424866,0.4694820046424866,1.1914007663726807,0.00025,117.07578825950623
5377,35,141,684074,128,0.4424193501472473,0.4424193501472473,0.9484665393829346,0.00025,117.09332799911499
5378,35,142,684202,128,0.323660284280777,0.323660284280777,1.0566661357879639,0.00025,117.11151361465454
5379,35,143,684330,128,0.34009701013565063,0.34009701013565063,0.8621944189071655,0.00025,117.12908029556274
5380,35,144,684458,128,0.44656115770339966,0.44656115770339966,0.7919882535934448,0.00025,117.14658498764038
5381,35,145,684586,128,0.5292311906814575,0.5292311906814575,1.3564846515655518,0.00025,117.16436076164246
5382,35,146,684714,128,0.3434256911277771,0.3434256911277771,1.3582476377487183,0.00025,117.18192982673645
5383,35,147,684842,128,0.33410874009132385,0.33410874009132385,1.1566513776779175,0.00025,117.19928359985352
5384,35,148,684970,128,0.571764349937439,0.571764349937439,1.0267294645309448,0.00025,117.21665215492249
5385,35,149,685098,128,0.443327397108078,0.443327397108078,1.3849042654037476,0.00025,117.23430323600769
5386,35,150,685226,128,0.47777414321899414,0.47777414321899414,0.8723515868186951,0.00025,117.25187611579895
5387,35,151,685354,128,0.41544654965400696,0.41544654965400696,0.9126229286193848,0.00025,117.26941275596619
5388,35,152,685482,128,0.4181625247001648,0.4181625247001648,1.5524587631225586,0.00025,117.28699994087219
5389,35,153,685610,128,0.35519877076148987,0.35519877076148987,1.1088221073150635,0.00025,117.30484294891357
5390,35,154,685615,5,2.1471612453460693,2.1471612453460693,0.8273587226867676,0.00025,117.30763053894043
5391,36,1,685743,128,0.35076162219047546,0.35076162219047546,0.8366965651512146,0.00025,118.00034236907959
5392,36,2,685871,128,0.44552358984947205,0.44552358984947205,1.1737017631530762,0.00025,118.01816582679749
5393,36,3,685999,128,0.41245877742767334,0.41245877742767334,0.98895663022995,0.00025,118.03635549545288
5394,36,4,686127,128,0.4594743549823761,0.4594743549823761,0.7873389720916748,0.00025,118.05428457260132
5395,36,5,686255,128,0.5488219261169434,0.5488219261169434,0.8696857690811157,0.00025,118.07202363014221
5396,36,6,686383,128,0.4575841426849365,0.4575841426849365,0.8926100730895996,0.00025,118.08972334861755
5397,36,7,686511,128,0.42237773537635803,0.42237773537635803,0.9745990037918091,0.00025,118.10796356201172
5398,36,8,686639,128,0.6285242438316345,0.6285242438316345,1.175758719444275,0.00025,118.12592959403992
5399,36,9,686767,128,0.44560301303863525,0.44560301303863525,1.2396894693374634,0.00025,118.14378952980042
5400,36,10,686895,128,0.5126485824584961,0.5126485824584961,0.8665670156478882,0.00025,118.16173148155212
5401,36,11,687023,128,0.6379418969154358,0.6379418969154358,1.2630363702774048,0.00025,118.17995285987854
5402,36,12,687151,128,0.45837363600730896,0.45837363600730896,1.0815259218215942,0.00025,118.19790196418762
5403,36,13,687279,128,0.44527775049209595,0.44527775049209595,1.0541982650756836,0.00025,118.21539449691772
5404,36,14,687407,128,0.3721424341201782,0.3721424341201782,0.8891391158103943,0.00025,118.23288488388062
5405,36,15,687535,128,0.49845564365386963,0.49845564365386963,1.1006090641021729,0.00025,118.2508499622345
5406,36,16,687663,128,0.4852091073989868,0.4852091073989868,0.8502193689346313,0.00025,118.26848220825195
5407,36,17,687791,128,0.45696917176246643,0.45696917176246643,1.0058984756469727,0.00025,118.2857460975647
5408,36,18,687919,128,0.3796965777873993,0.3796965777873993,1.1605088710784912,0.00025,118.3037919998169
5409,36,19,688047,128,0.4948466420173645,0.4948466420173645,1.3541626930236816,0.00025,118.3217544555664
5410,36,20,688175,128,0.4205605983734131,0.4205605983734131,0.7242012619972229,0.00025,118.33954668045044
5411,36,21,688303,128,0.4303470551967621,0.4303470551967621,1.0007706880569458,0.00025,118.35730051994324
5412,36,22,688431,128,0.338973730802536,0.338973730802536,1.13352632522583,0.00025,118.3754301071167
5413,36,23,688559,128,0.4511578381061554,0.4511578381061554,1.1607458591461182,0.00025,118.39304876327515
5414,36,24,688687,128,0.3164145052433014,0.3164145052433014,1.0773273706436157,0.00025,118.41068935394287
5415,36,25,688815,128,0.39575284719467163,0.39575284719467163,1.085830569267273,0.00025,118.42844295501709
5416,36,26,688943,128,0.3442468047142029,0.3442468047142029,1.2035213708877563,0.00025,118.44624304771423
5417,36,27,689071,128,0.39864546060562134,0.39864546060562134,0.9092357754707336,0.00025,118.46374154090881
5418,36,28,689199,128,0.3376891016960144,0.3376891016960144,1.1864590644836426,0.00025,118.48117280006409
5419,36,29,689327,128,0.3259875178337097,0.3259875178337097,1.018103837966919,0.00025,118.49888372421265
5420,36,30,689455,128,0.6575451493263245,0.6575451493263245,0.9406242370605469,0.00025,118.51655626296997
5421,36,31,689583,128,0.42894941568374634,0.42894941568374634,1.396562099456787,0.00025,118.53443503379822
5422,36,32,689711,128,0.4468487501144409,0.4468487501144409,1.2254266738891602,0.00025,118.55188155174255
5423,36,33,689839,128,0.6419105529785156,0.6419105529785156,1.19257390499115,0.00025,118.56984758377075
5424,36,34,689967,128,0.3792034089565277,0.3792034089565277,1.0586521625518799,0.00025,118.58763360977173
5425,36,35,690095,128,0.5757583975791931,0.5757583975791931,1.658315896987915,0.00025,118.60533142089844
5426,36,36,690223,128,0.49480873346328735,0.49480873346328735,1.0597172975540161,0.00025,118.62307286262512
5427,36,37,690351,128,0.38143378496170044,0.38143378496170044,1.2523844242095947,0.00025,118.64130640029907
5428,36,38,690479,128,0.4875231087207794,0.4875231087207794,1.1496895551681519,0.00025,118.6590645313263
5429,36,39,690607,128,0.6253377199172974,0.6253377199172974,1.030900001525879,0.00025,118.67662763595581
5430,36,40,690735,128,0.5250157713890076,0.5250157713890076,1.1178933382034302,0.00025,118.69398283958435
5431,36,41,690863,128,0.4015180468559265,0.4015180468559265,0.9126338958740234,0.00025,118.71211194992065
5432,36,42,690991,128,0.4534948766231537,0.4534948766231537,1.1855465173721313,0.00025,118.72998857498169
5433,36,43,691119,128,0.6153063774108887,0.6153063774108887,0.9203099012374878,0.00025,118.74760460853577
5434,36,44,691247,128,0.4746997654438019,0.4746997654438019,1.0964245796203613,0.00025,118.76567554473877
5435,36,45,691375,128,0.3583296835422516,0.3583296835422516,0.8492405414581299,0.00025,118.7836537361145
5436,36,46,691503,128,0.42185795307159424,0.42185795307159424,1.0639439821243286,0.00025,118.80138516426086
5437,36,47,691631,128,0.43680834770202637,0.43680834770202637,1.3882577419281006,0.00025,118.81875491142273
5438,36,48,691759,128,0.38855627179145813,0.38855627179145813,1.533421277999878,0.00025,118.83665943145752
5439,36,49,691887,128,0.5040587186813354,0.5040587186813354,1.033271074295044,0.00025,118.8542423248291
5440,36,50,692015,128,0.4936995506286621,0.4936995506286621,1.102081537246704,0.00025,118.87151074409485
5441,36,51,692143,128,0.5513392090797424,0.5513392090797424,1.0710093975067139,0.00025,118.88922834396362
5442,36,52,692271,128,0.5522884130477905,0.5522884130477905,1.1028341054916382,0.00025,118.90767526626587
5443,36,53,692399,128,0.5368562936782837,0.5368562936782837,0.8633089661598206,0.00025,118.92546820640564
5444,36,54,692527,128,0.5051522254943848,0.5051522254943848,1.01663076877594,0.00025,118.94306826591492
5445,36,55,692655,128,0.45658043026924133,0.45658043026924133,1.3139705657958984,0.00025,118.96054720878601
5446,36,56,692783,128,0.3185890018939972,0.3185890018939972,0.7934544086456299,0.00025,118.97838473320007
5447,36,57,692911,128,0.4227394461631775,0.4227394461631775,1.1204625368118286,0.00025,118.99600481987
5448,36,58,693039,128,0.4382987916469574,0.4382987916469574,1.2599284648895264,0.00025,119.01394367218018
5449,36,59,693167,128,0.39496809244155884,0.39496809244155884,1.0135194063186646,0.00025,119.03162169456482
5450,36,60,693295,128,0.5527191758155823,0.5527191758155823,1.0054033994674683,0.00025,119.04954028129578
5451,36,61,693423,128,0.43270963430404663,0.43270963430404663,0.9708235859870911,0.00025,119.06764936447144
5452,36,62,693551,128,0.5535028576850891,0.5535028576850891,1.2063589096069336,0.00025,119.08528208732605
5453,36,63,693679,128,0.4442797005176544,0.4442797005176544,1.0310038328170776,0.00025,119.10338377952576
5454,36,64,693807,128,0.538754403591156,0.538754403591156,1.5782605409622192,0.00025,119.12140274047852
5455,36,65,693935,128,0.5815786719322205,0.5815786719322205,0.8115383982658386,0.00025,119.13905930519104
5456,36,66,694063,128,0.43124350905418396,0.43124350905418396,1.1796627044677734,0.00025,119.1567895412445
5457,36,67,694191,128,0.46518251299858093,0.46518251299858093,1.0700150728225708,0.00025,119.17473196983337
5458,36,68,694319,128,0.31937360763549805,0.31937360763549805,1.1609407663345337,0.00025,119.19227457046509
5459,36,69,694447,128,0.48061642050743103,0.48061642050743103,0.9028778076171875,0.00025,119.20964574813843
5460,36,70,694575,128,0.4314616620540619,0.4314616620540619,1.1747701168060303,0.00025,119.2272276878357
5461,36,71,694703,128,0.634609580039978,0.634609580039978,1.394935131072998,0.00025,119.24496030807495
5462,36,72,694831,128,0.5093014240264893,0.5093014240264893,1.3091707229614258,0.00025,119.26292848587036
5463,36,73,694959,128,0.3761742413043976,0.3761742413043976,1.1260817050933838,0.00025,119.28033900260925
5464,36,74,695087,128,0.5262966156005859,0.5262966156005859,1.1815110445022583,0.00025,119.29807257652283
5465,36,75,695215,128,0.4174678325653076,0.4174678325653076,1.1142513751983643,0.00025,119.31577920913696
5466,36,76,695343,128,0.4368320405483246,0.4368320405483246,1.0990387201309204,0.00025,119.33375120162964
5467,36,77,695471,128,0.39182379841804504,0.39182379841804504,1.259090542793274,0.00025,119.35117244720459
5468,36,78,695599,128,0.4323040544986725,0.4323040544986725,1.0369936227798462,0.00025,119.368891954422
5469,36,79,695727,128,0.3907421827316284,0.3907421827316284,1.1990854740142822,0.00025,119.38667345046997
5470,36,80,695855,128,0.41479796171188354,0.41479796171188354,1.304445743560791,0.00025,119.40436935424805
5471,36,81,695983,128,0.37897440791130066,0.37897440791130066,0.9380627870559692,0.00025,119.42174530029297
5472,36,82,696111,128,0.5447303652763367,0.5447303652763367,1.2281098365783691,0.00025,119.43977117538452
5473,36,83,696239,128,0.6070790886878967,0.6070790886878967,1.094097375869751,0.00025,119.45748233795166
5474,36,84,696367,128,0.4698728919029236,0.4698728919029236,0.8157368302345276,0.00025,119.47491407394409
5475,36,85,696495,128,0.3435908555984497,0.3435908555984497,0.9499249458312988,0.00025,119.49247574806213
5476,36,86,696623,128,0.4346790611743927,0.4346790611743927,1.2786931991577148,0.00025,119.51039004325867
5477,36,87,696751,128,0.34622061252593994,0.34622061252593994,0.9220057129859924,0.00025,119.52788496017456
5478,36,88,696879,128,0.5596217513084412,0.5596217513084412,1.1642204523086548,0.00025,119.54586410522461
5479,36,89,697007,128,0.5184972882270813,0.5184972882270813,1.2629386186599731,0.00025,119.5635621547699
5480,36,90,697135,128,0.4642696976661682,0.4642696976661682,1.0384845733642578,0.00025,119.58157277107239
5481,36,91,697263,128,0.47786378860473633,0.47786378860473633,0.8299685716629028,0.00025,119.59938192367554
5482,36,92,697391,128,0.46595704555511475,0.46595704555511475,0.9393696188926697,0.00025,119.61688208580017
5483,36,93,697519,128,0.4494359791278839,0.4494359791278839,0.9804766178131104,0.00025,119.63476252555847
5484,36,94,697647,128,0.4876684546470642,0.4876684546470642,0.9864609837532043,0.00025,119.65233063697815
5485,36,95,697775,128,0.3551645576953888,0.3551645576953888,1.1874651908874512,0.00025,119.67062187194824
5486,36,96,697903,128,0.5634615421295166,0.5634615421295166,1.1462124586105347,0.00025,119.68946599960327
5487,36,97,698031,128,0.6148362755775452,0.6148362755775452,1.0028635263442993,0.00025,119.70754432678223
5488,36,98,698159,128,0.7410280704498291,0.7410280704498291,1.0868366956710815,0.00025,119.7252790927887
5489,36,99,698287,128,0.5744459629058838,0.5744459629058838,1.0948734283447266,0.00025,119.74715805053711
5490,36,100,698415,128,0.41004011034965515,0.41004011034965515,0.7614307999610901,0.00025,119.76643061637878
5491,36,101,698543,128,0.2987813949584961,0.2987813949584961,1.054909348487854,0.00025,119.78451037406921
5492,36,102,698671,128,0.4113548994064331,0.4113548994064331,1.0767614841461182,0.00025,119.80190062522888
5493,36,103,698799,128,0.2635110318660736,0.2635110318660736,0.8697850704193115,0.00025,119.8195788860321
5494,36,104,698927,128,0.504009485244751,0.504009485244751,1.0342844724655151,0.00025,119.83764100074768
5495,36,105,699055,128,0.5415381193161011,0.5415381193161011,0.966251015663147,0.00025,119.8551230430603
5496,36,106,699183,128,0.34948334097862244,0.34948334097862244,1.3070143461227417,0.00025,119.87254524230957
5497,36,107,699311,128,0.33086952567100525,0.33086952567100525,0.9930498600006104,0.00025,119.89023518562317
5498,36,108,699439,128,0.5064248442649841,0.5064248442649841,1.3069719076156616,0.00025,119.9086639881134
5499,36,109,699567,128,0.403347909450531,0.403347909450531,1.0818525552749634,0.00025,119.92647290229797
5500,36,110,699695,128,0.38768866658210754,0.38768866658210754,1.0229321718215942,0.00025,119.94414019584656
5501,36,111,699823,128,0.39900001883506775,0.39900001883506775,1.3228719234466553,0.00025,119.96178770065308
5502,36,112,699951,128,0.4122004210948944,0.4122004210948944,0.727220356464386,0.00025,119.97993898391724
5503,36,113,700079,128,0.47198888659477234,0.47198888659477234,0.8727594017982483,0.00025,119.99782156944275
5504,36,114,700207,128,0.41794317960739136,0.41794317960739136,0.8486775159835815,0.00025,120.01541662216187
5505,36,115,700335,128,0.512687623500824,0.512687623500824,1.4812073707580566,0.00025,120.03312134742737
5506,36,116,700463,128,0.5258292555809021,0.5258292555809021,1.1109296083450317,0.00025,120.05123686790466
5507,36,117,700591,128,0.43245211243629456,0.43245211243629456,1.1826800107955933,0.00025,120.06913805007935
5508,36,118,700719,128,0.6095510125160217,0.6095510125160217,0.9405277967453003,0.00025,120.08693981170654
5509,36,119,700847,128,0.43514081835746765,0.43514081835746765,1.159267783164978,0.00025,120.10501956939697
5510,36,120,700975,128,0.5321666598320007,0.5321666598320007,0.8066182136535645,0.00025,120.12263441085815
5511,36,121,701103,128,0.365330308675766,0.365330308675766,1.122677206993103,0.00025,120.14015555381775
5512,36,122,701231,128,0.597703218460083,0.597703218460083,1.1958508491516113,0.00025,120.15756845474243
5513,36,123,701359,128,0.4233283996582031,0.4233283996582031,1.059783935546875,0.00025,120.17519164085388
5514,36,124,701487,128,0.37212780117988586,0.37212780117988586,1.2214044332504272,0.00025,120.1927444934845
5515,36,125,701615,128,0.2872210144996643,0.2872210144996643,1.0164670944213867,0.00025,120.21045589447021
5516,36,126,701743,128,0.4315692186355591,0.4315692186355591,1.0894806385040283,0.00025,120.2278470993042
5517,36,127,701871,128,0.3673416078090668,0.3673416078090668,0.9321854114532471,0.00025,120.24599409103394
5518,36,128,701999,128,0.5056458711624146,0.5056458711624146,0.9785449504852295,0.00025,120.26393699645996
5519,36,129,702127,128,0.3410520553588867,0.3410520553588867,1.1868479251861572,0.00025,120.28157877922058
5520,36,130,702255,128,0.4662924110889435,0.4662924110889435,1.1225651502609253,0.00025,120.29922461509705
5521,36,131,702383,128,0.5105894804000854,0.5105894804000854,1.360097885131836,0.00025,120.31713271141052
5522,36,132,702511,128,0.6615833640098572,0.6615833640098572,1.4782291650772095,0.00025,120.33497262001038
5523,36,133,702639,128,0.44573700428009033,0.44573700428009033,1.2961267232894897,0.00025,120.35263466835022
5524,36,134,702767,128,0.5379739999771118,0.5379739999771118,1.2819814682006836,0.00025,120.37034010887146
5525,36,135,702895,128,0.4323960542678833,0.4323960542678833,0.9633994698524475,0.00025,120.38837885856628
5526,36,136,703023,128,0.36873695254325867,0.36873695254325867,1.0613116025924683,0.00025,120.40609359741211
5527,36,137,703151,128,0.5149829983711243,0.5149829983711243,1.0416216850280762,0.00025,120.42365956306458
5528,36,138,703279,128,0.5500112175941467,0.5500112175941467,0.7748505473136902,0.00025,120.44164729118347
5529,36,139,703407,128,0.4246468245983124,0.4246468245983124,1.0180768966674805,0.00025,120.45923948287964
5530,36,140,703535,128,0.5210393667221069,0.5210393667221069,0.971373438835144,0.00025,120.47667384147644
5531,36,141,703663,128,0.4804389178752899,0.4804389178752899,1.1209046840667725,0.00025,120.4940505027771
5532,36,142,703791,128,0.39391645789146423,0.39391645789146423,1.1742280721664429,0.00025,120.51193022727966
5533,36,143,703919,128,0.3905654549598694,0.3905654549598694,1.4792991876602173,0.00025,120.52925062179565
5534,36,144,704047,128,0.40432921051979065,0.40432921051979065,1.0602318048477173,0.00025,120.54677224159241
5535,36,145,704175,128,0.44134262204170227,0.44134262204170227,0.8579793572425842,0.00025,120.56449270248413
5536,36,146,704303,128,0.3767031133174896,0.3767031133174896,1.3586061000823975,0.00025,120.58227682113647
5537,36,147,704431,128,0.3757912218570709,0.3757912218570709,0.8881117105484009,0.00025,120.59972333908081
5538,36,148,704559,128,0.4226909577846527,0.4226909577846527,1.19966459274292,0.00025,120.61687803268433
5539,36,149,704687,128,0.3836245536804199,0.3836245536804199,1.0591477155685425,0.00025,120.63434934616089
5540,36,150,704815,128,0.4181220233440399,0.4181220233440399,0.9331653118133545,0.00025,120.65222406387329
5541,36,151,704943,128,0.38077491521835327,0.38077491521835327,1.204087257385254,0.00025,120.67022681236267
5542,36,152,705071,128,0.45674657821655273,0.45674657821655273,1.0163161754608154,0.00025,120.68782114982605
5543,36,153,705199,128,0.5145909190177917,0.5145909190177917,1.098084568977356,0.00025,120.70546364784241
5544,36,154,705204,5,0.8263581991195679,0.8263581991195679,0.6744429469108582,0.00025,120.70810508728027
5545,37,1,705332,128,0.35068023204803467,0.35068023204803467,1.1553065776824951,0.000125,121.4156985282898
5546,37,2,705460,128,0.4824041724205017,0.4824041724205017,1.0772985219955444,0.000125,121.43298029899597
5547,37,3,705588,128,0.44572263956069946,0.44572263956069946,0.9995219111442566,0.000125,121.45085215568542
5548,37,4,705716,128,0.5589662790298462,0.5589662790298462,1.0594245195388794,0.000125,121.46836733818054
5549,37,5,705844,128,0.4925139546394348,0.4925139546394348,1.003465175628662,0.000125,121.48607206344604
5550,37,6,705972,128,0.49149081110954285,0.49149081110954285,0.9766941666603088,0.000125,121.50372076034546
5551,37,7,706100,128,0.3830919563770294,0.3830919563770294,1.0084041357040405,0.000125,121.52167296409607
5552,37,8,706228,128,0.48337092995643616,0.48337092995643616,0.8704147338867188,0.000125,121.53879809379578
5553,37,9,706356,128,0.566667377948761,0.566667377948761,1.0950210094451904,0.000125,121.55633401870728
5554,37,10,706484,128,0.35155853629112244,0.35155853629112244,0.9585447311401367,0.000125,121.57422137260437
5555,37,11,706612,128,0.3650875687599182,0.3650875687599182,0.9839392304420471,0.000125,121.59165382385254
5556,37,12,706740,128,0.47189897298812866,0.47189897298812866,0.9853682518005371,0.000125,121.609295129776
5557,37,13,706868,128,0.45261329412460327,0.45261329412460327,0.9070349335670471,0.000125,121.6268835067749
5558,37,14,706996,128,0.3371109664440155,0.3371109664440155,1.151280164718628,0.000125,121.6445517539978
5559,37,15,707124,128,0.45930999517440796,0.45930999517440796,0.9952927827835083,0.000125,121.66216516494751
5560,37,16,707252,128,0.44171059131622314,0.44171059131622314,1.0776481628417969,0.000125,121.67961049079895
5561,37,17,707380,128,0.4495239555835724,0.4495239555835724,0.8618618845939636,0.000125,121.69693040847778
5562,37,18,707508,128,0.4449992775917053,0.4449992775917053,0.9073852896690369,0.000125,121.71462678909302
5563,37,19,707636,128,0.37550270557403564,0.37550270557403564,1.1171443462371826,0.000125,121.73218941688538
5564,37,20,707764,128,0.5516610741615295,0.5516610741615295,0.7977824211120605,0.000125,121.74963021278381
5565,37,21,707892,128,0.40412038564682007,0.40412038564682007,1.084298849105835,0.000125,121.76703572273254
5566,37,22,708020,128,0.31767523288726807,0.31767523288726807,1.1462615728378296,0.000125,121.78474116325378
5567,37,23,708148,128,0.5863834619522095,0.5863834619522095,1.1777673959732056,0.000125,121.80207395553589
5568,37,24,708276,128,0.49716123938560486,0.49716123938560486,1.2412773370742798,0.000125,121.8192138671875
5569,37,25,708404,128,0.43870893120765686,0.43870893120765686,0.896456241607666,0.000125,121.83649206161499
5570,37,26,708532,128,0.4526289701461792,0.4526289701461792,1.1502803564071655,0.000125,121.8538715839386
5571,37,27,708660,128,0.3300018608570099,0.3300018608570099,1.1197383403778076,0.000125,121.87126541137695
5572,37,28,708788,128,0.46494123339653015,0.46494123339653015,1.1053658723831177,0.000125,121.88838243484497
5573,37,29,708916,128,0.3519402742385864,0.3519402742385864,1.040249228477478,0.000125,121.90639591217041
5574,37,30,709044,128,0.3437594473361969,0.3437594473361969,1.2280107736587524,0.000125,121.92376160621643
5575,37,31,709172,128,0.5320947766304016,0.5320947766304016,1.282272219657898,0.000125,121.94112825393677
5576,37,32,709300,128,0.4027296304702759,0.4027296304702759,1.56350839138031,0.000125,121.95812726020813
5577,37,33,709428,128,0.5254685282707214,0.5254685282707214,0.9858495593070984,0.000125,121.97567415237427
5578,37,34,709556,128,0.3667740225791931,0.3667740225791931,1.4717079401016235,0.000125,121.99333238601685
5579,37,35,709684,128,0.3351520001888275,0.3351520001888275,1.2322711944580078,0.000125,122.01076245307922
5580,37,36,709812,128,0.3922085165977478,0.3922085165977478,0.7819156050682068,0.000125,122.02787065505981
5581,37,37,709940,128,0.3854592442512512,0.3854592442512512,1.1289219856262207,0.000125,122.04597115516663
5582,37,38,710068,128,0.3947424590587616,0.3947424590587616,1.019966959953308,0.000125,122.06356596946716
5583,37,39,710196,128,0.5663067102432251,0.5663067102432251,1.5809483528137207,0.000125,122.08076405525208
5584,37,40,710324,128,0.4161636233329773,0.4161636233329773,1.0326436758041382,0.000125,122.09818243980408
5585,37,41,710452,128,0.4230997860431671,0.4230997860431671,1.1769731044769287,0.000125,122.11585211753845
5586,37,42,710580,128,0.4483117461204529,0.4483117461204529,1.0644309520721436,0.000125,122.13335490226746
5587,37,43,710708,128,0.3834296464920044,0.3834296464920044,1.0006402730941772,0.000125,122.15109896659851
5588,37,44,710836,128,0.3552594780921936,0.3552594780921936,0.9663988351821899,0.000125,122.16854071617126
5589,37,45,710964,128,0.54400235414505,0.54400235414505,1.184743881225586,0.000125,122.18654203414917
5590,37,46,711092,128,0.3116198480129242,0.3116198480129242,1.1669254302978516,0.000125,122.20418572425842
5591,37,47,711220,128,0.4788860082626343,0.4788860082626343,1.0890636444091797,0.000125,122.22148442268372
5592,37,48,711348,128,0.5186907649040222,0.5186907649040222,1.245642900466919,0.000125,122.23873329162598
5593,37,49,711476,128,0.3374985456466675,0.3374985456466675,1.1126861572265625,0.000125,122.25644969940186
5594,37,50,711604,128,0.3630274534225464,0.3630274534225464,1.145412802696228,0.000125,122.27384781837463
5595,37,51,711732,128,0.5395111441612244,0.5395111441612244,0.9231274724006653,0.000125,122.2915267944336
5596,37,52,711860,128,0.47061461210250854,0.47061461210250854,0.905582070350647,0.000125,122.30928564071655
5597,37,53,711988,128,0.3938838541507721,0.3938838541507721,1.236189842224121,0.000125,122.32683205604553
5598,37,54,712116,128,0.42851313948631287,0.42851313948631287,0.618930995464325,0.000125,122.34443283081055
5599,37,55,712244,128,0.3920519948005676,0.3920519948005676,1.122240424156189,0.000125,122.36170220375061
5600,37,56,712372,128,0.3197866380214691,0.3197866380214691,0.7928526401519775,0.000125,122.37957549095154
5601,37,57,712500,128,0.3596893548965454,0.3596893548965454,1.2228294610977173,0.000125,122.39708495140076
5602,37,58,712628,128,0.4338580369949341,0.4338580369949341,0.9217184782028198,0.000125,122.41469693183899
5603,37,59,712756,128,0.5107970833778381,0.5107970833778381,0.9281367063522339,0.000125,122.43238282203674
5604,37,60,712884,128,0.47598502039909363,0.47598502039909363,1.3456001281738281,0.000125,122.45015621185303
5605,37,61,713012,128,0.5743353366851807,0.5743353366851807,1.471013069152832,0.000125,122.4678602218628
5606,37,62,713140,128,0.4151369631290436,0.4151369631290436,0.9210992455482483,0.000125,122.48532676696777
5607,37,63,713268,128,0.33458560705184937,0.33458560705184937,1.0415327548980713,0.000125,122.50275683403015
5608,37,64,713396,128,0.449757844209671,0.449757844209671,1.211377739906311,0.000125,122.52053666114807
5609,37,65,713524,128,0.3739413321018219,0.3739413321018219,1.0972355604171753,0.000125,122.53788113594055
5610,37,66,713652,128,0.4005950093269348,0.4005950093269348,0.90107262134552,0.000125,122.55520725250244
5611,37,67,713780,128,0.4146474301815033,0.4146474301815033,1.1620694398880005,0.000125,122.57312154769897
5612,37,68,713908,128,0.3649221658706665,0.3649221658706665,1.2562177181243896,0.000125,122.5905327796936
5613,37,69,714036,128,0.4043837785720825,0.4043837785720825,0.999911904335022,0.000125,122.60778951644897
5614,37,70,714164,128,0.5502333641052246,0.5502333641052246,1.167133092880249,0.000125,122.62526321411133
5615,37,71,714292,128,0.40582001209259033,0.40582001209259033,1.1318565607070923,0.000125,122.6430675983429
5616,37,72,714420,128,0.4273889362812042,0.4273889362812042,0.8808430433273315,0.000125,122.6605613231659
5617,37,73,714548,128,0.4813578724861145,0.4813578724861145,1.328898549079895,0.000125,122.6778724193573
5618,37,74,714676,128,0.4564305245876312,0.4564305245876312,1.067197561264038,0.000125,122.69505095481873
5619,37,75,714804,128,0.38357850909233093,0.38357850909233093,0.9851220846176147,0.000125,122.71242809295654
5620,37,76,714932,128,0.5030785202980042,0.5030785202980042,1.1255788803100586,0.000125,122.72960233688354
5621,37,77,715060,128,0.4925149381160736,0.4925149381160736,1.0023233890533447,0.000125,122.74670934677124
5622,37,78,715188,128,0.4560874104499817,0.4560874104499817,1.093199610710144,0.000125,122.76402807235718
5623,37,79,715316,128,0.37321722507476807,0.37321722507476807,1.183057427406311,0.000125,122.78186821937561
5624,37,80,715444,128,0.38514444231987,0.38514444231987,1.1232155561447144,0.000125,122.79928135871887
5625,37,81,715572,128,0.433104544878006,0.433104544878006,1.0920573472976685,0.000125,122.81655502319336
5626,37,82,715700,128,0.5021032094955444,0.5021032094955444,0.9592667818069458,0.000125,122.83377766609192
5627,37,83,715828,128,0.3555743992328644,0.3555743992328644,1.0181384086608887,0.000125,122.85131335258484
5628,37,84,715956,128,0.3838956356048584,0.3838956356048584,1.0636262893676758,0.000125,122.8686592578888
5629,37,85,716084,128,0.398505836725235,0.398505836725235,0.8793392181396484,0.000125,122.88580083847046
5630,37,86,716212,128,0.4056769907474518,0.4056769907474518,1.2720649242401123,0.000125,122.9059226512909
5631,37,87,716340,128,0.4522571563720703,0.4522571563720703,1.433951497077942,0.000125,122.92418313026428
5632,37,88,716468,128,0.418479323387146,0.418479323387146,1.286062479019165,0.000125,122.94188356399536
5633,37,89,716596,128,0.44297483563423157,0.44297483563423157,1.2309999465942383,0.000125,122.9593493938446
5634,37,90,716724,128,0.3274192214012146,0.3274192214012146,1.176411509513855,0.000125,122.97709155082703
5635,37,91,716852,128,0.339531809091568,0.339531809091568,0.7992287278175354,0.000125,122.99466395378113
5636,37,92,716980,128,0.3281053900718689,0.3281053900718689,0.7580283284187317,0.000125,123.01208710670471
5637,37,93,717108,128,0.4897720217704773,0.4897720217704773,1.7027608156204224,0.000125,123.02929592132568
5638,37,94,717236,128,0.463101327419281,0.463101327419281,1.5557023286819458,0.000125,123.04707837104797
5639,37,95,717364,128,0.39026662707328796,0.39026662707328796,1.0375280380249023,0.000125,123.06451892852783
5640,37,96,717492,128,0.45267027616500854,0.45267027616500854,1.3725277185440063,0.000125,123.08186531066895
5641,37,97,717620,128,0.39646902680397034,0.39646902680397034,0.9103993773460388,0.000125,123.0992078781128
5642,37,98,717748,128,0.38882970809936523,0.38882970809936523,1.132473349571228,0.000125,123.11684989929199
5643,37,99,717876,128,0.4726983904838562,0.4726983904838562,0.7174267768859863,0.000125,123.1343514919281
5644,37,100,718004,128,0.3741206228733063,0.3741206228733063,0.9976854920387268,0.000125,123.15182733535767
5645,37,101,718132,128,0.5183319449424744,0.5183319449424744,1.071075201034546,0.000125,123.16929054260254
5646,37,102,718260,128,0.2867873013019562,0.2867873013019562,0.8727059364318848,0.000125,123.18726563453674
5647,37,103,718388,128,0.4455980956554413,0.4455980956554413,1.1954212188720703,0.000125,123.2050096988678
5648,37,104,718516,128,0.35837438702583313,0.35837438702583313,1.0143922567367554,0.000125,123.22245287895203
5649,37,105,718644,128,0.4069068729877472,0.4069068729877472,1.032727837562561,0.000125,123.23977184295654
5650,37,106,718772,128,0.4235762357711792,0.4235762357711792,1.3900407552719116,0.000125,123.25748777389526
5651,37,107,718900,128,0.31891122460365295,0.31891122460365295,1.0501115322113037,0.000125,123.27488923072815
5652,37,108,719028,128,0.482340544462204,0.482340544462204,1.0049717426300049,0.000125,123.29240608215332
5653,37,109,719156,128,0.4712992012500763,0.4712992012500763,1.5770217180252075,0.000125,123.30988574028015
5654,37,110,719284,128,0.3764444589614868,0.3764444589614868,0.9966066479682922,0.000125,123.32726979255676
5655,37,111,719412,128,0.43323013186454773,0.43323013186454773,1.0313334465026855,0.000125,123.34452056884766
5656,37,112,719540,128,0.38477206230163574,0.38477206230163574,0.9669370651245117,0.000125,123.36185097694397
5657,37,113,719668,128,0.5745689272880554,0.5745689272880554,1.1253105401992798,0.000125,123.37929034233093
5658,37,114,719796,128,0.3683103919029236,0.3683103919029236,1.038417100906372,0.000125,123.39664578437805
5659,37,115,719924,128,0.39551740884780884,0.39551740884780884,0.8686672449111938,0.000125,123.41386604309082
5660,37,116,720052,128,0.5676676630973816,0.5676676630973816,0.9022036194801331,0.000125,123.43078112602234
5661,37,117,720180,128,0.44182708859443665,0.44182708859443665,1.0305100679397583,0.000125,123.44833087921143
5662,37,118,720308,128,0.38068199157714844,0.38068199157714844,1.0196871757507324,0.000125,123.46553659439087
5663,37,119,720436,128,0.5056811571121216,0.5056811571121216,0.7698048949241638,0.000125,123.48266410827637
5664,37,120,720564,128,0.41673851013183594,0.41673851013183594,0.9023061394691467,0.000125,123.49992442131042
5665,37,121,720692,128,0.5169109106063843,0.5169109106063843,1.2308655977249146,0.000125,123.51754379272461
5666,37,122,720820,128,0.4949246942996979,0.4949246942996979,1.034476399421692,0.000125,123.53504037857056
5667,37,123,720948,128,0.3565758466720581,0.3565758466720581,0.9518676996231079,0.000125,123.55242276191711
5668,37,124,721076,128,0.4114936590194702,0.4114936590194702,0.9384448528289795,0.000125,123.56964898109436
5669,37,125,721204,128,0.5719260573387146,0.5719260573387146,1.3997200727462769,0.000125,123.5871970653534
5670,37,126,721332,128,0.2995564639568329,0.2995564639568329,0.9222252368927002,0.000125,123.6045401096344
5671,37,127,721460,128,0.48399749398231506,0.48399749398231506,1.2519155740737915,0.000125,123.62196516990662
5672,37,128,721588,128,0.4960404932498932,0.4960404932498932,0.9881013035774231,0.000125,123.63945722579956
5673,37,129,721716,128,0.37503448128700256,0.37503448128700256,1.1012037992477417,0.000125,123.65681576728821
5674,37,130,721844,128,0.3327048122882843,0.3327048122882843,1.2628017663955688,0.000125,123.67420649528503
5675,37,131,721972,128,0.4938044250011444,0.4938044250011444,1.3969640731811523,0.000125,123.69130969047546
5676,37,132,722100,128,0.5121451616287231,0.5121451616287231,1.1105268001556396,0.000125,123.70860314369202
5677,37,133,722228,128,0.3577752709388733,0.3577752709388733,0.9739595055580139,0.000125,123.72610688209534
5678,37,134,722356,128,0.43701761960983276,0.43701761960983276,1.071521282196045,0.000125,123.7434151172638
5679,37,135,722484,128,0.3910980224609375,0.3910980224609375,1.131072998046875,0.000125,123.76093697547913
5680,37,136,722612,128,0.3506096303462982,0.3506096303462982,0.9358770847320557,0.000125,123.7785918712616
5681,37,137,722740,128,0.4083511233329773,0.4083511233329773,1.0735923051834106,0.000125,123.79620385169983
5682,37,138,722868,128,0.45329412817955017,0.45329412817955017,0.9488843083381653,0.000125,123.81373119354248
5683,37,139,722996,128,0.48690709471702576,0.48690709471702576,0.878755509853363,0.000125,123.83134317398071
5684,37,140,723124,128,0.3870016038417816,0.3870016038417816,1.1774410009384155,0.000125,123.84893226623535
5685,37,141,723252,128,0.4010354280471802,0.4010354280471802,1.0062799453735352,0.000125,123.86658549308777
5686,37,142,723380,128,0.37346675992012024,0.37346675992012024,1.0132226943969727,0.000125,123.8842523097992
5687,37,143,723508,128,0.8243935108184814,0.8243935108184814,1.4508203268051147,0.000125,123.9019067287445
5688,37,144,723636,128,0.3492109179496765,0.3492109179496765,1.352733850479126,0.000125,123.9202401638031
5689,37,145,723764,128,0.6012650728225708,0.6012650728225708,1.3130487203598022,0.000125,123.93776679039001
5690,37,146,723892,128,0.41791266202926636,0.41791266202926636,1.1112561225891113,0.000125,123.9554615020752
5691,37,147,724020,128,0.5544672608375549,0.5544672608375549,1.0089232921600342,0.000125,123.97289299964905
5692,37,148,724148,128,0.33362674713134766,0.33362674713134766,1.1650205850601196,0.000125,123.99071550369263
5693,37,149,724276,128,0.4975094795227051,0.4975094795227051,1.439703345298767,0.000125,124.00843477249146
5694,37,150,724404,128,0.4592214524745941,0.4592214524745941,0.9831656217575073,0.000125,124.02561259269714
5695,37,151,724532,128,0.35891425609588623,0.35891425609588623,0.9771645069122314,0.000125,124.04306936264038
5696,37,152,724660,128,0.4381182789802551,0.4381182789802551,0.8706821799278259,0.000125,124.06084728240967
5697,37,153,724788,128,0.4711031913757324,0.4711031913757324,1.1059027910232544,0.000125,124.07839703559875
5698,37,154,724793,5,0.7475396990776062,0.7475396990776062,0.3846569061279297,0.000125,124.08109641075134
5699,38,1,724921,128,0.4427952170372009,0.4427952170372009,1.0820480585098267,0.000125,124.77283310890198
5700,38,2,725049,128,0.31636855006217957,0.31636855006217957,0.7665104269981384,0.000125,124.79065203666687
5701,38,3,725177,128,0.34107840061187744,0.34107840061187744,1.2697280645370483,0.000125,124.80838060379028
5702,38,4,725305,128,0.3013901710510254,0.3013901710510254,1.1109381914138794,0.000125,124.82564687728882
5703,38,5,725433,128,0.3497247099876404,0.3497247099876404,1.2862173318862915,0.000125,124.8431248664856
5704,38,6,725561,128,0.4815126955509186,0.4815126955509186,0.8796085715293884,0.000125,124.86069655418396
5705,38,7,725689,128,0.2768791913986206,0.2768791913986206,0.7818505167961121,0.000125,124.87858605384827
5706,38,8,725817,128,0.4401305317878723,0.4401305317878723,1.0147984027862549,0.000125,124.89634895324707
5707,38,9,725945,128,0.36682403087615967,0.36682403087615967,1.2183719873428345,0.000125,124.91450524330139
5708,38,10,726073,128,0.30865585803985596,0.30865585803985596,1.1565707921981812,0.000125,124.93204665184021
5709,38,11,726201,128,0.3693265914916992,0.3693265914916992,0.9219942688941956,0.000125,124.94976115226746
5710,38,12,726329,128,0.48335501551628113,0.48335501551628113,1.081356167793274,0.000125,124.96770119667053
5711,38,13,726457,128,0.28592056035995483,0.28592056035995483,1.0104199647903442,0.000125,124.98616361618042
5712,38,14,726585,128,0.42285528779029846,0.42285528779029846,1.0709049701690674,0.000125,125.00403380393982
5713,38,15,726713,128,0.301876425743103,0.301876425743103,1.0137126445770264,0.000125,125.02187204360962
5714,38,16,726841,128,0.32247284054756165,0.32247284054756165,1.2434619665145874,0.000125,125.03991508483887
5715,38,17,726969,128,0.39843425154685974,0.39843425154685974,1.177289366722107,0.000125,125.05838227272034
5716,38,18,727097,128,0.49934592843055725,0.49934592843055725,1.1669642925262451,0.000125,125.07612895965576
5717,38,19,727225,128,0.46106764674186707,0.46106764674186707,0.8752828240394592,0.000125,125.09439015388489
5718,38,20,727353,128,0.35040512681007385,0.35040512681007385,1.0809088945388794,0.000125,125.1124541759491
5719,38,21,727481,128,0.46445998549461365,0.46445998549461365,1.2801047563552856,0.000125,125.13069891929626
5720,38,22,727609,128,0.3327535092830658,0.3327535092830658,0.9521761536598206,0.000125,125.14832186698914
5721,38,23,727737,128,0.4809933304786682,0.4809933304786682,1.3300994634628296,0.000125,125.16590738296509
5722,38,24,727865,128,0.4349430799484253,0.4349430799484253,0.982064425945282,0.000125,125.18373036384583
5723,38,25,727993,128,0.3126504421234131,0.3126504421234131,1.1494255065917969,0.000125,125.20173907279968
5724,38,26,728121,128,0.36403167247772217,0.36403167247772217,1.2074296474456787,0.000125,125.21960997581482
5725,38,27,728249,128,0.3264297842979431,0.3264297842979431,0.87501060962677,0.000125,125.23770427703857
5726,38,28,728377,128,0.4113180339336395,0.4113180339336395,1.384134292602539,0.000125,125.25601935386658
5727,38,29,728505,128,0.32425087690353394,0.32425087690353394,1.0053597688674927,0.000125,125.27394247055054
5728,38,30,728633,128,0.38102075457572937,0.38102075457572937,1.4617599248886108,0.000125,125.29169750213623
5729,38,31,728761,128,0.36428070068359375,0.36428070068359375,1.0782320499420166,0.000125,125.30963468551636
5730,38,32,728889,128,0.3587055206298828,0.3587055206298828,0.7964977622032166,0.000125,125.3280336856842
5731,38,33,729017,128,0.3438323140144348,0.3438323140144348,0.8215140104293823,0.000125,125.34598803520203
5732,38,34,729145,128,0.3495662212371826,0.3495662212371826,0.7173539996147156,0.000125,125.36382246017456
5733,38,35,729273,128,0.5189449787139893,0.5189449787139893,0.8986625671386719,0.000125,125.38181066513062
5734,38,36,729401,128,0.6438443064689636,0.6438443064689636,1.1570608615875244,0.000125,125.39970684051514
5735,38,37,729529,128,0.5903716683387756,0.5903716683387756,1.3089168071746826,0.000125,125.41754174232483
5736,38,38,729657,128,0.36648979783058167,0.36648979783058167,1.0356721878051758,0.000125,125.43530511856079
5737,38,39,729785,128,0.4385206401348114,0.4385206401348114,1.2866278886795044,0.000125,125.4535391330719
5738,38,40,729913,128,0.43724867701530457,0.43724867701530457,1.267752766609192,0.000125,125.47123074531555
5739,38,41,730041,128,0.42254942655563354,0.42254942655563354,1.129746675491333,0.000125,125.48879265785217
5740,38,42,730169,128,0.43796801567077637,0.43796801567077637,1.1973016262054443,0.000125,125.50652384757996
5741,38,43,730297,128,0.5937235355377197,0.5937235355377197,1.5764446258544922,0.000125,125.52464079856873
5742,38,44,730425,128,0.37994614243507385,0.37994614243507385,1.1605546474456787,0.000125,125.54255890846252
5743,38,45,730553,128,0.5422186851501465,0.5422186851501465,1.092827558517456,0.000125,125.56026077270508
5744,38,46,730681,128,0.4779660701751709,0.4779660701751709,1.0382062196731567,0.000125,125.57772135734558
5745,38,47,730809,128,0.4675343334674835,0.4675343334674835,1.6993428468704224,0.000125,125.59554028511047
5746,38,48,730937,128,0.3635003864765167,0.3635003864765167,0.9137786030769348,0.000125,125.61314606666565
5747,38,49,731065,128,0.4942914843559265,0.4942914843559265,1.2275115251541138,0.000125,125.63072299957275
5748,38,50,731193,128,0.5052687525749207,0.5052687525749207,1.2466357946395874,0.000125,125.64856767654419
5749,38,51,731321,128,0.4551263451576233,0.4551263451576233,0.8874406218528748,0.000125,125.66637325286865
5750,38,52,731449,128,0.3941579759120941,0.3941579759120941,1.1555829048156738,0.000125,125.6840467453003
5751,38,53,731577,128,0.4175592362880707,0.4175592362880707,1.3210517168045044,0.000125,125.7018678188324
5752,38,54,731705,128,0.6000264286994934,0.6000264286994934,0.9715818762779236,0.000125,125.72017168998718
5753,38,55,731833,128,0.5310118794441223,0.5310118794441223,0.8435660600662231,0.000125,125.73833227157593
5754,38,56,731961,128,0.7630913257598877,0.7630913257598877,0.9805752635002136,0.000125,125.75635647773743
5755,38,57,732089,128,0.49001577496528625,0.49001577496528625,1.484100580215454,0.000125,125.7742211818695
5756,38,58,732217,128,0.4440058767795563,0.4440058767795563,0.9948291182518005,0.000125,125.7923309803009
5757,38,59,732345,128,0.5922254920005798,0.5922254920005798,1.002837896347046,0.000125,125.80983805656433
5758,38,60,732473,128,0.4340556263923645,0.4340556263923645,1.2361677885055542,0.000125,125.82746386528015
5759,38,61,732601,128,0.4356096684932709,0.4356096684932709,1.215582013130188,0.000125,125.84519171714783
5760,38,62,732729,128,0.458977073431015,0.458977073431015,0.8905967473983765,0.000125,125.86351561546326
5761,38,63,732857,128,0.3882530629634857,0.3882530629634857,1.2138400077819824,0.000125,125.88118743896484
5762,38,64,732985,128,0.3383491337299347,0.3383491337299347,1.255821943283081,0.000125,125.8994345664978
5763,38,65,733113,128,0.43201446533203125,0.43201446533203125,1.2051931619644165,0.000125,125.91784596443176
5764,38,66,733241,128,0.42305228114128113,0.42305228114128113,1.023706316947937,0.000125,125.93597912788391
5765,38,67,733369,128,0.49054235219955444,0.49054235219955444,0.6993893384933472,0.000125,125.95407009124756
5766,38,68,733497,128,0.43408599495887756,0.43408599495887756,1.4659196138381958,0.000125,125.9720549583435
5767,38,69,733625,128,0.48390382528305054,0.48390382528305054,1.426955223083496,0.000125,125.99040651321411
5768,38,70,733753,128,0.363329142332077,0.363329142332077,0.9846771359443665,0.000125,126.00846290588379
5769,38,71,733881,128,0.32409587502479553,0.32409587502479553,0.9171291589736938,0.000125,126.02610182762146
5770,38,72,734009,128,0.49692144989967346,0.49692144989967346,1.0677086114883423,0.000125,126.0441026687622
5771,38,73,734137,128,0.39343664050102234,0.39343664050102234,1.1237194538116455,0.000125,126.06251549720764
5772,38,74,734265,128,0.4600267708301544,0.4600267708301544,0.9594816565513611,0.000125,126.08042979240417
5773,38,75,734393,128,0.25695157051086426,0.25695157051086426,1.3802287578582764,0.000125,126.09817743301392
5774,38,76,734521,128,0.3867560923099518,0.3867560923099518,1.1205707788467407,0.000125,126.11601328849792
5775,38,77,734649,128,0.4734862446784973,0.4734862446784973,1.24141263961792,0.000125,126.13446998596191
5776,38,78,734777,128,0.38691702485084534,0.38691702485084534,0.9980406165122986,0.000125,126.15248227119446
5777,38,79,734905,128,0.3475264608860016,0.3475264608860016,0.9487998485565186,0.000125,126.17030811309814
5778,38,80,735033,128,0.6798766255378723,0.6798766255378723,1.1866003274917603,0.000125,126.18837714195251
5779,38,81,735161,128,0.40196073055267334,0.40196073055267334,1.1965811252593994,0.000125,126.2062120437622
5780,38,82,735289,128,0.40783002972602844,0.40783002972602844,1.163331389427185,0.000125,126.22416806221008
5781,38,83,735417,128,0.36315032839775085,0.36315032839775085,0.7272961735725403,0.000125,126.24226641654968
5782,38,84,735545,128,0.2832450568675995,0.2832450568675995,1.0619310140609741,0.000125,126.2607204914093
5783,38,85,735673,128,0.6301174163818359,0.6301174163818359,0.9553251266479492,0.000125,126.27857375144958
5784,38,86,735801,128,0.4022665321826935,0.4022665321826935,1.0761349201202393,0.000125,126.29663681983948
5785,38,87,735929,128,0.4225325286388397,0.4225325286388397,0.9376453161239624,0.000125,126.31429243087769
5786,38,88,736057,128,0.3912874758243561,0.3912874758243561,0.8362398743629456,0.000125,126.33226108551025
5787,38,89,736185,128,0.33981695771217346,0.33981695771217346,1.0591075420379639,0.000125,126.35016441345215
5788,38,90,736313,128,0.3569739758968353,0.3569739758968353,1.3046352863311768,0.000125,126.36785411834717
5789,38,91,736441,128,0.33703795075416565,0.33703795075416565,1.7015234231948853,0.000125,126.38589692115784
5790,38,92,736569,128,0.4717043340206146,0.4717043340206146,1.1038676500320435,0.000125,126.4036386013031
5791,38,93,736697,128,0.34841305017471313,0.34841305017471313,1.1987526416778564,0.000125,126.4210216999054
5792,38,94,736825,128,0.37947067618370056,0.37947067618370056,1.040514588356018,0.000125,126.43861126899719
5793,38,95,736953,128,0.39399099349975586,0.39399099349975586,0.9842297434806824,0.000125,126.45646214485168
5794,38,96,737081,128,0.5241048336029053,0.5241048336029053,0.9645510315895081,0.000125,126.47430968284607
5795,38,97,737209,128,0.4491245150566101,0.4491245150566101,1.1484049558639526,0.000125,126.49202227592468
5796,38,98,737337,128,0.4499412178993225,0.4499412178993225,1.0726566314697266,0.000125,126.50966048240662
5797,38,99,737465,128,0.3365771472454071,0.3365771472454071,1.1735329627990723,0.000125,126.52763414382935
5798,38,100,737593,128,0.3333095610141754,0.3333095610141754,1.1369282007217407,0.000125,126.54501795768738
5799,38,101,737721,128,0.40551260113716125,0.40551260113716125,1.0995956659317017,0.000125,126.56255388259888
5800,38,102,737849,128,0.35037410259246826,0.35037410259246826,1.0383046865463257,0.000125,126.58033871650696
5801,38,103,737977,128,0.5543884038925171,0.5543884038925171,0.9277792572975159,0.000125,126.59839701652527
5802,38,104,738105,128,0.4339235723018646,0.4339235723018646,1.4786934852600098,0.000125,126.61580276489258
5803,38,105,738233,128,0.41898638010025024,0.41898638010025024,1.3308652639389038,0.000125,126.63359212875366
5804,38,106,738361,128,0.3772306740283966,0.3772306740283966,1.2412406206130981,0.000125,126.65142488479614
5805,38,107,738489,128,0.3829461336135864,0.3829461336135864,1.034631609916687,0.000125,126.6692750453949
5806,38,108,738617,128,0.3656140863895416,0.3656140863895416,1.032453179359436,0.000125,126.68693685531616
5807,38,109,738745,128,0.4975717067718506,0.4975717067718506,1.1365355253219604,0.000125,126.70464253425598
5808,38,110,738873,128,0.47580909729003906,0.47580909729003906,1.0972422361373901,0.000125,126.72236371040344
5809,38,111,739001,128,0.3538685441017151,0.3538685441017151,0.9218565225601196,0.000125,126.73986792564392
5810,38,112,739129,128,0.46502721309661865,0.46502721309661865,1.1467145681381226,0.000125,126.75722408294678
5811,38,113,739257,128,0.34121307730674744,0.34121307730674744,1.026559829711914,0.000125,126.77482104301453
5812,38,114,739385,128,0.39596956968307495,0.39596956968307495,1.1617506742477417,0.000125,126.79257798194885
5813,38,115,739513,128,0.454181432723999,0.454181432723999,1.0592372417449951,0.000125,126.81000351905823
5814,38,116,739641,128,0.3876112997531891,0.3876112997531891,1.5696295499801636,0.000125,126.82761693000793
5815,38,117,739769,128,0.314697265625,0.314697265625,1.3013582229614258,0.000125,126.84537410736084
5816,38,118,739897,128,0.40211302042007446,0.40211302042007446,1.4709607362747192,0.000125,126.863534450531
5817,38,119,740025,128,0.33946698904037476,0.33946698904037476,0.9432187080383301,0.000125,126.88116550445557
5818,38,120,740153,128,0.26000499725341797,0.26000499725341797,0.7315725088119507,0.000125,126.89898347854614
5819,38,121,740281,128,0.28250882029533386,0.28250882029533386,1.0053951740264893,0.000125,126.91676092147827
5820,38,122,740409,128,0.4439752399921417,0.4439752399921417,0.8024682998657227,0.000125,126.934725522995
5821,38,123,740537,128,0.43175575137138367,0.43175575137138367,1.0626280307769775,0.000125,126.95224237442017
5822,38,124,740665,128,0.4214111268520355,0.4214111268520355,1.3511947393417358,0.000125,126.97010397911072
5823,38,125,740793,128,0.44882065057754517,0.44882065057754517,1.100996494293213,0.000125,126.98829460144043
5824,38,126,740921,128,0.33460113406181335,0.33460113406181335,1.1264270544052124,0.000125,127.00587558746338
5825,38,127,741049,128,0.4980112314224243,0.4980112314224243,1.030826449394226,0.000125,127.02361178398132
5826,38,128,741177,128,0.6886889338493347,0.6886889338493347,0.9854410886764526,0.000125,127.04093074798584
5827,38,129,741305,128,0.3213174045085907,0.3213174045085907,1.0282909870147705,0.000125,127.05910897254944
5828,38,130,741433,128,0.35248351097106934,0.35248351097106934,0.8770131468772888,0.000125,127.07669568061829
5829,38,131,741561,128,0.3343430757522583,0.3343430757522583,1.4250553846359253,0.000125,127.09404039382935
5830,38,132,741689,128,0.4191854000091553,0.4191854000091553,0.9132019281387329,0.000125,127.11121129989624
5831,38,133,741817,128,0.39794009923934937,0.39794009923934937,1.124729871749878,0.000125,127.12961173057556
5832,38,134,741945,128,0.47419223189353943,0.47419223189353943,1.2114347219467163,0.000125,127.1475887298584
5833,38,135,742073,128,0.32696622610092163,0.32696622610092163,0.8760663270950317,0.000125,127.16630840301514
5834,38,136,742201,128,0.43686622381210327,0.43686622381210327,0.8419289588928223,0.000125,127.18405485153198
5835,38,137,742329,128,0.35107406973838806,0.35107406973838806,1.1228402853012085,0.000125,127.20194268226624
5836,38,138,742457,128,0.34119197726249695,0.34119197726249695,1.1183162927627563,0.000125,127.21931409835815
5837,38,139,742585,128,0.44408878684043884,0.44408878684043884,0.8992806077003479,0.000125,127.23697972297668
5838,38,140,742713,128,0.4736662805080414,0.4736662805080414,1.0240319967269897,0.000125,127.25479626655579
5839,38,141,742841,128,0.32218408584594727,0.32218408584594727,1.1176841259002686,0.000125,127.2721905708313
5840,38,142,742969,128,0.4591869115829468,0.4591869115829468,0.7416031360626221,0.000125,127.289870262146
5841,38,143,743097,128,0.49708041548728943,0.49708041548728943,0.8478005528450012,0.000125,127.30746459960938
5842,38,144,743225,128,0.577892541885376,0.577892541885376,1.0009005069732666,0.000125,127.32536005973816
5843,38,145,743353,128,0.2933046519756317,0.2933046519756317,0.7256582975387573,0.000125,127.34333443641663
5844,38,146,743481,128,0.46608054637908936,0.46608054637908936,0.9937685132026672,0.000125,127.36081838607788
5845,38,147,743609,128,0.29261744022369385,0.29261744022369385,0.7326532006263733,0.000125,127.37845778465271
5846,38,148,743737,128,0.44759154319763184,0.44759154319763184,1.2101857662200928,0.000125,127.39651846885681
5847,38,149,743865,128,0.4099513292312622,0.4099513292312622,1.018784761428833,0.000125,127.41416645050049
5848,38,150,743993,128,0.49126943945884705,0.49126943945884705,1.0186688899993896,0.000125,127.43207716941833
5849,38,151,744121,128,0.5371518135070801,0.5371518135070801,1.0011647939682007,0.000125,127.44974398612976
5850,38,152,744249,128,0.3469409942626953,0.3469409942626953,1.0675803422927856,0.000125,127.46802568435669
5851,38,153,744377,128,0.4791632294654846,0.4791632294654846,0.6997029781341553,0.000125,127.4872612953186
5852,38,154,744382,5,0.26403290033340454,0.26403290033340454,1.0332555770874023,0.000125,127.48991203308105
5853,39,1,744510,128,0.4202837347984314,0.4202837347984314,1.2244561910629272,0.000125,128.18882703781128
5854,39,2,744638,128,0.30956533551216125,0.30956533551216125,0.9774243235588074,0.000125,128.2065188884735
5855,39,3,744766,128,0.3786630928516388,0.3786630928516388,1.2058777809143066,0.000125,128.22419786453247
5856,39,4,744894,128,0.4353823661804199,0.4353823661804199,0.9655561447143555,0.000125,128.24151825904846
5857,39,5,745022,128,0.5373690724372864,0.5373690724372864,0.7658467292785645,0.000125,128.25915837287903
5858,39,6,745150,128,0.5078238844871521,0.5078238844871521,1.2221146821975708,0.000125,128.27661418914795
5859,39,7,745278,128,0.3489912450313568,0.3489912450313568,1.1394206285476685,0.000125,128.29407215118408
5860,39,8,745406,128,0.3906365931034088,0.3906365931034088,0.9212109446525574,0.000125,128.31133580207825
5861,39,9,745534,128,0.47438856959342957,0.47438856959342957,0.9832533001899719,0.000125,128.3296160697937
5862,39,10,745662,128,0.4384157061576843,0.4384157061576843,0.9398148059844971,0.000125,128.3476231098175
5863,39,11,745790,128,0.433062881231308,0.433062881231308,0.9738114476203918,0.000125,128.36551427841187
5864,39,12,745918,128,0.36638981103897095,0.36638981103897095,0.8671704530715942,0.000125,128.3829789161682
5865,39,13,746046,128,0.36730894446372986,0.36730894446372986,0.9504362344741821,0.000125,128.40138339996338
5866,39,14,746174,128,0.5314303636550903,0.5314303636550903,1.3259456157684326,0.000125,128.4193513393402
5867,39,15,746302,128,0.39325422048568726,0.39325422048568726,1.0335944890975952,0.000125,128.43761730194092
5868,39,16,746430,128,0.37142065167427063,0.37142065167427063,1.7774908542633057,0.000125,128.4557282924652
5869,39,17,746558,128,0.3888825476169586,0.3888825476169586,1.4597440958023071,0.000125,128.47337293624878
5870,39,18,746686,128,0.6292042136192322,0.6292042136192322,0.9203863739967346,0.000125,128.49109959602356
5871,39,19,746814,128,0.394229918718338,0.394229918718338,1.0925620794296265,0.000125,128.5086808204651
5872,39,20,746942,128,0.4758516848087311,0.4758516848087311,1.2765647172927856,0.000125,128.52701258659363
5873,39,21,747070,128,0.312421590089798,0.312421590089798,1.0436409711837769,0.000125,128.5446810722351
5874,39,22,747198,128,0.3934422731399536,0.3934422731399536,1.248274803161621,0.000125,128.5623664855957
5875,39,23,747326,128,0.5598049163818359,0.5598049163818359,0.9319971203804016,0.000125,128.58008003234863
5876,39,24,747454,128,0.33339545130729675,0.33339545130729675,0.8806142210960388,0.000125,128.59822511672974
5877,39,25,747582,128,0.3927471339702606,0.3927471339702606,1.381006121635437,0.000125,128.6158528327942
5878,39,26,747710,128,0.475964218378067,0.475964218378067,0.7834497690200806,0.000125,128.6334934234619
5879,39,27,747838,128,0.29995623230934143,0.29995623230934143,1.0547099113464355,0.000125,128.65116810798645
5880,39,28,747966,128,0.4947252571582794,0.4947252571582794,0.8982402682304382,0.000125,128.66898727416992
5881,39,29,748094,128,0.37228691577911377,0.37228691577911377,1.185605525970459,0.000125,128.68634581565857
5882,39,30,748222,128,0.330107718706131,0.330107718706131,1.0348025560379028,0.000125,128.7036898136139
5883,39,31,748350,128,0.40183618664741516,0.40183618664741516,0.7864300608634949,0.000125,128.72119998931885
5884,39,32,748478,128,0.35941821336746216,0.35941821336746216,0.9127873182296753,0.000125,128.73887848854065
5885,39,33,748606,128,0.4297015964984894,0.4297015964984894,0.9542872309684753,0.000125,128.75652718544006
5886,39,34,748734,128,0.37001731991767883,0.37001731991767883,1.0498411655426025,0.000125,128.77399110794067
5887,39,35,748862,128,0.3332661986351013,0.3332661986351013,0.9486894011497498,0.000125,128.79184913635254
5888,39,36,748990,128,0.32574501633644104,0.32574501633644104,1.029343843460083,0.000125,128.80900263786316
5889,39,37,749118,128,0.3916846513748169,0.3916846513748169,1.3780416250228882,0.000125,128.82672095298767
5890,39,38,749246,128,0.4552399218082428,0.4552399218082428,1.2822295427322388,0.000125,128.84427857398987
5891,39,39,749374,128,0.4182322323322296,0.4182322323322296,1.2709505558013916,0.000125,128.8620617389679
5892,39,40,749502,128,0.5837233662605286,0.5837233662605286,1.2611851692199707,0.000125,128.8793821334839
5893,39,41,749630,128,0.3931562602519989,0.3931562602519989,1.5260424613952637,0.000125,128.8970217704773
5894,39,42,749758,128,0.4121660888195038,0.4121660888195038,1.8904834985733032,0.000125,128.9145383834839
5895,39,43,749886,128,0.2883131206035614,0.2883131206035614,1.4742871522903442,0.000125,128.93302702903748
5896,39,44,750014,128,0.48474109172821045,0.48474109172821045,1.2281423807144165,0.000125,128.9505488872528
5897,39,45,750142,128,0.33468368649482727,0.33468368649482727,0.7610641717910767,0.000125,128.9678909778595
5898,39,46,750270,128,0.3601318895816803,0.3601318895816803,1.0341663360595703,0.000125,128.98558521270752
5899,39,47,750398,128,0.33429840207099915,0.33429840207099915,0.9715791344642639,0.000125,129.0036735534668
5900,39,48,750526,128,0.32901647686958313,0.32901647686958313,1.2754732370376587,0.000125,129.02337002754211
5901,39,49,750654,128,0.356463223695755,0.356463223695755,1.087388277053833,0.000125,129.0407531261444
5902,39,50,750782,128,0.3305874466896057,0.3305874466896057,0.9819023013114929,0.000125,129.05862379074097
5903,39,51,750910,128,0.4034307897090912,0.4034307897090912,0.7865940928459167,0.000125,129.07636761665344
5904,39,52,751038,128,0.4182836711406708,0.4182836711406708,1.6879117488861084,0.000125,129.09390783309937
5905,39,53,751166,128,0.30580613017082214,0.30580613017082214,1.0242327451705933,0.000125,129.111181974411
5906,39,54,751294,128,0.39051973819732666,0.39051973819732666,0.7919903993606567,0.000125,129.1288914680481
5907,39,55,751422,128,0.3326077163219452,0.3326077163219452,0.8849485516548157,0.000125,129.14628410339355
5908,39,56,751550,128,0.3492262065410614,0.3492262065410614,0.8913717865943909,0.000125,129.16361665725708
5909,39,57,751678,128,0.5470104217529297,0.5470104217529297,1.211323857307434,0.000125,129.18088221549988
5910,39,58,751806,128,0.45626941323280334,0.45626941323280334,1.313430905342102,0.000125,129.198495388031
5911,39,59,751934,128,0.5590561032295227,0.5590561032295227,0.7983601093292236,0.000125,129.21585607528687
5912,39,60,752062,128,0.4585301876068115,0.4585301876068115,0.9944450259208679,0.000125,129.23307132720947
5913,39,61,752190,128,0.40113556385040283,0.40113556385040283,1.1619025468826294,0.000125,129.2504529953003
5914,39,62,752318,128,0.3923327922821045,0.3923327922821045,1.0329493284225464,0.000125,129.26834654808044
5915,39,63,752446,128,0.43987810611724854,0.43987810611724854,0.9050629138946533,0.000125,129.28572392463684
5916,39,64,752574,128,0.40548697113990784,0.40548697113990784,1.3824483156204224,0.000125,129.30304861068726
5917,39,65,752702,128,0.37795424461364746,0.37795424461364746,1.129514455795288,0.000125,129.32055735588074
5918,39,66,752830,128,0.49877920746803284,0.49877920746803284,1.1089943647384644,0.000125,129.3382043838501
5919,39,67,752958,128,0.41345930099487305,0.41345930099487305,1.378361701965332,0.000125,129.3558759689331
5920,39,68,753086,128,0.38200652599334717,0.38200652599334717,1.1898119449615479,0.000125,129.37362360954285
5921,39,69,753214,128,0.350247323513031,0.350247323513031,1.2592517137527466,0.000125,129.39133882522583
5922,39,70,753342,128,0.40759047865867615,0.40759047865867615,1.1456942558288574,0.000125,129.40905213356018
5923,39,71,753470,128,0.3202795684337616,0.3202795684337616,0.9913453459739685,0.000125,129.4267885684967
5924,39,72,753598,128,0.3425571620464325,0.3425571620464325,0.9347946643829346,0.000125,129.44448709487915
5925,39,73,753726,128,0.43542301654815674,0.43542301654815674,1.1178898811340332,0.000125,129.4625985622406
5926,39,74,753854,128,0.5194606184959412,0.5194606184959412,1.1172387599945068,0.000125,129.48037457466125
5927,39,75,753982,128,0.45489180088043213,0.45489180088043213,1.009921908378601,0.000125,129.4979269504547
5928,39,76,754110,128,0.4083700180053711,0.4083700180053711,1.0392487049102783,0.000125,129.51539731025696
5929,39,77,754238,128,0.47822633385658264,0.47822633385658264,1.1310275793075562,0.000125,129.53321194648743
5930,39,78,754366,128,0.48142868280410767,0.48142868280410767,1.1831005811691284,0.000125,129.5508828163147
5931,39,79,754494,128,0.46172255277633667,0.46172255277633667,1.305216670036316,0.000125,129.56852340698242
5932,39,80,754622,128,0.3261231780052185,0.3261231780052185,0.7813612818717957,0.000125,129.58592772483826
5933,39,81,754750,128,0.47553470730781555,0.47553470730781555,1.3214014768600464,0.000125,129.60363841056824
5934,39,82,754878,128,0.3990360200405121,0.3990360200405121,0.799738883972168,0.000125,129.62107634544373
5935,39,83,755006,128,0.34315383434295654,0.34315383434295654,0.6540883183479309,0.000125,129.6387369632721
5936,39,84,755134,128,0.5491065979003906,0.5491065979003906,1.2612814903259277,0.000125,129.65648913383484
5937,39,85,755262,128,0.3850001096725464,0.3850001096725464,0.77994304895401,0.000125,129.67393708229065
5938,39,86,755390,128,0.6879510879516602,0.6879510879516602,1.0709187984466553,0.000125,129.6915466785431
5939,39,87,755518,128,0.4302400052547455,0.4302400052547455,1.692299246788025,0.000125,129.709130525589
5940,39,88,755646,128,0.43393558263778687,0.43393558263778687,1.071343183517456,0.000125,129.72710132598877
5941,39,89,755774,128,0.3909677565097809,0.3909677565097809,1.2220079898834229,0.000125,129.7446367740631
5942,39,90,755902,128,0.3956983983516693,0.3956983983516693,0.7631880640983582,0.000125,129.76190328598022
5943,39,91,756030,128,0.38988611102104187,0.38988611102104187,1.1554533243179321,0.000125,129.77948641777039
5944,39,92,756158,128,0.46079662442207336,0.46079662442207336,1.2509360313415527,0.000125,129.79732728004456
5945,39,93,756286,128,0.34506362676620483,0.34506362676620483,0.8362823128700256,0.000125,129.8149552345276
5946,39,94,756414,128,0.353726863861084,0.353726863861084,0.7722304463386536,0.000125,129.83250904083252
5947,39,95,756542,128,0.5095866322517395,0.5095866322517395,0.9575408101081848,0.000125,129.85026860237122
5948,39,96,756670,128,0.46260905265808105,0.46260905265808105,1.2882922887802124,0.000125,129.86792874336243
5949,39,97,756798,128,0.34298521280288696,0.34298521280288696,0.9060593843460083,0.000125,129.8858518600464
5950,39,98,756926,128,0.36906781792640686,0.36906781792640686,0.7111638188362122,0.000125,129.90340042114258
5951,39,99,757054,128,0.49213820695877075,0.49213820695877075,0.9260553121566772,0.000125,129.92091369628906
5952,39,100,757182,128,0.4456891417503357,0.4456891417503357,0.8501070737838745,0.000125,129.9384651184082
5953,39,101,757310,128,0.4088450074195862,0.4088450074195862,1.0748302936553955,0.000125,129.95614099502563
5954,39,102,757438,128,0.4191611409187317,0.4191611409187317,0.763112485408783,0.000125,129.973778963089
5955,39,103,757566,128,0.3489963710308075,0.3489963710308075,1.4995018243789673,0.000125,129.99176669120789
5956,39,104,757694,128,0.5141911506652832,0.5141911506652832,1.3095632791519165,0.000125,130.00927925109863
5957,39,105,757822,128,0.49019697308540344,0.49019697308540344,1.1600416898727417,0.000125,130.02673888206482
5958,39,106,757950,128,0.33726921677589417,0.33726921677589417,1.0123531818389893,0.000125,130.0441825389862
5959,39,107,758078,128,0.3488910496234894,0.3488910496234894,0.7230377197265625,0.000125,130.0622057914734
5960,39,108,758206,128,0.4552852511405945,0.4552852511405945,1.0943541526794434,0.000125,130.08001041412354
5961,39,109,758334,128,0.38706687092781067,0.38706687092781067,1.2047193050384521,0.000125,130.09769463539124
5962,39,110,758462,128,0.449264794588089,0.449264794588089,0.9130648970603943,0.000125,130.1152787208557
5963,39,111,758590,128,0.32302236557006836,0.32302236557006836,1.0588631629943848,0.000125,130.1333773136139
5964,39,112,758718,128,0.3973899781703949,0.3973899781703949,1.3455007076263428,0.000125,130.15150713920593
5965,39,113,758846,128,0.40698978304862976,0.40698978304862976,0.9152093529701233,0.000125,130.16887712478638
5966,39,114,758974,128,0.3653913736343384,0.3653913736343384,1.0059128999710083,0.000125,130.18628787994385
5967,39,115,759102,128,0.45657530426979065,0.45657530426979065,1.046491265296936,0.000125,130.2044324874878
5968,39,116,759230,128,0.5743165612220764,0.5743165612220764,0.9259101748466492,0.000125,130.22221517562866
5969,39,117,759358,128,0.449075311422348,0.449075311422348,1.2177455425262451,0.000125,130.23952746391296
5970,39,118,759486,128,0.40057146549224854,0.40057146549224854,1.1290233135223389,0.000125,130.25728249549866
5971,39,119,759614,128,0.43114545941352844,0.43114545941352844,1.0115352869033813,0.000125,130.27483558654785
5972,39,120,759742,128,0.2964755892753601,0.2964755892753601,0.963850736618042,0.000125,130.292151927948
5973,39,121,759870,128,0.4666634202003479,0.4666634202003479,0.9766297936439514,0.000125,130.30947828292847
5974,39,122,759998,128,0.5035367608070374,0.5035367608070374,1.0427230596542358,0.000125,130.3270103931427
5975,39,123,760126,128,0.5493406653404236,0.5493406653404236,1.2202739715576172,0.000125,130.3444972038269
5976,39,124,760254,128,0.2924612760543823,0.2924612760543823,1.4200129508972168,0.000125,130.36197638511658
5977,39,125,760382,128,0.5028449296951294,0.5028449296951294,1.1868853569030762,0.000125,130.37924671173096
5978,39,126,760510,128,0.32701414823532104,0.32701414823532104,1.026092529296875,0.000125,130.39676785469055
5979,39,127,760638,128,0.5699530839920044,0.5699530839920044,1.1385518312454224,0.000125,130.41448521614075
5980,39,128,760766,128,0.3447834253311157,0.3447834253311157,1.1562103033065796,0.000125,130.43195819854736
5981,39,129,760894,128,0.3983291685581207,0.3983291685581207,1.0279675722122192,0.000125,130.4493818283081
5982,39,130,761022,128,0.5550257563591003,0.5550257563591003,1.5338531732559204,0.000125,130.46751141548157
5983,39,131,761150,128,0.5361353754997253,0.5361353754997253,0.8725159168243408,0.000125,130.484849691391
5984,39,132,761278,128,0.3368721604347229,0.3368721604347229,0.9151530265808105,0.000125,130.50229120254517
5985,39,133,761406,128,0.4383614957332611,0.4383614957332611,0.91788250207901,0.000125,130.51969194412231
5986,39,134,761534,128,0.3056604266166687,0.3056604266166687,1.2892546653747559,0.000125,130.53712630271912
5987,39,135,761662,128,0.47649291157722473,0.47649291157722473,0.9420754313468933,0.000125,130.55453610420227
5988,39,136,761790,128,0.46225425601005554,0.46225425601005554,1.1745028495788574,0.000125,130.57190108299255
5989,39,137,761918,128,0.41080763936042786,0.41080763936042786,1.3761515617370605,0.000125,130.5896713733673
5990,39,138,762046,128,0.35033777356147766,0.35033777356147766,0.9489954113960266,0.000125,130.60768365859985
5991,39,139,762174,128,0.4188880920410156,0.4188880920410156,0.9673786759376526,0.000125,130.62570095062256
5992,39,140,762302,128,0.2602817118167877,0.2602817118167877,0.7511141300201416,0.000125,130.6436095237732
5993,39,141,762430,128,0.4460507929325104,0.4460507929325104,1.4397850036621094,0.000125,130.66156649589539
5994,39,142,762558,128,0.3432721495628357,0.3432721495628357,1.1604821681976318,0.000125,130.67971920967102
5995,39,143,762686,128,0.5476352572441101,0.5476352572441101,1.1297158002853394,0.000125,130.69739842414856
5996,39,144,762814,128,0.42737823724746704,0.42737823724746704,0.79645836353302,0.000125,130.71523642539978
5997,39,145,762942,128,0.3984910249710083,0.3984910249710083,1.097733497619629,0.000125,130.73351168632507
5998,39,146,763070,128,0.5094806551933289,0.5094806551933289,1.2547506093978882,0.000125,130.7512686252594
5999,39,147,763198,128,0.47790682315826416,0.47790682315826416,1.044925332069397,0.000125,130.76893138885498
6000,39,148,763326,128,0.35816511511802673,0.35816511511802673,0.9547469019889832,0.000125,130.786869764328
6001,39,149,763454,128,0.32630693912506104,0.32630693912506104,1.3449970483779907,0.000125,130.8048918247223
6002,39,150,763582,128,0.4172511696815491,0.4172511696815491,1.1505109071731567,0.000125,130.82246947288513
6003,39,151,763710,128,0.3707655370235443,0.3707655370235443,1.1271623373031616,0.000125,130.84005331993103
6004,39,152,763838,128,0.5063869953155518,0.5063869953155518,0.708739161491394,0.000125,130.8580596446991
6005,39,153,763966,128,0.3174140155315399,0.3174140155315399,1.3402785062789917,0.000125,130.87580490112305
6006,39,154,763971,5,0.12810884416103363,0.12810884416103363,1.7709882259368896,0.000125,130.8783984184265
